id;ano;feriado;mes;data_inversa;uf;br;km;municipio;causa_acidente;classificacao_acidente;veiculos;condicao_metereologica;fase_dia;dia_semana;tipo_acidente;tipo_pista;mortos;feridos_graves;latitude;longitude;status;regiao;periodo
586795;2024.0;n;3.0;2024-03-12;MG;116;413;GOVERNADOR VALADARES;Acessar a via sem observar a presença dos outros veículos;Com Vítimas Feridas;3;Céu Claro;Pleno dia;terça-feira;Engavetamento;Simples;0;0;-18.873907;-41.966366;Segura;Sudeste;1 Trimestre
607247;2024.0;n;4.0;2024-04-06;SC;470;127,7;LONTRAS;Transitar na contramão;Com Vítimas Fatais;3;Céu Claro;Pleno dia;sábado;Colisão frontal;Simples;1;0;-27.14250001;-49.54870489;Perigosa;Sul;2 Trimestre
572544;2024.0;n;1.0;2024-01-04;SP;116;559;BARRA DO TURVO;Demais falhas mecânicas ou elétricas;Sem Vítimas;1;Chuva;Pleno dia;quinta-feira;Incêndio;Dupla;0;0;-25.00749102;-48.5074244;Segura;Sudeste;1 Trimestre
658320;2025.0;n;1.0;2025-01-31;MG;40;440,7;PARAOPEBA;Ausência de reação do condutor;Com Vítimas Feridas;6;Nublado;Plena Noite;sexta-feira;Colisão traseira;Dupla;0;0;-19,23100428;-44,43562244;Segura;Sudeste;1 Trimestre
579830;2024.0;n;2.0;2024-02-08;SC;101;194,7;BIGUACU;Ausência de reação do condutor;Sem Vítimas;2;Céu Claro;Pleno dia;quinta-feira;Colisão traseira;Dupla;0;0;-27.49815117;-48.65661236;Segura;Sul;1 Trimestre
630309;2024.0;n;9.0;2024-09-24;BA;116;224;EUCLIDES DA CUNHA;Reação tardia ou ineficiente do condutor;Com Vítimas Feridas;1;Céu Claro;Pleno dia;terça-feira;Capotamento;Simples;0;2;-10.59666451;-38.9758873;Perigosa;Nordeste;3 Trimestre
599959;2024.0;n;5.0;2024-05-12;PR;153;486,7;GENERAL CARNEIRO;Objeto estático sobre o leito carroçável;Sem Vítimas;2;Céu Claro;Amanhecer;domingo;Saída de leito carroçável;Simples;0;0;-26.40063423;-51.2858963;Segura;Sul;2 Trimestre
585723;2024.0;n;3.0;2024-03-07;PR;369;473,7;CORBELIA;Reação tardia ou ineficiente do condutor;Com Vítimas Feridas;2;Chuva;Plena Noite;quinta-feira;Colisão traseira;Simples;0;1;-24.72118;-53.24652;Perigosa;Sul;1 Trimestre
583886;2024.0;n;2.0;2024-02-28;SC;101;214,2;PALHOCA;Velocidade Incompatível;Com Vítimas Feridas;4;Nublado;Pleno dia;quarta-feira;Colisão transversal;Múltipla;0;0;-27.64443;-48.67057;Segura;Sul;1 Trimestre
652526;2025.0;y;1.0;2025-01-01;MA;226;297,4;BARRA DO CORDA;Ingestão de álcool pelo condutor;Sem Vítimas;2;Céu Claro;Pleno dia;quarta-feira;Colisão traseira;Simples;0;0;-5,50151358;-45,24431705;Segura;Nordeste;1 Trimestre
623283;2024.0;n;8.0;2024-08-24;BA;116;111;MACURURE;Reação tardia ou ineficiente do condutor;Com Vítimas Feridas;2;Nevoeiro/Neblina;Amanhecer;sábado;Tombamento;Simples;0;1;-9.58551702;-39.10171522;Perigosa;Nordeste;3 Trimestre
589669;2024.0;n;3.0;2024-03-25;MG;40;506,6;RIBEIRAO DAS NEVES;Velocidade Incompatível;Com Vítimas Fatais;3;Céu Claro;Pleno dia;segunda-feira;Colisão traseira;Dupla;1;1;-19.751244;-44.144416;Perigosa;Sudeste;1 Trimestre
669914;2025.0;n;3.0;2025-03-27;MT;174;258;PONTES E LACERDA;Ultrapassagem Indevida;Com Vítimas Feridas;6;Céu Claro;Pleno dia;quinta-feira;Colisão lateral mesmo sentido;Simples;0;1;-15,422719;-59,126571;Perigosa;Centro-Oeste;1 Trimestre
598385;2024.0;n;5.0;2024-05-04;MA;222;448,9;SANTA LUZIA;Carga excessiva e/ou mal acondicionada;Com Vítimas Feridas;2;Céu Claro;Plena Noite;sábado;Tombamento;Simples;0;0;-4.110739;-45.969214;Segura;Nordeste;2 Trimestre
615218;2024.0;n;7.0;2024-07-18;SP;116;63,7;GUARATINGUETA;Reação tardia ou ineficiente do condutor;Com Vítimas Feridas;2;Céu Claro;Pleno dia;quinta-feira;Colisão traseira;Dupla;0;0;-22.81269631;-45.1780086;Segura;Sudeste;3 Trimestre
653169;2025.0;n;1.0;2025-01-04;MG;116;310;ITAMBACURI;Transitar no Acostamento;Sem Vítimas;3;Céu Claro;Pleno dia;sábado;Colisão lateral mesmo sentido;Simples;0;0;-18,071493;-41,67787;Segura;Sudeste;1 Trimestre
578459;2024.0;n;2.0;2024-02-01;GO;153;513;APARECIDA DE GOIANIA;Ingestão de álcool pelo condutor;Sem Vítimas;2;Céu Claro;Plena Noite;quinta-feira;Colisão transversal;Dupla;0;0;-16.8244;-49.2421;Segura;Centro-Oeste;1 Trimestre
581437;2024.0;n;2.0;2024-02-16;RS;470;166,8;VILA FLORES;Reação tardia ou ineficiente do condutor;Com Vítimas Feridas;3;Chuva;Pleno dia;sexta-feira;Colisão traseira;Simples;0;0;-28.8560509;-51.55771673;Segura;Sul;1 Trimestre
616305;2024.0;n;7.0;2024-07-23;SP;116;514;CAJATI;Reação tardia ou ineficiente do condutor;Com Vítimas Fatais;3;Céu Claro;Plena Noite;terça-feira;Colisão lateral mesmo sentido;Simples;2;0;-24.85874304;-48.21731282;Perigosa;Sudeste;3 Trimestre
664258;2025.0;n;2.0;2025-02-28;SC;101;121;ITAJAI;Reação tardia ou ineficiente do condutor;Com Vítimas Feridas;3;Céu Claro;Pleno dia;sexta-feira;Engavetamento;Dupla;0;0;-26,92105;-48,70838;Segura;Sul;1 Trimestre
619900;2024.0;n;8.0;2024-08-08;MS;163;400,6;NOVA ALVORADA DO SUL;Ultrapassagem Indevida;Com Vítimas Feridas;7;Chuva;Anoitecer;quinta-feira;Colisão frontal;Simples;0;1;-21.16832399;-54.47599465;Perigosa;Centro-Oeste;3 Trimestre
620421;2024.0;n;8.0;2024-08-10;AL;316;158;PALMEIRA DOS INDIOS;Ingestão de álcool pelo condutor;Com Vítimas Feridas;2;Céu Claro;Plena Noite;sábado;Colisão transversal;Simples;0;0;-9.43334352;-36.61323443;Segura;Nordeste;3 Trimestre
595807;2024.0;n;4.0;2024-04-20;BA;116;569;NOVA ITARANA;Ausência de reação do condutor;Com Vítimas Feridas;4;Céu Claro;Pleno dia;sábado;Colisão traseira;Múltipla;0;0;-13.00012602;-39.95465592;Segura;Nordeste;2 Trimestre
589976;2024.0;n;3.0;2024-03-27;SC;101;44;JOINVILLE;Velocidade Incompatível;Com Vítimas Feridas;2;Céu Claro;Pleno dia;quarta-feira;Colisão traseira;Múltipla;0;0;-26.31238996;-48.87458997;Segura;Sul;1 Trimestre
600460;2024.0;n;5.0;2024-05-14;ES;101;417,1;ITAPEMIRIM;Condutor deixou de manter distância do veículo da frente;Com Vítimas Feridas;3;Céu Claro;Pleno dia;terça-feira;Colisão traseira;Simples;0;0;-20.94689796;-41.08919209;Segura;Sudeste;2 Trimestre
663559;2025.0;n;2.0;2025-02-24;MA;316;425,5;PERITORO;Acessar a via sem observar a presença dos outros veículos;Com Vítimas Feridas;3;Céu Claro;Plena Noite;segunda-feira;Colisão frontal;Simples;0;0;-4,37627944;-44,3270874;Segura;Nordeste;1 Trimestre
662790;2025.0;n;2.0;2025-02-21;MG;153;36;CANAPOLIS;Ingestão de álcool pelo condutor;Sem Vítimas;2;Nublado;Anoitecer;sexta-feira;Colisão lateral mesmo sentido;Dupla;0;0;-18,71941;-49,125283;Segura;Sudeste;1 Trimestre
583364;2024.0;n;2.0;2024-02-26;GO;50;173;CAMPO ALEGRE DE GOIAS;Ausência de reação do condutor;Com Vítimas Feridas;2;Céu Claro;Plena Noite;segunda-feira;Saída de leito carroçável;Dupla;0;1;-17.3542;-47.7899;Perigosa;Centro-Oeste;1 Trimestre
589890;2024.0;n;3.0;2024-03-26;MG;116;692,3;MURIAE;Ausência de reação do condutor;Com Vítimas Feridas;1;Chuva;Pleno dia;terça-feira;Tombamento;Simples;0;0;-21.03708256;-42.36774445;Segura;Sudeste;1 Trimestre
580658;2024.0;n;2.0;2024-02-12;PR;376;202,6;MANDAGUARI;Reação tardia ou ineficiente do condutor;Com Vítimas Feridas;2;Céu Claro;Plena Noite;segunda-feira;Colisão traseira;Dupla;0;0;-23.50970969;-51.72123384;Segura;Sul;1 Trimestre
605021;2024.0;n;6.0;2024-06-03;SP;116;168;JACAREI;Pedestre andava na pista;Com Vítimas Fatais;3;Nublado;Plena Noite;segunda-feira;Atropelamento de Pedestre;Dupla;1;0;-23.30545902;-46.03567599;Perigosa;Sudeste;2 Trimestre
687509;2025.0;n;4.0;2025-04-26;MG;153;41;CANAPOLIS;Ausência de reação do condutor;Com Vítimas Feridas;4;Nublado;Pleno dia;sábado;Colisão traseira;Dupla;0;0;-18,749364;-49,08565;Segura;Sudeste;2 Trimestre
576745;2024.0;n;1.0;2024-01-24;SC;101;121,7;ITAJAI;Demais falhas mecânicas ou elétricas;Com Vítimas Feridas;4;Garoa/Chuvisco;Plena Noite;quarta-feira;Colisão traseira;Múltipla;0;0;-26.92103178;-48.70856446;Segura;Sul;1 Trimestre
604130;2024.0;n;5.0;2024-05-30;SC;116;289,9;CAPAO ALTO;Ingestão de álcool pelo condutor;Com Vítimas Feridas;2;Nublado;Plena Noite;quinta-feira;Saída de leito carroçável;Simples;0;0;-28.10427947;-50.61303777;Segura;Sul;2 Trimestre
618551;2024.0;n;8.0;2024-08-02;RS;285;454,7;IJUI;Conversão proibida;Com Vítimas Feridas;3;Sol;Pleno dia;sexta-feira;Colisão lateral sentido oposto;Simples;0;0;-28.38165009;-53.88145924;Segura;Sul;3 Trimestre
673421;2025.0;n;4.0;2025-04-13;PR;116;78;PIRAQUARA;Condutor deixou de manter distância do veículo da frente;Com Vítimas Feridas;3;Chuva;Pleno dia;domingo;Colisão traseira;Dupla;0;1;-25,402269;-49,056614;Perigosa;Sul;2 Trimestre
592795;2024.0;n;4.0;2024-04-09;BA;116;384,5;SANTA BARBARA;Ausência de reação do condutor;Com Vítimas Fatais;2;Céu Claro;Pleno dia;terça-feira;Saída de leito carroçável;Simples;1;0;-11.8958;-38.9816;Perigosa;Nordeste;2 Trimestre
581739;2024.0;n;2.0;2024-02-17;PR;277;599,2;CASCAVEL;Ausência de reação do condutor;Com Vítimas Feridas;2;Céu Claro;Plena Noite;sábado;Colisão traseira;Dupla;0;0;-25.00130545;-53.52092743;Segura;Sul;1 Trimestre
687151;2025.0;n;4.0;2025-04-24;MT;163;885;CLAUDIA;Ultrapassagem Indevida;Com Vítimas Feridas;3;Céu Claro;Plena Noite;quinta-feira;Capotamento;Simples;0;0;-11,43117147;-55,35259724;Segura;Centro-Oeste;2 Trimestre
592582;2024.0;n;4.0;2024-04-08;RJ;101;308,9;SAO GONCALO;Animais na Pista;Com Vítimas Feridas;5;Céu Claro;Pleno dia;segunda-feira;Engavetamento;Dupla;0;0;-22.79309326;-43.02479595;Segura;Sudeste;2 Trimestre
623441;2024.0;n;8.0;2024-08-24;SP;116;377;MIRACATU;Ausência de reação do condutor;Com Vítimas Feridas;3;Nublado;Plena Noite;sábado;Colisão traseira;Dupla;0;0;-24.19592033;-47.36368081;Segura;Sudeste;3 Trimestre
610548;2024.0;n;6.0;2024-06-27;PR;376;388;IMBAU;Ultrapassagem Indevida;Com Vítimas Fatais;4;Céu Claro;Plena Noite;quinta-feira;Colisão com objeto;Dupla;1;0;-24.4627114;-50.7500942;Perigosa;Sul;2 Trimestre
606680;2024.0;n;6.0;2024-06-10;AC;364;153;BUJARI;Reação tardia ou ineficiente do condutor;Com Vítimas Feridas;5;Céu Claro;Plena Noite;segunda-feira;Tombamento;Simples;0;0;-9.84908812;-67.92495316;Segura;Norte;2 Trimestre
574327;2024.0;n;1.0;2024-01-12;BA;116;596;IRAJUBA;Reação tardia ou ineficiente do condutor;Com Vítimas Fatais;3;Céu Claro;Plena Noite;sexta-feira;Colisão frontal;Simples;1;2;-13.18013991;-40.0048822;Perigosa;Nordeste;1 Trimestre
663933;2025.0;n;2.0;2025-02-27;PE;101;162,6;AGUA PRETA;Condutor Dormindo;Com Vítimas Fatais;1;Nublado;Plena Noite;quinta-feira;Saída de leito carroçável;Dupla;1;0;-8,5504446;-35,4472455;Perigosa;Nordeste;1 Trimestre
688195;2025.0;n;4.0;2025-04-30;MG;251;494,8;FRANCISCO SA;Velocidade Incompatível;Sem Vítimas;2;Chuva;Plena Noite;quarta-feira;Saída de leito carroçável;Simples;0;0;-16,542616;-43,593483;Segura;Sudeste;2 Trimestre
587658;2024.0;n;3.0;2024-03-16;RJ;116;195;QUEIMADOS;Condutor deixou de manter distância do veículo da frente;Sem Vítimas;2;Céu Claro;Pleno dia;sábado;Colisão traseira;Dupla;0;0;-22.73573614;-43.54749701;Segura;Sudeste;1 Trimestre
587214;2024.0;n;3.0;2024-03-14;PE;407;47;PETROLINA;Condutor Dormindo;Com Vítimas Feridas;3;Céu Claro;Pleno dia;quinta-feira;Colisão lateral sentido oposto;Simples;0;0;-8.79178343;-40.87357537;Segura;Nordeste;1 Trimestre
629984;2024.0;n;9.0;2024-09-22;MT;163;85,7;RONDONOPOLIS;Retorno proibido;Com Vítimas Feridas;5;Céu Claro;Plena Noite;domingo;Colisão lateral mesmo sentido;Dupla;0;1;-16.78037281;-54.66661236;Perigosa;Centro-Oeste;3 Trimestre
578546;2024.0;n;2.0;2024-02-02;TO;153;680;CARIRI DO TOCANTINS;Ingestão de álcool pelo condutor;Sem Vítimas;2;Sol;Pleno dia;sexta-feira;Colisão traseira;Simples;0;0;-11.78947895;-49.1176771;Segura;Norte;1 Trimestre
627539;2024.0;n;9.0;2024-09-12;PR;116;97;SAO JOSE DOS PINHAIS;Estacionar ou parar em local proibido;Com Vítimas Feridas;2;Céu Claro;Pleno dia;quinta-feira;Colisão traseira;Múltipla;0;1;-25.545323;-49.150952;Perigosa;Sul;3 Trimestre
602584;2024.0;n;5.0;2024-05-24;MA;10;183;CAMPESTRE DO MARANHAO;Reação tardia ou ineficiente do condutor;Com Vítimas Feridas;3;Céu Claro;Amanhecer;sexta-feira;Colisão traseira;Simples;0;0;-6.115512;-47.377274;Segura;Nordeste;2 Trimestre
572031;2024.0;n;1.0;2024-01-02;SP;116;134;SAO JOSE DOS CAMPOS;Manobra de mudança de faixa;Com Vítimas Feridas;3;Céu Claro;Plena Noite;terça-feira;Colisão lateral mesmo sentido;Dupla;0;1;-23.1402216;-45.7617252;Perigosa;Sudeste;1 Trimestre
616335;2024.0;n;7.0;2024-07-23;CE;116;172,9;RUSSAS;Demais falhas mecânicas ou elétricas;Com Vítimas Feridas;2;Céu Claro;Pleno dia;terça-feira;Tombamento;Simples;0;1;-4.9974291;-38.04117988;Perigosa;Nordeste;3 Trimestre
657894;2025.0;n;1.0;2025-01-28;MG;381;942;EXTREMA;Chuva;Com Vítimas Feridas;2;Chuva;Pleno dia;terça-feira;Colisão com objeto;Dupla;0;0;-22,86605937;-46,34940386;Segura;Sudeste;1 Trimestre
657527;2025.0;n;1.0;2025-01-26;RJ;40;92;PETROPOLIS;Reação tardia ou ineficiente do condutor;Com Vítimas Feridas;1;Chuva;Pleno dia;domingo;Tombamento;Simples;0;0;-22,55191954;-43,25068815;Segura;Sudeste;1 Trimestre
580049;2024.0;n;2.0;2024-02-09;SP;116;220;GUARULHOS;Trafegar com motocicleta (ou similar) entre as faixas;Com Vítimas Fatais;3;Céu Claro;Pleno dia;sexta-feira;Queda de ocupante de veículo;Múltipla;1;0;-23.46759;-46.50599;Perigosa;Sudeste;1 Trimestre
596458;2024.0;n;4.0;2024-04-26;SP;381;50;ATIBAIA;Reação tardia ou ineficiente do condutor;Com Vítimas Feridas;2;Céu Claro;Pleno dia;sexta-feira;Colisão traseira;Dupla;0;0;-23.21359807;-46.59367981;Segura;Sudeste;2 Trimestre
687715;2025.0;n;4.0;2025-04-27;RS;153;50,8;ERECHIM;Acesso irregular;Sem Vítimas;3;Garoa/Chuvisco;Anoitecer;domingo;Colisão transversal;Simples;0;0;-27,65715102;-52,27801323;Segura;Sul;2 Trimestre
629383;2024.0;n;9.0;2024-09-20;RS;293;124,5;PINHEIRO MACHADO;Demais falhas mecânicas ou elétricas;Sem Vítimas;3;Nublado;Pleno dia;sexta-feira;Incêndio;Simples;0;0;-31.52041038;-53.53589394;Segura;Sul;3 Trimestre
653461;2025.0;n;1.0;2025-01-06;SC;101;118;ITAJAI;Trafegar com motocicleta (ou similar) entre as faixas;Com Vítimas Feridas;2;Céu Claro;Pleno dia;segunda-feira;Colisão traseira;Dupla;0;0;-26,895859;-48,71903;Segura;Sul;1 Trimestre
627050;2024.0;n;9.0;2024-09-10;SC;282;331;CAMPOS NOVOS;Suicídio (presumido);Com Vítimas Fatais;3;Céu Claro;Plena Noite;terça-feira;Colisão frontal;Simples;1;0;-27.387941;-51.116081;Perigosa;Sul;3 Trimestre
589510;2024.0;n;3.0;2024-03-24;PE;316;97;OURICURI;Transitar na contramão;Com Vítimas Feridas;3;Sol;Anoitecer;domingo;Colisão lateral sentido oposto;Simples;0;1;-7.92756991;-39.97177396;Perigosa;Nordeste;1 Trimestre
657613;2025.0;n;1.0;2025-01-27;AL;101;179,4;JUNQUEIRO;Transitar na contramão;Com Vítimas Fatais;2;Céu Claro;Plena Noite;segunda-feira;Colisão frontal;Dupla;1;0;-9,88842574;-36,39977803;Perigosa;Nordeste;1 Trimestre
590120;2024.0;n;3.0;2024-03-27;SP;116;107;TAUBATE;Manobra de mudança de faixa;Com Vítimas Feridas;3;Chuva;Pleno dia;quarta-feira;Colisão lateral mesmo sentido;Dupla;0;1;-23.01791287;-45.53009409;Perigosa;Sudeste;1 Trimestre
627498;2024.0;n;9.0;2024-09-12;PR;376;491,4;PONTA GROSSA;Velocidade Incompatível;Com Vítimas Feridas;2;Sol;Pleno dia;quinta-feira;Saída de leito carroçável;Dupla;0;1;-25.11053661;-50.18973297;Perigosa;Sul;3 Trimestre
624407;2024.0;n;8.0;2024-08-29;MG;381;601;CARMOPOLIS DE MINAS;Ausência de reação do condutor;Com Vítimas Feridas;3;Céu Claro;Plena Noite;quinta-feira;Colisão traseira;Dupla;0;1;-20.63243704;-44.73521221;Perigosa;Sudeste;3 Trimestre
572342;2024.0;n;1.0;2024-01-03;RJ;116;80;TERESOPOLIS;Pista Escorregadia;Com Vítimas Feridas;2;Chuva;Pleno dia;quarta-feira;Colisão frontal;Simples;0;0;-22.381704;-42.954777;Segura;Sudeste;1 Trimestre
614871;2024.0;n;7.0;2024-07-16;PE;104;72,1;CARUARU;Ultrapassagem Indevida;Com Vítimas Feridas;3;Céu Claro;Pleno dia;terça-feira;Colisão lateral mesmo sentido;Simples;0;1;-8.332917;-35.981609;Perigosa;Nordeste;3 Trimestre
618957;2024.0;n;8.0;2024-08-04;RS;392;113,9;CANGUCU;Ingestão de álcool pelo condutor;Com Vítimas Feridas;5;Nublado;Plena Noite;domingo;Colisão frontal;Simples;0;0;-31.43297865;-52.65576482;Segura;Sul;3 Trimestre
670423;2025.0;n;3.0;2025-03-29;SE;101;193,9;CRISTINAPOLIS;Transitar na contramão;Sem Vítimas;2;Céu Claro;Plena Noite;sábado;Colisão lateral sentido oposto;Simples;0;0;-11,45030422;-37,73741299;Segura;Nordeste;1 Trimestre
597142;2024.0;n;4.0;2024-04-29;BA;242;632;MUQUEM DE SAO FRANCISCO;Reação tardia ou ineficiente do condutor;Com Vítimas Feridas;4;Nublado;Amanhecer;segunda-feira;Colisão lateral sentido oposto;Simples;0;1;-12.19263585;-43.40314025;Perigosa;Nordeste;2 Trimestre
670036;2025.0;n;3.0;2025-03-28;PE;101;70;RECIFE;Transitar no Acostamento;Com Vítimas Feridas;3;Nublado;Pleno dia;sexta-feira;Colisão transversal;Dupla;0;1;-8,06908;-34,942492;Perigosa;Nordeste;1 Trimestre
626669;2024.0;n;9.0;2024-09-08;ES;101;202;JOAO NEIVA;Ingestão de álcool pelo condutor;Com Vítimas Feridas;3;Céu Claro;Pleno dia;domingo;Queda de ocupante de veículo;Simples;0;2;-19.74171801;-40.36521517;Perigosa;Sudeste;3 Trimestre
686544;2025.0;y;4.0;2025-04-21;RS;290;188,1;CACHOEIRA DO SUL;Acessar a via sem observar a presença dos outros veículos;Sem Vítimas;5;Sol;Pleno dia;segunda-feira;Colisão transversal;Simples;0;0;-30,27103956;-53,10022831;Segura;Sul;2 Trimestre
687335;2025.0;n;4.0;2025-04-25;MG;381;491,3;BETIM;Reação tardia ou ineficiente do condutor;Com Vítimas Feridas;3;Nublado;Plena Noite;sexta-feira;Colisão traseira;Dupla;0;0;-19,95918132;-44,15378129;Segura;Sudeste;2 Trimestre
598061;2024.0;n;5.0;2024-05-03;MG;153;40;CANAPOLIS;Condutor deixou de manter distância do veículo da frente;Com Vítimas Feridas;3;Céu Claro;Pleno dia;sexta-feira;Colisão traseira;Dupla;0;0;-18.74414433;-49.09229425;Segura;Sudeste;2 Trimestre
615243;2024.0;n;7.0;2024-07-18;TO;153;203;NOVA OLINDA;Ultrapassagem Indevida;Sem Vítimas;7;Céu Claro;Pleno dia;quinta-feira;Engavetamento;Simples;0;0;-7.6748982;-48.42824342;Segura;Norte;3 Trimestre
617037;2024.0;n;7.0;2024-07-26;PE;101;49;ABREU E LIMA;Manobra de mudança de faixa;Sem Vítimas;2;Céu Claro;Pleno dia;sexta-feira;Colisão lateral mesmo sentido;Múltipla;0;0;-7.9005152;-34.90180641;Segura;Nordeste;3 Trimestre
575339;2024.0;n;1.0;2024-01-17;RJ;40;67,9;PETROPOLIS;Carga excessiva e/ou mal acondicionada;Com Vítimas Feridas;2;Nublado;Pleno dia;quarta-feira;Tombamento;Dupla;0;0;-22.43674775;-43.1756712;Segura;Sudeste;1 Trimestre
666916;2025.0;n;3.0;2025-03-13;PR;277;4,9;PARANAGUA;Reação tardia ou ineficiente do condutor;Com Vítimas Feridas;2;Sol;Pleno dia;quinta-feira;Queda de ocupante de veículo;Dupla;0;0;-25,5306116;-48,5288322;Segura;Sul;1 Trimestre
591143;2024.0;n;4.0;2024-04-01;MT;174;316;PONTES E LACERDA;Demais falhas mecânicas ou elétricas;Com Vítimas Feridas;1;Céu Claro;Pleno dia;segunda-feira;Colisão com objeto;Simples;0;0;-14.99867205;-59.28499483;Segura;Centro-Oeste;2 Trimestre
605130;2024.0;n;6.0;2024-06-04;MT;364;349;SANTO ANTONIO DO LEVERGER;Curva acentuada;Com Vítimas Feridas;2;Céu Claro;Pleno dia;terça-feira;Tombamento;Dupla;0;1;-15.80502622;-55.5546431;Perigosa;Centro-Oeste;2 Trimestre
599374;2024.0;n;5.0;2024-05-09;MA;10;160;PORTO FRANCO;Reação tardia ou ineficiente do condutor;Com Vítimas Feridas;1;Céu Claro;Plena Noite;quinta-feira;Tombamento;Simples;0;0;-6.320334;-47.368732;Segura;Nordeste;2 Trimestre
601856;2024.0;n;5.0;2024-05-20;RS;290;281,9;CACHOEIRA DO SUL;Condutor Dormindo;Com Vítimas Feridas;2;Céu Claro;Pleno dia;segunda-feira;Colisão lateral sentido oposto;Simples;0;0;-30.24982574;-53.05350088;Segura;Sul;2 Trimestre
588073;2024.0;n;3.0;2024-03-18;BA;418;91;NOVA VICOSA;Conversão proibida;Com Vítimas Feridas;2;Céu Claro;Pleno dia;segunda-feira;Colisão frontal;Simples;0;1;-17.88437368;-39.84544595;Perigosa;Nordeste;1 Trimestre
591454;2024.0;n;4.0;2024-04-02;SC;470;36,6;GASPAR;Acumulo de água sobre o pavimento;Sem Vítimas;3;Chuva;Pleno dia;terça-feira;Colisão com objeto;Dupla;0;0;-26.914196;-48.968948;Segura;Sul;2 Trimestre
613417;2024.0;n;7.0;2024-07-10;MG;116;152;PONTO DOS VOLANTES;Condutor Dormindo;Com Vítimas Feridas;2;Céu Claro;Plena Noite;quarta-feira;Saída de leito carroçável;Simples;0;0;-16.86721324;-41.47594265;Segura;Sudeste;3 Trimestre
581383;2024.0;n;2.0;2024-02-15;MS;262;350;CAMPO GRANDE;Acessar a via sem observar a presença dos outros veículos;Com Vítimas Feridas;2;Céu Claro;Pleno dia;quinta-feira;Colisão traseira;Dupla;0;1;-20.56994516;-54.64056096;Perigosa;Centro-Oeste;1 Trimestre
578051;2024.0;n;1.0;2024-01-30;RO;364;692;PORTO VELHO;Reação tardia ou ineficiente do condutor;Com Vítimas Feridas;5;Céu Claro;Pleno dia;terça-feira;Colisão traseira;Dupla;0;0;-8.79733425;-63.69814797;Segura;Norte;1 Trimestre
663183;2025.0;n;2.0;2025-02-23;MT;70;241;POXOREO;Velocidade Incompatível;Com Vítimas Feridas;4;Céu Claro;Pleno dia;domingo;Saída de leito carroçável;Simples;0;0;-15,615798;-54,039737;Segura;Centro-Oeste;1 Trimestre
661172;2025.0;n;2.0;2025-02-13;MT;70;285;PRIMAVERA DO LESTE;Demais falhas mecânicas ou elétricas;Sem Vítimas;3;Céu Claro;Pleno dia;quinta-feira;Tombamento;Simples;0;0;-15,56399387;-54,29689586;Segura;Centro-Oeste;1 Trimestre
600273;2024.0;n;5.0;2024-05-13;MG;365;424;PATOS DE MINAS;Demais falhas mecânicas ou elétricas;Com Vítimas Feridas;4;Céu Claro;Pleno dia;segunda-feira;Colisão lateral sentido oposto;Simples;0;2;-18.73063418;-46.62262472;Perigosa;Sudeste;2 Trimestre
660792;2025.0;n;2.0;2025-02-11;CE;116;5;FORTALEZA;Manobra de mudança de faixa;Com Vítimas Feridas;2;Céu Claro;Plena Noite;terça-feira;Colisão lateral mesmo sentido;Dupla;0;0;-3,79467116;-38,50772734;Segura;Nordeste;1 Trimestre
577215;2024.0;n;1.0;2024-01-26;PR;376;216,4;JANDAIA DO SUL;Acessar a via sem observar a presença dos outros veículos;Com Vítimas Feridas;3;Céu Claro;Pleno dia;sexta-feira;Colisão transversal;Simples;0;0;-23.59717604;-51.615043;Segura;Sul;1 Trimestre
620117;2024.0;n;8.0;2024-08-09;PR;376;672;GUARATUBA;Problema com o freio;Com Vítimas Fatais;11;Céu Claro;Pleno dia;sexta-feira;Engavetamento;Dupla;3;0;-25.89358488;-48.93146782;Perigosa;Sul;3 Trimestre
615445;2024.0;n;7.0;2024-07-19;PE;116;40;SALGUEIRO;Condutor deixou de manter distância do veículo da frente;Com Vítimas Feridas;2;Céu Claro;Pleno dia;sexta-feira;Colisão traseira;Simples;0;1;-8.188874;-39.10149;Perigosa;Nordeste;3 Trimestre
662387;2025.0;n;2.0;2025-02-19;BA;116;50,6;CHORROCHO;Ausência de reação do condutor;Com Vítimas Fatais;3;Céu Claro;Pleno dia;quarta-feira;Colisão traseira;Simples;1;1;-9,04838991;-39,16726582;Perigosa;Nordeste;1 Trimestre
673821;2025.0;n;4.0;2025-04-15;PB;230;26,3;JOAO PESSOA;Suicídio (presumido);Com Vítimas Fatais;4;Sol;Pleno dia;terça-feira;Atropelamento de Pedestre;Múltipla;1;1;-7,168932;-34,88138;Perigosa;Nordeste;2 Trimestre
621998;2024.0;n;8.0;2024-08-18;MT;163;1100;GUARANTA DO NORTE;Reação tardia ou ineficiente do condutor;Com Vítimas Feridas;6;Céu Claro;Pleno dia;domingo;Colisão frontal;Simples;0;0;-9.5973568;-54.8944293;Segura;Centro-Oeste;3 Trimestre
612032;2024.0;n;7.0;2024-07-04;PR;277;123;CAMPO LARGO;Demais falhas na via;Com Vítimas Feridas;3;Céu Claro;Plena Noite;quinta-feira;Tombamento;Dupla;0;1;-25.46194458;-49.58083343;Perigosa;Sul;3 Trimestre
661380;2025.0;n;2.0;2025-02-14;PA;163;500;ITAITUBA;Condutor deixou de manter distância do veículo da frente;Com Vítimas Feridas;5;Céu Claro;Pleno dia;sexta-feira;Colisão traseira;Simples;0;1;-5,50289987;-55,83120751;Perigosa;Norte;1 Trimestre