id;ano;feriado;mes;data_inversa;uf;br;km;municipio;causa_acidente;classificacao_acidente;veiculos;condicao_metereologica;fase_dia;dia_semana;tipo_acidente;tipo_pista;mortos;feridos_graves;latitude;longitude;status;regiao;periodo
596369;2024.0;n;4.0;2024-04-25;GO;60;80,7;ANAPOLIS;Ausência de reação do condutor;Com Vítimas Fatais;5;Céu Claro;Plena Noite;quinta-feira;Colisão traseira;Dupla;1;0;-16.3078656;-48.82395029;Perigosa;Centro-Oeste;2 Trimestre
624820;2024.0;n;8.0;2024-08-31;MG;116;708,8;MURIAE;Velocidade Incompatível;Com Vítimas Fatais;3;Céu Claro;Pleno dia;sábado;Tombamento;Simples;1;0;-21.167631;-42.37091;Perigosa;Sudeste;3 Trimestre
688060;2025.0;n;4.0;2025-04-29;MG;381;527;RIO MANSO;Velocidade Incompatível;Com Vítimas Feridas;12;Céu Claro;Pleno dia;terça-feira;Tombamento;Dupla;0;0;-20,16554395;-44,33601379;Segura;Sudeste;2 Trimestre
601097;2024.0;n;5.0;2024-05-17;SC;282;612;MARAVILHA;Chuva;Com Vítimas Feridas;2;Chuva;Pleno dia;sexta-feira;Colisão frontal;Simples;0;1;-26.763353;-53.25167656;Perigosa;Sul;2 Trimestre
626798;2024.0;n;9.0;2024-09-08;PR;476;257,5;ANTONIO OLINTO;Desrespeitar a preferência no cruzamento;Com Vítimas Feridas;3;Céu Claro;Plena Noite;domingo;Colisão transversal;Simples;0;1;-25.888903;-50.216633;Perigosa;Sul;3 Trimestre
583786;2024.0;n;2.0;2024-02-28;MG;50;175,3;UBERABA;Reação tardia ou ineficiente do condutor;Com Vítimas Feridas;3;Céu Claro;Pleno dia;quarta-feira;Colisão traseira;Múltipla;0;0;-19.77880359;-47.9695118;Segura;Sudeste;1 Trimestre
614235;2024.0;n;7.0;2024-07-11;RS;470;203;BENTO GONCALVES;Condutor deixou de manter distância do veículo da frente;Sem Vítimas;2;Garoa/Chuvisco;Pleno dia;quinta-feira;Colisão traseira;Simples;0;0;-29.07601095;-51.57545102;Segura;Sul;3 Trimestre
665771;2025.0;n;3.0;2025-03-07;MG;116;608;SAO JOAO DO MANHUACU;Reação tardia ou ineficiente do condutor;Com Vítimas Feridas;2;Nublado;Pleno dia;sexta-feira;Colisão frontal;Simples;0;0;-20,40563426;-42,15193056;Segura;Sudeste;1 Trimestre
659432;2025.0;n;2.0;2025-02-05;AL;101;37,8;JOAQUIM GOMES;Chuva;Com Vítimas Feridas;2;Chuva;Pleno dia;quarta-feira;Colisão transversal;Dupla;0;0;-9,1393861;-35,77035538;Segura;Nordeste;1 Trimestre
584811;2024.0;n;3.0;2024-03-03;SC;280;84;CORUPA;Pedestre andava na pista;Com Vítimas Feridas;2;Nublado;Plena Noite;domingo;Atropelamento de Pedestre;Simples;0;0;-26.42332789;-49.25263733;Segura;Sul;1 Trimestre
581646;2024.0;n;2.0;2024-02-17;PE;424;52;VENTUROSA;Transitar na contramão;Com Vítimas Fatais;2;Céu Claro;Pleno dia;sábado;Colisão frontal;Simples;1;0;-8.72160964;-36.76908468;Perigosa;Nordeste;1 Trimestre
599997;2024.0;n;5.0;2024-05-12;MG;40;492,5;ESMERALDAS;Velocidade Incompatível;Com Vítimas Feridas;2;Céu Claro;Pleno dia;domingo;Colisão com objeto;Dupla;0;0;-19.63737896;-44.20372986;Segura;Sudeste;2 Trimestre
672277;2025.0;n;4.0;2025-04-07;MG;381;948;EXTREMA;Manobra de mudança de faixa;Sem Vítimas;3;Céu Claro;Plena Noite;segunda-feira;Colisão lateral mesmo sentido;Dupla;0;0;-22,86998;-46,35836;Segura;Sudeste;2 Trimestre
658124;2025.0;n;1.0;2025-01-29;BA;116;454;SANTO ESTEVAO;Demais falhas mecânicas ou elétricas;Sem Vítimas;1;Céu Claro;Plena Noite;quarta-feira;Incêndio;Dupla;0;0;-12,416999;-39,192796;Segura;Nordeste;1 Trimestre
623049;2024.0;n;8.0;2024-08-23;RS;392;254,4;CACAPAVA DO SUL;Velocidade Incompatível;Com Vítimas Feridas;2;Nublado;Pleno dia;sexta-feira;Saída de leito carroçável;Simples;0;0;-30.56321289;-53.40525986;Segura;Sul;3 Trimestre
653111;2025.0;n;1.0;2025-01-04;SC;101;214;PALHOCA;Desrespeitar a preferência no cruzamento;Com Vítimas Feridas;2;Sol;Pleno dia;sábado;Colisão transversal;Múltipla;0;0;-27,64443;-48,67057;Segura;Sul;1 Trimestre
598285;2024.0;n;5.0;2024-05-04;MT;364;401;CUIABA;Reação tardia ou ineficiente do condutor;Com Vítimas Feridas;2;Céu Claro;Plena Noite;sábado;Colisão traseira;Dupla;0;0;-15.67210033;-55.94649314;Segura;Centro-Oeste;2 Trimestre
612025;2024.0;n;7.0;2024-07-04;PB;230;158,6;CAMPINA GRANDE;Conversão proibida;Com Vítimas Feridas;2;Céu Claro;Pleno dia;quinta-feira;Colisão transversal;Simples;0;0;-7.25694458;-35.92821836;Segura;Nordeste;3 Trimestre
618592;2024.0;n;8.0;2024-08-02;MG;381;891,5;CAMBUI;Reação tardia ou ineficiente do condutor;Com Vítimas Feridas;3;Céu Claro;Plena Noite;sexta-feira;Colisão lateral mesmo sentido;Dupla;0;0;-22.59361712;-46.05563886;Segura;Sudeste;3 Trimestre
601626;2024.0;n;5.0;2024-05-19;BA;116;758,8;POCOES;Acessar a via sem observar a presença dos outros veículos;Com Vítimas Feridas;3;Céu Claro;Pleno dia;domingo;Colisão transversal;Simples;0;1;-14.53372382;-40.38633013;Perigosa;Nordeste;2 Trimestre
614810;2024.0;n;7.0;2024-07-16;SC;280;237,4;CANOINHAS;Falta de acostamento;Com Vítimas Feridas;4;Garoa/Chuvisco;Plena Noite;terça-feira;Atropelamento de Pedestre;Simples;0;0;-26.19844599;-50.43216601;Segura;Sul;3 Trimestre
585371;2024.0;n;3.0;2024-03-02;PR;376;326,7;ORTIGUEIRA;Velocidade Incompatível;Sem Vítimas;2;Céu Claro;Pleno dia;sábado;Colisão com objeto;Simples;0;0;-24.06607;-51.06436;Segura;Sul;1 Trimestre
618496;2024.0;n;8.0;2024-08-02;PR;476;210,2;LAPA;Ausência de reação do condutor;Com Vítimas Fatais;4;Céu Claro;Pleno dia;sexta-feira;Colisão lateral sentido oposto;Simples;1;0;-25.784924;-49.848;Perigosa;Sul;3 Trimestre
624570;2024.0;n;8.0;2024-08-30;RS;290;154;ARROIO DOS RATOS;Ausência de reação do condutor;Com Vítimas Feridas;2;Céu Claro;Pleno dia;sexta-feira;Colisão traseira;Dupla;0;0;-30.107643;-51.747883;Segura;Sul;3 Trimestre
612096;2024.0;n;7.0;2024-07-05;TO;153;512,8;PUGMIL;Ultrapassagem Indevida;Com Vítimas Feridas;5;Céu Claro;Pleno dia;sexta-feira;Colisão lateral sentido oposto;Simples;0;0;-10.29936901;-48.88409895;Segura;Norte;3 Trimestre
589918;2024.0;n;3.0;2024-03-26;MA;222;663;ACAILANDIA;Ausência de reação do condutor;Sem Vítimas;4;Céu Claro;Plena Noite;terça-feira;Colisão traseira;Simples;0;0;-4.88471004;-47.36887698;Segura;Nordeste;1 Trimestre
595105;2024.0;n;4.0;2024-04-19;SP;381;79;SAO PAULO;Reação tardia ou ineficiente do condutor;Sem Vítimas;2;Céu Claro;Plena Noite;sexta-feira;Tombamento;Dupla;0;0;-23.40319901;-46.57564699;Segura;Sudeste;2 Trimestre
590674;2024.0;n;3.0;2024-03-30;SC;282;528,4;XAXIM;Mal súbito do condutor;Com Vítimas Feridas;3;Céu Claro;Pleno dia;sábado;Saída de leito carroçável;Simples;0;0;-26.978798;-52.588566;Segura;Sul;1 Trimestre
652885;2025.0;n;1.0;2025-01-03;MG;251;356,9;FRUTA DE LEITE;Reação tardia ou ineficiente do condutor;Com Vítimas Feridas;3;Nublado;Pleno dia;sexta-feira;Tombamento;Simples;0;0;-16,27029;-42,56126;Segura;Sudeste;1 Trimestre
593047;2024.0;n;4.0;2024-04-10;SP;153;72;SAO JOSE DO RIO PRETO;Demais falhas mecânicas ou elétricas;Com Vítimas Feridas;2;Céu Claro;Pleno dia;quarta-feira;Colisão com objeto;Simples;0;0;-20.86715501;-49.41334398;Segura;Sudeste;2 Trimestre
581375;2024.0;n;2.0;2024-02-05;RJ;101;32;CAMPOS DOS GOYTACAZES;Transitar na contramão;Com Vítimas Feridas;3;Chuva;Pleno dia;segunda-feira;Colisão lateral sentido oposto;Simples;0;1;-21.48225101;-41.33958897;Perigosa;Sudeste;1 Trimestre
667999;2025.0;n;3.0;2025-03-18;RN;226;91,2;TANGARA;Transitar na contramão;Com Vítimas Feridas;2;Céu Claro;Pleno dia;terça-feira;Colisão lateral sentido oposto;Simples;0;1;-6,242311;-35,853781;Perigosa;Nordeste;1 Trimestre
669491;2025.0;n;3.0;2025-03-25;RJ;40;107;DUQUE DE CAXIAS;Manobra de mudança de faixa;Com Vítimas Feridas;2;Sol;Pleno dia;terça-feira;Colisão lateral mesmo sentido;Múltipla;0;0;-22,66195;-43,284563;Segura;Sudeste;1 Trimestre
590412;2024.0;n;3.0;2024-03-28;BA;242;897;LUIS EDUARDO MAGALHAES;Reação tardia ou ineficiente do condutor;Com Vítimas Feridas;3;Céu Claro;Plena Noite;quinta-feira;Colisão traseira;Simples;0;1;-12.10848052;-45.92477202;Perigosa;Nordeste;1 Trimestre
665797;2025.0;n;3.0;2025-03-07;PR;116;146;MANDIRITUBA;Transitar na contramão;Com Vítimas Feridas;7;Céu Claro;Plena Noite;sexta-feira;Colisão frontal;Simples;0;0;-25,820747;-49,334195;Segura;Sul;1 Trimestre
584577;2024.0;n;3.0;2024-03-02;RS;116;2,3;VACARIA;Problema com o freio;Com Vítimas Feridas;3;Céu Claro;Plena Noite;sábado;Saída de leito carroçável;Simples;0;0;-28.22620159;-50.76085504;Segura;Sul;1 Trimestre
687054;2025.0;n;4.0;2025-04-24;PB;101;89,1;JOAO PESSOA;Reação tardia ou ineficiente do condutor;Com Vítimas Feridas;6;Sol;Pleno dia;quinta-feira;Engavetamento;Dupla;0;2;-7,17326328;-34,8981455;Perigosa;Nordeste;2 Trimestre
625375;2024.0;n;9.0;2024-09-02;RJ;116;316;ITATIAIA;Mal súbito do condutor;Com Vítimas Feridas;1;Céu Claro;Pleno dia;segunda-feira;Colisão com objeto;Dupla;0;0;-22.46560057;-44.49102813;Segura;Sudeste;3 Trimestre
588356;2024.0;n;3.0;2024-03-19;MS;163;190;CAARAPO;Reação tardia ou ineficiente do condutor;Com Vítimas Fatais;4;Céu Claro;Pleno dia;terça-feira;Tombamento;Simples;1;0;-22.79559784;-54.74502787;Perigosa;Centro-Oeste;1 Trimestre
629440;2024.0;n;9.0;2024-09-20;SC;470;56;BLUMENAU;Acessar a via sem observar a presença dos outros veículos;Com Vítimas Feridas;4;Chuva;Plena Noite;sexta-feira;Colisão lateral mesmo sentido;Simples;0;1;-26.87674;-49.127743;Perigosa;Sul;3 Trimestre
662465;2025.0;n;2.0;2025-02-20;SP;116;112;TAUBATE;Velocidade Incompatível;Com Vítimas Feridas;2;Céu Claro;Plena Noite;quinta-feira;Colisão traseira;Dupla;0;0;-23,03887149;-45,56097419;Segura;Sudeste;1 Trimestre
586806;2024.0;n;3.0;2024-03-12;SC;101;192,9;BIGUACU;Reação tardia ou ineficiente do condutor;Com Vítimas Feridas;2;Céu Claro;Anoitecer;terça-feira;Colisão lateral mesmo sentido;Múltipla;0;0;-27.48443781;-48.64765238;Segura;Sul;1 Trimestre
612489;2024.0;n;7.0;2024-07-06;MS;163;484;CAMPO GRANDE;Conversão proibida;Com Vítimas Feridas;3;Céu Claro;Pleno dia;sábado;Colisão transversal;Dupla;0;0;-20.45104898;-54.5403266;Segura;Centro-Oeste;3 Trimestre
616253;2024.0;n;7.0;2024-07-22;RJ;40;85;PETROPOLIS;Demais falhas mecânicas ou elétricas;Com Vítimas Fatais;1;Céu Claro;Anoitecer;segunda-feira;Tombamento;Simples;1;0;-22.52850694;-43.2349802;Perigosa;Sudeste;3 Trimestre
611954;2024.0;n;7.0;2024-07-04;PR;116;43;CAMPINA GRANDE DO SUL;Ingestão de álcool pelo condutor;Sem Vítimas;3;Céu Claro;Pleno dia;quinta-feira;Colisão traseira;Múltipla;0;0;-25.18101149;-48.88196442;Segura;Sul;3 Trimestre
653481;2025.0;n;1.0;2025-01-06;RS;386;294,4;POUSO NOVO;Mal súbito do condutor;Com Vítimas Feridas;1;Céu Claro;Pleno dia;segunda-feira;Saída de leito carroçável;Simples;0;0;-29,121178;-52,248886;Segura;Sul;1 Trimestre
576470;2024.0;n;1.0;2024-01-22;MT;163;1047;MATUPA;Ausência de reação do condutor;Com Vítimas Feridas;3;Nublado;Pleno dia;segunda-feira;Colisão traseira;Simples;0;0;-10.04840183;-54.90943457;Segura;Centro-Oeste;1 Trimestre
588595;2024.0;n;3.0;2024-03-20;MG;40;712,7;BARBACENA;Reação tardia ou ineficiente do condutor;Com Vítimas Feridas;3;Nublado;Pleno dia;quarta-feira;Tombamento;Dupla;0;1;-21.25078209;-43.66486073;Perigosa;Sudeste;1 Trimestre
654217;2025.0;n;1.0;2025-01-10;MG;251;355;PADRE CARVALHO;Reação tardia ou ineficiente do condutor;Com Vítimas Feridas;3;Nublado;Pleno dia;sexta-feira;Colisão traseira;Simples;0;0;-16,26556781;-42,56697499;Segura;Sudeste;1 Trimestre
667317;2025.0;n;3.0;2025-03-15;SP;116;322;JUQUITIBA;Reação tardia ou ineficiente do condutor;Com Vítimas Feridas;4;Nublado;Plena Noite;sábado;Colisão traseira;Dupla;0;0;-23,93536359;-47,03390805;Segura;Sudeste;1 Trimestre
595094;2024.0;n;4.0;2024-04-19;PR;369;178;ROLANDIA;Entrada inopinada do pedestre;Com Vítimas Fatais;3;Céu Claro;Plena Noite;sexta-feira;Atropelamento de Pedestre;Dupla;1;0;-23.35599689;-51.39377475;Perigosa;Sul;2 Trimestre
576723;2024.0;n;1.0;2024-01-23;SC;116;59;PAPANDUVA;Acessar a via sem observar a presença dos outros veículos;Com Vítimas Feridas;4;Garoa/Chuvisco;Pleno dia;terça-feira;Colisão transversal;Simples;0;1;-26.37933149;-50.20775008;Perigosa;Sul;1 Trimestre
624090;2024.0;n;8.0;2024-08-28;RS;392;4,7;RIO GRANDE;Acessar a via sem observar a presença dos outros veículos;Com Vítimas Fatais;3;Nevoeiro/Neblina;Amanhecer;quarta-feira;Queda de ocupante de veículo;Simples;1;0;-32.06960295;-52.09547805;Perigosa;Sul;3 Trimestre
622337;2024.0;n;8.0;2024-08-14;RJ;101;208;CASIMIRO DE ABREU;Ingestão de álcool pelo condutor;Com Vítimas Feridas;3;Céu Claro;Anoitecer;quarta-feira;Colisão traseira;Simples;0;0;-22.4806698;-42.22017209;Segura;Sudeste;3 Trimestre
592651;2024.0;n;4.0;2024-04-08;PR;369;186;ARAPONGAS;Condutor deixou de manter distância do veículo da frente;Com Vítimas Feridas;2;Garoa/Chuvisco;Pleno dia;segunda-feira;Colisão lateral mesmo sentido;Simples;0;0;-23.423779;-51.423759;Segura;Sul;2 Trimestre
624178;2024.0;n;7.0;2024-07-27;SC;101;343,4;TUBARAO;Reação tardia ou ineficiente do condutor;Sem Vítimas;2;Céu Claro;Plena Noite;sábado;Colisão com objeto;Dupla;0;0;-28.54458742;-49.05376196;Segura;Sul;3 Trimestre
605325;2024.0;n;6.0;2024-06-05;MT;163;994;TERRA NOVA DO NORTE;Ultrapassagem Indevida;Com Vítimas Feridas;9;Céu Claro;Pleno dia;quarta-feira;Colisão lateral mesmo sentido;Simples;0;0;-10.54489476;-55.08538853;Segura;Centro-Oeste;2 Trimestre
597986;2024.0;n;5.0;2024-05-03;BA;116;708,9;MANOEL VITORINO;Acessar a via sem observar a presença dos outros veículos;Com Vítimas Fatais;5;Sol;Pleno dia;sexta-feira;Colisão traseira;Simples;1;0;-14.1429;-40.2414;Perigosa;Nordeste;2 Trimestre
582407;2024.0;n;2.0;2024-02-21;PE;423;68,7;JUPI;Condutor deixou de manter distância do veículo da frente;Com Vítimas Feridas;2;Céu Claro;Pleno dia;quarta-feira;Colisão traseira;Simples;0;0;-8.67263685;-36.39346504;Segura;Nordeste;1 Trimestre
592104;2024.0;n;4.0;2024-04-06;BA;116;468;SANTO ESTEVAO;Condutor Dormindo;Sem Vítimas;1;Céu Claro;Amanhecer;sábado;Saída de leito carroçável;Dupla;0;0;-12.46032128;-39.27031486;Segura;Nordeste;2 Trimestre
617711;2024.0;n;7.0;2024-07-29;MG;50;58;UBERLANDIA;Condutor Dormindo;Com Vítimas Feridas;1;Céu Claro;Pleno dia;segunda-feira;Saída de leito carroçável;Dupla;0;0;-18.79408225;-48.23421867;Segura;Sudeste;3 Trimestre
627763;2024.0;n;9.0;2024-09-13;GO;452;22;RIO VERDE;Reação tardia ou ineficiente do condutor;Sem Vítimas;8;Sol;Pleno dia;sexta-feira;Colisão lateral mesmo sentido;Simples;0;0;-17.87601952;-50.71654288;Segura;Centro-Oeste;3 Trimestre
658833;2025.0;n;2.0;2025-02-02;MA;222;474,5;SANTA LUZIA;Ausência de reação do condutor;Com Vítimas Fatais;2;Céu Claro;Pleno dia;domingo;Tombamento;Simples;1;0;-4,16871267;-46,09730408;Perigosa;Nordeste;1 Trimestre
612796;2024.0;n;7.0;2024-07-07;ES;101;385;RIO NOVO DO SUL;Velocidade Incompatível;Sem Vítimas;2;Céu Claro;Pleno dia;domingo;Saída de leito carroçável;Simples;0;0;-20.83675912;-40.86790091;Segura;Sudeste;3 Trimestre
576747;2024.0;n;1.0;2024-01-24;RS;392;61;PELOTAS;Reação tardia ou ineficiente do condutor;Com Vítimas Feridas;2;Céu Claro;Amanhecer;quarta-feira;Tombamento;Dupla;0;0;-31.78533692;-52.35536814;Segura;Sul;1 Trimestre
589400;2024.0;n;3.0;2024-03-24;PE;407;125;PETROLINA;Condutor deixou de manter distância do veículo da frente;Sem Vítimas;3;Céu Claro;Pleno dia;domingo;Colisão traseira;Dupla;0;0;-9.37739336;-40.53595733;Segura;Nordeste;1 Trimestre
590305;2024.0;n;3.0;2024-03-28;GO;414;393;CORUMBA DE GOIAS;Acessar a via sem observar a presença dos outros veículos;Sem Vítimas;2;Céu Claro;Pleno dia;quinta-feira;Colisão transversal;Simples;0;0;-15.91925897;-48.80882251;Segura;Centro-Oeste;1 Trimestre
654912;2025.0;n;1.0;2025-01-13;GO;153;508,3;GOIANIA;Condutor deixou de manter distância do veículo da frente;Com Vítimas Feridas;3;Chuva;Pleno dia;segunda-feira;Colisão traseira;Dupla;0;0;-16,7804;-49,2371;Segura;Centro-Oeste;1 Trimestre
574050;2024.0;n;1.0;2024-01-11;AL;101;92;RIO LARGO;Problema com o freio;Com Vítimas Feridas;2;Céu Claro;Plena Noite;quinta-feira;Atropelamento de Pedestre;Dupla;0;1;-9.50397895;-35.91844603;Perigosa;Nordeste;1 Trimestre
655101;2025.0;n;1.0;2025-01-14;SP;153;61,4;SAO JOSE DO RIO PRETO;Acessar a via sem observar a presença dos outros veículos;Sem Vítimas;4;Céu Claro;Anoitecer;terça-feira;Colisão transversal;Dupla;0;0;-20,80502876;-49,35574909;Segura;Sudeste;1 Trimestre
581757;2024.0;n;2.0;2024-02-17;RO;319;57;PORTO VELHO;Manobra de mudança de faixa;Com Vítimas Fatais;3;Céu Claro;Plena Noite;sábado;Atropelamento de Pedestre;Simples;1;0;-8.739714;-63.93214024;Perigosa;Norte;1 Trimestre
607310;2024.0;n;6.0;2024-06-13;BA;116;755,5;POCOES;Condutor deixou de manter distância do veículo da frente;Com Vítimas Feridas;3;Céu Claro;Plena Noite;quinta-feira;Colisão traseira;Simples;0;0;-14.51256;-40.36558;Segura;Nordeste;2 Trimestre
574098;2024.0;n;1.0;2024-01-12;ES;101;358;ANCHIETA;Condutor Dormindo;Com Vítimas Feridas;2;Céu Claro;Plena Noite;sexta-feira;Tombamento;Simples;0;0;-20.691717;-40.704254;Segura;Sudeste;1 Trimestre
586481;2024.0;n;3.0;2024-03-11;SP;116;514;CAJATI;Reação tardia ou ineficiente do condutor;Com Vítimas Feridas;1;Nublado;Pleno dia;segunda-feira;Tombamento;Simples;0;0;-24.85874304;-48.21731282;Segura;Sudeste;1 Trimestre
656967;2025.0;n;1.0;2025-01-23;MG;365;465,2;PATROCINIO;Velocidade Incompatível;Com Vítimas Feridas;3;Nublado;Plena Noite;quinta-feira;Colisão traseira;Simples;0;0;-18,89880313;-46,95118193;Segura;Sudeste;1 Trimestre
588287;2024.0;n;3.0;2024-03-19;ES;101;139;LINHARES;Reação tardia ou ineficiente do condutor;Com Vítimas Feridas;2;Céu Claro;Pleno dia;terça-feira;Colisão traseira;Múltipla;0;1;-19.3101728;-40.0799666;Perigosa;Sudeste;1 Trimestre
652768;2025.0;n;1.0;2025-01-02;SC;470;119;IBIRAMA;Ultrapassagem Indevida;Com Vítimas Feridas;3;Céu Claro;Pleno dia;quinta-feira;Colisão frontal;Simples;0;1;-27,081554;-49,520206;Perigosa;Sul;1 Trimestre
599495;2024.0;n;5.0;2024-05-10;SC;101;137;BALNEARIO CAMBORIU;Transitar na contramão;Com Vítimas Fatais;2;Nublado;Pleno dia;sexta-feira;Colisão frontal;Múltipla;1;0;-27.0157238;-48.61192763;Perigosa;Sul;2 Trimestre
654593;2025.0;n;1.0;2025-01-12;MS;262;535,1;MIRANDA;Transitar na contramão;Com Vítimas Feridas;5;Céu Claro;Pleno dia;domingo;Colisão frontal;Simples;0;5;-20,33482886;-56,18553094;Perigosa;Centro-Oeste;1 Trimestre
613228;2024.0;n;7.0;2024-07-09;MG;267;277,9;AIURUOCA;Velocidade Incompatível;Com Vítimas Feridas;1;Nublado;Pleno dia;terça-feira;Saída de leito carroçável;Simples;0;1;-21.93605207;-44.710136;Perigosa;Sudeste;3 Trimestre
662793;2025.0;n;2.0;2025-02-21;RO;364;536;RIO CRESPO;Avarias e/ou desgaste excessivo no pneu;Sem Vítimas;3;Céu Claro;Pleno dia;sexta-feira;Colisão com objeto;Simples;0;0;-9,75125628;-63,11162646;Segura;Norte;1 Trimestre
652855;2025.0;n;1.0;2025-01-02;RJ;101;241;SILVA JARDIM;Transitar na contramão;Com Vítimas Fatais;2;Céu Claro;Plena Noite;quinta-feira;Colisão frontal;Dupla;1;0;-22,63318361;-42,44575381;Perigosa;Sudeste;1 Trimestre
620876;2024.0;n;8.0;2024-08-12;BA;407;0,1;JUAZEIRO;Trafegar com motocicleta (ou similar) entre as faixas;Com Vítimas Feridas;3;Céu Claro;Plena Noite;segunda-feira;Colisão frontal;Simples;0;1;-9.41266;-40.505952;Perigosa;Nordeste;3 Trimestre
624141;2024.0;n;8.0;2024-08-23;RJ;101;46,8;CAMPOS DOS GOYTACAZES;Ultrapassagem Indevida;Com Vítimas Feridas;4;Céu Claro;Plena Noite;sexta-feira;Colisão lateral mesmo sentido;Simples;0;0;-21.60282119;-41.31703919;Segura;Sudeste;3 Trimestre
621217;2024.0;n;8.0;2024-08-14;MG;116;584,1;MANHUACU;Reação tardia ou ineficiente do condutor;Com Vítimas Feridas;4;Céu Claro;Pleno dia;quarta-feira;Colisão traseira;Dupla;0;0;-20.22302088;-42.17880872;Segura;Sudeste;3 Trimestre
622369;2024.0;n;8.0;2024-08-19;PR;277;606,8;SANTA TEREZA DO OESTE;Reação tardia ou ineficiente do condutor;Com Vítimas Feridas;3;Céu Claro;Anoitecer;segunda-feira;Colisão lateral sentido oposto;Simples;0;0;-25.03330189;-53.58832406;Segura;Sul;3 Trimestre
614058;2024.0;n;7.0;2024-07-13;ES;262;32,4;DOMINGOS MARTINS;Transitar na contramão;Com Vítimas Feridas;4;Nublado;Plena Noite;sábado;Colisão lateral sentido oposto;Simples;0;0;-20.37885575;-40.577728;Segura;Sudeste;3 Trimestre
662518;2025.0;n;2.0;2025-02-20;RJ;116;189;NOVA IGUACU;Manobra de mudança de faixa;Sem Vítimas;2;Céu Claro;Pleno dia;quinta-feira;Saída de leito carroçável;Dupla;0;0;-22,73765712;-43,49182298;Segura;Sudeste;1 Trimestre
625959;2024.0;n;9.0;2024-09-05;SP;116;545;BARRA DO TURVO;Reação tardia ou ineficiente do condutor;Com Vítimas Feridas;1;Chuva;Pleno dia;quinta-feira;Tombamento;Simples;0;0;-24.95016699;-48.42400302;Segura;Sudeste;3 Trimestre
602186;2024.0;n;5.0;2024-05-22;PE;428;108;SANTA MARIA DA BOA VISTA;Ausência de reação do condutor;Com Vítimas Feridas;1;Céu Claro;Plena Noite;quarta-feira;Saída de leito carroçável;Simples;0;0;-8.87327346;-40.01846372;Segura;Nordeste;2 Trimestre
613846;2024.0;n;7.0;2024-07-12;MG;40;786;JUIZ DE FORA;Neblina;Com Vítimas Feridas;2;Nevoeiro/Neblina;Amanhecer;sexta-feira;Colisão traseira;Dupla;0;1;-21.72733544;-43.4385309;Perigosa;Sudeste;3 Trimestre
593184;2024.0;n;4.0;2024-04-10;PR;277;335;GUARAPUAVA;Pista Escorregadia;Sem Vítimas;3;Chuva;Plena Noite;quarta-feira;Colisão com objeto;Dupla;0;0;-25.36058272;-51.35210476;Segura;Sul;2 Trimestre
610202;2024.0;n;6.0;2024-06-26;SC;480;130;CHAPECO;Reação tardia ou ineficiente do condutor;Com Vítimas Feridas;2;Céu Claro;Pleno dia;quarta-feira;Saída de leito carroçável;Simples;0;0;-27.05534298;-52.63652069;Segura;Sul;2 Trimestre
667307;2025.0;n;3.0;2025-03-14;SC;470;226,6;SAO CRISTOVAO DO SUL;Velocidade Incompatível;Com Vítimas Fatais;2;Céu Claro;Plena Noite;sexta-feira;Tombamento;Simples;1;0;-27,324178;-50,370396;Perigosa;Sul;1 Trimestre
583861;2024.0;n;2.0;2024-02-28;MT;163;982;TERRA NOVA DO NORTE;Ultrapassagem Indevida;Sem Vítimas;5;Céu Claro;Pleno dia;quarta-feira;Colisão lateral mesmo sentido;Dupla;0;0;-10.7481159;-55.14584334;Segura;Centro-Oeste;1 Trimestre
665752;2025.0;n;3.0;2025-03-07;RO;421;40;MONTE NEGRO;Reação tardia ou ineficiente do condutor;Com Vítimas Feridas;1;Chuva;Pleno dia;sexta-feira;Saída de leito carroçável;Simples;0;1;-10,20608714;-63,24202538;Perigosa;Norte;1 Trimestre
687377;2025.0;n;4.0;2025-04-26;SC;101;206,7;SAO JOSE;Reação tardia ou ineficiente do condutor;Com Vítimas Feridas;4;Céu Claro;Plena Noite;sábado;Colisão com objeto;Múltipla;0;0;-27,59837;-48,620933;Segura;Sul;2 Trimestre
600644;2024.0;n;3.0;2024-03-20;RR;174;481,7;BOA VISTA;Manobra de mudança de faixa;Com Vítimas Feridas;2;Sol;Pleno dia;quarta-feira;Colisão lateral mesmo sentido;Simples;0;1;2.707947;-60.842733;Perigosa;Norte;1 Trimestre
624299;2024.0;n;8.0;2024-08-29;PR;153;20,4;JACAREZINHO;Manobra de mudança de faixa;Com Vítimas Feridas;4;Céu Claro;Pleno dia;quinta-feira;Colisão traseira;Simples;0;0;-23.16353932;-49.96031106;Segura;Sul;3 Trimestre
652720;2025.0;n;1.0;2025-01-02;PR;163;137,7;CAPITAO LEONIDAS MARQUES;Velocidade Incompatível;Com Vítimas Fatais;4;Céu Claro;Pleno dia;quinta-feira;Colisão com objeto;Dupla;1;0;-25,5216371;-53,5943858;Perigosa;Sul;1 Trimestre
668126;2025.0;n;3.0;2025-03-18;ES;262;64;MARECHAL FLORIANO;Carga excessiva e/ou mal acondicionada;Com Vítimas Feridas;1;Céu Claro;Plena Noite;terça-feira;Capotamento;Simples;0;0;-20,417891;-40,815948;Segura;Sudeste;1 Trimestre
671932;2025.0;n;4.0;2025-04-06;RN;110;20;MOSSORO;Transitar na contramão;Com Vítimas Feridas;3;Sol;Pleno dia;domingo;Colisão lateral sentido oposto;Simples;0;0;-5,056657;-37,15489;Segura;Nordeste;2 Trimestre