id;ano;feriado;mes;data_inversa;uf;br;km;municipio;causa_acidente;classificacao_acidente;veiculos;condicao_metereologica;fase_dia;dia_semana;tipo_acidente;tipo_pista;mortos;feridos_graves;latitude;longitude;status;regiao;periodo
629698;2024.0;n;9.0;2024-09-21;BA;101;661;ITAPEBI;Velocidade Incompatível;Com Vítimas Feridas;2;Céu Claro;Plena Noite;sábado;Tombamento;Simples;0;0;-15.95604762;-39.56039429;Segura;Nordeste;3 Trimestre
658141;2025.0;n;1.0;2025-01-29;MG;262;594,5;CAMPOS ALTOS;Velocidade Incompatível;Sem Vítimas;1;Chuva;Plena Noite;quarta-feira;Tombamento;Simples;0;0;-19,65385776;-46,18481755;Segura;Sudeste;1 Trimestre
608541;2024.0;n;6.0;2024-06-19;PE;101;75,4;RECIFE;Trafegar com motocicleta (ou similar) entre as faixas;Com Vítimas Fatais;4;Sol;Pleno dia;quarta-feira;Colisão lateral mesmo sentido;Dupla;1;0;-8.10973523;-34.94660151;Perigosa;Nordeste;2 Trimestre
626510;2024.0;n;9.0;2024-09-06;PA;10;307;IRITUIA;Demais falhas mecânicas ou elétricas;Sem Vítimas;2;Céu Claro;Amanhecer;sexta-feira;Incêndio;Simples;0;0;-1.74771497;-47.50359387;Segura;Norte;3 Trimestre
653348;2025.0;n;1.0;2025-01-05;MG;381;358;JOAO MONLEVADE;Acessar a via sem observar a presença dos outros veículos;Com Vítimas Feridas;2;Nublado;Pleno dia;domingo;Colisão transversal;Simples;0;0;-19,85592801;-43,21689055;Segura;Sudeste;1 Trimestre
575248;2024.0;n;1.0;2024-01-14;SC;101;93;BALNEARIO PICARRAS;Ausência de reação do condutor;Com Vítimas Feridas;2;Céu Claro;Pleno dia;domingo;Colisão frontal;Dupla;0;1;-26.6899011;-48.69663873;Perigosa;Sul;1 Trimestre
672422;2025.0;n;4.0;2025-04-08;MG;381;926,9;ITAPEVA;Ausência de reação do condutor;Com Vítimas Feridas;2;Nublado;Plena Noite;terça-feira;Colisão traseira;Dupla;0;1;-22,767847;-46,213783;Perigosa;Sudeste;2 Trimestre
657146;2025.0;n;1.0;2025-01-24;RS;392;207;SANTANA DA BOA VISTA;Velocidade Incompatível;Com Vítimas Feridas;4;Chuva;Pleno dia;sexta-feira;Colisão frontal;Simples;0;1;-30,82336654;-53,17516923;Perigosa;Sul;1 Trimestre
576907;2024.0;n;1.0;2024-01-24;PA;163;469;ITAITUBA;Pista Escorregadia;Com Vítimas Feridas;7;Garoa/Chuvisco;Pleno dia;quarta-feira;Tombamento;Simples;0;1;-5.75265194;-55.73624966;Perigosa;Norte;1 Trimestre
589092;2024.0;n;3.0;2024-03-22;MA;230;314;SAO RAIMUNDO DAS MANGABEIRAS;Transitar na contramão;Com Vítimas Fatais;4;Céu Claro;Plena Noite;sexta-feira;Colisão frontal;Simples;1;0;-7.015551;-45.47434027;Perigosa;Nordeste;1 Trimestre
579700;2024.0;n;2.0;2024-02-08;PR;376;668;GUARATUBA;Problema com o freio;Com Vítimas Feridas;2;Céu Claro;Plena Noite;quinta-feira;Atropelamento de Pedestre;Dupla;0;0;-25.864159;-48.937538;Segura;Sul;1 Trimestre
621758;2024.0;n;8.0;2024-08-17;MG;40;789,6;JUIZ DE FORA;Condutor Dormindo;Com Vítimas Feridas;2;Céu Claro;Pleno dia;sábado;Colisão lateral mesmo sentido;Dupla;0;0;-21.75969297;-43.44077628;Segura;Sudeste;3 Trimestre
624671;2024.0;n;8.0;2024-08-30;MG;365;469;PATROCINIO;Afundamento ou ondulação no pavimento;Com Vítimas Feridas;1;Céu Claro;Pleno dia;sexta-feira;Saída de leito carroçável;Simples;0;1;-18.920198;-46.98169;Perigosa;Sudeste;3 Trimestre
623298;2024.0;n;8.0;2024-08-24;MA;135;72,8;SANTA RITA;Manobra de mudança de faixa;Sem Vítimas;4;Sol;Pleno dia;sábado;Colisão lateral mesmo sentido;Simples;0;0;-3.15759591;-44.33373316;Segura;Nordeste;3 Trimestre
659228;2025.0;n;1.0;2025-01-10;PR;376;303,4;MAUA DA SERRA;Velocidade Incompatível;Com Vítimas Feridas;2;Sol;Pleno dia;sexta-feira;Tombamento;Dupla;0;0;-23,94940698;-51,11940888;Segura;Sul;1 Trimestre
657997;2025.0;n;1.0;2025-01-29;PB;101;114;CAAPORA;Acumulo de água sobre o pavimento;Sem Vítimas;1;Chuva;Pleno dia;quarta-feira;Tombamento;Dupla;0;0;-7,38738901;-34,9567891;Segura;Nordeste;1 Trimestre
618664;2024.0;n;8.0;2024-08-03;SP;116;404;MIRACATU;Ausência de reação do condutor;Com Vítimas Feridas;3;Céu Claro;Plena Noite;sábado;Colisão traseira;Dupla;0;1;-24.3179468;-47.5304184;Perigosa;Sudeste;3 Trimestre
610329;2024.0;n;6.0;2024-06-27;SC;116;109;SANTA CECILIA;Ultrapassagem Indevida;Sem Vítimas;2;Céu Claro;Plena Noite;quinta-feira;Colisão lateral mesmo sentido;Simples;0;0;-26.7575178;-50.34172617;Segura;Sul;2 Trimestre
652588;2025.0;y;1.0;2025-01-01;MG;381;564,9;ITAGUARA;Pedestre andava na pista;Com Vítimas Fatais;2;Céu Claro;Pleno dia;quarta-feira;Atropelamento de Pedestre;Dupla;1;0;-20,39337497;-44,49681044;Perigosa;Sudeste;1 Trimestre
613091;2024.0;n;7.0;2024-07-08;SC;280;29;ARAQUARI;Ultrapassagem Indevida;Com Vítimas Feridas;6;Garoa/Chuvisco;Plena Noite;segunda-feira;Colisão frontal;Simples;0;0;-26.41066264;-48.75295628;Segura;Sul;3 Trimestre
668289;2025.0;n;3.0;2025-03-19;RO;364;80;VILHENA;Ultrapassagem Indevida;Com Vítimas Feridas;2;Garoa/Chuvisco;Pleno dia;quarta-feira;Colisão lateral sentido oposto;Simples;0;0;-12,43089217;-60,57847196;Segura;Norte;1 Trimestre
597342;2024.0;n;4.0;2024-04-29;GO;153;273,9;NOVA GLORIA;Manobra de mudança de faixa;Com Vítimas Feridas;3;Céu Claro;Plena Noite;segunda-feira;Colisão lateral mesmo sentido;Simples;0;0;-15.092429;-49.471367;Segura;Centro-Oeste;2 Trimestre
590067;2024.0;n;3.0;2024-03-27;MS;163;357;NOVA ALVORADA DO SUL;Mal súbito do condutor;Com Vítimas Feridas;4;Céu Claro;Pleno dia;quarta-feira;Colisão lateral sentido oposto;Simples;0;0;-21.53319109;-54.40745074;Segura;Centro-Oeste;1 Trimestre
590633;2024.0;y;3.0;2024-03-29;PR;277;11;PARANAGUA;Trafegar com motocicleta (ou similar) entre as faixas;Com Vítimas Feridas;3;Nublado;Plena Noite;sexta-feira;Colisão traseira;Dupla;0;1;-25.568198;-48.615292;Perigosa;Sul;1 Trimestre
629980;2024.0;n;9.0;2024-09-23;SP;116;104;TAUBATE;Reação tardia ou ineficiente do condutor;Com Vítimas Feridas;2;Céu Claro;Plena Noite;segunda-feira;Colisão traseira;Dupla;0;0;-23.00340176;-45.50626912;Segura;Sudeste;3 Trimestre
609753;2024.0;n;6.0;2024-06-24;MG;262;94,2;ABRE CAMPO;Manobra de mudança de faixa;Com Vítimas Feridas;2;Céu Claro;Pleno dia;segunda-feira;Colisão lateral mesmo sentido;Simples;0;1;-20.30646793;-42.46611787;Perigosa;Sudeste;2 Trimestre
667807;2025.0;n;3.0;2025-03-17;PR;376;108;PARANAVAI;Desrespeitar a preferência no cruzamento;Com Vítimas Feridas;2;Céu Claro;Pleno dia;segunda-feira;Colisão transversal;Simples;0;2;-23,06839486;-52,4250412;Perigosa;Sul;1 Trimestre
686632;2025.0;n;4.0;2025-04-22;MG;381;551;RIO MANSO;Ausência de reação do condutor;Com Vítimas Feridas;3;Céu Claro;Pleno dia;terça-feira;Saída de leito carroçável;Dupla;0;0;-20,27324772;-44,4248391;Segura;Sudeste;2 Trimestre
622682;2024.0;n;8.0;2024-08-21;SP;116;89,8;PINDAMONHANGABA;Ausência de reação do condutor;Com Vítimas Feridas;3;Céu Claro;Pleno dia;quarta-feira;Colisão traseira;Dupla;0;0;-22.93930884;-45.37874708;Segura;Sudeste;3 Trimestre
621729;2024.0;n;8.0;2024-08-17;MS;163;134,8;NAVIRAI;Reação tardia ou ineficiente do condutor;Sem Vítimas;5;Céu Claro;Amanhecer;sábado;Derramamento de carga;Simples;0;0;-23.02477182;-54.29396095;Segura;Centro-Oeste;3 Trimestre
617708;2024.0;n;7.0;2024-07-29;RS;392;87;PELOTAS;Condutor deixou de manter distância do veículo da frente;Sem Vítimas;2;Céu Claro;Pleno dia;segunda-feira;Colisão traseira;Simples;0;0;-31.62766;-52.499901;Segura;Sul;3 Trimestre
666446;2025.0;n;3.0;2025-03-10;MG;262;802;UBERABA;Reação tardia ou ineficiente do condutor;Com Vítimas Feridas;1;Nublado;Plena Noite;segunda-feira;Saída de leito carroçável;Dupla;0;0;-19,770736;-47,906961;Segura;Sudeste;1 Trimestre
613920;2024.0;n;7.0;2024-07-12;PR;163;228;CASCAVEL;Avarias e/ou desgaste excessivo no pneu;Com Vítimas Fatais;5;Chuva;Pleno dia;sexta-feira;Saída de leito carroçável;Dupla;1;0;-24.81933355;-53.65619291;Perigosa;Sul;3 Trimestre
591342;2024.0;n;4.0;2024-04-02;MG;40;360,9;FELIXLANDIA;Ultrapassagem Indevida;Com Vítimas Feridas;5;Nublado;Pleno dia;terça-feira;Colisão lateral mesmo sentido;Simples;0;0;-18.7560336;-44.84591063;Segura;Sudeste;2 Trimestre
662195;2025.0;n;2.0;2025-02-18;RO;364;1;JI-PARANA;Reação tardia ou ineficiente do condutor;Sem Vítimas;3;Sol;Pleno dia;terça-feira;Tombamento;Simples;0;0;-10,92068833;-61,93040371;Segura;Norte;1 Trimestre
665891;2025.0;n;2.0;2025-02-26;BA;242;519;OLIVEIRA DOS BREJINHOS;Ultrapassagem Indevida;Com Vítimas Feridas;2;Céu Claro;Pleno dia;quarta-feira;Saída de leito carroçável;Simples;0;0;-12,307081;-42,61531;Segura;Nordeste;1 Trimestre
667567;2025.0;n;3.0;2025-03-16;GO;40;48,8;LUZIANIA;Acostamento em desnível;Sem Vítimas;3;Céu Claro;Pleno dia;domingo;Saída de leito carroçável;Simples;0;0;-16,432392;-47,815518;Segura;Centro-Oeste;1 Trimestre
590288;2024.0;n;3.0;2024-03-28;PB;230;24;JOAO PESSOA;Desvio temporário;Com Vítimas Feridas;2;Sol;Pleno dia;quinta-feira;Colisão lateral mesmo sentido;Dupla;0;1;-7.16800766;-34.86428378;Perigosa;Nordeste;1 Trimestre
669583;2025.0;n;3.0;2025-03-25;MG;365;139,8;VARZEA DA PALMA;Reação tardia ou ineficiente do condutor;Com Vítimas Feridas;2;Nublado;Plena Noite;terça-feira;Colisão com objeto;Simples;0;0;-17,196456;-44,820867;Segura;Sudeste;1 Trimestre
662825;2025.0;n;2.0;2025-02-21;SC;101;365;SANGAO;Ingestão de álcool pelo condutor;Com Vítimas Feridas;2;Céu Claro;Plena Noite;sexta-feira;Colisão traseira;Dupla;0;1;-28,68938296;-49,15935516;Perigosa;Sul;1 Trimestre
579180;2024.0;n;2.0;2024-02-05;RS;386;265;FONTOURA XAVIER;Acessar a via sem observar a presença dos outros veículos;Com Vítimas Feridas;3;Céu Claro;Pleno dia;segunda-feira;Colisão transversal;Simples;0;0;-28.928402;-52.379761;Segura;Sul;1 Trimestre
671017;2025.0;n;4.0;2025-04-02;RJ;493;23;MAGE;Ausência de reação do condutor;Com Vítimas Feridas;3;Nevoeiro/Neblina;Plena Noite;quarta-feira;Colisão lateral sentido oposto;Simples;0;1;-22,657;-43,072;Perigosa;Sudeste;2 Trimestre
572374;2024.0;n;1.0;2024-01-03;TO;153;143;ARAGUAINA;Transitar na contramão;Com Vítimas Fatais;5;Nublado;Pleno dia;quarta-feira;Colisão com objeto;Múltipla;1;0;-7.18866332;-48.23207966;Perigosa;Norte;1 Trimestre
614129;2024.0;n;7.0;2024-07-13;TO;153;362;FORTALEZA DO TABOCAO;Reação tardia ou ineficiente do condutor;Com Vítimas Feridas;3;Céu Claro;Pleno dia;sábado;Saída de leito carroçável;Simples;0;0;-9.0820211;-48.52401748;Segura;Norte;3 Trimestre
575482;2024.0;n;1.0;2024-01-18;PR;277;321,1;GUARAPUAVA;Reação tardia ou ineficiente do condutor;Com Vítimas Feridas;6;Céu Claro;Pleno dia;quinta-feira;Colisão lateral sentido oposto;Simples;0;0;-25.35344678;-51.22861718;Segura;Sul;1 Trimestre
588986;2024.0;n;3.0;2024-03-22;SP;116;226;GUARULHOS;Reação tardia ou ineficiente do condutor;Com Vítimas Feridas;2;Garoa/Chuvisco;Pleno dia;sexta-feira;Colisão lateral mesmo sentido;Múltipla;0;0;-23.49102507;-46.54878195;Segura;Sudeste;1 Trimestre
653282;2025.0;n;1.0;2025-01-05;ES;262;34;DOMINGOS MARTINS;Pista Escorregadia;Com Vítimas Feridas;1;Chuva;Pleno dia;domingo;Saída de leito carroçável;Simples;0;0;-20,37297172;-40,59246445;Segura;Sudeste;1 Trimestre
659421;2025.0;n;1.0;2025-01-14;MG;381;700;LAVRAS;Curva acentuada;Com Vítimas Feridas;2;Nublado;Amanhecer;terça-feira;Tombamento;Dupla;0;0;-21,31137883;-45,16451703;Segura;Sudeste;1 Trimestre
661037;2025.0;n;2.0;2025-02-13;PR;369;177;ROLANDIA;Condutor usando celular;Com Vítimas Feridas;2;Céu Claro;Amanhecer;quinta-feira;Saída de leito carroçável;Simples;0;0;-23,34267548;-51,38712072;Segura;Sul;1 Trimestre
652933;2025.0;n;1.0;2025-01-03;SC;101;196,7;BIGUACU;Reação tardia ou ineficiente do condutor;Com Vítimas Feridas;2;Sol;Pleno dia;sexta-feira;Colisão traseira;Múltipla;0;1;-27,51101091;-48,64322292;Perigosa;Sul;1 Trimestre
655606;2025.0;n;1.0;2025-01-17;CE;116;491,8;MILAGRES;Acessar a via sem observar a presença dos outros veículos;Com Vítimas Feridas;5;Chuva;Pleno dia;sexta-feira;Tombamento;Simples;0;1;-7,39928;-38,96197;Perigosa;Nordeste;1 Trimestre
589951;2024.0;n;3.0;2024-03-26;PE;101;80,4;JABOATAO DOS GUARARAPES;Desrespeitar a preferência no cruzamento;Com Vítimas Fatais;3;Céu Claro;Pleno dia;terça-feira;Colisão transversal;Múltipla;1;0;-8.15112589;-34.9428866;Perigosa;Nordeste;1 Trimestre
614484;2024.0;n;7.0;2024-07-14;MT;364;275;JACIARA;Ausência de reação do condutor;Com Vítimas Feridas;3;Céu Claro;Plena Noite;domingo;Saída de leito carroçável;Simples;0;0;-15.95085604;-54.98237599;Segura;Centro-Oeste;3 Trimestre
670138;2025.0;n;3.0;2025-03-28;SC;116;267,7;CAPAO ALTO;Demais falhas mecânicas ou elétricas;Com Vítimas Feridas;1;Nublado;Pleno dia;sexta-feira;Tombamento;Simples;0;0;-27,95658089;-50,48427874;Segura;Sul;1 Trimestre
592791;2024.0;n;4.0;2024-04-08;RS;290;262;CACHOEIRA DO SUL;Condutor deixou de manter distância do veículo da frente;Com Vítimas Feridas;3;Céu Claro;Plena Noite;segunda-feira;Colisão traseira;Simples;0;1;-30.2655234;-52.85848802;Perigosa;Sul;2 Trimestre
577896;2024.0;n;1.0;2024-01-29;MG;251;427,8;GRAO MOGOL;Velocidade Incompatível;Com Vítimas Feridas;2;Chuva;Pleno dia;segunda-feira;Tombamento;Simples;0;0;-16.33690716;-43.13798285;Segura;Sudeste;1 Trimestre
611956;2024.0;n;7.0;2024-07-04;SP;116;219;GUARULHOS;Trafegar com motocicleta (ou similar) entre as faixas;Com Vítimas Feridas;2;Céu Claro;Pleno dia;quinta-feira;Colisão lateral mesmo sentido;Múltipla;0;0;-23.46143954;-46.48885316;Segura;Sudeste;3 Trimestre
575370;2024.0;n;1.0;2024-01-17;ES;101;102,3;SOORETAMA;Condutor deixou de manter distância do veículo da frente;Com Vítimas Feridas;3;Céu Claro;Anoitecer;quarta-feira;Colisão traseira;Simples;0;0;-18.99655669;-40.00319452;Segura;Sudeste;1 Trimestre
653109;2025.0;n;1.0;2025-01-04;SC;282;59,2;RANCHO QUEIMADO;Conversão proibida;Com Vítimas Fatais;3;Céu Claro;Pleno dia;sábado;Colisão transversal;Simples;1;0;-27,676822;-49,015042;Perigosa;Sul;1 Trimestre
660749;2025.0;n;2.0;2025-02-11;MG;381;747,1;TRES CORACOES;Condutor Dormindo;Sem Vítimas;2;Nublado;Pleno dia;terça-feira;Saída de leito carroçável;Dupla;0;0;-21,62500336;-45,26747847;Segura;Sudeste;1 Trimestre
659334;2025.0;n;2.0;2025-02-05;PR;153;98,1;JAPIRA;Ingestão de álcool pelo condutor;Com Vítimas Feridas;3;Chuva;Plena Noite;quarta-feira;Colisão traseira;Simples;0;1;-23,75551706;-50,18407866;Perigosa;Sul;1 Trimestre
616120;2024.0;n;7.0;2024-07-22;MG;262;692;ARAXA;Condutor deixou de manter distância do veículo da frente;Com Vítimas Feridas;2;Céu Claro;Pleno dia;segunda-feira;Colisão traseira;Simples;0;0;-19.55236355;-46.96044445;Segura;Sudeste;3 Trimestre
580762;2024.0;n;2.0;2024-02-12;MG;381;534,9;ITATIAIUCU;Condutor Dormindo;Com Vítimas Feridas;1;Céu Claro;Pleno dia;segunda-feira;Saída de leito carroçável;Dupla;0;0;-20.20728901;-44.39007699;Segura;Sudeste;1 Trimestre
666495;2025.0;n;3.0;2025-03-11;RS;290;586;ALEGRETE;Animais na Pista;Com Vítimas Feridas;4;Céu Claro;Amanhecer;terça-feira;Atropelamento de Animal;Simples;0;0;-29,806739;-55,83445;Segura;Sul;1 Trimestre
652726;2025.0;n;1.0;2025-01-02;RJ;493;103;SEROPEDICA;Avarias e/ou desgaste excessivo no pneu;Com Vítimas Feridas;1;Céu Claro;Pleno dia;quinta-feira;Queda de ocupante de veículo;Dupla;0;0;-22,768291;-43,73893;Segura;Sudeste;1 Trimestre
653728;2025.0;n;1.0;2025-01-07;PR;277;508,2;GUARANIACU;Transitar na contramão;Com Vítimas Feridas;5;Sol;Pleno dia;terça-feira;Colisão frontal;Simples;0;0;-25,12868099;-52,73870599;Segura;Sul;1 Trimestre
610101;2024.0;n;6.0;2024-06-26;MT;364;494;JANGADA;Frear bruscamente;Com Vítimas Feridas;5;Céu Claro;Pleno dia;quarta-feira;Engavetamento;Simples;0;0;-15.29227197;-56.43455719;Segura;Centro-Oeste;2 Trimestre
627894;2024.0;n;9.0;2024-09-14;BA;415;24;ILHEUS;Velocidade Incompatível;Sem Vítimas;2;Céu Claro;Plena Noite;sábado;Colisão traseira;Simples;0;0;-14.8482;-39.281986;Segura;Nordeste;3 Trimestre
668352;2025.0;n;3.0;2025-03-20;MG;40;414,2;CURVELO;Ausência de reação do condutor;Com Vítimas Feridas;1;Céu Claro;Plena Noite;quinta-feira;Saída de leito carroçável;Simples;0;0;-19,13811;-44,61797;Segura;Sudeste;1 Trimestre
617672;2024.0;n;7.0;2024-07-29;RJ;116;249;PIRAI;Condutor deixou de manter distância do veículo da frente;Com Vítimas Feridas;3;Sol;Pleno dia;segunda-feira;Colisão traseira;Dupla;0;0;-22.59967462;-43.95005595;Segura;Sudeste;3 Trimestre
653488;2025.0;n;1.0;2025-01-06;MS;158;33,8;PARANAIBA;Demais falhas mecânicas ou elétricas;Com Vítimas Feridas;1;Céu Claro;Pleno dia;segunda-feira;Saída de leito carroçável;Simples;0;0;-19,26124717;-51,50069016;Segura;Centro-Oeste;1 Trimestre
661066;2025.0;n;2.0;2025-02-13;MG;40;639,9;CONSELHEIRO LAFAIETE;Conversão proibida;Com Vítimas Fatais;4;Sol;Pleno dia;quinta-feira;Colisão transversal;Simples;1;1;-20,744208;-43,801942;Perigosa;Sudeste;1 Trimestre
609772;2024.0;n;6.0;2024-06-24;PR;376;160;MARINGA;Reação tardia ou ineficiente do condutor;Com Vítimas Feridas;3;Céu Claro;Pleno dia;segunda-feira;Tombamento;Dupla;0;0;-23.36838484;-52.06572891;Segura;Sul;2 Trimestre
627495;2024.0;n;9.0;2024-09-12;SP;116;211;GUARULHOS;Manobra de mudança de faixa;Com Vítimas Feridas;2;Céu Claro;Pleno dia;quinta-feira;Colisão lateral mesmo sentido;Dupla;0;0;-23.4324306;-46.4194352;Segura;Sudeste;3 Trimestre
601928;2024.0;n;5.0;2024-05-20;RS;285;188,1;LAGOA VERMELHA;Reação tardia ou ineficiente do condutor;Sem Vítimas;3;Nublado;Pleno dia;segunda-feira;Colisão lateral mesmo sentido;Simples;0;0;-28.281801;-51.467041;Segura;Sul;2 Trimestre
629525;2024.0;n;9.0;2024-09-21;BA;116;693;JEQUIE;Transitar na contramão;Com Vítimas Feridas;3;Céu Claro;Plena Noite;sábado;Colisão frontal;Simples;0;1;-13.96659696;-40.16971216;Perigosa;Nordeste;3 Trimestre
604235;2024.0;n;5.0;2024-05-31;MG;365;518;MONTE CARMELO;Ausência de reação do condutor;Com Vítimas Feridas;1;Sol;Pleno dia;sexta-feira;Saída de leito carroçável;Simples;0;1;-18.91547937;-47.38720199;Perigosa;Sudeste;2 Trimestre
620186;2024.0;n;8.0;2024-08-09;PR;476;162;ARAUCARIA;Velocidade Incompatível;Com Vítimas Feridas;2;Nublado;Plena Noite;sexta-feira;Colisão traseira;Dupla;0;0;-25.627626;-49.454449;Segura;Sul;3 Trimestre
661140;2025.0;n;2.0;2025-02-13;SP;381;62;MAIRIPORA;Chuva;Com Vítimas Feridas;2;Chuva;Pleno dia;quinta-feira;Saída de leito carroçável;Dupla;0;0;-23,29437896;-46,57254696;Segura;Sudeste;1 Trimestre
608948;2024.0;n;6.0;2024-06-21;MS;262;487,2;ANASTACIO;Ausência de reação do condutor;Com Vítimas Fatais;5;Céu Claro;Pleno dia;sexta-feira;Colisão lateral sentido oposto;Simples;1;0;-20.49896967;-55.78739397;Perigosa;Centro-Oeste;2 Trimestre
594253;2024.0;n;4.0;2024-04-15;MT;364;328,6;CAMPO VERDE;Condutor deixou de manter distância do veículo da frente;Com Vítimas Feridas;5;Nublado;Plena Noite;segunda-feira;Colisão traseira;Dupla;0;0;-15.81572524;-55.39421693;Segura;Centro-Oeste;2 Trimestre
595842;2024.0;n;4.0;2024-04-23;GO;60;99,8;ANAPOLIS;Condutor deixou de manter distância do veículo da frente;Com Vítimas Feridas;2;Céu Claro;Pleno dia;terça-feira;Colisão traseira;Múltipla;0;1;-16.3924;-48.9588;Perigosa;Centro-Oeste;2 Trimestre
588791;2024.0;n;3.0;2024-03-21;SC;470;220;SAO CRISTOVAO DO SUL;Ausência de reação do condutor;Com Vítimas Feridas;1;Nublado;Pleno dia;quinta-feira;Tombamento;Simples;0;0;-27.309702;-50.30975;Segura;Sul;1 Trimestre
578019;2024.0;n;1.0;2024-01-30;SC;480;123,7;CHAPECO;Manobra de mudança de faixa;Sem Vítimas;2;Sol;Pleno dia;terça-feira;Colisão com objeto;Dupla;0;0;-27.00173676;-52.64475703;Segura;Sul;1 Trimestre
579033;2024.0;n;2.0;2024-02-04;RJ;116;111;GUAPIMIRIM;Reação tardia ou ineficiente do condutor;Com Vítimas Feridas;3;Céu Claro;Plena Noite;domingo;Atropelamento de Pedestre;Simples;0;0;-22.55838319;-42.99482067;Segura;Sudeste;1 Trimestre
613511;2024.0;n;7.0;2024-07-10;MG;365;701;MONTE ALEGRE DE MINAS;Condutor Dormindo;Com Vítimas Feridas;3;Céu Claro;Anoitecer;quarta-feira;Colisão traseira;Dupla;0;0;-18.88052284;-49.007675;Segura;Sudeste;3 Trimestre
607564;2024.0;n;6.0;2024-06-15;SC;116;218,7;CORREIA PINTO;Transitar na contramão;Com Vítimas Feridas;5;Céu Claro;Plena Noite;sábado;Colisão lateral sentido oposto;Simples;0;1;-27.56247698;-50.37616896;Perigosa;Sul;2 Trimestre
607835;2024.0;n;6.0;2024-06-15;PR;163;168;LINDOESTE;Ingestão de álcool pelo condutor;Com Vítimas Feridas;4;Céu Claro;Plena Noite;sábado;Colisão frontal;Simples;0;2;-25.29248982;-53.57038619;Perigosa;Sul;2 Trimestre
670654;2025.0;n;3.0;2025-03-31;MG;40;588,5;ITABIRITO;Ausência de reação do condutor;Com Vítimas Feridas;1;Nublado;Plena Noite;segunda-feira;Tombamento;Simples;0;1;-20,38121256;-43,90640257;Perigosa;Sudeste;1 Trimestre
652962;2025.0;n;1.0;2025-01-03;SP;116;138;SAO JOSE DOS CAMPOS;Reação tardia ou ineficiente do condutor;Com Vítimas Feridas;1;Céu Claro;Pleno dia;sexta-feira;Queda de ocupante de veículo;Dupla;0;0;-23,1572739;-45,79554605;Segura;Sudeste;1 Trimestre
627431;2024.0;n;9.0;2024-09-11;RS;285;323,8;PASSO FUNDO;Ultrapassagem Indevida;Com Vítimas Feridas;3;Céu Claro;Plena Noite;quarta-feira;Colisão lateral mesmo sentido;Simples;0;0;-28.272329;-52.649574;Segura;Sul;3 Trimestre
576803;2024.0;n;1.0;2024-01-24;CE;222;278;FRECHEIRINHA;Condutor deixou de manter distância do veículo da frente;Com Vítimas Feridas;5;Garoa/Chuvisco;Pleno dia;quarta-feira;Colisão lateral mesmo sentido;Simples;0;1;-3.75925239;-40.80011108;Perigosa;Nordeste;1 Trimestre
598039;2024.0;n;5.0;2024-05-03;GO;60;120,3;TEREZOPOLIS DE GOIAS;Avarias e/ou desgaste excessivo no pneu;Com Vítimas Feridas;1;Céu Claro;Pleno dia;sexta-feira;Capotamento;Dupla;0;0;-16.4979;-49.1065;Segura;Centro-Oeste;2 Trimestre
613672;2024.0;n;7.0;2024-07-11;TO;153;406;MIRANORTE;Reação tardia ou ineficiente do condutor;Com Vítimas Feridas;4;Céu Claro;Pleno dia;quinta-feira;Colisão traseira;Simples;0;0;-9.46338196;-48.57985022;Segura;Norte;3 Trimestre
582290;2024.0;n;2.0;2024-02-20;RS;285;455,3;IJUI;Desrespeitar a preferência no cruzamento;Com Vítimas Feridas;3;Céu Claro;Pleno dia;terça-feira;Colisão transversal;Simples;0;1;-28.38475555;-53.88759613;Perigosa;Sul;1 Trimestre
656693;2025.0;n;1.0;2025-01-22;BA;324;609;SIMOES FILHO;Condutor deixou de manter distância do veículo da frente;Com Vítimas Feridas;3;Céu Claro;Pleno dia;quarta-feira;Engavetamento;Dupla;0;0;-12,838656;-38,414324;Segura;Nordeste;1 Trimestre
668709;2025.0;n;3.0;2025-03-21;MG;381;337;NOVA ERA;Velocidade Incompatível;Com Vítimas Feridas;2;Céu Claro;Plena Noite;sexta-feira;Tombamento;Simples;0;0;-19,803975;-43,061225;Segura;Sudeste;1 Trimestre
610248;2024.0;n;6.0;2024-06-26;MG;365;220;BURITIZEIRO;Demais Fenômenos da natureza;Sem Vítimas;2;Céu Claro;Pleno dia;quarta-feira;Incêndio;Simples;0;0;-17.76307326;-45.41748047;Segura;Sudeste;2 Trimestre
592776;2024.0;n;4.0;2024-04-08;RS;470;52,5;LAGOA VERMELHA;Transitar na contramão;Com Vítimas Feridas;2;Céu Claro;Plena Noite;segunda-feira;Colisão lateral sentido oposto;Simples;0;0;-28.203287;-51.525436;Segura;Sul;2 Trimestre
613793;2024.0;n;7.0;2024-07-11;DF;20;39,8;BRASILIA;Ausência de reação do condutor;Com Vítimas Feridas;4;Céu Claro;Plena Noite;quinta-feira;Colisão traseira;Dupla;0;1;-15.581864;-47.521973;Perigosa;Centro-Oeste;3 Trimestre
614744;2024.0;n;7.0;2024-07-16;PR;369;44,5;BANDEIRANTES;Velocidade Incompatível;Com Vítimas Feridas;1;Nublado;Plena Noite;terça-feira;Tombamento;Simples;0;0;-23.089194;-50.285675;Segura;Sul;3 Trimestre
608111;2024.0;n;5.0;2024-05-20;PR;376;665,9;GUARATUBA;Problema com o freio;Com Vítimas Feridas;2;Nublado;Plena Noite;segunda-feira;Colisão traseira;Simples;0;2;-25.85455838;-48.95670808;Perigosa;Sul;2 Trimestre