id;ano;feriado;mes;data_inversa;uf;br;km;municipio;causa_acidente;classificacao_acidente;veiculos;condicao_metereologica;fase_dia;dia_semana;tipo_acidente;tipo_pista;mortos;feridos_graves;latitude;longitude;status;regiao;periodo
608952;2024.0;n;6.0;2024-06-21;MG;50;72;UBERLANDIA;Ausência de reação do condutor;Com Vítimas Feridas;2;Sol;Pleno dia;sexta-feira;Tombamento;Múltipla;0;0;-18.90364144;-48.23440444;Segura;Sudeste;2 Trimestre
586496;2024.0;n;3.0;2024-03-11;MG;40;583,5;ITABIRITO;Velocidade Incompatível;Com Vítimas Feridas;4;Céu Claro;Pleno dia;segunda-feira;Colisão com objeto;Simples;0;1;-20.31930517;-43.93397532;Perigosa;Sudeste;1 Trimestre
686758;2025.0;n;4.0;2025-04-22;PR;376;460,1;TIBAGI;Reação tardia ou ineficiente do condutor;Com Vítimas Fatais;2;Céu Claro;Pleno dia;terça-feira;Tombamento;Dupla;1;0;-24,9466;-50,3955;Perigosa;Sul;2 Trimestre
615191;2024.0;n;7.0;2024-07-18;MG;381;453,9;SABARA;Condutor deixou de manter distância do veículo da frente;Com Vítimas Feridas;3;Céu Claro;Pleno dia;quinta-feira;Colisão traseira;Simples;0;0;-19.85197588;-43.88851019;Segura;Sudeste;3 Trimestre
582487;2024.0;n;2.0;2024-02-21;RS;101;43,5;TERRA DE AREIA;Reação tardia ou ineficiente do condutor;Com Vítimas Feridas;4;Nublado;Plena Noite;quarta-feira;Colisão traseira;Simples;0;1;-29.563147;-50.047315;Perigosa;Sul;1 Trimestre
578003;2024.0;n;1.0;2024-01-30;RJ;116;225;PIRAI;Ausência de reação do condutor;Com Vítimas Feridas;4;Sol;Pleno dia;terça-feira;Colisão traseira;Dupla;0;0;-22.679905;-43.814217;Segura;Sudeste;1 Trimestre
624251;2024.0;n;8.0;2024-08-28;MG;262;606;CAMPOS ALTOS;Ultrapassagem Indevida;Com Vítimas Fatais;4;Céu Claro;Plena Noite;quarta-feira;Colisão frontal;Simples;1;1;-19.63074085;-46.26259386;Perigosa;Sudeste;3 Trimestre
617787;2024.0;n;7.0;2024-07-29;PR;373;476;CORONEL VIVIDA;Ausência de reação do condutor;Com Vítimas Feridas;3;Nublado;Plena Noite;segunda-feira;Colisão frontal;Simples;0;1;-25.96350986;-52.5197692;Perigosa;Sul;3 Trimestre
627691;2024.0;n;9.0;2024-09-13;PE;408;86,5;SAO LOURENCO DA MATA;Reação tardia ou ineficiente do condutor;Com Vítimas Fatais;1;Nublado;Pleno dia;sexta-feira;Capotamento;Dupla;1;0;-7.963616;-35.093209;Perigosa;Nordeste;3 Trimestre
616223;2024.0;n;7.0;2024-07-22;PR;277;6,5;PARANAGUA;Acesso irregular;Sem Vítimas;4;Céu Claro;Pleno dia;segunda-feira;Colisão com objeto;Dupla;0;0;-25.516909;-48.523914;Segura;Sul;3 Trimestre
656513;2025.0;n;1.0;2025-01-21;SC;470;145;RIO DO SUL;Acessar a via sem observar a presença dos outros veículos;Com Vítimas Feridas;3;Céu Claro;Pleno dia;terça-feira;Colisão transversal;Dupla;0;1;-27,237301;-49,682217;Perigosa;Sul;1 Trimestre
601676;2024.0;n;5.0;2024-05-19;MA;10;251,5;IMPERATRIZ;Desrespeitar a preferência no cruzamento;Com Vítimas Feridas;3;Céu Claro;Pleno dia;domingo;Colisão transversal;Simples;0;0;-5.543249;-47.464447;Segura;Nordeste;2 Trimestre
583959;2024.0;n;2.0;2024-02-29;GO;153;6;PORANGATU;Reação tardia ou ineficiente do condutor;Com Vítimas Feridas;2;Céu Claro;Plena Noite;quinta-feira;Colisão traseira;Simples;0;1;-12.887886;-49.110176;Perigosa;Centro-Oeste;1 Trimestre
654584;2025.0;n;1.0;2025-01-12;MG;365;90,5;JEQUITAI;Reação tardia ou ineficiente do condutor;Com Vítimas Feridas;3;Chuva;Pleno dia;domingo;Colisão transversal;Simples;0;1;-17,2046899;-44,44052917;Perigosa;Sudeste;1 Trimestre
616847;2024.0;n;7.0;2024-07-25;ES;262;162;IBATIBA;Carga excessiva e/ou mal acondicionada;Com Vítimas Feridas;3;Céu Claro;Pleno dia;quinta-feira;Colisão com objeto;Simples;0;1;-20.23593228;-41.53109078;Perigosa;Sudeste;3 Trimestre
617851;2024.0;n;7.0;2024-07-29;PA;163;880;BELTERRA;Demais falhas mecânicas ou elétricas;Sem Vítimas;1;Céu Claro;Pleno dia;segunda-feira;Incêndio;Simples;0;0;-3.40408802;-54.91258988;Segura;Norte;3 Trimestre
618586;2024.0;n;8.0;2024-08-02;GO;452;8,8;RIO VERDE;Reação tardia ou ineficiente do condutor;Com Vítimas Feridas;3;Céu Claro;Plena Noite;sexta-feira;Saída de leito carroçável;Simples;0;0;-17.82421698;-50.83685499;Segura;Centro-Oeste;3 Trimestre
596367;2024.0;n;4.0;2024-04-25;SC;116;145;SANTA CECILIA;Carga excessiva e/ou mal acondicionada;Com Vítimas Feridas;3;Garoa/Chuvisco;Anoitecer;quinta-feira;Tombamento;Simples;0;0;-26.9952408;-50.40782997;Segura;Sul;2 Trimestre
687314;2025.0;n;4.0;2025-04-25;AC;364;122;RIO BRANCO;Manobra de mudança de faixa;Com Vítimas Feridas;5;Céu Claro;Plena Noite;sexta-feira;Colisão traseira;Dupla;0;0;-10,01175977;-67,78147101;Segura;Norte;2 Trimestre
586719;2024.0;n;3.0;2024-03-12;GO;60;421;RIO VERDE;Condutor Dormindo;Com Vítimas Feridas;2;Céu Claro;Plena Noite;terça-feira;Saída de leito carroçável;Dupla;0;0;-17.82152738;-51.25308752;Segura;Centro-Oeste;1 Trimestre
670905;2025.0;n;3.0;2025-03-31;BA;101;422;IBIRAPITANGA;Demais falhas mecânicas ou elétricas;Com Vítimas Feridas;1;Chuva;Plena Noite;segunda-feira;Saída de leito carroçável;Simples;0;0;-14,13422279;-39,35817008;Segura;Nordeste;1 Trimestre
653773;2025.0;n;1.0;2025-01-07;PR;277;102;SAO JOSE DOS PINHAIS;Reação tardia ou ineficiente do condutor;Sem Vítimas;2;Nublado;Plena Noite;terça-feira;Colisão lateral mesmo sentido;Dupla;0;0;-25,569698;-49,18132782;Segura;Sul;1 Trimestre
593074;2024.0;n;4.0;2024-04-10;GO;20;51;FORMOSA;Ultrapassagem Indevida;Com Vítimas Feridas;2;Céu Claro;Pleno dia;quarta-feira;Colisão frontal;Simples;0;0;-15.320267;-47.134056;Segura;Centro-Oeste;2 Trimestre
660534;2025.0;n;2.0;2025-02-10;ES;262;122,9;VENDA NOVA DO IMIGRANTE;Demais falhas mecânicas ou elétricas;Com Vítimas Feridas;2;Sol;Pleno dia;segunda-feira;Tombamento;Simples;0;0;-20,29353997;-41,23936799;Segura;Sudeste;1 Trimestre
617694;2024.0;n;7.0;2024-07-29;GO;364;367,8;MINEIROS;Demais falhas mecânicas ou elétricas;Sem Vítimas;4;Céu Claro;Plena Noite;segunda-feira;Incêndio;Simples;0;0;-17.388229;-53.052143;Segura;Centro-Oeste;3 Trimestre
610065;2024.0;n;6.0;2024-06-25;SC;282;644;SAO MIGUEL DO OESTE;Transitar na contramão;Com Vítimas Feridas;3;Nevoeiro/Neblina;Plena Noite;terça-feira;Colisão frontal;Simples;0;1;-26.769157;-53.479385;Perigosa;Sul;2 Trimestre
589679;2024.0;n;3.0;2024-03-25;MT;364;459,2;JANGADA;Acumulo de água sobre o pavimento;Com Vítimas Fatais;4;Chuva;Pleno dia;segunda-feira;Colisão frontal;Simples;1;0;-15.32587484;-56.42696975;Perigosa;Centro-Oeste;1 Trimestre
662253;2025.0;n;2.0;2025-02-18;PR;476;162;ARAUCARIA;Manobra de mudança de faixa;Com Vítimas Feridas;2;Nublado;Plena Noite;terça-feira;Colisão traseira;Simples;0;0;-25,631102;-49,45784;Segura;Sul;1 Trimestre
574159;2024.0;n;1.0;2024-01-12;MA;135;105;ITAPECURU MIRIM;Reação tardia ou ineficiente do condutor;Com Vítimas Feridas;7;Chuva;Pleno dia;sexta-feira;Colisão frontal;Simples;0;1;-3.39583238;-44.50239179;Perigosa;Nordeste;1 Trimestre
602201;2024.0;n;2.0;2024-02-20;MT;364;498;JANGADA;Demais falhas mecânicas ou elétricas;Com Vítimas Feridas;4;Céu Claro;Plena Noite;terça-feira;Incêndio;Simples;0;0;-15.26383164;-56.45548663;Segura;Centro-Oeste;1 Trimestre
658661;2025.0;n;2.0;2025-02-01;RO;364;18;VILHENA;Reação tardia ou ineficiente do condutor;Com Vítimas Feridas;2;Chuva;Pleno dia;sábado;Colisão traseira;Simples;0;1;-12,72972661;-60,17479789;Perigosa;Norte;1 Trimestre
652887;2025.0;n;1.0;2025-01-03;RO;364;130,5;PIMENTA BUENO;Animais na Pista;Com Vítimas Feridas;1;Céu Claro;Amanhecer;sexta-feira;Atropelamento de Animal;Simples;0;0;-11,47694099;-61,39322799;Segura;Norte;1 Trimestre
613471;2024.0;n;7.0;2024-07-07;BA;116;450,9;ANTONIO CARDOSO;Avarias e/ou desgaste excessivo no pneu;Sem Vítimas;4;Nublado;Plena Noite;domingo;Incêndio;Dupla;0;0;-12.38094585;-39.12805308;Segura;Nordeste;3 Trimestre
625309;2024.0;n;9.0;2024-09-02;PR;373;391;CANDOI;Ultrapassagem Indevida;Com Vítimas Feridas;3;Céu Claro;Pleno dia;segunda-feira;Colisão lateral sentido oposto;Simples;0;1;-25.52466;-51.98322;Perigosa;Sul;3 Trimestre
665280;2025.0;n;3.0;2025-03-05;SC;101;43;JOINVILLE;Reação tardia ou ineficiente do condutor;Sem Vítimas;2;Céu Claro;Pleno dia;quarta-feira;Colisão traseira;Simples;0;0;-26,34026834;-48,85937691;Segura;Sul;1 Trimestre
689462;2025.0;n;1.0;2025-01-15;MG;116;701,8;MURIAE;Retorno proibido;Com Vítimas Feridas;2;Nublado;Plena Noite;quarta-feira;Colisão transversal;Simples;0;0;-21,11883833;-42,3801279;Segura;Sudeste;1 Trimestre
672069;2025.0;n;4.0;2025-04-06;MG;381;457;BELO HORIZONTE;Ausência de reação do condutor;Com Vítimas Feridas;2;Céu Claro;Plena Noite;domingo;Colisão traseira;Dupla;0;0;-19,84487591;-43,88683683;Segura;Sudeste;2 Trimestre
606122;2024.0;n;6.0;2024-06-08;ES;101;165;LINHARES;Condutor deixou de manter distância do veículo da frente;Com Vítimas Feridas;6;Céu Claro;Plena Noite;sábado;Colisão traseira;Simples;0;0;-19.51360307;-40.1399459;Segura;Sudeste;2 Trimestre
659979;2025.0;n;2.0;2025-02-08;MT;364;348,8;SANTO ANTONIO DO LEVERGER;Reação tardia ou ineficiente do condutor;Com Vítimas Feridas;2;Céu Claro;Amanhecer;sábado;Saída de leito carroçável;Dupla;0;1;-15,80416834;-55,55429598;Perigosa;Centro-Oeste;1 Trimestre
654861;2025.0;n;1.0;2025-01-13;BA;116;898;CANDIDO SALES;Condutor deixou de manter distância do veículo da frente;Com Vítimas Feridas;2;Chuva;Pleno dia;segunda-feira;Saída de leito carroçável;Simples;0;0;-15,425924;-41,218023;Segura;Nordeste;1 Trimestre
625678;2024.0;n;9.0;2024-09-04;ES;101;287,5;CARIACICA;Condutor deixou de manter distância do veículo da frente;Com Vítimas Feridas;2;Céu Claro;Pleno dia;quarta-feira;Colisão traseira;Dupla;0;1;-20.26493528;-40.38471702;Perigosa;Sudeste;3 Trimestre
663582;2025.0;n;2.0;2025-02-25;GO;153;699,4;ITUMBIARA;Acessar a via sem observar a presença dos outros veículos;Com Vítimas Feridas;4;Céu Claro;Pleno dia;terça-feira;Colisão lateral sentido oposto;Simples;0;0;-18,38125495;-49,20947671;Segura;Centro-Oeste;1 Trimestre
580921;2024.0;n;2.0;2024-02-13;RS;285;253;GENTIL;Avarias e/ou desgaste excessivo no pneu;Sem Vítimas;2;Chuva;Pleno dia;terça-feira;Colisão frontal;Simples;0;0;-28.297823;-52.010067;Segura;Sul;1 Trimestre
657392;2025.0;n;1.0;2025-01-26;BA;116;456,7;SANTO ESTEVAO;Ingestão de álcool pelo condutor;Sem Vítimas;5;Céu Claro;Plena Noite;domingo;Colisão lateral mesmo sentido;Dupla;0;0;-12,40612105;-39,17593097;Segura;Nordeste;1 Trimestre
604849;2024.0;n;6.0;2024-06-03;SP;116;332;JUQUITIBA;Reação tardia ou ineficiente do condutor;Com Vítimas Feridas;1;Nublado;Plena Noite;segunda-feira;Colisão com objeto;Dupla;0;0;-23.95597045;-47.1100868;Segura;Sudeste;2 Trimestre
574655;2024.0;n;1.0;2024-01-14;BA;101;511;ITABUNA;Condutor deixou de manter distância do veículo da frente;Com Vítimas Feridas;2;Céu Claro;Pleno dia;domingo;Eventos atípicos;Simples;0;0;-14.847359;-39.282377;Segura;Nordeste;1 Trimestre
601226;2024.0;n;5.0;2024-05-18;PR;369;475,4;CORBELIA;Ingestão de álcool pelo condutor;Com Vítimas Feridas;2;Nublado;Plena Noite;sábado;Colisão lateral sentido oposto;Simples;0;0;-24.731245;-53.252291;Segura;Sul;2 Trimestre
592511;2024.0;n;4.0;2024-04-07;PE;316;23;ARARIPINA;Transitar na contramão;Com Vítimas Feridas;2;Céu Claro;Plena Noite;domingo;Colisão frontal;Simples;0;0;-7.58229315;-40.50694911;Segura;Nordeste;2 Trimestre
684879;2025.0;n;2.0;2025-02-17;PE;423;118;PARANATAMA;Transitar na contramão;Com Vítimas Fatais;3;Sol;Pleno dia;segunda-feira;Colisão frontal;Simples;1;2;-8,90888501;-36,677759;Perigosa;Nordeste;1 Trimestre
672651;2025.0;n;4.0;2025-04-09;MT;163;946;NOVA SANTA HELENA;Condutor deixou de manter distância do veículo da frente;Com Vítimas Feridas;3;Céu Claro;Plena Noite;quarta-feira;Colisão traseira;Simples;0;1;-10,92395221;-55,20357907;Perigosa;Centro-Oeste;2 Trimestre
615083;2024.0;n;7.0;2024-07-17;PR;116;152;MANDIRITUBA;Acessar a via sem observar a presença dos outros veículos;Com Vítimas Feridas;3;Céu Claro;Anoitecer;quarta-feira;Colisão transversal;Simples;0;0;-25.86230045;-49.3619067;Segura;Sul;3 Trimestre
626097;2024.0;n;9.0;2024-09-06;PR;277;580,5;CASCAVEL;Velocidade Incompatível;Com Vítimas Feridas;4;Céu Claro;Amanhecer;sexta-feira;Colisão traseira;Dupla;0;2;-24.984741;-53.368952;Perigosa;Sul;3 Trimestre
658885;2025.0;n;2.0;2025-02-02;MS;163;370,7;NOVA ALVORADA DO SUL;Acessar a via sem observar a presença dos outros veículos;Com Vítimas Fatais;3;Céu Claro;Plena Noite;domingo;Colisão transversal;Dupla;1;0;-21,42250376;-54,38565772;Perigosa;Centro-Oeste;1 Trimestre
577015;2024.0;n;1.0;2024-01-25;BA;116;586;IRAJUBA;Manobra de mudança de faixa;Com Vítimas Feridas;2;Chuva;Plena Noite;quinta-feira;Tombamento;Simples;0;0;-13.10964805;-39.99424704;Segura;Nordeste;1 Trimestre
630471;2024.0;n;9.0;2024-09-25;MG;40;473,5;SETE LAGOAS;Manobra de mudança de faixa;Sem Vítimas;2;Céu Claro;Pleno dia;quarta-feira;Colisão lateral mesmo sentido;Múltipla;0;0;-19.496351;-44.27992;Segura;Sudeste;3 Trimestre
653710;2025.0;n;1.0;2025-01-07;MG;116;275,5;TEOFILO OTONI;Faixas de trânsito com largura insuficiente;Com Vítimas Feridas;2;Nublado;Pleno dia;terça-feira;Colisão lateral mesmo sentido;Dupla;0;0;-17,846454;-41,51549;Segura;Sudeste;1 Trimestre
688203;2025.0;y;4.0;2025-04-18;MG;153;33;CENTRALINA;Reação tardia ou ineficiente do condutor;Com Vítimas Feridas;1;Céu Claro;Amanhecer;sexta-feira;Saída de leito carroçável;Dupla;0;2;-18,704364;-49,141867;Perigosa;Sudeste;2 Trimestre
586830;2024.0;n;3.0;2024-03-12;SP;116;216;GUARULHOS;Ausência de reação do condutor;Com Vítimas Feridas;3;Nublado;Anoitecer;terça-feira;Colisão traseira;Múltipla;0;0;-23.45056589;-46.46258105;Segura;Sudeste;1 Trimestre
652652;2025.0;y;1.0;2025-01-01;MG;251;319,4;SALINAS;Transitar na contramão;Com Vítimas Fatais;2;Nublado;Pleno dia;quarta-feira;Colisão frontal;Simples;2;0;-16,17279;-42,33262;Perigosa;Sudeste;1 Trimestre
610268;2024.0;n;6.0;2024-06-26;RJ;116;33;SAPUCAIA;Velocidade Incompatível;Com Vítimas Feridas;2;Céu Claro;Plena Noite;quarta-feira;Saída de leito carroçável;Simples;0;1;-22.086487;-42.811764;Perigosa;Sudeste;2 Trimestre
653087;2025.0;n;1.0;2025-01-04;RJ;116;176;SAO JOAO DE MERITI;Demais falhas mecânicas ou elétricas;Com Vítimas Feridas;1;Céu Claro;Pleno dia;sábado;Queda de ocupante de veículo;Dupla;0;0;-22,7839538;-43,38195488;Segura;Sudeste;1 Trimestre
623369;2024.0;n;8.0;2024-08-24;BA;407;17;JUAZEIRO;Transitar na contramão;Com Vítimas Feridas;3;Céu Claro;Pleno dia;sábado;Colisão lateral sentido oposto;Simples;0;1;-9.54498691;-40.4441168;Perigosa;Nordeste;3 Trimestre
573794;2024.0;n;1.0;2024-01-10;BA;101;240;CONCEICAO DO ALMEIDA;Mal súbito do condutor;Com Vítimas Feridas;3;Céu Claro;Pleno dia;quarta-feira;Colisão lateral sentido oposto;Simples;0;0;-12.88117996;-39.21999041;Segura;Nordeste;1 Trimestre
575259;2024.0;n;1.0;2024-01-17;PR;376;131;NOVA ESPERANCA;Reação tardia ou ineficiente do condutor;Com Vítimas Feridas;1;Céu Claro;Pleno dia;quarta-feira;Saída de leito carroçável;Dupla;0;0;-23.17841393;-52.22515697;Segura;Sul;1 Trimestre
592407;2024.0;n;4.0;2024-04-07;MG;50;41;ARAGUARI;Ausência de reação do condutor;Com Vítimas Feridas;3;Céu Claro;Pleno dia;domingo;Colisão traseira;Dupla;0;0;-18.682136;-48.17887197;Segura;Sudeste;2 Trimestre
617146;2024.0;n;7.0;2024-07-27;SC;282;580;PINHALZINHO;Ingestão de álcool pelo condutor;Com Vítimas Feridas;4;Céu Claro;Plena Noite;sábado;Colisão traseira;Múltipla;0;0;-26.832148;-52.994308;Segura;Sul;3 Trimestre
672788;2025.0;n;4.0;2025-04-10;RJ;101;331;RIO DE JANEIRO;Demais falhas mecânicas ou elétricas;Com Vítimas Feridas;2;Céu Claro;Pleno dia;quinta-feira;Colisão com objeto;Múltipla;0;0;-22,86921599;-43,1848526;Segura;Sudeste;2 Trimestre
590425;2024.0;n;3.0;2024-03-28;RO;364;216,6;PIMENTA BUENO;Pista Escorregadia;Com Vítimas Feridas;3;Chuva;Plena Noite;quinta-feira;Colisão lateral sentido oposto;Simples;0;0;-11.54917;-61.296797;Segura;Norte;1 Trimestre
598427;2024.0;n;5.0;2024-05-05;MT;364;346;SANTO ANTONIO DO LEVERGER;Reação tardia ou ineficiente do condutor;Com Vítimas Feridas;2;Céu Claro;Pleno dia;domingo;Tombamento;Dupla;0;0;-15.81193889;-55.53981241;Segura;Centro-Oeste;2 Trimestre
608599;2024.0;n;6.0;2024-06-19;DF;60;13;BRASILIA;Ausência de reação do condutor;Sem Vítimas;1;Céu Claro;Pleno dia;quarta-feira;Colisão com objeto;Múltipla;0;0;-15.92882;-48.167772;Segura;Centro-Oeste;2 Trimestre
630060;2024.0;n;9.0;2024-09-23;RS;116;310;GUAIBA;Demais falhas mecânicas ou elétricas;Com Vítimas Feridas;6;Nublado;Pleno dia;segunda-feira;Colisão lateral sentido oposto;Simples;0;0;-30.20082914;-51.40020449;Segura;Sul;3 Trimestre
686806;2025.0;n;4.0;2025-04-23;MG;381;777;CAMPANHA;Reação tardia ou ineficiente do condutor;Com Vítimas Feridas;3;Céu Claro;Plena Noite;quarta-feira;Colisão lateral mesmo sentido;Dupla;0;0;-21,798156;-45,459122;Segura;Sudeste;2 Trimestre
590276;2024.0;n;3.0;2024-03-28;GO;452;1;RIO VERDE;Mal súbito do condutor;Sem Vítimas;2;Nublado;Pleno dia;quinta-feira;Colisão com objeto;Dupla;0;0;-17.79126493;-50.89368296;Segura;Centro-Oeste;1 Trimestre
663659;2025.0;n;2.0;2025-02-04;MG;40;24,6;PARACATU;Transitar na contramão;Com Vítimas Fatais;3;Céu Claro;Pleno dia;terça-feira;Colisão frontal;Simples;3;0;-17,12698254;-46,97983452;Perigosa;Sudeste;1 Trimestre
672969;2025.0;n;4.0;2025-04-11;PR;277;5;PARANAGUA;Manobra de mudança de faixa;Com Vítimas Feridas;2;Nublado;Pleno dia;sexta-feira;Colisão lateral mesmo sentido;Dupla;0;0;-25,55835916;-48,57226068;Segura;Sul;2 Trimestre
617231;2024.0;n;7.0;2024-07-27;MG;381;892,6;CAMBUI;Demais falhas mecânicas ou elétricas;Sem Vítimas;1;Céu Claro;Pleno dia;sábado;Incêndio;Dupla;0;0;-22.60214538;-46.05862156;Segura;Sudeste;3 Trimestre
608229;2024.0;n;6.0;2024-06-17;RS;392;347;SANTA MARIA;Ingestão de álcool pelo condutor;Com Vítimas Feridas;3;Céu Claro;Plena Noite;segunda-feira;Colisão lateral sentido oposto;Simples;0;0;-29.76125014;-53.78681035;Segura;Sul;2 Trimestre
653183;2025.0;n;1.0;2025-01-04;RN;101;72;NATAL;Desrespeitar a preferência no cruzamento;Sem Vítimas;2;Céu Claro;Plena Noite;sábado;Colisão transversal;Simples;0;0;-5,69866248;-35,26316835;Segura;Nordeste;1 Trimestre
621011;2024.0;n;8.0;2024-08-13;AL;104;9;SAO JOSE DA LAJE;Velocidade Incompatível;Com Vítimas Fatais;2;Sol;Pleno dia;terça-feira;Saída de leito carroçável;Simples;1;0;-8.96748868;-36.01640224;Perigosa;Nordeste;3 Trimestre
575703;2024.0;n;1.0;2024-01-19;RJ;393;138;SAPUCAIA;Reação tardia ou ineficiente do condutor;Com Vítimas Feridas;2;Nublado;Pleno dia;sexta-feira;Tombamento;Simples;0;0;-22.00266194;-42.93093204;Segura;Sudeste;1 Trimestre
653501;2025.0;n;1.0;2025-01-06;PR;277;3,5;PARANAGUA;Desrespeitar a preferência no cruzamento;Com Vítimas Feridas;8;Céu Claro;Pleno dia;segunda-feira;Colisão transversal;Simples;0;1;-25,54611314;-48,56010032;Perigosa;Sul;1 Trimestre
591835;2024.0;n;4.0;2024-04-04;CE;116;25;ITAITINGA;Ingestão de álcool pelo condutor;Sem Vítimas;2;Nublado;Plena Noite;quinta-feira;Colisão transversal;Múltipla;0;0;-3.96633279;-38.51525324;Segura;Nordeste;2 Trimestre
600986;2024.0;n;5.0;2024-05-17;SP;116;306;SAO LOURENCO DA SERRA;Ausência de reação do condutor;Com Vítimas Feridas;2;Céu Claro;Amanhecer;sexta-feira;Colisão lateral mesmo sentido;Dupla;0;2;-23.8486091;-46.93801566;Perigosa;Sudeste;2 Trimestre
610505;2024.0;n;6.0;2024-06-28;ES;101;80;SAO MATEUS;Ultrapassagem Indevida;Com Vítimas Fatais;6;Nevoeiro/Neblina;Amanhecer;sexta-feira;Colisão frontal;Simples;2;0;-18.82149709;-39.90673788;Perigosa;Sudeste;2 Trimestre
598056;2024.0;n;5.0;2024-05-03;MS;163;575,2;BANDEIRANTES;Acessar a via sem observar a presença dos outros veículos;Com Vítimas Feridas;4;Céu Claro;Pleno dia;sexta-feira;Colisão transversal;Simples;0;0;-19.67964657;-54.35026646;Segura;Centro-Oeste;2 Trimestre
664349;2025.0;n;2.0;2025-02-28;SP;116;299;SAO LOURENCO DA SERRA;Manobra de mudança de faixa;Sem Vítimas;2;Céu Claro;Plena Noite;sexta-feira;Colisão lateral mesmo sentido;Dupla;0;0;-23,79211345;-46,91506944;Segura;Sudeste;1 Trimestre
608905;2024.0;n;6.0;2024-06-21;MG;262;355,8;BETIM;Reação tardia ou ineficiente do condutor;Com Vítimas Fatais;3;Nevoeiro/Neblina;Amanhecer;sexta-feira;Colisão traseira;Múltipla;1;1;-19.98016799;-44.22579002;Perigosa;Sudeste;2 Trimestre
583084;2024.0;n;2.0;2024-02-24;PA;316;151;CAPANEMA;Retorno proibido;Com Vítimas Fatais;2;Garoa/Chuvisco;Plena Noite;sábado;Colisão lateral mesmo sentido;Simples;1;0;-1.21279075;-47.18200692;Perigosa;Norte;1 Trimestre
659242;2025.0;n;2.0;2025-02-01;MT;163;764;SORRISO;Condutor deixou de manter distância do veículo da frente;Com Vítimas Feridas;6;Chuva;Pleno dia;sábado;Colisão frontal;Simples;0;3;-12,46346786;-55,66841863;Perigosa;Centro-Oeste;1 Trimestre
596278;2024.0;n;3.0;2024-03-09;MG;381;876,8;ESTIVA;Velocidade Incompatível;Com Vítimas Feridas;2;Chuva;Plena Noite;sábado;Tombamento;Dupla;0;1;-22.472813;-46.01072791;Perigosa;Sudeste;1 Trimestre
626451;2024.0;y;9.0;2024-09-07;MT;364;328;CAMPO VERDE;Carga excessiva e/ou mal acondicionada;Sem Vítimas;2;Sol;Pleno dia;sábado;Incêndio;Simples;0;0;-15.81572524;-55.39421693;Segura;Centro-Oeste;3 Trimestre
668195;2025.0;n;3.0;2025-03-19;MT;163;748;SORRISO;Reação tardia ou ineficiente do condutor;Sem Vítimas;2;Céu Claro;Pleno dia;quarta-feira;Colisão com objeto;Dupla;0;0;-12,574136;-55,728291;Segura;Centro-Oeste;1 Trimestre
594793;2024.0;n;2.0;2024-02-02;MS;163;135;NAVIRAI;Manobra de mudança de faixa;Com Vítimas Fatais;7;Céu Claro;Pleno dia;sexta-feira;Colisão frontal;Simples;1;6;-23.01910606;-54.30128306;Perigosa;Centro-Oeste;1 Trimestre
607215;2024.0;n;6.0;2024-06-13;SC;101;204;SAO JOSE;Manobra de mudança de faixa;Com Vítimas Feridas;4;Céu Claro;Anoitecer;quinta-feira;Colisão lateral mesmo sentido;Múltipla;0;1;-27.57413014;-48.61363083;Perigosa;Sul;2 Trimestre
616244;2024.0;n;7.0;2024-07-22;RJ;116;186;NOVA IGUACU;Demais falhas mecânicas ou elétricas;Com Vítimas Feridas;2;Céu Claro;Plena Noite;segunda-feira;Tombamento;Dupla;0;0;-22.73962339;-43.46276495;Segura;Sudeste;3 Trimestre
617628;2024.0;n;6.0;2024-06-07;MG;262;671;IBIA;Demais falhas mecânicas ou elétricas;Sem Vítimas;3;Céu Claro;Pleno dia;sexta-feira;Incêndio;Simples;0;0;-19.54170234;-46.80745219;Segura;Sudeste;2 Trimestre
627311;2024.0;n;9.0;2024-09-11;MG;381;561,8;ITAGUARA;Velocidade Incompatível;Com Vítimas Fatais;6;Sol;Pleno dia;quarta-feira;Colisão traseira;Dupla;1;0;-20.39224209;-44.49492995;Perigosa;Sudeste;3 Trimestre
575255;2024.0;n;1.0;2024-01-17;PR;376;202,7;MANDAGUARI;Demais falhas mecânicas ou elétricas;Com Vítimas Feridas;4;Sol;Pleno dia;quarta-feira;Saída de leito carroçável;Múltipla;0;0;-23.5088647;-51.72232389;Segura;Sul;1 Trimestre
605343;2024.0;n;6.0;2024-06-05;MG;381;430,2;SABARA;Condutor deixou de manter distância do veículo da frente;Com Vítimas Feridas;2;Céu Claro;Pleno dia;quarta-feira;Colisão traseira;Simples;0;0;-19.78496805;-43.72311799;Segura;Sudeste;2 Trimestre
685337;2025.0;n;4.0;2025-04-12;MT;364;561;NOBRES;Demais falhas mecânicas ou elétricas;Sem Vítimas;15;Céu Claro;Pleno dia;sábado;Incêndio;Dupla;0;0;-14,74267895;-56,32209778;Segura;Centro-Oeste;2 Trimestre
572406;2024.0;n;1.0;2024-01-03;PR;277;36,2;MORRETES;Objeto estático sobre o leito carroçável;Com Vítimas Feridas;2;Nublado;Pleno dia;quarta-feira;Colisão com objeto;Dupla;0;0;-25.571061;-48.837243;Segura;Sul;1 Trimestre
656898;2025.0;n;1.0;2025-01-23;RJ;116;331;ITATIAIA;Reação tardia ou ineficiente do condutor;Com Vítimas Feridas;2;Chuva;Pleno dia;quinta-feira;Colisão com objeto;Múltipla;0;1;-22,50439667;-44,62493;Perigosa;Sudeste;1 Trimestre