id;ano;feriado;mes;data_inversa;uf;br;km;municipio;causa_acidente;classificacao_acidente;veiculos;condicao_metereologica;fase_dia;dia_semana;tipo_acidente;tipo_pista;mortos;feridos_graves;latitude;longitude;status;regiao;periodo
663561;2025.0;n;2.0;2025-02-24;PR;153;163;VENTANIA;Problema com o freio;Sem Vítimas;2;Céu Claro;Plena Noite;segunda-feira;Incêndio;Simples;0;0;-24,244887;-50,24858952;Segura;Sul;1 Trimestre
595125;2024.0;n;4.0;2024-04-20;SC;101;129,2;BALNEARIO CAMBORIU;Pedestre cruzava a pista fora da faixa;Com Vítimas Fatais;2;Céu Claro;Plena Noite;sábado;Atropelamento de Pedestre;Dupla;1;0;-26.98089552;-48.67816687;Perigosa;Sul;2 Trimestre
672884;2025.0;n;4.0;2025-04-11;GO;60;198,8;GUAPO;Manobra de mudança de faixa;Com Vítimas Feridas;2;Céu Claro;Pleno dia;sexta-feira;Colisão lateral mesmo sentido;Dupla;0;0;-16,87575142;-49,61410868;Segura;Centro-Oeste;2 Trimestre
653859;2025.0;n;1.0;2025-01-08;MG;40;454,9;CAETANOPOLIS;Velocidade Incompatível;Com Vítimas Feridas;1;Garoa/Chuvisco;Pleno dia;quarta-feira;Saída de leito carroçável;Dupla;0;0;-19,34996189;-44,35227779;Segura;Sudeste;1 Trimestre
573585;2024.0;n;1.0;2024-01-09;MT;364;270,6;JACIARA;Mal súbito do condutor;Com Vítimas Fatais;5;Sol;Pleno dia;terça-feira;Colisão frontal;Simples;1;1;-15.9689785;-54.94463002;Perigosa;Centro-Oeste;1 Trimestre
666391;2025.0;n;3.0;2025-03-10;SC;101;65;ARAQUARI;Condutor deixou de manter distância do veículo da frente;Com Vítimas Feridas;2;Nublado;Pleno dia;segunda-feira;Colisão traseira;Múltipla;0;0;-26,47847929;-48,73858362;Segura;Sul;1 Trimestre
653394;2025.0;n;1.0;2025-01-05;MG;116;498,5;INHAPIM;Transitar na contramão;Com Vítimas Feridas;2;Nublado;Plena Noite;domingo;Colisão frontal;Simples;0;1;-19,54476495;-42,12568405;Perigosa;Sudeste;1 Trimestre
662542;2025.0;n;2.0;2025-02-20;MA;316;562;CAXIAS;Ausência de reação do condutor;Com Vítimas Feridas;5;Céu Claro;Pleno dia;quinta-feira;Colisão traseira;Simples;0;0;-4,89508;-43,267281;Segura;Nordeste;1 Trimestre
593305;2024.0;n;4.0;2024-04-11;MG;40;435;PARAOPEBA;Manobra de mudança de faixa;Com Vítimas Feridas;2;Céu Claro;Pleno dia;quinta-feira;Saída de leito carroçável;Dupla;0;0;-19.21980485;-44.45033788;Segura;Sudeste;2 Trimestre
593510;2024.0;n;4.0;2024-04-12;RS;392;670,2;SALVADOR DAS MISSOES;Transitar na contramão;Com Vítimas Fatais;2;Céu Claro;Pleno dia;sexta-feira;Colisão frontal;Simples;1;0;-28.11792844;-54.80866293;Perigosa;Sul;2 Trimestre
581305;2024.0;n;2.0;2024-02-15;RS;285;566;SAO LUIZ GONZAGA;Acessar a via sem observar a presença dos outros veículos;Com Vítimas Feridas;4;Nublado;Pleno dia;quinta-feira;Colisão transversal;Simples;0;0;-28.41718287;-54.93812084;Segura;Sul;1 Trimestre
618898;2024.0;n;8.0;2024-08-03;TO;153;645;ALIANCA DO TOCANTINS;Ultrapassagem Indevida;Com Vítimas Fatais;3;Céu Claro;Plena Noite;sábado;Colisão frontal;Simples;1;0;-11.4917799;-49.00391231;Perigosa;Norte;3 Trimestre
603569;2024.0;n;5.0;2024-05-28;RS;386;12,9;FREDERICO WESTPHALEN;Demais falhas mecânicas ou elétricas;Sem Vítimas;2;Sol;Pleno dia;terça-feira;Incêndio;Simples;0;0;-27.225494;-53.319019;Segura;Sul;2 Trimestre
591489;2024.0;n;4.0;2024-04-02;BA;101;358;WENCESLAU GUIMARAES;Condutor deixou de manter distância do veículo da frente;Com Vítimas Feridas;3;Céu Claro;Pleno dia;terça-feira;Engavetamento;Simples;0;0;-13.67981572;-39.47743004;Segura;Nordeste;2 Trimestre
582440;2024.0;n;2.0;2024-02-21;MG;365;685,8;MONTE ALEGRE DE MINAS;Reação tardia ou ineficiente do condutor;Com Vítimas Feridas;5;Céu Claro;Pleno dia;quarta-feira;Colisão traseira;Dupla;0;0;-18.86128507;-48.8629942;Segura;Sudeste;1 Trimestre
658277;2025.0;n;1.0;2025-01-30;SP;116;163,6;JACAREI;Demais falhas mecânicas ou elétricas;Sem Vítimas;2;Chuva;Pleno dia;quinta-feira;Colisão traseira;Dupla;0;0;-23,28649584;-45,9919851;Segura;Sudeste;1 Trimestre
652852;2025.0;n;1.0;2025-01-02;SC;282;191,2;LAGES;Reação tardia ou ineficiente do condutor;Sem Vítimas;2;Céu Claro;Plena Noite;quinta-feira;Colisão traseira;Simples;0;0;-27,739349;-50,046421;Segura;Sul;1 Trimestre
578814;2024.0;n;2.0;2024-02-03;PR;373;401;CANDOI;Entrada inopinada do pedestre;Com Vítimas Feridas;3;Céu Claro;Pleno dia;sábado;Atropelamento de Pedestre;Simples;0;1;-25.57658993;-52.05533419;Perigosa;Sul;1 Trimestre
691269;2025.0;n;4.0;2025-04-09;RJ;101;112;CAMPOS DOS GOYTACAZES;Reação tardia ou ineficiente do condutor;Com Vítimas Feridas;2;Céu Claro;Anoitecer;quarta-feira;Colisão lateral mesmo sentido;Dupla;0;1;-21,966053;-41,651418;Perigosa;Sudeste;2 Trimestre
630260;2024.0;n;9.0;2024-09-24;PR;116;110;CURITIBA;Demais falhas mecânicas ou elétricas;Sem Vítimas;1;Céu Claro;Pleno dia;terça-feira;Incêndio;Dupla;0;0;-25.57012941;-49.21736805;Segura;Sul;3 Trimestre
660170;2025.0;n;2.0;2025-02-08;RN;304;287;MACAIBA;Ingestão de álcool pelo condutor;Sem Vítimas;2;Céu Claro;Plena Noite;sábado;Colisão traseira;Dupla;0;0;-5,8711714;-35,42930088;Segura;Nordeste;1 Trimestre
686800;2025.0;n;4.0;2025-04-22;SC;116;159,1;SANTA CECILIA;Velocidade Incompatível;Com Vítimas Feridas;1;Céu Claro;Plena Noite;terça-feira;Saída de leito carroçável;Simples;0;1;-27,0977101;-50,453796;Perigosa;Sul;2 Trimestre
667720;2025.0;n;3.0;2025-03-16;CE;116;364;ICO;Avarias e/ou desgaste excessivo no pneu;Sem Vítimas;2;Céu Claro;Plena Noite;domingo;Incêndio;Simples;0;0;-6,34123;-38,765753;Segura;Nordeste;1 Trimestre
575642;2024.0;n;1.0;2024-01-19;RO;319;62;PORTO VELHO;Ultrapassagem Indevida;Sem Vítimas;3;Céu Claro;Pleno dia;sexta-feira;Colisão lateral mesmo sentido;Dupla;0;0;-8.766685;-63.884052;Segura;Norte;1 Trimestre
585353;2024.0;n;3.0;2024-03-06;MG;267;245,7;SERITINGA;Condutor Dormindo;Com Vítimas Feridas;1;Céu Claro;Amanhecer;quarta-feira;Saída de leito carroçável;Simples;0;1;-21.92838125;-44.44880298;Perigosa;Sudeste;1 Trimestre
574002;2024.0;n;1.0;2024-01-11;SC;101;101,4;BALNEARIO PICARRAS;Reação tardia ou ineficiente do condutor;Com Vítimas Feridas;3;Nublado;Pleno dia;quinta-feira;Colisão traseira;Múltipla;0;0;-26.77241069;-48.68604165;Segura;Sul;1 Trimestre
624414;2024.0;n;8.0;2024-08-29;PR;277;175,6;PALMEIRA;Conversão proibida;Com Vítimas Feridas;4;Céu Claro;Anoitecer;quinta-feira;Colisão transversal;Simples;0;1;-25.43987872;-49.97389289;Perigosa;Sul;3 Trimestre
595826;2024.0;n;3.0;2024-03-13;ES;101;278;SERRA;Reação tardia ou ineficiente do condutor;Com Vítimas Feridas;2;Céu Claro;Pleno dia;quarta-feira;Colisão transversal;Dupla;0;1;-20.21698365;-40.32974606;Perigosa;Sudeste;1 Trimestre
625715;2024.0;n;9.0;2024-09-04;MG;40;527,9;CONTAGEM;Entrada inopinada do pedestre;Com Vítimas Fatais;2;Céu Claro;Pleno dia;quarta-feira;Atropelamento de Pedestre;Múltipla;1;0;-19.90149502;-44.04938939;Perigosa;Sudeste;3 Trimestre
659349;2025.0;n;2.0;2025-02-05;TO;230;24;SANTA TEREZINHA DO TOCANTINS;Ausência de reação do condutor;Com Vítimas Fatais;2;Nevoeiro/Neblina;Amanhecer;quarta-feira;Atropelamento de Pedestre;Simples;1;0;-6,42577201;-47,567059;Perigosa;Norte;1 Trimestre
588132;2024.0;n;3.0;2024-03-18;SC;101;210;SAO JOSE;Manobra de mudança de faixa;Com Vítimas Feridas;2;Céu Claro;Pleno dia;segunda-feira;Queda de ocupante de veículo;Múltipla;0;2;-27.6167305;-48.6457265;Perigosa;Sul;1 Trimestre
584262;2024.0;n;3.0;2024-03-01;RJ;116;242;PIRAI;Manobra de mudança de faixa;Com Vítimas Feridas;2;Chuva;Pleno dia;sexta-feira;Colisão com objeto;Dupla;0;0;-22.63522537;-43.90258636;Segura;Sudeste;1 Trimestre
688293;2025.0;n;4.0;2025-04-30;BA;116;615;JAGUAQUARA;Condutor deixou de manter distância do veículo da frente;Com Vítimas Feridas;2;Céu Claro;Pleno dia;quarta-feira;Colisão traseira;Simples;0;0;-13,32858883;-40,02554893;Segura;Nordeste;2 Trimestre
688255;2025.0;n;4.0;2025-04-30;GO;60;221,9;CEZARINA;Velocidade Incompatível;Com Vítimas Fatais;3;Céu Claro;Pleno dia;quarta-feira;Colisão traseira;Dupla;1;0;-16,999747;-49,767993;Perigosa;Centro-Oeste;2 Trimestre
653118;2025.0;n;1.0;2025-01-04;SP;116;567;BARRA DO TURVO;Reação tardia ou ineficiente do condutor;Com Vítimas Feridas;2;Céu Claro;Pleno dia;sábado;Colisão traseira;Dupla;0;0;-25,0475499;-48,55355172;Segura;Sudeste;1 Trimestre
624920;2024.0;n;8.0;2024-08-24;BA;101;231;SAPEACU;Ausência de reação do condutor;Com Vítimas Feridas;2;Nevoeiro/Neblina;Pleno dia;sábado;Colisão frontal;Simples;0;1;-12.84349412;-39.20479086;Perigosa;Nordeste;3 Trimestre
602902;2024.0;n;5.0;2024-05-25;SP;116;219;GUARULHOS;Trafegar com motocicleta (ou similar) entre as faixas;Com Vítimas Feridas;3;Nublado;Pleno dia;sábado;Colisão lateral mesmo sentido;Múltipla;0;1;-23.46143954;-46.48885316;Perigosa;Sudeste;2 Trimestre
660904;2025.0;n;2.0;2025-02-12;RS;392;659;CERRO LARGO;Condutor deixou de manter distância do veículo da frente;Com Vítimas Feridas;2;Sol;Pleno dia;quarta-feira;Colisão lateral mesmo sentido;Simples;0;0;-28,120847;-54,706888;Segura;Sul;1 Trimestre
659340;2025.0;n;2.0;2025-02-05;MG;116;776,7;LEOPOLDINA;Velocidade Incompatível;Com Vítimas Fatais;2;Céu Claro;Amanhecer;quarta-feira;Tombamento;Simples;1;0;-21,59023796;-42,68715187;Perigosa;Sudeste;1 Trimestre
600342;2024.0;n;5.0;2024-05-13;MT;163;553;DIAMANTINO;Transitar na contramão;Com Vítimas Feridas;2;Céu Claro;Anoitecer;segunda-feira;Colisão frontal;Simples;0;0;-14.22979741;-56.10725994;Segura;Centro-Oeste;2 Trimestre
576981;2024.0;n;1.0;2024-01-25;PR;369;429,4;UBIRATA;Transitar na contramão;Com Vítimas Feridas;5;Céu Claro;Pleno dia;quinta-feira;Colisão frontal;Simples;0;1;-24.4486;-52.8448;Perigosa;Sul;1 Trimestre
663812;2025.0;n;2.0;2025-02-26;PR;373;182;PONTA GROSSA;Manobra de mudança de faixa;Com Vítimas Feridas;6;Céu Claro;Pleno dia;quarta-feira;Colisão lateral mesmo sentido;Simples;0;0;-25,041666;-50,26666;Segura;Sul;1 Trimestre
616719;2024.0;n;7.0;2024-07-25;MG;365;273;JOAO PINHEIRO;Acesso irregular;Sem Vítimas;4;Céu Claro;Pleno dia;quinta-feira;Colisão frontal;Simples;0;0;-17.96221895;-45.59438109;Segura;Sudeste;3 Trimestre
670015;2025.0;n;3.0;2025-03-28;RS;101;52,6;TERRA DE AREIA;Condutor Dormindo;Com Vítimas Feridas;2;Céu Claro;Amanhecer;sexta-feira;Saída de leito carroçável;Dupla;0;0;-29,630382;-50,101507;Segura;Sul;1 Trimestre
597364;2024.0;n;4.0;2024-04-30;SP;116;175;GUARAREMA;Acessar a via sem observar a presença dos outros veículos;Sem Vítimas;2;Céu Claro;Pleno dia;terça-feira;Atropelamento de Pedestre;Múltipla;0;0;-23.32173972;-46.100353;Segura;Sudeste;2 Trimestre
669884;2025.0;n;3.0;2025-03-27;GO;153;493;GOIANIA;Ausência de reação do condutor;Com Vítimas Fatais;2;Céu Claro;Pleno dia;quinta-feira;Colisão com objeto;Dupla;1;0;-16,5904384;-49,152;Perigosa;Centro-Oeste;1 Trimestre
573661;2024.0;n;1.0;2024-01-09;AL;101;141;SAO MIGUEL DOS CAMPOS;Velocidade Incompatível;Sem Vítimas;5;Céu Claro;Plena Noite;terça-feira;Colisão lateral mesmo sentido;Dupla;0;0;-9.833217;-36.130977;Segura;Nordeste;1 Trimestre
686733;2025.0;n;4.0;2025-04-22;RS;448;12;CANOAS;Reação tardia ou ineficiente do condutor;Com Vítimas Feridas;2;Céu Claro;Pleno dia;terça-feira;Colisão traseira;Múltipla;0;0;-29,90980281;-51,24008981;Segura;Sul;2 Trimestre
613329;2024.0;n;7.0;2024-07-09;SC;282;0,4;FLORIANOPOLIS;Demais falhas mecânicas ou elétricas;Sem Vítimas;3;Chuva;Plena Noite;terça-feira;Colisão com objeto;Múltipla;0;0;-27.59845;-48.571995;Segura;Sul;3 Trimestre
662250;2025.0;n;2.0;2025-02-18;MG;381;863;POUSO ALEGRE;Avarias e/ou desgaste excessivo no pneu;Com Vítimas Feridas;2;Céu Claro;Plena Noite;terça-feira;Saída de leito carroçável;Dupla;0;1;-22,3364438;-45,92302431;Perigosa;Sudeste;1 Trimestre
596346;2024.0;n;4.0;2024-04-25;GO;60;181;ABADIA DE GOIAS;Demais falhas mecânicas ou elétricas;Sem Vítimas;1;Céu Claro;Plena Noite;quinta-feira;Incêndio;Dupla;0;0;-16.78091095;-49.4907726;Segura;Centro-Oeste;2 Trimestre
653279;2025.0;n;1.0;2025-01-05;RJ;116;232;PIRAI;Ausência de reação do condutor;Com Vítimas Feridas;2;Nublado;Pleno dia;domingo;Colisão transversal;Dupla;0;0;-22,65604007;-43,83713888;Segura;Sudeste;1 Trimestre
659476;2025.0;n;2.0;2025-02-05;TO;153;702;CARIRI DO TOCANTINS;Acessar a via sem observar a presença dos outros veículos;Com Vítimas Feridas;3;Céu Claro;Anoitecer;quarta-feira;Colisão transversal;Simples;0;1;-11,96911979;-49,2029167;Perigosa;Norte;1 Trimestre
611717;2024.0;n;7.0;2024-07-03;BA;349;920;CORRENTINA;Demais Fenômenos da natureza;Com Vítimas Feridas;5;Céu Claro;Pleno dia;quarta-feira;Colisão transversal;Simples;0;0;-13.34775335;-44.63734466;Segura;Nordeste;3 Trimestre
656879;2025.0;n;1.0;2025-01-23;MG;381;451;SABARA;Reação tardia ou ineficiente do condutor;Sem Vítimas;2;Sol;Pleno dia;quinta-feira;Colisão traseira;Simples;0;0;-19,83832024;-43,8806931;Segura;Sudeste;1 Trimestre
672639;2025.0;n;4.0;2025-04-09;MG;354;718;POUSO ALTO;Ausência de reação do condutor;Sem Vítimas;3;Céu Claro;Pleno dia;quarta-feira;Saída de leito carroçável;Simples;0;0;-22,085165;-44,944938;Segura;Sudeste;2 Trimestre
686401;2025.0;y;4.0;2025-04-21;RO;364;211;PIMENTA BUENO;Condutor deixou de manter distância do veículo da frente;Com Vítimas Feridas;5;Céu Claro;Pleno dia;segunda-feira;Colisão lateral mesmo sentido;Simples;0;0;-11,584222;-61,261752;Segura;Norte;2 Trimestre
615341;2024.0;n;7.0;2024-07-18;PA;10;151;PARAGOMINAS;Reação tardia ou ineficiente do condutor;Com Vítimas Feridas;4;Céu Claro;Pleno dia;quinta-feira;Tombamento;Simples;0;1;-3.11584799;-47.48585103;Perigosa;Norte;3 Trimestre
610327;2024.0;n;6.0;2024-06-27;CE;116;22;ITAITINGA;Condutor deixou de manter distância do veículo da frente;Com Vítimas Feridas;2;Céu Claro;Pleno dia;quinta-feira;Colisão traseira;Dupla;0;0;-3.92277497;-38.50762327;Segura;Nordeste;2 Trimestre
664113;2025.0;n;2.0;2025-02-27;PR;163;159,8;LINDOESTE;Velocidade Incompatível;Com Vítimas Fatais;3;Céu Claro;Pleno dia;quinta-feira;Tombamento;Dupla;1;0;-25,3174797;-53,59033763;Perigosa;Sul;1 Trimestre
582256;2024.0;n;2.0;2024-02-16;RS;386;434,5;NOVA SANTA RITA;Reação tardia ou ineficiente do condutor;Com Vítimas Feridas;2;Nublado;Pleno dia;sexta-feira;Colisão traseira;Dupla;0;0;-29.843386;-51.285454;Segura;Sul;1 Trimestre
616286;2024.0;n;7.0;2024-07-22;SP;116;461;PARIQUERA-ACU;Ausência de reação do condutor;Com Vítimas Feridas;2;Nevoeiro/Neblina;Plena Noite;segunda-feira;Tombamento;Simples;0;0;-24.61672184;-47.88933615;Segura;Sudeste;3 Trimestre
661213;2025.0;n;2.0;2025-02-14;BA;324;595;CANDEIAS;Reação tardia ou ineficiente do condutor;Com Vítimas Feridas;5;Céu Claro;Plena Noite;sexta-feira;Colisão traseira;Dupla;0;0;-12,71235341;-38,45524557;Segura;Nordeste;1 Trimestre
616593;2024.0;n;7.0;2024-07-24;MT;364;574;NOBRES;Carga excessiva e/ou mal acondicionada;Com Vítimas Feridas;3;Céu Claro;Pleno dia;quarta-feira;Tombamento;Dupla;0;1;-14.69987761;-56.31727433;Perigosa;Centro-Oeste;3 Trimestre
629689;2024.0;n;9.0;2024-09-21;BA;101;106;ALAGOINHAS;Manobra de mudança de faixa;Com Vítimas Feridas;3;Céu Claro;Plena Noite;sábado;Colisão lateral sentido oposto;Simples;0;2;-12.15963868;-38.41162324;Perigosa;Nordeste;3 Trimestre
656507;2025.0;n;1.0;2025-01-21;PE;232;69;GRAVATA;Reação tardia ou ineficiente do condutor;Com Vítimas Feridas;4;Céu Claro;Pleno dia;terça-feira;Colisão traseira;Dupla;0;0;-8,17240309;-35,47993595;Segura;Nordeste;1 Trimestre
621707;2024.0;n;8.0;2024-08-17;MS;267;244,7;NOVA ALVORADA DO SUL;Ingestão de álcool pelo condutor;Sem Vítimas;2;Céu Claro;Plena Noite;sábado;Colisão com objeto;Simples;0;0;-21.480601;-54.347598;Segura;Centro-Oeste;3 Trimestre
601897;2024.0;n;5.0;2024-05-20;RS;468;32,5;CORONEL BICACO;Reação tardia ou ineficiente do condutor;Sem Vítimas;3;Céu Claro;Pleno dia;segunda-feira;Saída de leito carroçável;Simples;0;0;-27.75958319;-53.54529002;Segura;Sul;2 Trimestre
596590;2024.0;n;4.0;2024-04-26;ES;262;76,1;DOMINGOS MARTINS;Transitar na contramão;Sem Vítimas;2;Chuva;Plena Noite;sexta-feira;Colisão lateral sentido oposto;Simples;0;0;-20.412111;-40.9119;Segura;Sudeste;2 Trimestre
581403;2024.0;n;2.0;2024-02-16;TO;153;143;ARAGUAINA;Ausência de reação do condutor;Com Vítimas Fatais;4;Nublado;Plena Noite;sexta-feira;Colisão traseira;Múltipla;1;0;-7.18866332;-48.23207966;Perigosa;Norte;1 Trimestre
653267;2025.0;n;1.0;2025-01-05;PI;316;16;TERESINA;Ingestão de álcool pelo condutor;Sem Vítimas;1;Nublado;Amanhecer;domingo;Saída de leito carroçável;Múltipla;0;0;-5,23293685;-42,74590684;Segura;Nordeste;1 Trimestre
655921;2025.0;n;1.0;2025-01-18;PR;376;326;ORTIGUEIRA;Velocidade Incompatível;Com Vítimas Feridas;3;Nublado;Pleno dia;sábado;Colisão com objeto;Simples;0;0;-24,0662539;-51,06441021;Segura;Sul;1 Trimestre
625409;2024.0;n;9.0;2024-09-02;RS;386;220;TIO HUGO;Condutor deixou de manter distância do veículo da frente;Com Vítimas Feridas;3;Nublado;Pleno dia;segunda-feira;Colisão traseira;Simples;0;1;-28.611513;-52.608628;Perigosa;Sul;3 Trimestre
665286;2025.0;n;3.0;2025-03-05;BA;349;920;CORRENTINA;Transitar na contramão;Com Vítimas Fatais;5;Céu Claro;Pleno dia;quarta-feira;Colisão lateral sentido oposto;Simples;1;0;-13,394867;-44,553196;Perigosa;Nordeste;1 Trimestre
591996;2024.0;n;4.0;2024-04-05;ES;101;285,5;CARIACICA;Acessar a via sem observar a presença dos outros veículos;Com Vítimas Feridas;4;Nublado;Plena Noite;sexta-feira;Colisão transversal;Dupla;0;0;-20.25148171;-40.37270066;Segura;Sudeste;2 Trimestre
671160;2025.0;n;4.0;2025-04-02;GO;158;200,7;CAIAPONIA;Demais falhas mecânicas ou elétricas;Com Vítimas Feridas;1;Céu Claro;Pleno dia;quarta-feira;Tombamento;Simples;0;0;-17,18;-51,53;Segura;Centro-Oeste;2 Trimestre
667462;2025.0;n;3.0;2025-03-15;SC;101;201,8;SAO JOSE;Reação tardia ou ineficiente do condutor;Com Vítimas Feridas;2;Nublado;Plena Noite;sábado;Colisão lateral mesmo sentido;Simples;0;0;-27,553725;-48,61976;Segura;Sul;1 Trimestre
663003;2025.0;n;2.0;2025-02-22;MA;10;41;CAROLINA;Transitar na contramão;Com Vítimas Fatais;4;Céu Claro;Pleno dia;sábado;Colisão frontal;Simples;2;0;-7,2849892;-47,4551688;Perigosa;Nordeste;1 Trimestre
603415;2024.0;n;5.0;2024-05-27;CE;116;19;EUSEBIO;Trafegar com motocicleta (ou similar) entre as faixas;Com Vítimas Feridas;3;Céu Claro;Plena Noite;segunda-feira;Colisão lateral mesmo sentido;Dupla;0;0;-3.91384397;-38.50667231;Segura;Nordeste;2 Trimestre
599197;2024.0;n;5.0;2024-05-09;SP;153;67,6;SAO JOSE DO RIO PRETO;Condutor Dormindo;Com Vítimas Feridas;2;Céu Claro;Amanhecer;quinta-feira;Saída de leito carroçável;Dupla;0;0;-20.85053035;-49.38755751;Segura;Sudeste;2 Trimestre
612532;2024.0;n;7.0;2024-07-06;MG;116;99,7;ITAOBIM;Condutor deixou de manter distância do veículo da frente;Com Vítimas Feridas;8;Nublado;Pleno dia;sábado;Colisão lateral sentido oposto;Simples;0;0;-16.42695431;-41.49279177;Segura;Sudeste;3 Trimestre
600695;2024.0;n;5.0;2024-05-15;MA;135;18;SAO LUIS;Pista Escorregadia;Sem Vítimas;3;Chuva;Pleno dia;quarta-feira;Colisão lateral mesmo sentido;Dupla;0;0;-2.71719899;-44.32099307;Segura;Nordeste;2 Trimestre
625328;2024.0;n;9.0;2024-09-02;MT;70;732,8;CACERES;Ausência de reação do condutor;Com Vítimas Feridas;3;Céu Claro;Pleno dia;segunda-feira;Engavetamento;Simples;0;0;-16.090338;-57.688904;Segura;Centro-Oeste;3 Trimestre
655143;2025.0;n;1.0;2025-01-14;BA;242;629;MUQUEM DE SAO FRANCISCO;Chuva;Com Vítimas Fatais;2;Chuva;Plena Noite;terça-feira;Colisão frontal;Simples;1;0;-12,16930899;-43,38947902;Perigosa;Nordeste;1 Trimestre
585780;2024.0;n;3.0;2024-03-08;GO;414;416;ABADIANIA;Deficiência do Sistema de Iluminação/Sinalização;Sem Vítimas;1;Céu Claro;Amanhecer;sexta-feira;Incêndio;Simples;0;0;-16.10265292;-48.86338234;Segura;Centro-Oeste;1 Trimestre
620958;2024.0;n;8.0;2024-08-13;PR;116;58,8;CAMPINA GRANDE DO SUL;Ingestão de álcool pelo condutor;Com Vítimas Feridas;2;Céu Claro;Pleno dia;terça-feira;Saída de leito carroçável;Dupla;0;0;-25.29614033;-48.93795675;Segura;Sul;3 Trimestre
600933;2024.0;n;5.0;2024-05-16;RS;158;321;SANTA MARIA;Desrespeitar a preferência no cruzamento;Sem Vítimas;2;Garoa/Chuvisco;Plena Noite;quinta-feira;Colisão transversal;Simples;0;0;-29.69545296;-53.77594113;Segura;Sul;2 Trimestre
618076;2024.0;n;7.0;2024-07-31;CE;222;2;FORTALEZA;Condutor deixou de manter distância do veículo da frente;Com Vítimas Feridas;3;Céu Claro;Pleno dia;quarta-feira;Engavetamento;Múltipla;0;0;-3.73911117;-38.58687498;Segura;Nordeste;3 Trimestre
658521;2025.0;n;2.0;2025-02-01;MT;70;18;BARRA DO GARCAS;Ultrapassagem Indevida;Com Vítimas Feridas;3;Nublado;Plena Noite;sábado;Colisão frontal;Simples;0;2;-15,85699472;-52,40960476;Perigosa;Centro-Oeste;1 Trimestre
662671;2025.0;n;2.0;2025-02-21;PR;476;143;CURITIBA;Trafegar com motocicleta (ou similar) entre as faixas;Com Vítimas Feridas;3;Céu Claro;Pleno dia;sexta-feira;Colisão traseira;Dupla;0;0;-25,547659;-49,32079;Segura;Sul;1 Trimestre
576691;2024.0;n;1.0;2024-01-23;SP;116;362;MIRACATU;Ausência de reação do condutor;Com Vítimas Feridas;2;Chuva;Pleno dia;terça-feira;Tombamento;Dupla;0;1;-24.1220177;-47.27047772;Perigosa;Sudeste;1 Trimestre
666553;2025.0;n;3.0;2025-03-11;MS;163;13,7;MUNDO NOVO;Velocidade Incompatível;Com Vítimas Feridas;7;Chuva;Pleno dia;terça-feira;Colisão lateral sentido oposto;Simples;0;0;-23,9495;-54,312543;Segura;Centro-Oeste;1 Trimestre
628826;2024.0;n;9.0;2024-09-17;MG;116;774,1;LEOPOLDINA;Velocidade Incompatível;Com Vítimas Feridas;2;Chuva;Plena Noite;terça-feira;Saída de leito carroçável;Simples;0;0;-21.57932128;-42.68264985;Segura;Sudeste;3 Trimestre
673286;2025.0;n;4.0;2025-04-12;BA;101;717;EUNAPOLIS;Ausência de reação do condutor;Com Vítimas Feridas;2;Céu Claro;Plena Noite;sábado;Colisão traseira;Simples;0;0;-16,36934598;-39,58286417;Segura;Nordeste;2 Trimestre
665064;2025.0;n;3.0;2025-03-04;GO;153;512;APARECIDA DE GOIANIA;Ausência de reação do condutor;Sem Vítimas;3;Céu Claro;Plena Noite;terça-feira;Colisão traseira;Dupla;0;0;-16,83401002;-49,24386805;Segura;Centro-Oeste;1 Trimestre
586857;2024.0;n;3.0;2024-03-12;PR;369;151,2;LONDRINA;Manobra de mudança de faixa;Sem Vítimas;4;Nublado;Plena Noite;terça-feira;Colisão lateral mesmo sentido;Simples;0;0;-23.29283539;-51.1723423;Segura;Sul;1 Trimestre
601302;2024.0;n;5.0;2024-05-18;SE;101;51,6;JAPARATUBA;Reação tardia ou ineficiente do condutor;Com Vítimas Feridas;3;Garoa/Chuvisco;Pleno dia;sábado;Colisão traseira;Simples;0;0;-10.61153091;-36.97737715;Segura;Nordeste;2 Trimestre
575114;2024.0;n;1.0;2024-01-16;GO;20;19,7;FORMOSA;Condutor Dormindo;Com Vítimas Fatais;3;Céu Claro;Pleno dia;terça-feira;Colisão frontal;Simples;3;0;-15.553887;-47.18708;Perigosa;Centro-Oeste;1 Trimestre
655189;2025.0;n;1.0;2025-01-15;BA;116;570,8;BREJOES;Condutor deixou de manter distância do veículo da frente;Com Vítimas Feridas;2;Chuva;Pleno dia;quarta-feira;Colisão traseira;Simples;0;0;-13,0445;-39,9633;Segura;Nordeste;1 Trimestre
669682;2025.0;n;2.0;2025-02-14;PR;116;107;SAO JOSE DOS PINHAIS;Reação tardia ou ineficiente do condutor;Com Vítimas Feridas;4;Sol;Pleno dia;sexta-feira;Engavetamento;Dupla;0;0;-25,569749;-49,2211;Segura;Sul;1 Trimestre
574421;2024.0;n;1.0;2024-01-13;RO;364;108;CHUPINGUAIA;Problema com o freio;Com Vítimas Feridas;2;Céu Claro;Pleno dia;sábado;Incêndio;Simples;0;0;-12.2236797;-60.68902732;Segura;Norte;1 Trimestre