id;ano;feriado;mes;data_inversa;uf;br;km;municipio;causa_acidente;classificacao_acidente;veiculos;condicao_metereologica;fase_dia;dia_semana;tipo_acidente;tipo_pista;mortos;feridos_graves;latitude;longitude;status;regiao;periodo
662598;2025.0;n;2.0;2025-02-20;MG;40;546;NOVA LIMA;Reação tardia ou ineficiente do condutor;Com Vítimas Feridas;2;Céu Claro;Pleno dia;quinta-feira;Colisão traseira;Dupla;0;0;-20,01444685;-43,96893823;Segura;Sudeste;1 Trimestre
594927;2024.0;n;4.0;2024-04-19;GO;40;113;CRISTALINA;Condutor Dormindo;Com Vítimas Feridas;1;Céu Claro;Amanhecer;sexta-feira;Saída de leito carroçável;Dupla;0;1;-16.847953;-47.483787;Perigosa;Centro-Oeste;2 Trimestre
665493;2025.0;n;3.0;2025-03-06;RO;364;517;ARIQUEMES;Acessar a via sem observar a presença dos outros veículos;Com Vítimas Feridas;3;Céu Claro;Pleno dia;quinta-feira;Colisão transversal;Simples;0;0;-9,904565;-63,055825;Segura;Norte;1 Trimestre
585133;2024.0;n;3.0;2024-03-05;PE;116;82,5;BELEM DE SAO FRANCISCO;Velocidade Incompatível;Com Vítimas Feridas;2;Céu Claro;Pleno dia;terça-feira;Tombamento;Simples;0;0;-8.542338;-39.223984;Segura;Nordeste;1 Trimestre
610831;2024.0;n;6.0;2024-06-29;BA;116;908;CANDIDO SALES;Transitar na contramão;Com Vítimas Fatais;4;Céu Claro;Pleno dia;sábado;Colisão frontal;Simples;2;0;-15.42126089;-41.21621028;Perigosa;Nordeste;2 Trimestre
670105;2025.0;n;3.0;2025-03-20;MG;40;530;CONTAGEM;Reação tardia ou ineficiente do condutor;Com Vítimas Feridas;5;Chuva;Pleno dia;quinta-feira;Engavetamento;Dupla;0;0;-19,920607;-44,033206;Segura;Sudeste;1 Trimestre
672184;2025.0;n;4.0;2025-04-07;PR;277;3,5;PARANAGUA;Ultrapassagem Indevida;Com Vítimas Feridas;2;Nublado;Pleno dia;segunda-feira;Colisão lateral mesmo sentido;Simples;0;0;-25,54414957;-48,55950058;Segura;Sul;2 Trimestre
656818;2025.0;n;1.0;2025-01-23;MT;70;511;CUIABA;Ausência de reação do condutor;Com Vítimas Feridas;2;Céu Claro;Pleno dia;quinta-feira;Colisão traseira;Simples;0;0;-15,65051022;-55,99823809;Segura;Centro-Oeste;1 Trimestre
653353;2025.0;n;1.0;2025-01-05;MG;365;683;MONTE ALEGRE DE MINAS;Animais na Pista;Com Vítimas Feridas;1;Nublado;Pleno dia;domingo;Saída de leito carroçável;Dupla;0;0;-18,851478;-48,847366;Segura;Sudeste;1 Trimestre
629000;2024.0;n;9.0;2024-09-18;TO;153;637;ALIANCA DO TOCANTINS;Reação tardia ou ineficiente do condutor;Com Vítimas Feridas;4;Céu Claro;Plena Noite;quarta-feira;Colisão traseira;Simples;0;1;-11.42155508;-48.98263275;Perigosa;Norte;3 Trimestre
605389;2024.0;n;6.0;2024-06-05;PE;232;128;CARUARU;Condutor deixou de manter distância do veículo da frente;Sem Vítimas;2;Céu Claro;Plena Noite;quarta-feira;Saída de leito carroçável;Dupla;0;0;-8.30399306;-35.97216301;Segura;Nordeste;2 Trimestre
623822;2024.0;n;8.0;2024-08-26;PA;230;82;SAO JOAO DO ARAGUAIA;Demais falhas mecânicas ou elétricas;Sem Vítimas;4;Céu Claro;Pleno dia;segunda-feira;Incêndio;Simples;0;0;-5.47394278;-48.81363004;Segura;Norte;3 Trimestre
613127;2024.0;n;7.0;2024-07-08;RJ;116;197;QUEIMADOS;Ausência de reação do condutor;Com Vítimas Feridas;2;Nublado;Plena Noite;segunda-feira;Colisão traseira;Dupla;0;0;-22.72980637;-43.56512004;Segura;Sudeste;3 Trimestre
687246;2025.0;n;4.0;2025-04-25;SC;101;204,7;SAO JOSE;Reação tardia ou ineficiente do condutor;Com Vítimas Feridas;3;Sol;Pleno dia;sexta-feira;Engavetamento;Múltipla;0;0;-27,57869159;-48,61377658;Segura;Sul;2 Trimestre
599065;2024.0;n;5.0;2024-05-08;MG;364;27;FRUTAL;Manobra de mudança de faixa;Com Vítimas Feridas;2;Céu Claro;Pleno dia;quarta-feira;Colisão traseira;Simples;0;0;-20.025185;-48.94096;Segura;Sudeste;2 Trimestre
593460;2024.0;n;4.0;2024-04-12;PA;10;176;PARAGOMINAS;Ingestão de álcool pelo condutor;Sem Vítimas;4;Céu Claro;Plena Noite;sexta-feira;Tombamento;Simples;0;0;-2.89433295;-47.4335408;Segura;Norte;2 Trimestre
598690;2024.0;n;5.0;2024-05-06;PR;277;586;CASCAVEL;Desrespeitar a preferência no cruzamento;Com Vítimas Feridas;3;Céu Claro;Pleno dia;segunda-feira;Colisão transversal;Simples;0;0;-24.9649472;-53.4210459;Segura;Sul;2 Trimestre
594272;2024.0;n;4.0;2024-04-16;SC;101;153;PORTO BELO;Acessar a via sem observar a presença dos outros veículos;Com Vítimas Feridas;3;Chuva;Amanhecer;terça-feira;Colisão lateral mesmo sentido;Múltipla;0;0;-27.144717;-48.61063935;Segura;Sul;2 Trimestre
663294;2025.0;n;2.0;2025-02-24;PR;476;179,9;CONTENDA;Transitar na contramão;Com Vítimas Fatais;2;Nublado;Plena Noite;segunda-feira;Colisão frontal;Simples;2;0;-25,707096;-49,597699;Perigosa;Sul;1 Trimestre
688247;2025.0;n;4.0;2025-04-29;RS;386;417,9;MONTENEGRO;Suicídio (presumido);Com Vítimas Fatais;4;Céu Claro;Plena Noite;terça-feira;Colisão frontal;Simples;1;0;-29,81882167;-51,43961728;Perigosa;Sul;2 Trimestre
665604;2025.0;n;3.0;2025-03-06;MG;40;582;ITABIRITO;Pedestre andava na pista;Com Vítimas Fatais;3;Céu Claro;Plena Noite;quinta-feira;Atropelamento de Pedestre;Simples;1;0;-20,312871;-43,934691;Perigosa;Sudeste;1 Trimestre
605888;2024.0;n;6.0;2024-06-08;MG;365;643;UBERLANDIA;Problema com o freio;Sem Vítimas;2;Céu Claro;Plena Noite;sábado;Incêndio;Dupla;0;0;-18.8808611;-48.49354102;Segura;Sudeste;2 Trimestre
599634;2024.0;n;5.0;2024-05-10;MT;163;94;RONDONOPOLIS;Condutor deixou de manter distância do veículo da frente;Com Vítimas Feridas;6;Céu Claro;Plena Noite;sexta-feira;Colisão traseira;Dupla;0;0;-16.70836002;-54.65600904;Segura;Centro-Oeste;2 Trimestre
595695;2024.0;n;4.0;2024-04-22;MG;381;930,9;EXTREMA;Velocidade Incompatível;Com Vítimas Feridas;2;Céu Claro;Pleno dia;segunda-feira;Colisão com objeto;Dupla;0;0;-22.80188832;-46.26962063;Segura;Sudeste;2 Trimestre
664811;2025.0;n;3.0;2025-03-02;RJ;393;246,9;BARRA DO PIRAI;Transitar na contramão;Com Vítimas Fatais;4;Céu Claro;Plena Noite;domingo;Colisão frontal;Simples;2;0;-22,4282579;-43,7688659;Perigosa;Sudeste;1 Trimestre
605952;2024.0;n;6.0;2024-06-08;MG;116;539,5;SANTA RITA DE MINAS;Velocidade Incompatível;Com Vítimas Fatais;2;Céu Claro;Pleno dia;sábado;Tombamento;Simples;1;0;-19.88846312;-42.13788986;Perigosa;Sudeste;2 Trimestre
617163;2024.0;n;7.0;2024-07-03;SC;101;331,5;TUBARAO;Ausência de reação do condutor;Com Vítimas Feridas;7;Céu Claro;Pleno dia;quarta-feira;Colisão traseira;Dupla;0;1;-28.45567521;-48.9812689;Perigosa;Sul;3 Trimestre
622724;2024.0;n;8.0;2024-08-21;ES;259;44;COLATINA;Condutor deixou de manter distância do veículo da frente;Com Vítimas Feridas;4;Céu Claro;Anoitecer;quarta-feira;Colisão traseira;Simples;0;0;-19.61117801;-40.49065728;Segura;Sudeste;3 Trimestre
686735;2025.0;n;4.0;2025-04-22;RS;153;381,2;NOVO CABRAIS;Ultrapassagem Indevida;Com Vítimas Feridas;6;Sol;Pleno dia;terça-feira;Colisão lateral sentido oposto;Simples;0;0;-29,807206;-52,971264;Segura;Sul;2 Trimestre
583417;2024.0;n;2.0;2024-02-10;PA;163;951,8;BELTERRA;Entrada inopinada do pedestre;Com Vítimas Fatais;2;Céu Claro;Plena Noite;sábado;Atropelamento de Pedestre;Simples;1;0;-2.79412901;-54.90000471;Perigosa;Norte;1 Trimestre
652766;2025.0;n;1.0;2025-01-02;RJ;101;282;ITABORAI;Ausência de reação do condutor;Com Vítimas Feridas;1;Céu Claro;Pleno dia;quinta-feira;Tombamento;Dupla;0;0;-22,7371391;-42,79664601;Segura;Sudeste;1 Trimestre
667318;2025.0;n;3.0;2025-03-14;MA;135;132,2;MATOES DO NORTE;Ultrapassagem Indevida;Com Vítimas Fatais;4;Nublado;Anoitecer;sexta-feira;Colisão traseira;Simples;1;0;-3,610583;-44,562365;Perigosa;Nordeste;1 Trimestre
620854;2024.0;n;8.0;2024-08-12;BA;324;438,2;RIACHAO DO JACUIPE;Ultrapassagem Indevida;Com Vítimas Feridas;2;Céu Claro;Plena Noite;segunda-feira;Colisão frontal;Simples;0;1;-11.80627736;-39.39047677;Perigosa;Nordeste;3 Trimestre
658027;2025.0;n;1.0;2025-01-29;MG;262;575;CORREGO DANTA;Velocidade Incompatível;Com Vítimas Feridas;2;Céu Claro;Amanhecer;quarta-feira;Tombamento;Simples;0;0;-19,67291838;-46,04352951;Segura;Sudeste;1 Trimestre
687064;2025.0;n;3.0;2025-03-13;SC;101;207,6;SAO JOSE;Ausência de reação do condutor;Com Vítimas Feridas;3;Céu Claro;Pleno dia;quinta-feira;Colisão traseira;Múltipla;0;1;-27,60223;-48,62878;Perigosa;Sul;1 Trimestre
591148;2024.0;n;4.0;2024-04-01;SC;101;197,4;BIGUACU;Manobra de mudança de faixa;Sem Vítimas;4;Nublado;Pleno dia;segunda-feira;Colisão traseira;Dupla;0;0;-27.51844497;-48.63848496;Segura;Sul;2 Trimestre
588198;2024.0;n;3.0;2024-03-18;ES;101;145;LINHARES;Ausência de reação do condutor;Com Vítimas Feridas;3;Céu Claro;Pleno dia;segunda-feira;Colisão traseira;Múltipla;0;0;-19.36089598;-40.06464018;Segura;Sudeste;1 Trimestre
612045;2024.0;n;7.0;2024-07-04;BA;242;644;MUQUEM DE SAO FRANCISCO;Carga excessiva e/ou mal acondicionada;Sem Vítimas;3;Céu Claro;Pleno dia;quinta-feira;Incêndio;Simples;0;0;-12.195912;-43.70567322;Segura;Nordeste;3 Trimestre
622627;2024.0;n;8.0;2024-08-21;MG;262;767,8;UBERABA;Demais falhas mecânicas ou elétricas;Com Vítimas Feridas;2;Céu Claro;Amanhecer;quarta-feira;Incêndio;Simples;0;0;-19.669628;-47.616744;Segura;Sudeste;3 Trimestre
597323;2024.0;n;4.0;2024-04-29;SC;101;46,9;JOINVILLE;Ingestão de substâncias psicoativas pelo condutor;Com Vítimas Feridas;4;Garoa/Chuvisco;Plena Noite;segunda-feira;Colisão traseira;Dupla;0;0;-26.33150083;-48.86187762;Segura;Sul;2 Trimestre
587392;2024.0;n;3.0;2024-03-15;CE;116;17;EUSEBIO;Demais falhas mecânicas ou elétricas;Com Vítimas Feridas;3;Chuva;Pleno dia;sexta-feira;Colisão com objeto;Dupla;0;0;-3.89617918;-38.50336042;Segura;Nordeste;1 Trimestre
623761;2024.0;n;8.0;2024-08-26;RJ;101;383;RIO DE JANEIRO;Condutor Dormindo;Com Vítimas Feridas;1;Céu Claro;Pleno dia;segunda-feira;Saída de leito carroçável;Dupla;0;0;-22.8765463;-43.61463385;Segura;Sudeste;3 Trimestre
611315;2024.0;n;7.0;2024-07-01;SP;116;147;SAO JOSE DOS CAMPOS;Manobra de mudança de faixa;Sem Vítimas;3;Céu Claro;Pleno dia;segunda-feira;Colisão transversal;Dupla;0;0;-23.19542994;-45.87176303;Segura;Sudeste;3 Trimestre
630280;2024.0;n;9.0;2024-09-24;RJ;101;316;SAO GONCALO;Reação tardia ou ineficiente do condutor;Com Vítimas Feridas;4;Céu Claro;Anoitecer;terça-feira;Colisão lateral mesmo sentido;Dupla;0;0;-22.82835879;-43.09208739;Segura;Sudeste;3 Trimestre
656496;2025.0;n;1.0;2025-01-21;PR;277;573,9;CASCAVEL;Ausência de reação do condutor;Com Vítimas Feridas;6;Nublado;Pleno dia;terça-feira;Colisão traseira;Simples;0;0;-24,99847694;-53,29667191;Segura;Sul;1 Trimestre
602241;2024.0;n;5.0;2024-05-22;SP;153;62,2;SAO JOSE DO RIO PRETO;Condutor deixou de manter distância do veículo da frente;Sem Vítimas;2;Céu Claro;Pleno dia;quarta-feira;Colisão traseira;Simples;0;0;-20.81325404;-49.35675563;Segura;Sudeste;2 Trimestre
620640;2024.0;n;8.0;2024-08-11;SP;116;222,6;GUARULHOS;Ausência de reação do condutor;Com Vítimas Feridas;2;Nublado;Plena Noite;domingo;Colisão traseira;Múltipla;0;0;-23.47093408;-46.51631097;Segura;Sudeste;3 Trimestre
653451;2025.0;n;1.0;2025-01-06;MG;262;70,3;MATIPO;Ausência de reação do condutor;Com Vítimas Feridas;2;Nublado;Pleno dia;segunda-feira;Colisão frontal;Simples;0;1;-20,30858941;-42,29618793;Perigosa;Sudeste;1 Trimestre
653870;2025.0;n;1.0;2025-01-08;PE;428;189;PETROLINA;Velocidade Incompatível;Com Vítimas Feridas;3;Nublado;Pleno dia;quarta-feira;Colisão com objeto;Dupla;0;0;-9,37197508;-40,48679585;Segura;Nordeste;1 Trimestre
663936;2025.0;n;2.0;2025-02-27;SE;101;153;ESTANCIA;Sinalização mal posicionada;Com Vítimas Feridas;3;Céu Claro;Pleno dia;quinta-feira;Colisão traseira;Simples;0;0;-11,282715;-37,450113;Segura;Nordeste;1 Trimestre
581077;2024.0;n;2.0;2024-02-14;MT;364;240,6;JUSCIMEIRA;Condutor deixou de manter distância do veículo da frente;Sem Vítimas;5;Sol;Pleno dia;quarta-feira;Colisão lateral mesmo sentido;Dupla;0;0;-16.17914141;-54.78905337;Segura;Centro-Oeste;1 Trimestre
618695;2024.0;n;8.0;2024-08-03;RS;293;345,8;SANTANA DO LIVRAMENTO;Condutor Dormindo;Com Vítimas Fatais;2;Céu Claro;Amanhecer;sábado;Colisão frontal;Simples;1;2;-30.83241083;-55.57489468;Perigosa;Sul;3 Trimestre
582645;2024.0;n;2.0;2024-02-22;MG;40;441;PARAOPEBA;Ausência de reação do condutor;Com Vítimas Feridas;2;Céu Claro;Amanhecer;quinta-feira;Colisão traseira;Dupla;0;0;-19.23100428;-44.43562244;Segura;Sudeste;1 Trimestre
593016;2024.0;n;4.0;2024-04-10;MG;40;610,3;CONGONHAS;Reação tardia ou ineficiente do condutor;Com Vítimas Feridas;4;Céu Claro;Pleno dia;quarta-feira;Tombamento;Simples;0;0;-20.50811756;-43.83852742;Segura;Sudeste;2 Trimestre
579297;2024.0;n;2.0;2024-02-06;SC;470;356,2;CAMPOS NOVOS;Ausência de reação do condutor;Com Vítimas Feridas;1;Céu Claro;Plena Noite;terça-feira;Tombamento;Simples;0;1;-27.596577;-51.473782;Perigosa;Sul;1 Trimestre
666944;2025.0;n;3.0;2025-03-13;RS;386;400,5;TRIUNFO;Problema com o freio;Com Vítimas Feridas;3;Céu Claro;Pleno dia;quinta-feira;Colisão lateral mesmo sentido;Simples;0;0;-29,75612745;-51,59753948;Segura;Sul;1 Trimestre
598930;2024.0;n;5.0;2024-05-07;PR;116;120;CURITIBA;Manobra de mudança de faixa;Sem Vítimas;2;Céu Claro;Plena Noite;terça-feira;Colisão lateral mesmo sentido;Dupla;0;0;-25.590938;-49.315215;Segura;Sul;2 Trimestre
590484;2024.0;y;3.0;2024-03-29;MG;153;75;MONTE ALEGRE DE MINAS;Demais falhas mecânicas ou elétricas;Sem Vítimas;3;Nublado;Amanhecer;sexta-feira;Incêndio;Simples;0;0;-19.02227706;-49.01308814;Segura;Sudeste;1 Trimestre
669896;2025.0;n;3.0;2025-03-27;BA;116;543,9;ITATIM;Reação tardia ou ineficiente do condutor;Com Vítimas Feridas;5;Céu Claro;Pleno dia;quinta-feira;Colisão traseira;Simples;0;0;-12,8522;-39,8449;Segura;Nordeste;1 Trimestre
664856;2025.0;n;3.0;2025-03-02;ES;101;390,8;RIO NOVO DO SUL;Ausência de reação do condutor;Com Vítimas Feridas;3;Céu Claro;Pleno dia;domingo;Colisão lateral sentido oposto;Simples;0;0;-20,8582236;-40,89019781;Segura;Sudeste;1 Trimestre
626648;2024.0;n;8.0;2024-08-31;MG;381;172,7;GOVERNADOR VALADARES;Demais falhas mecânicas ou elétricas;Sem Vítimas;2;Céu Claro;Pleno dia;sábado;Incêndio;Simples;0;0;-18.98622096;-42.10906603;Segura;Sudeste;3 Trimestre
655186;2025.0;y;1.0;2025-01-01;GO;153;703,5;ITUMBIARA;Demais falhas na via;Com Vítimas Feridas;2;Nublado;Pleno dia;quarta-feira;Saída de leito carroçável;Simples;0;0;-18,411018;-49,195927;Segura;Centro-Oeste;1 Trimestre
600788;2024.0;n;5.0;2024-05-16;AL;101;129;SAO MIGUEL DOS CAMPOS;Demais falhas mecânicas ou elétricas;Sem Vítimas;2;Céu Claro;Plena Noite;quinta-feira;Incêndio;Simples;0;0;-9.74963266;-36.06531248;Segura;Nordeste;2 Trimestre
624473;2024.0;n;8.0;2024-08-30;MG;40;520;CONTAGEM;Pedestre andava na pista;Com Vítimas Feridas;3;Céu Claro;Pleno dia;sexta-feira;Atropelamento de Pedestre;Dupla;0;1;-19.84761911;-44.07276144;Perigosa;Sudeste;3 Trimestre
622434;2024.0;n;8.0;2024-08-20;PR;277;687,5;SAO MIGUEL DO IGUACU;Ausência de reação do condutor;Com Vítimas Feridas;3;Céu Claro;Amanhecer;terça-feira;Colisão traseira;Dupla;0;0;-25.34377452;-54.22446208;Segura;Sul;3 Trimestre
622675;2024.0;n;8.0;2024-08-17;RS;290;53,6;GLORINHA;Ingestão de álcool pelo condutor;Sem Vítimas;3;Garoa/Chuvisco;Plena Noite;sábado;Colisão lateral mesmo sentido;Dupla;0;0;-29.912635;-50.794576;Segura;Sul;3 Trimestre
577966;2024.0;n;1.0;2024-01-30;MT;70;7;BARRA DO GARCAS;Velocidade Incompatível;Com Vítimas Feridas;3;Céu Claro;Pleno dia;terça-feira;Colisão traseira;Dupla;0;0;-15.87783366;-52.31337829;Segura;Centro-Oeste;1 Trimestre
657796;2025.0;n;1.0;2025-01-27;RJ;101;295;ITABORAI;Demais falhas mecânicas ou elétricas;Com Vítimas Feridas;1;Sol;Pleno dia;segunda-feira;Tombamento;Dupla;0;0;-22,76365068;-42,90223623;Segura;Sudeste;1 Trimestre
687552;2025.0;n;4.0;2025-04-26;BA;242;463;IBITIARA;Demais falhas mecânicas ou elétricas;Sem Vítimas;3;Céu Claro;Pleno dia;sábado;Incêndio;Simples;0;0;-12,446022;-42,170291;Segura;Nordeste;2 Trimestre
658516;2025.0;n;1.0;2025-01-31;PR;277;388;CANDOI;Ausência de reação do condutor;Com Vítimas Feridas;1;Céu Claro;Plena Noite;sexta-feira;Saída de leito carroçável;Simples;0;0;-25,4345774;-51,80956591;Segura;Sul;1 Trimestre
615134;2024.0;n;7.0;2024-07-18;PE;232;24;MORENO;Avarias e/ou desgaste excessivo no pneu;Com Vítimas Feridas;1;Céu Claro;Plena Noite;quinta-feira;Saída de leito carroçável;Dupla;0;0;-8.10482918;-35.10351264;Segura;Nordeste;3 Trimestre
658553;2025.0;n;2.0;2025-02-01;MT;163;756;SORRISO;Transitar na contramão;Com Vítimas Feridas;5;Chuva;Plena Noite;sábado;Colisão lateral sentido oposto;Dupla;0;0;-12,51598253;-55,69726872;Segura;Centro-Oeste;1 Trimestre
585266;2024.0;n;3.0;2024-03-06;MG;40;786,9;JUIZ DE FORA;Carga excessiva e/ou mal acondicionada;Com Vítimas Feridas;3;Chuva;Plena Noite;quarta-feira;Derramamento de carga;Dupla;0;1;-21.7253668;-43.43894807;Perigosa;Sudeste;1 Trimestre
575001;2024.0;n;1.0;2024-01-15;PR;369;416,2;JURANDA;Acessar a via sem observar a presença dos outros veículos;Com Vítimas Fatais;2;Nublado;Plena Noite;segunda-feira;Colisão lateral sentido oposto;Simples;1;0;-24.47431825;-52.87474036;Perigosa;Sul;1 Trimestre
663019;2025.0;n;2.0;2025-02-22;SP;153;89;MIRASSOL;Ausência de reação do condutor;Com Vítimas Feridas;2;Céu Claro;Plena Noite;sábado;Colisão traseira;Dupla;0;0;-20,94498178;-49,53459612;Segura;Sudeste;1 Trimestre
606454;2024.0;n;6.0;2024-06-10;PR;376;413;TIBAGI;Reação tardia ou ineficiente do condutor;Com Vítimas Feridas;3;Céu Claro;Amanhecer;segunda-feira;Tombamento;Dupla;0;1;-24.64003498;-50.626266;Perigosa;Sul;2 Trimestre
652818;2025.0;n;1.0;2025-01-02;PR;116;38;CAMPINA GRANDE DO SUL;Reação tardia ou ineficiente do condutor;Com Vítimas Feridas;2;Chuva;Anoitecer;quinta-feira;Saída de leito carroçável;Dupla;0;2;-25,14802509;-48,85922071;Perigosa;Sul;1 Trimestre
591267;2024.0;n;4.0;2024-04-01;PR;376;175,5;MARINGA;Entrada inopinada do pedestre;Com Vítimas Feridas;2;Garoa/Chuvisco;Plena Noite;segunda-feira;Atropelamento de Pedestre;Múltipla;0;1;-23.4113569;-51.9407767;Perigosa;Sul;2 Trimestre
603618;2024.0;n;5.0;2024-05-28;PI;343;340,4;TERESINA;Ultrapassagem Indevida;Com Vítimas Feridas;3;Céu Claro;Pleno dia;terça-feira;Colisão lateral mesmo sentido;Dupla;0;1;-5.07691285;-42.74103999;Perigosa;Nordeste;2 Trimestre
592178;2024.0;n;4.0;2024-04-06;MG;40;212;JOAO PINHEIRO;Reação tardia ou ineficiente do condutor;Sem Vítimas;3;Céu Claro;Pleno dia;sábado;Colisão frontal;Simples;0;0;-17.97329792;-45.71431712;Segura;Sudeste;2 Trimestre
656251;2025.0;n;1.0;2025-01-20;PB;230;58,6;CRUZ DO ESPIRITO SANTO;Ultrapassagem Indevida;Com Vítimas Fatais;3;Céu Claro;Pleno dia;segunda-feira;Colisão traseira;Dupla;2;0;-7,2043;-35,1305;Perigosa;Nordeste;1 Trimestre
580848;2024.0;n;2.0;2024-02-12;RS;153;413,7;CACHOEIRA DO SUL;Ausência de reação do condutor;Com Vítimas Feridas;2;Céu Claro;Plena Noite;segunda-feira;Colisão traseira;Simples;0;0;-30.10719207;-52.86494521;Segura;Sul;1 Trimestre
673716;2025.0;n;4.0;2025-04-14;MG;40;444;PARAOPEBA;Carga excessiva e/ou mal acondicionada;Com Vítimas Feridas;2;Céu Claro;Anoitecer;segunda-feira;Tombamento;Dupla;0;0;-19,288902;-44,408432;Segura;Sudeste;2 Trimestre
658368;2025.0;n;1.0;2025-01-08;RO;319;54;PORTO VELHO;Reação tardia ou ineficiente do condutor;Com Vítimas Feridas;1;Nublado;Pleno dia;quarta-feira;Tombamento;Simples;0;0;-8,74350592;-63,94936497;Segura;Norte;1 Trimestre
579837;2024.0;n;2.0;2024-02-08;SC;282;636,5;DESCANSO;Reação tardia ou ineficiente do condutor;Com Vítimas Fatais;1;Nublado;Pleno dia;quinta-feira;Saída de leito carroçável;Simples;1;0;-26.80928698;-53.43977451;Perigosa;Sul;1 Trimestre
657808;2025.0;n;1.0;2025-01-27;MG;40;580;ITABIRITO;Sinalização mal posicionada;Com Vítimas Feridas;2;Céu Claro;Plena Noite;segunda-feira;Colisão com objeto;Dupla;0;0;-20,29439498;-43,93886497;Segura;Sudeste;1 Trimestre
665143;2025.0;n;3.0;2025-03-04;PR;277;299,4;PRUDENTOPOLIS;Transitar na contramão;Com Vítimas Fatais;3;Céu Claro;Pleno dia;terça-feira;Colisão frontal;Simples;1;0;-25,297875;-51,140914;Perigosa;Sul;1 Trimestre
579279;2024.0;n;2.0;2024-02-05;SC;116;166,4;PONTE ALTA DO NORTE;Reação tardia ou ineficiente do condutor;Com Vítimas Feridas;1;Céu Claro;Plena Noite;segunda-feira;Tombamento;Simples;0;0;-27.16174113;-50.46682477;Segura;Sul;1 Trimestre
658917;2025.0;n;2.0;2025-02-02;MT;70;505;CUIABA;Reação tardia ou ineficiente do condutor;Com Vítimas Feridas;6;Céu Claro;Pleno dia;domingo;Colisão frontal;Simples;0;0;-15,70215158;-56,05846024;Segura;Centro-Oeste;1 Trimestre
653558;2025.0;n;1.0;2025-01-06;MG;381;483,5;BETIM;Velocidade Incompatível;Com Vítimas Feridas;1;Chuva;Pleno dia;segunda-feira;Tombamento;Múltipla;0;0;-19,95594491;-44,10721699;Segura;Sudeste;1 Trimestre
592823;2024.0;n;4.0;2024-04-09;MT;364;218;RONDONOPOLIS;Mal súbito do condutor;Com Vítimas Feridas;4;Garoa/Chuvisco;Pleno dia;terça-feira;Saída de leito carroçável;Dupla;0;0;-16.36282009;-54.72956815;Segura;Centro-Oeste;2 Trimestre
686436;2025.0;y;4.0;2025-04-21;MG;40;509;RIBEIRAO DAS NEVES;Trafegar com motocicleta (ou similar) entre as faixas;Com Vítimas Feridas;2;Céu Claro;Pleno dia;segunda-feira;Queda de ocupante de veículo;Dupla;0;0;-19,771962;-44,125768;Segura;Sudeste;2 Trimestre
604256;2024.0;n;5.0;2024-05-31;PI;316;1,8;TERESINA;Ausência de reação do condutor;Sem Vítimas;3;Céu Claro;Pleno dia;sexta-feira;Colisão lateral mesmo sentido;Dupla;0;0;-5.131168;-42.81564;Segura;Nordeste;2 Trimestre
597312;2024.0;n;4.0;2024-04-29;SC;470;27;ILHOTA;Reação tardia ou ineficiente do condutor;Com Vítimas Feridas;3;Garoa/Chuvisco;Plena Noite;segunda-feira;Colisão com objeto;Dupla;0;0;-26.891006;-48.884411;Segura;Sul;2 Trimestre
604613;2024.0;n;6.0;2024-06-02;RS;101;4;TORRES;Condutor Dormindo;Com Vítimas Feridas;2;Céu Claro;Plena Noite;domingo;Saída de leito carroçável;Dupla;0;0;-29.33442;-49.785553;Segura;Sul;2 Trimestre
575753;2024.0;n;1.0;2024-01-19;SC;101;200;SAO JOSE;Ausência de reação do condutor;Com Vítimas Feridas;2;Céu Claro;Pleno dia;sexta-feira;Colisão traseira;Simples;0;0;-27.54018513;-48.62287714;Segura;Sul;1 Trimestre
619086;2024.0;n;8.0;2024-08-04;MT;163;855;SINOP;Transitar na contramão;Com Vítimas Fatais;4;Céu Claro;Plena Noite;domingo;Colisão frontal;Simples;1;1;-11.68833862;-55.45027256;Perigosa;Centro-Oeste;3 Trimestre
657851;2025.0;n;1.0;2025-01-28;ES;393;0;CACHOEIRO DE ITAPEMIRIM;Ultrapassagem Indevida;Com Vítimas Feridas;2;Céu Claro;Pleno dia;terça-feira;Colisão lateral mesmo sentido;Simples;0;1;-20,841324;-41,15929;Perigosa;Sudeste;1 Trimestre
618713;2024.0;n;8.0;2024-08-02;MS;262;456,8;DOIS IRMAOS DO BURITI;Demais falhas mecânicas ou elétricas;Com Vítimas Feridas;1;Céu Claro;Plena Noite;sexta-feira;Tombamento;Simples;0;0;-20.55624404;-55.50979502;Segura;Centro-Oeste;3 Trimestre
653373;2025.0;n;1.0;2025-01-05;BA;242;477;IBITIARA;Velocidade Incompatível;Com Vítimas Feridas;1;Céu Claro;Pleno dia;domingo;Saída de leito carroçável;Simples;0;0;-12,47317295;-42,2897659;Segura;Nordeste;1 Trimestre
604146;2024.0;n;5.0;2024-05-30;PA;10;205,5;IPIXUNA DO PARA;Animais na Pista;Com Vítimas Fatais;3;Céu Claro;Anoitecer;quinta-feira;Atropelamento de Animal;Simples;1;0;-2.6365889;-47.48004444;Perigosa;Norte;2 Trimestre
687961;2025.0;n;4.0;2025-04-28;BA;242;801;BARREIRAS;Velocidade Incompatível;Com Vítimas Feridas;2;Chuva;Plena Noite;segunda-feira;Saída de leito carroçável;Simples;0;4;-12,15026085;-44,88682241;Perigosa;Nordeste;2 Trimestre
594858;2024.0;n;4.0;2024-04-18;MT;70;530;VARZEA GRANDE;Acesso irregular;Com Vítimas Feridas;2;Céu Claro;Plena Noite;quinta-feira;Colisão transversal;Simples;0;0;-15.652245;-56.201519;Segura;Centro-Oeste;2 Trimestre