id;ano;feriado;mes;data_inversa;uf;br;km;municipio;causa_acidente;classificacao_acidente;veiculos;condicao_metereologica;fase_dia;dia_semana;tipo_acidente;tipo_pista;mortos;feridos_graves;latitude;longitude;status;regiao;periodo
617056;2024.0;n;7.0;2024-07-26;MG;262;151,5;SAO DOMINGOS DO PRATA;Velocidade Incompatível;Sem Vítimas;2;Céu Claro;Anoitecer;sexta-feira;Colisão traseira;Simples;0;0;-20.0020998;-42.77600786;Segura;Sudeste;3 Trimestre
582358;2024.0;n;2.0;2024-02-21;RJ;356;49;ITAPERUNA;Velocidade Incompatível;Com Vítimas Feridas;2;Chuva;Pleno dia;quarta-feira;Tombamento;Simples;0;0;-21.25300596;-41.78325793;Segura;Sudeste;1 Trimestre
594972;2024.0;n;4.0;2024-04-19;PI;316;389;FRANCISCO MACEDO;Sinalização mal posicionada;Com Vítimas Feridas;3;Céu Claro;Pleno dia;sexta-feira;Colisão traseira;Simples;0;0;-7.27224281;-40.83709577;Segura;Nordeste;2 Trimestre
600826;2024.0;n;5.0;2024-05-16;GO;153;511,7;APARECIDA DE GOIANIA;Ausência de reação do condutor;Com Vítimas Feridas;3;Céu Claro;Pleno dia;quinta-feira;Engavetamento;Múltipla;0;0;-16.8067;-49.2394;Segura;Centro-Oeste;2 Trimestre
582343;2024.0;n;2.0;2024-02-20;PR;476;265;SAO MATEUS DO SUL;Chuva;Com Vítimas Feridas;2;Chuva;Pleno dia;terça-feira;Colisão lateral sentido oposto;Simples;0;0;-25.891741;-50.292095;Segura;Sul;1 Trimestre
588314;2024.0;n;3.0;2024-03-19;PI;135;297;CRISTINO CASTRO;Ausência de reação do condutor;Com Vítimas Feridas;2;Céu Claro;Plena Noite;terça-feira;Saída de leito carroçável;Simples;0;0;-8.69779185;-44.08943712;Segura;Nordeste;1 Trimestre
663661;2025.0;n;2.0;2025-02-25;GO;40;42,7;LUZIANIA;Reação tardia ou ineficiente do condutor;Com Vítimas Feridas;4;Chuva;Pleno dia;terça-feira;Colisão lateral sentido oposto;Dupla;0;2;-16,381753;-47,826975;Perigosa;Centro-Oeste;1 Trimestre
572901;2024.0;n;1.0;2024-01-06;GO;153;670;GOIATUBA;Condutor deixou de manter distância do veículo da frente;Sem Vítimas;1;Céu Claro;Amanhecer;sábado;Saída de leito carroçável;Dupla;0;0;-18.1413;-49.2886;Segura;Centro-Oeste;1 Trimestre
601033;2024.0;n;5.0;2024-05-17;MT;163;956;NOVA SANTA HELENA;Ultrapassagem Indevida;Com Vítimas Feridas;3;Céu Claro;Pleno dia;sexta-feira;Colisão lateral mesmo sentido;Simples;0;0;-10.963698;-55.22303101;Segura;Centro-Oeste;2 Trimestre
598506;2024.0;n;5.0;2024-05-05;GO;364;227;JATAI;Ultrapassagem Indevida;Com Vítimas Feridas;5;Céu Claro;Anoitecer;domingo;Colisão lateral mesmo sentido;Simples;0;0;-17.816383;-51.975555;Segura;Centro-Oeste;2 Trimestre
604380;2024.0;n;6.0;2024-06-01;MT;163;1042;MATUPA;Demais falhas mecânicas ou elétricas;Sem Vítimas;4;Céu Claro;Plena Noite;sábado;Incêndio;Simples;0;0;-10.15;-54.931;Segura;Centro-Oeste;2 Trimestre
588352;2024.0;n;3.0;2024-03-19;PR;376;436,6;TIBAGI;Velocidade Incompatível;Com Vítimas Feridas;2;Chuva;Pleno dia;terça-feira;Colisão com objeto;Dupla;0;0;-24.78657487;-50.50744316;Segura;Sul;1 Trimestre
585642;2024.0;n;3.0;2024-03-07;SC;280;157;MAFRA;Reação tardia ou ineficiente do condutor;Com Vítimas Feridas;5;Céu Claro;Pleno dia;quinta-feira;Colisão traseira;Simples;0;1;-26.20081502;-49.74222347;Perigosa;Sul;1 Trimestre
573366;2024.0;n;1.0;2024-01-08;PR;116;113,9;CURITIBA;Demais falhas mecânicas ou elétricas;Com Vítimas Feridas;2;Sol;Pleno dia;segunda-feira;Atropelamento de Pedestre;Dupla;0;0;-25.54633;-49.29371774;Segura;Sul;1 Trimestre
658203;2025.0;n;1.0;2025-01-30;ES;101;8,1;PEDRO CANARIO;Velocidade Incompatível;Com Vítimas Feridas;2;Céu Claro;Pleno dia;quinta-feira;Tombamento;Simples;0;0;-18,23027961;-39,95278417;Segura;Sudeste;1 Trimestre
652532;2025.0;y;1.0;2025-01-01;MG;50;180;UBERABA;Ingestão de álcool pelo condutor;Sem Vítimas;1;Céu Claro;Pleno dia;quarta-feira;Colisão com objeto;Simples;0;0;-19,77848216;-47,92194709;Segura;Sudeste;1 Trimestre
653940;2025.0;n;1.0;2025-01-08;BA;116;318,5;ARACI;Transitar na contramão;Com Vítimas Fatais;2;Céu Claro;Plena Noite;quarta-feira;Colisão transversal;Simples;1;0;-11,31489323;-38,9451956;Perigosa;Nordeste;1 Trimestre
600726;2024.0;n;5.0;2024-05-15;MG;381;828,3;SAO SEBASTIAO DA BELA VISTA;Retorno proibido;Com Vítimas Fatais;3;Céu Claro;Anoitecer;quarta-feira;Colisão transversal;Dupla;1;0;-22.114637;-45.750071;Perigosa;Sudeste;2 Trimestre
591690;2024.0;n;4.0;2024-04-04;AL;104;7,4;SAO JOSE DA LAJE;Problema com o freio;Sem Vítimas;1;Nublado;Pleno dia;quinta-feira;Tombamento;Simples;0;0;-8.95590995;-36.02384445;Segura;Nordeste;2 Trimestre
658331;2025.0;n;1.0;2025-01-31;MG;40;779,8;JUIZ DE FORA;Animais na Pista;Com Vítimas Feridas;5;Nublado;Amanhecer;sexta-feira;Atropelamento de Animal;Dupla;0;0;-21,67252614;-43,44374992;Segura;Sudeste;1 Trimestre
672242;2025.0;n;4.0;2025-04-07;ES;101;450;MIMOSO DO SUL;Ausência de reação do condutor;Com Vítimas Feridas;6;Nublado;Anoitecer;segunda-feira;Colisão lateral sentido oposto;Simples;0;2;-21,19133423;-41,29438877;Perigosa;Sudeste;2 Trimestre
659325;2025.0;n;2.0;2025-02-04;BA;324;539;AMELIA RODRIGUES;Demais falhas mecânicas ou elétricas;Sem Vítimas;2;Céu Claro;Plena Noite;terça-feira;Colisão com objeto;Dupla;0;0;-12,37995647;-38,79955259;Segura;Nordeste;1 Trimestre
662936;2025.0;n;2.0;2025-02-22;SC;282;578;PINHALZINHO;Condutor usando celular;Com Vítimas Feridas;5;Sol;Pleno dia;sábado;Colisão frontal;Simples;0;0;-26,85107593;-52,98002291;Segura;Sul;1 Trimestre
606718;2024.0;n;6.0;2024-06-11;MT;364;203;RONDONOPOLIS;Mal súbito do condutor;Com Vítimas Feridas;4;Céu Claro;Pleno dia;terça-feira;Saída de leito carroçável;Dupla;0;0;-16.47555256;-54.65344724;Segura;Centro-Oeste;2 Trimestre
661801;2025.0;n;2.0;2025-02-16;GO;364;240;JATAI;Condutor Dormindo;Com Vítimas Feridas;2;Sol;Pleno dia;domingo;Saída de leito carroçável;Simples;0;0;-17,784187;-52,084309;Segura;Centro-Oeste;1 Trimestre
653530;2025.0;n;1.0;2025-01-06;SC;101;118,9;ITAJAI;Reação tardia ou ineficiente do condutor;Sem Vítimas;2;Sol;Pleno dia;segunda-feira;Colisão traseira;Múltipla;0;0;-26,895859;-48,71903;Segura;Sul;1 Trimestre
608234;2024.0;n;6.0;2024-06-17;RO;364;713;PORTO VELHO;Carga excessiva e/ou mal acondicionada;Sem Vítimas;3;Céu Claro;Plena Noite;segunda-feira;Saída de leito carroçável;Dupla;0;0;-8.77331583;-63.87969248;Segura;Norte;2 Trimestre
666387;2025.0;n;3.0;2025-03-10;PR;376;309,8;MAUA DA SERRA;Avarias e/ou desgaste excessivo no pneu;Sem Vítimas;1;Chuva;Pleno dia;segunda-feira;Colisão com objeto;Dupla;0;0;-23,96166602;-51,11473918;Segura;Sul;1 Trimestre
582193;2024.0;n;1.0;2024-01-20;MA;222;444;SANTA LUZIA;Acessar a via sem observar a presença dos outros veículos;Com Vítimas Feridas;4;Céu Claro;Pleno dia;sábado;Tombamento;Simples;0;0;-4.07821967;-45.95269918;Segura;Nordeste;1 Trimestre
611933;2024.0;n;7.0;2024-07-04;MG;262;127;RIO CASCA;Avarias e/ou desgaste excessivo no pneu;Com Vítimas Feridas;3;Céu Claro;Pleno dia;quinta-feira;Tombamento;Simples;0;0;-20.18090294;-42.69776582;Segura;Sudeste;3 Trimestre
615008;2024.0;n;7.0;2024-07-17;SC;280;10;SAO FRANCISCO DO SUL;Trafegar com motocicleta (ou similar) entre as faixas;Com Vítimas Feridas;3;Céu Claro;Pleno dia;quarta-feira;Colisão lateral mesmo sentido;Simples;0;1;-26.29625399;-48.64238799;Perigosa;Sul;3 Trimestre
605368;2024.0;n;6.0;2024-06-05;PR;277;721;FOZ DO IGUACU;Ausência de reação do condutor;Com Vítimas Feridas;2;Céu Claro;Pleno dia;quarta-feira;Colisão traseira;Dupla;0;0;-25.4911505;-54.51185421;Segura;Sul;2 Trimestre
586602;2024.0;n;3.0;2024-03-11;RS;285;378,8;SALDANHA MARINHO;Condutor deixou de manter distância do veículo da frente;Com Vítimas Feridas;2;Sol;Pleno dia;segunda-feira;Colisão traseira;Simples;0;0;-28.428135;-53.135483;Segura;Sul;1 Trimestre
668538;2025.0;n;3.0;2025-03-20;PA;163;9;NOVO PROGRESSO;Reação tardia ou ineficiente do condutor;Com Vítimas Feridas;5;Céu Claro;Pleno dia;quinta-feira;Colisão traseira;Simples;0;0;-9,489724;-54,8586775;Segura;Norte;1 Trimestre
617656;2024.0;n;7.0;2024-07-29;MT;70;64,6;BARRA DO GARCAS;Ingestão de álcool pelo condutor;Com Vítimas Feridas;3;Céu Claro;Pleno dia;segunda-feira;Saída de leito carroçável;Simples;0;0;-15.70691541;-52.72299004;Segura;Centro-Oeste;3 Trimestre
622510;2024.0;n;8.0;2024-08-20;RN;101;150;GOIANINHA;Acessar a via sem observar a presença dos outros veículos;Com Vítimas Feridas;3;Céu Claro;Pleno dia;terça-feira;Colisão lateral mesmo sentido;Dupla;0;1;-6.29468817;-35.1962053;Perigosa;Nordeste;3 Trimestre
587502;2024.0;n;3.0;2024-03-15;RJ;116;115;MAGE;Falta de acostamento;Com Vítimas Feridas;3;Céu Claro;Plena Noite;sexta-feira;Colisão traseira;Simples;0;1;-22.58686665;-43.0179492;Perigosa;Sudeste;1 Trimestre
577960;2024.0;n;1.0;2024-01-30;PB;230;282;SANTA LUZIA;Reação tardia ou ineficiente do condutor;Com Vítimas Feridas;6;Sol;Pleno dia;terça-feira;Colisão traseira;Simples;0;0;-6.9203;-36.8532;Segura;Nordeste;1 Trimestre
613852;2024.0;n;7.0;2024-07-12;MT;364;370;SANTO ANTONIO DO LEVERGER;Acessar a via sem observar a presença dos outros veículos;Com Vítimas Feridas;3;Céu Claro;Pleno dia;sexta-feira;Colisão traseira;Dupla;0;0;-15.72114932;-55.67804222;Segura;Centro-Oeste;3 Trimestre
622846;2024.0;n;8.0;2024-08-22;RS;116;339;BARRA DO RIBEIRO;Demais falhas mecânicas ou elétricas;Sem Vítimas;2;Nublado;Pleno dia;quinta-feira;Incêndio;Dupla;0;0;-30.44683293;-51.48439812;Segura;Sul;3 Trimestre
578608;2024.0;n;2.0;2024-02-02;PR;369;52;BANDEIRANTES;Velocidade Incompatível;Com Vítimas Feridas;1;Céu Claro;Anoitecer;sexta-feira;Tombamento;Simples;0;0;-23.11109529;-50.33437729;Segura;Sul;1 Trimestre
625989;2024.0;n;9.0;2024-09-05;RS;290;62;GRAVATAI;Reação tardia ou ineficiente do condutor;Com Vítimas Feridas;3;Céu Claro;Plena Noite;quinta-feira;Colisão traseira;Múltipla;0;0;-29.932089;-50.877304;Segura;Sul;3 Trimestre
687932;2025.0;n;4.0;2025-04-28;MG;116;714,1;MURIAE;Suicídio (presumido);Com Vítimas Feridas;3;Céu Claro;Plena Noite;segunda-feira;Colisão frontal;Simples;0;1;-21,201;-42,385;Perigosa;Sudeste;2 Trimestre
662228;2025.0;n;2.0;2025-02-18;SC;101;44,8;JOINVILLE;Reação tardia ou ineficiente do condutor;Com Vítimas Feridas;3;Chuva;Pleno dia;terça-feira;Colisão frontal;Dupla;0;0;-26,31238996;-48,87458997;Segura;Sul;1 Trimestre
577673;2024.0;n;1.0;2024-01-28;GO;364;269;MINEIROS;Reação tardia ou ineficiente do condutor;Com Vítimas Feridas;2;Céu Claro;Pleno dia;domingo;Tombamento;Simples;0;0;-17.668106;-52.302914;Segura;Centro-Oeste;1 Trimestre
582165;2024.0;n;2.0;2024-02-20;ES;101;296,2;CARIACICA;Manobra de mudança de faixa;Com Vítimas Feridas;4;Céu Claro;Pleno dia;terça-feira;Colisão lateral mesmo sentido;Dupla;0;0;-20.34029997;-40.40405712;Segura;Sudeste;1 Trimestre
603104;2024.0;n;5.0;2024-05-26;BA;242;803;BARREIRAS;Ultrapassagem Indevida;Com Vítimas Feridas;4;Céu Claro;Pleno dia;domingo;Saída de leito carroçável;Simples;0;0;-12.11626016;-45.08318469;Segura;Nordeste;2 Trimestre
627214;2024.0;n;7.0;2024-07-17;BA;324;537;CONCEICAO DO JACUIPE;Problema com o freio;Com Vítimas Feridas;2;Nublado;Pleno dia;quarta-feira;Colisão traseira;Dupla;0;0;-12.36902201;-38.81384601;Segura;Nordeste;3 Trimestre
668286;2025.0;n;3.0;2025-03-19;SC;282;664;FLORIANOPOLIS;Acessar a via sem observar a presença dos outros veículos;Com Vítimas Feridas;2;Céu Claro;Pleno dia;quarta-feira;Colisão transversal;Simples;0;0;-27,5939328;-48,5588992;Segura;Sul;1 Trimestre
614758;2024.0;n;7.0;2024-07-15;MG;153;143;PRATA;Avarias e/ou desgaste excessivo no pneu;Com Vítimas Feridas;4;Céu Claro;Anoitecer;segunda-feira;Saída de leito carroçável;Simples;0;0;-19.59131213;-48.83018771;Segura;Sudeste;3 Trimestre
657955;2025.0;n;1.0;2025-01-28;SC;280;92;CORUPA;Velocidade Incompatível;Com Vítimas Fatais;1;Nublado;Pleno dia;terça-feira;Capotamento;Simples;1;0;-26,39448258;-49,2950379;Perigosa;Sul;1 Trimestre
672784;2025.0;n;4.0;2025-04-10;GO;60;97;ANAPOLIS;Acessar a via sem observar a presença dos outros veículos;Com Vítimas Feridas;2;Nublado;Pleno dia;quinta-feira;Colisão lateral mesmo sentido;Dupla;0;0;-16,37886206;-48,95017505;Segura;Centro-Oeste;2 Trimestre
653699;2025.0;n;1.0;2025-01-07;PR;277;365,8;GUARAPUAVA;Ultrapassagem Indevida;Com Vítimas Feridas;2;Sol;Pleno dia;terça-feira;Colisão frontal;Simples;0;2;-25,43214305;-51,60777698;Perigosa;Sul;1 Trimestre
597829;2024.0;n;5.0;2024-05-02;MT;163;838;SINOP;Ingestão de álcool pelo condutor;Com Vítimas Feridas;3;Céu Claro;Pleno dia;quinta-feira;Colisão traseira;Simples;0;0;-11.831747;-55.487624;Segura;Centro-Oeste;2 Trimestre
624188;2024.0;n;8.0;2024-08-28;MT;163;89,5;RONDONOPOLIS;Ausência de reação do condutor;Com Vítimas Feridas;2;Céu Claro;Pleno dia;quarta-feira;Colisão traseira;Dupla;0;0;-16.748505;-54.65008101;Segura;Centro-Oeste;3 Trimestre
659956;2025.0;n;2.0;2025-02-08;GO;153;498;GOIANIA;Ingestão de álcool pelo condutor;Sem Vítimas;2;Céu Claro;Plena Noite;sábado;Colisão transversal;Dupla;0;0;-16,6939;-49,2321;Segura;Centro-Oeste;1 Trimestre
594487;2024.0;n;4.0;2024-04-05;MG;40;654,9;CARANDAI;Manobra de mudança de faixa;Com Vítimas Feridas;3;Céu Claro;Pleno dia;sexta-feira;Colisão lateral mesmo sentido;Dupla;0;0;-20.85737701;-43.80281604;Segura;Sudeste;2 Trimestre
659315;2025.0;n;2.0;2025-02-04;GO;452;147;BOM JESUS DE GOIAS;Ultrapassagem Indevida;Sem Vítimas;5;Chuva;Anoitecer;terça-feira;Colisão lateral sentido oposto;Simples;0;0;-18,28706779;-49,60856091;Segura;Centro-Oeste;1 Trimestre
664312;2025.0;n;2.0;2025-02-27;SP;116;218;GUARULHOS;Ausência de reação do condutor;Sem Vítimas;2;Nublado;Pleno dia;quinta-feira;Colisão lateral mesmo sentido;Múltipla;0;0;-23,4565396;-46,4778432;Segura;Sudeste;1 Trimestre
667176;2025.0;n;3.0;2025-03-14;ES;101;304,6;VIANA;Reação tardia ou ineficiente do condutor;Com Vítimas Feridas;3;Céu Claro;Pleno dia;sexta-feira;Colisão traseira;Dupla;0;0;-20,38273239;-40,45921141;Segura;Sudeste;1 Trimestre
652723;2025.0;n;1.0;2025-01-02;RJ;40;105;DUQUE DE CAXIAS;Reação tardia ou ineficiente do condutor;Com Vítimas Feridas;2;Nublado;Pleno dia;quinta-feira;Colisão traseira;Simples;0;0;-22,63784806;-43,28428824;Segura;Sudeste;1 Trimestre
588632;2024.0;n;3.0;2024-03-20;SP;381;74;SAO PAULO;Demais falhas mecânicas ou elétricas;Sem Vítimas;1;Nublado;Pleno dia;quarta-feira;Incêndio;Dupla;0;0;-23.37208014;-46.55700294;Segura;Sudeste;1 Trimestre
617867;2024.0;n;7.0;2024-07-30;BA;324;594;CANDEIAS;Condutor deixou de manter distância do veículo da frente;Com Vítimas Feridas;2;Sol;Pleno dia;terça-feira;Colisão traseira;Dupla;0;1;-12.70742041;-38.46251062;Perigosa;Nordeste;3 Trimestre
668705;2025.0;n;3.0;2025-03-21;ES;262;27,5;VIANA;Demais falhas mecânicas ou elétricas;Sem Vítimas;1;Céu Claro;Plena Noite;sexta-feira;Incêndio;Simples;0;0;-20,385008;-40,556622;Segura;Sudeste;1 Trimestre
659254;2025.0;n;2.0;2025-02-04;RO;364;276,5;PRESIDENTE MEDICI;Demais falhas mecânicas ou elétricas;Sem Vítimas;3;Céu Claro;Pleno dia;terça-feira;Incêndio;Simples;0;0;-11,38782822;-61,76833405;Segura;Norte;1 Trimestre
623886;2024.0;n;8.0;2024-08-26;MT;163;1039;MATUPA;Ausência de reação do condutor;Com Vítimas Feridas;4;Céu Claro;Plena Noite;segunda-feira;Saída de leito carroçável;Simples;0;0;-10.18427078;-54.94573184;Segura;Centro-Oeste;3 Trimestre
664443;2025.0;n;3.0;2025-03-01;SC;116;248,2;LAGES;Reação tardia ou ineficiente do condutor;Sem Vítimas;2;Céu Claro;Pleno dia;sábado;Colisão frontal;Simples;0;0;-27,82386719;-50,37827969;Segura;Sul;1 Trimestre
599409;2024.0;n;5.0;2024-05-10;MG;262;139,5;RIO CASCA;Transitar no Acostamento;Com Vítimas Fatais;3;Céu Claro;Plena Noite;sexta-feira;Colisão traseira;Simples;1;0;-20.07939161;-42.71351337;Perigosa;Sudeste;2 Trimestre
616100;2024.0;n;7.0;2024-07-22;BA;116;165;CANUDOS;Ultrapassagem Indevida;Com Vítimas Feridas;3;Nublado;Plena Noite;segunda-feira;Colisão lateral mesmo sentido;Simples;0;1;-10.06396905;-39.14873512;Perigosa;Nordeste;3 Trimestre
626520;2024.0;y;9.0;2024-09-07;PR;369;495,1;CASCAVEL;Ultrapassagem Indevida;Com Vítimas Fatais;4;Céu Claro;Plena Noite;sábado;Colisão frontal;Simples;1;0;-24.86852722;-53.34154129;Perigosa;Sul;3 Trimestre
658269;2025.0;n;1.0;2025-01-30;AL;101;74,5;MESSIAS;Manobra de mudança de faixa;Com Vítimas Feridas;3;Céu Claro;Pleno dia;quinta-feira;Colisão lateral mesmo sentido;Dupla;0;0;-9,395538;-35,8387;Segura;Nordeste;1 Trimestre
586687;2024.0;n;3.0;2024-03-12;SP;116;161,9;JACAREI;Reação tardia ou ineficiente do condutor;Com Vítimas Feridas;4;Céu Claro;Plena Noite;terça-feira;Colisão traseira;Dupla;0;0;-23.27617003;-45.97592098;Segura;Sudeste;1 Trimestre
627259;2024.0;n;9.0;2024-09-11;BA;242;740;CRISTOPOLIS;Reação tardia ou ineficiente do condutor;Sem Vítimas;4;Céu Claro;Amanhecer;quarta-feira;Tombamento;Simples;0;0;-12.20235075;-44.48112488;Segura;Nordeste;3 Trimestre
595208;2024.0;n;4.0;2024-04-20;MG;40;480,9;SETE LAGOAS;Pedestre andava na pista;Com Vítimas Feridas;6;Céu Claro;Pleno dia;sábado;Atropelamento de Pedestre;Dupla;0;1;-19.54293519;-44.2485434;Perigosa;Sudeste;2 Trimestre
627705;2024.0;n;9.0;2024-09-13;MG;365;621,3;UBERLANDIA;Trafegar com motocicleta (ou similar) entre as faixas;Com Vítimas Fatais;3;Céu Claro;Pleno dia;sexta-feira;Colisão lateral mesmo sentido;Dupla;1;0;-18.89586211;-48.27151179;Perigosa;Sudeste;3 Trimestre
670011;2025.0;n;3.0;2025-03-28;BA;101;646;BELMONTE;Condutor Dormindo;Com Vítimas Feridas;2;Nublado;Amanhecer;sexta-feira;Colisão frontal;Simples;0;0;-15,846223;-39,522442;Segura;Nordeste;1 Trimestre
670739;2025.0;n;3.0;2025-03-31;PR;277;280,6;PRUDENTOPOLIS;Ultrapassagem Indevida;Com Vítimas Feridas;4;Sol;Pleno dia;segunda-feira;Colisão traseira;Simples;0;1;-25,349575;-50,928897;Perigosa;Sul;1 Trimestre
602104;2024.0;n;5.0;2024-05-21;SC;101;140;BALNEARIO CAMBORIU;Manobra de mudança de faixa;Sem Vítimas;3;Céu Claro;Plena Noite;terça-feira;Colisão lateral mesmo sentido;Dupla;0;0;-27.03881189;-48.60025148;Segura;Sul;2 Trimestre
613115;2024.0;n;7.0;2024-07-08;SC;101;124,5;ITAJAI;Ausência de reação do condutor;Com Vítimas Feridas;2;Nublado;Plena Noite;segunda-feira;Colisão lateral mesmo sentido;Dupla;0;1;-26.94335064;-48.69198648;Perigosa;Sul;3 Trimestre
652557;2025.0;y;1.0;2025-01-01;MT;70;42,3;BARRA DO GARCAS;Ausência de reação do condutor;Com Vítimas Feridas;1;Céu Claro;Pleno dia;quarta-feira;Saída de leito carroçável;Simples;0;0;-15,7690862;-52,5780752;Segura;Centro-Oeste;1 Trimestre
627168;2024.0;n;9.0;2024-09-10;RS;285;122,1;VACARIA;Reação tardia ou ineficiente do condutor;Sem Vítimas;2;Céu Claro;Pleno dia;terça-feira;Colisão traseira;Simples;0;0;-28.505535;-50.944073;Segura;Sul;3 Trimestre
592010;2024.0;n;4.0;2024-04-05;RJ;116;28;SAPUCAIA;Velocidade Incompatível;Com Vítimas Feridas;2;Sol;Pleno dia;sexta-feira;Tombamento;Simples;0;0;-22.06401861;-42.79492861;Segura;Sudeste;2 Trimestre
574935;2024.0;n;1.0;2024-01-15;MT;163;831;SINOP;Velocidade Incompatível;Com Vítimas Feridas;7;Céu Claro;Pleno dia;segunda-feira;Colisão traseira;Dupla;0;0;-12.022768;-55.51723;Segura;Centro-Oeste;1 Trimestre
572480;2024.0;n;1.0;2024-01-03;TO;153;392;RIO DOS BOIS;Ausência de reação do condutor;Com Vítimas Feridas;5;Céu Claro;Plena Noite;quarta-feira;Colisão traseira;Simples;0;1;-9.346141;-48.53745;Perigosa;Norte;1 Trimestre
616972;2024.0;n;7.0;2024-07-26;GO;60;172;ABADIA DE GOIAS;Ausência de reação do condutor;Com Vítimas Feridas;3;Céu Claro;Pleno dia;sexta-feira;Colisão traseira;Dupla;0;1;-16.738;-49.4076;Perigosa;Centro-Oeste;3 Trimestre
578840;2024.0;n;2.0;2024-02-03;MG;40;605;CONGONHAS;Demais falhas mecânicas ou elétricas;Com Vítimas Feridas;2;Céu Claro;Plena Noite;sábado;Saída de leito carroçável;Simples;0;0;-20.4679836;-43.8407073;Segura;Sudeste;1 Trimestre
668042;2025.0;n;3.0;2025-03-18;MT;70;517;VARZEA GRANDE;Acessar a via sem observar a presença dos outros veículos;Com Vítimas Feridas;2;Céu Claro;Pleno dia;terça-feira;Colisão transversal;Simples;0;1;-15,7012883;-56,1608;Perigosa;Centro-Oeste;1 Trimestre
576399;2024.0;n;1.0;2024-01-21;PA;163;500;TRAIRAO;Curva acentuada;Com Vítimas Feridas;7;Chuva;Plena Noite;domingo;Colisão lateral sentido oposto;Simples;0;0;-5.50289987;-55.83120751;Segura;Norte;1 Trimestre
672419;2025.0;n;4.0;2025-04-08;PR;116;5,1;CAMPINA GRANDE DO SUL;Ausência de reação do condutor;Com Vítimas Fatais;4;Chuva;Anoitecer;terça-feira;Colisão traseira;Dupla;1;0;-25,08381539;-48,6003595;Perigosa;Sul;2 Trimestre
672188;2025.0;n;4.0;2025-04-07;PB;230;10,2;CABEDELO;Acostamento em desnível;Com Vítimas Feridas;3;Sol;Pleno dia;segunda-feira;Queda de ocupante de veículo;Dupla;0;0;-7,055512;-34,85061;Segura;Nordeste;2 Trimestre
665994;2025.0;n;3.0;2025-03-08;RJ;101;209;CASIMIRO DE ABREU;Chuva;Com Vítimas Feridas;1;Chuva;Anoitecer;sábado;Tombamento;Dupla;0;0;-22,48258208;-42,22475052;Segura;Sudeste;1 Trimestre
666767;2025.0;n;3.0;2025-03-12;SC;101;92,3;BARRA VELHA;Reação tardia ou ineficiente do condutor;Sem Vítimas;2;Nublado;Pleno dia;quarta-feira;Colisão lateral mesmo sentido;Dupla;0;0;-26,68771687;-48,69584799;Segura;Sul;1 Trimestre
673810;2025.0;n;4.0;2025-04-15;MG;153;196,7;FRUTAL;Acessar a via sem observar a presença dos outros veículos;Com Vítimas Feridas;3;Céu Claro;Pleno dia;terça-feira;Colisão transversal;Simples;0;2;-19,942862;-48,961479;Perigosa;Sudeste;2 Trimestre
590768;2024.0;n;3.0;2024-03-30;RO;435;20;VILHENA;Transitar na contramão;Com Vítimas Fatais;6;Chuva;Pleno dia;sábado;Colisão frontal;Simples;2;2;-12.760423;-60.298137;Perigosa;Norte;1 Trimestre
622689;2024.0;n;7.0;2024-07-13;GO;153;648;MORRINHOS;Acessar a via sem observar a presença dos outros veículos;Com Vítimas Feridas;4;Céu Claro;Plena Noite;sábado;Colisão lateral mesmo sentido;Dupla;0;3;-17.9665;-49.2533;Perigosa;Centro-Oeste;3 Trimestre
656383;2025.0;n;1.0;2025-01-20;PR;116;2;CAMPINA GRANDE DO SUL;Velocidade Incompatível;Com Vítimas Feridas;2;Nublado;Plena Noite;segunda-feira;Tombamento;Dupla;0;0;-25,06602975;-48,57857703;Segura;Sul;1 Trimestre
620084;2024.0;n;8.0;2024-08-09;PR;158;531,6;PATO BRANCO;Carga excessiva e/ou mal acondicionada;Sem Vítimas;1;Céu Claro;Pleno dia;sexta-feira;Colisão com objeto;Simples;0;0;-26.20556211;-52.68017292;Segura;Sul;3 Trimestre
615480;2024.0;n;7.0;2024-07-19;PA;163;643;ITAITUBA;Acessar a via sem observar a presença dos outros veículos;Sem Vítimas;5;Céu Claro;Pleno dia;sexta-feira;Atropelamento de Pedestre;Simples;0;0;-4.55704148;-55.92057324;Segura;Norte;3 Trimestre
614177;2024.0;n;7.0;2024-07-13;TO;153;769;ALVORADA;Reação tardia ou ineficiente do condutor;Sem Vítimas;3;Céu Claro;Pleno dia;sábado;Tombamento;Simples;0;0;-12.54860289;-49.09523072;Segura;Norte;3 Trimestre
630346;2024.0;n;9.0;2024-09-24;MT;163;534;DIAMANTINO;Reação tardia ou ineficiente do condutor;Com Vítimas Feridas;1;Céu Claro;Plena Noite;terça-feira;Saída de leito carroçável;Simples;0;0;-14.43223601;-56.11612599;Segura;Centro-Oeste;3 Trimestre
611542;2024.0;n;7.0;2024-07-02;GO;414;234;NIQUELANDIA;Condutor Dormindo;Com Vítimas Feridas;2;Céu Claro;Pleno dia;terça-feira;Tombamento;Simples;0;0;-14.68671111;-48.59641975;Segura;Centro-Oeste;3 Trimestre
667013;2025.0;n;3.0;2025-03-13;PB;230;17,1;JOAO PESSOA;Reação tardia ou ineficiente do condutor;Com Vítimas Feridas;2;Céu Claro;Plena Noite;quinta-feira;Colisão com objeto;Dupla;0;0;-7,117489;-34,843183;Segura;Nordeste;1 Trimestre
586060;2024.0;n;3.0;2024-03-09;MS;60;393;SIDROLANDIA;Ingestão de álcool pelo condutor;Sem Vítimas;1;Céu Claro;Amanhecer;sábado;Saída de leito carroçável;Simples;0;0;-20.73820805;-54.7809068;Segura;Centro-Oeste;1 Trimestre