id;ano;feriado;mes;data_inversa;uf;br;km;municipio;causa_acidente;classificacao_acidente;veiculos;condicao_metereologica;fase_dia;dia_semana;tipo_acidente;tipo_pista;mortos;feridos_graves;latitude;longitude;status;regiao;periodo
617052;2024.0;n;7.0;2024-07-26;PR;376;5;APUCARANA;Reação tardia ou ineficiente do condutor;Com Vítimas Feridas;4;Céu Claro;Anoitecer;sexta-feira;Colisão lateral mesmo sentido;Simples;0;1;-23.5513;-51.461266;Perigosa;Sul;3 Trimestre
593575;2024.0;n;4.0;2024-04-12;SE;101;91,3;NOSSA SENHORA DO SOCORRO;Ingestão de álcool pelo condutor;Com Vítimas Feridas;1;Céu Claro;Plena Noite;sexta-feira;Saída de leito carroçável;Dupla;0;1;-10.89849802;-37.13176324;Perigosa;Nordeste;2 Trimestre
576618;2024.0;n;1.0;2024-01-23;PA;230;1120;ITAITUBA;Manobra de mudança de faixa;Com Vítimas Feridas;5;Céu Claro;Plena Noite;terça-feira;Colisão lateral sentido oposto;Simples;0;1;-4.37059973;-55.83858313;Perigosa;Norte;1 Trimestre
595716;2024.0;n;4.0;2024-04-22;SC;282;491,7;FAXINAL DOS GUEDES;Ausência de reação do condutor;Sem Vítimas;2;Nublado;Pleno dia;segunda-feira;Saída de leito carroçável;Simples;0;0;-26.872433;-52.291599;Segura;Sul;2 Trimestre
582762;2024.0;n;2.0;2024-02-23;CE;222;220,5;SOBRAL;Desrespeitar a preferência no cruzamento;Com Vítimas Feridas;6;Nublado;Pleno dia;sexta-feira;Colisão transversal;Simples;0;1;-3.73488299;-40.31795598;Perigosa;Nordeste;1 Trimestre
627677;2024.0;n;9.0;2024-09-12;SC;470;126;LONTRAS;Acessar a via sem observar a presença dos outros veículos;Com Vítimas Feridas;2;Céu Claro;Plena Noite;quinta-feira;Colisão transversal;Dupla;0;1;-27.129;-49.538277;Perigosa;Sul;3 Trimestre
605493;2024.0;n;6.0;2024-06-06;ES;101;288,9;CARIACICA;Ausência de reação do condutor;Com Vítimas Feridas;4;Céu Claro;Pleno dia;quinta-feira;Colisão traseira;Dupla;0;2;-20.28029304;-40.39302931;Perigosa;Sudeste;2 Trimestre
580519;2024.0;n;2.0;2024-02-11;PE;232;243,5;ARCOVERDE;Demais falhas mecânicas ou elétricas;Sem Vítimas;2;Céu Claro;Pleno dia;domingo;Incêndio;Simples;0;0;-8.41700383;-36.9892481;Segura;Nordeste;1 Trimestre
629614;2024.0;n;9.0;2024-09-21;CE;116;94;MORADA NOVA;Desrespeitar a preferência no cruzamento;Com Vítimas Feridas;3;Céu Claro;Pleno dia;sábado;Colisão transversal;Simples;0;1;-4.49674696;-38.36102171;Perigosa;Nordeste;3 Trimestre
593053;2024.0;n;4.0;2024-04-10;RS;116;25;VACARIA;Acostamento em desnível;Com Vítimas Feridas;2;Céu Claro;Pleno dia;quarta-feira;Saída de leito carroçável;Simples;0;0;-28.40611002;-50.85626496;Segura;Sul;2 Trimestre
590081;2024.0;n;3.0;2024-03-27;RS;290;104;ELDORADO DO SUL;Acessar a via sem observar a presença dos outros veículos;Com Vítimas Feridas;3;Céu Claro;Pleno dia;quarta-feira;Colisão traseira;Dupla;0;0;-29.993122;-51.275398;Segura;Sul;1 Trimestre
588049;2024.0;n;3.0;2024-03-18;TO;153;496;PARAISO DO TOCANTINS;Conversão proibida;Com Vítimas Feridas;4;Céu Claro;Pleno dia;segunda-feira;Colisão frontal;Simples;0;1;-10.16657;-48.88118863;Perigosa;Norte;1 Trimestre
585693;2024.0;n;3.0;2024-03-07;MG;50;153;UBERABA;Velocidade Incompatível;Com Vítimas Feridas;2;Chuva;Pleno dia;quinta-feira;Colisão traseira;Dupla;0;0;-19.59125905;-48.02849514;Segura;Sudeste;1 Trimestre
627838;2024.0;n;9.0;2024-09-13;RS;287;354;JAGUARI;Curva acentuada;Sem Vítimas;1;Nevoeiro/Neblina;Pleno dia;sexta-feira;Saída de leito carroçável;Simples;0;0;-29.48302107;-54.68648705;Segura;Sul;3 Trimestre
663873;2025.0;n;2.0;2025-02-26;PI;407;428;GEMINIANO;Curva acentuada;Com Vítimas Feridas;1;Sol;Pleno dia;quarta-feira;Tombamento;Simples;0;0;-7,130195;-41,389094;Segura;Nordeste;1 Trimestre
660742;2025.0;n;2.0;2025-02-11;MG;381;289;ANTONIO DIAS;Sinalização mal posicionada;Com Vítimas Feridas;5;Céu Claro;Pleno dia;terça-feira;Colisão traseira;Dupla;0;0;-19,61804561;-42,79232025;Segura;Sudeste;1 Trimestre
610180;2024.0;n;6.0;2024-06-26;RS;290;88;PORTO ALEGRE;Condutor deixou de manter distância do veículo da frente;Sem Vítimas;2;Garoa/Chuvisco;Pleno dia;quarta-feira;Colisão traseira;Múltipla;0;0;-29.967531;-51.137264;Segura;Sul;2 Trimestre
582768;2024.0;n;2.0;2024-02-23;SC;282;523,7;XAXIM;Ausência de reação do condutor;Com Vítimas Feridas;3;Céu Claro;Pleno dia;sexta-feira;Colisão lateral sentido oposto;Simples;0;0;-26.963129;-52.548851;Segura;Sul;1 Trimestre
610183;2024.0;n;6.0;2024-06-11;SP;116;508;CAJATI;Ausência de reação do condutor;Com Vítimas Feridas;2;Céu Claro;Plena Noite;terça-feira;Colisão com objeto;Simples;0;0;-24.81996284;-48.21469545;Segura;Sudeste;2 Trimestre
574643;2024.0;n;1.0;2024-01-14;MT;364;204;RONDONOPOLIS;Acessar a via sem observar a presença dos outros veículos;Sem Vítimas;5;Céu Claro;Pleno dia;domingo;Colisão lateral mesmo sentido;Dupla;0;0;-16.467325;-54.657196;Segura;Centro-Oeste;1 Trimestre
625998;2024.0;n;9.0;2024-09-05;RS;448;7;ESTEIO;Ausência de reação do condutor;Com Vítimas Feridas;3;Céu Claro;Plena Noite;quinta-feira;Engavetamento;Múltipla;0;0;-29.883022;-51.236874;Segura;Sul;3 Trimestre
667609;2025.0;n;3.0;2025-03-16;ES;262;151,5;IBATIBA;Problema com o freio;Com Vítimas Feridas;2;Céu Claro;Pleno dia;domingo;Tombamento;Simples;0;0;-20,215034;-41,449425;Segura;Sudeste;1 Trimestre
619344;2024.0;n;8.0;2024-08-05;MG;50;127;UBERABA;Ausência de reação do condutor;Com Vítimas Feridas;3;Céu Claro;Plena Noite;segunda-feira;Colisão traseira;Dupla;0;0;-19.364272;-48.07927;Segura;Sudeste;3 Trimestre
577578;2024.0;n;1.0;2024-01-28;PR;476;155,9;ARAUCARIA;Condutor deixou de manter distância do veículo da frente;Com Vítimas Feridas;2;Sol;Pleno dia;domingo;Colisão traseira;Dupla;0;0;-25.59060079;-49.41035628;Segura;Sul;1 Trimestre
627548;2024.0;n;9.0;2024-09-04;SP;381;30;ATIBAIA;Ausência de reação do condutor;Com Vítimas Feridas;2;Céu Claro;Pleno dia;quarta-feira;Colisão traseira;Dupla;0;1;-23.04885102;-46.56482797;Perigosa;Sudeste;3 Trimestre
618388;2024.0;n;8.0;2024-08-02;SC;116;23,8;ITAIOPOLIS;Ausência de reação do condutor;Sem Vítimas;3;Céu Claro;Plena Noite;sexta-feira;Colisão frontal;Simples;0;0;-26.26545939;-49.91656109;Segura;Sul;3 Trimestre
623882;2024.0;n;8.0;2024-08-26;PE;232;53,8;POMBOS;Pedestre andava na pista;Com Vítimas Fatais;2;Céu Claro;Plena Noite;segunda-feira;Atropelamento de Pedestre;Dupla;1;0;-8.13014263;-35.3484723;Perigosa;Nordeste;3 Trimestre
597546;2024.0;y;5.0;2024-05-01;ES;262;127,5;CONCEICAO DO CASTELO;Demais falhas mecânicas ou elétricas;Sem Vítimas;1;Céu Claro;Plena Noite;quarta-feira;Incêndio;Simples;0;0;-20.262035;-41.277511;Segura;Sudeste;2 Trimestre
627039;2024.0;n;9.0;2024-09-09;PE;316;115;BODOCO;Transitar na contramão;Com Vítimas Fatais;5;Céu Claro;Plena Noite;segunda-feira;Colisão frontal;Simples;2;0;-7.98691024;-39.83104268;Perigosa;Nordeste;3 Trimestre
617874;2024.0;n;7.0;2024-07-30;GO;60;385;RIO VERDE;Pedestre cruzava a pista fora da faixa;Com Vítimas Feridas;3;Céu Claro;Pleno dia;terça-feira;Atropelamento de Pedestre;Dupla;0;0;-17.7964;-50.914;Segura;Centro-Oeste;3 Trimestre
662478;2025.0;n;2.0;2025-02-20;PR;277;307;PRUDENTOPOLIS;Reação tardia ou ineficiente do condutor;Com Vítimas Feridas;3;Céu Claro;Amanhecer;quinta-feira;Saída de leito carroçável;Simples;0;0;-25,31599988;-51,19617476;Segura;Sul;1 Trimestre
581576;2024.0;n;2.0;2024-02-16;CE;20;395;CAUCAIA;Demais falhas mecânicas ou elétricas;Sem Vítimas;1;Céu Claro;Plena Noite;sexta-feira;Saída de leito carroçável;Simples;0;0;-3.82645524;-38.7511478;Segura;Nordeste;1 Trimestre
659051;2025.0;n;2.0;2025-02-03;MG;40;606,7;CONGONHAS;Problema com o freio;Sem Vítimas;2;Céu Claro;Pleno dia;segunda-feira;Incêndio;Simples;0;0;-20,47574626;-43,8429639;Segura;Sudeste;1 Trimestre
615022;2024.0;n;7.0;2024-07-17;MT;163;818,3;SINOP;Condutor deixou de manter distância do veículo da frente;Com Vítimas Feridas;11;Céu Claro;Pleno dia;quarta-feira;Colisão lateral mesmo sentido;Simples;0;0;-12.01096767;-55.51710952;Segura;Centro-Oeste;3 Trimestre
587280;2024.0;n;3.0;2024-03-14;MG;50;27;ARAGUARI;Demais falhas mecânicas ou elétricas;Sem Vítimas;2;Céu Claro;Pleno dia;quinta-feira;Colisão traseira;Dupla;0;0;-18.61943321;-48.09375199;Segura;Sudeste;1 Trimestre
687720;2025.0;n;4.0;2025-04-27;MT;174;329;PONTES E LACERDA;Transitar na contramão;Com Vítimas Fatais;2;Sol;Pleno dia;domingo;Colisão frontal;Simples;1;0;-14,90571;-59,293703;Perigosa;Centro-Oeste;2 Trimestre
582654;2024.0;n;2.0;2024-02-22;ES;101;295,4;CARIACICA;Condutor deixou de manter distância do veículo da frente;Com Vítimas Feridas;2;Chuva;Plena Noite;quinta-feira;Colisão frontal;Múltipla;0;1;-20.33223667;-40.40004683;Perigosa;Sudeste;1 Trimestre
619895;2024.0;n;8.0;2024-08-08;MG;381;484,5;BETIM;Ausência de reação do condutor;Com Vítimas Feridas;2;Céu Claro;Anoitecer;quinta-feira;Colisão traseira;Múltipla;0;0;-19.958196;-44.092105;Segura;Sudeste;3 Trimestre
573978;2024.0;n;1.0;2024-01-11;SC;282;504,5;XANXERE;Acessar a via sem observar a presença dos outros veículos;Com Vítimas Feridas;3;Nublado;Pleno dia;quinta-feira;Queda de ocupante de veículo;Simples;0;1;-26.884279;-52.408466;Perigosa;Sul;1 Trimestre
658111;2025.0;n;1.0;2025-01-29;GO;452;151,5;ITUMBIARA;Pista esburacada;Com Vítimas Feridas;1;Céu Claro;Plena Noite;quarta-feira;Saída de leito carroçável;Simples;0;1;-18,30181487;-49,57931902;Perigosa;Centro-Oeste;1 Trimestre
590635;2024.0;y;3.0;2024-03-29;BA;110;263;OLINDINA;Pedestre cruzava a pista fora da faixa;Com Vítimas Fatais;2;Céu Claro;Plena Noite;sexta-feira;Atropelamento de Pedestre;Simples;1;0;-11.58602197;-38.29748032;Perigosa;Nordeste;1 Trimestre
572584;2024.0;n;1.0;2024-01-04;BA;101;750;ITABELA;Transitar na contramão;Com Vítimas Fatais;5;Nublado;Pleno dia;quinta-feira;Colisão frontal;Simples;2;0;-16.61845595;-39.54151381;Perigosa;Nordeste;1 Trimestre
688233;2025.0;n;4.0;2025-04-30;RS;285;197;LAGOA VERMELHA;Acessar a via sem observar a presença dos outros veículos;Com Vítimas Feridas;4;Céu Claro;Pleno dia;quarta-feira;Colisão transversal;Simples;0;0;-28,21435903;-51,51012897;Segura;Sul;2 Trimestre
598280;2024.0;n;5.0;2024-05-04;GO;153;437;ANAPOLIS;Ingestão de álcool pelo condutor;Com Vítimas Feridas;3;Céu Claro;Anoitecer;sábado;Colisão lateral mesmo sentido;Dupla;0;0;-16.286884;-48.942978;Segura;Centro-Oeste;2 Trimestre
672545;2025.0;n;4.0;2025-04-09;MG;40;485,4;ESMERALDAS;Acessar a via sem observar a presença dos outros veículos;Com Vítimas Feridas;3;Sol;Pleno dia;quarta-feira;Colisão traseira;Dupla;0;0;-19,62730122;-44,20546532;Segura;Sudeste;2 Trimestre
669515;2025.0;n;3.0;2025-03-25;PR;277;70;SAO JOSE DOS PINHAIS;Condutor deixou de manter distância do veículo da frente;Sem Vítimas;3;Céu Claro;Pleno dia;terça-feira;Colisão traseira;Dupla;0;0;-25,51176517;-49,12745649;Segura;Sul;1 Trimestre
620904;2024.0;n;8.0;2024-08-12;MA;135;284,5;SANTO ANTONIO DOS LOPES;Ausência de reação do condutor;Com Vítimas Feridas;4;Céu Claro;Plena Noite;segunda-feira;Colisão traseira;Simples;0;1;-4.85168909;-44.34579072;Perigosa;Nordeste;3 Trimestre
654052;2025.0;n;1.0;2025-01-09;RJ;101;385;RIO DE JANEIRO;Condutor deixou de manter distância do veículo da frente;Com Vítimas Feridas;3;Nublado;Pleno dia;quinta-feira;Colisão traseira;Dupla;0;0;-22,88064129;-43,63218994;Segura;Sudeste;1 Trimestre
666292;2025.0;n;3.0;2025-03-10;MG;40;461,1;SETE LAGOAS;Carga excessiva e/ou mal acondicionada;Sem Vítimas;1;Céu Claro;Plena Noite;segunda-feira;Tombamento;Dupla;0;0;-19,40702104;-44,33373928;Segura;Sudeste;1 Trimestre
582584;2024.0;n;2.0;2024-02-22;SC;101;100,5;BALNEARIO PICARRAS;Trafegar com motocicleta (ou similar) entre as faixas;Com Vítimas Feridas;4;Céu Claro;Pleno dia;quinta-feira;Colisão lateral mesmo sentido;Dupla;0;1;-26.75482787;-48.68993675;Perigosa;Sul;1 Trimestre
579282;2024.0;n;2.0;2024-02-05;SC;153;46;VARGEM BONITA;Ausência de reação do condutor;Com Vítimas Feridas;2;Céu Claro;Pleno dia;segunda-feira;Tombamento;Simples;0;1;-26.890306;-51.763412;Perigosa;Sul;1 Trimestre
591773;2024.0;n;3.0;2024-03-09;MA;226;565,9;PORTO FRANCO;Manobra de mudança de faixa;Com Vítimas Feridas;4;Céu Claro;Anoitecer;sábado;Colisão lateral mesmo sentido;Simples;0;0;-6.31865177;-47.3384971;Segura;Nordeste;1 Trimestre
573335;2024.0;n;1.0;2024-01-08;PI;316;7;TERESINA;Condutor deixou de manter distância do veículo da frente;Com Vítimas Feridas;2;Sol;Pleno dia;segunda-feira;Colisão traseira;Dupla;0;2;-5.15584638;-42.77173332;Perigosa;Nordeste;1 Trimestre
687736;2025.0;n;4.0;2025-04-27;BA;116;542;ITATIM;Acessar a via sem observar a presença dos outros veículos;Com Vítimas Feridas;2;Céu Claro;Plena Noite;domingo;Colisão transversal;Simples;0;0;-12,84696;-39,84111;Segura;Nordeste;2 Trimestre
654150;2025.0;n;1.0;2025-01-10;BA;116;646;JAGUAQUARA;Chuva;Com Vítimas Feridas;2;Chuva;Plena Noite;sexta-feira;Saída de leito carroçável;Simples;0;0;-13,58007199;-40,08034578;Segura;Nordeste;1 Trimestre
583376;2024.0;n;2.0;2024-02-26;PR;116;119;CURITIBA;Condutor deixou de manter distância do veículo da frente;Sem Vítimas;2;Nublado;Pleno dia;segunda-feira;Colisão traseira;Dupla;0;0;-25.58101257;-49.31316108;Segura;Sul;1 Trimestre
621409;2024.0;n;8.0;2024-08-15;SC;116;164,9;PONTE ALTA DO NORTE;Velocidade Incompatível;Com Vítimas Feridas;2;Céu Claro;Pleno dia;quinta-feira;Tombamento;Simples;0;0;-27.14300811;-50.46031773;Segura;Sul;3 Trimestre
661145;2025.0;n;2.0;2025-02-13;GO;153;205;URUACU;Reação tardia ou ineficiente do condutor;Com Vítimas Feridas;7;Nublado;Pleno dia;quinta-feira;Engavetamento;Simples;0;1;-14,557212;-49,158016;Perigosa;Centro-Oeste;1 Trimestre
599061;2024.0;n;5.0;2024-05-08;RJ;393;164,8;TRES RIOS;Velocidade Incompatível;Com Vítimas Feridas;2;Céu Claro;Pleno dia;quarta-feira;Tombamento;Simples;0;0;-22.11074015;-43.11764107;Segura;Sudeste;2 Trimestre
685692;2025.0;n;4.0;2025-04-16;MS;158;42;PARANAIBA;Transitar na contramão;Com Vítimas Feridas;2;Sol;Pleno dia;quarta-feira;Colisão lateral sentido oposto;Simples;0;0;-19,309611;-51,440881;Segura;Centro-Oeste;2 Trimestre
663955;2025.0;n;2.0;2025-02-27;SP;101;1;UBATUBA;Estacionar ou parar em local proibido;Com Vítimas Fatais;3;Céu Claro;Plena Noite;quinta-feira;Colisão lateral sentido oposto;Simples;1;0;-23,35649934;-44,77051257;Perigosa;Sudeste;1 Trimestre
588010;2024.0;n;3.0;2024-03-18;MG;381;363;SAO GONCALO DO RIO ABAIXO;Reação tardia ou ineficiente do condutor;Com Vítimas Feridas;2;Chuva;Plena Noite;segunda-feira;Colisão frontal;Simples;0;1;-19.85130197;-43.24808594;Perigosa;Sudeste;1 Trimestre
656258;2025.0;n;1.0;2025-01-20;RJ;101;430;MANGARATIBA;Condutor deixou de manter distância do veículo da frente;Com Vítimas Feridas;3;Sol;Pleno dia;segunda-feira;Colisão traseira;Simples;0;0;-22,93710123;-44,01083798;Segura;Sudeste;1 Trimestre
595428;2024.0;y;4.0;2024-04-21;RN;304;299,2;MACAIBA;Demais falhas mecânicas ou elétricas;Sem Vítimas;2;Céu Claro;Pleno dia;domingo;Incêndio;Dupla;0;0;-5.87095859;-35.32359587;Segura;Nordeste;2 Trimestre
594279;2024.0;n;4.0;2024-04-04;PE;101;82;JABOATAO DOS GUARARAPES;Acessar a via sem observar a presença dos outros veículos;Sem Vítimas;2;Céu Claro;Pleno dia;quinta-feira;Colisão lateral mesmo sentido;Múltipla;0;0;-8.168383;-34.9376;Segura;Nordeste;2 Trimestre
658660;2025.0;n;2.0;2025-02-01;GO;60;418,8;RIO VERDE;Condutor Dormindo;Sem Vítimas;3;Nublado;Pleno dia;sábado;Colisão traseira;Dupla;0;0;-17,8205;-51,2209;Segura;Centro-Oeste;1 Trimestre
586758;2024.0;n;3.0;2024-03-05;PA;316;62;CASTANHAL;Manobra de mudança de faixa;Sem Vítimas;3;Céu Claro;Pleno dia;terça-feira;Colisão lateral mesmo sentido;Dupla;0;0;-1.29786885;-47.93764104;Segura;Norte;1 Trimestre
625703;2024.0;n;9.0;2024-09-04;RN;304;87,9;ACU;Acessar a via sem observar a presença dos outros veículos;Sem Vítimas;4;Sol;Pleno dia;quarta-feira;Colisão lateral mesmo sentido;Simples;0;0;-5.56488317;-37.04853412;Segura;Nordeste;3 Trimestre
613012;2024.0;n;7.0;2024-07-08;RS;116;525,9;PELOTAS;Desrespeitar a preferência no cruzamento;Com Vítimas Feridas;2;Céu Claro;Pleno dia;segunda-feira;Colisão transversal;Simples;0;1;-31.7359522;-52.39349776;Perigosa;Sul;3 Trimestre
585151;2024.0;n;3.0;2024-03-05;RS;116;258;ESTEIO;Manobra de mudança de faixa;Com Vítimas Feridas;2;Nublado;Pleno dia;terça-feira;Colisão traseira;Dupla;0;0;-29.86150502;-51.18091535;Segura;Sul;1 Trimestre
595093;2024.0;n;4.0;2024-04-19;ES;101;179;ARACRUZ;Acessar a via sem observar a presença dos outros veículos;Com Vítimas Fatais;3;Nublado;Plena Noite;sexta-feira;Colisão transversal;Simples;1;0;-19.6198609;-40.21793246;Perigosa;Sudeste;2 Trimestre
653557;2025.0;n;1.0;2025-01-06;RN;101;69;EXTREMOZ;Desrespeitar a preferência no cruzamento;Com Vítimas Feridas;2;Céu Claro;Anoitecer;segunda-feira;Colisão transversal;Simples;0;0;-5,6724731;-35,2597308;Segura;Nordeste;1 Trimestre
605019;2024.0;n;6.0;2024-06-03;SP;116;100;PINDAMONHANGABA;Reação tardia ou ineficiente do condutor;Com Vítimas Feridas;2;Céu Claro;Anoitecer;segunda-feira;Colisão traseira;Dupla;0;0;-22.986552;-45.47276;Segura;Sudeste;2 Trimestre
593670;2024.0;n;4.0;2024-04-13;ES;101;297,5;VIANA;Reação tardia ou ineficiente do condutor;Com Vítimas Fatais;3;Nublado;Pleno dia;sábado;Colisão traseira;Dupla;1;0;-20.34529844;-40.41026774;Perigosa;Sudeste;2 Trimestre
660945;2025.0;n;2.0;2025-02-12;MS;163;546,9;BANDEIRANTES;Transitar na contramão;Com Vítimas Fatais;6;Nublado;Pleno dia;quarta-feira;Colisão frontal;Simples;1;1;-19,93139579;-54,36653137;Perigosa;Centro-Oeste;1 Trimestre
626457;2024.0;y;9.0;2024-09-07;ES;101;294,6;CARIACICA;Carga excessiva e/ou mal acondicionada;Com Vítimas Fatais;3;Céu Claro;Anoitecer;sábado;Tombamento;Simples;1;1;-20.32838997;-40.3984344;Perigosa;Sudeste;3 Trimestre
653968;2025.0;n;1.0;2025-01-09;RS;293;32,7;CAPAO DO LEAO;Demais falhas mecânicas ou elétricas;Sem Vítimas;2;Sol;Amanhecer;quinta-feira;Incêndio;Simples;0;0;-31,73056539;-52,64363696;Segura;Sul;1 Trimestre
580055;2024.0;n;2.0;2024-02-09;PE;101;64;RECIFE;Manobra de mudança de faixa;Com Vítimas Feridas;2;Céu Claro;Anoitecer;sexta-feira;Colisão traseira;Simples;0;2;-8.0162921;-34.94045886;Perigosa;Nordeste;1 Trimestre
577476;2024.0;n;1.0;2024-01-27;RO;364;296;PRESIDENTE MEDICI;Transitar na contramão;Com Vítimas Feridas;2;Céu Claro;Plena Noite;sábado;Colisão lateral sentido oposto;Simples;0;0;-11.280945;-61.90195;Segura;Norte;1 Trimestre
652508;2025.0;y;1.0;2025-01-01;PE;428;192;PETROLINA;Ausência de reação do condutor;Com Vítimas Feridas;1;Céu Claro;Amanhecer;quarta-feira;Saída de leito carroçável;Simples;0;0;-9,38067769;-40,51113714;Segura;Nordeste;1 Trimestre
573004;2024.0;n;1.0;2024-01-06;RO;364;530;ARIQUEMES;Manobra de mudança de faixa;Sem Vítimas;6;Céu Claro;Pleno dia;sábado;Colisão lateral mesmo sentido;Simples;0;0;-9.798182;-63.08591499;Segura;Norte;1 Trimestre
587495;2024.0;n;3.0;2024-03-15;PE;232;485;VERDEJANTE;Transitar na contramão;Com Vítimas Feridas;3;Céu Claro;Plena Noite;sexta-feira;Colisão lateral sentido oposto;Simples;0;1;-8.00758456;-38.93223474;Perigosa;Nordeste;1 Trimestre
609986;2024.0;n;6.0;2024-06-25;GO;364;201;JATAI;Ingestão de álcool pelo condutor;Sem Vítimas;2;Céu Claro;Pleno dia;terça-feira;Colisão traseira;Dupla;0;0;-17.914806;-51.765602;Segura;Centro-Oeste;2 Trimestre
663611;2025.0;n;2.0;2025-02-25;BA;101;322;PRESIDENTE TANCREDO NEVES;Mal súbito do condutor;Com Vítimas Fatais;3;Sol;Pleno dia;terça-feira;Colisão transversal;Simples;1;0;-13,389;-39,396;Perigosa;Nordeste;1 Trimestre
594562;2024.0;n;4.0;2024-04-17;BA;330;797;JEQUIE;Transitar na contramão;Com Vítimas Feridas;3;Garoa/Chuvisco;Pleno dia;quarta-feira;Colisão lateral sentido oposto;Simples;0;0;-13.93784888;-39.9880558;Segura;Nordeste;2 Trimestre
623973;2024.0;n;8.0;2024-08-27;SC;101;121;ITAJAI;Ausência de reação do condutor;Com Vítimas Feridas;5;Céu Claro;Pleno dia;terça-feira;Colisão lateral mesmo sentido;Dupla;0;0;-26.92103178;-48.70856446;Segura;Sul;3 Trimestre
584157;2024.0;n;3.0;2024-03-01;PI;343;170,9;BRASILEIRA;Ausência de reação do condutor;Com Vítimas Feridas;1;Céu Claro;Amanhecer;sexta-feira;Saída de leito carroçável;Simples;0;1;-4.160167;-41.784649;Perigosa;Nordeste;1 Trimestre
588127;2024.0;n;3.0;2024-03-18;RJ;101;60;CAMPOS DOS GOYTACAZES;Desrespeitar a preferência no cruzamento;Com Vítimas Feridas;2;Céu Claro;Pleno dia;segunda-feira;Colisão transversal;Simples;0;0;-21.72048414;-41.31448591;Segura;Sudeste;1 Trimestre
593722;2024.0;n;4.0;2024-04-13;MS;262;148;AGUA CLARA;Demais falhas mecânicas ou elétricas;Sem Vítimas;2;Céu Claro;Pleno dia;sábado;Incêndio;Simples;0;0;-20.45405697;-52.91663802;Segura;Centro-Oeste;2 Trimestre
656318;2025.0;n;1.0;2025-01-20;SP;116;140,2;SAO JOSE DOS CAMPOS;Condutor deixou de manter distância do veículo da frente;Com Vítimas Feridas;2;Céu Claro;Pleno dia;segunda-feira;Colisão traseira;Dupla;0;0;-23,16577714;-45,81246193;Segura;Sudeste;1 Trimestre
585044;2024.0;n;3.0;2024-03-04;RJ;101;328;NITEROI;Condutor deixou de manter distância do veículo da frente;Com Vítimas Feridas;2;Céu Claro;Pleno dia;segunda-feira;Colisão traseira;Dupla;0;1;-22.87028692;-43.16579699;Perigosa;Sudeste;1 Trimestre
614296;2024.0;n;7.0;2024-07-14;MS;262;316;CAMPO GRANDE;Animais na Pista;Com Vítimas Fatais;1;Nevoeiro/Neblina;Plena Noite;domingo;Atropelamento de Animal;Simples;1;0;-20.47159896;-54.43906;Perigosa;Centro-Oeste;3 Trimestre
615934;2024.0;n;7.0;2024-07-21;MS;163;750;COXIM;Condutor Dormindo;Com Vítimas Feridas;3;Céu Claro;Pleno dia;domingo;Colisão lateral sentido oposto;Simples;0;1;-18.356372;-54.66511408;Perigosa;Centro-Oeste;3 Trimestre
659458;2025.0;n;2.0;2025-02-05;MG;381;525,5;BRUMADINHO;Problema com o freio;Com Vítimas Feridas;5;Céu Claro;Pleno dia;quarta-feira;Colisão com objeto;Dupla;0;0;-20,16710798;-44,33422398;Segura;Sudeste;1 Trimestre
608457;2024.0;n;6.0;2024-06-18;MA;402;56,6;MORROS;Transitar na contramão;Com Vítimas Fatais;2;Céu Claro;Anoitecer;terça-feira;Colisão frontal;Simples;1;0;-2.852267;-43.89262;Perigosa;Nordeste;2 Trimestre
628326;2024.0;n;9.0;2024-09-15;MG;40;747,9;SANTOS DUMONT;Entrada inopinada do pedestre;Com Vítimas Feridas;3;Céu Claro;Plena Noite;domingo;Atropelamento de Pedestre;Simples;0;0;-21.476604;-43.546051;Segura;Sudeste;3 Trimestre
661443;2025.0;n;2.0;2025-02-15;MG;381;514,5;IGARAPE;Pedestre andava na pista;Com Vítimas Feridas;3;Céu Claro;Plena Noite;sábado;Atropelamento de Pedestre;Dupla;0;1;-20,08126889;-44,30717897;Perigosa;Sudeste;1 Trimestre
605420;2024.0;n;6.0;2024-06-04;PR;116;208;RIO NEGRO;Condutor deixou de manter distância do veículo da frente;Sem Vítimas;2;Céu Claro;Pleno dia;terça-feira;Colisão traseira;Simples;0;0;-26.07336494;-49.74365505;Segura;Sul;2 Trimestre
593935;2024.0;n;4.0;2024-04-14;CE;222;128,3;ITAPAJE;Reação tardia ou ineficiente do condutor;Com Vítimas Feridas;4;Nublado;Pleno dia;domingo;Colisão lateral sentido oposto;Simples;0;1;-3.70675641;-39.62184906;Perigosa;Nordeste;2 Trimestre
592849;2024.0;n;4.0;2024-04-09;MG;40;463,7;SETE LAGOAS;Condutor deixou de manter distância do veículo da frente;Com Vítimas Feridas;3;Céu Claro;Pleno dia;terça-feira;Colisão traseira;Dupla;0;0;-19.42224803;-44.33870213;Segura;Sudeste;2 Trimestre
662236;2025.0;n;2.0;2025-02-18;MG;381;521,5;BRUMADINHO;Demais falhas mecânicas ou elétricas;Com Vítimas Feridas;3;Céu Claro;Plena Noite;terça-feira;Colisão traseira;Dupla;0;0;-20,13846621;-44,31715274;Segura;Sudeste;1 Trimestre