id;ano;feriado;mes;data_inversa;uf;br;km;municipio;causa_acidente;classificacao_acidente;veiculos;condicao_metereologica;fase_dia;dia_semana;tipo_acidente;tipo_pista;mortos;feridos_graves;latitude;longitude;status;regiao;periodo
577040;2024.0;n;1.0;2024-01-25;SC;101;39;JOINVILLE;Manobra de mudança de faixa;Com Vítimas Feridas;3;Céu Claro;Pleno dia;quinta-feira;Colisão lateral mesmo sentido;Simples;0;0;-26.30774903;-48.87915664;Segura;Sul;1 Trimestre
597115;2024.0;n;4.0;2024-04-29;SC;470;101;APIUNA;Velocidade Incompatível;Com Vítimas Feridas;3;Garoa/Chuvisco;Plena Noite;segunda-feira;Tombamento;Simples;0;0;-27.0585007;-49.38970184;Segura;Sul;2 Trimestre
655275;2025.0;n;1.0;2025-01-15;SP;153;53,8;SAO JOSE DO RIO PRETO;Ausência de reação do condutor;Com Vítimas Feridas;2;Céu Claro;Pleno dia;quarta-feira;Colisão com objeto;Dupla;0;1;-20,73603199;-49,33803779;Perigosa;Sudeste;1 Trimestre
612083;2024.0;n;7.0;2024-07-05;SE;101;146;ESTANCIA;Condutor deixou de manter distância do veículo da frente;Com Vítimas Feridas;2;Chuva;Pleno dia;sexta-feira;Colisão traseira;Dupla;0;0;-11.21285446;-37.41509724;Segura;Nordeste;3 Trimestre
672910;2025.0;n;4.0;2025-04-11;AL;104;55,5;MURICI;Condutor deixou de manter distância do veículo da frente;Com Vítimas Feridas;4;Céu Claro;Pleno dia;sexta-feira;Colisão traseira;Simples;0;0;-9,28665213;-35,96225196;Segura;Nordeste;2 Trimestre
597382;2024.0;n;4.0;2024-04-30;ES;259;89,7;BAIXO GUANDU;Velocidade Incompatível;Com Vítimas Feridas;3;Céu Claro;Pleno dia;terça-feira;Tombamento;Simples;0;1;-19.50888397;-40.91169834;Perigosa;Sudeste;2 Trimestre
672902;2025.0;n;4.0;2025-04-11;PR;376;561;TIJUCAS DO SUL;Desrespeitar a preferência no cruzamento;Sem Vítimas;3;Céu Claro;Pleno dia;sexta-feira;Colisão traseira;Dupla;0;0;-25,846885;-49,063878;Segura;Sul;2 Trimestre
595677;2024.0;n;4.0;2024-04-17;RS;287;377;SANTIAGO;Ultrapassagem Indevida;Com Vítimas Feridas;5;Céu Claro;Plena Noite;quarta-feira;Colisão frontal;Simples;0;1;-29.32884397;-54.75642192;Perigosa;Sul;2 Trimestre
620080;2024.0;n;8.0;2024-08-09;MA;135;326;PRESIDENTE DUTRA;Transitar no Acostamento;Com Vítimas Fatais;4;Céu Claro;Pleno dia;sexta-feira;Colisão lateral mesmo sentido;Simples;1;0;-5.17032078;-44.4619512;Perigosa;Nordeste;3 Trimestre
579468;2024.0;n;2.0;2024-02-06;SC;116;58;PAPANDUVA;Acessar a via sem observar a presença dos outros veículos;Com Vítimas Feridas;2;Sol;Pleno dia;terça-feira;Colisão transversal;Simples;0;0;-26.37763463;-50.19755176;Segura;Sul;1 Trimestre
582298;2024.0;n;2.0;2024-02-20;SC;116;245,6;LAGES;Velocidade Incompatível;Com Vítimas Feridas;3;Sol;Pleno dia;terça-feira;Tombamento;Simples;0;0;-27.79544281;-50.36187437;Segura;Sul;1 Trimestre
614249;2024.0;n;7.0;2024-07-13;GO;60;379;RIO VERDE;Ultrapassagem Indevida;Com Vítimas Feridas;5;Céu Claro;Plena Noite;sábado;Colisão lateral mesmo sentido;Dupla;0;0;-17.7564;-50.8793;Segura;Centro-Oeste;3 Trimestre
581468;2024.0;n;2.0;2024-02-16;SC;101;50,4;JOINVILLE;Demais falhas mecânicas ou elétricas;Com Vítimas Feridas;4;Nublado;Pleno dia;sexta-feira;Colisão com objeto;Dupla;0;0;-26.380125;-48.851591;Segura;Sul;1 Trimestre
594570;2024.0;n;4.0;2024-04-17;RS;386;242;SOLEDADE;Ingestão de álcool pelo condutor;Sem Vítimas;2;Céu Claro;Pleno dia;quarta-feira;Colisão lateral sentido oposto;Simples;0;0;-28.783474;-52.531105;Segura;Sul;2 Trimestre
658183;2025.0;n;1.0;2025-01-30;PR;116;119;CURITIBA;Manobra de mudança de faixa;Com Vítimas Feridas;2;Nublado;Pleno dia;quinta-feira;Colisão lateral mesmo sentido;Dupla;0;0;-25,574886;-49,311777;Segura;Sul;1 Trimestre
672004;2025.0;n;4.0;2025-04-06;PE;101;182,9;PALMARES;Condutor Dormindo;Com Vítimas Feridas;2;Céu Claro;Pleno dia;domingo;Colisão com objeto;Dupla;0;1;-8,661583;-35,565585;Perigosa;Nordeste;2 Trimestre
627645;2024.0;n;9.0;2024-09-12;PR;277;729,3;FOZ DO IGUACU;Manobra de mudança de faixa;Sem Vítimas;3;Céu Claro;Plena Noite;quinta-feira;Colisão lateral mesmo sentido;Dupla;0;0;-25.505967;-54.5887;Segura;Sul;3 Trimestre
625537;2024.0;n;9.0;2024-09-03;RJ;116;133;MAGE;Velocidade Incompatível;Com Vítimas Feridas;3;Nublado;Pleno dia;terça-feira;Colisão lateral mesmo sentido;Dupla;0;0;-22.65418284;-43.14382995;Segura;Sudeste;3 Trimestre
652876;2025.0;n;1.0;2025-01-03;BA;116;750;POCOES;Mal súbito do condutor;Com Vítimas Feridas;1;Céu Claro;Amanhecer;sexta-feira;Saída de leito carroçável;Simples;0;0;-14,47723421;-40,33493042;Segura;Nordeste;1 Trimestre
580802;2024.0;n;2.0;2024-02-12;BA;407;124;SENHOR DO BONFIM;Acessar a via sem observar a presença dos outros veículos;Com Vítimas Feridas;2;Nublado;Pleno dia;segunda-feira;Colisão lateral mesmo sentido;Simples;0;0;-10.43896901;-40.18718133;Segura;Nordeste;1 Trimestre
579982;2024.0;n;2.0;2024-02-09;PE;101;67,3;RECIFE;Manobra de mudança de faixa;Com Vítimas Feridas;3;Céu Claro;Pleno dia;sexta-feira;Colisão traseira;Dupla;0;0;-8.044859;-34.944316;Segura;Nordeste;1 Trimestre
652828;2025.0;n;1.0;2025-01-02;PI;343;345,2;TERESINA;Acesso irregular;Com Vítimas Feridas;2;Céu Claro;Plena Noite;quinta-feira;Colisão transversal;Simples;0;0;-5,102889;-42,766506;Segura;Nordeste;1 Trimestre
687210;2025.0;n;4.0;2025-04-25;SP;116;211,8;GUARULHOS;Manobra de mudança de faixa;Com Vítimas Feridas;2;Garoa/Chuvisco;Pleno dia;sexta-feira;Colisão lateral mesmo sentido;Múltipla;0;0;-23,435209;-46,426826;Segura;Sudeste;2 Trimestre
606924;2024.0;n;6.0;2024-06-12;RS;153;48,4;ERECHIM;Velocidade Incompatível;Com Vítimas Fatais;3;Céu Claro;Pleno dia;quarta-feira;Atropelamento de Pedestre;Simples;1;0;-27.65081236;-52.25703835;Perigosa;Sul;2 Trimestre
579975;2024.0;n;1.0;2024-01-29;SP;116;285,5;ITAPECERICA DA SERRA;Trafegar com motocicleta (ou similar) entre as faixas;Com Vítimas Feridas;2;Céu Claro;Pleno dia;segunda-feira;Queda de ocupante de veículo;Dupla;0;0;-23.70407794;-46.87249709;Segura;Sudeste;1 Trimestre
621926;2024.0;n;8.0;2024-08-17;RO;319;51;PORTO VELHO;Ultrapassagem Indevida;Com Vítimas Feridas;2;Céu Claro;Plena Noite;sábado;Colisão lateral mesmo sentido;Simples;0;0;-8.72974196;-63.97199897;Segura;Norte;3 Trimestre
606257;2024.0;n;6.0;2024-06-09;MG;381;454,4;BELO HORIZONTE;Transitar na contramão;Com Vítimas Feridas;4;Sol;Pleno dia;domingo;Colisão frontal;Simples;0;1;-19.84115;-43.87318;Perigosa;Sudeste;2 Trimestre
585666;2024.0;n;3.0;2024-03-07;PR;476;179;CONTENDA;Acumulo de óleo sobre o pavimento;Sem Vítimas;4;Céu Claro;Pleno dia;quinta-feira;Saída de leito carroçável;Simples;0;0;-25.702982;-49.582001;Segura;Sul;1 Trimestre
580688;2024.0;n;2.0;2024-02-12;SP;116;13,8;QUELUZ;Acumulo de água sobre o pavimento;Sem Vítimas;2;Chuva;Amanhecer;segunda-feira;Tombamento;Dupla;0;0;-22.55663517;-44.81924057;Segura;Sudeste;1 Trimestre
603435;2024.0;n;5.0;2024-05-22;GO;60;73,8;ABADIANIA;Demais falhas mecânicas ou elétricas;Com Vítimas Feridas;2;Céu Claro;Pleno dia;quarta-feira;Eventos atípicos;Dupla;0;0;-16.2759;-48.7774;Segura;Centro-Oeste;2 Trimestre
665835;2025.0;n;3.0;2025-03-07;TO;153;126;WANDERLANDIA;Acesso irregular;Com Vítimas Feridas;4;Nublado;Plena Noite;sexta-feira;Colisão transversal;Simples;0;0;-7,0310141;-48,10238242;Segura;Norte;1 Trimestre
614240;2024.0;n;7.0;2024-07-13;SC;282;615,3;MARAVILHA;Transitar na contramão;Com Vítimas Feridas;5;Chuva;Plena Noite;sábado;Colisão lateral sentido oposto;Simples;0;0;-26.77624468;-53.27540159;Segura;Sul;3 Trimestre
669116;2025.0;n;3.0;2025-03-22;CE;116;66;CHOROZINHO;Condutor Dormindo;Sem Vítimas;1;Céu Claro;Plena Noite;sábado;Saída de leito carroçável;Simples;0;0;-4,302783;-38,502468;Segura;Nordeste;1 Trimestre
629352;2024.0;n;9.0;2024-09-20;PE;407;122;PETROLINA;Acesso irregular;Com Vítimas Feridas;3;Céu Claro;Pleno dia;sexta-feira;Colisão traseira;Simples;0;0;-9.35368726;-40.55051642;Segura;Nordeste;3 Trimestre
599754;2024.0;n;5.0;2024-05-11;RS;116;40,4;VACARIA;Acessar a via sem observar a presença dos outros veículos;Com Vítimas Feridas;2;Nublado;Pleno dia;sábado;Colisão transversal;Simples;0;0;-28.51839098;-50.93942202;Segura;Sul;2 Trimestre
654283;2025.0;n;1.0;2025-01-10;AL;101;247,4;PORTO REAL DO COLEGIO;Condutor deixou de manter distância do veículo da frente;Sem Vítimas;3;Chuva;Pleno dia;sexta-feira;Colisão lateral mesmo sentido;Dupla;0;0;-10,19937283;-36,82059635;Segura;Nordeste;1 Trimestre
613715;2024.0;n;7.0;2024-07-11;BA;410;8,6;TUCANO;Pista esburacada;Com Vítimas Fatais;2;Céu Claro;Pleno dia;quinta-feira;Colisão frontal;Simples;1;0;-10.85300373;-38.59149914;Perigosa;Nordeste;3 Trimestre
596494;2024.0;n;4.0;2024-04-26;MG;262;359;BETIM;Avarias e/ou desgaste excessivo no pneu;Com Vítimas Feridas;2;Nublado;Pleno dia;sexta-feira;Colisão com objeto;Dupla;0;0;-19.98332234;-44.20214426;Segura;Sudeste;2 Trimestre
600670;2024.0;n;3.0;2024-03-18;MG;381;499,5;BETIM;Demais falhas mecânicas ou elétricas;Com Vítimas Feridas;2;Céu Claro;Pleno dia;segunda-feira;Saída de leito carroçável;Dupla;0;1;-19.99732455;-44.2098375;Perigosa;Sudeste;1 Trimestre
610587;2024.0;n;6.0;2024-06-28;AL;101;136;SAO MIGUEL DOS CAMPOS;Pedestre andava na pista;Com Vítimas Feridas;2;Céu Claro;Pleno dia;sexta-feira;Atropelamento de Pedestre;Dupla;0;1;-9.79561892;-36.10861314;Perigosa;Nordeste;2 Trimestre
595134;2024.0;n;4.0;2024-04-20;MG;40;500;ESMERALDAS;Condutor Dormindo;Com Vítimas Feridas;2;Céu Claro;Pleno dia;sábado;Colisão traseira;Dupla;0;0;-19.70073502;-44.17382703;Segura;Sudeste;2 Trimestre
572466;2024.0;n;1.0;2024-01-03;MS;262;71;TRES LAGOAS;Demais falhas mecânicas ou elétricas;Sem Vítimas;4;Sol;Pleno dia;quarta-feira;Incêndio;Simples;0;0;-20.67308;-52.247199;Segura;Centro-Oeste;1 Trimestre
624289;2024.0;n;8.0;2024-08-29;RJ;116;226,9;PIRAI;Velocidade Incompatível;Com Vítimas Feridas;2;Céu Claro;Pleno dia;quinta-feira;Tombamento;Dupla;0;0;-22.66344256;-43.82248878;Segura;Sudeste;3 Trimestre
660550;2025.0;n;2.0;2025-02-10;MS;163;364;NOVA ALVORADA DO SUL;Reação tardia ou ineficiente do condutor;Com Vítimas Feridas;3;Sol;Pleno dia;segunda-feira;Colisão traseira;Dupla;0;0;-21,47264252;-54,38623182;Segura;Centro-Oeste;1 Trimestre
616118;2024.0;n;7.0;2024-07-22;RS;116;255;ESTEIO;Manobra de mudança de faixa;Sem Vítimas;2;Céu Claro;Pleno dia;segunda-feira;Colisão lateral mesmo sentido;Dupla;0;0;-29.84331214;-51.17712444;Segura;Sul;3 Trimestre
606113;2024.0;n;6.0;2024-06-08;MG;381;925;ITAPEVA;Velocidade Incompatível;Sem Vítimas;3;Céu Claro;Pleno dia;sábado;Tombamento;Dupla;0;0;-22.77108975;-46.19946952;Segura;Sudeste;2 Trimestre
582898;2024.0;n;2.0;2024-02-23;PE;423;94,7;GARANHUNS;Transitar na contramão;Com Vítimas Feridas;3;Céu Claro;Plena Noite;sexta-feira;Colisão frontal;Simples;0;1;-8.874732;-36.46946;Perigosa;Nordeste;1 Trimestre
607972;2024.0;n;6.0;2024-06-16;SP;116;310,7;SAO LOURENCO DA SERRA;Ausência de reação do condutor;Sem Vítimas;2;Céu Claro;Plena Noite;domingo;Colisão traseira;Dupla;0;0;-23.8717102;-46.96137189;Segura;Sudeste;2 Trimestre
611775;2024.0;n;7.0;2024-07-03;RJ;116;109;MAGE;Acessar a via sem observar a presença dos outros veículos;Com Vítimas Feridas;2;Céu Claro;Anoitecer;quarta-feira;Colisão transversal;Dupla;0;0;-22.54280711;-42.98518617;Segura;Sudeste;3 Trimestre
623290;2024.0;n;8.0;2024-08-24;SC;282;197,7;LAGES;Transitar na contramão;Com Vítimas Fatais;4;Garoa/Chuvisco;Amanhecer;sábado;Colisão frontal;Simples;2;0;-27.75424;-50.1112514;Perigosa;Sul;3 Trimestre
597919;2024.0;n;5.0;2024-05-03;RJ;493;18,2;GUAPIMIRIM;Pedestre cruzava a pista fora da faixa;Com Vítimas Fatais;2;Céu Claro;Plena Noite;sexta-feira;Atropelamento de Pedestre;Dupla;1;0;-22.6687122;-43.01862696;Perigosa;Sudeste;2 Trimestre
669973;2025.0;n;3.0;2025-03-27;GO;60;1;SANTO ANTONIO DO DESCOBERTO;Transitar na contramão;Com Vítimas Feridas;5;Céu Claro;Plena Noite;quinta-feira;Colisão lateral sentido oposto;Dupla;0;1;-16,062932;-48,264039;Perigosa;Centro-Oeste;1 Trimestre
582041;2024.0;n;2.0;2024-02-19;GO;60;353;RIO VERDE;Condutor Dormindo;Com Vítimas Feridas;3;Céu Claro;Pleno dia;segunda-feira;Capotamento;Dupla;0;0;-17.5959;-50.7164;Segura;Centro-Oeste;1 Trimestre
621508;2024.0;n;8.0;2024-08-16;TO;153;389;RIO DOS BOIS;Reação tardia ou ineficiente do condutor;Com Vítimas Feridas;10;Céu Claro;Pleno dia;sexta-feira;Engavetamento;Simples;0;1;-9.32090992;-48.54216382;Perigosa;Norte;3 Trimestre
607447;2024.0;n;6.0;2024-06-14;MG;381;672;PERDOES;Manobra de mudança de faixa;Com Vítimas Feridas;3;Céu Claro;Pleno dia;sexta-feira;Colisão traseira;Dupla;0;1;-21.0939261;-45.07727193;Perigosa;Sudeste;2 Trimestre
655311;2025.0;n;1.0;2025-01-15;PE;232;261,9;ARCOVERDE;Ingestão de álcool pelo condutor;Com Vítimas Feridas;2;Chuva;Plena Noite;quarta-feira;Colisão frontal;Simples;0;2;-8,40930624;-37,13788894;Perigosa;Nordeste;1 Trimestre
605421;2024.0;n;6.0;2024-06-05;AC;364;136;RIO BRANCO;Demais falhas mecânicas ou elétricas;Com Vítimas Feridas;2;Sol;Pleno dia;quarta-feira;Tombamento;Dupla;0;1;-9.977578;-67.8489;Perigosa;Norte;2 Trimestre
652607;2025.0;y;1.0;2025-01-01;PR;277;657,9;MATELANDIA;Ausência de reação do condutor;Sem Vítimas;1;Céu Claro;Pleno dia;quarta-feira;Colisão com objeto;Dupla;0;0;-25,24283274;-53,97750378;Segura;Sul;1 Trimestre
626145;2024.0;n;9.0;2024-09-06;RS;470;232,7;CARLOS BARBOSA;Desrespeitar a preferência no cruzamento;Com Vítimas Feridas;2;Sol;Pleno dia;sexta-feira;Colisão transversal;Simples;0;0;-29.29846273;-51.48107891;Segura;Sul;3 Trimestre
600559;2024.0;n;5.0;2024-05-14;SP;381;18;BRAGANCA PAULISTA;Ausência de reação do condutor;Com Vítimas Feridas;2;Céu Claro;Plena Noite;terça-feira;Colisão com objeto;Múltipla;0;0;-22.9746091;-46.48838277;Segura;Sudeste;2 Trimestre
590278;2024.0;n;3.0;2024-03-28;SC;280;227,5;TRES BARRAS;Condutor deixou de manter distância do veículo da frente;Com Vítimas Feridas;2;Céu Claro;Pleno dia;quinta-feira;Colisão traseira;Simples;0;1;-26.18271156;-50.33250707;Perigosa;Sul;1 Trimestre
621370;2024.0;n;8.0;2024-08-15;PI;222;115,9;BATALHA;Velocidade Incompatível;Com Vítimas Feridas;1;Céu Claro;Pleno dia;quinta-feira;Tombamento;Simples;0;0;-4.10897311;-42.04865314;Segura;Nordeste;3 Trimestre
614932;2024.0;n;7.0;2024-07-16;PR;277;431,9;VIRMOND;Velocidade Incompatível;Com Vítimas Feridas;2;Céu Claro;Plena Noite;terça-feira;Tombamento;Simples;0;1;-25.3784;-52.202767;Perigosa;Sul;3 Trimestre
592240;2024.0;n;4.0;2024-04-06;MT;70;396;CAMPO VERDE;Acessar a via sem observar a presença dos outros veículos;Com Vítimas Feridas;6;Nublado;Plena Noite;sábado;Colisão lateral sentido oposto;Simples;0;0;-15.62645607;-55.19726481;Segura;Centro-Oeste;2 Trimestre
658376;2025.0;n;1.0;2025-01-31;MS;163;206,3;CAARAPO;Ausência de reação do condutor;Com Vítimas Feridas;2;Céu Claro;Pleno dia;sexta-feira;Colisão traseira;Simples;0;0;-22,65390994;-54,80646392;Segura;Centro-Oeste;1 Trimestre
615596;2024.0;n;7.0;2024-07-19;MG;381;481,9;BETIM;Manobra de mudança de faixa;Com Vítimas Feridas;2;Céu Claro;Plena Noite;sexta-feira;Colisão lateral mesmo sentido;Múltipla;0;0;-19.95931561;-44.08825597;Segura;Sudeste;3 Trimestre
653057;2025.0;n;1.0;2025-01-03;RJ;101;511;ANGRA DOS REIS;Reação tardia ou ineficiente do condutor;Com Vítimas Feridas;3;Nublado;Plena Noite;sexta-feira;Colisão lateral mesmo sentido;Simples;0;0;-22,9609111;-44,4382966;Segura;Sudeste;1 Trimestre
654822;2025.0;n;1.0;2025-01-13;RS;158;435,5;SAO GABRIEL;Condutor Dormindo;Com Vítimas Fatais;4;Céu Claro;Pleno dia;segunda-feira;Colisão frontal;Simples;1;0;-30,15741183;-54,68020539;Perigosa;Sul;1 Trimestre
607334;2024.0;n;6.0;2024-06-14;BA;407;186;PONTO NOVO;Avarias e/ou desgaste excessivo no pneu;Com Vítimas Feridas;2;Garoa/Chuvisco;Plena Noite;sexta-feira;Tombamento;Simples;0;0;-10.98304399;-40.1022419;Segura;Nordeste;2 Trimestre
615303;2024.0;n;7.0;2024-07-18;SP;153;18;NOVA GRANADA;Acessar a via sem observar a presença dos outros veículos;Com Vítimas Feridas;2;Céu Claro;Pleno dia;quinta-feira;Colisão transversal;Simples;0;0;-20.44382107;-49.28091485;Segura;Sudeste;3 Trimestre
669958;2025.0;n;3.0;2025-03-27;PI;343;347,1;TERESINA;Suicídio (presumido);Com Vítimas Fatais;2;Céu Claro;Plena Noite;quinta-feira;Atropelamento de Pedestre;Dupla;1;0;-5,115512;-42,780443;Perigosa;Nordeste;1 Trimestre
609259;2024.0;n;6.0;2024-06-22;RS;290;718,8;URUGUAIANA;Demais falhas mecânicas ou elétricas;Sem Vítimas;1;Céu Claro;Pleno dia;sábado;Saída de leito carroçável;Simples;0;0;-29.774612;-57.04377;Segura;Sul;2 Trimestre
672577;2025.0;n;4.0;2025-04-09;PE;423;125,9;SALOA;Pedestre andava na pista;Com Vítimas Feridas;2;Céu Claro;Pleno dia;quarta-feira;Atropelamento de Pedestre;Simples;0;1;-8,952137;-36,723595;Perigosa;Nordeste;2 Trimestre
616675;2024.0;n;7.0;2024-07-24;ES;101;7;ICONHA;Reação tardia ou ineficiente do condutor;Com Vítimas Feridas;2;Céu Claro;Plena Noite;quarta-feira;Tombamento;Dupla;0;0;-20.803419;-40.828856;Segura;Sudeste;3 Trimestre
657637;2025.0;n;1.0;2025-01-27;PR;369;184,8;ARAPONGAS;Desrespeitar a preferência no cruzamento;Com Vítimas Fatais;3;Nublado;Pleno dia;segunda-feira;Colisão transversal;Simples;1;0;-23,4055189;-51,42840207;Perigosa;Sul;1 Trimestre
597508;2024.0;n;4.0;2024-04-30;MG;50;151;UBERABA;Acessar a via sem observar a presença dos outros veículos;Com Vítimas Feridas;2;Céu Claro;Plena Noite;terça-feira;Colisão traseira;Dupla;0;2;-19.57370204;-48.03246832;Perigosa;Sudeste;2 Trimestre
627310;2024.0;n;9.0;2024-09-11;RS;116;309;GUAIBA;Acessar a via sem observar a presença dos outros veículos;Com Vítimas Feridas;2;Nublado;Pleno dia;quarta-feira;Colisão transversal;Simples;0;0;-30.19187406;-51.39787181;Segura;Sul;3 Trimestre
599460;2024.0;n;5.0;2024-05-10;SP;116;277;EMBU DAS ARTES;Demais falhas mecânicas ou elétricas;Com Vítimas Feridas;2;Céu Claro;Pleno dia;sexta-feira;Colisão lateral mesmo sentido;Múltipla;0;0;-23.64870535;-46.84395469;Segura;Sudeste;2 Trimestre
607077;2024.0;n;6.0;2024-06-12;RJ;101;324;NITEROI;Ausência de reação do condutor;Com Vítimas Fatais;3;Céu Claro;Plena Noite;quarta-feira;Colisão traseira;Dupla;1;0;-22.87381074;-43.12640997;Perigosa;Sudeste;2 Trimestre
600552;2024.0;n;5.0;2024-05-14;CE;20;402;CAUCAIA;Ausência de reação do condutor;Sem Vítimas;4;Céu Claro;Plena Noite;terça-feira;Colisão traseira;Simples;0;0;-3.78838214;-38.7009529;Segura;Nordeste;2 Trimestre
673685;2025.0;n;4.0;2025-04-14;PE;104;119,4;PANELAS;Velocidade Incompatível;Com Vítimas Fatais;1;Céu Claro;Pleno dia;segunda-feira;Colisão com objeto;Simples;1;0;-8,69819;-36,02188;Perigosa;Nordeste;2 Trimestre
667965;2025.0;n;3.0;2025-03-18;SP;116;126;CACAPAVA;Reação tardia ou ineficiente do condutor;Sem Vítimas;3;Céu Claro;Amanhecer;terça-feira;Colisão traseira;Dupla;0;0;-23,10369053;-45,69303989;Segura;Sudeste;1 Trimestre
621381;2024.0;n;8.0;2024-08-15;MG;381;479,8;CONTAGEM;Demais falhas mecânicas ou elétricas;Sem Vítimas;3;Céu Claro;Pleno dia;quinta-feira;Incêndio;Múltipla;0;0;-19.95889605;-44.069202;Segura;Sudeste;3 Trimestre
623008;2024.0;n;8.0;2024-08-23;GO;40;3;VALPARAISO DE GOIAS;Acessar a via sem observar a presença dos outros veículos;Com Vítimas Feridas;2;Céu Claro;Pleno dia;sexta-feira;Colisão lateral mesmo sentido;Dupla;0;0;-16.06921771;-47.98470855;Segura;Centro-Oeste;3 Trimestre
623470;2024.0;n;8.0;2024-08-25;PI;316;23;TERESINA;Condutor Dormindo;Sem Vítimas;2;Nublado;Plena Noite;domingo;Saída de leito carroçável;Múltipla;0;0;-5.28895702;-42.71707202;Segura;Nordeste;3 Trimestre
596253;2024.0;n;4.0;2024-04-25;GO;153;551,1;PIRACANJUBA;Pedestre andava na pista;Com Vítimas Fatais;2;Céu Claro;Plena Noite;quinta-feira;Atropelamento de Pedestre;Dupla;1;0;-17.1424337;-49.21515088;Perigosa;Centro-Oeste;2 Trimestre
628264;2024.0;n;7.0;2024-07-05;BA;324;533;CONCEICAO DO JACUIPE;Velocidade Incompatível;Com Vítimas Feridas;2;Céu Claro;Pleno dia;sexta-feira;Tombamento;Simples;0;0;-12.36096292;-38.82340908;Segura;Nordeste;3 Trimestre
622939;2024.0;n;8.0;2024-08-22;PI;343;285;CAMPO MAIOR;Reação tardia ou ineficiente do condutor;Com Vítimas Feridas;1;Céu Claro;Pleno dia;quinta-feira;Tombamento;Simples;0;0;-4.935666;-42.303127;Segura;Nordeste;3 Trimestre
620682;2024.0;n;8.0;2024-08-11;BA;235;65,1;JEREMOABO;Condutor Dormindo;Com Vítimas Fatais;2;Nublado;Pleno dia;domingo;Colisão frontal;Simples;5;0;-10.09011691;-38.226509;Perigosa;Nordeste;3 Trimestre
660629;2025.0;n;2.0;2025-02-10;RN;304;132;ITAJA;Reação tardia ou ineficiente do condutor;Com Vítimas Feridas;3;Céu Claro;Plena Noite;segunda-feira;Colisão traseira;Simples;0;0;-5,65975029;-36,75325602;Segura;Nordeste;1 Trimestre
687737;2025.0;n;4.0;2025-04-27;MA;316;561;CAXIAS;Manobra de mudança de faixa;Com Vítimas Feridas;2;Céu Claro;Pleno dia;domingo;Colisão frontal;Simples;0;1;-4,892597;-43,277167;Perigosa;Nordeste;2 Trimestre
589852;2024.0;n;3.0;2024-03-26;SC;101;209;SAO JOSE;Trafegar com motocicleta (ou similar) entre as faixas;Com Vítimas Feridas;4;Céu Claro;Pleno dia;terça-feira;Colisão transversal;Dupla;0;0;-27.61000542;-48.63895057;Segura;Sul;1 Trimestre
688111;2025.0;n;4.0;2025-04-29;GO;364;136;APARECIDA DO RIO DOCE;Manobra de mudança de faixa;Com Vítimas Feridas;3;Céu Claro;Pleno dia;terça-feira;Tombamento;Simples;0;0;-18,203865;-51,322258;Segura;Centro-Oeste;2 Trimestre
673891;2025.0;n;4.0;2025-04-15;SP;116;220;GUARULHOS;Trafegar com motocicleta (ou similar) entre as faixas;Com Vítimas Feridas;2;Céu Claro;Anoitecer;terça-feira;Colisão lateral mesmo sentido;Múltipla;0;0;-23,463674;-46,496369;Segura;Sudeste;2 Trimestre
615454;2024.0;n;7.0;2024-07-19;RS;285;319,5;PASSO FUNDO;Ultrapassagem Indevida;Sem Vítimas;1;Céu Claro;Pleno dia;sexta-feira;Saída de leito carroçável;Simples;0;0;-28.269007;-52.610687;Segura;Sul;3 Trimestre
668686;2025.0;n;3.0;2025-03-21;MG;116;443,8;ENGENHEIRO CALDAS;Acessar a via sem observar a presença dos outros veículos;Com Vítimas Feridas;3;Céu Claro;Pleno dia;sexta-feira;Colisão transversal;Simples;0;0;-19,06226146;-41,99883073;Segura;Sudeste;1 Trimestre
581952;2024.0;n;2.0;2024-02-18;CE;402;288,8;TURURU;Ausência de reação do condutor;Com Vítimas Fatais;2;Chuva;Plena Noite;domingo;Colisão com objeto;Simples;1;0;-3.61339014;-39.43322244;Perigosa;Nordeste;1 Trimestre
588396;2024.0;n;3.0;2024-03-19;PE;407;123,2;PETROLINA;Condutor deixou de manter distância do veículo da frente;Sem Vítimas;4;Céu Claro;Anoitecer;terça-feira;Colisão traseira;Simples;0;0;-9.36149178;-40.54594462;Segura;Nordeste;1 Trimestre
629990;2024.0;n;9.0;2024-09-23;PE;232;34;MORENO;Reação tardia ou ineficiente do condutor;Com Vítimas Feridas;1;Nublado;Plena Noite;segunda-feira;Tombamento;Dupla;0;0;-8.10702537;-35.18394691;Segura;Nordeste;3 Trimestre
605253;2024.0;n;6.0;2024-06-04;SC;116;296,3;CAPAO ALTO;Condutor Dormindo;Com Vítimas Feridas;4;Nublado;Plena Noite;terça-feira;Colisão lateral sentido oposto;Simples;0;0;-28.14874485;-50.66210712;Segura;Sul;2 Trimestre
652515;2025.0;y;1.0;2025-01-01;MT;163;790;VERA;Ingestão de álcool pelo condutor;Sem Vítimas;1;Chuva;Pleno dia;quarta-feira;Saída de leito carroçável;Simples;0;0;-12,256255;-55,552873;Segura;Centro-Oeste;1 Trimestre
625577;2024.0;n;9.0;2024-09-03;PR;369;32,4;CAMBARA;Ausência de reação do condutor;Com Vítimas Feridas;4;Céu Claro;Plena Noite;terça-feira;Colisão lateral sentido oposto;Simples;0;0;-23.02877758;-50.03946304;Segura;Sul;3 Trimestre