id;ano;feriado;mes;data_inversa;uf;br;km;municipio;causa_acidente;classificacao_acidente;veiculos;condicao_metereologica;fase_dia;dia_semana;tipo_acidente;tipo_pista;mortos;feridos_graves;latitude;longitude;status;regiao;periodo
611004;2024.0;n;6.0;2024-06-30;SE;101;150,9;ESTANCIA;Carga excessiva e/ou mal acondicionada;Sem Vítimas;2;Nublado;Pleno dia;domingo;Derramamento de carga;Simples;0;0;-11.25101095;-37.4365661;Segura;Nordeste;2 Trimestre
614120;2024.0;n;6.0;2024-06-18;MT;158;557;AGUA BOA;Reação tardia ou ineficiente do condutor;Com Vítimas Feridas;2;Céu Claro;Pleno dia;terça-feira;Colisão lateral mesmo sentido;Simples;0;0;-13.96585002;-52.12248897;Segura;Centro-Oeste;2 Trimestre
658494;2025.0;n;1.0;2025-01-31;MG;381;495,5;BETIM;Condutor deixou de manter distância do veículo da frente;Sem Vítimas;2;Céu Claro;Plena Noite;sexta-feira;Colisão traseira;Dupla;0;0;-19,98890883;-44,20522016;Segura;Sudeste;1 Trimestre
610495;2024.0;n;6.0;2024-06-28;MA;230;402;BALSAS;Ingestão de álcool pelo condutor;Sem Vítimas;4;Céu Claro;Plena Noite;sexta-feira;Tombamento;Simples;0;0;-7.50857084;-46.03158637;Segura;Nordeste;2 Trimestre
621089;2024.0;n;8.0;2024-08-14;AP;210;12;MACAPA;Pedestre - Ingestão de álcool/ substâncias psicoativas;Com Vítimas Fatais;5;Céu Claro;Plena Noite;quarta-feira;Atropelamento de Pedestre;Simples;1;0;0.13413683;-51.13881224;Perigosa;Norte;3 Trimestre
668579;2025.0;n;3.0;2025-03-21;BA;242;840;BARREIRAS;Reação tardia ou ineficiente do condutor;Com Vítimas Feridas;3;Garoa/Chuvisco;Amanhecer;sexta-feira;Saída de leito carroçável;Simples;0;0;-12,11452277;-45,15930176;Segura;Nordeste;1 Trimestre
595115;2024.0;n;4.0;2024-04-20;RO;364;28;VILHENA;Ingestão de álcool pelo condutor;Sem Vítimas;3;Nublado;Plena Noite;sábado;Colisão transversal;Simples;0;0;-12.71985725;-60.26500924;Segura;Norte;2 Trimestre
579798;2024.0;n;2.0;2024-02-08;MG;381;490;BETIM;Ingestão de álcool pelo condutor;Com Vítimas Feridas;2;Chuva;Pleno dia;quinta-feira;Colisão traseira;Dupla;0;0;-19.96502819;-44.17422195;Segura;Sudeste;1 Trimestre
581293;2024.0;n;2.0;2024-02-15;PB;101;119,3;CAAPORA;Demais falhas mecânicas ou elétricas;Sem Vítimas;2;Nublado;Pleno dia;quinta-feira;Colisão com objeto;Dupla;0;0;-7.43090049;-34.96810913;Segura;Nordeste;1 Trimestre
610964;2024.0;n;6.0;2024-06-30;RS;116;0,1;VACARIA;Ausência de reação do condutor;Com Vítimas Feridas;1;Céu Claro;Plena Noite;domingo;Tombamento;Simples;0;0;-28.210476;-50.759827;Segura;Sul;2 Trimestre
625797;2024.0;n;9.0;2024-09-04;RJ;393;271;BARRA DO PIRAI;Ultrapassagem Indevida;Com Vítimas Fatais;2;Céu Claro;Plena Noite;quarta-feira;Colisão frontal;Simples;1;0;-22.47662463;-43.93146109;Perigosa;Sudeste;3 Trimestre
584686;2024.0;n;2.0;2024-02-08;PI;343;268;CAMPO MAIOR;Entrada inopinada do pedestre;Com Vítimas Feridas;3;Céu Claro;Pleno dia;quinta-feira;Atropelamento de Pedestre;Simples;0;1;-4.84439626;-42.1886624;Perigosa;Nordeste;1 Trimestre
577705;2024.0;n;1.0;2024-01-28;MT;364;1175;CAMPOS DE JULIO;Velocidade Incompatível;Sem Vítimas;3;Céu Claro;Pleno dia;domingo;Saída de leito carroçável;Simples;0;0;-13.0;-59.0;Segura;Centro-Oeste;1 Trimestre
628733;2024.0;n;9.0;2024-09-05;MG;381;509;SAO JOAQUIM DE BICAS;Manobra de mudança de faixa;Com Vítimas Feridas;3;Céu Claro;Pleno dia;quinta-feira;Colisão traseira;Dupla;0;1;-20.05003949;-44.27886128;Perigosa;Sudeste;3 Trimestre
574423;2024.0;n;1.0;2024-01-13;PR;369;424,2;JURANDA;Transitar na contramão;Sem Vítimas;2;Céu Claro;Pleno dia;sábado;Colisão lateral sentido oposto;Simples;0;0;-24.4104;-52.8178;Segura;Sul;1 Trimestre
657358;2025.0;n;1.0;2025-01-25;RN;304;140,2;ANGICOS;Condutor deixou de manter distância do veículo da frente;Sem Vítimas;3;Nublado;Pleno dia;sábado;Engavetamento;Simples;0;0;-5,66657204;-36,68142801;Segura;Nordeste;1 Trimestre
654974;2025.0;n;1.0;2025-01-14;PB;101;85,4;BAYEUX;Acessar a via sem observar a presença dos outros veículos;Com Vítimas Fatais;3;Chuva;Pleno dia;terça-feira;Engavetamento;Dupla;1;3;-7,1476653;-34,9141057;Perigosa;Nordeste;1 Trimestre
612888;2024.0;n;7.0;2024-07-07;RO;364;504;ARIQUEMES;Reação tardia ou ineficiente do condutor;Sem Vítimas;4;Céu Claro;Plena Noite;domingo;Colisão traseira;Simples;0;0;-10.00474102;-63.00712403;Segura;Norte;3 Trimestre
612397;2024.0;n;7.0;2024-07-06;TO;153;320;GUARAI;Transitar na contramão;Com Vítimas Feridas;3;Céu Claro;Amanhecer;sábado;Colisão frontal;Simples;0;1;-8.70104701;-48.50485483;Perigosa;Norte;3 Trimestre
622615;2024.0;n;8.0;2024-08-21;SP;116;320,5;JUQUITIBA;Reação tardia ou ineficiente do condutor;Com Vítimas Fatais;4;Céu Claro;Plena Noite;quarta-feira;Derramamento de carga;Dupla;1;0;-23.93226;-47.00835;Perigosa;Sudeste;3 Trimestre
652567;2025.0;y;1.0;2025-01-01;CE;222;64,9;SAO GONCALO DO AMARANTE;Conversão proibida;Com Vítimas Feridas;2;Céu Claro;Pleno dia;quarta-feira;Colisão lateral mesmo sentido;Simples;0;1;-3,67087;-39,124455;Perigosa;Nordeste;1 Trimestre
590182;2024.0;n;3.0;2024-03-27;SC;101;157;PORTO BELO;Carga excessiva e/ou mal acondicionada;Com Vítimas Feridas;2;Céu Claro;Plena Noite;quarta-feira;Colisão com objeto;Dupla;0;0;-27.181625;-48.6121179;Segura;Sul;1 Trimestre
583772;2024.0;n;2.0;2024-02-06;MG;153;62;MONTE ALEGRE DE MINAS;Acostamento em desnível;Com Vítimas Feridas;2;Céu Claro;Pleno dia;terça-feira;Saída de leito carroçável;Simples;0;0;-18.90963798;-49.03804997;Segura;Sudeste;1 Trimestre
662544;2025.0;n;2.0;2025-02-20;ES;101;151;LINHARES;Condutor deixou de manter distância do veículo da frente;Com Vítimas Feridas;3;Céu Claro;Pleno dia;quinta-feira;Engavetamento;Simples;0;0;-19,41156656;-40,06592463;Segura;Sudeste;1 Trimestre
590160;2024.0;n;3.0;2024-03-27;PR;376;658;TIJUCAS DO SUL;Demais falhas mecânicas ou elétricas;Sem Vítimas;1;Céu Claro;Plena Noite;quarta-feira;Incêndio;Dupla;0;0;-25.85300602;-49.02166198;Segura;Sul;1 Trimestre
619545;2024.0;n;8.0;2024-08-06;MG;365;62,5;JEQUITAI;Condutor Dormindo;Com Vítimas Fatais;3;Céu Claro;Plena Noite;terça-feira;Saída de leito carroçável;Simples;1;0;-17.02504891;-44.30279212;Perigosa;Sudeste;3 Trimestre
602932;2024.0;n;5.0;2024-05-25;MA;135;77;SANTA RITA;Reação tardia ou ineficiente do condutor;Com Vítimas Fatais;2;Céu Claro;Pleno dia;sábado;Colisão frontal;Simples;1;3;-3.20414;-44.362332;Perigosa;Nordeste;2 Trimestre
668451;2025.0;n;3.0;2025-03-19;MS;267;198;NOVA ALVORADA DO SUL;Ausência de reação do condutor;Com Vítimas Feridas;2;Céu Claro;Plena Noite;quarta-feira;Colisão traseira;Simples;0;0;-21,58772711;-53,9560461;Segura;Centro-Oeste;1 Trimestre
596226;2024.0;n;4.0;2024-04-25;BA;101;259;SANTO ANTONIO DE JESUS;Acessar a via sem observar a presença dos outros veículos;Com Vítimas Feridas;2;Nublado;Pleno dia;quinta-feira;Colisão transversal;Simples;0;1;-12.95605846;-39.26455736;Perigosa;Nordeste;2 Trimestre
619547;2024.0;n;8.0;2024-08-06;BA;242;383,4;PALMEIRAS;Problema com o freio;Com Vítimas Feridas;3;Céu Claro;Plena Noite;terça-feira;Eventos atípicos;Simples;0;1;-12.44034303;-41.546251;Perigosa;Nordeste;3 Trimestre
666194;2025.0;n;3.0;2025-03-09;MG;262;810,9;UBERABA;Ingestão de álcool pelo condutor;Com Vítimas Fatais;4;Céu Claro;Anoitecer;domingo;Colisão transversal;Dupla;1;0;-19,77033279;-47,97784025;Perigosa;Sudeste;1 Trimestre
603757;2024.0;n;5.0;2024-05-21;MS;163;41;ELDORADO;Acessar a via sem observar a presença dos outros veículos;Sem Vítimas;2;Céu Claro;Pleno dia;terça-feira;Colisão transversal;Simples;0;0;-23.78038392;-54.2770967;Segura;Centro-Oeste;2 Trimestre
589986;2024.0;n;3.0;2024-03-27;MG;381;620;OLIVEIRA;Ausência de reação do condutor;Com Vítimas Feridas;2;Nublado;Amanhecer;quarta-feira;Capotamento;Dupla;0;0;-20.78558012;-44.78578864;Segura;Sudeste;1 Trimestre
687863;2025.0;n;4.0;2025-04-28;MG;365;621,5;UBERLANDIA;Reação tardia ou ineficiente do condutor;Sem Vítimas;4;Chuva;Pleno dia;segunda-feira;Engavetamento;Dupla;0;0;-18,8886492;-48,2685643;Segura;Sudeste;2 Trimestre
587328;2024.0;n;3.0;2024-03-14;SP;116;223;GUARULHOS;Reação tardia ou ineficiente do condutor;Com Vítimas Feridas;4;Sol;Pleno dia;quinta-feira;Colisão lateral mesmo sentido;Múltipla;0;1;-23.47559815;-46.5246609;Perigosa;Sudeste;1 Trimestre
671085;2025.0;n;4.0;2025-04-02;GO;153;626;MORRINHOS;Avarias e/ou desgaste excessivo no pneu;Com Vítimas Feridas;2;Céu Claro;Plena Noite;quarta-feira;Saída de leito carroçável;Dupla;0;0;-17,76198256;-49,16579247;Segura;Centro-Oeste;2 Trimestre
601164;2024.0;n;5.0;2024-05-17;RJ;101;477;ANGRA DOS REIS;Desrespeitar a preferência no cruzamento;Com Vítimas Feridas;3;Nublado;Plena Noite;sexta-feira;Colisão transversal;Simples;0;1;-22.99820396;-44.26554599;Perigosa;Sudeste;2 Trimestre
601990;2024.0;n;5.0;2024-05-21;RJ;101;392;RIO DE JANEIRO;Condutor usando celular;Com Vítimas Feridas;3;Nublado;Pleno dia;terça-feira;Colisão traseira;Dupla;0;0;-22.89265625;-43.6945091;Segura;Sudeste;2 Trimestre
616541;2024.0;n;7.0;2024-07-24;AL;101;114;PILAR;Transitar na contramão;Com Vítimas Feridas;3;Céu Claro;Pleno dia;quarta-feira;Colisão frontal;Simples;0;0;-9.63663301;-36.03046002;Segura;Nordeste;3 Trimestre
600689;2024.0;n;5.0;2024-05-15;PR;116;42;CAMPINA GRANDE DO SUL;Velocidade Incompatível;Com Vítimas Feridas;3;Garoa/Chuvisco;Pleno dia;quarta-feira;Colisão com objeto;Dupla;0;0;-25.17611697;-48.874256;Segura;Sul;2 Trimestre
618190;2024.0;n;8.0;2024-08-01;MG;365;63;JEQUITAI;Reação tardia ou ineficiente do condutor;Com Vítimas Feridas;1;Céu Claro;Amanhecer;quinta-feira;Saída de leito carroçável;Simples;0;0;-17.02504891;-44.30279212;Segura;Sudeste;3 Trimestre
628510;2024.0;n;9.0;2024-09-16;SE;101;87;NOSSA SENHORA DO SOCORRO;Manobra de mudança de faixa;Com Vítimas Feridas;2;Céu Claro;Pleno dia;segunda-feira;Colisão traseira;Dupla;0;0;-10.86174498;-37.13526579;Segura;Nordeste;3 Trimestre
586579;2024.0;n;3.0;2024-03-11;RS;470;169,1;VILA FLORES;Acessar a via sem observar a presença dos outros veículos;Com Vítimas Feridas;2;Céu Claro;Pleno dia;segunda-feira;Colisão transversal;Simples;0;0;-28.86454223;-51.55299051;Segura;Sul;1 Trimestre
627097;2024.0;n;9.0;2024-09-10;CE;20;239;MADALENA;Ausência de reação do condutor;Com Vítimas Feridas;3;Céu Claro;Pleno dia;terça-feira;Saída de leito carroçável;Simples;0;1;-4.85575414;-39.57409685;Perigosa;Nordeste;3 Trimestre
594856;2024.0;n;4.0;2024-04-19;SP;116;512;CAJATI;Reação tardia ou ineficiente do condutor;Com Vítimas Feridas;2;Céu Claro;Plena Noite;sexta-feira;Tombamento;Simples;0;0;-24.84304306;-48.22027915;Segura;Sudeste;2 Trimestre
604892;2024.0;n;6.0;2024-06-03;GO;60;104,3;GOIANAPOLIS;Problema com o freio;Com Vítimas Feridas;1;Céu Claro;Pleno dia;segunda-feira;Tombamento;Dupla;0;0;-16.4118;-49.0004;Segura;Centro-Oeste;2 Trimestre
657015;2025.0;n;1.0;2025-01-24;BA;101;399;IBIRAPITANGA;Velocidade Incompatível;Com Vítimas Fatais;2;Garoa/Chuvisco;Pleno dia;sexta-feira;Colisão frontal;Simples;3;0;-13,99468;-39,453937;Perigosa;Nordeste;1 Trimestre
617855;2024.0;n;7.0;2024-07-30;PR;373;264;PRUDENTOPOLIS;Pedestre andava na pista;Com Vítimas Fatais;4;Nublado;Pleno dia;terça-feira;Atropelamento de Pedestre;Simples;1;0;-25.199452;-50.97088;Perigosa;Sul;3 Trimestre
588789;2024.0;n;3.0;2024-03-21;PE;232;34,6;MORENO;Condutor deixou de manter distância do veículo da frente;Com Vítimas Feridas;2;Céu Claro;Pleno dia;quinta-feira;Colisão traseira;Dupla;0;0;-8.109243;-35.192415;Segura;Nordeste;1 Trimestre
622512;2024.0;n;8.0;2024-08-20;SC;101;213,8;PALHOCA;Condutor deixou de manter distância do veículo da frente;Com Vítimas Feridas;2;Nublado;Pleno dia;terça-feira;Colisão traseira;Múltipla;0;1;-27.63697369;-48.66514142;Perigosa;Sul;3 Trimestre
588720;2024.0;n;3.0;2024-03-21;PA;230;1117;ITAITUBA;Ausência de reação do condutor;Com Vítimas Feridas;3;Chuva;Plena Noite;quinta-feira;Colisão com objeto;Simples;0;0;-4.36043041;-55.81418583;Segura;Norte;1 Trimestre
597167;2024.0;n;4.0;2024-04-29;MG;381;479,2;CONTAGEM;Ausência de reação do condutor;Com Vítimas Feridas;2;Céu Claro;Pleno dia;segunda-feira;Colisão traseira;Múltipla;0;1;-19.96427336;-44.04651761;Perigosa;Sudeste;2 Trimestre
613597;2024.0;n;7.0;2024-07-10;BA;110;240;OLINDINA;Ingestão de álcool pelo condutor;Sem Vítimas;2;Nevoeiro/Neblina;Plena Noite;quarta-feira;Colisão frontal;Simples;0;0;-11.356341;-38.334884;Segura;Nordeste;3 Trimestre
624120;2024.0;n;8.0;2024-08-28;MT;70;522;VARZEA GRANDE;Acesso irregular;Sem Vítimas;9;Céu Claro;Pleno dia;quarta-feira;Colisão transversal;Simples;0;0;-15.6547233;-56.1910539;Segura;Centro-Oeste;3 Trimestre
667262;2025.0;n;3.0;2025-03-14;GO;158;154;CAIAPONIA;Acessar a via sem observar a presença dos outros veículos;Com Vítimas Feridas;6;Nublado;Anoitecer;sexta-feira;Tombamento;Dupla;0;0;-16,932903;-51,824489;Segura;Centro-Oeste;1 Trimestre
574595;2024.0;n;1.0;2024-01-14;PR;476;193,5;LAPA;Entrada inopinada do pedestre;Com Vítimas Feridas;3;Céu Claro;Amanhecer;domingo;Atropelamento de Pedestre;Simples;0;1;-25.731451;-49.709415;Perigosa;Sul;1 Trimestre
597609;2024.0;y;5.0;2024-05-01;BA;116;441;FEIRA DE SANTANA;Ausência de reação do condutor;Sem Vítimas;3;Sol;Pleno dia;quarta-feira;Derramamento de carga;Dupla;0;0;-12.351746;-39.092921;Segura;Nordeste;2 Trimestre
606414;2024.0;n;6.0;2024-06-09;SC;282;539,6;CHAPECO;Velocidade Incompatível;Com Vítimas Feridas;1;Céu Claro;Pleno dia;domingo;Tombamento;Simples;0;0;-26.99134246;-52.68614704;Segura;Sul;2 Trimestre
584171;2024.0;n;3.0;2024-03-01;BA;116;441,8;FEIRA DE SANTANA;Velocidade Incompatível;Com Vítimas Feridas;1;Céu Claro;Plena Noite;sexta-feira;Tombamento;Dupla;0;0;-12.352111;-39.093306;Segura;Nordeste;1 Trimestre
593362;2024.0;n;4.0;2024-04-11;RO;364;718;PORTO VELHO;Reação tardia ou ineficiente do condutor;Com Vítimas Feridas;2;Chuva;Plena Noite;quinta-feira;Colisão lateral mesmo sentido;Dupla;0;1;-8.78573785;-63.89817015;Perigosa;Norte;2 Trimestre
687695;2025.0;n;4.0;2025-04-27;RJ;116;236;PIRAI;Ausência de reação do condutor;Com Vítimas Feridas;3;Sol;Pleno dia;domingo;Colisão traseira;Múltipla;0;1;-22,66763285;-43,85911435;Perigosa;Sudeste;2 Trimestre
627286;2024.0;n;6.0;2024-06-24;PB;230;185;POCINHOS;Reação tardia ou ineficiente do condutor;Sem Vítimas;3;Céu Claro;Pleno dia;segunda-feira;Colisão com objeto;Simples;0;0;-7.1516689;-36.1086768;Segura;Nordeste;2 Trimestre
589227;2024.0;n;3.0;2024-03-23;PA;10;19,8;DOM ELISEU;Acesso irregular;Com Vítimas Feridas;4;Sol;Pleno dia;sábado;Colisão transversal;Simples;0;1;-4.28420096;-47.55821975;Perigosa;Norte;1 Trimestre
668309;2025.0;n;3.0;2025-03-19;PA;155;343;MARABA;Acesso irregular;Com Vítimas Feridas;3;Céu Claro;Pleno dia;quarta-feira;Colisão transversal;Simples;0;0;-5,362532;-49,078557;Segura;Norte;1 Trimestre
586292;2024.0;n;3.0;2024-03-07;BA;324;565,9;SAO SEBASTIAO DO PASSE;Ausência de reação do condutor;Com Vítimas Feridas;2;Céu Claro;Plena Noite;quinta-feira;Colisão traseira;Dupla;0;0;-12.531212;-38.60102;Segura;Nordeste;1 Trimestre
578386;2024.0;n;2.0;2024-02-01;SC;101;7;GARUVA;Entrada inopinada do pedestre;Com Vítimas Feridas;2;Nublado;Pleno dia;quinta-feira;Eventos atípicos;Dupla;0;1;-26.03593;-48.860302;Perigosa;Sul;1 Trimestre
686310;2025.0;n;4.0;2025-04-20;MS;487;29;ITAQUIRAI;Ingestão de álcool pelo condutor;Com Vítimas Feridas;2;Céu Claro;Plena Noite;domingo;Colisão frontal;Simples;0;1;-23,252114;-53,943487;Perigosa;Centro-Oeste;2 Trimestre
574745;2024.0;n;1.0;2024-01-14;BA;242;350;LENCOIS;Velocidade Incompatível;Com Vítimas Feridas;3;Céu Claro;Amanhecer;domingo;Tombamento;Simples;0;0;-12.49530755;-41.32112295;Segura;Nordeste;1 Trimestre
670455;2025.0;n;3.0;2025-03-30;BA;101;509;ITABUNA;Animais na Pista;Sem Vítimas;1;Céu Claro;Plena Noite;domingo;Atropelamento de Animal;Simples;0;0;-14,83261701;-39,28978086;Segura;Nordeste;1 Trimestre
665933;2025.0;n;3.0;2025-03-08;CE;116;500,2;BREJO SANTO;Ultrapassagem Indevida;Com Vítimas Fatais;3;Sol;Pleno dia;sábado;Colisão frontal;Simples;1;0;-7,472803;-38,979349;Perigosa;Nordeste;1 Trimestre
664697;2025.0;n;3.0;2025-03-01;MA;316;3;BOA VISTA DO GURUPI;Ultrapassagem Indevida;Com Vítimas Feridas;6;Garoa/Chuvisco;Plena Noite;sábado;Colisão frontal;Simples;0;4;-1,78507211;-46,29174298;Perigosa;Nordeste;1 Trimestre
573141;2024.0;n;1.0;2024-01-07;GO;153;653;GOIATUBA;Condutor Dormindo;Com Vítimas Feridas;4;Céu Claro;Pleno dia;domingo;Colisão traseira;Dupla;0;0;-17.9926;-49.2601;Segura;Centro-Oeste;1 Trimestre
607320;2024.0;n;6.0;2024-06-14;MG;40;616,5;CONGONHAS;Condutor Dormindo;Sem Vítimas;2;Céu Claro;Plena Noite;sexta-feira;Saída de leito carroçável;Simples;0;0;-20.553361;-43.814504;Segura;Sudeste;2 Trimestre
592081;2024.0;n;4.0;2024-04-06;RJ;116;110;GUAPIMIRIM;Transitar na contramão;Com Vítimas Feridas;3;Céu Claro;Plena Noite;sábado;Colisão frontal;Dupla;0;1;-22.54638983;-42.98950195;Perigosa;Sudeste;2 Trimestre
617447;2024.0;n;7.0;2024-07-28;CE;116;145,8;RUSSAS;Demais falhas mecânicas ou elétricas;Com Vítimas Feridas;2;Céu Claro;Pleno dia;domingo;Colisão com objeto;Simples;0;0;-4.7962229;-38.05903675;Segura;Nordeste;3 Trimestre
597036;2024.0;n;4.0;2024-04-28;BA;367;28;PORTO SEGURO;Reação tardia ou ineficiente do condutor;Sem Vítimas;4;Céu Claro;Plena Noite;domingo;Colisão lateral mesmo sentido;Simples;0;0;-16.41760283;-39.10888793;Segura;Nordeste;2 Trimestre
665941;2025.0;n;3.0;2025-03-08;PR;373;179;PONTA GROSSA;Acesso irregular;Com Vítimas Feridas;3;Céu Claro;Pleno dia;sábado;Colisão frontal;Simples;0;0;-25,04587135;-50,23676582;Segura;Sul;1 Trimestre
609977;2024.0;n;6.0;2024-06-25;PE;101;69;RECIFE;Acessar a via sem observar a presença dos outros veículos;Com Vítimas Feridas;4;Céu Claro;Pleno dia;terça-feira;Colisão transversal;Múltipla;0;1;-8.05951606;-34.94581024;Perigosa;Nordeste;2 Trimestre
596671;2024.0;n;4.0;2024-04-27;RO;364;423;JARU;Ultrapassagem Indevida;Sem Vítimas;5;Céu Claro;Plena Noite;sábado;Colisão lateral mesmo sentido;Simples;0;0;-10.45220802;-62.46072003;Segura;Norte;2 Trimestre
623740;2024.0;n;8.0;2024-08-26;BA;101;103;ALAGOINHAS;Reação tardia ou ineficiente do condutor;Sem Vítimas;3;Sol;Pleno dia;segunda-feira;Colisão traseira;Simples;0;0;-12.15963868;-38.41162324;Segura;Nordeste;3 Trimestre
670720;2025.0;n;3.0;2025-03-31;PB;230;0,5;CABEDELO;Acessar a via sem observar a presença dos outros veículos;Sem Vítimas;2;Céu Claro;Pleno dia;segunda-feira;Colisão transversal;Simples;0;0;-6,97210588;-34,83370777;Segura;Nordeste;1 Trimestre
603123;2024.0;n;5.0;2024-05-22;RJ;116;170;RIO DE JANEIRO;Manobra de mudança de faixa;Sem Vítimas;2;Céu Claro;Pleno dia;quarta-feira;Colisão lateral mesmo sentido;Dupla;0;0;-22.81113183;-43.3336729;Segura;Sudeste;2 Trimestre
591006;2024.0;n;3.0;2024-03-31;MG;262;414;PARA DE MINAS;Carga excessiva e/ou mal acondicionada;Com Vítimas Feridas;1;Céu Claro;Pleno dia;domingo;Saída de leito carroçável;Dupla;0;0;-19.90339593;-44.66308607;Segura;Sudeste;1 Trimestre
582745;2024.0;n;2.0;2024-02-23;PR;277;1;PARANAGUA;Demais falhas mecânicas ou elétricas;Sem Vítimas;2;Céu Claro;Pleno dia;sexta-feira;Incêndio;Dupla;0;0;-25.55503877;-48.55801463;Segura;Sul;1 Trimestre
591609;2024.0;n;4.0;2024-04-03;MT;70;403;PRIMAVERA DO LESTE;Reação tardia ou ineficiente do condutor;Com Vítimas Feridas;5;Nublado;Plena Noite;quarta-feira;Colisão traseira;Simples;0;0;-15.57911988;-54.47201099;Segura;Centro-Oeste;2 Trimestre
625355;2024.0;n;9.0;2024-09-02;SP;116;146;SAO JOSE DOS CAMPOS;Condutor deixou de manter distância do veículo da frente;Com Vítimas Feridas;3;Céu Claro;Plena Noite;segunda-feira;Colisão traseira;Múltipla;0;1;-23.19122919;-45.86327591;Perigosa;Sudeste;3 Trimestre
662780;2025.0;n;2.0;2025-02-21;PR;376;153,9;MANDAGUACU;Manobra de mudança de faixa;Com Vítimas Feridas;5;Sol;Pleno dia;sexta-feira;Colisão traseira;Dupla;0;0;-23,326946;-52,111538;Segura;Sul;1 Trimestre
586601;2024.0;n;3.0;2024-03-11;RJ;40;25;TRES RIOS;Mal súbito do condutor;Com Vítimas Feridas;2;Céu Claro;Pleno dia;segunda-feira;Tombamento;Simples;0;0;-22.14680002;-43.15810757;Segura;Sudeste;1 Trimestre
663218;2025.0;n;2.0;2025-02-23;RJ;393;111,1;SAPUCAIA;Mal súbito do condutor;Com Vítimas Feridas;1;Céu Claro;Pleno dia;domingo;Saída de leito carroçável;Simples;0;0;-21,9096;-42,73955;Segura;Sudeste;1 Trimestre
581849;2024.0;n;2.0;2024-02-18;MG;381;904,5;CAMBUI;Reação tardia ou ineficiente do condutor;Com Vítimas Fatais;4;Céu Claro;Pleno dia;domingo;Colisão lateral mesmo sentido;Dupla;1;0;-22.65413365;-46.0890103;Perigosa;Sudeste;1 Trimestre
657745;2025.0;n;1.0;2025-01-27;MG;40;452;CAETANOPOLIS;Pista Escorregadia;Com Vítimas Feridas;3;Chuva;Anoitecer;segunda-feira;Colisão traseira;Dupla;0;1;-19,33382121;-44,36107939;Perigosa;Sudeste;1 Trimestre
626808;2024.0;n;9.0;2024-09-08;BA;116;327;ARACI;Conversão proibida;Com Vítimas Feridas;2;Céu Claro;Pleno dia;domingo;Colisão traseira;Simples;0;0;-11.39171494;-38.9670854;Segura;Nordeste;3 Trimestre
600515;2024.0;n;5.0;2024-05-14;RJ;101;264;RIO BONITO;Demais falhas mecânicas ou elétricas;Com Vítimas Feridas;2;Céu Claro;Pleno dia;terça-feira;Colisão traseira;Dupla;0;0;-22.71818337;-42.63600702;Segura;Sudeste;2 Trimestre
592128;2024.0;n;4.0;2024-04-06;DF;70;0;BRASILIA;Reação tardia ou ineficiente do condutor;Sem Vítimas;2;Céu Claro;Pleno dia;sábado;Colisão lateral mesmo sentido;Dupla;0;0;-15.792352;-48.054509;Segura;Centro-Oeste;2 Trimestre
618254;2024.0;n;8.0;2024-08-01;SC;282;637,5;DESCANSO;Reação tardia ou ineficiente do condutor;Sem Vítimas;2;Céu Claro;Pleno dia;quinta-feira;Colisão traseira;Simples;0;0;-26.800833;-53.448235;Segura;Sul;3 Trimestre
652832;2025.0;n;1.0;2025-01-02;RJ;101;296;ITABORAI;Ausência de reação do condutor;Com Vítimas Feridas;2;Nublado;Plena Noite;quinta-feira;Colisão traseira;Dupla;0;0;-22,7670498;-42,91019601;Segura;Sudeste;1 Trimestre
583926;2024.0;n;2.0;2024-02-28;AL;104;83,7;RIO LARGO;Velocidade Incompatível;Sem Vítimas;1;Céu Claro;Plena Noite;quarta-feira;Tombamento;Dupla;0;0;-9.44165773;-35.83538341;Segura;Nordeste;1 Trimestre
602439;2024.0;n;5.0;2024-05-23;MG;365;623;UBERLANDIA;Mal súbito do condutor;Com Vítimas Feridas;3;Céu Claro;Pleno dia;quinta-feira;Colisão com objeto;Dupla;0;0;-18.9100325;-48.30694985;Segura;Sudeste;2 Trimestre
659209;2025.0;n;2.0;2025-02-04;RS;116;247;SAO LEOPOLDO;Reação tardia ou ineficiente do condutor;Sem Vítimas;4;Céu Claro;Pleno dia;terça-feira;Colisão lateral mesmo sentido;Dupla;0;0;-29,76733091;-51,1535296;Segura;Sul;1 Trimestre
605294;2024.0;n;6.0;2024-06-05;MS;463;109;PONTA PORA;Acessar a via sem observar a presença dos outros veículos;Com Vítimas Feridas;2;Céu Claro;Pleno dia;quarta-feira;Colisão transversal;Dupla;0;0;-22.58039272;-55.68886181;Segura;Centro-Oeste;2 Trimestre
657644;2025.0;n;1.0;2025-01-27;GO;364;131;APARECIDA DO RIO DOCE;Condutor Dormindo;Com Vítimas Feridas;2;Céu Claro;Pleno dia;segunda-feira;Saída de leito carroçável;Simples;0;0;-18,233049;-51,281437;Segura;Centro-Oeste;1 Trimestre
583950;2024.0;n;2.0;2024-02-29;RS;293;30,5;CAPAO DO LEAO;Problema com o freio;Sem Vítimas;2;Céu Claro;Plena Noite;quinta-feira;Incêndio;Simples;0;0;-31.72752355;-52.62326608;Segura;Sul;1 Trimestre
605737;2024.0;n;6.0;2024-06-07;GO;364;148,3;APARECIDA DO RIO DOCE;Velocidade Incompatível;Com Vítimas Feridas;2;Céu Claro;Pleno dia;sexta-feira;Tombamento;Simples;0;0;-18.16310129;-51.43086433;Segura;Centro-Oeste;2 Trimestre