id;ano;feriado;mes;data_inversa;uf;br;km;municipio;causa_acidente;classificacao_acidente;veiculos;condicao_metereologica;fase_dia;dia_semana;tipo_acidente;tipo_pista;mortos;feridos_graves;latitude;longitude;status;regiao;periodo
674017;2025.0;n;2.0;2025-02-17;SC;282;221,8;LAGES;Reação tardia ou ineficiente do condutor;Com Vítimas Feridas;7;Chuva;Pleno dia;segunda-feira;Colisão lateral sentido oposto;Simples;0;0;-27,796358;-50,343426;Segura;Sul;1 Trimestre
614866;2024.0;n;7.0;2024-07-16;PR;476;144;CURITIBA;Objeto estático sobre o leito carroçável;Sem Vítimas;4;Chuva;Plena Noite;terça-feira;Colisão com objeto;Dupla;0;0;-25.542501;-49.313011;Segura;Sul;3 Trimestre
612944;2024.0;n;7.0;2024-07-08;PR;116;103,9;SAO JOSE DOS PINHAIS;Reação tardia ou ineficiente do condutor;Com Vítimas Feridas;2;Garoa/Chuvisco;Amanhecer;segunda-feira;Saída de leito carroçável;Dupla;0;0;-25.55944814;-49.15099774;Segura;Sul;3 Trimestre
663889;2025.0;n;2.0;2025-02-26;SC;101;144;ITAPEMA;Transitar no Acostamento;Com Vítimas Feridas;2;Nublado;Anoitecer;quarta-feira;Colisão lateral mesmo sentido;Dupla;0;1;-27,07579419;-48,59782398;Perigosa;Sul;1 Trimestre
579546;2024.0;n;2.0;2024-02-07;SP;116;499;CAJATI;Reação tardia ou ineficiente do condutor;Com Vítimas Fatais;2;Céu Claro;Pleno dia;quarta-feira;Tombamento;Múltipla;1;0;-24.78228753;-48.17695233;Perigosa;Sudeste;1 Trimestre
609307;2024.0;n;6.0;2024-06-22;GO;414;338;COCALZINHO DE GOIAS;Ingestão de álcool pelo condutor;Com Vítimas Feridas;2;Céu Claro;Pleno dia;sábado;Colisão traseira;Simples;0;1;-15.532937;-48.624592;Perigosa;Centro-Oeste;2 Trimestre
622485;2024.0;n;8.0;2024-08-20;PI;343;97,1;CARAUBAS DO PIAUI;Acostamento em desnível;Com Vítimas Feridas;1;Sol;Pleno dia;terça-feira;Tombamento;Simples;0;0;-3.547225;-41.710606;Segura;Nordeste;3 Trimestre
575798;2024.0;n;1.0;2024-01-19;TO;153;123;WANDERLANDIA;Velocidade Incompatível;Sem Vítimas;1;Sol;Pleno dia;sexta-feira;Tombamento;Simples;0;0;-7.06272688;-48.11708226;Segura;Norte;1 Trimestre
664943;2025.0;n;3.0;2025-03-03;PB;101;127;CAAPORA;Chuva;Com Vítimas Feridas;6;Chuva;Pleno dia;segunda-feira;Engavetamento;Dupla;0;0;-7,50120818;-34,98513901;Segura;Nordeste;1 Trimestre
653329;2025.0;n;1.0;2025-01-05;RJ;101;433;MANGARATIBA;Conversão proibida;Sem Vítimas;2;Nublado;Pleno dia;domingo;Colisão transversal;Simples;0;0;-22,93842518;-44,03644001;Segura;Sudeste;1 Trimestre
597051;2024.0;n;4.0;2024-04-28;SC;470;57;BLUMENAU;Ingestão de álcool pelo condutor;Sem Vítimas;5;Chuva;Plena Noite;domingo;Colisão lateral sentido oposto;Simples;0;0;-26.880428;-49.136532;Segura;Sul;2 Trimestre
668502;2025.0;n;3.0;2025-03-20;MG;153;128,3;PRATA;Carga excessiva e/ou mal acondicionada;Com Vítimas Feridas;2;Céu Claro;Pleno dia;quinta-feira;Saída de leito carroçável;Dupla;0;0;-19,47512952;-48,86863589;Segura;Sudeste;1 Trimestre
575249;2024.0;n;1.0;2024-01-17;PR;277;124,5;BALSA NOVA;Reação tardia ou ineficiente do condutor;Com Vítimas Feridas;3;Nublado;Pleno dia;quarta-feira;Colisão traseira;Dupla;0;0;-25.467404;-49.594445;Segura;Sul;1 Trimestre
667819;2025.0;n;3.0;2025-03-17;PR;116;125;FAZENDA RIO GRANDE;Manobra de mudança de faixa;Com Vítimas Feridas;2;Nublado;Plena Noite;segunda-feira;Colisão lateral mesmo sentido;Dupla;0;0;-25,6317627;-49,3135288;Segura;Sul;1 Trimestre
577936;2024.0;n;1.0;2024-01-30;MG;262;432,8;NOVA SERRANA;Ausência de reação do condutor;Com Vítimas Feridas;5;Céu Claro;Amanhecer;terça-feira;Colisão traseira;Dupla;0;2;-19.89018451;-44.89041875;Perigosa;Sudeste;1 Trimestre
662938;2025.0;n;2.0;2025-02-22;GO;153;126;ESTRELA DO NORTE;Acessar a via sem observar a presença dos outros veículos;Com Vítimas Feridas;3;Céu Claro;Pleno dia;sábado;Colisão transversal;Simples;0;0;-13,89274421;-49,05807495;Segura;Centro-Oeste;1 Trimestre
610681;2024.0;n;6.0;2024-06-28;MT;163;1110;GUARANTA DO NORTE;Reação tardia ou ineficiente do condutor;Com Vítimas Feridas;5;Céu Claro;Pleno dia;sexta-feira;Capotamento;Simples;0;1;-9.71780888;-54.87808527;Perigosa;Centro-Oeste;2 Trimestre
658854;2025.0;n;2.0;2025-02-02;RN;304;288;MACAIBA;Demais falhas mecânicas ou elétricas;Sem Vítimas;1;Céu Claro;Pleno dia;domingo;Incêndio;Dupla;0;0;-5,86849713;-35,42070796;Segura;Nordeste;1 Trimestre
600130;2024.0;n;5.0;2024-05-12;SC;282;267,4;SAO JOSE DO CERRITO;Velocidade Incompatível;Com Vítimas Feridas;2;Garoa/Chuvisco;Plena Noite;domingo;Colisão traseira;Simples;0;0;-27.62302053;-50.65692902;Segura;Sul;2 Trimestre
656680;2025.0;n;1.0;2025-01-22;GO;60;420;RIO VERDE;Ingestão de substâncias psicoativas pelo condutor;Com Vítimas Feridas;3;Sol;Pleno dia;quarta-feira;Colisão lateral mesmo sentido;Dupla;0;0;-17,82191552;-51,25396729;Segura;Centro-Oeste;1 Trimestre
670850;2025.0;n;4.0;2025-04-01;SP;116;116,5;TAUBATE;Condutor Dormindo;Com Vítimas Feridas;3;Nublado;Plena Noite;terça-feira;Colisão traseira;Dupla;0;1;-23,05376319;-45,6088049;Perigosa;Sudeste;2 Trimestre
673660;2025.0;n;4.0;2025-04-14;GO;60;7;SANTO ANTONIO DO DESCOBERTO;Velocidade Incompatível;Com Vítimas Feridas;4;Chuva;Pleno dia;segunda-feira;Saída de leito carroçável;Dupla;0;2;-16,102875;-48,290407;Perigosa;Centro-Oeste;2 Trimestre
577861;2024.0;n;1.0;2024-01-29;SE;101;115;ITAPORANGA DAJUDA;Manobra de mudança de faixa;Com Vítimas Feridas;2;Céu Claro;Anoitecer;segunda-feira;Colisão lateral mesmo sentido;Dupla;0;1;-11.00451077;-37.30888444;Perigosa;Nordeste;1 Trimestre
654618;2025.0;n;1.0;2025-01-12;SP;116;155;SAO JOSE DOS CAMPOS;Condutor deixou de manter distância do veículo da frente;Com Vítimas Feridas;3;Céu Claro;Pleno dia;domingo;Colisão traseira;Múltipla;0;0;-23,24524337;-45,92772774;Segura;Sudeste;1 Trimestre
658292;2025.0;n;1.0;2025-01-30;RS;158;332;SANTA MARIA;Reação tardia ou ineficiente do condutor;Com Vítimas Feridas;3;Nublado;Anoitecer;quinta-feira;Saída de leito carroçável;Dupla;0;0;-29,70455526;-53,84562677;Segura;Sul;1 Trimestre
575986;2024.0;n;1.0;2024-01-20;SP;116;225;GUARULHOS;Reação tardia ou ineficiente do condutor;Com Vítimas Feridas;2;Nublado;Anoitecer;sábado;Colisão transversal;Múltipla;0;0;-23.48586772;-46.54075317;Segura;Sudeste;1 Trimestre
610160;2024.0;n;6.0;2024-06-26;MG;40;665,9;CARANDAI;Retorno proibido;Com Vítimas Feridas;2;Nevoeiro/Neblina;Pleno dia;quarta-feira;Colisão transversal;Simples;0;0;-20.945919;-43.805375;Segura;Sudeste;2 Trimestre
629922;2024.0;n;9.0;2024-09-22;MT;364;266;JACIARA;Acessar a via sem observar a presença dos outros veículos;Com Vítimas Fatais;5;Céu Claro;Anoitecer;domingo;Colisão traseira;Dupla;1;0;-15.98877292;-54.92641753;Perigosa;Centro-Oeste;3 Trimestre
592383;2024.0;n;4.0;2024-04-07;MT;163;1067;GUARANTA DO NORTE;Ausência de reação do condutor;Com Vítimas Feridas;3;Chuva;Plena Noite;domingo;Colisão transversal;Simples;0;0;-10.06966899;-54.90642513;Segura;Centro-Oeste;2 Trimestre
598018;2024.0;n;5.0;2024-05-03;BA;101;239;CONCEICAO DO ALMEIDA;Reação tardia ou ineficiente do condutor;Com Vítimas Feridas;3;Garoa/Chuvisco;Pleno dia;sexta-feira;Colisão frontal;Simples;0;0;-12.88117996;-39.21999041;Segura;Nordeste;2 Trimestre
685998;2025.0;n;4.0;2025-04-19;PI;135;425,6;REDENCAO DO GURGUEIA;Transitar na contramão;Com Vítimas Fatais;4;Céu Claro;Pleno dia;sábado;Colisão frontal;Simples;1;0;-9,50821;-44,741072;Perigosa;Nordeste;2 Trimestre
585071;2024.0;n;3.0;2024-03-04;SE;101;123;ITAPORANGA DAJUDA;Condutor Dormindo;Com Vítimas Feridas;2;Céu Claro;Plena Noite;segunda-feira;Tombamento;Dupla;0;0;-11.03730971;-37.3646369;Segura;Nordeste;1 Trimestre
598237;2024.0;n;5.0;2024-05-04;RJ;116;210;SEROPEDICA;Acessar a via sem observar a presença dos outros veículos;Com Vítimas Feridas;3;Céu Claro;Pleno dia;sábado;Colisão transversal;Simples;0;0;-22.71981759;-43.69099294;Segura;Sudeste;2 Trimestre
612684;2024.0;n;7.0;2024-07-07;MG;251;489,5;FRANCISCO SA;Ultrapassagem Indevida;Com Vítimas Feridas;4;Céu Claro;Amanhecer;domingo;Colisão frontal;Simples;0;2;-16.52754522;-43.57481395;Perigosa;Sudeste;3 Trimestre
577096;2024.0;n;1.0;2024-01-25;MG;364;32,8;FRUTAL;Acessar a via sem observar a presença dos outros veículos;Com Vítimas Feridas;2;Céu Claro;Plena Noite;quinta-feira;Colisão traseira;Simples;0;1;-20.00318119;-48.94346952;Perigosa;Sudeste;1 Trimestre
578447;2024.0;n;2.0;2024-02-01;MG;40;444,1;PARAOPEBA;Carga excessiva e/ou mal acondicionada;Sem Vítimas;1;Garoa/Chuvisco;Plena Noite;quinta-feira;Tombamento;Dupla;0;0;-19.28815;-44.392;Segura;Sudeste;1 Trimestre
687858;2025.0;n;4.0;2025-04-28;PR;369;405;JURANDA;Avarias e/ou desgaste excessivo no pneu;Com Vítimas Feridas;1;Céu Claro;Pleno dia;segunda-feira;Saída de leito carroçável;Simples;0;0;-24,395718;-52,805729;Segura;Sul;2 Trimestre
626405;2024.0;y;9.0;2024-09-07;MG;40;517;RIBEIRAO DAS NEVES;Demais falhas na via;Sem Vítimas;3;Sol;Pleno dia;sábado;Colisão com objeto;Dupla;0;0;-19.82351202;-44.08438913;Segura;Sudeste;3 Trimestre
655763;2025.0;n;1.0;2025-01-18;SC;101;49;JOINVILLE;Ausência de reação do condutor;Com Vítimas Feridas;3;Nublado;Plena Noite;sábado;Colisão com objeto;Dupla;0;1;-26,36479799;-48,85878798;Perigosa;Sul;1 Trimestre
611436;2024.0;n;7.0;2024-07-02;RS;293;291,2;DOM PEDRITO;Animais na Pista;Sem Vítimas;2;Céu Claro;Pleno dia;terça-feira;Colisão traseira;Simples;0;0;-30.83779911;-55.052104;Segura;Sul;3 Trimestre
653283;2025.0;n;1.0;2025-01-05;MG;381;491;BETIM;Velocidade Incompatível;Com Vítimas Feridas;1;Céu Claro;Plena Noite;domingo;Colisão com objeto;Dupla;0;0;-19,97018187;-44,18210416;Segura;Sudeste;1 Trimestre
586926;2024.0;n;3.0;2024-03-13;ES;262;63,6;MARECHAL FLORIANO;Condutor Dormindo;Com Vítimas Fatais;2;Céu Claro;Pleno dia;quarta-feira;Colisão frontal;Simples;1;0;-20.42077468;-40.80814348;Perigosa;Sudeste;1 Trimestre
673800;2025.0;n;4.0;2025-04-15;RS;116;523,6;PELOTAS;Manobra de mudança de faixa;Sem Vítimas;2;Nublado;Pleno dia;terça-feira;Colisão lateral mesmo sentido;Múltipla;0;0;-31,726645;-52,385613;Segura;Sul;2 Trimestre
620944;2024.0;n;8.0;2024-08-13;PA;316;56;CASTANHAL;Acessar a via sem observar a presença dos outros veículos;Com Vítimas Feridas;3;Céu Claro;Pleno dia;terça-feira;Colisão lateral mesmo sentido;Simples;0;0;-1.30296976;-47.99063907;Segura;Norte;3 Trimestre
629763;2024.0;n;9.0;2024-09-22;RJ;116;130;MAGE;Acessar a via sem observar a presença dos outros veículos;Com Vítimas Fatais;4;Garoa/Chuvisco;Pleno dia;domingo;Colisão lateral mesmo sentido;Dupla;1;0;-22.65949914;-43.11671944;Perigosa;Sudeste;3 Trimestre
626658;2024.0;n;8.0;2024-08-31;RJ;116;147;DUQUE DE CAXIAS;Frear bruscamente;Sem Vítimas;3;Céu Claro;Plena Noite;sábado;Colisão traseira;Dupla;0;0;-22.66978425;-43.27286493;Segura;Sudeste;3 Trimestre
581880;2024.0;n;2.0;2024-02-18;MG;251;370,7;GRAO MOGOL;Velocidade Incompatível;Com Vítimas Feridas;5;Chuva;Pleno dia;domingo;Engavetamento;Simples;0;2;-16.28432002;-42.68795299;Perigosa;Sudeste;1 Trimestre
621296;2024.0;n;8.0;2024-08-15;MG;381;934,3;EXTREMA;Reação tardia ou ineficiente do condutor;Com Vítimas Feridas;2;Céu Claro;Plena Noite;quinta-feira;Saída de leito carroçável;Dupla;0;0;-22.80509925;-46.25982925;Segura;Sudeste;3 Trimestre
659386;2025.0;n;2.0;2025-02-05;GO;60;43,8;ALEXANIA;Reação tardia ou ineficiente do condutor;Com Vítimas Fatais;2;Nublado;Pleno dia;quarta-feira;Saída de leito carroçável;Dupla;1;0;-16,1164;-48,5892;Perigosa;Centro-Oeste;1 Trimestre
687904;2025.0;n;4.0;2025-04-28;RN;304;192;LAJES;Reação tardia ou ineficiente do condutor;Sem Vítimas;4;Céu Claro;Pleno dia;segunda-feira;Colisão com objeto;Simples;0;0;-5,705187;-36,247303;Segura;Nordeste;2 Trimestre
603159;2024.0;n;5.0;2024-05-26;MG;267;60;BICAS;Pista Escorregadia;Com Vítimas Feridas;3;Chuva;Pleno dia;domingo;Colisão frontal;Simples;0;0;-21.72932823;-43.05146694;Segura;Sudeste;2 Trimestre
653525;2025.0;n;1.0;2025-01-06;GO;60;360;RIO VERDE;Acumulo de água sobre o pavimento;Com Vítimas Feridas;1;Chuva;Pleno dia;segunda-feira;Saída de leito carroçável;Dupla;0;0;-17,6276;-50,7675;Segura;Centro-Oeste;1 Trimestre
610666;2024.0;n;6.0;2024-06-28;RS;285;279;MATO CASTELHANO;Reação tardia ou ineficiente do condutor;Com Vítimas Feridas;3;Céu Claro;Plena Noite;sexta-feira;Colisão frontal;Simples;0;1;-28.256037;-52.244984;Perigosa;Sul;2 Trimestre
652633;2025.0;y;1.0;2025-01-01;MG;40;631,2;CONSELHEIRO LAFAIETE;Ausência de reação do condutor;Sem Vítimas;2;Céu Claro;Pleno dia;quarta-feira;Colisão lateral sentido oposto;Simples;0;0;-20,66692199;-43,80314095;Segura;Sudeste;1 Trimestre
611267;2024.0;n;7.0;2024-07-01;SC;101;138,3;BALNEARIO CAMBORIU;Ausência de reação do condutor;Com Vítimas Feridas;3;Nublado;Pleno dia;segunda-feira;Colisão lateral mesmo sentido;Dupla;0;1;-27.02397426;-48.60761649;Perigosa;Sul;3 Trimestre
613935;2024.0;n;7.0;2024-07-12;ES;101;200,7;JOAO NEIVA;Transitar na contramão;Com Vítimas Feridas;3;Céu Claro;Pleno dia;sexta-feira;Colisão frontal;Simples;0;0;-19.72573895;-40.35645808;Segura;Sudeste;3 Trimestre
622710;2024.0;n;8.0;2024-08-21;SC;282;535;CHAPECO;Desrespeitar a preferência no cruzamento;Com Vítimas Feridas;3;Céu Claro;Pleno dia;quarta-feira;Colisão lateral mesmo sentido;Dupla;0;0;-26.99949985;-52.64598012;Segura;Sul;3 Trimestre
596392;2024.0;n;4.0;2024-04-26;RJ;101;280;TANGUA;Reação tardia ou ineficiente do condutor;Sem Vítimas;1;Céu Claro;Plena Noite;sexta-feira;Saída de leito carroçável;Dupla;0;0;-22.73840017;-42.77718501;Segura;Sudeste;2 Trimestre
673187;2025.0;n;4.0;2025-04-12;MG;381;351;JOAO MONLEVADE;Velocidade Incompatível;Com Vítimas Feridas;2;Céu Claro;Pleno dia;sábado;Colisão lateral sentido oposto;Simples;0;0;-19,86310382;-43,12481403;Segura;Sudeste;2 Trimestre
609703;2024.0;n;6.0;2024-06-24;SC;280;26;ARAQUARI;Pista Escorregadia;Sem Vítimas;3;Chuva;Pleno dia;segunda-feira;Colisão lateral mesmo sentido;Simples;0;0;-26.38972308;-48.73411593;Segura;Sul;2 Trimestre
628344;2024.0;n;9.0;2024-09-15;TO;153;123,3;WANDERLANDIA;Ultrapassagem Indevida;Com Vítimas Fatais;5;Céu Claro;Plena Noite;domingo;Colisão frontal;Simples;1;1;-7.07030955;-48.12173029;Perigosa;Norte;3 Trimestre
582915;2024.0;n;2.0;2024-02-24;MG;153;110,8;PRATA;Ausência de reação do condutor;Com Vítimas Fatais;2;Nublado;Plena Noite;sábado;Colisão frontal;Simples;1;0;-19.31459402;-48.90674734;Perigosa;Sudeste;1 Trimestre
580497;2024.0;n;2.0;2024-02-11;RJ;393;236;VASSOURAS;Reação tardia ou ineficiente do condutor;Com Vítimas Feridas;3;Sol;Pleno dia;domingo;Colisão lateral sentido oposto;Simples;0;1;-22.38996804;-43.64928296;Perigosa;Sudeste;1 Trimestre
586086;2024.0;n;3.0;2024-03-09;RS;392;265,4;CACAPAVA DO SUL;Reação tardia ou ineficiente do condutor;Com Vítimas Fatais;1;Garoa/Chuvisco;Pleno dia;sábado;Saída de leito carroçável;Simples;1;0;-30.430232;-53.499739;Perigosa;Sul;1 Trimestre
605649;2024.0;n;6.0;2024-06-07;SP;116;24;LAVRINHAS;Reação tardia ou ineficiente do condutor;Com Vítimas Feridas;1;Nevoeiro/Neblina;Plena Noite;sexta-feira;Capotamento;Dupla;0;0;-22.59895814;-44.88797962;Segura;Sudeste;2 Trimestre
591724;2024.0;n;4.0;2024-04-04;BA;116;3,7;FEIRA DE SANTANA;Ingestão de álcool pelo condutor;Sem Vítimas;5;Céu Claro;Pleno dia;quinta-feira;Colisão transversal;Dupla;0;0;-12.2863893;-38.963333;Segura;Nordeste;2 Trimestre
665687;2025.0;n;3.0;2025-03-06;PR;153;482;GENERAL CARNEIRO;Reação tardia ou ineficiente do condutor;Com Vítimas Feridas;2;Céu Claro;Pleno dia;quinta-feira;Tombamento;Simples;0;1;-26,377618;-51,2611674;Perigosa;Sul;1 Trimestre
657625;2025.0;n;1.0;2025-01-27;PE;101;54,4;PAULISTA;Velocidade Incompatível;Com Vítimas Feridas;3;Nublado;Pleno dia;segunda-feira;Tombamento;Múltipla;0;0;-7,94575087;-34,90439057;Segura;Nordeste;1 Trimestre
653357;2025.0;n;1.0;2025-01-05;SC;101;61,9;ARAQUARI;Reação tardia ou ineficiente do condutor;Com Vítimas Feridas;1;Céu Claro;Pleno dia;domingo;Tombamento;Dupla;0;0;-26,45474174;-48,77699195;Segura;Sul;1 Trimestre
574275;2024.0;n;1.0;2024-01-12;SC;470;245,1;CURITIBANOS;Manobra de mudança de faixa;Com Vítimas Feridas;3;Nublado;Pleno dia;sexta-feira;Colisão lateral mesmo sentido;Simples;0;0;-27.31507593;-50.53261757;Segura;Sul;1 Trimestre
655370;2025.0;n;1.0;2025-01-16;ES;101;128,1;SOORETAMA;Reação tardia ou ineficiente do condutor;Com Vítimas Feridas;8;Céu Claro;Pleno dia;quinta-feira;Colisão lateral sentido oposto;Simples;0;0;-19,21191395;-40,09457556;Segura;Sudeste;1 Trimestre
669057;2025.0;n;3.0;2025-03-23;GO;153;542;HIDROLANDIA;Velocidade Incompatível;Com Vítimas Feridas;3;Chuva;Pleno dia;domingo;Saída de leito carroçável;Dupla;0;1;-17,069628;-49,223948;Perigosa;Centro-Oeste;1 Trimestre
576483;2024.0;n;1.0;2024-01-22;BA;110;321;ALAGOINHAS;Velocidade Incompatível;Com Vítimas Feridas;2;Céu Claro;Pleno dia;segunda-feira;Capotamento;Simples;0;1;-12.07521394;-38.34597792;Perigosa;Nordeste;1 Trimestre
665743;2025.0;n;2.0;2025-02-07;RJ;101;208;CASIMIRO DE ABREU;Ultrapassagem Indevida;Com Vítimas Feridas;5;Céu Claro;Pleno dia;sexta-feira;Colisão transversal;Simples;0;1;-22,4806698;-42,22017209;Perigosa;Sudeste;1 Trimestre
665298;2025.0;n;3.0;2025-03-05;RS;392;71,3;PELOTAS;Carga excessiva e/ou mal acondicionada;Sem Vítimas;1;Céu Claro;Pleno dia;quarta-feira;Derramamento de carga;Dupla;0;0;-31,72545186;-52,38499582;Segura;Sul;1 Trimestre
611587;2024.0;n;7.0;2024-07-02;MS;60;420;SIDROLANDIA;Acessar a via sem observar a presença dos outros veículos;Com Vítimas Fatais;3;Céu Claro;Plena Noite;terça-feira;Colisão transversal;Simples;1;0;-20.90053615;-54.92368799;Perigosa;Centro-Oeste;3 Trimestre
602550;2024.0;n;5.0;2024-05-23;BA;101;52;ENTRE RIOS;Problema com o freio;Sem Vítimas;2;Céu Claro;Plena Noite;quinta-feira;Incêndio;Dupla;0;0;-11.93112898;-38.05102605;Segura;Nordeste;2 Trimestre
653135;2025.0;n;1.0;2025-01-04;BA;235;352;JUAZEIRO;Frear bruscamente;Com Vítimas Feridas;3;Sol;Pleno dia;sábado;Engavetamento;Simples;0;0;-9,4077522;-40,50490917;Segura;Nordeste;1 Trimestre
671132;2025.0;n;4.0;2025-04-02;DF;70;7;BRASILIA;Acessar a via sem observar a presença dos outros veículos;Com Vítimas Feridas;2;Céu Claro;Pleno dia;quarta-feira;Colisão transversal;Dupla;0;0;-15,7918882;-48,1096644;Segura;Centro-Oeste;2 Trimestre
664487;2025.0;n;3.0;2025-03-01;MG;381;295;ANTONIO DIAS;Acumulo de areia ou detritos sobre o pavimento;Com Vítimas Feridas;4;Céu Claro;Pleno dia;sábado;Tombamento;Dupla;0;2;-19,64005128;-42,82147765;Perigosa;Sudeste;1 Trimestre
623801;2024.0;n;7.0;2024-07-17;ES;259;61,4;COLATINA;Objeto estático sobre o leito carroçável;Com Vítimas Fatais;4;Nevoeiro/Neblina;Amanhecer;quarta-feira;Colisão com objeto;Simples;1;0;-19.53079717;-40.68209478;Perigosa;Sudeste;3 Trimestre
603980;2024.0;n;5.0;2024-05-30;SE;101;102;SAO CRISTOVAO;Reação tardia ou ineficiente do condutor;Sem Vítimas;1;Chuva;Pleno dia;quinta-feira;Saída de leito carroçável;Dupla;0;0;-10.94880037;-37.21099182;Segura;Nordeste;2 Trimestre
628648;2024.0;n;9.0;2024-09-17;SE;235;22;LARANJEIRAS;Acostamento em desnível;Sem Vítimas;1;Céu Claro;Plena Noite;terça-feira;Capotamento;Simples;0;0;-10.823149;-37.235428;Segura;Nordeste;3 Trimestre
681981;2025.0;n;4.0;2025-04-16;PI;343;624,9;FLORIANO;Transitar na contramão;Com Vítimas Feridas;3;Sol;Pleno dia;quarta-feira;Colisão lateral sentido oposto;Simples;0;0;-6,967435;-43,243847;Segura;Nordeste;2 Trimestre
615156;2024.0;n;7.0;2024-07-18;MG;40;517;RIBEIRAO DAS NEVES;Trafegar com motocicleta (ou similar) entre as faixas;Com Vítimas Feridas;3;Céu Claro;Amanhecer;quinta-feira;Colisão lateral mesmo sentido;Dupla;0;0;-19.82351202;-44.08438913;Segura;Sudeste;3 Trimestre
620643;2024.0;n;8.0;2024-08-11;SP;116;443,5;REGISTRO;Ingestão de álcool pelo condutor;Com Vítimas Feridas;2;Céu Claro;Plena Noite;domingo;Colisão traseira;Dupla;0;0;-24.48336513;-47.8324358;Segura;Sudeste;3 Trimestre
627935;2024.0;n;9.0;2024-09-13;PR;476;311;PAULO FRONTIN;Problema com o freio;Com Vítimas Feridas;2;Céu Claro;Plena Noite;sexta-feira;Colisão transversal;Simples;0;1;-26.022373;-50.661972;Perigosa;Sul;3 Trimestre
653045;2025.0;n;1.0;2025-01-03;PR;369;192,2;ARAPONGAS;Ingestão de álcool pelo condutor;Com Vítimas Feridas;2;Céu Claro;Plena Noite;sexta-feira;Colisão transversal;Dupla;0;0;-23,46928902;-51,42357945;Segura;Sul;1 Trimestre
572657;2024.0;n;1.0;2024-01-04;GO;20;138;FLORES DE GOIAS;Manobra de mudança de faixa;Com Vítimas Fatais;2;Chuva;Plena Noite;quinta-feira;Colisão frontal;Simples;1;0;-14.786891;-46.694374;Perigosa;Centro-Oeste;1 Trimestre
672338;2025.0;n;4.0;2025-04-08;GO;50;278,6;CATALAO;Condutor deixou de manter distância do veículo da frente;Com Vítimas Feridas;4;Céu Claro;Pleno dia;terça-feira;Colisão transversal;Simples;0;0;-18,17222491;-47,92551756;Segura;Centro-Oeste;2 Trimestre
616466;2024.0;n;7.0;2024-07-23;SC;280;45,1;GUARAMIRIM;Transitar na contramão;Com Vítimas Feridas;4;Céu Claro;Plena Noite;terça-feira;Colisão transversal;Dupla;0;0;-26.45236168;-48.89788602;Segura;Sul;3 Trimestre
627118;2024.0;n;9.0;2024-09-10;CE;116;141,2;RUSSAS;Transitar na contramão;Com Vítimas Fatais;3;Céu Claro;Pleno dia;terça-feira;Colisão transversal;Simples;1;0;-4.7660178;-38.05603378;Perigosa;Nordeste;3 Trimestre
624613;2024.0;n;8.0;2024-08-30;MS;262;345;CAMPO GRANDE;Acessar a via sem observar a presença dos outros veículos;Com Vítimas Feridas;2;Céu Claro;Anoitecer;sexta-feira;Colisão transversal;Simples;0;1;-20.57984596;-54.5925049;Perigosa;Centro-Oeste;3 Trimestre
668750;2025.0;n;3.0;2025-03-22;GO;50;266;CATALAO;Velocidade Incompatível;Com Vítimas Feridas;3;Chuva;Plena Noite;sábado;Tombamento;Dupla;0;1;-18,07433783;-47,86509275;Perigosa;Centro-Oeste;1 Trimestre
630403;2024.0;n;9.0;2024-09-25;MG;40;749,1;SANTOS DUMONT;Velocidade Incompatível;Com Vítimas Feridas;2;Céu Claro;Pleno dia;quarta-feira;Tombamento;Simples;0;0;-21.48374091;-43.53690863;Segura;Sudeste;3 Trimestre
573083;2024.0;n;1.0;2024-01-07;MA;10;316;ACAILANDIA;Ingestão de álcool pelo condutor;Sem Vítimas;5;Céu Claro;Plena Noite;domingo;Colisão lateral sentido oposto;Simples;0;0;-4.982702;-47.522224;Segura;Nordeste;1 Trimestre
653304;2025.0;n;1.0;2025-01-05;SP;101;40;UBATUBA;Ausência de reação do condutor;Sem Vítimas;2;Céu Claro;Pleno dia;domingo;Colisão traseira;Simples;0;0;-23,41495528;-45,03516778;Segura;Sudeste;1 Trimestre
665642;2025.0;n;3.0;2025-03-07;SC;101;193,9;BIGUACU;Reação tardia ou ineficiente do condutor;Com Vítimas Feridas;5;Céu Claro;Pleno dia;sexta-feira;Colisão traseira;Dupla;0;0;-27,4983;-48,6568;Segura;Sul;1 Trimestre
614743;2024.0;n;7.0;2024-07-16;RN;101;127;SAO JOSE DE MIPIBU;Animais na Pista;Sem Vítimas;1;Céu Claro;Plena Noite;terça-feira;Atropelamento de Animal;Dupla;0;0;-6.09531301;-35.23432044;Segura;Nordeste;3 Trimestre
681980;2025.0;n;4.0;2025-04-16;CE;222;223,1;SOBRAL;Ingestão de álcool pelo condutor;Sem Vítimas;4;Céu Claro;Plena Noite;quarta-feira;Tombamento;Simples;0;0;-3,712479;-40,342983;Segura;Nordeste;2 Trimestre
591698;2024.0;n;4.0;2024-04-04;PR;476;242;LAPA;Reação tardia ou ineficiente do condutor;Com Vítimas Feridas;4;Nevoeiro/Neblina;Amanhecer;quinta-feira;Colisão frontal;Simples;0;2;-25.858768;-50.08609;Perigosa;Sul;2 Trimestre
581538;2024.0;n;2.0;2024-02-16;SP;381;33;ATIBAIA;Condutor deixou de manter distância do veículo da frente;Com Vítimas Feridas;2;Céu Claro;Anoitecer;sexta-feira;Colisão lateral mesmo sentido;Dupla;0;0;-23.0728028;-46.56673562;Segura;Sudeste;1 Trimestre