id;ano;feriado;mes;data_inversa;uf;br;km;municipio;causa_acidente;classificacao_acidente;veiculos;condicao_metereologica;fase_dia;dia_semana;tipo_acidente;tipo_pista;mortos;feridos_graves;latitude;longitude;status;regiao;periodo
606871;2024.0;n;6.0;2024-06-12;PI;402;42,5;LUIS CORREIA;Velocidade Incompatível;Com Vítimas Feridas;2;Nublado;Plena Noite;quarta-feira;Tombamento;Simples;0;0;-3.00095249;-41.70367956;Segura;Nordeste;2 Trimestre
580633;2024.0;n;2.0;2024-02-11;SC;282;49;VARGEM BONITA;Reação tardia ou ineficiente do condutor;Sem Vítimas;2;Céu Claro;Pleno dia;domingo;Colisão com objeto;Simples;0;0;-26.911786;-51.787604;Segura;Sul;1 Trimestre
593264;2024.0;n;4.0;2024-04-11;PR;376;490;PONTA GROSSA;Reação tardia ou ineficiente do condutor;Com Vítimas Feridas;6;Nublado;Pleno dia;quinta-feira;Colisão traseira;Dupla;0;0;-25.10335711;-50.19644201;Segura;Sul;2 Trimestre
660752;2025.0;n;2.0;2025-02-11;RJ;101;164;MACAE;Condutor deixou de manter distância do veículo da frente;Com Vítimas Feridas;5;Céu Claro;Pleno dia;terça-feira;Colisão traseira;Simples;0;0;-22,31511508;-41,89679192;Segura;Sudeste;1 Trimestre
668880;2025.0;n;3.0;2025-03-22;SE;101;72,7;MARUIM;Animais na Pista;Com Vítimas Feridas;3;Céu Claro;Plena Noite;sábado;Atropelamento de Animal;Dupla;0;2;-10,75270339;-37,10048678;Perigosa;Nordeste;1 Trimestre
610683;2024.0;n;6.0;2024-06-28;AM;174;884,5;MANAUS;Ultrapassagem Indevida;Sem Vítimas;3;Céu Claro;Plena Noite;sexta-feira;Colisão frontal;Simples;0;0;-2.970491;-60.016605;Segura;Norte;2 Trimestre
653335;2025.0;n;1.0;2025-01-05;PR;376;512;PONTA GROSSA;Ausência de reação do condutor;Com Vítimas Feridas;1;Céu Claro;Pleno dia;domingo;Saída de leito carroçável;Dupla;0;1;-25,25986852;-49,98092888;Perigosa;Sul;1 Trimestre
587118;2024.0;n;3.0;2024-03-14;MG;381;481;CONTAGEM;Manobra de mudança de faixa;Sem Vítimas;3;Céu Claro;Amanhecer;quinta-feira;Colisão lateral mesmo sentido;Dupla;0;0;-19.95931561;-44.08825597;Segura;Sudeste;1 Trimestre
625897;2024.0;n;7.0;2024-07-31;PR;277;578;CASCAVEL;Acessar a via sem observar a presença dos outros veículos;Com Vítimas Feridas;3;Sol;Pleno dia;quarta-feira;Colisão lateral mesmo sentido;Dupla;0;0;-24.98385591;-53.34955899;Segura;Sul;3 Trimestre
581937;2024.0;n;2.0;2024-02-18;GO;50;210,3;CAMPO ALEGRE DE GOIAS;Ingestão de álcool pelo condutor;Sem Vítimas;3;Chuva;Plena Noite;domingo;Colisão lateral mesmo sentido;Dupla;0;0;-17.647;-47.757;Segura;Centro-Oeste;1 Trimestre
576908;2024.0;n;1.0;2024-01-24;MG;251;492;FRANCISCO SA;Velocidade Incompatível;Com Vítimas Feridas;2;Chuva;Plena Noite;quarta-feira;Saída de leito carroçável;Simples;0;1;-16.54433804;-43.59543496;Perigosa;Sudeste;1 Trimestre
653052;2025.0;n;1.0;2025-01-03;MG;116;802,8;ALEM PARAIBA;Ingestão de álcool pelo condutor;Com Vítimas Feridas;3;Chuva;Plena Noite;sexta-feira;Colisão lateral sentido oposto;Simples;0;0;-21,77810174;-42,72568662;Segura;Sudeste;1 Trimestre
608605;2024.0;n;6.0;2024-06-19;MG;116;25;CACHOEIRA DE PAJEU;Desrespeitar a preferência no cruzamento;Com Vítimas Feridas;2;Céu Claro;Pleno dia;quarta-feira;Colisão transversal;Múltipla;0;0;-15.87144601;-41.43021999;Segura;Sudeste;2 Trimestre
592087;2024.0;n;4.0;2024-04-05;PA;163;460;ITAITUBA;Transitar na contramão;Com Vítimas Fatais;6;Garoa/Chuvisco;Plena Noite;sexta-feira;Colisão lateral sentido oposto;Simples;2;3;-5.82357457;-55.72387934;Perigosa;Norte;2 Trimestre
688164;2025.0;n;4.0;2025-04-30;PR;373;246;GUAMIRANGA;Demais falhas mecânicas ou elétricas;Sem Vítimas;2;Nublado;Plena Noite;quarta-feira;Incêndio;Simples;0;0;-25,191;-50,819;Segura;Sul;2 Trimestre
613895;2024.0;n;7.0;2024-07-12;CE;20;401,7;CAUCAIA;Condutor deixou de manter distância do veículo da frente;Com Vítimas Feridas;3;Sol;Pleno dia;sexta-feira;Colisão traseira;Simples;0;1;-3.79347474;-38.70838217;Perigosa;Nordeste;3 Trimestre
653485;2025.0;n;1.0;2025-01-06;BA;101;273;LAJE;Ausência de reação do condutor;Sem Vítimas;3;Céu Claro;Pleno dia;segunda-feira;Engavetamento;Simples;0;0;-13,173819;-39,317437;Segura;Nordeste;1 Trimestre
653486;2025.0;n;1.0;2025-01-06;PE;104;76,9;CARUARU;Condutor deixou de manter distância do veículo da frente;Sem Vítimas;2;Céu Claro;Pleno dia;segunda-feira;Colisão traseira;Simples;0;0;-8,367286;-35,985153;Segura;Nordeste;1 Trimestre
686858;2025.0;n;4.0;2025-04-23;PE;101;69;RECIFE;Acessar a via sem observar a presença dos outros veículos;Sem Vítimas;3;Céu Claro;Pleno dia;quarta-feira;Colisão transversal;Múltipla;0;0;-8,06237399;-34,94508505;Segura;Nordeste;2 Trimestre
667339;2025.0;n;3.0;2025-03-15;PB;101;123;CAAPORA;Ausência de reação do condutor;Com Vítimas Feridas;2;Chuva;Pleno dia;sábado;Saída de leito carroçável;Dupla;0;0;-7,45832041;-34,98076262;Segura;Nordeste;1 Trimestre
671111;2025.0;n;3.0;2025-03-17;RJ;116;231;PIRAI;Ausência de reação do condutor;Com Vítimas Feridas;4;Nevoeiro/Neblina;Plena Noite;segunda-feira;Colisão traseira;Dupla;0;0;-22,6685;-43,8284;Segura;Sudeste;1 Trimestre
579253;2024.0;n;2.0;2024-02-05;RJ;40;75;PETROPOLIS;Chuva;Com Vítimas Feridas;1;Garoa/Chuvisco;Pleno dia;segunda-feira;Colisão com objeto;Simples;0;0;-22.46857126;-43.22958698;Segura;Sudeste;1 Trimestre
585759;2024.0;n;3.0;2024-03-08;PR;376;176,8;MARINGA;Reação tardia ou ineficiente do condutor;Com Vítimas Feridas;5;Céu Claro;Plena Noite;sexta-feira;Colisão traseira;Dupla;0;1;-23.41269173;-51.93158327;Perigosa;Sul;1 Trimestre
589674;2024.0;n;3.0;2024-03-25;PB;230;286;SANTA LUZIA;Acessar a via sem observar a presença dos outros veículos;Sem Vítimas;7;Céu Claro;Pleno dia;segunda-feira;Colisão transversal;Simples;0;0;-6.8978;-36.8794;Segura;Nordeste;1 Trimestre
614962;2024.0;n;7.0;2024-07-17;SC;101;203,5;SAO JOSE;Manobra de mudança de faixa;Com Vítimas Feridas;2;Nevoeiro/Neblina;Pleno dia;quarta-feira;Colisão lateral mesmo sentido;Dupla;0;1;-27.5650044;-48.61460082;Perigosa;Sul;3 Trimestre
629286;2024.0;n;9.0;2024-09-20;SP;116;217;GUARULHOS;Ausência de reação do condutor;Com Vítimas Feridas;2;Céu Claro;Pleno dia;sexta-feira;Colisão lateral mesmo sentido;Múltipla;0;1;-23.45423824;-46.47119028;Perigosa;Sudeste;3 Trimestre
576790;2024.0;n;1.0;2024-01-24;PE;101;55;PAULISTA;Trafegar com motocicleta (ou similar) entre as faixas;Com Vítimas Fatais;3;Céu Claro;Pleno dia;quarta-feira;Colisão lateral mesmo sentido;Dupla;1;0;-7.94806621;-34.9062148;Perigosa;Nordeste;1 Trimestre
629889;2024.0;n;9.0;2024-09-22;PE;232;347;CUSTODIA;Demais falhas mecânicas ou elétricas;Sem Vítimas;1;Céu Claro;Pleno dia;domingo;Incêndio;Simples;0;0;-8.09192808;-37.76451701;Segura;Nordeste;3 Trimestre
606505;2024.0;n;5.0;2024-05-23;SC;470;1;NAVEGANTES;Reação tardia ou ineficiente do condutor;Com Vítimas Feridas;3;Céu Claro;Plena Noite;quinta-feira;Colisão traseira;Dupla;0;0;-26.875383;-48.668285;Segura;Sul;2 Trimestre
581011;2024.0;n;2.0;2024-02-13;MA;10;187,7;RIBAMAR FIQUENE;Acesso irregular;Com Vítimas Feridas;4;Céu Claro;Plena Noite;terça-feira;Colisão frontal;Simples;0;1;-6.089414;-47.381809;Perigosa;Nordeste;1 Trimestre
627577;2024.0;n;9.0;2024-09-12;MT;70;572,6;NOSSA SENHORA DO LIVRAMENTO;Avarias e/ou desgaste excessivo no pneu;Com Vítimas Feridas;1;Céu Claro;Pleno dia;quinta-feira;Saída de leito carroçável;Simples;0;2;-15.72315534;-56.50079901;Perigosa;Centro-Oeste;3 Trimestre
587416;2024.0;n;3.0;2024-03-15;GO;50;99;CRISTALINA;Curva acentuada;Sem Vítimas;1;Céu Claro;Pleno dia;sexta-feira;Capotamento;Dupla;0;0;-16.77528793;-47.62444496;Segura;Centro-Oeste;1 Trimestre
578555;2024.0;n;2.0;2024-02-02;MS;463;106,5;PONTA PORA;Acesso irregular;Com Vítimas Feridas;2;Céu Claro;Pleno dia;sexta-feira;Colisão frontal;Simples;0;1;-22.59656312;-55.66536809;Perigosa;Centro-Oeste;1 Trimestre
599464;2024.0;n;5.0;2024-05-10;SP;116;213;GUARULHOS;Demais falhas mecânicas ou elétricas;Com Vítimas Feridas;1;Céu Claro;Pleno dia;sexta-feira;Colisão com objeto;Múltipla;0;0;-23.43971486;-46.43667806;Segura;Sudeste;2 Trimestre
586775;2024.0;n;3.0;2024-03-12;MG;262;382,9;MATEUS LEME;Velocidade Incompatível;Com Vítimas Fatais;2;Sol;Pleno dia;terça-feira;Tombamento;Dupla;1;0;-19.93692293;-44.43102837;Perigosa;Sudeste;1 Trimestre
625594;2024.0;n;9.0;2024-09-03;MG;116;135;PONTO DOS VOLANTES;Ausência de reação do condutor;Com Vítimas Feridas;3;Céu Claro;Plena Noite;terça-feira;Colisão lateral sentido oposto;Simples;0;0;-16.73816036;-41.50644422;Segura;Sudeste;3 Trimestre
593515;2024.0;n;4.0;2024-04-12;RO;364;701;PORTO VELHO;Reação tardia ou ineficiente do condutor;Sem Vítimas;3;Céu Claro;Pleno dia;sexta-feira;Colisão traseira;Dupla;0;0;-8.80049198;-63.777876;Segura;Norte;2 Trimestre
586954;2024.0;n;3.0;2024-03-13;BA;110;203;CIPO;Acesso irregular;Sem Vítimas;1;Céu Claro;Amanhecer;quarta-feira;Colisão com objeto;Simples;0;0;-11.1335009;-38.51534268;Segura;Nordeste;1 Trimestre
571838;2024.0;y;1.0;2024-01-01;MT;364;240;RONDONOPOLIS;Condutor deixou de manter distância do veículo da frente;Sem Vítimas;3;Céu Claro;Pleno dia;segunda-feira;Colisão traseira;Dupla;0;0;-16.17914141;-54.78905337;Segura;Centro-Oeste;1 Trimestre
622318;2024.0;n;8.0;2024-08-19;RJ;101;57;CAMPOS DOS GOYTACAZES;Condutor deixou de manter distância do veículo da frente;Com Vítimas Feridas;4;Céu Claro;Pleno dia;segunda-feira;Colisão traseira;Simples;0;0;-21.69602101;-41.31017467;Segura;Sudeste;3 Trimestre
575638;2024.0;n;1.0;2024-01-19;MA;10;316;ACAILANDIA;Ausência de reação do condutor;Com Vítimas Fatais;1;Céu Claro;Amanhecer;sexta-feira;Saída de leito carroçável;Simples;1;0;-4.982702;-47.522224;Perigosa;Nordeste;1 Trimestre
604216;2024.0;n;5.0;2024-05-31;SC;101;210;SAO JOSE;Problema com o freio;Com Vítimas Feridas;4;Céu Claro;Pleno dia;sexta-feira;Engavetamento;Múltipla;0;0;-27.6167305;-48.6457265;Segura;Sul;2 Trimestre
654119;2025.0;n;1.0;2025-01-09;MG;40;815,3;SIMAO PEREIRA;Curva acentuada;Com Vítimas Feridas;1;Nublado;Plena Noite;quinta-feira;Tombamento;Dupla;0;0;-21,91933565;-43,32317233;Segura;Sudeste;1 Trimestre
658742;2025.0;n;2.0;2025-02-02;MA;135;31;BACABEIRA;Condutor deixou de manter distância do veículo da frente;Com Vítimas Feridas;2;Nublado;Plena Noite;domingo;Colisão traseira;Dupla;0;0;-2,81307801;-44,37432281;Segura;Nordeste;1 Trimestre
603801;2024.0;n;5.0;2024-05-29;MT;70;190;GENERAL CARNEIRO;Ausência de reação do condutor;Com Vítimas Feridas;4;Céu Claro;Pleno dia;quarta-feira;Colisão lateral sentido oposto;Simples;0;0;-15.71552402;-53.659403;Segura;Centro-Oeste;2 Trimestre
687983;2025.0;n;4.0;2025-04-29;PE;232;145;SAO CAITANO;Manobra de mudança de faixa;Sem Vítimas;2;Céu Claro;Pleno dia;terça-feira;Colisão lateral mesmo sentido;Dupla;0;0;-8,329252;-36,121378;Segura;Nordeste;2 Trimestre
589021;2024.0;n;3.0;2024-03-22;GO;153;575;PIRACANJUBA;Velocidade Incompatível;Com Vítimas Feridas;1;Céu Claro;Pleno dia;sexta-feira;Saída de leito carroçável;Dupla;0;1;-17.3442;-49.2472;Perigosa;Centro-Oeste;1 Trimestre
687872;2025.0;n;4.0;2025-04-28;PR;476;164,9;ARAUCARIA;Ingestão de álcool pelo condutor;Com Vítimas Fatais;4;Céu Claro;Pleno dia;segunda-feira;Colisão lateral sentido oposto;Simples;1;2;-25,64440015;-49,47335052;Perigosa;Sul;2 Trimestre
629490;2024.0;n;9.0;2024-09-20;RN;304;90;ACU;Ausência de reação do condutor;Com Vítimas Feridas;4;Céu Claro;Plena Noite;sexta-feira;Colisão traseira;Simples;0;1;-5.52957895;-37.10084897;Perigosa;Nordeste;3 Trimestre
614822;2024.0;n;7.0;2024-07-16;MA;10;241;DAVINOPOLIS;Condutor deixou de manter distância do veículo da frente;Com Vítimas Fatais;3;Céu Claro;Pleno dia;terça-feira;Colisão traseira;Simples;1;0;-5.618424;-47.413895;Perigosa;Nordeste;3 Trimestre
613858;2024.0;n;7.0;2024-07-12;ES;262;32,2;DOMINGOS MARTINS;Ausência de reação do condutor;Com Vítimas Feridas;2;Céu Claro;Pleno dia;sexta-feira;Colisão traseira;Dupla;0;1;-20.37885575;-40.577728;Perigosa;Sudeste;3 Trimestre
660823;2025.0;n;2.0;2025-02-11;PR;277;121;CAMPO LARGO;Ingestão de álcool pelo condutor;Sem Vítimas;3;Garoa/Chuvisco;Plena Noite;terça-feira;Colisão lateral mesmo sentido;Dupla;0;0;-25,446;-49,495;Segura;Sul;1 Trimestre
616590;2024.0;n;7.0;2024-07-24;SC;101;113;ITAJAI;Ausência de reação do condutor;Com Vítimas Feridas;2;Céu Claro;Pleno dia;quarta-feira;Colisão traseira;Dupla;0;0;-26.85311393;-48.72689927;Segura;Sul;3 Trimestre
592927;2024.0;n;4.0;2024-04-06;SC;470;176;POUSO REDONDO;Ausência de reação do condutor;Com Vítimas Feridas;3;Céu Claro;Plena Noite;sábado;Colisão transversal;Dupla;0;0;-27.254238;-49.948658;Segura;Sul;2 Trimestre
599275;2024.0;n;5.0;2024-05-09;RO;364;363,8;OURO PRETO DO OESTE;Transitar na contramão;Com Vítimas Fatais;3;Sol;Pleno dia;quinta-feira;Colisão frontal;Simples;2;0;-10.774619;-62.087294;Perigosa;Norte;2 Trimestre
601146;2024.0;n;5.0;2024-05-17;PE;232;8,5;JABOATAO DOS GUARARAPES;Manobra de mudança de faixa;Com Vítimas Feridas;2;Chuva;Anoitecer;sexta-feira;Colisão lateral mesmo sentido;Múltipla;0;1;-8.07583727;-34.97015791;Perigosa;Nordeste;2 Trimestre
670608;2025.0;n;3.0;2025-03-06;SP;116;294,5;ITAPECERICA DA SERRA;Reação tardia ou ineficiente do condutor;Com Vítimas Feridas;3;Céu Claro;Pleno dia;quinta-feira;Tombamento;Dupla;0;0;-23,75531587;-46,90219581;Segura;Sudeste;1 Trimestre
587205;2024.0;n;3.0;2024-03-14;MA;135;245;PERITORO;Reação tardia ou ineficiente do condutor;Com Vítimas Fatais;8;Nublado;Pleno dia;quinta-feira;Colisão lateral sentido oposto;Simples;1;0;-4.53022605;-44.35168229;Perigosa;Nordeste;1 Trimestre
653033;2025.0;n;1.0;2025-01-03;SC;101;144;ITAPEMA;Trafegar com motocicleta (ou similar) entre as faixas;Com Vítimas Feridas;3;Nublado;Plena Noite;sexta-feira;Colisão traseira;Dupla;0;0;-27,0732659;-48,59672716;Segura;Sul;1 Trimestre
652493;2025.0;y;1.0;2025-01-01;SP;116;225;GUARULHOS;Reação tardia ou ineficiente do condutor;Com Vítimas Feridas;2;Céu Claro;Pleno dia;quarta-feira;Tombamento;Múltipla;0;0;-23,48586772;-46,54075317;Segura;Sudeste;1 Trimestre
658136;2025.0;n;1.0;2025-01-29;PR;376;623;SAO JOSE DOS PINHAIS;Acesso irregular;Com Vítimas Feridas;3;Céu Claro;Plena Noite;quarta-feira;Saída de leito carroçável;Dupla;0;0;-25,63462416;-49,16182135;Segura;Sul;1 Trimestre
615346;2024.0;n;7.0;2024-07-18;PI;343;347;TERESINA;Ultrapassagem Indevida;Com Vítimas Feridas;2;Céu Claro;Plena Noite;quinta-feira;Colisão lateral mesmo sentido;Dupla;0;1;-5.114822;-42.778355;Perigosa;Nordeste;3 Trimestre
575474;2024.0;n;1.0;2024-01-18;BA;116;700;JEQUIE;Velocidade Incompatível;Com Vítimas Feridas;2;Sol;Pleno dia;quinta-feira;Saída de leito carroçável;Simples;0;0;-14.02757181;-40.19610925;Segura;Nordeste;1 Trimestre
626919;2024.0;n;9.0;2024-09-09;RS;386;354,2;ESTRELA;Frear bruscamente;Com Vítimas Feridas;2;Sol;Pleno dia;segunda-feira;Colisão com objeto;Dupla;0;0;-29.506611;-51.943012;Segura;Sul;3 Trimestre
577117;2024.0;n;1.0;2024-01-05;PB;104;182,3;ALCANTIL;Acessar a via sem observar a presença dos outros veículos;Com Vítimas Fatais;4;Céu Claro;Pleno dia;sexta-feira;Colisão transversal;Simples;1;1;-7.67735252;-36.06914717;Perigosa;Nordeste;1 Trimestre
592432;2024.0;n;4.0;2024-04-07;PE;423;23;SAO CAITANO;Ingestão de álcool pelo condutor;Sem Vítimas;4;Sol;Pleno dia;domingo;Colisão frontal;Simples;0;0;-8.36143802;-36.17217263;Segura;Nordeste;2 Trimestre
584041;2024.0;n;2.0;2024-02-29;MS;163;405;NOVA ALVORADA DO SUL;Reação tardia ou ineficiente do condutor;Com Vítimas Fatais;3;Sol;Pleno dia;quinta-feira;Colisão frontal;Simples;3;0;-21.12364994;-54.4818027;Perigosa;Centro-Oeste;1 Trimestre
659600;2025.0;n;2.0;2025-02-06;ES;101;195,3;JOAO NEIVA;Velocidade Incompatível;Com Vítimas Fatais;2;Céu Claro;Pleno dia;quinta-feira;Tombamento;Simples;1;0;-19,70198612;-40,32193499;Perigosa;Sudeste;1 Trimestre
591614;2024.0;n;4.0;2024-04-03;PR;277;596,2;CASCAVEL;Manobra de mudança de faixa;Com Vítimas Feridas;3;Sol;Pleno dia;quarta-feira;Colisão lateral mesmo sentido;Dupla;0;1;-24.98837665;-53.50778641;Perigosa;Sul;2 Trimestre
653599;2025.0;n;1.0;2025-01-06;MT;70;126;GENERAL CARNEIRO;Pedestre andava na pista;Com Vítimas Fatais;2;Nublado;Plena Noite;segunda-feira;Atropelamento de Pedestre;Simples;1;0;-15,58797578;-53,17073277;Perigosa;Centro-Oeste;1 Trimestre
594581;2024.0;n;4.0;2024-04-17;PR;277;584;CASCAVEL;Condutor deixou de manter distância do veículo da frente;Com Vítimas Feridas;4;Céu Claro;Anoitecer;quarta-feira;Engavetamento;Simples;0;0;-24.96684176;-53.40258186;Segura;Sul;2 Trimestre
622965;2024.0;n;8.0;2024-08-22;SC;280;22;ARAQUARI;Acessar a via sem observar a presença dos outros veículos;Com Vítimas Feridas;3;Nublado;Plena Noite;quinta-feira;Colisão transversal;Simples;0;0;-26.37092616;-48.70204099;Segura;Sul;3 Trimestre
617605;2024.0;n;7.0;2024-07-29;MG;381;450,5;SABARA;Condutor deixou de manter distância do veículo da frente;Com Vítimas Feridas;6;Céu Claro;Pleno dia;segunda-feira;Colisão traseira;Simples;0;1;-19.829195;-43.841776;Perigosa;Sudeste;3 Trimestre
618318;2024.0;n;7.0;2024-07-20;PR;116;97;SAO JOSE DOS PINHAIS;Ausência de reação do condutor;Com Vítimas Feridas;2;Céu Claro;Pleno dia;sábado;Colisão lateral mesmo sentido;Dupla;0;0;-25.51232495;-49.12871007;Segura;Sul;3 Trimestre
623693;2024.0;n;8.0;2024-08-26;RJ;101;60,9;CAMPOS DOS GOYTACAZES;Acessar a via sem observar a presença dos outros veículos;Com Vítimas Feridas;2;Garoa/Chuvisco;Pleno dia;segunda-feira;Colisão transversal;Simples;0;0;-21.72048414;-41.31448591;Segura;Sudeste;3 Trimestre
573075;2024.0;n;1.0;2024-01-07;TO;153;428,8;MIRACEMA DO TOCANTINS;Manobra de mudança de faixa;Com Vítimas Feridas;4;Nublado;Plena Noite;domingo;Colisão lateral mesmo sentido;Simples;0;0;-9.65283;-48.64251;Segura;Norte;1 Trimestre
595425;2024.0;y;4.0;2024-04-21;SE;101;116,7;ITAPORANGA DAJUDA;Condutor deixou de manter distância do veículo da frente;Com Vítimas Feridas;4;Céu Claro;Pleno dia;domingo;Colisão traseira;Dupla;0;0;-11.014063;-37.317832;Segura;Nordeste;2 Trimestre
585248;2024.0;n;3.0;2024-03-05;SP;116;280;EMBU DAS ARTES;Manobra de mudança de faixa;Com Vítimas Feridas;3;Garoa/Chuvisco;Plena Noite;terça-feira;Colisão lateral mesmo sentido;Dupla;0;0;-23.66996108;-46.85590758;Segura;Sudeste;1 Trimestre
597284;2024.0;n;4.0;2024-04-29;BA;407;60;JUAZEIRO;Reação tardia ou ineficiente do condutor;Sem Vítimas;2;Sol;Pleno dia;segunda-feira;Colisão traseira;Simples;0;0;-9.89561601;-40.27533602;Segura;Nordeste;2 Trimestre
585579;2024.0;n;3.0;2024-03-06;MT;70;269;PRIMAVERA DO LESTE;Desrespeitar a preferência no cruzamento;Com Vítimas Feridas;3;Céu Claro;Plena Noite;quarta-feira;Colisão frontal;Simples;0;3;-15.5313333;-54.20482018;Perigosa;Centro-Oeste;1 Trimestre
660623;2025.0;n;2.0;2025-02-10;RO;364;510,8;ARIQUEMES;Frear bruscamente;Com Vítimas Feridas;3;Céu Claro;Plena Noite;segunda-feira;Colisão traseira;Simples;0;1;-9,96700255;-63,04503259;Perigosa;Norte;1 Trimestre
667881;2025.0;n;3.0;2025-03-17;CE;222;296;TIANGUA;Condutor Dormindo;Com Vítimas Feridas;3;Nublado;Pleno dia;segunda-feira;Colisão traseira;Simples;0;2;-3,6825626;-40,9782368;Perigosa;Nordeste;1 Trimestre
593617;2024.0;n;4.0;2024-04-12;MG;116;538,6;SANTA RITA DE MINAS;Conversão proibida;Com Vítimas Feridas;4;Céu Claro;Pleno dia;sexta-feira;Colisão transversal;Simples;0;1;-19.87457783;-42.13216953;Perigosa;Sudeste;2 Trimestre
661303;2025.0;n;2.0;2025-02-14;SP;116;511,9;CAJATI;Velocidade Incompatível;Com Vítimas Feridas;2;Chuva;Pleno dia;sexta-feira;Saída de leito carroçável;Simples;0;0;-24,84376142;-48,21212769;Segura;Sudeste;1 Trimestre
589482;2024.0;n;3.0;2024-03-24;DF;80;10,7;BRASILIA;Demais falhas mecânicas ou elétricas;Sem Vítimas;1;Nublado;Pleno dia;domingo;Incêndio;Simples;0;0;-15.731;-48.168938;Segura;Centro-Oeste;1 Trimestre
597575;2024.0;n;4.0;2024-04-12;PR;376;513;PONTA GROSSA;Acessar a via sem observar a presença dos outros veículos;Com Vítimas Feridas;4;Nublado;Pleno dia;sexta-feira;Colisão transversal;Dupla;0;0;-25.2418335;-50.0285277;Segura;Sul;2 Trimestre
572080;2024.0;n;1.0;2024-01-02;MG;365;29,9;CLARO DOS POCOES;Velocidade Incompatível;Com Vítimas Feridas;1;Chuva;Pleno dia;terça-feira;Saída de leito carroçável;Simples;0;0;-16.83985022;-44.09475095;Segura;Sudeste;1 Trimestre
601510;2024.0;n;5.0;2024-05-19;MS;262;722;CORUMBA;Ingestão de álcool pelo condutor;Sem Vítimas;5;Céu Claro;Amanhecer;domingo;Colisão lateral sentido oposto;Simples;0;0;-19.40698618;-57.47994314;Segura;Centro-Oeste;2 Trimestre
618351;2024.0;n;8.0;2024-08-01;SC;101;332;TUBARAO;Ausência de reação do condutor;Com Vítimas Feridas;2;Céu Claro;Plena Noite;quinta-feira;Colisão transversal;Dupla;0;1;-28.46016431;-48.98968873;Perigosa;Sul;3 Trimestre
586492;2024.0;n;3.0;2024-03-11;TO;153;113;WANDERLANDIA;Manobra de mudança de faixa;Com Vítimas Feridas;3;Chuva;Amanhecer;segunda-feira;Colisão lateral sentido oposto;Simples;0;0;-6.975851;-48.09954403;Segura;Norte;1 Trimestre
663628;2025.0;n;2.0;2025-02-25;PR;277;141;BALSA NOVA;Condutor deixou de manter distância do veículo da frente;Com Vítimas Feridas;2;Céu Claro;Pleno dia;terça-feira;Colisão traseira;Dupla;0;0;-25,47124;-49,67495;Segura;Sul;1 Trimestre
687322;2025.0;n;4.0;2025-04-25;PR;476;172;CONTENDA;Reação tardia ou ineficiente do condutor;Com Vítimas Feridas;2;Nublado;Plena Noite;sexta-feira;Colisão transversal;Dupla;0;1;-25,68169285;-49,52577559;Perigosa;Sul;2 Trimestre
654083;2025.0;n;1.0;2025-01-09;SP;116;47;CANAS;Velocidade Incompatível;Com Vítimas Feridas;6;Garoa/Chuvisco;Pleno dia;quinta-feira;Engavetamento;Múltipla;0;1;-22,71946606;-45,06109596;Perigosa;Sudeste;1 Trimestre
666535;2025.0;n;3.0;2025-03-11;PR;153;40,9;SANTO ANTONIO DA PLATINA;Mal súbito do condutor;Com Vítimas Fatais;1;Céu Claro;Pleno dia;terça-feira;Saída de leito carroçável;Simples;1;0;-23,28838806;-50,05947417;Perigosa;Sul;1 Trimestre
614778;2024.0;n;7.0;2024-07-16;BA;407;208,6;CAPIM GROSSO;Condutor Dormindo;Com Vítimas Feridas;4;Nublado;Pleno dia;terça-feira;Colisão frontal;Simples;0;0;-11.17364897;-40.04985591;Segura;Nordeste;3 Trimestre
584219;2024.0;n;3.0;2024-03-01;MG;381;939;EXTREMA;Reação tardia ou ineficiente do condutor;Com Vítimas Feridas;4;Sol;Pleno dia;sexta-feira;Colisão traseira;Dupla;0;0;-22.84701434;-46.33321175;Segura;Sudeste;1 Trimestre
613278;2024.0;n;6.0;2024-06-04;SC;116;254;LAGES;Velocidade Incompatível;Com Vítimas Feridas;2;Céu Claro;Plena Noite;terça-feira;Tombamento;Simples;0;0;-27.86677492;-50.3955102;Segura;Sul;2 Trimestre
620389;2024.0;n;8.0;2024-08-10;PR;116;102;SAO JOSE DOS PINHAIS;Condutor deixou de manter distância do veículo da frente;Com Vítimas Feridas;3;Céu Claro;Anoitecer;sábado;Colisão traseira;Múltipla;0;0;-25.569143;-49.181968;Segura;Sul;3 Trimestre
654206;2025.0;n;1.0;2025-01-10;PI;402;3;BURITI DOS LOPES;Curva acentuada;Com Vítimas Feridas;2;Céu Claro;Pleno dia;sexta-feira;Tombamento;Simples;0;1;-3,10468586;-41,87730694;Perigosa;Nordeste;1 Trimestre
652842;2025.0;n;1.0;2025-01-02;PR;369;413,2;JURANDA;Demais falhas mecânicas ou elétricas;Com Vítimas Fatais;4;Céu Claro;Pleno dia;quinta-feira;Colisão frontal;Simples;1;3;-24,45282227;-52,84863369;Perigosa;Sul;1 Trimestre
593319;2024.0;n;4.0;2024-04-11;RJ;101;82,6;CAMPOS DOS GOYTACAZES;Ausência de reação do condutor;Com Vítimas Feridas;4;Céu Claro;Plena Noite;quinta-feira;Colisão lateral sentido oposto;Simples;0;1;-21.82752108;-41.45414032;Perigosa;Sudeste;2 Trimestre