id;ano;feriado;mes;data_inversa;uf;br;km;municipio;causa_acidente;classificacao_acidente;veiculos;condicao_metereologica;fase_dia;dia_semana;tipo_acidente;tipo_pista;mortos;feridos_graves;latitude;longitude;status;regiao;periodo
615732;2024.0;n;7.0;2024-07-20;ES;101;125;SOORETAMA;Acessar a via sem observar a presença dos outros veículos;Com Vítimas Feridas;2;Céu Claro;Pleno dia;sábado;Colisão lateral mesmo sentido;Simples;0;1;-19.18496498;-40.09429827;Perigosa;Sudeste;3 Trimestre
662495;2025.0;n;2.0;2025-02-19;RJ;493;101;DUQUE DE CAXIAS;Ausência de reação do condutor;Com Vítimas Feridas;2;Céu Claro;Plena Noite;quarta-feira;Saída de leito carroçável;Dupla;0;0;-22,672089;-43,285053;Segura;Sudeste;1 Trimestre
657441;2025.0;n;1.0;2025-01-26;MT;364;272;JACIARA;Ausência de reação do condutor;Com Vítimas Fatais;5;Sol;Pleno dia;domingo;Colisão lateral mesmo sentido;Dupla;1;0;-15,96667987;-54,96121981;Perigosa;Centro-Oeste;1 Trimestre
588847;2024.0;n;3.0;2024-03-21;PR;116;38;CAMPINA GRANDE DO SUL;Chuva;Sem Vítimas;2;Chuva;Plena Noite;quinta-feira;Colisão lateral mesmo sentido;Dupla;0;0;-25.14802509;-48.85922071;Segura;Sul;1 Trimestre
653284;2025.0;n;1.0;2025-01-05;RO;364;277,6;PRESIDENTE MEDICI;Acessar a via sem observar a presença dos outros veículos;Com Vítimas Fatais;5;Céu Claro;Plena Noite;domingo;Colisão transversal;Simples;1;0;-11,384555;-61,783628;Perigosa;Norte;1 Trimestre
608535;2024.0;n;6.0;2024-06-19;SP;381;85,5;SAO PAULO;Condutor deixou de manter distância do veículo da frente;Com Vítimas Feridas;2;Céu Claro;Pleno dia;quarta-feira;Colisão traseira;Dupla;0;1;-23.45924265;-46.57152557;Perigosa;Sudeste;2 Trimestre
594183;2024.0;n;4.0;2024-04-15;MG;251;366;PADRE CARVALHO;Reação tardia ou ineficiente do condutor;Com Vítimas Feridas;3;Nublado;Pleno dia;segunda-feira;Colisão lateral sentido oposto;Simples;0;1;-16.2701616;-42.65370816;Perigosa;Sudeste;2 Trimestre
602490;2024.0;n;5.0;2024-05-23;MG;262;553,5;LUZ;Demais falhas mecânicas ou elétricas;Sem Vítimas;1;Sol;Pleno dia;quinta-feira;Tombamento;Simples;0;0;-19.707784;-45.919661;Segura;Sudeste;2 Trimestre
610137;2024.0;n;6.0;2024-06-19;MT;364;444;VARZEA GRANDE;Problema com o freio;Com Vítimas Feridas;2;Céu Claro;Pleno dia;quarta-feira;Saída de leito carroçável;Simples;0;0;-15.63212299;-56.20484879;Segura;Centro-Oeste;2 Trimestre
582928;2024.0;n;2.0;2024-02-24;MG;153;46;CANAPOLIS;Ausência de reação do condutor;Com Vítimas Feridas;2;Céu Claro;Amanhecer;sábado;Colisão traseira;Dupla;0;0;-18.7877321;-49.08400664;Segura;Sudeste;1 Trimestre
573797;2024.0;n;1.0;2024-01-10;ES;101;457,8;MIMOSO DO SUL;Acessar a via sem observar a presença dos outros veículos;Com Vítimas Feridas;3;Céu Claro;Pleno dia;quarta-feira;Colisão transversal;Simples;0;2;-21.19995092;-41.30085122;Perigosa;Sudeste;1 Trimestre
671051;2025.0;n;4.0;2025-04-02;MG;40;515;RIBEIRAO DAS NEVES;Condutor deixou de manter distância do veículo da frente;Com Vítimas Feridas;2;Céu Claro;Pleno dia;quarta-feira;Colisão lateral mesmo sentido;Dupla;0;0;-19,8166548;-44,09514567;Segura;Sudeste;2 Trimestre
663796;2025.0;n;2.0;2025-02-26;MA;135;80;ITAPECURU MIRIM;Ausência de reação do condutor;Sem Vítimas;2;Céu Claro;Pleno dia;quarta-feira;Saída de leito carroçável;Simples;0;0;-3,30376746;-44,42103811;Segura;Nordeste;1 Trimestre
625684;2024.0;n;9.0;2024-09-04;SC;282;478,2;VARGEAO;Transitar na contramão;Com Vítimas Feridas;2;Sol;Pleno dia;quarta-feira;Colisão frontal;Simples;0;1;-26.875297;-52.157038;Perigosa;Sul;3 Trimestre
669156;2025.0;n;3.0;2025-03-23;BA;420;345;JAGUAQUARA;Transitar na contramão;Com Vítimas Feridas;3;Céu Claro;Anoitecer;domingo;Colisão frontal;Simples;0;1;-13,51618634;-39,99747983;Perigosa;Nordeste;1 Trimestre
652576;2025.0;y;1.0;2025-01-01;GO;60;210,8;VARJAO;Ausência de reação do condutor;Com Vítimas Feridas;1;Céu Claro;Pleno dia;quarta-feira;Queda de ocupante de veículo;Dupla;0;0;-16,9406;-49,6717;Segura;Centro-Oeste;1 Trimestre
624036;2024.0;n;8.0;2024-08-27;RO;364;382;OURO PRETO DO OESTE;Condutor deixou de manter distância do veículo da frente;Com Vítimas Feridas;3;Céu Claro;Pleno dia;terça-feira;Colisão traseira;Simples;0;1;-10.72605374;-62.23652595;Perigosa;Norte;3 Trimestre
663779;2025.0;n;2.0;2025-02-26;PR;277;213;FERNANDES PINHEIRO;Ausência de reação do condutor;Com Vítimas Feridas;3;Céu Claro;Pleno dia;quarta-feira;Colisão com objeto;Simples;0;0;-25,471228;-50,471424;Segura;Sul;1 Trimestre
584008;2024.0;n;2.0;2024-02-29;PR;476;147;ARAUCARIA;Reação tardia ou ineficiente do condutor;Com Vítimas Feridas;5;Sol;Pleno dia;quinta-feira;Saída de leito carroçável;Dupla;0;0;-25.55577045;-49.34246421;Segura;Sul;1 Trimestre
578381;2024.0;n;2.0;2024-02-01;SP;381;47;ATIBAIA;Avarias e/ou desgaste excessivo no pneu;Com Vítimas Feridas;3;Céu Claro;Pleno dia;quinta-feira;Eventos atípicos;Múltipla;0;0;-23.18904617;-46.58407757;Segura;Sudeste;1 Trimestre
652485;2025.0;y;1.0;2025-01-01;RJ;101;530,8;ANGRA DOS REIS;Retorno proibido;Com Vítimas Feridas;2;Nublado;Plena Noite;quarta-feira;Colisão transversal;Simples;0;1;-23,0232454;-44,51684972;Perigosa;Sudeste;1 Trimestre
656799;2025.0;n;1.0;2025-01-23;MS;262;618,9;MIRANDA;Condutor Dormindo;Com Vítimas Feridas;2;Céu Claro;Plena Noite;quinta-feira;Tombamento;Simples;0;0;-19,96733704;-56,83601909;Segura;Centro-Oeste;1 Trimestre
663303;2025.0;n;2.0;2025-02-24;MG;381;490,7;BETIM;Trafegar com motocicleta (ou similar) entre as faixas;Com Vítimas Feridas;4;Céu Claro;Amanhecer;segunda-feira;Colisão lateral mesmo sentido;Múltipla;0;1;-19,9569274;-44,1506997;Perigosa;Sudeste;1 Trimestre
606373;2024.0;n;6.0;2024-06-09;MG;40;550;NOVA LIMA;Trafegar com motocicleta (ou similar) entre as faixas;Com Vítimas Feridas;3;Céu Claro;Plena Noite;domingo;Colisão lateral mesmo sentido;Dupla;0;0;-20.0477638;-43.96439441;Segura;Sudeste;2 Trimestre
617120;2024.0;n;7.0;2024-07-26;MG;116;216;CATUJI;Ausência de reação do condutor;Com Vítimas Fatais;2;Nublado;Pleno dia;sexta-feira;Saída de leito carroçável;Simples;1;0;-17.3756538;-41.52881674;Perigosa;Sudeste;3 Trimestre
609919;2024.0;n;6.0;2024-06-25;PR;373;475,4;CORONEL VIVIDA;Desrespeitar a preferência no cruzamento;Com Vítimas Feridas;2;Nublado;Pleno dia;terça-feira;Colisão transversal;Simples;0;1;-25.97165895;-52.53234029;Perigosa;Sul;2 Trimestre
672499;2025.0;n;4.0;2025-04-07;MG;251;467,9;GRAO MOGOL;Velocidade Incompatível;Sem Vítimas;2;Nublado;Pleno dia;segunda-feira;Saída de leito carroçável;Simples;0;0;-16,4678379;-43,4071176;Segura;Sudeste;2 Trimestre
600770;2024.0;n;5.0;2024-05-15;PE;101;63,3;RECIFE;Ausência de sinalização;Com Vítimas Feridas;3;Nublado;Plena Noite;quarta-feira;Colisão traseira;Dupla;0;1;-8.010588;-34.937338;Perigosa;Nordeste;2 Trimestre
687370;2025.0;n;4.0;2025-04-26;PR;277;206,9;PALMEIRA;Velocidade Incompatível;Com Vítimas Fatais;2;Céu Claro;Plena Noite;sábado;Tombamento;Simples;1;0;-25,471109;-50,278777;Perigosa;Sul;2 Trimestre
687933;2025.0;n;4.0;2025-04-28;PR;376;491;PONTA GROSSA;Reação tardia ou ineficiente do condutor;Com Vítimas Fatais;16;Céu Claro;Plena Noite;segunda-feira;Engavetamento;Dupla;1;0;-25,107445;-50,191961;Perigosa;Sul;2 Trimestre
669521;2025.0;n;3.0;2025-03-25;MG;262;568,3;CORREGO DANTA;Velocidade Incompatível;Com Vítimas Fatais;4;Chuva;Pleno dia;terça-feira;Colisão frontal;Simples;1;0;-19,72863079;-46,01982549;Perigosa;Sudeste;1 Trimestre
589654;2024.0;n;3.0;2024-03-25;GO;153;615;MORRINHOS;Condutor deixou de manter distância do veículo da frente;Com Vítimas Feridas;3;Nublado;Pleno dia;segunda-feira;Colisão traseira;Dupla;0;1;-17.6778;-49.1621;Perigosa;Centro-Oeste;1 Trimestre
588028;2024.0;n;3.0;2024-03-18;PR;277;354;GUARAPUAVA;Condutor Dormindo;Com Vítimas Feridas;1;Nublado;Plena Noite;segunda-feira;Saída de leito carroçável;Simples;0;0;-25.4153692;-51.5619278;Segura;Sul;1 Trimestre
672079;2025.0;n;4.0;2025-04-07;SP;116;55,1;LORENA;Condutor Dormindo;Com Vítimas Feridas;3;Nublado;Plena Noite;segunda-feira;Colisão traseira;Dupla;0;1;-22,76492181;-45,12491919;Perigosa;Sudeste;2 Trimestre
652501;2025.0;y;1.0;2025-01-01;SC;280;79,7;CORUPA;Reação tardia ou ineficiente do condutor;Com Vítimas Feridas;1;Céu Claro;Plena Noite;quarta-feira;Tombamento;Simples;0;0;-26,44657315;-49,20157809;Segura;Sul;1 Trimestre
586050;2024.0;n;3.0;2024-03-08;GO;364;8;SAO SIMAO;Acessar a via sem observar a presença dos outros veículos;Sem Vítimas;5;Céu Claro;Plena Noite;sexta-feira;Colisão com objeto;Simples;0;0;-19.00415;-50.555191;Segura;Centro-Oeste;1 Trimestre
686522;2025.0;y;4.0;2025-04-21;PR;369;451,9;CORBELIA;Reação tardia ou ineficiente do condutor;Com Vítimas Feridas;3;Céu Claro;Anoitecer;segunda-feira;Colisão traseira;Simples;0;2;-24,55961429;-53,13074112;Perigosa;Sul;2 Trimestre
612052;2024.0;n;7.0;2024-07-04;GO;60;80,7;ANAPOLIS;Acessar a via sem observar a presença dos outros veículos;Com Vítimas Feridas;2;Céu Claro;Plena Noite;quinta-feira;Colisão transversal;Dupla;0;1;-16.3053;-48.8208;Perigosa;Centro-Oeste;3 Trimestre
665504;2025.0;n;3.0;2025-03-06;GO;60;315;ACREUNA;Reação tardia ou ineficiente do condutor;Com Vítimas Feridas;2;Nublado;Pleno dia;quinta-feira;Colisão traseira;Dupla;0;2;-17,466053;-50,435847;Perigosa;Centro-Oeste;1 Trimestre
613810;2024.0;n;7.0;2024-07-11;MA;316;546,4;CAXIAS;Ingestão de álcool pelo condutor;Com Vítimas Feridas;2;Céu Claro;Plena Noite;quinta-feira;Colisão frontal;Simples;0;0;-4.875501;-43.395222;Segura;Nordeste;3 Trimestre
661533;2025.0;n;2.0;2025-02-15;PR;277;109;CURITIBA;Ausência de reação do condutor;Com Vítimas Feridas;4;Céu Claro;Pleno dia;sábado;Engavetamento;Dupla;0;0;-25,42784023;-49,38810468;Segura;Sul;1 Trimestre
657741;2025.0;n;1.0;2025-01-27;RO;364;705;PORTO VELHO;Manobra de mudança de faixa;Com Vítimas Feridas;5;Céu Claro;Pleno dia;segunda-feira;Colisão lateral mesmo sentido;Dupla;0;0;-8,80030041;-63,81926358;Segura;Norte;1 Trimestre
688165;2025.0;n;4.0;2025-04-29;MG;116;170;PONTO DOS VOLANTES;Transitar na contramão;Com Vítimas Fatais;2;Chuva;Plena Noite;terça-feira;Colisão frontal;Simples;1;1;-16,86500518;-41,47338867;Perigosa;Sudeste;2 Trimestre
584909;2024.0;n;3.0;2024-03-04;BA;324;520;FEIRA DE SANTANA;Condutor deixou de manter distância do veículo da frente;Com Vítimas Feridas;2;Céu Claro;Pleno dia;segunda-feira;Colisão traseira;Dupla;0;0;-12.27376054;-38.93366564;Segura;Nordeste;1 Trimestre
616641;2024.0;n;7.0;2024-07-24;MT;364;453;VARZEA GRANDE;Demais falhas mecânicas ou elétricas;Sem Vítimas;1;Céu Claro;Anoitecer;quarta-feira;Incêndio;Simples;0;0;-15.57469114;-56.24259707;Segura;Centro-Oeste;3 Trimestre
599419;2024.0;n;5.0;2024-05-10;SP;116;225;GUARULHOS;Ausência de reação do condutor;Com Vítimas Feridas;2;Céu Claro;Pleno dia;sexta-feira;Colisão traseira;Múltipla;0;0;-23.48586772;-46.54075317;Segura;Sudeste;2 Trimestre
627126;2024.0;n;9.0;2024-09-10;MG;262;850,1;UBERABA;Demais falhas mecânicas ou elétricas;Com Vítimas Feridas;4;Céu Claro;Pleno dia;terça-feira;Colisão traseira;Simples;0;0;-19.75599413;-48.33588893;Segura;Sudeste;3 Trimestre
620171;2024.0;n;8.0;2024-08-09;MG;381;455;BELO HORIZONTE;Trafegar com motocicleta (ou similar) entre as faixas;Com Vítimas Fatais;2;Céu Claro;Plena Noite;sexta-feira;Tombamento;Simples;1;0;-19.838166;-43.880923;Perigosa;Sudeste;3 Trimestre
609688;2024.0;n;6.0;2024-06-24;SP;381;35;ATIBAIA;Manobra de mudança de faixa;Sem Vítimas;6;Céu Claro;Pleno dia;segunda-feira;Colisão lateral mesmo sentido;Múltipla;0;0;-23.088586;-46.571798;Segura;Sudeste;2 Trimestre
658971;2025.0;n;2.0;2025-02-03;RJ;101;405;ITAGUAI;Animais na Pista;Com Vítimas Feridas;3;Céu Claro;Amanhecer;segunda-feira;Atropelamento de Animal;Dupla;0;0;-22,867606;-43,802743;Segura;Sudeste;1 Trimestre
652709;2025.0;n;1.0;2025-01-02;AL;101;243,2;PORTO REAL DO COLEGIO;Ausência de reação do condutor;Com Vítimas Fatais;2;Céu Claro;Amanhecer;quinta-feira;Saída de leito carroçável;Dupla;1;4;-10,1677149;-36,82012712;Perigosa;Nordeste;1 Trimestre
587420;2024.0;n;3.0;2024-03-11;RS;392;247;CACAPAVA DO SUL;Acessar a via sem observar a presença dos outros veículos;Com Vítimas Feridas;5;Céu Claro;Pleno dia;segunda-feira;Colisão transversal;Simples;0;0;-30.56321289;-53.40525986;Segura;Sul;1 Trimestre
662162;2025.0;n;2.0;2025-02-18;PR;277;350,4;GUARAPUAVA;Suicídio (presumido);Com Vítimas Fatais;5;Chuva;Pleno dia;terça-feira;Colisão traseira;Simples;1;0;-25,39568354;-51,53191827;Perigosa;Sul;1 Trimestre
603992;2024.0;n;5.0;2024-05-18;RS;285;644,8;SAO BORJA;Acessar a via sem observar a presença dos outros veículos;Com Vítimas Feridas;3;Céu Claro;Pleno dia;sábado;Colisão transversal;Simples;0;0;-28.606682;-55.703793;Segura;Sul;2 Trimestre
660508;2025.0;n;2.0;2025-02-10;RS;116;6;VACARIA;Reação tardia ou ineficiente do condutor;Com Vítimas Feridas;3;Céu Claro;Pleno dia;segunda-feira;Engavetamento;Simples;0;0;-28,25541886;-50,78215527;Segura;Sul;1 Trimestre
617239;2024.0;n;7.0;2024-07-27;MT;364;573;NOBRES;Ausência de reação do condutor;Com Vítimas Feridas;9;Sol;Pleno dia;sábado;Saída de leito carroçável;Dupla;0;0;-14.70707506;-56.32215373;Segura;Centro-Oeste;3 Trimestre
666577;2025.0;n;3.0;2025-03-10;MG;40;739,8;SANTOS DUMONT;Reação tardia ou ineficiente do condutor;Com Vítimas Feridas;3;Céu Claro;Pleno dia;segunda-feira;Tombamento;Simples;0;0;-21,42926222;-43,55584288;Segura;Sudeste;1 Trimestre
664453;2025.0;n;3.0;2025-03-01;RS;116;147,8;CAXIAS DO SUL;Ausência de reação do condutor;Com Vítimas Feridas;3;Céu Claro;Pleno dia;sábado;Colisão traseira;Dupla;0;0;-29,15439786;-51,15066469;Segura;Sul;1 Trimestre
618375;2024.0;n;8.0;2024-08-01;MG;116;708,7;MURIAE;Reação tardia ou ineficiente do condutor;Com Vítimas Feridas;2;Céu Claro;Plena Noite;quinta-feira;Saída de leito carroçável;Simples;0;0;-21.16328873;-42.37968988;Segura;Sudeste;3 Trimestre
589585;2024.0;n;3.0;2024-03-25;RS;386;153;ALMIRANTE TAMANDARE DO SUL;Condutor deixou de manter distância do veículo da frente;Com Vítimas Feridas;2;Céu Claro;Pleno dia;segunda-feira;Colisão traseira;Dupla;0;1;-28.103321;-52.860851;Perigosa;Sul;1 Trimestre
672284;2025.0;n;4.0;2025-04-07;MG;262;5,1;MARTINS SOARES;Velocidade Incompatível;Com Vítimas Feridas;2;Nublado;Plena Noite;segunda-feira;Saída de leito carroçável;Simples;0;1;-20,25714257;-41,80003881;Perigosa;Sudeste;2 Trimestre
608651;2024.0;n;6.0;2024-06-19;SC;280;245;CANOINHAS;Conversão proibida;Sem Vítimas;2;Céu Claro;Plena Noite;quarta-feira;Colisão transversal;Simples;0;0;-26.24263646;-50.49461672;Segura;Sul;2 Trimestre
607370;2024.0;n;6.0;2024-06-14;PR;158;388;LARANJEIRAS DO SUL;Demais falhas mecânicas ou elétricas;Sem Vítimas;3;Céu Claro;Plena Noite;sexta-feira;Incêndio;Simples;0;0;-25.26865926;-52.29073092;Segura;Sul;2 Trimestre
622773;2024.0;n;8.0;2024-08-21;PE;101;185;PALMARES;Acesso irregular;Com Vítimas Feridas;2;Céu Claro;Plena Noite;quarta-feira;Atropelamento de Animal;Dupla;0;1;-8.680123;-35.577749;Perigosa;Nordeste;3 Trimestre
603680;2024.0;n;5.0;2024-05-29;PR;376;151,9;MANDAGUACU;Condutor Dormindo;Com Vítimas Feridas;1;Céu Claro;Plena Noite;quarta-feira;Saída de leito carroçável;Dupla;0;0;-23.312077;-52.109656;Segura;Sul;2 Trimestre
621753;2024.0;n;8.0;2024-08-17;MG;153;196,9;FRUTAL;Acessar a via sem observar a presença dos outros veículos;Com Vítimas Feridas;5;Céu Claro;Pleno dia;sábado;Colisão transversal;Simples;0;0;-19.941982;-48.960187;Segura;Sudeste;3 Trimestre
599509;2024.0;n;5.0;2024-05-10;GO;153;97;SANTA TEREZA DE GOIAS;Ausência de reação do condutor;Com Vítimas Feridas;3;Céu Claro;Pleno dia;sexta-feira;Colisão traseira;Simples;0;0;-13.629825;-49.042324;Segura;Centro-Oeste;2 Trimestre
600799;2024.0;n;5.0;2024-05-16;SE;101;136,5;ESTANCIA;Ausência de reação do condutor;Com Vítimas Feridas;1;Nublado;Plena Noite;quinta-feira;Tombamento;Dupla;0;0;-11.14103976;-37.39650606;Segura;Nordeste;2 Trimestre
596415;2024.0;n;4.0;2024-04-26;PA;10;116;PARAGOMINAS;Condutor deixou de manter distância do veículo da frente;Com Vítimas Feridas;2;Céu Claro;Plena Noite;sexta-feira;Colisão traseira;Simples;0;1;-3.42710287;-47.45522033;Perigosa;Norte;2 Trimestre
607043;2024.0;n;6.0;2024-06-12;MG;40;726,7;OLIVEIRA FORTES;Problema na suspensão;Com Vítimas Feridas;2;Nublado;Plena Noite;quarta-feira;Colisão com objeto;Dupla;0;1;-21.31059847;-43.60380204;Perigosa;Sudeste;2 Trimestre
652684;2025.0;n;1.0;2025-01-02;MG;262;37,5;MANHUACU;Ausência de reação do condutor;Sem Vítimas;1;Céu Claro;Amanhecer;quinta-feira;Saída de leito carroçável;Simples;0;0;-20,25748975;-42,03048732;Segura;Sudeste;1 Trimestre
614164;2024.0;n;7.0;2024-07-13;RS;290;85,7;PORTO ALEGRE;Manobra de mudança de faixa;Com Vítimas Feridas;2;Nublado;Pleno dia;sábado;Colisão traseira;Dupla;0;0;-29.967936;-51.106873;Segura;Sul;3 Trimestre
618258;2024.0;n;8.0;2024-08-01;MT;364;202;RONDONOPOLIS;Reação tardia ou ineficiente do condutor;Sem Vítimas;5;Céu Claro;Pleno dia;quinta-feira;Colisão traseira;Dupla;0;0;-16.48347324;-54.64970354;Segura;Centro-Oeste;3 Trimestre
654163;2025.0;n;1.0;2025-01-10;PR;376;305;MAUA DA SERRA;Velocidade Incompatível;Com Vítimas Feridas;2;Céu Claro;Pleno dia;sexta-feira;Tombamento;Dupla;0;1;-23,96167303;-51,11499389;Perigosa;Sul;1 Trimestre
660146;2025.0;n;2.0;2025-02-08;SP;153;44,5;ONDA VERDE;Ultrapassagem Indevida;Sem Vítimas;4;Céu Claro;Plena Noite;sábado;Colisão frontal;Simples;0;0;-20,65497601;-49,34121741;Segura;Sudeste;1 Trimestre
657719;2025.0;n;1.0;2025-01-21;MG;116;417;GOVERNADOR VALADARES;Condutor deixou de manter distância do veículo da frente;Com Vítimas Feridas;3;Céu Claro;Pleno dia;terça-feira;Colisão traseira;Simples;0;0;-18,90130308;-41,94492414;Segura;Sudeste;1 Trimestre
672593;2025.0;n;4.0;2025-04-09;SC;116;107;MONTE CASTELO;Velocidade Incompatível;Sem Vítimas;2;Nublado;Pleno dia;quarta-feira;Saída de leito carroçável;Simples;0;0;-26,75474849;-50,32435656;Segura;Sul;2 Trimestre
575484;2024.0;n;1.0;2024-01-18;PE;232;17,9;JABOATAO DOS GUARARAPES;Avarias e/ou desgaste excessivo no pneu;Com Vítimas Fatais;3;Céu Claro;Pleno dia;quinta-feira;Queda de ocupante de veículo;Dupla;1;1;-8.096947;-35.05353;Perigosa;Nordeste;1 Trimestre
622281;2024.0;n;8.0;2024-08-19;RS;386;29,3;FREDERICO WESTPHALEN;Acessar a via sem observar a presença dos outros veículos;Com Vítimas Feridas;2;Sol;Pleno dia;segunda-feira;Colisão transversal;Simples;0;1;-27.318573;-53.375618;Perigosa;Sul;3 Trimestre
652970;2025.0;y;1.0;2025-01-01;PR;277;584,1;CASCAVEL;Retorno proibido;Com Vítimas Feridas;2;Céu Claro;Pleno dia;quarta-feira;Colisão transversal;Múltipla;0;1;-24,96584837;-53,40432644;Perigosa;Sul;1 Trimestre
606281;2024.0;n;6.0;2024-06-09;MT;364;569;NOBRES;Demais falhas mecânicas ou elétricas;Sem Vítimas;2;Céu Claro;Pleno dia;domingo;Incêndio;Dupla;0;0;-14.74091393;-56.3204231;Segura;Centro-Oeste;2 Trimestre
669723;2025.0;n;3.0;2025-03-26;TO;153;588;SANTA RITA DO TOCANTINS;Ultrapassagem Indevida;Com Vítimas Fatais;3;Nublado;Pleno dia;quarta-feira;Colisão lateral sentido oposto;Simples;1;2;-10,990783;-48,908731;Perigosa;Norte;1 Trimestre
654230;2025.0;n;1.0;2025-01-10;SE;101;17,6;SAO FRANCISCO;Retorno proibido;Sem Vítimas;2;Nublado;Pleno dia;sexta-feira;Colisão lateral mesmo sentido;Dupla;0;0;-10,34333325;-36,89661741;Segura;Nordeste;1 Trimestre
579637;2024.0;n;2.0;2024-02-07;MA;226;409;GRAJAU;Ausência de reação do condutor;Sem Vítimas;4;Céu Claro;Plena Noite;quarta-feira;Colisão traseira;Dupla;0;0;-5.7745215;-46.07900136;Segura;Nordeste;1 Trimestre
594243;2024.0;n;4.0;2024-04-15;GO;60;29;ALEXANIA;Transitar na contramão;Sem Vítimas;4;Nublado;Plena Noite;segunda-feira;Colisão lateral sentido oposto;Dupla;0;0;-16.0963;-48.5202;Segura;Centro-Oeste;2 Trimestre
594332;2024.0;n;4.0;2024-04-16;MS;163;361;NOVA ALVORADA DO SUL;Ultrapassagem Indevida;Com Vítimas Feridas;2;Chuva;Pleno dia;terça-feira;Colisão frontal;Simples;0;0;-21.4986441;-54.39515773;Segura;Centro-Oeste;2 Trimestre
582577;2024.0;n;2.0;2024-02-22;SP;116;542;BARRA DO TURVO;Frear bruscamente;Sem Vítimas;3;Nublado;Pleno dia;quinta-feira;Derramamento de carga;Dupla;0;0;-24.96898395;-48.40753695;Segura;Sudeste;1 Trimestre
653252;2025.0;n;1.0;2025-01-04;MG;50;42;ARAGUARI;Manobra de mudança de faixa;Sem Vítimas;2;Nublado;Plena Noite;sábado;Colisão traseira;Dupla;0;0;-18,69101412;-48,18009275;Segura;Sudeste;1 Trimestre
595816;2024.0;n;4.0;2024-04-23;MS;262;7,1;TRES LAGOAS;Condutor deixou de manter distância do veículo da frente;Com Vítimas Feridas;5;Céu Claro;Pleno dia;terça-feira;Colisão traseira;Dupla;0;0;-20.79274815;-51.6792798;Segura;Centro-Oeste;2 Trimestre
612193;2024.0;n;7.0;2024-07-05;MG;116;409;GOVERNADOR VALADARES;Velocidade Incompatível;Com Vítimas Feridas;3;Sol;Pleno dia;sexta-feira;Tombamento;Simples;0;0;-18.84936788;-41.97891368;Segura;Sudeste;3 Trimestre
619478;2024.0;n;8.0;2024-08-06;GO;20;209,7;POSSE;Demais falhas na via;Com Vítimas Feridas;2;Céu Claro;Pleno dia;terça-feira;Tombamento;Simples;0;0;-14.270616;-46.389462;Segura;Centro-Oeste;3 Trimestre
656254;2025.0;n;1.0;2025-01-20;BA;116;871,5;VITORIA DA CONQUISTA;Transitar na contramão;Com Vítimas Fatais;3;Céu Claro;Pleno dia;segunda-feira;Colisão lateral sentido oposto;Simples;1;0;-15,13901524;-41,04396962;Perigosa;Nordeste;1 Trimestre
626838;2024.0;n;9.0;2024-09-09;MT;364;249;JUSCIMEIRA;Demais falhas mecânicas ou elétricas;Sem Vítimas;3;Céu Claro;Plena Noite;segunda-feira;Incêndio;Dupla;0;0;-16.12531599;-54.84578799;Segura;Centro-Oeste;3 Trimestre
653487;2025.0;n;1.0;2025-01-06;RS;386;38,2;FREDERICO WESTPHALEN;Acessar a via sem observar a presença dos outros veículos;Com Vítimas Feridas;2;Sol;Pleno dia;segunda-feira;Colisão transversal;Simples;0;0;-27,391367;-53,400776;Segura;Sul;1 Trimestre
591182;2024.0;n;3.0;2024-03-01;AL;101;130,2;SAO MIGUEL DOS CAMPOS;Demais falhas mecânicas ou elétricas;Com Vítimas Feridas;3;Céu Claro;Pleno dia;sexta-feira;Derramamento de carga;Dupla;0;1;-9.75846103;-36.07001181;Perigosa;Nordeste;1 Trimestre
603540;2024.0;n;5.0;2024-05-28;RS;153;414,5;CACHOEIRA DO SUL;Reação tardia ou ineficiente do condutor;Com Vítimas Feridas;3;Chuva;Pleno dia;terça-feira;Colisão traseira;Simples;0;0;-30.07908409;-52.87487984;Segura;Sul;2 Trimestre
673346;2025.0;n;4.0;2025-04-13;MT;163;94;RONDONOPOLIS;Reação tardia ou ineficiente do condutor;Sem Vítimas;4;Nublado;Plena Noite;domingo;Tombamento;Dupla;0;0;-16,69943176;-54,66055512;Segura;Centro-Oeste;2 Trimestre
611853;2024.0;n;7.0;2024-07-03;RJ;101;316;SAO GONCALO;Condutor deixou de manter distância do veículo da frente;Com Vítimas Feridas;2;Céu Claro;Plena Noite;quarta-feira;Colisão traseira;Simples;0;0;-22.82835879;-43.09208739;Segura;Sudeste;3 Trimestre
666666;2025.0;n;3.0;2025-03-11;BA;116;870,6;VITORIA DA CONQUISTA;Manobra de mudança de faixa;Com Vítimas Fatais;3;Céu Claro;Plena Noite;terça-feira;Colisão lateral mesmo sentido;Simples;1;0;-15,210368;-41,086705;Perigosa;Nordeste;1 Trimestre
662339;2025.0;n;2.0;2025-02-19;ES;262;0,5;CARIACICA;Condutor deixou de manter distância do veículo da frente;Com Vítimas Feridas;3;Céu Claro;Pleno dia;quarta-feira;Colisão traseira;Dupla;0;0;-20,320793;-40,353315;Segura;Sudeste;1 Trimestre
659518;2025.0;n;2.0;2025-02-06;PR;476;97,9;BOCAIUVA DO SUL;Ausência de reação do condutor;Com Vítimas Feridas;2;Garoa/Chuvisco;Plena Noite;quinta-feira;Saída de leito carroçável;Simples;0;0;-25,234463;-49,127838;Segura;Sul;1 Trimestre