id;ano;feriado;mes;data_inversa;uf;br;km;municipio;causa_acidente;classificacao_acidente;veiculos;condicao_metereologica;fase_dia;dia_semana;tipo_acidente;tipo_pista;mortos;feridos_graves;latitude;longitude;status;regiao;periodo
598573;2024.0;n;5.0;2024-05-06;GO;20;229,5;POSSE;Conversão proibida;Com Vítimas Feridas;2;Céu Claro;Plena Noite;segunda-feira;Colisão transversal;Simples;0;0;-14.115026;-46.309361;Segura;Centro-Oeste;2 Trimestre
654890;2025.0;n;1.0;2025-01-13;MG;365;198;BURITIZEIRO;Acumulo de água sobre o pavimento;Com Vítimas Feridas;2;Chuva;Pleno dia;segunda-feira;Saída de leito carroçável;Simples;0;0;-17,49491595;-45,21378906;Segura;Sudeste;1 Trimestre
623083;2024.0;n;8.0;2024-08-23;SC;101;404;ARARANGUA;Ausência de reação do condutor;Sem Vítimas;4;Chuva;Pleno dia;sexta-feira;Colisão traseira;Dupla;0;0;-28.87801417;-49.45745479;Segura;Sul;3 Trimestre
617008;2024.0;n;7.0;2024-07-26;SP;116;36;CACHOEIRA PAULISTA;Demais falhas mecânicas ou elétricas;Com Vítimas Feridas;2;Céu Claro;Pleno dia;sexta-feira;Colisão traseira;Dupla;0;1;-22.66104604;-44.97604019;Perigosa;Sudeste;3 Trimestre
620181;2024.0;n;8.0;2024-08-09;SP;116;296;ITAPECERICA DA SERRA;Pista Escorregadia;Com Vítimas Feridas;2;Chuva;Plena Noite;sexta-feira;Colisão traseira;Dupla;0;0;-23.775485;-46.914416;Segura;Sudeste;3 Trimestre
652644;2025.0;y;1.0;2025-01-01;PI;316;32,3;DEMERVAL LOBAO;Ausência de reação do condutor;Sem Vítimas;2;Céu Claro;Plena Noite;quarta-feira;Colisão traseira;Dupla;0;0;-5,34217984;-42,68627493;Segura;Nordeste;1 Trimestre
670713;2025.0;n;3.0;2025-03-31;MS;158;141,2;APARECIDA DO TABOADO;Ausência de reação do condutor;Com Vítimas Feridas;3;Chuva;Pleno dia;segunda-feira;Colisão traseira;Simples;0;0;-20,043966;-51,113191;Segura;Centro-Oeste;1 Trimestre
594709;2024.0;n;4.0;2024-04-18;RJ;101;542;PARATY;Reação tardia ou ineficiente do condutor;Com Vítimas Feridas;1;Chuva;Pleno dia;quinta-feira;Tombamento;Simples;0;0;-23.04128085;-44.59583503;Segura;Sudeste;2 Trimestre
600992;2024.0;n;5.0;2024-05-17;PR;376;99;PARANAVAI;Ausência de reação do condutor;Com Vítimas Feridas;5;Céu Claro;Amanhecer;sexta-feira;Colisão lateral sentido oposto;Simples;0;1;-23.02707029;-52.48539824;Perigosa;Sul;2 Trimestre
582817;2024.0;n;2.0;2024-02-23;RO;364;988;PORTO VELHO;Transitar no Acostamento;Com Vítimas Feridas;3;Nublado;Amanhecer;sexta-feira;Atropelamento de Pedestre;Simples;0;0;-9.68140135;-65.88669298;Segura;Norte;1 Trimestre
573047;2024.0;n;1.0;2024-01-06;MG;365;622;UBERLANDIA;Ausência de reação do condutor;Com Vítimas Feridas;2;Céu Claro;Plena Noite;sábado;Colisão traseira;Dupla;0;0;-18.89589256;-48.27156544;Segura;Sudeste;1 Trimestre
607993;2024.0;n;6.0;2024-06-16;MG;153;74;MONTE ALEGRE DE MINAS;Reação tardia ou ineficiente do condutor;Com Vítimas Feridas;4;Céu Claro;Plena Noite;domingo;Colisão traseira;Simples;0;0;-19.01386516;-49.01652635;Segura;Sudeste;2 Trimestre
603792;2024.0;n;4.0;2024-04-18;DF;70;5;BRASILIA;Acessar a via sem observar a presença dos outros veículos;Com Vítimas Feridas;4;Céu Claro;Amanhecer;quinta-feira;Colisão traseira;Múltipla;0;2;-15.794656;-48.096779;Perigosa;Centro-Oeste;2 Trimestre
620644;2024.0;n;8.0;2024-08-11;MG;251;509;FRANCISCO SA;Acessar a via sem observar a presença dos outros veículos;Com Vítimas Feridas;2;Céu Claro;Anoitecer;domingo;Colisão transversal;Simples;0;0;-16.64068999;-43.69966903;Segura;Sudeste;3 Trimestre
665709;2025.0;n;3.0;2025-03-07;TO;153;497;PARAISO DO TOCANTINS;Acessar a via sem observar a presença dos outros veículos;Com Vítimas Feridas;2;Sol;Pleno dia;sexta-feira;Colisão transversal;Simples;0;0;-10,17645915;-48,8802284;Segura;Norte;1 Trimestre
610827;2024.0;n;6.0;2024-06-29;AL;101;130;SAO MIGUEL DOS CAMPOS;Condutor Dormindo;Com Vítimas Feridas;4;Céu Claro;Pleno dia;sábado;Colisão frontal;Simples;0;0;-9.75846103;-36.07001181;Segura;Nordeste;2 Trimestre
583001;2024.0;n;2.0;2024-02-24;PR;376;70,3;GUAIRACA;Ausência de reação do condutor;Com Vítimas Feridas;5;Céu Claro;Pleno dia;sábado;Colisão lateral sentido oposto;Simples;0;0;-22.93638517;-52.73905105;Segura;Sul;1 Trimestre
595260;2024.0;n;4.0;2024-04-20;GO;60;55,8;ABADIANIA;Condutor deixou de manter distância do veículo da frente;Com Vítimas Feridas;2;Céu Claro;Pleno dia;sábado;Tombamento;Dupla;0;0;-16.1737;-48.6483;Segura;Centro-Oeste;2 Trimestre
575019;2024.0;n;1.0;2024-01-08;PB;101;83;BAYEUX;Acessar a via sem observar a presença dos outros veículos;Com Vítimas Feridas;4;Céu Claro;Pleno dia;segunda-feira;Tombamento;Dupla;0;0;-7.1337703;-34.92963914;Segura;Nordeste;1 Trimestre
584244;2024.0;n;3.0;2024-03-01;RS;290;104,9;ELDORADO DO SUL;Manobra de mudança de faixa;Com Vítimas Feridas;3;Céu Claro;Pleno dia;sexta-feira;Colisão traseira;Dupla;0;0;-29.998999;-51.294563;Segura;Sul;1 Trimestre
613943;2024.0;n;7.0;2024-07-12;PA;10;201,3;IPIXUNA DO PARA;Reação tardia ou ineficiente do condutor;Com Vítimas Fatais;3;Céu Claro;Pleno dia;sexta-feira;Colisão traseira;Simples;4;1;-2.67214493;-47.47363364;Perigosa;Norte;3 Trimestre
578002;2024.0;n;1.0;2024-01-30;PE;408;100;SAO LOURENCO DA MATA;Avarias e/ou desgaste excessivo no pneu;Com Vítimas Feridas;1;Sol;Pleno dia;terça-feira;Tombamento;Dupla;0;0;-8.04364056;-35.01674995;Segura;Nordeste;1 Trimestre
604618;2024.0;n;6.0;2024-06-02;SP;116;550;BARRA DO TURVO;Reação tardia ou ineficiente do condutor;Com Vítimas Feridas;2;Céu Claro;Pleno dia;domingo;Tombamento;Dupla;0;0;-24.95749618;-48.46440871;Segura;Sudeste;2 Trimestre
609686;2024.0;n;6.0;2024-06-24;MG;381;820;CAREACU;Reação tardia ou ineficiente do condutor;Sem Vítimas;2;Céu Claro;Pleno dia;segunda-feira;Colisão lateral mesmo sentido;Dupla;0;0;-22.1081057;-45.74028007;Segura;Sudeste;2 Trimestre
606710;2024.0;n;4.0;2024-04-20;SC;282;515,3;XAXIM;Ultrapassagem Indevida;Com Vítimas Fatais;5;Sol;Pleno dia;sábado;Colisão lateral mesmo sentido;Simples;1;1;-26.9238;-52.49686;Perigosa;Sul;2 Trimestre
608774;2024.0;n;6.0;2024-06-20;MG;354;743,8;POUSO ALTO;Falta de acostamento;Com Vítimas Feridas;4;Céu Claro;Pleno dia;quinta-feira;Colisão traseira;Simples;0;0;-22.2393211;-44.93648355;Segura;Sudeste;2 Trimestre
579758;2024.0;n;2.0;2024-02-08;MT;70;70;GENERAL CARNEIRO;Manobra de mudança de faixa;Com Vítimas Feridas;5;Céu Claro;Pleno dia;quinta-feira;Colisão lateral mesmo sentido;Simples;0;0;-15.70436387;-52.77770797;Segura;Centro-Oeste;1 Trimestre
586895;2024.0;n;3.0;2024-03-13;MS;262;144;AGUA CLARA;Acesso irregular;Com Vítimas Feridas;4;Céu Claro;Amanhecer;quarta-feira;Atropelamento de Pedestre;Simples;0;1;-20.44351084;-52.88373113;Perigosa;Centro-Oeste;1 Trimestre
601536;2024.0;n;5.0;2024-05-19;MG;251;427,9;GRAO MOGOL;Velocidade Incompatível;Com Vítimas Fatais;2;Céu Claro;Pleno dia;domingo;Tombamento;Simples;1;0;-16.33690716;-43.13798285;Perigosa;Sudeste;2 Trimestre
572772;2024.0;n;1.0;2024-01-05;GO;60;38,8;GOIANIA;Velocidade Incompatível;Com Vítimas Feridas;2;Céu Claro;Pleno dia;sexta-feira;Tombamento;Múltipla;0;0;-16.6777;-49.2676;Segura;Centro-Oeste;1 Trimestre
581534;2024.0;n;2.0;2024-02-16;RS;101;67,5;MAQUINE;Carga excessiva e/ou mal acondicionada;Sem Vítimas;3;Nublado;Pleno dia;sexta-feira;Colisão com objeto;Dupla;0;0;-29.72879377;-50.20168304;Segura;Sul;1 Trimestre
573451;2024.0;n;1.0;2024-01-08;RN;101;153;GOIANINHA;Reação tardia ou ineficiente do condutor;Com Vítimas Feridas;3;Céu Claro;Plena Noite;segunda-feira;Colisão com objeto;Dupla;0;0;-6.31748925;-35.18316143;Segura;Nordeste;1 Trimestre
622503;2024.0;n;8.0;2024-08-20;PR;277;638;CEU AZUL;Desrespeitar a preferência no cruzamento;Com Vítimas Feridas;3;Céu Claro;Pleno dia;terça-feira;Colisão transversal;Simples;0;2;-25.1578934;-53.85103257;Perigosa;Sul;3 Trimestre
584825;2024.0;n;3.0;2024-03-03;SC;470;96,3;APIUNA;Ausência de reação do condutor;Com Vítimas Feridas;3;Nublado;Plena Noite;domingo;Colisão lateral sentido oposto;Simples;0;0;-27.02531711;-49.37535882;Segura;Sul;1 Trimestre
600688;2024.0;n;5.0;2024-05-04;MG;381;940,6;EXTREMA;Velocidade Incompatível;Com Vítimas Feridas;3;Sol;Pleno dia;sábado;Tombamento;Dupla;0;0;-22.82581176;-46.31288767;Segura;Sudeste;2 Trimestre
577482;2024.0;n;1.0;2024-01-27;PR;476;282;SAO MATEUS DO SUL;Transitar na contramão;Com Vítimas Feridas;5;Céu Claro;Plena Noite;sábado;Colisão frontal;Simples;0;0;-25.883417;-50.430523;Segura;Sul;1 Trimestre
605492;2024.0;n;6.0;2024-06-06;GO;153;510,3;APARECIDA DE GOIANIA;Condutor deixou de manter distância do veículo da frente;Com Vítimas Feridas;3;Sol;Pleno dia;quinta-feira;Colisão traseira;Simples;0;0;-16.7977;-49.2386;Segura;Centro-Oeste;2 Trimestre
581758;2024.0;n;2.0;2024-02-17;MG;365;756,8;ITUIUTABA;Reação tardia ou ineficiente do condutor;Com Vítimas Feridas;3;Céu Claro;Plena Noite;sábado;Saída de leito carroçável;Dupla;0;1;-18.9656911;-49.50626671;Perigosa;Sudeste;1 Trimestre
670628;2025.0;n;3.0;2025-03-30;BA;101;160;CONCEICAO DO JACUIPE;Acostamento em desnível;Sem Vítimas;3;Céu Claro;Plena Noite;domingo;Tombamento;Simples;0;0;-12,352462;-38,7760689;Segura;Nordeste;1 Trimestre
574335;2024.0;n;1.0;2024-01-13;SE;235;13,7;NOSSA SENHORA DO SOCORRO;Condutor Dormindo;Com Vítimas Feridas;1;Céu Claro;Plena Noite;sábado;Tombamento;Simples;0;1;-10.868567;-37.171078;Perigosa;Nordeste;1 Trimestre
610280;2024.0;n;6.0;2024-06-27;SC;470;81;RODEIO;Condutor Dormindo;Com Vítimas Feridas;2;Nublado;Plena Noite;quinta-feira;Tombamento;Simples;0;0;-26.950367;-49.325638;Segura;Sul;2 Trimestre
653649;2025.0;n;1.0;2025-01-07;RN;304;38;MOSSORO;Condutor deixou de manter distância do veículo da frente;Com Vítimas Feridas;2;Céu Claro;Pleno dia;terça-feira;Colisão transversal;Simples;0;0;-5,18138457;-37,36832252;Segura;Nordeste;1 Trimestre
667076;2025.0;n;3.0;2025-03-14;BA;324;516;FEIRA DE SANTANA;Ausência de reação do condutor;Com Vítimas Feridas;2;Céu Claro;Plena Noite;sexta-feira;Colisão traseira;Simples;0;0;-12,247322;-38,934322;Segura;Nordeste;1 Trimestre
587089;2024.0;n;3.0;2024-03-13;PB;230;124,3;RIACHAO DO BACAMARTE;Condutor Dormindo;Sem Vítimas;3;Chuva;Plena Noite;quarta-feira;Colisão traseira;Dupla;0;0;-7.25038;-35.683654;Segura;Nordeste;1 Trimestre
687864;2025.0;n;4.0;2025-04-12;TO;10;495;APARECIDA DO RIO NEGRO;Avarias e/ou desgaste excessivo no pneu;Com Vítimas Feridas;3;Céu Claro;Pleno dia;sábado;Tombamento;Simples;0;0;-10,126175;-48,174603;Segura;Norte;2 Trimestre
687873;2025.0;n;4.0;2025-04-28;MT;163;834,4;SINOP;Reação tardia ou ineficiente do condutor;Com Vítimas Feridas;2;Céu Claro;Pleno dia;segunda-feira;Colisão lateral mesmo sentido;Dupla;0;0;-11,86681232;-55,49641225;Segura;Centro-Oeste;2 Trimestre
616745;2024.0;n;7.0;2024-07-25;PR;153;41;SANTO ANTONIO DA PLATINA;Problema com o freio;Sem Vítimas;7;Céu Claro;Pleno dia;quinta-feira;Saída de leito carroçável;Simples;0;0;-23.287931;-50.059216;Segura;Sul;3 Trimestre
591848;2024.0;n;4.0;2024-04-05;SP;116;513;CAJATI;Reação tardia ou ineficiente do condutor;Com Vítimas Feridas;2;Garoa/Chuvisco;Plena Noite;sexta-feira;Colisão com objeto;Dupla;0;0;-24.85109616;-48.21802405;Segura;Sudeste;2 Trimestre
601779;2024.0;n;5.0;2024-05-20;SC;470;60,1;BLUMENAU;Acessar a via sem observar a presença dos outros veículos;Com Vítimas Feridas;2;Céu Claro;Pleno dia;segunda-feira;Colisão transversal;Simples;0;1;-26.88138;-49.164543;Perigosa;Sul;2 Trimestre
672320;2025.0;n;4.0;2025-04-08;MG;381;516;IGARAPE;Problema com o freio;Com Vítimas Feridas;4;Céu Claro;Pleno dia;terça-feira;Colisão traseira;Dupla;0;0;-20,10134;-44,31934;Segura;Sudeste;2 Trimestre
587354;2024.0;n;3.0;2024-03-15;MG;381;486;BETIM;Velocidade Incompatível;Com Vítimas Feridas;2;Céu Claro;Pleno dia;sexta-feira;Colisão traseira;Múltipla;0;0;-19.95644414;-44.13611598;Segura;Sudeste;1 Trimestre
591938;2024.0;n;4.0;2024-04-05;GO;153;356,5;JARAGUA;Acessar a via sem observar a presença dos outros veículos;Com Vítimas Feridas;2;Céu Claro;Pleno dia;sexta-feira;Colisão transversal;Simples;0;0;-15.716531;-49.329445;Segura;Centro-Oeste;2 Trimestre
658037;2025.0;n;1.0;2025-01-29;ES;101;125;LINHARES;Pedestre cruzava a pista fora da faixa;Sem Vítimas;3;Céu Claro;Pleno dia;quarta-feira;Atropelamento de Pedestre;Simples;0;0;-19,18496498;-40,09429827;Segura;Sudeste;1 Trimestre
591167;2024.0;n;4.0;2024-04-01;PR;369;386,4;MAMBORE;Condutor usando celular;Com Vítimas Feridas;3;Nublado;Pleno dia;segunda-feira;Colisão traseira;Simples;0;0;-24.332857;-52.6675606;Segura;Sul;2 Trimestre
588792;2024.0;n;3.0;2024-03-21;RJ;393;280,5;BARRA DO PIRAI;Reação tardia ou ineficiente do condutor;Com Vítimas Feridas;3;Sol;Pleno dia;quinta-feira;Colisão lateral sentido oposto;Simples;0;0;-22.47750785;-44.01954402;Segura;Sudeste;1 Trimestre
629235;2024.0;n;9.0;2024-09-19;PR;376;103;SAO JOSE DOS PINHAIS;Ausência de reação do condutor;Sem Vítimas;2;Céu Claro;Plena Noite;quinta-feira;Colisão com objeto;Simples;0;0;-25.5710184;-49.182611;Segura;Sul;3 Trimestre
624432;2024.0;n;8.0;2024-08-29;SC;101;78;ARAQUARI;Frear bruscamente;Com Vítimas Feridas;3;Céu Claro;Plena Noite;quinta-feira;Colisão lateral mesmo sentido;Múltipla;0;0;-26.57672096;-48.72270551;Segura;Sul;3 Trimestre
623137;2024.0;n;8.0;2024-08-23;PI;343;235;COCAL DE TELHA;Ausência de reação do condutor;Com Vítimas Feridas;1;Céu Claro;Pleno dia;sexta-feira;Saída de leito carroçável;Simples;0;0;-4.62826;-42.017742;Segura;Nordeste;3 Trimestre
629084;2024.0;n;9.0;2024-09-18;RJ;40;2,3;COMENDADOR LEVY GASPARIAN;Demais falhas mecânicas ou elétricas;Sem Vítimas;3;Céu Claro;Pleno dia;quarta-feira;Incêndio;Dupla;0;0;-22.01143747;-43.25078935;Segura;Sudeste;3 Trimestre
661469;2025.0;n;2.0;2025-02-15;MG;251;471,4;FRANCISCO SA;Ausência de reação do condutor;Com Vítimas Feridas;1;Vento;Plena Noite;sábado;Saída de leito carroçável;Simples;0;1;-16,46801304;-43,43121303;Perigosa;Sudeste;1 Trimestre
577864;2024.0;n;1.0;2024-01-29;RS;116;525,4;PELOTAS;Ausência de reação do condutor;Sem Vítimas;2;Nublado;Pleno dia;segunda-feira;Colisão lateral mesmo sentido;Simples;0;0;-31.7359522;-52.39349776;Segura;Sul;1 Trimestre
624280;2024.0;n;8.0;2024-08-29;MG;153;189;FRUTAL;Ausência de reação do condutor;Com Vítimas Feridas;3;Céu Claro;Pleno dia;quinta-feira;Colisão lateral sentido oposto;Simples;0;1;-19.93202411;-48.95602032;Perigosa;Sudeste;3 Trimestre
654644;2025.0;n;1.0;2025-01-12;MG;251;431;GRAO MOGOL;Demais falhas mecânicas ou elétricas;Sem Vítimas;2;Nublado;Amanhecer;domingo;Incêndio;Simples;0;0;-16,3602658;-43,16619819;Segura;Sudeste;1 Trimestre
599385;2024.0;n;5.0;2024-05-09;PB;101;96;CONDE;Acostamento em desnível;Com Vítimas Feridas;3;Céu Claro;Pleno dia;quinta-feira;Colisão transversal;Dupla;0;2;-7.230921;-34.921149;Perigosa;Nordeste;2 Trimestre
626945;2024.0;n;9.0;2024-09-09;PR;153;121,5;IBAITI;Velocidade Incompatível;Com Vítimas Fatais;2;Céu Claro;Pleno dia;segunda-feira;Tombamento;Simples;1;0;-23.93495662;-50.23962021;Perigosa;Sul;3 Trimestre
652866;2025.0;n;1.0;2025-01-03;PR;277;322,7;GUARAPUAVA;Transitar na contramão;Com Vítimas Feridas;2;Nublado;Plena Noite;sexta-feira;Colisão frontal;Simples;0;1;-25,375901;-51,29568;Perigosa;Sul;1 Trimestre
627089;2024.0;n;9.0;2024-09-10;ES;259;32;COLATINA;Ausência de reação do condutor;Com Vítimas Feridas;3;Sol;Pleno dia;terça-feira;Colisão lateral sentido oposto;Simples;0;0;-19.57831211;-40.50880592;Segura;Sudeste;3 Trimestre
630038;2024.0;n;9.0;2024-09-23;PR;116;126;FAZENDA RIO GRANDE;Reação tardia ou ineficiente do condutor;Com Vítimas Feridas;2;Sol;Pleno dia;segunda-feira;Colisão traseira;Dupla;0;0;-25.60389895;-49.31824423;Segura;Sul;3 Trimestre
574778;2024.0;n;1.0;2024-01-14;SC;282;132,9;BOM RETIRO;Transitar na contramão;Com Vítimas Fatais;3;Céu Claro;Pleno dia;domingo;Colisão frontal;Simples;1;0;-27.8075185;-49.5322749;Perigosa;Sul;1 Trimestre
595851;2024.0;n;4.0;2024-04-23;MT;163;910;ITAUBA;Reação tardia ou ineficiente do condutor;Com Vítimas Feridas;4;Céu Claro;Pleno dia;terça-feira;Colisão lateral sentido oposto;Simples;0;0;-11.14000307;-55.31410217;Segura;Centro-Oeste;2 Trimestre
673670;2025.0;n;4.0;2025-04-14;PA;316;35;SANTA IZABEL DO PARA;Acessar a via sem observar a presença dos outros veículos;Com Vítimas Feridas;4;Nublado;Pleno dia;segunda-feira;Tombamento;Dupla;0;0;-1,290593;-48,156373;Segura;Norte;2 Trimestre
594826;2024.0;n;4.0;2024-04-18;MA;316;425,5;PERITORO;Acessar a via sem observar a presença dos outros veículos;Com Vítimas Feridas;2;Nublado;Plena Noite;quinta-feira;Colisão traseira;Simples;0;1;-4.374085;-44.332352;Perigosa;Nordeste;2 Trimestre
576870;2024.0;n;1.0;2024-01-24;BA;116;815,5;VITORIA DA CONQUISTA;Ultrapassagem Indevida;Com Vítimas Fatais;3;Nublado;Plena Noite;quarta-feira;Colisão frontal;Simples;1;0;-14.813608;-40.799503;Perigosa;Nordeste;1 Trimestre
664007;2025.0;n;1.0;2025-01-11;PI;407;474,5;JAICOS;Reação tardia ou ineficiente do condutor;Com Vítimas Feridas;1;Nublado;Plena Noite;sábado;Colisão com objeto;Simples;0;1;-7,39947492;-41,17380309;Perigosa;Nordeste;1 Trimestre
621767;2024.0;n;8.0;2024-08-17;SC;101;136,2;BALNEARIO CAMBORIU;Pedestre cruzava a pista fora da faixa;Com Vítimas Feridas;2;Céu Claro;Pleno dia;sábado;Atropelamento de Pedestre;Simples;0;1;-27.008113;-48.617245;Perigosa;Sul;3 Trimestre
653477;2025.0;n;1.0;2025-01-06;SC;101;205,7;SAO JOSE;Reação tardia ou ineficiente do condutor;Com Vítimas Feridas;3;Céu Claro;Pleno dia;segunda-feira;Colisão traseira;Múltipla;0;0;-27,58313237;-48,61532885;Segura;Sul;1 Trimestre
652519;2025.0;y;1.0;2025-01-01;CE;116;546,2;PENAFORTE;Pista esburacada;Com Vítimas Fatais;6;Céu Claro;Pleno dia;quarta-feira;Colisão frontal;Simples;1;0;-7,812288;-39,08333306;Perigosa;Nordeste;1 Trimestre
664036;2025.0;n;2.0;2025-02-27;MG;50;175,8;UBERABA;Ausência de reação do condutor;Com Vítimas Fatais;2;Céu Claro;Pleno dia;quinta-feira;Colisão com objeto;Dupla;1;0;-19,779025;-47,962022;Perigosa;Sudeste;1 Trimestre
629581;2024.0;n;9.0;2024-09-21;PR;116;39;CAMPINA GRANDE DO SUL;Chuva;Com Vítimas Feridas;6;Chuva;Pleno dia;sábado;Engavetamento;Dupla;0;0;-25.156168;-48.8613401;Segura;Sul;3 Trimestre
664194;2025.0;n;2.0;2025-02-28;RS;470;231,5;CARLOS BARBOSA;Demais falhas mecânicas ou elétricas;Sem Vítimas;1;Céu Claro;Pleno dia;sexta-feira;Incêndio;Simples;0;0;-29,28776932;-51,48893064;Segura;Sul;1 Trimestre
579801;2024.0;n;2.0;2024-02-08;RS;101;13,9;DOM PEDRO DE ALCANTARA;Acessar a via sem observar a presença dos outros veículos;Com Vítimas Feridas;2;Sol;Pleno dia;quinta-feira;Colisão frontal;Simples;0;0;-29.3930518;-49.84373839;Segura;Sul;1 Trimestre
655709;2025.0;n;1.0;2025-01-13;ES;101;142;LINHARES;Falta de acostamento;Com Vítimas Feridas;4;Céu Claro;Pleno dia;segunda-feira;Colisão traseira;Dupla;0;0;-19,33458987;-40,06755477;Segura;Sudeste;1 Trimestre
627805;2024.0;n;9.0;2024-09-13;SC;280;27,9;ARAQUARI;Acessar a via sem observar a presença dos outros veículos;Com Vítimas Feridas;2;Céu Claro;Anoitecer;sexta-feira;Colisão transversal;Simples;0;0;-26.39685622;-48.74021969;Segura;Sul;3 Trimestre
687031;2025.0;n;4.0;2025-04-24;RJ;116;172;SAO JOAO DE MERITI;Acessar a via sem observar a presença dos outros veículos;Com Vítimas Feridas;2;Céu Claro;Pleno dia;quinta-feira;Colisão lateral mesmo sentido;Múltipla;0;0;-22,80067251;-43,35333824;Segura;Sudeste;2 Trimestre
616175;2024.0;n;7.0;2024-07-22;BA;235;351,2;JUAZEIRO;Transitar na contramão;Com Vítimas Feridas;2;Sol;Pleno dia;segunda-feira;Colisão frontal;Simples;0;1;-9.426325;-40.505143;Perigosa;Nordeste;3 Trimestre
628834;2024.0;n;9.0;2024-09-17;MT;364;296,4;JACIARA;Reação tardia ou ineficiente do condutor;Com Vítimas Feridas;4;Céu Claro;Plena Noite;terça-feira;Tombamento;Dupla;0;0;-15.8641558;-55.12584675;Segura;Centro-Oeste;3 Trimestre
606769;2024.0;n;6.0;2024-06-11;GO;452;1;RIO VERDE;Ausência de reação do condutor;Com Vítimas Fatais;3;Céu Claro;Pleno dia;terça-feira;Colisão traseira;Dupla;1;0;-17.79126493;-50.89368296;Perigosa;Centro-Oeste;2 Trimestre
653076;2025.0;n;1.0;2025-01-04;MG;50;188;UBERABA;Ausência de reação do condutor;Com Vítimas Feridas;1;Nublado;Plena Noite;sábado;Saída de leito carroçável;Dupla;0;0;-19,84070819;-47,87993327;Segura;Sudeste;1 Trimestre
575669;2024.0;n;1.0;2024-01-19;SP;381;16;BRAGANCA PAULISTA;Demais falhas mecânicas ou elétricas;Sem Vítimas;1;Céu Claro;Pleno dia;sexta-feira;Incêndio;Dupla;0;0;-22.95797408;-46.48078972;Segura;Sudeste;1 Trimestre
594971;2024.0;n;4.0;2024-04-19;RJ;116;174;RIO DE JANEIRO;Reação tardia ou ineficiente do condutor;Sem Vítimas;2;Céu Claro;Pleno dia;sexta-feira;Colisão lateral mesmo sentido;Dupla;0;0;-22.79423806;-43.36403759;Segura;Sudeste;2 Trimestre
629190;2024.0;n;8.0;2024-08-10;ES;101;422,1;PRESIDENTE KENNEDY;Ausência de reação do condutor;Com Vítimas Fatais;2;Nublado;Plena Noite;sábado;Colisão lateral sentido oposto;Simples;1;0;-20.988749;-41.11846998;Perigosa;Sudeste;3 Trimestre
604973;2024.0;n;6.0;2024-06-03;SE;101;40,1;CAPELA;Velocidade Incompatível;Com Vítimas Feridas;2;Chuva;Pleno dia;segunda-feira;Saída de leito carroçável;Dupla;0;0;-10.52530719;-36.95530873;Segura;Nordeste;2 Trimestre
658726;2025.0;n;2.0;2025-02-02;PR;376;603;CURITIBA;Reação tardia ou ineficiente do condutor;Com Vítimas Feridas;3;Nublado;Plena Noite;domingo;Colisão traseira;Dupla;0;0;-25,5452876;-49,29755393;Segura;Sul;1 Trimestre
612639;2024.0;n;7.0;2024-07-07;MS;163;687;RIO VERDE DE MATO GROSSO;Ingestão de álcool pelo condutor;Com Vítimas Feridas;1;Céu Claro;Plena Noite;domingo;Saída de leito carroçável;Simples;0;0;-18.86803903;-54.82781994;Segura;Centro-Oeste;3 Trimestre
611120;2024.0;n;6.0;2024-06-30;MG;262;548;LUZ;Carga excessiva e/ou mal acondicionada;Sem Vítimas;2;Céu Claro;Pleno dia;domingo;Derramamento de carga;Simples;0;0;-19.72129049;-45.8769536;Segura;Sudeste;2 Trimestre
607753;2024.0;n;6.0;2024-06-15;PA;10;22;DOM ELISEU;Ultrapassagem Indevida;Com Vítimas Feridas;4;Céu Claro;Plena Noite;sábado;Queda de ocupante de veículo;Simples;0;1;-4.256201;-47.562159;Perigosa;Norte;2 Trimestre
580369;2024.0;n;2.0;2024-02-10;MG;116;313,3;ITAMBACURI;Demais falhas mecânicas ou elétricas;Sem Vítimas;2;Nublado;Pleno dia;sábado;Incêndio;Simples;0;0;-18.09344397;-41.68893313;Segura;Sudeste;1 Trimestre
587343;2024.0;n;3.0;2024-03-15;MT;70;498;CUIABA;Acesso irregular;Com Vítimas Feridas;5;Céu Claro;Amanhecer;sexta-feira;Colisão frontal;Simples;0;1;-15.68932746;-55.9068932;Perigosa;Centro-Oeste;1 Trimestre
585008;2024.0;n;3.0;2024-03-04;RS;290;152,2;ARROIO DOS RATOS;Acessar a via sem observar a presença dos outros veículos;Com Vítimas Feridas;3;Céu Claro;Pleno dia;segunda-feira;Colisão transversal;Simples;0;0;-30.104769;-51.727539;Segura;Sul;1 Trimestre
625455;2024.0;n;6.0;2024-06-25;PE;232;407;SERRA TALHADA;Manobra de mudança de faixa;Com Vítimas Feridas;2;Garoa/Chuvisco;Plena Noite;terça-feira;Colisão lateral mesmo sentido;Simples;0;0;-7.9854402;-38.27148304;Segura;Nordeste;2 Trimestre
601778;2024.0;n;5.0;2024-05-20;MG;364;30,4;FRUTAL;Condutor deixou de manter distância do veículo da frente;Com Vítimas Feridas;8;Céu Claro;Anoitecer;segunda-feira;Colisão traseira;Simples;0;0;-20.015069;-48.916092;Segura;Sudeste;2 Trimestre
652718;2025.0;n;1.0;2025-01-02;CE;304;47,7;ARACATI;Acessar a via sem observar a presença dos outros veículos;Com Vítimas Feridas;2;Sol;Pleno dia;quinta-feira;Colisão transversal;Simples;0;1;-4,57573881;-37,78945494;Perigosa;Nordeste;1 Trimestre