id;ano;feriado;mes;data_inversa;uf;br;km;municipio;causa_acidente;classificacao_acidente;veiculos;condicao_metereologica;fase_dia;dia_semana;tipo_acidente;tipo_pista;mortos;feridos_graves;latitude;longitude;status;regiao;periodo
605254;2024.0;n;6.0;2024-06-04;MG;381;525,6;BRUMADINHO;Velocidade Incompatível;Com Vítimas Feridas;2;Céu Claro;Plena Noite;terça-feira;Saída de leito carroçável;Dupla;0;1;-20.16710798;-44.33422398;Perigosa;Sudeste;2 Trimestre
610343;2024.0;n;6.0;2024-06-27;RJ;116;145;DUQUE DE CAXIAS;Ausência de reação do condutor;Com Vítimas Feridas;2;Nublado;Amanhecer;quinta-feira;Colisão traseira;Dupla;0;1;-22.66237951;-43.25529831;Perigosa;Sudeste;2 Trimestre
619730;2024.0;n;8.0;2024-08-07;SC;101;202;SAO JOSE;Reação tardia ou ineficiente do condutor;Com Vítimas Feridas;3;Céu Claro;Plena Noite;quarta-feira;Saída de leito carroçável;Múltipla;0;0;-27.55711595;-48.61897889;Segura;Sul;3 Trimestre
671321;2025.0;n;3.0;2025-03-10;CE;222;302,2;TIANGUA;Ausência de reação do condutor;Com Vítimas Feridas;1;Nevoeiro/Neblina;Plena Noite;segunda-feira;Saída de leito carroçável;Simples;0;0;-3,66316862;-40,94908118;Segura;Nordeste;1 Trimestre
580107;2024.0;n;2.0;2024-02-09;PA;316;98;IGARAPE-ACU;Manobra de mudança de faixa;Com Vítimas Feridas;2;Nublado;Pleno dia;sexta-feira;Tombamento;Simples;0;0;-1.33188337;-47.62160007;Segura;Norte;1 Trimestre
687156;2025.0;n;4.0;2025-04-24;RO;364;740;PORTO VELHO;Chuva;Com Vítimas Feridas;3;Chuva;Plena Noite;quinta-feira;Saída de leito carroçável;Simples;0;0;-8,89835996;-63,96879941;Segura;Norte;2 Trimestre
671691;2025.0;n;4.0;2025-04-05;BA;116;456;ANTONIO CARDOSO;Desvio temporário;Sem Vítimas;2;Céu Claro;Pleno dia;sábado;Saída de leito carroçável;Dupla;0;0;-12,39297204;-39,15873732;Segura;Nordeste;2 Trimestre
670125;2025.0;n;3.0;2025-03-28;SC;470;104,6;APIUNA;Ausência de reação do condutor;Com Vítimas Fatais;5;Céu Claro;Pleno dia;sexta-feira;Colisão frontal;Simples;1;0;-27,064423;-49,4157847;Perigosa;Sul;1 Trimestre
609267;2024.0;n;6.0;2024-06-22;MG;381;536,5;ITATIAIUCU;Transitar na contramão;Com Vítimas Feridas;4;Céu Claro;Pleno dia;sábado;Colisão frontal;Dupla;0;1;-20.22443302;-44.39530859;Perigosa;Sudeste;2 Trimestre
582457;2024.0;n;2.0;2024-02-21;MG;381;481;CONTAGEM;Entrada inopinada do pedestre;Com Vítimas Feridas;4;Nublado;Anoitecer;quarta-feira;Atropelamento de Pedestre;Múltipla;0;1;-19.95809;-44.05607;Perigosa;Sudeste;1 Trimestre
584323;2024.0;n;3.0;2024-03-01;PR;116;77;QUATRO BARRAS;Manobra de mudança de faixa;Sem Vítimas;4;Nublado;Plena Noite;sexta-feira;Colisão lateral mesmo sentido;Dupla;0;0;-25.4049946;-49.059916;Segura;Sul;1 Trimestre
655896;2025.0;n;1.0;2025-01-18;MG;50;194,5;DELTA;Ingestão de álcool pelo condutor;Sem Vítimas;2;Céu Claro;Anoitecer;sábado;Tombamento;Dupla;0;0;-19,887439;-47,848374;Segura;Sudeste;1 Trimestre
598966;2024.0;n;5.0;2024-05-08;AM;174;897;MANAUS;Reação tardia ou ineficiente do condutor;Com Vítimas Feridas;2;Nevoeiro/Neblina;Amanhecer;quarta-feira;Saída de leito carroçável;Simples;0;1;-2.86520674;-60.03461838;Perigosa;Norte;2 Trimestre
582726;2024.0;n;2.0;2024-02-23;SC;470;233;SAO CRISTOVAO DO SUL;Ausência de reação do condutor;Com Vítimas Feridas;1;Nublado;Pleno dia;sexta-feira;Tombamento;Simples;0;0;-27.30112578;-50.42602301;Segura;Sul;1 Trimestre
592562;2024.0;n;4.0;2024-04-08;CE;116;128,9;RUSSAS;Pista esburacada;Com Vítimas Feridas;1;Nublado;Plena Noite;segunda-feira;Tombamento;Simples;0;0;-4.67991963;-38.12722972;Segura;Nordeste;2 Trimestre
666150;2025.0;n;3.0;2025-03-09;PR;369;0,6;JACAREZINHO;Condutor Dormindo;Com Vítimas Feridas;2;Céu Claro;Pleno dia;domingo;Saída de leito carroçável;Dupla;0;0;-23,00331008;-49,90846211;Segura;Sul;1 Trimestre
662342;2025.0;n;2.0;2025-02-19;RJ;101;228;SILVA JARDIM;Reação tardia ou ineficiente do condutor;Com Vítimas Feridas;2;Céu Claro;Pleno dia;quarta-feira;Tombamento;Dupla;0;0;-22,56151;-42,35875;Segura;Sudeste;1 Trimestre
686365;2025.0;n;4.0;2025-04-20;BA;116;749,3;POCOES;Condutor Dormindo;Sem Vítimas;1;Céu Claro;Plena Noite;domingo;Tombamento;Simples;0;0;-14,4700299;-40,33905029;Segura;Nordeste;2 Trimestre
606815;2024.0;n;6.0;2024-06-11;ES;101;294;CARIACICA;Manobra de mudança de faixa;Com Vítimas Feridas;2;Céu Claro;Plena Noite;terça-feira;Colisão lateral mesmo sentido;Dupla;0;0;-20.32415948;-40.3952903;Segura;Sudeste;2 Trimestre
622932;2024.0;n;8.0;2024-08-22;ES;101;281,9;CARIACICA;Pedestre cruzava a pista fora da faixa;Com Vítimas Feridas;2;Céu Claro;Plena Noite;quinta-feira;Atropelamento de Pedestre;Dupla;0;1;-20.22112792;-40.35720552;Perigosa;Sudeste;3 Trimestre
600910;2024.0;n;5.0;2024-05-16;SC;470;174,8;POUSO REDONDO;Ultrapassagem Indevida;Sem Vítimas;3;Nublado;Anoitecer;quinta-feira;Colisão traseira;Simples;0;0;-27.258179;-49.929146;Segura;Sul;2 Trimestre
669351;2025.0;n;3.0;2025-03-24;MG;116;40,4;PEDRA AZUL;Animais na Pista;Com Vítimas Feridas;2;Céu Claro;Pleno dia;segunda-feira;Atropelamento de Animal;Simples;0;1;-15,985898;-41,407027;Perigosa;Sudeste;1 Trimestre
577948;2024.0;n;1.0;2024-01-30;MG;267;286,3;BAEPENDI;Velocidade Incompatível;Com Vítimas Feridas;2;Céu Claro;Pleno dia;terça-feira;Tombamento;Simples;0;0;-21.92600738;-44.78319168;Segura;Sudeste;1 Trimestre
666620;2025.0;n;3.0;2025-03-11;MG;381;925,5;ITAPEVA;Velocidade Incompatível;Com Vítimas Feridas;2;Céu Claro;Pleno dia;terça-feira;Tombamento;Dupla;0;0;-22,770796;-46,200387;Segura;Sudeste;1 Trimestre
572608;2024.0;n;1.0;2024-01-04;SC;282;543,6;CHAPECO;Demais falhas mecânicas ou elétricas;Sem Vítimas;1;Céu Claro;Pleno dia;quinta-feira;Incêndio;Simples;0;0;-26.999392;-52.717831;Segura;Sul;1 Trimestre
575368;2024.0;n;1.0;2024-01-17;PR;153;82,4;CONSELHEIRO MAIRINCK;Acessar a via sem observar a presença dos outros veículos;Com Vítimas Feridas;3;Céu Claro;Pleno dia;quarta-feira;Colisão frontal;Simples;0;2;-23.62499418;-50.147717;Perigosa;Sul;1 Trimestre
666031;2025.0;n;3.0;2025-03-08;SC;116;140;SANTA CECILIA;Transitar na contramão;Com Vítimas Feridas;3;Céu Claro;Plena Noite;sábado;Colisão frontal;Simples;0;1;-26,964351;-50,4114;Perigosa;Sul;1 Trimestre
591077;2024.0;n;3.0;2024-03-31;PR;153;11;JACAREZINHO;Acessar a via sem observar a presença dos outros veículos;Com Vítimas Feridas;2;Céu Claro;Plena Noite;domingo;Colisão transversal;Simples;0;0;-23.080292;-49.935398;Segura;Sul;1 Trimestre
659680;2025.0;n;2.0;2025-02-06;PB;230;289;SANTA LUZIA;Transitar na contramão;Com Vítimas Feridas;3;Céu Claro;Plena Noite;quinta-feira;Colisão frontal;Simples;0;1;-6,8816;-36,9002;Perigosa;Nordeste;1 Trimestre
615145;2024.0;n;7.0;2024-07-17;MG;153;32;CANAPOLIS;Demais falhas mecânicas ou elétricas;Sem Vítimas;4;Céu Claro;Plena Noite;quarta-feira;Tombamento;Dupla;0;0;-18.69533703;-49.14697105;Segura;Sudeste;3 Trimestre
664098;2025.0;n;2.0;2025-02-27;PA;163;665,9;ITAITUBA;Reação tardia ou ineficiente do condutor;Com Vítimas Feridas;7;Céu Claro;Pleno dia;quinta-feira;Colisão traseira;Simples;0;0;-4,420145;-55,802515;Segura;Norte;1 Trimestre
575330;2024.0;n;1.0;2024-01-17;SP;116;311;SAO LOURENCO DA SERRA;Ausência de reação do condutor;Com Vítimas Feridas;10;Céu Claro;Pleno dia;quarta-feira;Colisão lateral mesmo sentido;Dupla;0;0;-23.87725502;-46.96775798;Segura;Sudeste;1 Trimestre
621846;2024.0;n;8.0;2024-08-17;MS;163;463,5;CAMPO GRANDE;Demais falhas mecânicas ou elétricas;Sem Vítimas;4;Céu Claro;Pleno dia;sábado;Incêndio;Simples;0;0;-20.62069293;-54.5742707;Segura;Centro-Oeste;3 Trimestre
600579;2024.0;n;5.0;2024-05-14;RJ;116;226,7;PIRAI;Reação tardia ou ineficiente do condutor;Com Vítimas Feridas;1;Nevoeiro/Neblina;Plena Noite;terça-feira;Saída de leito carroçável;Simples;0;0;-22.67208078;-43.81789284;Segura;Sudeste;2 Trimestre
687332;2025.0;n;4.0;2025-04-25;SP;116;179;GUARAREMA;Reação tardia ou ineficiente do condutor;Com Vítimas Feridas;2;Garoa/Chuvisco;Plena Noite;sexta-feira;Colisão traseira;Dupla;0;0;-23,32793657;-46,12899391;Segura;Sudeste;2 Trimestre
589078;2024.0;n;3.0;2024-03-22;PB;427;35,3;POMBAL;Velocidade Incompatível;Com Vítimas Feridas;2;Céu Claro;Pleno dia;sexta-feira;Saída de leito carroçável;Simples;0;1;-6.75903094;-37.772584;Perigosa;Nordeste;1 Trimestre
673764;2025.0;n;4.0;2025-04-15;PB;101;88;JOAO PESSOA;Mal súbito do condutor;Com Vítimas Feridas;4;Céu Claro;Plena Noite;terça-feira;Colisão traseira;Dupla;0;0;-7,168;-34,897;Segura;Nordeste;2 Trimestre
652610;2025.0;y;1.0;2025-01-01;BA;324;615;SIMOES FILHO;Manobra de mudança de faixa;Com Vítimas Feridas;3;Céu Claro;Pleno dia;quarta-feira;Colisão traseira;Dupla;0;0;-12,87206398;-38,42746403;Segura;Nordeste;1 Trimestre
595174;2024.0;n;4.0;2024-04-12;SC;282;71,9;RANCHO QUEIMADO;Chuva;Com Vítimas Feridas;2;Chuva;Pleno dia;sexta-feira;Tombamento;Simples;0;1;-27.689093;-49.097748;Perigosa;Sul;2 Trimestre
660541;2025.0;n;2.0;2025-02-10;RS;386;266,9;FONTOURA XAVIER;Velocidade Incompatível;Com Vítimas Feridas;3;Chuva;Pleno dia;segunda-feira;Colisão lateral sentido oposto;Simples;0;2;-28,944974;-52,375688;Perigosa;Sul;1 Trimestre
578724;2024.0;n;2.0;2024-02-03;GO;20;91;VILA BOA;Acessar a via sem observar a presença dos outros veículos;Com Vítimas Feridas;3;Céu Claro;Pleno dia;sábado;Colisão traseira;Simples;0;0;-15.02026;-47.046417;Segura;Centro-Oeste;1 Trimestre
628872;2024.0;n;9.0;2024-09-18;CE;116;478,2;MILAGRES;Ausência de reação do condutor;Com Vítimas Feridas;2;Céu Claro;Pleno dia;quarta-feira;Colisão traseira;Simples;0;0;-7.29991815;-38.88599435;Segura;Nordeste;3 Trimestre
609180;2024.0;n;6.0;2024-06-22;SP;116;503;CAJATI;Velocidade Incompatível;Com Vítimas Feridas;3;Céu Claro;Plena Noite;sábado;Tombamento;Simples;0;0;-24.77541893;-48.20947907;Segura;Sudeste;2 Trimestre
627374;2024.0;n;8.0;2024-08-29;PE;428;37;OROCO;Reação tardia ou ineficiente do condutor;Com Vítimas Feridas;1;Céu Claro;Plena Noite;quinta-feira;Atropelamento de Animal;Simples;0;1;-8.54555347;-39.53551829;Perigosa;Nordeste;3 Trimestre
653140;2025.0;n;1.0;2025-01-04;RJ;40;119;DUQUE DE CAXIAS;Demais falhas mecânicas ou elétricas;Sem Vítimas;1;Céu Claro;Pleno dia;sábado;Incêndio;Dupla;0;0;-22,76375592;-43,28683062;Segura;Sudeste;1 Trimestre
597963;2024.0;n;5.0;2024-05-03;PR;376;6,2;MARINGA;Reação tardia ou ineficiente do condutor;Com Vítimas Feridas;2;Céu Claro;Pleno dia;sexta-feira;Colisão traseira;Dupla;0;0;-23.37720162;-51.9421041;Segura;Sul;2 Trimestre
595621;2024.0;n;4.0;2024-04-22;SP;116;128,6;CACAPAVA;Ausência de reação do condutor;Com Vítimas Feridas;2;Céu Claro;Amanhecer;segunda-feira;Atropelamento de Pedestre;Dupla;0;0;-23.11454664;-45.71105567;Segura;Sudeste;2 Trimestre
582767;2024.0;n;2.0;2024-02-23;MT;364;358;SANTO ANTONIO DO LEVERGER;Reação tardia ou ineficiente do condutor;Sem Vítimas;4;Céu Claro;Pleno dia;sexta-feira;Tombamento;Dupla;0;0;-15.77787608;-55.6140231;Segura;Centro-Oeste;1 Trimestre
589699;2024.0;n;3.0;2024-03-25;MG;50;194;DELTA;Ausência de sinalização;Com Vítimas Feridas;2;Chuva;Pleno dia;segunda-feira;Atropelamento de Pedestre;Dupla;0;1;-19.887439;-47.848374;Perigosa;Sudeste;1 Trimestre
657426;2025.0;n;1.0;2025-01-26;MT;163;108;RONDONOPOLIS;Reação tardia ou ineficiente do condutor;Sem Vítimas;4;Céu Claro;Pleno dia;domingo;Colisão com objeto;Simples;0;0;-16,58105817;-54,68825698;Segura;Centro-Oeste;1 Trimestre
579467;2024.0;n;2.0;2024-02-06;PR;369;39,1;ANDIRA;Estacionar ou parar em local proibido;Com Vítimas Feridas;3;Céu Claro;Plena Noite;terça-feira;Colisão com objeto;Simples;0;1;-23.05688053;-50.24630427;Perigosa;Sul;1 Trimestre
618099;2024.0;n;7.0;2024-07-31;SP;116;389,1;MIRACATU;Avarias e/ou desgaste excessivo no pneu;Com Vítimas Feridas;4;Garoa/Chuvisco;Pleno dia;quarta-feira;Colisão lateral mesmo sentido;Dupla;0;0;-24.27280624;-47.4062269;Segura;Sudeste;3 Trimestre
672567;2025.0;n;4.0;2025-04-09;RS;158;176,4;PEJUCARA;Demais falhas mecânicas ou elétricas;Sem Vítimas;4;Céu Claro;Pleno dia;quarta-feira;Incêndio;Simples;0;0;-28,487509;-53,550293;Segura;Sul;2 Trimestre
604326;2024.0;n;5.0;2024-05-31;SP;116;219;GUARULHOS;Condutor deixou de manter distância do veículo da frente;Com Vítimas Feridas;3;Céu Claro;Plena Noite;sexta-feira;Colisão lateral mesmo sentido;Dupla;0;0;-23.46143954;-46.48885316;Segura;Sudeste;2 Trimestre
627905;2024.0;n;9.0;2024-09-14;SC;101;170,4;TIJUCAS;Transitar na contramão;Com Vítimas Feridas;2;Garoa/Chuvisco;Plena Noite;sábado;Colisão frontal;Dupla;0;1;-27.29669601;-48.63147594;Perigosa;Sul;3 Trimestre
597620;2024.0;y;5.0;2024-05-01;MG;116;6;DIVISA ALEGRE;Velocidade Incompatível;Com Vítimas Feridas;3;Nublado;Amanhecer;quarta-feira;Tombamento;Simples;0;0;-15.74952994;-41.33072084;Segura;Sudeste;2 Trimestre
668280;2025.0;n;3.0;2025-03-19;MT;163;1051;MATUPA;Acessar a via sem observar a presença dos outros veículos;Com Vítimas Feridas;5;Céu Claro;Pleno dia;quarta-feira;Colisão transversal;Simples;0;0;-10,072195;-54,906798;Segura;Centro-Oeste;1 Trimestre
627276;2024.0;n;9.0;2024-09-11;MG;116;261,3;TEOFILO OTONI;Ausência de reação do condutor;Com Vítimas Fatais;2;Sol;Pleno dia;quarta-feira;Colisão frontal;Simples;1;0;-17.7331;-41.49926;Perigosa;Sudeste;3 Trimestre
628432;2024.0;n;9.0;2024-09-16;PR;277;117;CAMPO LARGO;Reação tardia ou ineficiente do condutor;Com Vítimas Feridas;4;Chuva;Plena Noite;segunda-feira;Tombamento;Dupla;0;0;-25.43524762;-49.52257484;Segura;Sul;3 Trimestre
654233;2025.0;n;1.0;2025-01-10;MA;222;540;BOM JESUS DAS SELVAS;Velocidade Incompatível;Com Vítimas Feridas;2;Céu Claro;Amanhecer;sexta-feira;Tombamento;Simples;0;0;-4,30740999;-46,56154001;Segura;Nordeste;1 Trimestre
619156;2024.0;n;8.0;2024-08-05;SP;116;568;BARRA DO TURVO;Velocidade Incompatível;Com Vítimas Feridas;3;Céu Claro;Plena Noite;segunda-feira;Tombamento;Simples;0;0;-25.055473;-48.55555216;Segura;Sudeste;3 Trimestre
581127;2024.0;n;2.0;2024-02-14;RJ;101;425;MANGARATIBA;Acessar a via sem observar a presença dos outros veículos;Com Vítimas Feridas;2;Sol;Pleno dia;quarta-feira;Colisão transversal;Simples;0;0;-22.92618815;-43.96323294;Segura;Sudeste;1 Trimestre
611035;2024.0;n;6.0;2024-06-30;SC;116;164,9;PONTE ALTA DO NORTE;Reação tardia ou ineficiente do condutor;Com Vítimas Feridas;2;Céu Claro;Pleno dia;domingo;Tombamento;Simples;0;0;-27.14325097;-50.46036547;Segura;Sul;2 Trimestre
621262;2024.0;n;8.0;2024-08-14;SP;116;550;BARRA DO TURVO;Reação tardia ou ineficiente do condutor;Com Vítimas Feridas;2;Céu Claro;Plena Noite;quarta-feira;Tombamento;Simples;0;0;-24.95749618;-48.46440871;Segura;Sudeste;3 Trimestre
652716;2025.0;n;1.0;2025-01-02;MG;381;484;BETIM;Ausência de reação do condutor;Com Vítimas Feridas;4;Céu Claro;Pleno dia;quinta-feira;Engavetamento;Dupla;0;0;-19,9596244;-44,087641;Segura;Sudeste;1 Trimestre
653379;2025.0;n;1.0;2025-01-05;BA;101;677;ITAGIMIRIM;Reação tardia ou ineficiente do condutor;Com Vítimas Feridas;5;Céu Claro;Plena Noite;domingo;Colisão lateral mesmo sentido;Simples;0;0;-16,057762;-39,618071;Segura;Nordeste;1 Trimestre
609294;2024.0;n;6.0;2024-06-22;MA;135;24;SAO LUIS;Manobra de mudança de faixa;Com Vítimas Feridas;3;Céu Claro;Pleno dia;sábado;Colisão transversal;Dupla;0;0;-2.75938096;-44.35428204;Segura;Nordeste;2 Trimestre
620816;2024.0;n;8.0;2024-08-12;RS;386;350,3;ESTRELA;Acessar a via sem observar a presença dos outros veículos;Com Vítimas Feridas;3;Céu Claro;Pleno dia;segunda-feira;Colisão transversal;Dupla;0;0;-29.4743;-51.952923;Segura;Sul;3 Trimestre
583747;2024.0;n;2.0;2024-02-27;RO;364;429;JARU;Ausência de reação do condutor;Sem Vítimas;3;Céu Claro;Anoitecer;terça-feira;Colisão traseira;Simples;0;0;-10.41628317;-62.5026501;Segura;Norte;1 Trimestre
582921;2024.0;n;2.0;2024-02-24;SP;116;447;REGISTRO;Ausência de reação do condutor;Com Vítimas Feridas;3;Nevoeiro/Neblina;Amanhecer;sábado;Colisão transversal;Dupla;0;0;-24.51285376;-47.85054871;Segura;Sudeste;1 Trimestre
589137;2024.0;n;3.0;2024-03-23;SC;282;16,4;PALHOCA;Acessar a via sem observar a presença dos outros veículos;Com Vítimas Feridas;4;Nublado;Plena Noite;sábado;Colisão transversal;Simples;0;0;-27.658611;-48.681847;Segura;Sul;1 Trimestre
625245;2024.0;n;9.0;2024-09-02;RJ;40;113;DUQUE DE CAXIAS;Reação tardia ou ineficiente do condutor;Com Vítimas Feridas;3;Céu Claro;Amanhecer;segunda-feira;Engavetamento;Múltipla;0;0;-22.70948502;-43.29040354;Segura;Sudeste;3 Trimestre
669026;2025.0;n;3.0;2025-03-23;MG;251;239,2;SANTA CRUZ DE SALINAS;Ausência de reação do condutor;Com Vítimas Feridas;3;Céu Claro;Amanhecer;domingo;Colisão traseira;Simples;0;0;-16,002527;-41,77217;Segura;Sudeste;1 Trimestre
616854;2024.0;n;7.0;2024-07-25;RS;386;379,5;PAVERAMA;Manobra de mudança de faixa;Com Vítimas Feridas;5;Céu Claro;Plena Noite;quinta-feira;Colisão lateral mesmo sentido;Dupla;0;1;-29.65059042;-51.76093698;Perigosa;Sul;3 Trimestre
617473;2024.0;n;7.0;2024-07-28;BA;242;605;MUQUEM DE SAO FRANCISCO;Demais falhas mecânicas ou elétricas;Sem Vítimas;2;Céu Claro;Pleno dia;domingo;Incêndio;Simples;0;0;-12.15530441;-43.38088989;Segura;Nordeste;3 Trimestre
593404;2024.0;n;2.0;2024-02-10;TO;153;366;FORTALEZA DO TABOCAO;Demais falhas na via;Sem Vítimas;3;Chuva;Pleno dia;sábado;Colisão frontal;Simples;0;0;-9.11752593;-48.53156135;Segura;Norte;1 Trimestre
588802;2024.0;n;3.0;2024-03-21;MG;381;352;JOAO MONLEVADE;Ausência de reação do condutor;Com Vítimas Feridas;3;Chuva;Pleno dia;quinta-feira;Colisão frontal;Simples;0;1;-19.84205535;-43.17383018;Perigosa;Sudeste;1 Trimestre
622991;2024.0;n;8.0;2024-08-11;ES;262;140;MUNIZ FREIRE;Transitar na contramão;Com Vítimas Feridas;2;Nublado;Amanhecer;domingo;Colisão frontal;Simples;0;0;-20.2284777;-41.36813281;Segura;Sudeste;3 Trimestre
602657;2024.0;n;5.0;2024-05-24;MT;158;631;AGUA BOA;Ausência de reação do condutor;Sem Vítimas;3;Céu Claro;Pleno dia;sexta-feira;Tombamento;Simples;0;0;-14.54068228;-52.31210781;Segura;Centro-Oeste;2 Trimestre
652935;2025.0;n;1.0;2025-01-03;MG;116;413;GOVERNADOR VALADARES;Transitar no Acostamento;Com Vítimas Feridas;2;Nublado;Pleno dia;sexta-feira;Colisão lateral mesmo sentido;Simples;0;1;-18,88135621;-41,95887202;Perigosa;Sudeste;1 Trimestre
588460;2024.0;n;3.0;2024-03-20;PR;277;133,8;BALSA NOVA;Condutor Dormindo;Com Vítimas Feridas;5;Nublado;Plena Noite;quarta-feira;Colisão traseira;Dupla;0;1;-25.471514;-49.666425;Perigosa;Sul;1 Trimestre
615465;2024.0;n;7.0;2024-07-19;RS;285;526,6;SAO LUIZ GONZAGA;Ultrapassagem Indevida;Com Vítimas Feridas;4;Céu Claro;Pleno dia;sexta-feira;Colisão lateral mesmo sentido;Simples;0;1;-28.4043;-54.5402;Perigosa;Sul;3 Trimestre
591147;2024.0;n;4.0;2024-04-01;MA;135;97;ITAPECURU MIRIM;Reação tardia ou ineficiente do condutor;Sem Vítimas;4;Céu Claro;Pleno dia;segunda-feira;Engavetamento;Simples;0;0;-3.34154621;-44.45435576;Segura;Nordeste;2 Trimestre
597691;2024.0;y;5.0;2024-05-01;MT;163;1068;GUARANTA DO NORTE;Reação tardia ou ineficiente do condutor;Com Vítimas Feridas;5;Céu Claro;Plena Noite;quarta-feira;Colisão traseira;Simples;0;1;-10.06074697;-54.90736778;Perigosa;Centro-Oeste;2 Trimestre
625640;2024.0;n;9.0;2024-09-04;BA;101;543;SAO JOSE DA VITORIA;Ausência de reação do condutor;Com Vítimas Feridas;2;Céu Claro;Amanhecer;quarta-feira;Tombamento;Simples;0;0;-15.09632256;-39.35302734;Segura;Nordeste;3 Trimestre
686674;2025.0;n;4.0;2025-04-22;PR;476;75;BOCAIUVA DO SUL;Reação tardia ou ineficiente do condutor;Com Vítimas Feridas;2;Garoa/Chuvisco;Pleno dia;terça-feira;Colisão frontal;Simples;0;0;-25,17733033;-49,11124706;Segura;Sul;2 Trimestre
652468;2025.0;y;1.0;2025-01-01;PE;101;89,5;JABOATAO DOS GUARARAPES;Reação tardia ou ineficiente do condutor;Com Vítimas Feridas;3;Céu Claro;Plena Noite;quarta-feira;Colisão traseira;Dupla;0;0;-8,20760697;-34,98372005;Segura;Nordeste;1 Trimestre
615956;2024.0;n;7.0;2024-07-21;SC;101;8;GARUVA;Manobra de mudança de faixa;Sem Vítimas;2;Chuva;Pleno dia;domingo;Colisão com objeto;Dupla;0;0;-26.044942;-48.859703;Segura;Sul;3 Trimestre
608128;2024.0;n;6.0;2024-06-17;PR;376;296,9;MAUA DA SERRA;Reação tardia ou ineficiente do condutor;Com Vítimas Feridas;3;Céu Claro;Pleno dia;segunda-feira;Colisão lateral mesmo sentido;Dupla;0;0;-23.93475303;-51.15322602;Segura;Sul;2 Trimestre
600593;2024.0;n;5.0;2024-05-14;BA;349;1043;CORRENTINA;Reação tardia ou ineficiente do condutor;Com Vítimas Feridas;2;Céu Claro;Pleno dia;terça-feira;Capotamento;Simples;0;0;-13.798735;-46.164127;Segura;Nordeste;2 Trimestre
659522;2025.0;n;2.0;2025-02-06;SP;116;222;GUARULHOS;Ausência de reação do condutor;Com Vítimas Feridas;3;Céu Claro;Amanhecer;quinta-feira;Engavetamento;Múltipla;0;2;-23,47093408;-46,51631097;Perigosa;Sudeste;1 Trimestre
672873;2025.0;n;4.0;2025-04-10;BA;407;190;PONTO NOVO;Demais falhas mecânicas ou elétricas;Sem Vítimas;2;Céu Claro;Pleno dia;quinta-feira;Incêndio;Simples;0;0;-11,033533;-40,096475;Segura;Nordeste;2 Trimestre
600391;2024.0;n;5.0;2024-05-14;MG;40;413,7;CURVELO;Ausência de reação do condutor;Com Vítimas Feridas;1;Céu Claro;Amanhecer;terça-feira;Colisão com objeto;Simples;0;0;-19.136802;-44.616698;Segura;Sudeste;2 Trimestre
610216;2024.0;n;6.0;2024-06-26;RS;392;294,1;SANTANA DA BOA VISTA;Reação tardia ou ineficiente do condutor;Com Vítimas Feridas;2;Céu Claro;Pleno dia;quarta-feira;Saída de leito carroçável;Múltipla;0;1;-30.91106189;-53.10653687;Perigosa;Sul;2 Trimestre
600700;2024.0;n;5.0;2024-05-15;MG;251;506;MONTES CLAROS;Ultrapassagem Indevida;Com Vítimas Feridas;4;Céu Claro;Pleno dia;quarta-feira;Colisão lateral sentido oposto;Simples;0;0;-16.65853004;-43.735423;Segura;Sudeste;2 Trimestre
572760;2024.0;n;1.0;2024-01-05;PR;376;345;ORTIGUEIRA;Acessar a via sem observar a presença dos outros veículos;Com Vítimas Feridas;4;Céu Claro;Pleno dia;sexta-feira;Colisão transversal;Simples;0;1;-24.17616447;-50.96491635;Perigosa;Sul;1 Trimestre
620902;2024.0;n;8.0;2024-08-13;GO;20;145,7;ALVORADA DO NORTE;Ausência de reação do condutor;Com Vítimas Feridas;1;Céu Claro;Amanhecer;terça-feira;Saída de leito carroçável;Simples;0;0;-14.743825;-46.653893;Segura;Centro-Oeste;3 Trimestre
628365;2024.0;n;9.0;2024-09-15;MG;116;700;MURIAE;Ausência de reação do condutor;Com Vítimas Feridas;2;Céu Claro;Plena Noite;domingo;Colisão frontal;Simples;0;0;-21.10258681;-42.37840131;Segura;Sudeste;3 Trimestre
579056;2024.0;n;2.0;2024-02-04;BA;116;363,3;SERRINHA;Velocidade Incompatível;Com Vítimas Feridas;2;Céu Claro;Plena Noite;domingo;Colisão frontal;Simples;0;1;-11.70477008;-38.98661613;Perigosa;Nordeste;1 Trimestre
617948;2024.0;n;7.0;2024-07-30;RJ;116;174;SAO JOAO DE MERITI;Ausência de reação do condutor;Com Vítimas Feridas;3;Chuva;Plena Noite;terça-feira;Colisão traseira;Múltipla;0;0;-22.79423806;-43.36403759;Segura;Sudeste;3 Trimestre
653195;2025.0;n;1.0;2025-01-04;SC;101;327;CAPIVARI DE BAIXO;Ausência de reação do condutor;Com Vítimas Feridas;2;Céu Claro;Pleno dia;sábado;Colisão traseira;Simples;0;0;-28,43023306;-48,95205197;Segura;Sul;1 Trimestre
601818;2024.0;n;5.0;2024-05-20;RJ;40;92;PETROPOLIS;Carga excessiva e/ou mal acondicionada;Com Vítimas Feridas;2;Céu Claro;Pleno dia;segunda-feira;Colisão com objeto;Dupla;0;0;-22.55191954;-43.25068815;Segura;Sudeste;2 Trimestre