id;ano;feriado;mes;data_inversa;uf;br;km;municipio;causa_acidente;classificacao_acidente;veiculos;condicao_metereologica;fase_dia;dia_semana;tipo_acidente;tipo_pista;mortos;feridos_graves;latitude;longitude;status;regiao;periodo
591595;2024.0;n;4.0;2024-04-03;MA;135;18;SAO LUIS;Pista Escorregadia;Com Vítimas Feridas;1;Chuva;Pleno dia;quarta-feira;Eventos atípicos;Dupla;0;0;-2.71719899;-44.32099307;Segura;Nordeste;2 Trimestre
663354;2025.0;n;2.0;2025-02-24;BA;101;504;ITABUNA;Acessar a via sem observar a presença dos outros veículos;Com Vítimas Feridas;2;Sol;Pleno dia;segunda-feira;Colisão transversal;Simples;0;0;-14,781878;-39,289808;Segura;Nordeste;1 Trimestre
574090;2024.0;n;1.0;2024-01-11;PB;230;57;CRUZ DO ESPIRITO SANTO;Ingestão de álcool pelo condutor;Sem Vítimas;4;Chuva;Plena Noite;quinta-feira;Colisão com objeto;Dupla;0;0;-7.2028;-35.1125;Segura;Nordeste;1 Trimestre
601975;2024.0;n;5.0;2024-05-21;GO;153;506;APARECIDA DE GOIANIA;Ausência de reação do condutor;Com Vítimas Feridas;2;Céu Claro;Pleno dia;terça-feira;Tombamento;Dupla;0;0;-16.7633;-49.24;Segura;Centro-Oeste;2 Trimestre
598766;2024.0;n;5.0;2024-05-06;SP;116;199;ARUJA;Reação tardia ou ineficiente do condutor;Sem Vítimas;2;Céu Claro;Plena Noite;segunda-feira;Colisão traseira;Múltipla;0;0;-23.40185327;-46.31154312;Segura;Sudeste;2 Trimestre
586224;2024.0;n;3.0;2024-03-09;GO;80;44,1;PADRE BERNARDO;Ingestão de álcool pelo condutor;Com Vítimas Feridas;2;Chuva;Plena Noite;sábado;Colisão frontal;Dupla;0;0;-15.18501;-48.284472;Segura;Centro-Oeste;1 Trimestre
578109;2024.0;n;1.0;2024-01-30;MT;158;408,9;RIBEIRAO CASCALHEIRA;Velocidade Incompatível;Com Vítimas Feridas;6;Céu Claro;Plena Noite;terça-feira;Tombamento;Simples;0;1;-12.84775719;-51.78515096;Perigosa;Centro-Oeste;1 Trimestre
599488;2024.0;n;5.0;2024-05-04;MS;60;505;NIOAQUE;Ausência de reação do condutor;Com Vítimas Feridas;3;Céu Claro;Amanhecer;sábado;Colisão traseira;Simples;0;1;-21.17023684;-55.64486492;Perigosa;Centro-Oeste;2 Trimestre
687542;2025.0;n;4.0;2025-04-26;GO;50;99;CRISTALINA;Acesso irregular;Com Vítimas Feridas;5;Céu Claro;Plena Noite;sábado;Colisão transversal;Dupla;0;1;-16,7763;-47,624894;Perigosa;Centro-Oeste;2 Trimestre
661494;2025.0;n;2.0;2025-02-14;SP;459;16;PIQUETE;Ausência de reação do condutor;Com Vítimas Feridas;1;Céu Claro;Plena Noite;sexta-feira;Tombamento;Simples;0;0;-22,62031;-45,164268;Segura;Sudeste;1 Trimestre
610990;2024.0;n;6.0;2024-06-30;GO;20;22;FORMOSA;Condutor deixou de manter distância do veículo da frente;Sem Vítimas;2;Céu Claro;Anoitecer;domingo;Colisão traseira;Simples;0;0;-15.545656;-47.1605;Segura;Centro-Oeste;2 Trimestre
616347;2024.0;n;7.0;2024-07-23;MG;40;480,5;SETE LAGOAS;Ausência de reação do condutor;Com Vítimas Feridas;2;Céu Claro;Pleno dia;terça-feira;Colisão lateral mesmo sentido;Dupla;0;0;-19.54293519;-44.2485434;Segura;Sudeste;3 Trimestre
667261;2025.0;n;3.0;2025-03-14;PE;232;222;PESQUEIRA;Ausência de reação do condutor;Com Vítimas Feridas;2;Nublado;Plena Noite;sexta-feira;Atropelamento de Pedestre;Simples;0;1;-8,40236501;-36,7990762;Perigosa;Nordeste;1 Trimestre
599642;2024.0;n;5.0;2024-05-11;BA;101;182;CONCEICAO DA FEIRA;Condutor Dormindo;Com Vítimas Fatais;3;Chuva;Plena Noite;sábado;Colisão frontal;Simples;1;0;-12.52752308;-38.97410481;Perigosa;Nordeste;2 Trimestre
608512;2024.0;n;6.0;2024-06-19;RJ;116;275;BARRA MANSA;Ausência de reação do condutor;Com Vítimas Feridas;2;Céu Claro;Plena Noite;quarta-feira;Colisão com objeto;Dupla;0;0;-22.56207185;-44.15671311;Segura;Sudeste;2 Trimestre
673847;2025.0;n;2.0;2025-02-09;MG;251;427,8;GRAO MOGOL;Reação tardia ou ineficiente do condutor;Com Vítimas Fatais;3;Sol;Pleno dia;domingo;Tombamento;Simples;2;0;-16,33690716;-43,13798285;Perigosa;Sudeste;1 Trimestre
664631;2025.0;n;3.0;2025-03-02;ES;101;289,3;CARIACICA;Condutor deixou de manter distância do veículo da frente;Com Vítimas Feridas;3;Nublado;Plena Noite;domingo;Colisão traseira;Dupla;0;0;-20,28476714;-40,39270654;Segura;Sudeste;1 Trimestre
656319;2025.0;n;1.0;2025-01-20;MG;381;700,8;LAVRAS;Velocidade Incompatível;Com Vítimas Fatais;3;Céu Claro;Pleno dia;segunda-feira;Tombamento;Dupla;1;0;-21,31137883;-45,16451703;Perigosa;Sudeste;1 Trimestre
662482;2025.0;n;2.0;2025-02-20;SC;480;126,5;CHAPECO;Velocidade Incompatível;Com Vítimas Feridas;3;Céu Claro;Pleno dia;quinta-feira;Colisão traseira;Dupla;0;1;-27,03781899;-52,63432603;Perigosa;Sul;1 Trimestre
598089;2024.0;n;5.0;2024-05-03;MT;364;435;VARZEA GRANDE;Pedestre cruzava a pista fora da faixa;Com Vítimas Fatais;5;Céu Claro;Anoitecer;sexta-feira;Atropelamento de Pedestre;Dupla;1;0;-15.645222;-56.198864;Perigosa;Centro-Oeste;2 Trimestre
619567;2024.0;n;8.0;2024-08-06;PI;135;153,6;BERTOLINIA;Reação tardia ou ineficiente do condutor;Com Vítimas Feridas;2;Céu Claro;Pleno dia;terça-feira;Saída de leito carroçável;Simples;0;0;-7.83406933;-43.80206347;Segura;Nordeste;3 Trimestre
596702;2024.0;n;4.0;2024-04-27;PB;101;88;JOAO PESSOA;Ausência de reação do condutor;Sem Vítimas;2;Céu Claro;Pleno dia;sábado;Colisão com objeto;Dupla;0;0;-7.17475718;-34.89874798;Segura;Nordeste;2 Trimestre
594073;2024.0;n;4.0;2024-04-15;ES;101;270;SERRA;Manobra de mudança de faixa;Com Vítimas Feridas;2;Céu Claro;Amanhecer;segunda-feira;Colisão lateral mesmo sentido;Múltipla;0;0;-20.22662056;-40.27075088;Segura;Sudeste;2 Trimestre
659016;2025.0;n;1.0;2025-01-25;MG;251;437;GRAO MOGOL;Condutor Dormindo;Com Vítimas Feridas;3;Céu Claro;Pleno dia;sábado;Colisão frontal;Simples;0;3;-16,39529722;-43,20402292;Perigosa;Sudeste;1 Trimestre
686123;2025.0;n;4.0;2025-04-16;MG;262;41,5;MANHUACU;Condutor deixou de manter distância do veículo da frente;Com Vítimas Feridas;3;Chuva;Pleno dia;quarta-feira;Colisão traseira;Simples;0;0;-20,269487;-42,070555;Segura;Sudeste;2 Trimestre
575883;2024.0;n;1.0;2024-01-20;PR;376;435,8;TIBAGI;Velocidade Incompatível;Com Vítimas Feridas;4;Céu Claro;Amanhecer;sábado;Tombamento;Dupla;0;0;-24.78145511;-50.51340938;Segura;Sul;1 Trimestre
655165;2025.0;n;1.0;2025-01-14;MT;364;587;DIAMANTINO;Condutor deixou de manter distância do veículo da frente;Com Vítimas Feridas;4;Nublado;Anoitecer;terça-feira;Colisão traseira;Dupla;0;0;-14,61012536;-56,25164264;Segura;Centro-Oeste;1 Trimestre
603518;2024.0;n;5.0;2024-05-28;MT;163;573,1;DIAMANTINO;Condutor Dormindo;Com Vítimas Feridas;2;Céu Claro;Plena Noite;terça-feira;Saída de leito carroçável;Simples;0;0;-14.13823325;-56.10402945;Segura;Centro-Oeste;2 Trimestre
673761;2025.0;n;4.0;2025-04-15;SP;116;462;PARIQUERA-ACU;Ausência de reação do condutor;Com Vítimas Feridas;2;Nublado;Plena Noite;terça-feira;Colisão traseira;Dupla;0;0;-24,63458598;-47,90784314;Segura;Sudeste;2 Trimestre
664067;2025.0;n;2.0;2025-02-27;SC;282;26,7;SANTO AMARO DA IMPERATRIZ;Acessar a via sem observar a presença dos outros veículos;Com Vítimas Feridas;3;Nublado;Pleno dia;quinta-feira;Colisão transversal;Simples;0;2;-27,680267;-48,762482;Perigosa;Sul;1 Trimestre
574036;2024.0;n;1.0;2024-01-11;CE;116;466;BARRO;Demais falhas mecânicas ou elétricas;Sem Vítimas;9;Sol;Pleno dia;quinta-feira;Engavetamento;Simples;0;0;-7.237718;-38.84282;Segura;Nordeste;1 Trimestre
653188;2025.0;n;1.0;2025-01-04;BA;116;373,7;LAMARAO;Transitar na contramão;Com Vítimas Fatais;3;Céu Claro;Plena Noite;sábado;Colisão frontal;Simples;2;2;-11,788313;-38,98560509;Perigosa;Nordeste;1 Trimestre
574052;2024.0;n;1.0;2024-01-11;RS;290;496,6;ROSARIO DO SUL;Ausência de reação do condutor;Com Vítimas Feridas;4;Céu Claro;Anoitecer;quinta-feira;Colisão transversal;Simples;0;0;-30.20376;-55.071381;Segura;Sul;1 Trimestre
575618;2024.0;n;1.0;2024-01-18;MG;153;218,3;FRUTAL;Condutor Dormindo;Com Vítimas Fatais;2;Nublado;Plena Noite;quinta-feira;Colisão frontal;Simples;3;0;-20.092342;-49.084881;Perigosa;Sudeste;1 Trimestre
657619;2025.0;n;1.0;2025-01-27;PB;230;145;CAMPINA GRANDE;Conversão proibida;Com Vítimas Feridas;2;Nublado;Amanhecer;segunda-feira;Colisão transversal;Dupla;0;2;-7,2512;-35,8399;Perigosa;Nordeste;1 Trimestre
687275;2025.0;n;4.0;2025-04-25;GO;20;30,1;FORMOSA;Reação tardia ou ineficiente do condutor;Com Vítimas Feridas;4;Garoa/Chuvisco;Pleno dia;sexta-feira;Colisão frontal;Simples;0;1;-15,499728;-47,110783;Perigosa;Centro-Oeste;2 Trimestre
672389;2025.0;n;4.0;2025-04-08;MG;40;635,3;CONSELHEIRO LAFAIETE;Falta de acostamento;Com Vítimas Feridas;1;Céu Claro;Pleno dia;terça-feira;Saída de leito carroçável;Simples;0;0;-20,70496419;-43,79278343;Segura;Sudeste;2 Trimestre
626155;2024.0;n;9.0;2024-09-06;GO;80;65;PADRE BERNARDO;Ausência de reação do condutor;Com Vítimas Feridas;4;Céu Claro;Pleno dia;sexta-feira;Tombamento;Simples;0;0;-15.210097;-48.482737;Segura;Centro-Oeste;3 Trimestre
620028;2024.0;n;8.0;2024-08-09;BA;116;620,7;JAGUAQUARA;Transitar na contramão;Com Vítimas Fatais;11;Céu Claro;Pleno dia;sexta-feira;Colisão frontal;Simples;1;0;-13.416122;-40.026202;Perigosa;Nordeste;3 Trimestre
673780;2025.0;n;4.0;2025-04-15;RO;364;411;JARU;Condutor deixou de manter distância do veículo da frente;Sem Vítimas;2;Nublado;Plena Noite;terça-feira;Colisão frontal;Simples;0;0;-10,52378235;-62,39374903;Segura;Norte;2 Trimestre
577911;2024.0;n;1.0;2024-01-29;SC;470;4;NAVEGANTES;Acessar a via sem observar a presença dos outros veículos;Com Vítimas Feridas;3;Céu Claro;Plena Noite;segunda-feira;Colisão lateral mesmo sentido;Dupla;0;1;-26.861937;-48.681618;Perigosa;Sul;1 Trimestre
579757;2024.0;n;2.0;2024-02-08;MG;50;158;UBERABA;Ausência de reação do condutor;Com Vítimas Feridas;2;Céu Claro;Pleno dia;quinta-feira;Colisão traseira;Dupla;0;0;-19.63378122;-48.01229957;Segura;Sudeste;1 Trimestre
625724;2024.0;n;8.0;2024-08-15;RS;290;92,4;PORTO ALEGRE;Manobra de mudança de faixa;Com Vítimas Feridas;2;Céu Claro;Plena Noite;quinta-feira;Colisão lateral mesmo sentido;Múltipla;0;0;-29.97016621;-51.18225038;Segura;Sul;3 Trimestre
584840;2024.0;n;3.0;2024-03-04;MG;40;581;ITABIRITO;Condutor Dormindo;Com Vítimas Feridas;4;Céu Claro;Plena Noite;segunda-feira;Colisão traseira;Simples;0;0;-20.30234388;-43.93887077;Segura;Sudeste;1 Trimestre
657857;2025.0;n;1.0;2025-01-28;MS;163;487;CAMPO GRANDE;Acessar a via sem observar a presença dos outros veículos;Com Vítimas Feridas;3;Céu Claro;Pleno dia;terça-feira;Colisão transversal;Simples;0;0;-20,4205581;-54,54628821;Segura;Centro-Oeste;1 Trimestre
604669;2024.0;n;6.0;2024-06-02;PI;343;593;FLORIANO;Ausência de reação do condutor;Sem Vítimas;2;Sol;Pleno dia;domingo;Colisão com objeto;Dupla;0;0;-6.781913;-43.038273;Segura;Nordeste;2 Trimestre
582904;2024.0;n;2.0;2024-02-23;MG;381;439;SABARA;Ausência de reação do condutor;Com Vítimas Feridas;2;Céu Claro;Plena Noite;sexta-feira;Colisão com objeto;Simples;0;0;-19.805454;-43.7619;Segura;Sudeste;1 Trimestre
624229;2024.0;n;8.0;2024-08-28;PR;376;620,5;SAO JOSE DOS PINHAIS;Velocidade Incompatível;Com Vítimas Feridas;7;Nublado;Plena Noite;quarta-feira;Colisão com objeto;Dupla;0;0;-25.60925907;-49.17205834;Segura;Sul;3 Trimestre
686487;2025.0;y;4.0;2025-04-21;MG;262;408;IGARATINGA;Demais falhas mecânicas ou elétricas;Sem Vítimas;2;Sol;Pleno dia;segunda-feira;Incêndio;Dupla;0;0;-19,90668268;-44,66178776;Segura;Sudeste;2 Trimestre
622351;2024.0;n;8.0;2024-08-19;GO;50;104;CRISTALINA;Condutor Dormindo;Com Vítimas Feridas;3;Céu Claro;Pleno dia;segunda-feira;Colisão traseira;Dupla;0;0;-16.9309;-47.7117;Segura;Centro-Oeste;3 Trimestre
582759;2024.0;n;1.0;2024-01-26;BA;116;818;VITORIA DA CONQUISTA;Demais falhas mecânicas ou elétricas;Com Vítimas Feridas;6;Nublado;Pleno dia;sexta-feira;Colisão traseira;Simples;0;0;-14.82641487;-40.82399368;Segura;Nordeste;1 Trimestre
652595;2025.0;y;1.0;2025-01-01;RS;158;564;SANTANA DO LIVRAMENTO;Ausência de reação do condutor;Sem Vítimas;2;Céu Claro;Pleno dia;quarta-feira;Colisão com objeto;Simples;0;0;-30,86869677;-55,50787794;Segura;Sul;1 Trimestre
666915;2025.0;n;3.0;2025-03-13;PR;376;491,2;PONTA GROSSA;Ausência de reação do condutor;Com Vítimas Feridas;3;Céu Claro;Pleno dia;quinta-feira;Colisão traseira;Dupla;0;0;-25,10916;-50,19055;Segura;Sul;1 Trimestre
608838;2024.0;n;6.0;2024-06-20;BA;101;118;ALAGOINHAS;Reação tardia ou ineficiente do condutor;Com Vítimas Feridas;2;Chuva;Amanhecer;quinta-feira;Colisão lateral sentido oposto;Simples;0;0;-12.15886142;-38.546794;Segura;Nordeste;2 Trimestre
621913;2024.0;n;8.0;2024-08-17;PR;376;547;PALMEIRA;Desrespeitar a preferência no cruzamento;Com Vítimas Feridas;3;Céu Claro;Plena Noite;sábado;Colisão transversal;Dupla;0;2;-25.41905153;-49.76901054;Perigosa;Sul;3 Trimestre
572928;2024.0;n;1.0;2024-01-06;RS;392;673,7;SALVADOR DAS MISSOES;Acesso irregular;Com Vítimas Feridas;3;Céu Claro;Pleno dia;sábado;Colisão transversal;Simples;0;0;-28.11989652;-54.84627664;Segura;Sul;1 Trimestre
583629;2024.0;n;2.0;2024-02-27;MG;381;501;BETIM;Ausência de reação do condutor;Com Vítimas Feridas;4;Céu Claro;Pleno dia;terça-feira;Colisão traseira;Múltipla;0;0;-20.01012715;-44.21830758;Segura;Sudeste;1 Trimestre
671266;2025.0;n;4.0;2025-04-03;RJ;116;137,9;MAGE;Ausência de reação do condutor;Com Vítimas Feridas;2;Céu Claro;Pleno dia;quinta-feira;Colisão traseira;Dupla;0;1;-22,64672027;-43,19471455;Perigosa;Sudeste;2 Trimestre
585882;2024.0;n;1.0;2024-01-21;PR;277;517;GUARANIACU;Neblina;Com Vítimas Feridas;3;Nevoeiro/Neblina;Pleno dia;domingo;Colisão traseira;Múltipla;0;1;-25.11378015;-52.82230904;Perigosa;Sul;1 Trimestre
685650;2025.0;n;4.0;2025-04-16;ES;101;294,1;CARIACICA;Chuva;Com Vítimas Feridas;2;Chuva;Anoitecer;quarta-feira;Colisão transversal;Múltipla;0;1;-20,32994386;-40,3988939;Perigosa;Sudeste;2 Trimestre
596648;2024.0;n;4.0;2024-04-27;SC;101;10,5;GARUVA;Demais falhas mecânicas ou elétricas;Sem Vítimas;1;Nublado;Plena Noite;sábado;Incêndio;Dupla;0;0;-26.063011;-48.86020605;Segura;Sul;2 Trimestre
600857;2024.0;n;5.0;2024-05-16;MG;381;949;EXTREMA;Manobra de mudança de faixa;Com Vítimas Feridas;2;Céu Claro;Pleno dia;quinta-feira;Colisão lateral mesmo sentido;Dupla;0;0;-22.87479042;-46.36655782;Segura;Sudeste;2 Trimestre
614167;2024.0;n;7.0;2024-07-13;RO;364;647;CANDEIAS DO JAMARI;Manobra de mudança de faixa;Com Vítimas Feridas;5;Céu Claro;Pleno dia;sábado;Colisão lateral mesmo sentido;Simples;0;0;-8.94821102;-63.42977111;Segura;Norte;3 Trimestre
591637;2024.0;n;4.0;2024-04-03;PE;101;41,1;IGARASSU;Reação tardia ou ineficiente do condutor;Com Vítimas Feridas;3;Céu Claro;Plena Noite;quarta-feira;Colisão traseira;Múltipla;0;0;-7.836849;-34.912507;Segura;Nordeste;2 Trimestre
660801;2025.0;n;2.0;2025-02-11;RJ;356;49;ITAPERUNA;Velocidade Incompatível;Com Vítimas Feridas;2;Céu Claro;Pleno dia;terça-feira;Tombamento;Simples;0;0;-21,25300596;-41,78325793;Segura;Sudeste;1 Trimestre
658451;2025.0;n;1.0;2025-01-31;SP;116;212;GUARULHOS;Trafegar com motocicleta (ou similar) entre as faixas;Com Vítimas Feridas;3;Céu Claro;Pleno dia;sexta-feira;Colisão transversal;Dupla;0;1;-23,43608315;-46,42805094;Perigosa;Sudeste;1 Trimestre
580766;2024.0;n;2.0;2024-02-12;RS;471;148,2;SANTA CRUZ DO SUL;Desrespeitar a preferência no cruzamento;Com Vítimas Feridas;2;Céu Claro;Pleno dia;segunda-feira;Colisão transversal;Simples;0;1;-29.799774;-52.407185;Perigosa;Sul;1 Trimestre
630181;2024.0;n;9.0;2024-09-24;SC;470;35,2;GASPAR;Ausência de reação do condutor;Com Vítimas Feridas;1;Nublado;Amanhecer;terça-feira;Saída de leito carroçável;Simples;0;0;-26.91325657;-48.96363974;Segura;Sul;3 Trimestre
653898;2025.0;n;1.0;2025-01-08;RJ;101;429;MANGARATIBA;Velocidade Incompatível;Com Vítimas Feridas;1;Chuva;Pleno dia;quarta-feira;Tombamento;Simples;0;1;-22,9377284;-44,0139091;Perigosa;Sudeste;1 Trimestre
581697;2024.0;n;2.0;2024-02-17;SC;101;5,8;GARUVA;Estacionar ou parar em local proibido;Com Vítimas Feridas;4;Nublado;Pleno dia;sábado;Colisão traseira;Dupla;0;0;-26.01779797;-48.86233322;Segura;Sul;1 Trimestre
585173;2024.0;n;3.0;2024-03-05;MG;381;278;JAGUARACU;Ultrapassagem Indevida;Com Vítimas Feridas;5;Nublado;Pleno dia;terça-feira;Colisão lateral sentido oposto;Simples;0;1;-19.59742113;-42.74660193;Perigosa;Sudeste;1 Trimestre
626019;2024.0;n;9.0;2024-09-05;SC;101;140;BALNEARIO CAMBORIU;Acessar a via sem observar a presença dos outros veículos;Sem Vítimas;2;Céu Claro;Plena Noite;quinta-feira;Colisão lateral mesmo sentido;Múltipla;0;0;-27.03881189;-48.60025148;Segura;Sul;3 Trimestre
581065;2024.0;n;2.0;2024-02-13;PA;308;226;AUGUSTO CORREA;Carga excessiva e/ou mal acondicionada;Sem Vítimas;4;Céu Claro;Pleno dia;terça-feira;Capotamento;Simples;0;0;-1.13217038;-46.62461205;Segura;Norte;1 Trimestre
685354;2025.0;n;4.0;2025-04-17;PE;101;47,2;IGARASSU;Ausência de reação do condutor;Com Vítimas Fatais;3;Céu Claro;Pleno dia;quinta-feira;Colisão traseira;Múltipla;1;0;-7,885025;-34,904635;Perigosa;Nordeste;2 Trimestre
619300;2024.0;n;8.0;2024-08-05;RJ;116;229;PIRAI;Demais falhas mecânicas ou elétricas;Com Vítimas Feridas;1;Céu Claro;Pleno dia;segunda-feira;Tombamento;Dupla;0;1;-22.67938933;-43.83607149;Perigosa;Sudeste;3 Trimestre
587249;2024.0;n;3.0;2024-03-14;CE;116;163;RUSSAS;Objeto estático sobre o leito carroçável;Com Vítimas Feridas;2;Céu Claro;Plena Noite;quinta-feira;Colisão traseira;Simples;0;1;-4.938666;-37.989956;Perigosa;Nordeste;1 Trimestre
613740;2024.0;n;7.0;2024-07-11;PA;316;36,2;SANTA IZABEL DO PARA;Reação tardia ou ineficiente do condutor;Com Vítimas Fatais;3;Nublado;Pleno dia;quinta-feira;Atropelamento de Pedestre;Dupla;1;1;-1.29009976;-48.15602469;Perigosa;Norte;3 Trimestre
670728;2025.0;n;3.0;2025-03-31;PR;116;106;SAO JOSE DOS PINHAIS;Reação tardia ou ineficiente do condutor;Com Vítimas Feridas;2;Céu Claro;Pleno dia;segunda-feira;Colisão traseira;Dupla;0;0;-25,569184;-49,226769;Segura;Sul;1 Trimestre
656328;2025.0;n;1.0;2025-01-20;AL;316;155;PALMEIRA DOS INDIOS;Ingestão de álcool pelo condutor;Com Vítimas Feridas;2;Céu Claro;Plena Noite;segunda-feira;Colisão transversal;Simples;0;0;-9,42623278;-36,63304512;Segura;Nordeste;1 Trimestre
595109;2024.0;n;4.0;2024-04-19;GO;60;26;ALEXANIA;Reação tardia ou ineficiente do condutor;Sem Vítimas;4;Céu Claro;Plena Noite;sexta-feira;Colisão lateral mesmo sentido;Dupla;0;0;-16.0963;-48.5202;Segura;Centro-Oeste;2 Trimestre
617091;2024.0;n;7.0;2024-07-26;MT;163;1109;GUARANTA DO NORTE;Transitar na contramão;Com Vítimas Feridas;12;Céu Claro;Pleno dia;sexta-feira;Colisão lateral mesmo sentido;Simples;0;1;-9.72607806;-54.88158286;Perigosa;Centro-Oeste;3 Trimestre
607003;2024.0;n;6.0;2024-06-12;MS;158;301;TRES LAGOAS;Demais falhas mecânicas ou elétricas;Com Vítimas Feridas;4;Céu Claro;Pleno dia;quarta-feira;Atropelamento de Pedestre;Simples;0;1;-20.96590185;-51.84527523;Perigosa;Centro-Oeste;2 Trimestre
661482;2025.0;n;2.0;2025-02-15;PE;407;116,1;PETROLINA;Acessar a via sem observar a presença dos outros veículos;Com Vítimas Fatais;2;Céu Claro;Amanhecer;sábado;Colisão lateral mesmo sentido;Simples;1;0;-9,30942664;-40,57650626;Perigosa;Nordeste;1 Trimestre
669517;2025.0;n;3.0;2025-03-25;DF;60;8,7;BRASILIA;Reação tardia ou ineficiente do condutor;Com Vítimas Feridas;3;Nublado;Pleno dia;terça-feira;Saída de leito carroçável;Dupla;0;0;-15,90532;-48,138197;Segura;Centro-Oeste;1 Trimestre
603319;2024.0;n;5.0;2024-05-27;SC;280;242;CANOINHAS;Demais falhas mecânicas ou elétricas;Com Vítimas Feridas;2;Chuva;Amanhecer;segunda-feira;Tombamento;Simples;0;0;-26.23241075;-50.46635011;Segura;Sul;2 Trimestre
592258;2024.0;n;4.0;2024-04-06;SC;470;239;SAO CRISTOVAO DO SUL;Ausência de sinalização;Com Vítimas Feridas;3;Nublado;Anoitecer;sábado;Saída de leito carroçável;Simples;0;1;-27.305603;-50.47327;Perigosa;Sul;2 Trimestre
586709;2024.0;n;3.0;2024-03-12;PE;232;32,3;MORENO;Falta de elemento de contenção que evite a saída do leito carroçável;Com Vítimas Feridas;2;Céu Claro;Pleno dia;terça-feira;Saída de leito carroçável;Dupla;0;0;-8.104653;-35.170278;Segura;Nordeste;1 Trimestre
603865;2024.0;n;5.0;2024-05-29;MG;40;524;CONTAGEM;Trafegar com motocicleta (ou similar) entre as faixas;Com Vítimas Fatais;3;Céu Claro;Plena Noite;quarta-feira;Colisão lateral mesmo sentido;Dupla;1;0;-19.87569999;-44.05321923;Perigosa;Sudeste;2 Trimestre
668145;2025.0;n;3.0;2025-03-18;PI;316;12,8;TERESINA;Ausência de reação do condutor;Com Vítimas Feridas;2;Céu Claro;Plena Noite;terça-feira;Saída de leito carroçável;Múltipla;0;0;-5,21070736;-42,75520563;Segura;Nordeste;1 Trimestre
626147;2024.0;n;9.0;2024-09-06;PR;163;78,4;PLANALTO;Acessar a via sem observar a presença dos outros veículos;Sem Vítimas;4;Céu Claro;Pleno dia;sexta-feira;Colisão traseira;Simples;0;0;-25.73247566;-53.79884183;Segura;Sul;3 Trimestre
664008;2025.0;n;2.0;2025-02-12;MG;50;70;UBERLANDIA;Ultrapassagem Indevida;Com Vítimas Feridas;2;Chuva;Pleno dia;quarta-feira;Colisão lateral mesmo sentido;Dupla;0;0;-18,89049233;-48,25650215;Segura;Sudeste;1 Trimestre
686708;2025.0;n;4.0;2025-04-22;GO;414;440;ANAPOLIS;Trafegar com motocicleta (ou similar) entre as faixas;Com Vítimas Feridas;3;Sol;Pleno dia;terça-feira;Colisão lateral mesmo sentido;Simples;0;0;-16,28502979;-48,94355753;Segura;Centro-Oeste;2 Trimestre
589791;2024.0;n;3.0;2024-03-08;MT;158;530;AGUA BOA;Ultrapassagem Indevida;Com Vítimas Feridas;5;Céu Claro;Pleno dia;sexta-feira;Tombamento;Simples;0;1;-13.75253298;-52.04218793;Perigosa;Centro-Oeste;1 Trimestre
655241;2025.0;n;1.0;2025-01-15;RS;386;246;SOLEDADE;Condutor deixou de manter distância do veículo da frente;Com Vítimas Feridas;3;Céu Claro;Pleno dia;quarta-feira;Engavetamento;Simples;0;0;-28,808382;-52,502323;Segura;Sul;1 Trimestre
606183;2024.0;n;6.0;2024-06-09;ES;101;147;LINHARES;Desrespeitar a preferência no cruzamento;Com Vítimas Feridas;5;Céu Claro;Plena Noite;domingo;Colisão transversal;Simples;0;0;-19.37887202;-40.06657892;Segura;Sudeste;2 Trimestre
578020;2024.0;n;1.0;2024-01-30;ES;101;415;CACHOEIRO DE ITAPEMIRIM;Reação tardia ou ineficiente do condutor;Com Vítimas Feridas;3;Nublado;Pleno dia;terça-feira;Colisão traseira;Simples;0;0;-20.93222599;-41.0792708;Segura;Sudeste;1 Trimestre
626809;2024.0;n;9.0;2024-09-08;MG;116;472;DOM CAVATI;Ausência de reação do condutor;Com Vítimas Feridas;2;Céu Claro;Plena Noite;domingo;Colisão lateral mesmo sentido;Simples;0;0;-19.33374088;-42.07625119;Segura;Sudeste;3 Trimestre
575833;2024.0;n;1.0;2024-01-19;BA;110;73,7;JEREMOABO;Ultrapassagem Indevida;Com Vítimas Feridas;3;Chuva;Plena Noite;sexta-feira;Saída de leito carroçável;Simples;0;0;-10.05964393;-38.34385813;Segura;Nordeste;1 Trimestre
688326;2025.0;n;4.0;2025-04-30;SP;116;224;GUARULHOS;Manobra de mudança de faixa;Com Vítimas Feridas;4;Nublado;Plena Noite;quarta-feira;Colisão lateral mesmo sentido;Múltipla;0;0;-23,48574291;-46,54073596;Segura;Sudeste;2 Trimestre
657557;2025.0;n;1.0;2025-01-26;MG;365;637;UBERLANDIA;Reação tardia ou ineficiente do condutor;Com Vítimas Feridas;4;Chuva;Plena Noite;domingo;Tombamento;Dupla;0;0;-18,889801;-48,43735;Segura;Sudeste;1 Trimestre
580006;2024.0;n;2.0;2024-02-09;MG;381;574,4;ITAGUARA;Demais falhas mecânicas ou elétricas;Sem Vítimas;1;Sol;Pleno dia;sexta-feira;Incêndio;Dupla;0;0;-20.46631134;-44.57958977;Segura;Sudeste;1 Trimestre
670810;2025.0;n;3.0;2025-03-31;PR;277;50,5;SAO JOSE DOS PINHAIS;Mal súbito do condutor;Com Vítimas Feridas;2;Sol;Pleno dia;segunda-feira;Colisão com objeto;Dupla;0;0;-25,5874;-48,949;Segura;Sul;1 Trimestre