id;ano;feriado;mes;data_inversa;uf;br;km;municipio;causa_acidente;classificacao_acidente;veiculos;condicao_metereologica;fase_dia;dia_semana;tipo_acidente;tipo_pista;mortos;feridos_graves;latitude;longitude;status;regiao;periodo
618120;2024.0;n;7.0;2024-07-31;PR;277;372,6;GUARAPUAVA;Transitar na contramão;Com Vítimas Fatais;3;Céu Claro;Pleno dia;quarta-feira;Colisão frontal;Simples;1;0;-25.405945;-51.718365;Perigosa;Sul;3 Trimestre
670765;2025.0;n;3.0;2025-03-31;RJ;101;478;ANGRA DOS REIS;Objeto estático sobre o leito carroçável;Com Vítimas Feridas;2;Céu Claro;Pleno dia;segunda-feira;Colisão com objeto;Simples;0;0;-23,00284168;-44,27283411;Segura;Sudeste;1 Trimestre
670012;2025.0;n;3.0;2025-03-28;PR;376;438;TIBAGI;Chuva;Com Vítimas Feridas;4;Chuva;Amanhecer;sexta-feira;Colisão com objeto;Dupla;0;1;-24,79873418;-50,49453735;Perigosa;Sul;1 Trimestre
658863;2025.0;n;2.0;2025-02-02;RO;364;473;ARIQUEMES;Acessar a via sem observar a presença dos outros veículos;Com Vítimas Feridas;3;Céu Claro;Pleno dia;domingo;Colisão lateral mesmo sentido;Simples;0;0;-10,18146706;-62,81974504;Segura;Norte;1 Trimestre
606599;2024.0;n;6.0;2024-06-10;CE;222;224;SOBRAL;Reação tardia ou ineficiente do condutor;Com Vítimas Feridas;1;Céu Claro;Anoitecer;segunda-feira;Tombamento;Simples;0;0;-3.71179812;-40.34380504;Segura;Nordeste;2 Trimestre
577709;2024.0;n;1.0;2024-01-28;PR;153;144,6;VENTANIA;Curva acentuada;Sem Vítimas;3;Céu Claro;Pleno dia;domingo;Tombamento;Simples;0;0;-24.11223991;-50.24301162;Segura;Sul;1 Trimestre
574927;2024.0;n;1.0;2024-01-15;ES;101;286,7;CARIACICA;Reação tardia ou ineficiente do condutor;Com Vítimas Feridas;2;Céu Claro;Pleno dia;segunda-feira;Colisão lateral mesmo sentido;Múltipla;0;0;-20.25902175;-40.37753412;Segura;Sudeste;1 Trimestre
664140;2025.0;n;2.0;2025-02-28;MA;316;499,6;CODO;Demais falhas mecânicas ou elétricas;Sem Vítimas;2;Nublado;Amanhecer;sexta-feira;Incêndio;Simples;0;0;-4,710512;-43,769145;Segura;Nordeste;1 Trimestre
606556;2024.0;n;6.0;2024-06-06;MG;365;493;PATROCINIO;Ultrapassagem Indevida;Com Vítimas Feridas;4;Céu Claro;Anoitecer;quinta-feira;Saída de leito carroçável;Simples;0;0;-18.91052317;-47.18665587;Segura;Sudeste;2 Trimestre
628634;2024.0;n;9.0;2024-09-17;RJ;116;185;NOVA IGUACU;Entrada inopinada do pedestre;Com Vítimas Fatais;2;Garoa/Chuvisco;Plena Noite;terça-feira;Atropelamento de Pedestre;Dupla;1;0;-22.74151051;-43.45351823;Perigosa;Sudeste;3 Trimestre
668500;2025.0;n;3.0;2025-03-20;MG;381;718,2;CARMO DA CACHOEIRA;Ausência de reação do condutor;Com Vítimas Feridas;3;Nublado;Pleno dia;quinta-feira;Colisão lateral mesmo sentido;Dupla;0;0;-21,411;-45,211;Segura;Sudeste;1 Trimestre
602551;2024.0;n;5.0;2024-05-24;PR;376;87,4;PARANAVAI;Avarias e/ou desgaste excessivo no pneu;Com Vítimas Fatais;3;Chuva;Plena Noite;sexta-feira;Colisão frontal;Simples;1;0;-22.988902;-52.597702;Perigosa;Sul;2 Trimestre
579030;2024.0;n;2.0;2024-02-04;MG;251;323,9;SALINAS;Carga excessiva e/ou mal acondicionada;Com Vítimas Feridas;2;Céu Claro;Anoitecer;domingo;Tombamento;Simples;0;0;-16.22966821;-42.37541477;Segura;Sudeste;1 Trimestre
653123;2025.0;n;1.0;2025-01-04;CE;116;163,8;RUSSAS;Objeto estático sobre o leito carroçável;Com Vítimas Feridas;1;Céu Claro;Pleno dia;sábado;Queda de ocupante de veículo;Simples;0;0;-4,95066655;-37,99422026;Segura;Nordeste;1 Trimestre
590644;2024.0;n;3.0;2024-03-30;RS;116;327;BARRA DO RIBEIRO;Animais na Pista;Com Vítimas Feridas;3;Céu Claro;Plena Noite;sábado;Saída de leito carroçável;Dupla;0;0;-30.353981;-51.42938;Segura;Sul;1 Trimestre
590071;2024.0;n;3.0;2024-03-27;SC;470;347,3;CAMPOS NOVOS;Velocidade Incompatível;Com Vítimas Feridas;2;Sol;Pleno dia;quarta-feira;Capotamento;Simples;0;1;-27.54815474;-51.45206451;Perigosa;Sul;1 Trimestre
584780;2024.0;n;3.0;2024-03-03;PR;116;176;QUITANDINHA;Demais falhas mecânicas ou elétricas;Sem Vítimas;1;Céu Claro;Pleno dia;domingo;Incêndio;Simples;0;0;-25.907011;-49.575603;Segura;Sul;1 Trimestre
672608;2025.0;n;4.0;2025-04-09;BA;116;539;ITATIM;Manobra de mudança de faixa;Com Vítimas Feridas;3;Céu Claro;Pleno dia;quarta-feira;Colisão frontal;Simples;0;0;-12,81512;-39,82522;Segura;Nordeste;2 Trimestre
576924;2024.0;n;1.0;2024-01-24;CE;20;172,2;BOA VIAGEM;Demais falhas mecânicas ou elétricas;Sem Vítimas;2;Céu Claro;Pleno dia;quarta-feira;Incêndio;Simples;0;0;-5.32044231;-39.9240477;Segura;Nordeste;1 Trimestre
657300;2025.0;n;1.0;2025-01-25;RS;386;442;CANOAS;Mal súbito do condutor;Com Vítimas Feridas;2;Céu Claro;Anoitecer;sábado;Colisão transversal;Dupla;0;1;-29,885923;-51,223259;Perigosa;Sul;1 Trimestre
686743;2025.0;n;4.0;2025-04-22;SE;101;181;UMBAUBA;Mal súbito do condutor;Com Vítimas Feridas;2;Céu Claro;Pleno dia;terça-feira;Colisão frontal;Simples;0;0;-11,36803107;-37,64660446;Segura;Nordeste;2 Trimestre
652593;2025.0;y;1.0;2025-01-01;MG;262;580;CAMPOS ALTOS;Ausência de reação do condutor;Com Vítimas Feridas;1;Céu Claro;Pleno dia;quarta-feira;Queda de ocupante de veículo;Simples;0;1;-19,6646721;-46,06563103;Perigosa;Sudeste;1 Trimestre
599288;2024.0;n;5.0;2024-05-09;MT;174;34;PONTES E LACERDA;Problema com o freio;Sem Vítimas;1;Céu Claro;Pleno dia;quinta-feira;Incêndio;Simples;0;0;-15.226537;-59.335728;Segura;Centro-Oeste;2 Trimestre
609757;2024.0;n;6.0;2024-06-20;SC;280;109,2;SAO BENTO DO SUL;Transitar na contramão;Com Vítimas Feridas;2;Céu Claro;Pleno dia;quinta-feira;Colisão lateral sentido oposto;Simples;0;0;-26.32727786;-49.38259006;Segura;Sul;2 Trimestre
653807;2025.0;n;1.0;2025-01-08;PR;369;174;ROLANDIA;Demais falhas na via;Com Vítimas Feridas;5;Céu Claro;Pleno dia;quarta-feira;Colisão traseira;Simples;0;1;-23,31850456;-51,3793295;Perigosa;Sul;1 Trimestre
575407;2024.0;n;1.0;2024-01-18;GO;70;449;ARAGARCAS;Demais falhas mecânicas ou elétricas;Com Vítimas Feridas;1;Céu Claro;Plena Noite;quinta-feira;Saída de leito carroçável;Simples;0;0;-15.90874974;-52.03344237;Segura;Centro-Oeste;1 Trimestre
595972;2024.0;n;4.0;2024-04-23;PA;230;1113;ITAITUBA;Condutor Dormindo;Com Vítimas Feridas;3;Garoa/Chuvisco;Plena Noite;terça-feira;Saída de leito carroçável;Simples;0;0;-4.34481903;-55.78267997;Segura;Norte;2 Trimestre
653409;2025.0;n;1.0;2025-01-05;MG;381;768,9;CAMPANHA;Velocidade Incompatível;Com Vítimas Feridas;1;Sol;Pleno dia;domingo;Saída de leito carroçável;Dupla;0;0;-21,77370307;-45,42761992;Segura;Sudeste;1 Trimestre
616166;2024.0;n;7.0;2024-07-22;MG;251;465,3;GRAO MOGOL;Condutor Dormindo;Com Vítimas Feridas;5;Céu Claro;Pleno dia;segunda-feira;Colisão lateral sentido oposto;Simples;0;0;-16.43954272;-43.39385033;Segura;Sudeste;3 Trimestre
604215;2024.0;n;5.0;2024-05-31;RJ;116;169;RIO DE JANEIRO;Reação tardia ou ineficiente do condutor;Com Vítimas Feridas;4;Céu Claro;Pleno dia;sexta-feira;Colisão traseira;Múltipla;0;0;-22.816206;-43.324463;Segura;Sudeste;2 Trimestre
574297;2024.0;n;1.0;2024-01-12;SP;116;426;JUQUIA;Velocidade Incompatível;Sem Vítimas;4;Chuva;Plena Noite;sexta-feira;Colisão com objeto;Dupla;0;0;-24.38735659;-47.7169352;Segura;Sudeste;1 Trimestre
663898;2025.0;n;2.0;2025-02-26;SC;470;185;POUSO REDONDO;Velocidade Incompatível;Com Vítimas Fatais;2;Céu Claro;Plena Noite;quarta-feira;Tombamento;Simples;1;0;-27,25348505;-50,03903389;Perigosa;Sul;1 Trimestre
600112;2024.0;n;5.0;2024-05-12;SP;116;515;CAJATI;Reação tardia ou ineficiente do condutor;Com Vítimas Feridas;1;Céu Claro;Plena Noite;domingo;Tombamento;Dupla;0;0;-24.86704083;-48.21738184;Segura;Sudeste;2 Trimestre
617956;2024.0;n;7.0;2024-07-30;PR;376;672;GUARATUBA;Transitar na contramão;Com Vítimas Feridas;2;Chuva;Plena Noite;terça-feira;Colisão traseira;Dupla;0;0;-25.89358488;-48.93146782;Segura;Sul;3 Trimestre
628099;2024.0;n;9.0;2024-09-14;RJ;101;110;CAMPOS DOS GOYTACAZES;Ausência de reação do condutor;Com Vítimas Feridas;1;Céu Claro;Plena Noite;sábado;Saída de leito carroçável;Simples;0;0;-21.95485025;-41.64355074;Segura;Sudeste;3 Trimestre
622707;2024.0;n;8.0;2024-08-21;PR;376;354,4;ORTIGUEIRA;Reação tardia ou ineficiente do condutor;Com Vítimas Feridas;3;Sol;Pleno dia;quarta-feira;Colisão lateral mesmo sentido;Dupla;0;0;-24.2708266;-50.88943166;Segura;Sul;3 Trimestre
606749;2024.0;n;6.0;2024-06-11;RO;425;84;NOVA MAMORE;Manobra de mudança de faixa;Com Vítimas Feridas;3;Céu Claro;Pleno dia;terça-feira;Colisão frontal;Simples;0;0;-10.273323;-65.293633;Segura;Norte;2 Trimestre
629896;2024.0;n;9.0;2024-09-22;RS;470;155;NOVA PRATA;Desrespeitar a preferência no cruzamento;Com Vítimas Feridas;2;Céu Claro;Pleno dia;domingo;Colisão transversal;Simples;0;0;-28.78243906;-51.61511825;Segura;Sul;3 Trimestre
606990;2024.0;n;6.0;2024-06-06;CE;116;31;AQUIRAZ;Condutor deixou de manter distância do veículo da frente;Com Vítimas Fatais;2;Céu Claro;Plena Noite;quinta-feira;Colisão traseira;Dupla;1;0;-4.0249236;-38.5159421;Perigosa;Nordeste;2 Trimestre
626014;2024.0;n;9.0;2024-09-05;ES;259;27;COLATINA;Ausência de reação do condutor;Com Vítimas Feridas;3;Céu Claro;Plena Noite;quinta-feira;Tombamento;Simples;0;0;-19.61382102;-40.49032331;Segura;Sudeste;3 Trimestre
620401;2024.0;n;8.0;2024-08-10;PR;277;183;PALMEIRA;Reação tardia ou ineficiente do condutor;Com Vítimas Feridas;4;Sol;Pleno dia;sábado;Colisão traseira;Simples;0;5;-25.4277724;-50.12357712;Perigosa;Sul;3 Trimestre
672854;2025.0;n;4.0;2025-04-11;MT;364;402;CUIABA;Ultrapassagem Indevida;Com Vítimas Feridas;3;Chuva;Plena Noite;sexta-feira;Colisão lateral mesmo sentido;Múltipla;0;1;-15,64935642;-56,00049969;Perigosa;Centro-Oeste;2 Trimestre
669500;2025.0;n;3.0;2025-03-25;PR;376;501;PONTA GROSSA;Reação tardia ou ineficiente do condutor;Sem Vítimas;7;Sol;Pleno dia;terça-feira;Colisão traseira;Dupla;0;0;-25,162776;-50,121944;Segura;Sul;1 Trimestre
605781;2024.0;n;6.0;2024-06-07;PE;101;124;ESCADA;Condutor Dormindo;Com Vítimas Feridas;2;Nublado;Pleno dia;sexta-feira;Colisão traseira;Dupla;0;0;-8.361745;-35.213108;Segura;Nordeste;2 Trimestre
600916;2024.0;n;5.0;2024-05-16;SC;101;116;ITAJAI;Acessar a via sem observar a presença dos outros veículos;Com Vítimas Feridas;2;Céu Claro;Anoitecer;quinta-feira;Colisão lateral mesmo sentido;Dupla;0;0;-26.87905605;-48.72603512;Segura;Sul;2 Trimestre
659031;2025.0;n;2.0;2025-02-03;SE;101;201,3;CRISTINAPOLIS;Acessar a via sem observar a presença dos outros veículos;Com Vítimas Feridas;2;Nublado;Pleno dia;segunda-feira;Saída de leito carroçável;Simples;0;0;-11,49249;-37,777638;Segura;Nordeste;1 Trimestre
579245;2024.0;n;2.0;2024-02-05;RJ;40;72;PETROPOLIS;Pista Escorregadia;Com Vítimas Feridas;1;Garoa/Chuvisco;Pleno dia;segunda-feira;Colisão com objeto;Dupla;0;0;-22.46352401;-43.22321103;Segura;Sudeste;1 Trimestre
672774;2025.0;n;4.0;2025-04-10;BA;116;602,1;IRAJUBA;Ausência de reação do condutor;Com Vítimas Feridas;2;Céu Claro;Pleno dia;quinta-feira;Colisão com objeto;Simples;0;0;-13,2640065;-40,0177002;Segura;Nordeste;2 Trimestre
618717;2024.0;n;8.0;2024-08-03;SC;101;243,1;PALHOCA;Ausência de reação do condutor;Com Vítimas Feridas;3;Céu Claro;Pleno dia;sábado;Colisão traseira;Dupla;0;0;-27.88419902;-48.64750077;Segura;Sul;3 Trimestre
593446;2024.0;n;4.0;2024-04-12;SC;282;123,5;CHAPECO;Acessar a via sem observar a presença dos outros veículos;Com Vítimas Feridas;2;Céu Claro;Pleno dia;sexta-feira;Colisão transversal;Simples;0;0;-26.99987267;-52.64639854;Segura;Sul;2 Trimestre
687091;2025.0;n;3.0;2025-03-30;RJ;116;105;GUAPIMIRIM;Transitar na contramão;Com Vítimas Feridas;3;Garoa/Chuvisco;Plena Noite;domingo;Colisão frontal;Dupla;0;2;-22,508694;-42,998417;Perigosa;Sudeste;1 Trimestre
625368;2024.0;n;9.0;2024-09-02;SC;282;580,7;PINHALZINHO;Acessar a via sem observar a presença dos outros veículos;Com Vítimas Feridas;2;Sol;Pleno dia;segunda-feira;Colisão transversal;Simples;0;1;-26.832148;-52.994308;Perigosa;Sul;3 Trimestre
665395;2025.0;n;3.0;2025-03-05;MT;364;583;NOBRES;Chuva;Com Vítimas Feridas;4;Chuva;Plena Noite;quarta-feira;Saída de leito carroçável;Dupla;0;0;-14,5600621;-56,2208306;Segura;Centro-Oeste;1 Trimestre
605440;2024.0;n;6.0;2024-06-05;MG;267;200,3;BOM JARDIM DE MINAS;Reação tardia ou ineficiente do condutor;Com Vítimas Fatais;2;Céu Claro;Plena Noite;quarta-feira;Colisão lateral sentido oposto;Simples;1;0;-21.93311108;-44.08851501;Perigosa;Sudeste;2 Trimestre
612569;2024.0;n;7.0;2024-07-06;BA;407;23,2;JUAZEIRO;Reação tardia ou ineficiente do condutor;Com Vítimas Feridas;4;Sol;Pleno dia;sábado;Colisão frontal;Simples;0;0;-9.59343775;-40.4207605;Segura;Nordeste;3 Trimestre
662943;2025.0;n;2.0;2025-02-22;PB;116;5;CACHOEIRA DOS INDIOS;Velocidade Incompatível;Com Vítimas Feridas;1;Céu Claro;Plena Noite;sábado;Saída de leito carroçável;Simples;0;0;-6,94004286;-38,72136176;Segura;Nordeste;1 Trimestre
619355;2024.0;n;8.0;2024-08-05;RS;285;154,9;MUITOS CAPOES;Acessar a via sem observar a presença dos outros veículos;Com Vítimas Feridas;3;Nublado;Plena Noite;segunda-feira;Colisão transversal;Simples;0;3;-28.332582;-51.170681;Perigosa;Sul;3 Trimestre
629141;2024.0;n;9.0;2024-09-19;MG;381;939;EXTREMA;Trafegar com motocicleta (ou similar) entre as faixas;Com Vítimas Feridas;4;Nublado;Pleno dia;quinta-feira;Colisão lateral mesmo sentido;Dupla;0;0;-22.84701434;-46.33321175;Segura;Sudeste;3 Trimestre
660109;2025.0;n;2.0;2025-02-08;MT;364;239;JUSCIMEIRA;Condutor deixou de manter distância do veículo da frente;Com Vítimas Feridas;5;Céu Claro;Pleno dia;sábado;Colisão lateral mesmo sentido;Dupla;0;0;-16,1876524;-54,78578459;Segura;Centro-Oeste;1 Trimestre
582708;2024.0;n;2.0;2024-02-23;TO;153;356;FORTALEZA DO TABOCAO;Transitar na contramão;Com Vítimas Feridas;5;Céu Claro;Amanhecer;sexta-feira;Colisão lateral sentido oposto;Simples;0;1;-9.03156989;-48.5054722;Perigosa;Norte;1 Trimestre
615888;2024.0;n;7.0;2024-07-21;RO;364;347;JI-PARANA;Ausência de reação do condutor;Com Vítimas Fatais;4;Céu Claro;Amanhecer;domingo;Colisão traseira;Simples;1;0;-10.86070186;-61.9761549;Perigosa;Norte;3 Trimestre
602396;2024.0;n;5.0;2024-05-23;GO;60;381;RIO VERDE;Manobra de mudança de faixa;Com Vítimas Feridas;5;Céu Claro;Pleno dia;quinta-feira;Colisão lateral mesmo sentido;Dupla;0;0;-17.78387458;-50.89907885;Segura;Centro-Oeste;2 Trimestre
626845;2024.0;n;9.0;2024-09-08;MG;116;532;CARATINGA;Acessar a via sem observar a presença dos outros veículos;Sem Vítimas;2;Céu Claro;Plena Noite;domingo;Colisão frontal;Simples;0;0;-19.82774609;-42.13965431;Segura;Sudeste;3 Trimestre
686889;2025.0;n;4.0;2025-04-23;MT;70;521;VARZEA GRANDE;Acessar a via sem observar a presença dos outros veículos;Com Vítimas Feridas;2;Céu Claro;Pleno dia;quarta-feira;Colisão transversal;Simples;0;1;-15,66761909;-56,18182214;Perigosa;Centro-Oeste;2 Trimestre
663708;2025.0;n;2.0;2025-02-25;TO;153;656,1;GURUPI;Conversão proibida;Com Vítimas Feridas;2;Chuva;Plena Noite;terça-feira;Colisão transversal;Simples;0;1;-11,6737554;-49,06494141;Perigosa;Norte;1 Trimestre
598315;2024.0;n;5.0;2024-05-04;MS;163;678,9;RIO VERDE DE MATO GROSSO;Entrada inopinada do pedestre;Com Vítimas Feridas;3;Céu Claro;Plena Noite;sábado;Atropelamento de Pedestre;Simples;0;0;-18.94110596;-54.82984864;Segura;Centro-Oeste;2 Trimestre
667465;2025.0;n;3.0;2025-03-15;AL;101;119;SAO MIGUEL DOS CAMPOS;Demais falhas mecânicas ou elétricas;Com Vítimas Feridas;2;Céu Claro;Anoitecer;sábado;Tombamento;Dupla;0;0;-9,69005197;-36,03400826;Segura;Nordeste;1 Trimestre
687480;2025.0;n;4.0;2025-04-26;MG;262;44;MANHUACU;Condutor Dormindo;Com Vítimas Feridas;4;Céu Claro;Pleno dia;sábado;Colisão lateral sentido oposto;Simples;0;0;-20,26716911;-42,103014;Segura;Sudeste;2 Trimestre
623173;2024.0;n;8.0;2024-08-23;SC;470;121;IBIRAMA;Condutor deixou de manter distância do veículo da frente;Com Vítimas Feridas;2;Garoa/Chuvisco;Plena Noite;sexta-feira;Colisão transversal;Dupla;0;0;-27.095861;-49.526859;Segura;Sul;3 Trimestre
613449;2024.0;n;6.0;2024-06-16;MG;381;447;SABARA;Curva acentuada;Com Vítimas Feridas;2;Céu Claro;Pleno dia;domingo;Saída de leito carroçável;Simples;0;0;-19.83447607;-43.85011601;Segura;Sudeste;2 Trimestre
662152;2025.0;n;2.0;2025-02-18;MT;163;1049;MATUPA;Ultrapassagem Indevida;Sem Vítimas;3;Céu Claro;Pleno dia;terça-feira;Colisão transversal;Simples;0;0;-10,091035;-54,917637;Segura;Centro-Oeste;1 Trimestre
672098;2025.0;n;4.0;2025-04-06;PI;316;23;TERESINA;Acostamento em desnível;Sem Vítimas;2;Céu Claro;Pleno dia;domingo;Saída de leito carroçável;Dupla;0;0;-5,29801098;-42,70973682;Segura;Nordeste;2 Trimestre
599375;2024.0;n;5.0;2024-05-09;MG;116;739,5;LARANJAL;Reação tardia ou ineficiente do condutor;Com Vítimas Feridas;2;Céu Claro;Plena Noite;quinta-feira;Tombamento;Simples;0;0;-21.38530004;-42.48340096;Segura;Sudeste;2 Trimestre
574496;2024.0;n;1.0;2024-01-13;RS;287;247;SANTA MARIA;Manobra de mudança de faixa;Com Vítimas Feridas;4;Céu Claro;Pleno dia;sábado;Colisão com objeto;Dupla;0;0;-29.69850705;-53.84423554;Segura;Sul;1 Trimestre
653389;2025.0;n;1.0;2025-01-05;SC;116;64,6;MONTE CASTELO;Ausência de reação do condutor;Com Vítimas Feridas;2;Sol;Pleno dia;domingo;Colisão traseira;Simples;0;0;-26,41544499;-50,22732716;Segura;Sul;1 Trimestre
609654;2024.0;n;6.0;2024-06-24;MG;40;506;RIBEIRAO DAS NEVES;Manobra de mudança de faixa;Sem Vítimas;2;Céu Claro;Pleno dia;segunda-feira;Colisão lateral mesmo sentido;Dupla;0;0;-19.74716686;-44.14731173;Segura;Sudeste;2 Trimestre
655642;2025.0;n;1.0;2025-01-17;MA;222;642;ACAILANDIA;Condutor Dormindo;Com Vítimas Feridas;2;Céu Claro;Pleno dia;sexta-feira;Colisão lateral sentido oposto;Simples;0;0;-4,79503815;-47,21209191;Segura;Nordeste;1 Trimestre
615177;2024.0;n;6.0;2024-06-28;SC;470;68;INDAIAL;Frear bruscamente;Sem Vítimas;4;Céu Claro;Plena Noite;sexta-feira;Colisão transversal;Dupla;0;0;-26.877615;-49.239231;Segura;Sul;2 Trimestre
666153;2025.0;n;3.0;2025-03-09;BA;116;276;TUCANO;Ingestão de álcool pelo condutor;Com Vítimas Feridas;3;Céu Claro;Pleno dia;domingo;Colisão frontal;Simples;0;1;-10,983977;-38,798654;Perigosa;Nordeste;1 Trimestre
667524;2025.0;n;3.0;2025-03-16;ES;101;101,9;LINHARES;Condutor Dormindo;Com Vítimas Feridas;3;Céu Claro;Plena Noite;domingo;Saída de leito carroçável;Simples;0;1;-18,99564529;-40,00244111;Perigosa;Sudeste;1 Trimestre
601366;2024.0;n;5.0;2024-05-18;MG;459;57,3;IPUIUNA;Conversão proibida;Com Vítimas Feridas;2;Céu Claro;Pleno dia;sábado;Colisão lateral mesmo sentido;Simples;0;0;-22.085386;-46.231434;Segura;Sudeste;2 Trimestre
579236;2024.0;n;2.0;2024-02-05;PA;316;20;BENEVIDES;Ausência de reação do condutor;Sem Vítimas;3;Céu Claro;Plena Noite;segunda-feira;Colisão traseira;Dupla;0;0;-1.3642339;-48.266582;Segura;Norte;1 Trimestre
586054;2024.0;n;3.0;2024-03-09;GO;50;215,3;CAMPO ALEGRE DE GOIAS;Condutor Dormindo;Com Vítimas Feridas;5;Céu Claro;Pleno dia;sábado;Colisão traseira;Dupla;0;0;-17.6806;-47.7281;Segura;Centro-Oeste;1 Trimestre
574108;2024.0;n;1.0;2024-01-12;PR;277;588,5;CASCAVEL;Condutor Dormindo;Com Vítimas Feridas;6;Céu Claro;Pleno dia;sexta-feira;Colisão lateral sentido oposto;Simples;0;0;-24.97639126;-53.44369406;Segura;Sul;1 Trimestre
686983;2025.0;n;4.0;2025-04-24;TO;10;453;PALMAS;Estacionar ou parar em local proibido;Com Vítimas Feridas;2;Céu Claro;Plena Noite;quinta-feira;Colisão traseira;Múltipla;0;0;-10,32390184;-48,29729319;Segura;Norte;2 Trimestre
684304;2025.0;n;3.0;2025-03-13;RS;285;249,1;CIRIACO;Ingestão de álcool pelo condutor;Com Vítimas Feridas;3;Nublado;Plena Noite;quinta-feira;Colisão lateral sentido oposto;Simples;0;0;-28,26226633;-51,90656483;Segura;Sul;1 Trimestre
611881;2024.0;n;7.0;2024-07-04;PA;163;617;TRAIRAO;Transitar na contramão;Com Vítimas Feridas;5;Céu Claro;Amanhecer;quinta-feira;Colisão frontal;Simples;0;1;-4.73795095;-56.05091106;Perigosa;Norte;3 Trimestre
575906;2024.0;n;1.0;2024-01-20;GO;80;5;PADRE BERNARDO;Carga excessiva e/ou mal acondicionada;Com Vítimas Feridas;2;Céu Claro;Pleno dia;sábado;Tombamento;Simples;0;0;-15.487851;-48.231476;Segura;Centro-Oeste;1 Trimestre
617803;2024.0;n;7.0;2024-07-29;SC;101;54;JOINVILLE;Ausência de reação do condutor;Com Vítimas Feridas;3;Chuva;Plena Noite;segunda-feira;Colisão traseira;Múltipla;0;0;-26.42110929;-48.83047342;Segura;Sul;3 Trimestre
578344;2024.0;n;2.0;2024-02-01;PR;369;232;JANDAIA DO SUL;Frear bruscamente;Com Vítimas Feridas;4;Céu Claro;Pleno dia;quinta-feira;Saída de leito carroçável;Simples;0;1;-23.6115527;-51.66719913;Perigosa;Sul;1 Trimestre
575900;2024.0;n;1.0;2024-01-20;SP;116;141;SAO JOSE DOS CAMPOS;Reação tardia ou ineficiente do condutor;Com Vítimas Fatais;4;Nublado;Pleno dia;sábado;Colisão lateral mesmo sentido;Dupla;1;5;-23.17004717;-45.82091491;Perigosa;Sudeste;1 Trimestre
663593;2025.0;n;1.0;2025-01-29;RJ;101;115;CAMPOS DOS GOYTACAZES;Ausência de reação do condutor;Com Vítimas Feridas;2;Céu Claro;Plena Noite;quarta-feira;Colisão traseira;Dupla;0;1;-21,99406996;-41,66375867;Perigosa;Sudeste;1 Trimestre
687355;2025.0;n;4.0;2025-04-25;RS;101;61;MAQUINE;Demais falhas mecânicas ou elétricas;Sem Vítimas;2;Céu Claro;Plena Noite;sexta-feira;Incêndio;Dupla;0;0;-29,6833029;-50,14904308;Segura;Sul;2 Trimestre
664907;2025.0;n;3.0;2025-03-03;RJ;116;233;PIRAI;Demais falhas mecânicas ou elétricas;Sem Vítimas;1;Céu Claro;Amanhecer;segunda-feira;Incêndio;Dupla;0;0;-22,67009547;-43,85433197;Segura;Sudeste;1 Trimestre
610547;2024.0;n;4.0;2024-04-17;RO;364;216;PIMENTA BUENO;Condutor deixou de manter distância do veículo da frente;Com Vítimas Feridas;13;Chuva;Plena Noite;quarta-feira;Colisão lateral sentido oposto;Simples;0;1;-11.55310568;-61.29357762;Perigosa;Norte;2 Trimestre
664235;2025.0;n;2.0;2025-02-28;RJ;101;59;CAMPOS DOS GOYTACAZES;Suicídio (presumido);Com Vítimas Fatais;4;Céu Claro;Pleno dia;sexta-feira;Atropelamento de Pedestre;Simples;1;0;-21,719578;-41,313288;Perigosa;Sudeste;1 Trimestre
656351;2025.0;n;1.0;2025-01-20;RS;386;251,6;SOLEDADE;Condutor deixou de manter distância do veículo da frente;Com Vítimas Feridas;5;Céu Claro;Pleno dia;segunda-feira;Colisão traseira;Simples;0;0;-28,830132;-52,460941;Segura;Sul;1 Trimestre
626955;2024.0;n;9.0;2024-09-09;MG;381;6,5;BETIM;Acessar a via sem observar a presença dos outros veículos;Sem Vítimas;2;Céu Claro;Pleno dia;segunda-feira;Colisão lateral mesmo sentido;Dupla;0;0;-19.98743183;-44.19850767;Segura;Sudeste;3 Trimestre
615198;2024.0;n;6.0;2024-06-11;SC;101;210;SAO JOSE;Desrespeitar a preferência no cruzamento;Com Vítimas Feridas;2;Céu Claro;Pleno dia;terça-feira;Colisão lateral mesmo sentido;Múltipla;0;1;-27.6167305;-48.6457265;Perigosa;Sul;2 Trimestre
618224;2024.0;n;8.0;2024-08-01;PE;316;243;BELEM DE SAO FRANCISCO;Reação tardia ou ineficiente do condutor;Sem Vítimas;4;Nublado;Plena Noite;quinta-feira;Tombamento;Simples;0;0;-8.64915586;-39.02692993;Segura;Nordeste;3 Trimestre
584796;2024.0;n;3.0;2024-03-03;MT;70;250;POXOREO;Acostamento em desnível;Sem Vítimas;2;Chuva;Pleno dia;domingo;Capotamento;Simples;0;0;-15.62402874;-54.13324356;Segura;Centro-Oeste;1 Trimestre
620183;2024.0;n;8.0;2024-08-09;SC;470;116,4;IBIRAMA;Velocidade Incompatível;Com Vítimas Feridas;4;Céu Claro;Anoitecer;sexta-feira;Derramamento de carga;Simples;0;0;-27.07756;-49.49448;Segura;Sul;3 Trimestre
571804;2024.0;y;1.0;2024-01-01;PI;343;185;PIRIPIRI;Manobra de mudança de faixa;Com Vítimas Fatais;2;Céu Claro;Amanhecer;segunda-feira;Colisão frontal;Simples;1;0;-4.29603281;-41.76732659;Perigosa;Nordeste;1 Trimestre