id;ano;feriado;mes;data_inversa;uf;br;km;municipio;causa_acidente;classificacao_acidente;veiculos;condicao_metereologica;fase_dia;dia_semana;tipo_acidente;tipo_pista;mortos;feridos_graves;latitude;longitude;status;regiao;periodo
667120;2025.0;n;3.0;2025-03-14;BA;101;729;EUNAPOLIS;Reação tardia ou ineficiente do condutor;Com Vítimas Feridas;1;Céu Claro;Pleno dia;sexta-feira;Saída de leito carroçável;Simples;0;1;-16,46012209;-39,57464218;Perigosa;Nordeste;1 Trimestre
618324;2024.0;n;8.0;2024-08-01;PR;376;390;IMBAU;Condutor Dormindo;Com Vítimas Feridas;2;Céu Claro;Pleno dia;quinta-feira;Saída de leito carroçável;Dupla;0;0;-24.484165;-50.733683;Segura;Sul;3 Trimestre
610911;2024.0;n;6.0;2024-06-29;BA;116;510;SANTA TERESINHA;Velocidade Incompatível;Sem Vítimas;3;Céu Claro;Pleno dia;sábado;Saída de leito carroçável;Simples;0;0;-12.6682164;-39.6450058;Segura;Nordeste;2 Trimestre
584855;2024.0;n;3.0;2024-03-03;MG;40;130;JOAO PINHEIRO;Transitar na contramão;Com Vítimas Feridas;2;Chuva;Plena Noite;domingo;Colisão frontal;Simples;0;0;-17.706172;-46.285975;Segura;Sudeste;1 Trimestre
586299;2024.0;n;3.0;2024-03-10;SC;101;50,2;JOINVILLE;Mal súbito do condutor;Com Vítimas Feridas;2;Céu Claro;Pleno dia;domingo;Colisão com objeto;Múltipla;0;0;-26.37546719;-48.85479619;Segura;Sul;1 Trimestre
608277;2024.0;n;6.0;2024-06-18;RS;290;681,3;URUGUAIANA;Condutor deixou de manter distância do veículo da frente;Com Vítimas Feridas;3;Nublado;Plena Noite;terça-feira;Colisão traseira;Simples;0;0;-29.899723;-56.7034;Segura;Sul;2 Trimestre
652627;2025.0;y;1.0;2025-01-01;MG;40;720,6;BARBACENA;Reação tardia ou ineficiente do condutor;Com Vítimas Feridas;2;Chuva;Plena Noite;quarta-feira;Colisão traseira;Dupla;0;0;-21,2939763;-43,62048364;Segura;Sudeste;1 Trimestre
608868;2024.0;n;6.0;2024-06-20;PR;376;676;GUARATUBA;Reação tardia ou ineficiente do condutor;Com Vítimas Feridas;2;Céu Claro;Plena Noite;quinta-feira;Saída de leito carroçável;Simples;0;0;-25.934734;-48.909655;Segura;Sul;2 Trimestre
578921;2024.0;n;2.0;2024-02-04;GO;452;145,5;BOM JESUS DE GOIAS;Problema com o freio;Com Vítimas Feridas;8;Sol;Pleno dia;domingo;Colisão traseira;Simples;0;0;-18.28004135;-49.62383116;Segura;Centro-Oeste;1 Trimestre
616724;2024.0;n;7.0;2024-07-25;RS;290;199;RIO PARDO;Reação tardia ou ineficiente do condutor;Com Vítimas Feridas;2;Céu Claro;Pleno dia;quinta-feira;Colisão traseira;Simples;0;0;-30.169876;-52.20639;Segura;Sul;3 Trimestre
657072;2025.0;n;1.0;2025-01-24;RO;364;347,5;JI-PARANA;Reação tardia ou ineficiente do condutor;Com Vítimas Feridas;2;Céu Claro;Pleno dia;sexta-feira;Colisão traseira;Simples;0;0;-10,86070186;-61,9761549;Segura;Norte;1 Trimestre
661559;2025.0;n;2.0;2025-02-15;MT;163;1111;GUARANTA DO NORTE;Carga excessiva e/ou mal acondicionada;Com Vítimas Fatais;2;Céu Claro;Pleno dia;sábado;Tombamento;Simples;1;0;-9,601025;-54,891166;Perigosa;Centro-Oeste;1 Trimestre
602638;2024.0;n;5.0;2024-05-24;SC;101;140;ITAPEMA;Reação tardia ou ineficiente do condutor;Sem Vítimas;2;Nublado;Pleno dia;sexta-feira;Colisão lateral mesmo sentido;Dupla;0;0;-27.03881189;-48.60025148;Segura;Sul;2 Trimestre
625547;2024.0;n;9.0;2024-09-03;RS;392;114,5;CANGUCU;Reação tardia ou ineficiente do condutor;Com Vítimas Feridas;2;Nublado;Pleno dia;terça-feira;Colisão traseira;Simples;0;0;-31.43234525;-52.65622636;Segura;Sul;3 Trimestre
580873;2024.0;n;2.0;2024-02-13;GO;0;0;JATAI;Ausência de reação do condutor;Sem Vítimas;3;Céu Claro;Plena Noite;terça-feira;Colisão traseira;Simples;0;0;-17.917818;-51.696274;Segura;Centro-Oeste;1 Trimestre
666485;2025.0;n;3.0;2025-03-11;MG;381;833,5;SAO SEBASTIAO DA BELA VISTA;Reação tardia ou ineficiente do condutor;Com Vítimas Feridas;5;Céu Claro;Pleno dia;terça-feira;Colisão traseira;Dupla;0;1;-22,124408;-45,795646;Perigosa;Sudeste;1 Trimestre
609780;2024.0;n;6.0;2024-06-24;SC;101;197,7;BIGUACU;Ausência de reação do condutor;Com Vítimas Feridas;2;Nublado;Plena Noite;segunda-feira;Colisão traseira;Simples;0;0;-27.51844497;-48.63848496;Segura;Sul;2 Trimestre
686901;2025.0;n;4.0;2025-04-23;MA;135;67;SANTA RITA;Reação tardia ou ineficiente do condutor;Sem Vítimas;2;Chuva;Pleno dia;quarta-feira;Saída de leito carroçável;Dupla;0;0;-3,115493;-44,323428;Segura;Nordeste;2 Trimestre
660104;2025.0;n;2.0;2025-02-08;MT;364;436;VARZEA GRANDE;Conversão proibida;Com Vítimas Feridas;2;Céu Claro;Pleno dia;sábado;Colisão transversal;Dupla;0;0;-15,6375121;-56,2038133;Segura;Centro-Oeste;1 Trimestre
667861;2025.0;n;3.0;2025-03-17;PA;163;150;ALTAMIRA;Pista esburacada;Sem Vítimas;4;Céu Claro;Plena Noite;segunda-feira;Tombamento;Simples;0;0;-8,37947113;-55,09374797;Segura;Norte;1 Trimestre
600784;2024.0;n;5.0;2024-05-15;PR;277;311;GUARAPUAVA;Ultrapassagem Indevida;Com Vítimas Feridas;7;Nevoeiro/Neblina;Plena Noite;quarta-feira;Colisão frontal;Simples;0;1;-25.31576601;-51.18861896;Perigosa;Sul;2 Trimestre
601740;2024.0;n;5.0;2024-05-20;RS;116;240;NOVO HAMBURGO;Condutor deixou de manter distância do veículo da frente;Com Vítimas Feridas;2;Nublado;Plena Noite;segunda-feira;Colisão traseira;Dupla;0;1;-29.70496497;-51.14676523;Perigosa;Sul;2 Trimestre
653020;2025.0;n;1.0;2025-01-03;BA;110;389;SAO SEBASTIAO DO PASSE;Ausência de reação do condutor;Com Vítimas Feridas;3;Céu Claro;Plena Noite;sexta-feira;Colisão traseira;Simples;0;1;-12,50766107;-38,49626949;Perigosa;Nordeste;1 Trimestre
622230;2024.0;n;8.0;2024-08-19;MG;381;498;BETIM;Ausência de reação do condutor;Com Vítimas Fatais;3;Céu Claro;Pleno dia;segunda-feira;Colisão traseira;Dupla;1;0;-20.01172662;-44.21976041;Perigosa;Sudeste;3 Trimestre
612675;2024.0;n;7.0;2024-07-06;MT;163;796;VERA;Transitar na contramão;Com Vítimas Fatais;3;Céu Claro;Plena Noite;sábado;Colisão frontal;Simples;1;1;-12.20509819;-55.53790569;Perigosa;Centro-Oeste;3 Trimestre
611093;2024.0;n;6.0;2024-06-30;SC;101;39;JOINVILLE;Acessar a via sem observar a presença dos outros veículos;Sem Vítimas;2;Céu Claro;Pleno dia;domingo;Colisão lateral mesmo sentido;Dupla;0;0;-26.2628107;-48.90192257;Segura;Sul;2 Trimestre
654153;2025.0;n;1.0;2025-01-10;DF;40;1,5;BRASILIA;Pista Escorregadia;Sem Vítimas;1;Céu Claro;Pleno dia;sexta-feira;Saída de leito carroçável;Dupla;0;0;-15,985532;-47,987747;Segura;Centro-Oeste;1 Trimestre
658478;2025.0;n;1.0;2025-01-31;RJ;101;65;CAMPOS DOS GOYTACAZES;Ultrapassagem Indevida;Com Vítimas Feridas;2;Céu Claro;Pleno dia;sexta-feira;Colisão lateral mesmo sentido;Dupla;0;0;-21,75371806;-41,344292;Segura;Sudeste;1 Trimestre
613365;2024.0;n;7.0;2024-07-09;SC;116;133,5;SANTA CECILIA;Transitar na contramão;Sem Vítimas;3;Garoa/Chuvisco;Plena Noite;terça-feira;Colisão frontal;Simples;0;0;-26.92073066;-50.44464827;Segura;Sul;3 Trimestre
620101;2024.0;n;8.0;2024-08-09;ES;101;344;GUARAPARI;Velocidade Incompatível;Sem Vítimas;2;Céu Claro;Pleno dia;sexta-feira;Colisão com objeto;Dupla;0;0;-20.66307033;-40.5994571;Segura;Sudeste;3 Trimestre
583337;2024.0;n;2.0;2024-02-25;MT;70;539;VARZEA GRANDE;Condutor deixou de manter distância do veículo da frente;Com Vítimas Feridas;2;Céu Claro;Plena Noite;domingo;Colisão lateral mesmo sentido;Simples;0;1;-15.65535203;-56.20867099;Perigosa;Centro-Oeste;1 Trimestre
685363;2025.0;n;4.0;2025-04-17;PE;407;127;PETROLINA;Condutor deixou de manter distância do veículo da frente;Com Vítimas Feridas;3;Céu Claro;Pleno dia;quinta-feira;Colisão traseira;Simples;0;0;-9,391996;-40,516821;Segura;Nordeste;2 Trimestre
620011;2024.0;n;8.0;2024-08-09;RJ;116;121;MAGE;Ausência de reação do condutor;Com Vítimas Feridas;1;Céu Claro;Pleno dia;sexta-feira;Saída de leito carroçável;Dupla;0;0;-22.62881711;-43.04922889;Segura;Sudeste;3 Trimestre
654250;2025.0;n;1.0;2025-01-10;SE;101;193,5;CRISTINAPOLIS;Velocidade Incompatível;Com Vítimas Feridas;2;Chuva;Pleno dia;sexta-feira;Colisão transversal;Simples;0;1;-11,44262788;-37,73258333;Perigosa;Nordeste;1 Trimestre
584469;2024.0;n;3.0;2024-03-02;BA;116;633;JAGUAQUARA;Entrada inopinada do pedestre;Com Vítimas Fatais;3;Céu Claro;Pleno dia;sábado;Atropelamento de Pedestre;Simples;1;0;-13.47539479;-40.03995749;Perigosa;Nordeste;1 Trimestre
600503;2024.0;n;5.0;2024-05-14;GO;40;1,8;VALPARAISO DE GOIAS;Reação tardia ou ineficiente do condutor;Com Vítimas Feridas;5;Céu Claro;Pleno dia;terça-feira;Engavetamento;Dupla;0;0;-16.067129;-47.984235;Segura;Centro-Oeste;2 Trimestre
584078;2024.0;n;2.0;2024-02-29;RO;364;1030;PORTO VELHO;Ausência de reação do condutor;Com Vítimas Fatais;3;Céu Claro;Amanhecer;quinta-feira;Colisão traseira;Simples;1;0;-9.75929717;-66.26472596;Perigosa;Norte;1 Trimestre
623632;2024.0;n;8.0;2024-08-25;MG;365;537;ROMARIA;Reação tardia ou ineficiente do condutor;Com Vítimas Fatais;3;Céu Claro;Pleno dia;domingo;Saída de leito carroçável;Simples;2;0;-18.93143552;-47.56253904;Perigosa;Sudeste;3 Trimestre
600297;2024.0;n;5.0;2024-05-13;TO;153;314;GUARAI;Condutor Dormindo;Com Vítimas Feridas;3;Céu Claro;Pleno dia;segunda-feira;Colisão frontal;Simples;0;2;-8.65746;-48.49490499;Perigosa;Norte;2 Trimestre
594682;2024.0;n;4.0;2024-04-15;BA;116;640,8;JAGUAQUARA;Reação tardia ou ineficiente do condutor;Com Vítimas Feridas;3;Chuva;Pleno dia;segunda-feira;Tombamento;Simples;0;0;-13.53126279;-40.06433648;Segura;Nordeste;2 Trimestre
665738;2025.0;n;3.0;2025-03-07;MS;60;337;CAMPO GRANDE;Ausência de reação do condutor;Com Vítimas Feridas;5;Céu Claro;Pleno dia;sexta-feira;Colisão lateral sentido oposto;Simples;0;0;-20,373743;-54,667947;Segura;Centro-Oeste;1 Trimestre
587029;2024.0;n;3.0;2024-03-13;MS;262;618;MIRANDA;Ausência de reação do condutor;Sem Vítimas;2;Céu Claro;Pleno dia;quarta-feira;Tombamento;Simples;0;0;-19.96733704;-56.83601909;Segura;Centro-Oeste;1 Trimestre
591279;2024.0;n;4.0;2024-04-01;BA;367;84,2;EUNAPOLIS;Condutor Dormindo;Sem Vítimas;1;Céu Claro;Plena Noite;segunda-feira;Colisão com objeto;Simples;0;0;-16.374976;-39.580758;Segura;Nordeste;2 Trimestre
599171;2024.0;n;5.0;2024-05-09;PR;153;484;GENERAL CARNEIRO;Velocidade Incompatível;Com Vítimas Feridas;1;Céu Claro;Plena Noite;quinta-feira;Saída de leito carroçável;Simples;0;0;-26.38706426;-51.27156258;Segura;Sul;2 Trimestre
667599;2025.0;n;3.0;2025-03-16;MG;251;273;SALINAS;Demais falhas mecânicas ou elétricas;Sem Vítimas;2;Céu Claro;Pleno dia;domingo;Incêndio;Simples;0;0;-15,99702943;-41,99322224;Segura;Sudeste;1 Trimestre
573588;2024.0;n;1.0;2024-01-09;PR;116;201,3;RIO NEGRO;Transitar na contramão;Com Vítimas Fatais;3;Céu Claro;Pleno dia;terça-feira;Colisão frontal;Simples;1;0;-26.0574904;-49.7263052;Perigosa;Sul;1 Trimestre
689273;2025.0;n;1.0;2025-01-18;SP;153;97;JACI;Ausência de reação do condutor;Sem Vítimas;3;Céu Claro;Pleno dia;sábado;Tombamento;Simples;0;0;-20,98473984;-49,61733921;Segura;Sudeste;1 Trimestre
579294;2024.0;n;2.0;2024-02-06;MA;135;9;SAO LUIS;Acessar a via sem observar a presença dos outros veículos;Com Vítimas Feridas;3;Céu Claro;Plena Noite;terça-feira;Colisão transversal;Dupla;0;1;-2.66480672;-44.28647757;Perigosa;Nordeste;1 Trimestre
593479;2024.0;n;4.0;2024-04-12;RJ;393;124;SAPUCAIA;Velocidade Incompatível;Com Vítimas Feridas;2;Céu Claro;Pleno dia;sexta-feira;Tombamento;Simples;0;1;-21.94148988;-42.82319999;Perigosa;Sudeste;2 Trimestre
618147;2024.0;n;7.0;2024-07-31;RJ;116;97;GUAPIMIRIM;Curva acentuada;Com Vítimas Feridas;1;Nublado;Pleno dia;quarta-feira;Tombamento;Simples;0;2;-22.47811419;-42.99603471;Perigosa;Sudeste;3 Trimestre
685578;2025.0;n;4.0;2025-04-17;RJ;116;324;ITATIAIA;Ausência de reação do condutor;Com Vítimas Feridas;2;Céu Claro;Plena Noite;quinta-feira;Colisão traseira;Dupla;0;1;-22,49740167;-44,576335;Perigosa;Sudeste;2 Trimestre
618978;2024.0;n;8.0;2024-08-04;MG;40;590;ITABIRITO;Pista Escorregadia;Com Vítimas Feridas;4;Chuva;Plena Noite;domingo;Colisão com objeto;Dupla;0;0;-20.36807799;-43.90982881;Segura;Sudeste;3 Trimestre
592896;2024.0;n;4.0;2024-04-09;MG;153;113,3;PRATA;Condutor Dormindo;Com Vítimas Feridas;3;Céu Claro;Pleno dia;terça-feira;Colisão traseira;Dupla;0;1;-19.34053794;-48.90019179;Perigosa;Sudeste;2 Trimestre
654690;2025.0;n;1.0;2025-01-12;PR;116;118;CURITIBA;Reação tardia ou ineficiente do condutor;Com Vítimas Fatais;1;Nublado;Pleno dia;domingo;Colisão com objeto;Dupla;1;0;-25,54657438;-49,29173608;Perigosa;Sul;1 Trimestre
602160;2024.0;n;5.0;2024-05-22;MG;153;188,6;FRUTAL;Condutor Dormindo;Com Vítimas Feridas;2;Céu Claro;Amanhecer;quarta-feira;Saída de leito carroçável;Simples;0;0;-19.873552;-48.973881;Segura;Sudeste;2 Trimestre
594831;2024.0;n;4.0;2024-04-18;MG;381;487;BETIM;Ausência de reação do condutor;Com Vítimas Feridas;6;Chuva;Plena Noite;quinta-feira;Tombamento;Dupla;0;1;-19.95586853;-44.14609501;Perigosa;Sudeste;2 Trimestre
652868;2025.0;n;1.0;2025-01-03;PB;101;117,9;PEDRAS DE FOGO;Objeto estático sobre o leito carroçável;Com Vítimas Feridas;1;Céu Claro;Amanhecer;sexta-feira;Saída de leito carroçável;Dupla;0;0;-7,41357983;-34,95743528;Segura;Nordeste;1 Trimestre
617639;2024.0;n;7.0;2024-07-29;MT;364;308,7;JACIARA;Reação tardia ou ineficiente do condutor;Com Vítimas Feridas;8;Céu Claro;Pleno dia;segunda-feira;Colisão traseira;Dupla;0;0;-15.81860731;-55.22097308;Segura;Centro-Oeste;3 Trimestre
657451;2025.0;n;1.0;2025-01-26;SC;470;185,3;POUSO REDONDO;Reação tardia ou ineficiente do condutor;Com Vítimas Feridas;3;Céu Claro;Pleno dia;domingo;Tombamento;Simples;0;1;-27,254034;-50,036575;Perigosa;Sul;1 Trimestre
616780;2024.0;n;1.0;2024-01-09;SP;116;218;GUARULHOS;Ausência de reação do condutor;Com Vítimas Feridas;3;Nublado;Pleno dia;terça-feira;Colisão traseira;Múltipla;0;1;-23.457972;-46.479927;Perigosa;Sudeste;1 Trimestre
599455;2024.0;n;5.0;2024-05-10;RS;116;40,2;VACARIA;Acessar a via sem observar a presença dos outros veículos;Com Vítimas Feridas;3;Garoa/Chuvisco;Pleno dia;sexta-feira;Colisão transversal;Simples;0;0;-28.52077795;-50.94212294;Segura;Sul;2 Trimestre
655418;2025.0;n;1.0;2025-01-16;MA;10;251;IMPERATRIZ;Retorno proibido;Com Vítimas Feridas;3;Chuva;Pleno dia;quinta-feira;Colisão lateral mesmo sentido;Simples;0;1;-5,543249;-47,464447;Perigosa;Nordeste;1 Trimestre
622971;2024.0;n;8.0;2024-08-22;MT;174;346;CONQUISTA DOESTE;Demais falhas mecânicas ou elétricas;Sem Vítimas;2;Céu Claro;Pleno dia;quinta-feira;Incêndio;Simples;0;0;-14.75532103;-59.34784201;Segura;Centro-Oeste;3 Trimestre
609884;2024.0;n;6.0;2024-06-25;SP;153;75,6;BADY BASSITT;Ausência de reação do condutor;Sem Vítimas;2;Céu Claro;Pleno dia;terça-feira;Colisão traseira;Dupla;0;0;-20.89418221;-49.43387582;Segura;Sudeste;2 Trimestre
582376;2024.0;n;2.0;2024-02-03;MG;381;445,6;SANTA LUZIA;Condutor Dormindo;Com Vítimas Fatais;3;Chuva;Amanhecer;sábado;Colisão frontal;Simples;1;0;-19.83447607;-43.85011601;Perigosa;Sudeste;1 Trimestre
617577;2024.0;n;7.0;2024-07-28;SC;282;400,9;JOACABA;Ultrapassagem Indevida;Com Vítimas Feridas;2;Chuva;Plena Noite;domingo;Saída de leito carroçável;Simples;0;0;-27.132223;-51.627563;Segura;Sul;3 Trimestre
577474;2024.0;n;1.0;2024-01-27;PE;424;86;GARANHUNS;Acessar a via sem observar a presença dos outros veículos;Com Vítimas Feridas;2;Céu Claro;Plena Noite;sábado;Colisão traseira;Simples;0;1;-8.86552886;-36.50934159;Perigosa;Nordeste;1 Trimestre
625440;2024.0;n;9.0;2024-09-02;MG;365;406;PATOS DE MINAS;Reação tardia ou ineficiente do condutor;Com Vítimas Fatais;2;Céu Claro;Plena Noite;segunda-feira;Colisão frontal;Simples;1;0;-18.63902047;-46.49098979;Perigosa;Sudeste;3 Trimestre
652883;2025.0;n;1.0;2025-01-03;PB;101;86;BAYEUX;Reação tardia ou ineficiente do condutor;Com Vítimas Feridas;2;Céu Claro;Pleno dia;sexta-feira;Colisão traseira;Dupla;0;1;-7,15118983;-34,91012184;Perigosa;Nordeste;1 Trimestre
616840;2024.0;n;7.0;2024-07-25;BA;116;876;VITORIA DA CONQUISTA;Condutor deixou de manter distância do veículo da frente;Com Vítimas Feridas;4;Céu Claro;Pleno dia;quinta-feira;Engavetamento;Simples;0;0;-15.17765011;-41.06751782;Segura;Nordeste;3 Trimestre
582615;2024.0;n;2.0;2024-02-22;MG;40;205;JOAO PINHEIRO;Acumulo de água sobre o pavimento;Com Vítimas Feridas;2;Chuva;Pleno dia;quinta-feira;Colisão lateral sentido oposto;Simples;0;0;-17.99237393;-45.77319798;Segura;Sudeste;1 Trimestre
583740;2024.0;n;2.0;2024-02-27;SP;116;223;GUARULHOS;Reação tardia ou ineficiente do condutor;Com Vítimas Feridas;2;Céu Claro;Plena Noite;terça-feira;Colisão lateral mesmo sentido;Múltipla;0;0;-23.47559815;-46.5246609;Segura;Sudeste;1 Trimestre
620477;2024.0;n;8.0;2024-08-11;PB;230;171,6;CAMPINA GRANDE;Manobra de mudança de faixa;Com Vítimas Feridas;3;Céu Claro;Pleno dia;domingo;Colisão lateral sentido oposto;Simples;0;0;-7.18;-35.9938;Segura;Nordeste;3 Trimestre
662640;2025.0;n;2.0;2025-02-21;SP;381;75;SAO PAULO;Demais falhas mecânicas ou elétricas;Com Vítimas Feridas;3;Céu Claro;Plena Noite;sexta-feira;Colisão traseira;Múltipla;0;1;-23,37660089;-46,56409613;Perigosa;Sudeste;1 Trimestre
609924;2024.0;n;6.0;2024-06-25;PB;230;36;SANTA RITA;Demais falhas mecânicas ou elétricas;Sem Vítimas;1;Céu Claro;Pleno dia;terça-feira;Saída de leito carroçável;Simples;0;0;-7.1246;-34.9473;Segura;Nordeste;2 Trimestre
611140;2024.0;n;6.0;2024-06-29;MG;50;193;DELTA;Velocidade Incompatível;Sem Vítimas;5;Céu Claro;Pleno dia;sábado;Colisão lateral mesmo sentido;Dupla;0;0;-19.87965993;-47.85365089;Segura;Sudeste;2 Trimestre
657967;2025.0;n;1.0;2025-01-28;ES;101;293,8;CARIACICA;Condutor deixou de manter distância do veículo da frente;Com Vítimas Feridas;3;Nublado;Plena Noite;terça-feira;Colisão lateral mesmo sentido;Múltipla;0;0;-20,31526144;-40,39567044;Segura;Sudeste;1 Trimestre
653125;2025.0;n;1.0;2025-01-04;MT;158;626;AGUA BOA;Ausência de reação do condutor;Com Vítimas Feridas;1;Sol;Pleno dia;sábado;Saída de leito carroçável;Simples;0;0;-14,4766339;-52,2771232;Segura;Centro-Oeste;1 Trimestre
669401;2025.0;n;3.0;2025-03-25;SP;116;116;TAUBATE;Reação tardia ou ineficiente do condutor;Com Vítimas Feridas;2;Céu Claro;Plena Noite;terça-feira;Tombamento;Dupla;0;0;-23,05016216;-45,60196817;Segura;Sudeste;1 Trimestre
664289;2025.0;n;2.0;2025-02-28;PR;376;0,8;SAO JOSE DOS PINHAIS;Manobra de mudança de faixa;Com Vítimas Fatais;2;Céu Claro;Pleno dia;sexta-feira;Colisão traseira;Dupla;1;0;-25,5613309;-49,1846452;Perigosa;Sul;1 Trimestre
614885;2024.0;n;7.0;2024-07-16;BA;407;98;JAGUARARI;Ultrapassagem Indevida;Com Vítimas Feridas;1;Nublado;Pleno dia;terça-feira;Tombamento;Simples;0;0;-10.22018224;-40.21285144;Segura;Nordeste;3 Trimestre
673959;2025.0;n;4.0;2025-04-16;MS;163;165;JUTI;Reação tardia ou ineficiente do condutor;Com Vítimas Fatais;1;Garoa/Chuvisco;Plena Noite;quarta-feira;Colisão com objeto;Simples;1;0;-22,898989;-54,560504;Perigosa;Centro-Oeste;2 Trimestre
610188;2024.0;n;6.0;2024-06-26;MG;381;304,8;ANTONIO DIAS;Ausência de reação do condutor;Com Vítimas Feridas;3;Céu Claro;Pleno dia;quarta-feira;Tombamento;Dupla;0;0;-19.64450453;-42.92272769;Segura;Sudeste;2 Trimestre
652645;2025.0;y;1.0;2025-01-01;MG;116;626,9;ORIZANIA;Pedestre andava na pista;Com Vítimas Fatais;2;Garoa/Chuvisco;Plena Noite;quarta-feira;Atropelamento de Pedestre;Simples;1;1;-20,547563;-42,208299;Perigosa;Sudeste;1 Trimestre
688028;2025.0;n;4.0;2025-04-29;SC;101;127,6;CAMBORIU;Trafegar com motocicleta (ou similar) entre as faixas;Com Vítimas Feridas;4;Céu Claro;Pleno dia;terça-feira;Colisão lateral mesmo sentido;Dupla;0;1;-26,97468303;-48,68265152;Perigosa;Sul;2 Trimestre
603365;2024.0;n;5.0;2024-05-27;ES;101;270;SERRA;Ausência de reação do condutor;Com Vítimas Feridas;2;Nublado;Pleno dia;segunda-feira;Colisão traseira;Múltipla;0;0;-20.22662056;-40.27075088;Segura;Sudeste;2 Trimestre
601986;2024.0;n;5.0;2024-05-21;MA;226;65;CAXIAS;Ausência de reação do condutor;Com Vítimas Fatais;3;Céu Claro;Amanhecer;terça-feira;Colisão frontal;Simples;1;0;-5.224909;-43.451706;Perigosa;Nordeste;2 Trimestre
653070;2025.0;n;1.0;2025-01-03;PI;343;347;TERESINA;Reação tardia ou ineficiente do condutor;Sem Vítimas;2;Céu Claro;Plena Noite;sexta-feira;Colisão lateral mesmo sentido;Simples;0;0;-5,114822;-42,778355;Segura;Nordeste;1 Trimestre
630272;2024.0;n;9.0;2024-09-24;MG;116;143;PONTO DOS VOLANTES;Demais falhas mecânicas ou elétricas;Com Vítimas Feridas;3;Céu Claro;Pleno dia;terça-feira;Saída de leito carroçável;Simples;0;1;-16.79353103;-41.48030125;Perigosa;Sudeste;3 Trimestre
587885;2024.0;n;3.0;2024-03-17;RS;392;10,2;RIO GRANDE;Reação tardia ou ineficiente do condutor;Com Vítimas Feridas;1;Céu Claro;Pleno dia;domingo;Saída de leito carroçável;Dupla;0;0;-32.11610015;-52.12097891;Segura;Sul;1 Trimestre
661081;2025.0;n;2.0;2025-02-13;MS;262;415,9;TERENOS;Ausência de reação do condutor;Com Vítimas Feridas;2;Nublado;Pleno dia;quinta-feira;Colisão lateral sentido oposto;Simples;0;0;-20,451963;-55,170094;Segura;Centro-Oeste;1 Trimestre
653176;2025.0;n;1.0;2025-01-04;PB;230;162,7;CAMPINA GRANDE;Condutor deixou de manter distância do veículo da frente;Sem Vítimas;3;Sol;Pleno dia;sábado;Engavetamento;Simples;0;0;-7,2277;-35,9439;Segura;Nordeste;1 Trimestre
662170;2025.0;n;2.0;2025-02-18;ES;101;382;RIO NOVO DO SUL;Acessar a via sem observar a presença dos outros veículos;Com Vítimas Feridas;3;Céu Claro;Pleno dia;terça-feira;Colisão transversal;Simples;0;1;-20,82072713;-40,84702482;Perigosa;Sudeste;1 Trimestre
617401;2024.0;n;7.0;2024-07-28;CE;116;526,7;JATI;Ingestão de álcool pelo condutor;Com Vítimas Feridas;3;Céu Claro;Amanhecer;domingo;Colisão frontal;Simples;0;0;-7.66030304;-39.01820218;Segura;Nordeste;3 Trimestre
627213;2024.0;n;9.0;2024-09-10;AM;319;279,2;BERURI;Reação tardia ou ineficiente do condutor;Com Vítimas Feridas;3;Céu Claro;Pleno dia;terça-feira;Engavetamento;Simples;0;0;-4.839603;-61.4033;Segura;Norte;3 Trimestre
624843;2024.0;n;8.0;2024-08-31;RS;285;324,4;PASSO FUNDO;Velocidade Incompatível;Com Vítimas Feridas;5;Céu Claro;Pleno dia;sábado;Colisão lateral mesmo sentido;Simples;0;0;-28.269268;-52.659126;Segura;Sul;3 Trimestre
599222;2024.0;n;5.0;2024-05-09;PR;376;597,9;CURITIBA;Ausência de reação do condutor;Com Vítimas Fatais;7;Nublado;Pleno dia;quinta-feira;Colisão lateral mesmo sentido;Dupla;1;0;-25.50388558;-49.34119284;Perigosa;Sul;2 Trimestre
581487;2024.0;n;2.0;2024-02-16;MS;163;512;JARAGUARI;Condutor deixou de manter distância do veículo da frente;Com Vítimas Fatais;4;Céu Claro;Pleno dia;sexta-feira;Colisão traseira;Dupla;1;1;-20.22783328;-54.47717844;Perigosa;Centro-Oeste;1 Trimestre
581199;2024.0;n;2.0;2024-02-14;PI;316;9;TERESINA;Manobra de mudança de faixa;Com Vítimas Feridas;2;Céu Claro;Pleno dia;quarta-feira;Colisão traseira;Múltipla;0;0;-5.17381686;-42.76624952;Segura;Nordeste;1 Trimestre
668397;2025.0;n;3.0;2025-03-20;MG;267;213,6;BOM JARDIM DE MINAS;Ausência de reação do condutor;Com Vítimas Feridas;3;Céu Claro;Amanhecer;quinta-feira;Colisão traseira;Simples;0;0;-21,93530464;-44,20245141;Segura;Sudeste;1 Trimestre
579666;2024.0;n;2.0;2024-02-07;RJ;116;211;SEROPEDICA;Reação tardia ou ineficiente do condutor;Com Vítimas Feridas;1;Céu Claro;Plena Noite;quarta-feira;Colisão com objeto;Dupla;0;0;-22.71844298;-43.700897;Segura;Sudeste;1 Trimestre
592136;2024.0;n;4.0;2024-04-06;SC;101;204,5;SAO JOSE;Demais falhas mecânicas ou elétricas;Com Vítimas Feridas;6;Sol;Pleno dia;sábado;Colisão traseira;Múltipla;0;0;-27.57774109;-48.61350954;Segura;Sul;2 Trimestre