id;ano;feriado;mes;data_inversa;uf;br;km;municipio;causa_acidente;classificacao_acidente;veiculos;condicao_metereologica;fase_dia;dia_semana;tipo_acidente;tipo_pista;mortos;feridos_graves;latitude;longitude;status;regiao;periodo
579402;2024.0;n;2.0;2024-02-06;PR;277;456,6;LARANJEIRAS DO SUL;Manobra de mudança de faixa;Com Vítimas Feridas;2;Nublado;Pleno dia;terça-feira;Colisão traseira;Simples;0;0;-25.385905;-52.413842;Segura;Sul;1 Trimestre
602394;2024.0;n;5.0;2024-05-07;PE;232;38;VITORIA DE SANTO ANTAO;Reação tardia ou ineficiente do condutor;Com Vítimas Feridas;2;Céu Claro;Pleno dia;terça-feira;Colisão traseira;Dupla;0;1;-8.11486109;-35.21852698;Perigosa;Nordeste;2 Trimestre
686698;2025.0;n;4.0;2025-04-22;PR;376;126,9;ALTO PARANA;Ausência de reação do condutor;Com Vítimas Feridas;3;Sol;Pleno dia;terça-feira;Colisão traseira;Dupla;0;1;-23,153372;-52,269217;Perigosa;Sul;2 Trimestre
591004;2024.0;n;3.0;2024-03-31;SC;101;229,4;PALHOCA;Ausência de reação do condutor;Com Vítimas Feridas;2;Céu Claro;Pleno dia;domingo;Saída de leito carroçável;Simples;0;0;-27.7688932;-48.63205379;Segura;Sul;1 Trimestre
670373;2025.0;n;3.0;2025-03-29;ES;101;8;PEDRO CANARIO;Velocidade Incompatível;Com Vítimas Feridas;2;Céu Claro;Plena Noite;sábado;Tombamento;Simples;0;0;-18,2302027;-39,9527526;Segura;Sudeste;1 Trimestre
610733;2024.0;n;6.0;2024-06-29;MG;116;260;TEOFILO OTONI;Transitar na contramão;Com Vítimas Fatais;2;Céu Claro;Plena Noite;sábado;Colisão lateral sentido oposto;Simples;1;0;-17.72379402;-41.49247099;Perigosa;Sudeste;2 Trimestre
590118;2024.0;n;3.0;2024-03-27;MA;135;10,3;SAO LUIS;Ausência de reação do condutor;Com Vítimas Fatais;3;Nublado;Pleno dia;quarta-feira;Colisão traseira;Dupla;1;0;-2.659688;-44.285661;Perigosa;Nordeste;1 Trimestre
593035;2024.0;n;4.0;2024-04-10;RS;293;16,3;CAPAO DO LEAO;Ausência de reação do condutor;Com Vítimas Feridas;1;Sol;Pleno dia;quarta-feira;Saída de leito carroçável;Simples;0;0;-31.74830625;-52.48119705;Segura;Sul;2 Trimestre
587326;2024.0;n;3.0;2024-03-14;SP;116;91,8;PINDAMONHANGABA;Ausência de reação do condutor;Com Vítimas Fatais;2;Céu Claro;Pleno dia;quinta-feira;Colisão traseira;Dupla;1;0;-22.94792286;-45.39587407;Perigosa;Sudeste;1 Trimestre
585095;2024.0;n;3.0;2024-03-05;PE;101;58,4;RECIFE;Trafegar com motocicleta (ou similar) entre as faixas;Com Vítimas Feridas;2;Nublado;Pleno dia;terça-feira;Colisão lateral mesmo sentido;Dupla;0;1;-7.97063209;-34.92064675;Perigosa;Nordeste;1 Trimestre
611461;2024.0;n;7.0;2024-07-02;AC;364;63;SENADOR GUIOMARD;Ultrapassagem Indevida;Com Vítimas Feridas;1;Céu Claro;Pleno dia;terça-feira;Tombamento;Simples;0;0;-10.0495828;-67.28075719;Segura;Norte;3 Trimestre
669249;2025.0;n;3.0;2025-03-24;MG;365;138,2;VARZEA DA PALMA;Condutor Dormindo;Com Vítimas Feridas;4;Nublado;Plena Noite;segunda-feira;Colisão frontal;Simples;0;2;-17,23381691;-44,81460571;Perigosa;Sudeste;1 Trimestre
599459;2024.0;n;5.0;2024-05-10;GO;60;25,5;ALEXANIA;Ausência de reação do condutor;Com Vítimas Feridas;2;Céu Claro;Pleno dia;sexta-feira;Colisão lateral mesmo sentido;Múltipla;0;0;-16.110005;-48.446821;Segura;Centro-Oeste;2 Trimestre
623197;2024.0;n;8.0;2024-08-23;PR;277;193,9;PALMEIRA;Ultrapassagem Indevida;Com Vítimas Feridas;4;Chuva;Pleno dia;sexta-feira;Colisão lateral sentido oposto;Simples;0;1;-25.43186952;-50.13991928;Perigosa;Sul;3 Trimestre
668660;2025.0;n;3.0;2025-03-21;PI;343;259;CAMPO MAIOR;Transitar na contramão;Sem Vítimas;3;Céu Claro;Pleno dia;sexta-feira;Colisão lateral sentido oposto;Simples;0;0;-4,80003554;-42,13359833;Segura;Nordeste;1 Trimestre
612102;2024.0;n;7.0;2024-07-05;ES;101;289,1;CARIACICA;Trafegar com motocicleta (ou similar) entre as faixas;Com Vítimas Feridas;4;Céu Claro;Pleno dia;sexta-feira;Colisão lateral mesmo sentido;Simples;0;0;-20.28029304;-40.39302931;Segura;Sudeste;3 Trimestre
664448;2025.0;n;3.0;2025-03-01;RJ;101;58,1;CAMPOS DOS GOYTACAZES;Condutor deixou de manter distância do veículo da frente;Com Vítimas Feridas;2;Céu Claro;Pleno dia;sábado;Colisão traseira;Simples;0;0;-21,707786;-41,30916;Segura;Sudeste;1 Trimestre
660294;2025.0;n;2.0;2025-02-09;ES;101;334,8;GUARAPARI;Acessar a via sem observar a presença dos outros veículos;Com Vítimas Feridas;3;Céu Claro;Pleno dia;domingo;Colisão traseira;Dupla;0;0;-20,626408;-40,526082;Segura;Sudeste;1 Trimestre
624596;2024.0;n;8.0;2024-08-30;RJ;40;117;DUQUE DE CAXIAS;Reação tardia ou ineficiente do condutor;Com Vítimas Feridas;3;Céu Claro;Amanhecer;sexta-feira;Tombamento;Múltipla;0;0;-22.745676;-43.2881;Segura;Sudeste;3 Trimestre
603205;2024.0;n;5.0;2024-05-26;MG;262;444,3;NOVA SERRANA;Ultrapassagem Indevida;Com Vítimas Feridas;2;Céu Claro;Anoitecer;domingo;Colisão transversal;Simples;0;1;-19.881131;-44.931502;Perigosa;Sudeste;2 Trimestre
589874;2024.0;n;3.0;2024-03-26;SC;282;351;CAMPOS NOVOS;Entrada inopinada do pedestre;Com Vítimas Feridas;3;Céu Claro;Pleno dia;terça-feira;Eventos atípicos;Simples;0;0;-27.361374;-51.301975;Segura;Sul;1 Trimestre
653193;2025.0;n;1.0;2025-01-04;PR;376;4,6;MANDAGUARI;Conversão proibida;Com Vítimas Feridas;2;Céu Claro;Pleno dia;sábado;Colisão transversal;Simples;0;0;-23,520992;-51,67973;Segura;Sul;1 Trimestre
663219;2025.0;n;2.0;2025-02-23;PR;369;99,7;CORNELIO PROCOPIO;Mal súbito do condutor;Com Vítimas Feridas;2;Céu Claro;Pleno dia;domingo;Tombamento;Dupla;0;0;-23,24482061;-50,71187675;Segura;Sul;1 Trimestre
629593;2024.0;n;9.0;2024-09-21;SP;116;297;ITAPECERICA DA SERRA;Condutor deixou de manter distância do veículo da frente;Sem Vítimas;2;Céu Claro;Pleno dia;sábado;Colisão traseira;Simples;0;0;-23.78323219;-46.91437053;Segura;Sudeste;3 Trimestre
619744;2024.0;n;8.0;2024-08-07;SC;470;140;RIO DO SUL;Acessar a via sem observar a presença dos outros veículos;Com Vítimas Feridas;3;Nublado;Plena Noite;quarta-feira;Colisão transversal;Simples;0;0;-27.222485;-49.662827;Segura;Sul;3 Trimestre
586495;2024.0;n;3.0;2024-03-10;GO;153;623,8;MORRINHOS;Condutor deixou de manter distância do veículo da frente;Com Vítimas Feridas;2;Céu Claro;Pleno dia;domingo;Colisão lateral mesmo sentido;Dupla;0;0;-17.7483;-49.1598;Segura;Centro-Oeste;1 Trimestre
653564;2025.0;n;1.0;2025-01-06;DF;70;1;BRASILIA;Reação tardia ou ineficiente do condutor;Com Vítimas Feridas;1;Céu Claro;Anoitecer;segunda-feira;Queda de ocupante de veículo;Dupla;0;0;-15,795264;-48,063801;Segura;Centro-Oeste;1 Trimestre
578115;2024.0;n;1.0;2024-01-31;MS;163;441;CAMPO GRANDE;Reação tardia ou ineficiente do condutor;Sem Vítimas;3;Céu Claro;Plena Noite;quarta-feira;Saída de leito carroçável;Simples;0;0;-20.80335397;-54.51953585;Segura;Centro-Oeste;1 Trimestre
603021;2024.0;n;5.0;2024-05-26;MG;459;48,4;SANTA RITA DE CALDAS;Transitar na contramão;Com Vítimas Feridas;4;Céu Claro;Plena Noite;domingo;Colisão lateral sentido oposto;Simples;0;1;-22.040134;-46.297092;Perigosa;Sudeste;2 Trimestre
591477;2024.0;n;4.0;2024-04-02;MA;135;169,9;SAO MATEUS DO MARANHAO;Velocidade Incompatível;Sem Vítimas;4;Céu Claro;Pleno dia;terça-feira;Tombamento;Simples;0;0;-3.92286;-44.480053;Segura;Nordeste;2 Trimestre
614217;2024.0;n;7.0;2024-07-13;PR;277;416;CANTAGALO;Ingestão de álcool pelo condutor;Sem Vítimas;4;Chuva;Plena Noite;sábado;Colisão lateral sentido oposto;Simples;0;0;-25.41893506;-52.05342799;Segura;Sul;3 Trimestre
580903;2024.0;n;2.0;2024-02-13;MG;153;46;MONTE ALEGRE DE MINAS;Demais falhas mecânicas ou elétricas;Sem Vítimas;3;Céu Claro;Pleno dia;terça-feira;Incêndio;Dupla;0;0;-18.79564784;-49.08343792;Segura;Sudeste;1 Trimestre
662202;2025.0;n;2.0;2025-02-18;PR;116;152;MANDIRITUBA;Acessar a via sem observar a presença dos outros veículos;Com Vítimas Feridas;3;Nublado;Pleno dia;terça-feira;Colisão transversal;Simples;0;0;-25,83236296;-49,33609707;Segura;Sul;1 Trimestre
686648;2025.0;n;4.0;2025-04-22;PE;101;80;JABOATAO DOS GUARARAPES;Manobra de mudança de faixa;Sem Vítimas;2;Sol;Pleno dia;terça-feira;Colisão lateral mesmo sentido;Dupla;0;0;-8,15505;-34,941565;Segura;Nordeste;2 Trimestre
687340;2025.0;n;4.0;2025-04-25;MG;381;927,9;ITAPEVA;Pedestre andava na pista;Com Vítimas Feridas;2;Céu Claro;Plena Noite;sexta-feira;Atropelamento de Pedestre;Dupla;0;1;-22,76631837;-46,22365862;Perigosa;Sudeste;2 Trimestre
573339;2024.0;n;1.0;2024-01-08;PR;376;171;MARINGA;Acessar a via sem observar a presença dos outros veículos;Com Vítimas Feridas;2;Céu Claro;Pleno dia;segunda-feira;Colisão lateral mesmo sentido;Dupla;0;1;-23.41822772;-51.97500595;Perigosa;Sul;1 Trimestre
616493;2024.0;n;7.0;2024-07-23;PR;373;432;CHOPINZINHO;Reação tardia ou ineficiente do condutor;Sem Vítimas;2;Céu Claro;Anoitecer;terça-feira;Saída de leito carroçável;Simples;0;0;-25.7538398;-52.25069915;Segura;Sul;3 Trimestre
606121;2024.0;n;6.0;2024-06-08;PR;373;405,5;CANDOI;Reação tardia ou ineficiente do condutor;Com Vítimas Feridas;6;Céu Claro;Pleno dia;sábado;Engavetamento;Simples;0;0;-25.61062691;-52.05540813;Segura;Sul;2 Trimestre
584857;2024.0;n;3.0;2024-03-03;MT;70;48,2;BARRA DO GARCAS;Acumulo de areia ou detritos sobre o pavimento;Com Vítimas Feridas;2;Chuva;Plena Noite;domingo;Saída de leito carroçável;Simples;0;0;-15.74407207;-52.62253309;Segura;Centro-Oeste;1 Trimestre
625536;2024.0;n;9.0;2024-09-03;AL;101;20;JOAQUIM GOMES;Velocidade Incompatível;Com Vítimas Feridas;2;Céu Claro;Pleno dia;terça-feira;Tombamento;Simples;0;0;-9.03032012;-35.68148769;Segura;Nordeste;3 Trimestre
629249;2024.0;n;9.0;2024-09-19;PR;373;298,2;PRUDENTOPOLIS;Reação tardia ou ineficiente do condutor;Sem Vítimas;2;Céu Claro;Plena Noite;quinta-feira;Saída de leito carroçável;Dupla;0;0;-25.292457;-51.130999;Segura;Sul;3 Trimestre
586890;2024.0;n;3.0;2024-03-13;MG;365;781,1;ITUIUTABA;Suicídio (presumido);Com Vítimas Feridas;3;Garoa/Chuvisco;Plena Noite;quarta-feira;Colisão lateral sentido oposto;Simples;0;2;-18.95638137;-49.73034202;Perigosa;Sudeste;1 Trimestre
652895;2025.0;n;1.0;2025-01-03;PI;343;3;TERESINA;Condutor deixou de manter distância do veículo da frente;Com Vítimas Feridas;2;Céu Claro;Pleno dia;sexta-feira;Colisão traseira;Múltipla;0;1;-5,089569;-42,802288;Perigosa;Nordeste;1 Trimestre
660224;2025.0;n;2.0;2025-02-09;PR;153;51,1;SANTO ANTONIO DA PLATINA;Condutor deixou de manter distância do veículo da frente;Com Vítimas Fatais;4;Céu Claro;Pleno dia;domingo;Colisão traseira;Simples;1;0;-23,38072;-50,06136;Perigosa;Sul;1 Trimestre
622539;2024.0;n;8.0;2024-08-20;CE;222;4,7;CAUCAIA;Condutor deixou de manter distância do veículo da frente;Com Vítimas Feridas;2;Céu Claro;Pleno dia;terça-feira;Colisão lateral mesmo sentido;Múltipla;0;0;-3.74164754;-38.60449792;Segura;Nordeste;3 Trimestre
598022;2024.0;n;5.0;2024-05-03;PR;376;99;PARANAVAI;Condutor Dormindo;Com Vítimas Feridas;3;Céu Claro;Pleno dia;sexta-feira;Colisão frontal;Simples;0;0;-23.02707029;-52.48539824;Segura;Sul;2 Trimestre
663930;2025.0;n;2.0;2025-02-27;MG;381;455;BELO HORIZONTE;Condutor Dormindo;Com Vítimas Feridas;4;Céu Claro;Plena Noite;quinta-feira;Colisão frontal;Simples;0;0;-19,84024594;-43,8759457;Segura;Sudeste;1 Trimestre
603736;2024.0;n;5.0;2024-05-29;BA;116;509;SANTA TERESINHA;Condutor deixou de manter distância do veículo da frente;Com Vítimas Feridas;4;Céu Claro;Pleno dia;quarta-feira;Colisão traseira;Simples;0;0;-12.6564409;-39.620655;Segura;Nordeste;2 Trimestre
685721;2025.0;y;4.0;2025-04-18;MS;163;309;RIO BRILHANTE;Reação tardia ou ineficiente do condutor;Com Vítimas Feridas;3;Chuva;Pleno dia;sexta-feira;Saída de leito carroçável;Simples;0;0;-21,902453;-54,52934;Segura;Centro-Oeste;2 Trimestre
662629;2025.0;n;2.0;2025-02-20;SP;381;86;SAO PAULO;Entrada inopinada do pedestre;Com Vítimas Feridas;3;Céu Claro;Plena Noite;quinta-feira;Atropelamento de Pedestre;Dupla;0;0;-23,446611;-46,57184;Segura;Sudeste;1 Trimestre
598814;2024.0;n;5.0;2024-05-07;ES;101;338,4;GUARAPARI;Velocidade Incompatível;Com Vítimas Fatais;4;Sol;Pleno dia;terça-feira;Colisão lateral mesmo sentido;Simples;1;0;-20.643355;-40.554138;Perigosa;Sudeste;2 Trimestre
588121;2024.0;n;2.0;2024-02-24;MG;365;258;SAO GONCALO DO ABAETE;Transitar na contramão;Com Vítimas Feridas;6;Céu Claro;Pleno dia;sábado;Colisão frontal;Simples;0;4;-17.85973618;-45.50552793;Perigosa;Sudeste;1 Trimestre
627879;2024.0;n;9.0;2024-09-13;RS;392;196;SANTANA DA BOA VISTA;Condutor deixou de manter distância do veículo da frente;Com Vítimas Feridas;3;Nublado;Pleno dia;sexta-feira;Colisão traseira;Simples;0;0;-30.89678807;-53.11510534;Segura;Sul;3 Trimestre
670533;2025.0;n;3.0;2025-03-30;PR;376;335,8;ORTIGUEIRA;Ausência de reação do condutor;Com Vítimas Feridas;3;Nublado;Pleno dia;domingo;Colisão lateral mesmo sentido;Dupla;0;0;-24;-51;Segura;Sul;1 Trimestre
653895;2025.0;n;1.0;2025-01-08;RS;158;190,9;CRUZ ALTA;Demais falhas mecânicas ou elétricas;Com Vítimas Feridas;1;Céu Claro;Pleno dia;quarta-feira;Saída de leito carroçável;Simples;0;0;-28,61466499;-53,57379913;Segura;Sul;1 Trimestre
610717;2024.0;n;6.0;2024-06-28;AL;316;207;MARIBONDO;Velocidade Incompatível;Com Vítimas Feridas;2;Nevoeiro/Neblina;Plena Noite;sexta-feira;Colisão com objeto;Simples;0;0;-9.55850017;-36.27067597;Segura;Nordeste;2 Trimestre
599157;2024.0;n;5.0;2024-05-08;MT;364;203,9;RONDONOPOLIS;Ausência de reação do condutor;Sem Vítimas;2;Sol;Pleno dia;quarta-feira;Colisão lateral mesmo sentido;Dupla;0;0;-16.47555256;-54.65344724;Segura;Centro-Oeste;2 Trimestre
620273;2024.0;n;8.0;2024-08-10;MG;40;770,7;JUIZ DE FORA;Velocidade Incompatível;Com Vítimas Feridas;5;Garoa/Chuvisco;Pleno dia;sábado;Colisão lateral sentido oposto;Simples;0;0;-21.627926;-43.445869;Segura;Sudeste;3 Trimestre
604053;2024.0;n;5.0;2024-05-30;MG;262;591;CAMPOS ALTOS;Ausência de reação do condutor;Com Vítimas Feridas;2;Céu Claro;Pleno dia;quinta-feira;Colisão lateral sentido oposto;Simples;0;2;-19.66593786;-46.14284708;Perigosa;Sudeste;2 Trimestre
612481;2024.0;n;7.0;2024-07-06;BA;116;440;FEIRA DE SANTANA;Condutor Dormindo;Com Vítimas Feridas;1;Chuva;Pleno dia;sábado;Saída de leito carroçável;Dupla;0;0;-12.32646656;-39.05847632;Segura;Nordeste;3 Trimestre
625788;2024.0;n;9.0;2024-09-04;PI;135;149;BERTOLINIA;Reação tardia ou ineficiente do condutor;Com Vítimas Feridas;2;Céu Claro;Pleno dia;quarta-feira;Saída de leito carroçável;Simples;0;0;-7.80350196;-43.82089996;Segura;Nordeste;3 Trimestre
670946;2025.0;n;4.0;2025-04-01;MG;365;466;PATROCINIO;Reação tardia ou ineficiente do condutor;Com Vítimas Feridas;6;Céu Claro;Pleno dia;terça-feira;Colisão frontal;Dupla;0;0;-18,88501072;-46,92655563;Segura;Sudeste;2 Trimestre
598756;2024.0;n;5.0;2024-05-07;SP;116;514;CAJATI;Demais falhas mecânicas ou elétricas;Sem Vítimas;2;Céu Claro;Amanhecer;terça-feira;Incêndio;Simples;0;0;-24.8622468;-48.21824312;Segura;Sudeste;2 Trimestre
618973;2024.0;n;8.0;2024-08-04;RS;392;96;MORRO REDONDO;Reação tardia ou ineficiente do condutor;Com Vítimas Feridas;3;Céu Claro;Plena Noite;domingo;Tombamento;Simples;0;0;-31.56036793;-52.54775386;Segura;Sul;3 Trimestre
592920;2024.0;n;4.0;2024-04-09;PR;277;25;MORRETES;Demais falhas mecânicas ou elétricas;Sem Vítimas;4;Céu Claro;Anoitecer;terça-feira;Incêndio;Dupla;0;0;-25.5343724;-48.70654307;Segura;Sul;2 Trimestre
653044;2025.0;n;1.0;2025-01-03;MG;381;618,1;OLIVEIRA;Ausência de reação do condutor;Com Vítimas Feridas;7;Nublado;Plena Noite;sexta-feira;Saída de leito carroçável;Dupla;0;0;-20,76895697;-44,78171707;Segura;Sudeste;1 Trimestre
673906;2025.0;n;4.0;2025-04-15;MG;262;10;MARTINS SOARES;Ausência de reação do condutor;Com Vítimas Feridas;1;Chuva;Pleno dia;terça-feira;Saída de leito carroçável;Simples;0;1;-20,25607754;-41,82804108;Perigosa;Sudeste;2 Trimestre
616544;2024.0;n;2.0;2024-02-19;RJ;116;273;BARRA MANSA;Ausência de reação do condutor;Com Vítimas Feridas;3;Céu Claro;Pleno dia;segunda-feira;Colisão traseira;Dupla;0;0;-22.56136125;-44.1428411;Segura;Sudeste;1 Trimestre
663920;2025.0;n;2.0;2025-02-26;SP;116;130,9;CACAPAVA;Ausência de reação do condutor;Sem Vítimas;2;Céu Claro;Plena Noite;quarta-feira;Colisão traseira;Dupla;0;0;-23,124753;-45,731427;Segura;Sudeste;1 Trimestre
615429;2024.0;n;7.0;2024-07-19;RO;319;63;PORTO VELHO;Trafegar com motocicleta (ou similar) entre as faixas;Com Vítimas Fatais;5;Céu Claro;Pleno dia;sexta-feira;Colisão lateral mesmo sentido;Dupla;1;0;-8.766685;-63.884052;Perigosa;Norte;3 Trimestre
586793;2024.0;n;3.0;2024-03-12;PA;163;518;TRAIRAO;Transitar na contramão;Com Vítimas Fatais;5;Sol;Pleno dia;terça-feira;Colisão frontal;Simples;1;0;-5.36932212;-55.88988638;Perigosa;Norte;1 Trimestre
623954;2024.0;n;8.0;2024-08-27;RJ;101;62;CAMPOS DOS GOYTACAZES;Velocidade Incompatível;Sem Vítimas;4;Céu Claro;Pleno dia;terça-feira;Colisão lateral mesmo sentido;Dupla;0;0;-21.73473386;-41.32504025;Segura;Sudeste;3 Trimestre
656768;2025.0;n;1.0;2025-01-23;MG;262;575,5;CORREGO DANTA;Condutor Dormindo;Com Vítimas Feridas;2;Céu Claro;Plena Noite;quinta-feira;Tombamento;Simples;0;0;-19,69297478;-46,03637682;Segura;Sudeste;1 Trimestre
605218;2024.0;n;6.0;2024-06-04;SC;282;68,7;RANCHO QUEIMADO;Demais falhas mecânicas ou elétricas;Com Vítimas Feridas;1;Céu Claro;Plena Noite;terça-feira;Saída de leito carroçável;Simples;0;0;-27.692406;-49.075939;Segura;Sul;2 Trimestre
628705;2024.0;n;9.0;2024-09-17;GO;364;299,2;MINEIROS;Ausência de reação do condutor;Com Vítimas Feridas;2;Céu Claro;Pleno dia;terça-feira;Atropelamento de Pedestre;Dupla;0;1;-17.559059;-52.528431;Perigosa;Centro-Oeste;3 Trimestre
656163;2025.0;n;1.0;2025-01-20;RS;392;136;CANGUCU;Condutor Dormindo;Com Vítimas Fatais;2;Nevoeiro/Neblina;Plena Noite;segunda-feira;Tombamento;Simples;1;0;-31,28294105;-52,78851009;Perigosa;Sul;1 Trimestre
652626;2025.0;y;1.0;2025-01-01;SC;280;11;SAO FRANCISCO DO SUL;Acessar a via sem observar a presença dos outros veículos;Com Vítimas Feridas;2;Nublado;Pleno dia;quarta-feira;Colisão transversal;Simples;0;1;-26,3301861;-48,65148076;Perigosa;Sul;1 Trimestre
611508;2024.0;n;7.0;2024-07-02;MG;153;23;CENTRALINA;Reação tardia ou ineficiente do condutor;Com Vítimas Feridas;2;Céu Claro;Pleno dia;terça-feira;Colisão traseira;Dupla;0;0;-18.62303102;-49.18751103;Segura;Sudeste;3 Trimestre
611701;2024.0;n;7.0;2024-07-03;RS;285;137,9;MUITOS CAPOES;Ultrapassagem Indevida;Com Vítimas Feridas;6;Nublado;Pleno dia;quarta-feira;Colisão frontal;Simples;0;1;-28.40371;-51.04912;Perigosa;Sul;3 Trimestre
622435;2024.0;n;8.0;2024-08-20;ES;262;45;MARECHAL FLORIANO;Transitar na contramão;Com Vítimas Feridas;3;Céu Claro;Pleno dia;terça-feira;Colisão frontal;Dupla;0;1;-20.39769215;-40.67180229;Perigosa;Sudeste;3 Trimestre
573767;2024.0;n;1.0;2024-01-10;MA;222;676;ACAILANDIA;Ausência de reação do condutor;Com Vítimas Fatais;2;Sol;Pleno dia;quarta-feira;Colisão transversal;Simples;1;0;-4.95662219;-47.49447584;Perigosa;Nordeste;1 Trimestre
628361;2024.0;n;9.0;2024-09-15;MA;316;401,8;ALTO ALEGRE DO MARANHAO;Reação tardia ou ineficiente do condutor;Com Vítimas Feridas;3;Céu Claro;Plena Noite;domingo;Colisão frontal;Simples;0;0;-4.206411;-44.453041;Segura;Nordeste;3 Trimestre
611814;2024.0;n;7.0;2024-07-03;SC;282;449;PONTE SERRADA;Reação tardia ou ineficiente do condutor;Com Vítimas Feridas;3;Céu Claro;Anoitecer;quarta-feira;Colisão com objeto;Dupla;0;0;-26.919342;-51.944427;Segura;Sul;3 Trimestre
573930;2024.0;n;1.0;2024-01-11;GO;40;92;CRISTALINA;Acessar a via sem observar a presença dos outros veículos;Com Vítimas Feridas;2;Céu Claro;Pleno dia;quinta-feira;Colisão transversal;Simples;0;0;-16.730814;-47.626211;Segura;Centro-Oeste;1 Trimestre
652981;2025.0;n;1.0;2025-01-03;PB;104;130,7;CAMPINA GRANDE;Desrespeitar a preferência no cruzamento;Com Vítimas Feridas;2;Céu Claro;Pleno dia;sexta-feira;Colisão transversal;Simples;0;1;-7,29013399;-35,89029705;Perigosa;Nordeste;1 Trimestre
580194;2024.0;n;2.0;2024-02-10;RJ;116;112,8;GUAPIMIRIM;Reação tardia ou ineficiente do condutor;Com Vítimas Feridas;3;Sol;Pleno dia;sábado;Colisão com objeto;Dupla;0;0;-22.57214;-43.007291;Segura;Sudeste;1 Trimestre
629841;2024.0;n;9.0;2024-09-22;SC;101;138,8;BALNEARIO CAMBORIU;Ausência de reação do condutor;Com Vítimas Feridas;2;Céu Claro;Pleno dia;domingo;Colisão com objeto;Simples;0;1;-27.02397426;-48.60761649;Perigosa;Sul;3 Trimestre
654814;2025.0;n;1.0;2025-01-13;PR;376;603,1;CURITIBA;Velocidade Incompatível;Com Vítimas Feridas;4;Céu Claro;Pleno dia;segunda-feira;Colisão lateral mesmo sentido;Dupla;0;0;-25,52998866;-49,32587495;Segura;Sul;1 Trimestre
625720;2024.0;n;9.0;2024-09-04;CE;116;5;FORTALEZA;Manobra de mudança de faixa;Sem Vítimas;2;Sol;Pleno dia;quarta-feira;Colisão lateral mesmo sentido;Múltipla;0;0;-3.79467116;-38.50772734;Segura;Nordeste;3 Trimestre
663533;2025.0;n;2.0;2025-02-24;PI;343;334;TERESINA;Condutor deixou de manter distância do veículo da frente;Com Vítimas Feridas;2;Céu Claro;Plena Noite;segunda-feira;Colisão com objeto;Dupla;0;0;-5,05759166;-42,68778333;Segura;Nordeste;1 Trimestre
628213;2024.0;n;9.0;2024-09-15;MS;60;19,9;CHAPADAO DO SUL;Condutor Dormindo;Com Vítimas Feridas;3;Céu Claro;Amanhecer;domingo;Colisão lateral sentido oposto;Simples;0;0;-18.8500701;-52.69346288;Segura;Centro-Oeste;3 Trimestre
612673;2024.0;n;7.0;2024-07-07;MT;163;102;RONDONOPOLIS;Condutor Dormindo;Com Vítimas Feridas;2;Céu Claro;Plena Noite;domingo;Saída de leito carroçável;Dupla;0;1;-16.6450602;-54.68993838;Perigosa;Centro-Oeste;3 Trimestre
608647;2024.0;n;6.0;2024-06-19;MG;381;871;POUSO ALEGRE;Reação tardia ou ineficiente do condutor;Com Vítimas Feridas;2;Céu Claro;Plena Noite;quarta-feira;Colisão traseira;Dupla;0;0;-22.43949179;-45.98517516;Segura;Sudeste;2 Trimestre
607126;2024.0;n;5.0;2024-05-13;RS;386;346,6;LAJEADO;Ausência de reação do condutor;Com Vítimas Feridas;2;Céu Claro;Anoitecer;segunda-feira;Tombamento;Dupla;0;1;-29.446793;-51.974564;Perigosa;Sul;2 Trimestre
687255;2025.0;n;4.0;2025-04-25;SC;101;205,7;SAO JOSE;Ausência de reação do condutor;Com Vítimas Feridas;2;Céu Claro;Pleno dia;sexta-feira;Colisão com objeto;Dupla;0;1;-27,589852;-48,617522;Perigosa;Sul;2 Trimestre
663462;2025.0;n;2.0;2025-02-24;PR;277;42;MORRETES;Problema com o freio;Com Vítimas Feridas;1;Nublado;Anoitecer;segunda-feira;Colisão traseira;Dupla;0;0;-25,580517;-48,87479;Segura;Sul;1 Trimestre
628464;2024.0;n;9.0;2024-09-16;PR;116;110;CURITIBA;Condutor deixou de manter distância do veículo da frente;Com Vítimas Feridas;4;Chuva;Pleno dia;segunda-feira;Colisão lateral sentido oposto;Dupla;0;0;-25.57012941;-49.21736805;Segura;Sul;3 Trimestre
608183;2024.0;n;6.0;2024-06-17;RS;386;348,5;LAJEADO;Acessar a via sem observar a presença dos outros veículos;Sem Vítimas;3;Nublado;Pleno dia;segunda-feira;Colisão lateral mesmo sentido;Dupla;0;0;-29.46074343;-51.95608009;Segura;Sul;2 Trimestre
600267;2024.0;n;5.0;2024-05-13;RO;364;367,2;OURO PRETO DO OESTE;Reação tardia ou ineficiente do condutor;Com Vítimas Feridas;3;Céu Claro;Pleno dia;segunda-feira;Colisão traseira;Simples;0;0;-10.76727809;-62.11907002;Segura;Norte;2 Trimestre
572958;2024.0;n;1.0;2024-01-06;MG;381;483;BETIM;Condutor deixou de manter distância do veículo da frente;Sem Vítimas;2;Nublado;Pleno dia;sábado;Colisão traseira;Dupla;0;0;-19.95963614;-44.08476988;Segura;Sudeste;1 Trimestre
622588;2024.0;n;8.0;2024-08-20;RS;287;330,1;SAO VICENTE DO SUL;Desrespeitar a preferência no cruzamento;Com Vítimas Feridas;4;Nublado;Pleno dia;terça-feira;Colisão frontal;Simples;0;0;-29.68462274;-54.66549039;Segura;Sul;3 Trimestre