id;ano;feriado;mes;data_inversa;uf;br;km;municipio;causa_acidente;classificacao_acidente;veiculos;condicao_metereologica;fase_dia;dia_semana;tipo_acidente;tipo_pista;mortos;feridos_graves;latitude;longitude;status;regiao;periodo
653036;2025.0;n;1.0;2025-01-03;PR;277;11;PARANAGUA;Acessar a via sem observar a presença dos outros veículos;Com Vítimas Feridas;2;Garoa/Chuvisco;Plena Noite;sexta-feira;Colisão traseira;Dupla;0;0;-25,568198;-48,615292;Segura;Sul;1 Trimestre
584223;2024.0;n;3.0;2024-03-01;MG;116;640,4;FERVEDOURO;Reação tardia ou ineficiente do condutor;Com Vítimas Feridas;2;Céu Claro;Pleno dia;sexta-feira;Colisão traseira;Simples;0;0;-20.65179632;-42.2530894;Segura;Sudeste;1 Trimestre
622941;2024.0;n;8.0;2024-08-22;BA;135;46;FORMOSA DO RIO PRETO;Demais falhas mecânicas ou elétricas;Sem Vítimas;3;Céu Claro;Pleno dia;quinta-feira;Incêndio;Simples;0;0;-11.158883;-45.067116;Segura;Nordeste;3 Trimestre
662504;2025.0;n;2.0;2025-02-20;PR;277;592,3;CASCAVEL;Problema com o freio;Com Vítimas Feridas;2;Céu Claro;Pleno dia;quinta-feira;Colisão transversal;Simples;0;0;-24,98285697;-53,47319399;Segura;Sul;1 Trimestre
614508;2024.0;n;7.0;2024-07-14;RO;319;57;PORTO VELHO;Ausência de reação do condutor;Com Vítimas Feridas;5;Céu Claro;Plena Noite;domingo;Colisão lateral sentido oposto;Simples;0;0;-8.739714;-63.93214024;Segura;Norte;3 Trimestre
605112;2024.0;n;5.0;2024-05-21;GO;364;309;MINEIROS;Afundamento ou ondulação no pavimento;Com Vítimas Feridas;3;Céu Claro;Pleno dia;terça-feira;Saída de leito carroçável;Simples;0;1;-17.492758;-52.547817;Perigosa;Centro-Oeste;2 Trimestre
667441;2025.0;n;3.0;2025-03-15;SC;282;588,3;SAUDADES;Demais falhas mecânicas ou elétricas;Sem Vítimas;4;Sol;Pleno dia;sábado;Saída de leito carroçável;Simples;0;0;-26,82631863;-53,05663915;Segura;Sul;1 Trimestre
672667;2025.0;n;4.0;2025-04-10;SP;116;155;SAO JOSE DOS CAMPOS;Ausência de reação do condutor;Sem Vítimas;1;Céu Claro;Plena Noite;quinta-feira;Colisão com objeto;Múltipla;0;0;-23,24065058;-45,92258692;Segura;Sudeste;2 Trimestre
614689;2024.0;n;7.0;2024-07-15;PR;369;163;CAMBE;Ausência de reação do condutor;Com Vítimas Feridas;2;Céu Claro;Plena Noite;segunda-feira;Colisão traseira;Dupla;0;0;-23.29717125;-51.27830029;Segura;Sul;3 Trimestre
667566;2025.0;n;3.0;2025-03-16;MT;174;334;CONQUISTA DOESTE;Animais na Pista;Com Vítimas Feridas;2;Céu Claro;Amanhecer;domingo;Atropelamento de Animal;Simples;0;0;-14,8494542;-59,3065455;Segura;Centro-Oeste;1 Trimestre
575112;2024.0;n;1.0;2024-01-16;RS;116;308;GUAIBA;Ingestão de álcool pelo condutor;Com Vítimas Feridas;2;Céu Claro;Pleno dia;terça-feira;Colisão traseira;Simples;0;0;-30.18291689;-51.39555744;Segura;Sul;1 Trimestre
601528;2024.0;n;5.0;2024-05-19;RS;290;227,3;PANTANO GRANDE;Ingestão de álcool pelo condutor;Sem Vítimas;3;Nublado;Pleno dia;domingo;Saída de leito carroçável;Simples;0;0;-30.206095;-52.489033;Segura;Sul;2 Trimestre
600698;2024.0;n;5.0;2024-05-15;SP;116;301,8;SAO LOURENCO DA SERRA;Carga excessiva e/ou mal acondicionada;Com Vítimas Feridas;2;Nublado;Pleno dia;quarta-feira;Tombamento;Dupla;0;0;-23.81147602;-46.92298208;Segura;Sudeste;2 Trimestre
606828;2024.0;n;6.0;2024-06-11;GO;153;503;GOIANIA;Ausência de reação do condutor;Sem Vítimas;4;Céu Claro;Plena Noite;terça-feira;Colisão lateral mesmo sentido;Dupla;0;0;-16.7366;-49.243;Segura;Centro-Oeste;2 Trimestre
576762;2024.0;n;1.0;2024-01-24;PB;101;88;JOAO PESSOA;Acessar a via sem observar a presença dos outros veículos;Sem Vítimas;2;Céu Claro;Pleno dia;quarta-feira;Colisão lateral mesmo sentido;Dupla;0;0;-7.1710694;-34.89765372;Segura;Nordeste;1 Trimestre
624145;2024.0;n;8.0;2024-08-26;GO;50;234;CATALAO;Ausência de reação do condutor;Com Vítimas Feridas;2;Céu Claro;Pleno dia;segunda-feira;Colisão lateral mesmo sentido;Dupla;0;0;-17.8361;-47.7727;Segura;Centro-Oeste;3 Trimestre
604312;2024.0;n;5.0;2024-05-31;ES;101;368,5;ANCHIETA;Velocidade Incompatível;Com Vítimas Feridas;3;Nublado;Plena Noite;sexta-feira;Tombamento;Simples;0;0;-20.753749;-40.75894999;Segura;Sudeste;2 Trimestre
667226;2025.0;n;3.0;2025-03-14;MG;381;704;NEPOMUCENO;Ausência de reação do condutor;Com Vítimas Feridas;2;Nublado;Pleno dia;sexta-feira;Tombamento;Dupla;0;0;-21,34177704;-45,17643719;Segura;Sudeste;1 Trimestre
688429;2025.0;y;4.0;2025-04-21;PR;277;607;SANTA TEREZA DO OESTE;Desrespeitar a preferência no cruzamento;Com Vítimas Feridas;2;Céu Claro;Plena Noite;segunda-feira;Colisão transversal;Simples;0;1;-25,037454;-53,595211;Perigosa;Sul;2 Trimestre
626976;2024.0;n;9.0;2024-09-09;SC;470;60,2;BLUMENAU;Acessar a via sem observar a presença dos outros veículos;Com Vítimas Feridas;6;Céu Claro;Pleno dia;segunda-feira;Colisão transversal;Simples;0;1;-26.88138;-49.164543;Perigosa;Sul;3 Trimestre
605545;2024.0;n;6.0;2024-06-06;MG;116;278;TEOFILO OTONI;Acessar a via sem observar a presença dos outros veículos;Sem Vítimas;3;Céu Claro;Pleno dia;quinta-feira;Colisão lateral mesmo sentido;Múltipla;0;0;-17.86846089;-41.5171394;Segura;Sudeste;2 Trimestre
599146;2024.0;n;5.0;2024-05-08;BA;101;874;TEIXEIRA DE FREITAS;Avarias e/ou desgaste excessivo no pneu;Sem Vítimas;1;Nublado;Anoitecer;quarta-feira;Incêndio;Simples;0;0;-17.50339403;-39.70241547;Segura;Nordeste;2 Trimestre
617066;2024.0;n;7.0;2024-07-26;RS;386;151,4;ALMIRANTE TAMANDARE DO SUL;Reação tardia ou ineficiente do condutor;Com Vítimas Fatais;5;Céu Claro;Pleno dia;sexta-feira;Colisão frontal;Simples;1;1;-28.08919;-52.867329;Perigosa;Sul;3 Trimestre
588529;2024.0;n;3.0;2024-03-20;CE;116;10;FORTALEZA;Ausência de reação do condutor;Com Vítimas Feridas;3;Céu Claro;Pleno dia;quarta-feira;Colisão traseira;Dupla;0;0;-3.83603805;-38.5027281;Segura;Nordeste;1 Trimestre
583085;2024.0;n;2.0;2024-02-24;SC;116;172;PONTE ALTA DO NORTE;Ausência de reação do condutor;Sem Vítimas;3;Garoa/Chuvisco;Plena Noite;sábado;Colisão lateral mesmo sentido;Simples;0;0;-27.2035;-50.4657062;Segura;Sul;1 Trimestre
658227;2025.0;n;1.0;2025-01-30;RS;386;234,2;SOLEDADE;Acesso irregular;Com Vítimas Feridas;3;Céu Claro;Pleno dia;quinta-feira;Colisão frontal;Simples;0;0;-28,722898;-52,560581;Segura;Sul;1 Trimestre
578556;2024.0;n;2.0;2024-02-02;SP;116;214;GUARULHOS;Acessar a via sem observar a presença dos outros veículos;Com Vítimas Feridas;2;Chuva;Pleno dia;sexta-feira;Colisão traseira;Dupla;0;1;-23.44333014;-46.44531294;Perigosa;Sudeste;1 Trimestre
608267;2024.0;n;6.0;2024-06-17;RJ;101;98;CAMPOS DOS GOYTACAZES;Ausência de reação do condutor;Com Vítimas Feridas;3;Céu Claro;Plena Noite;segunda-feira;Colisão traseira;Dupla;0;0;-21.875968;-41.574785;Segura;Sudeste;2 Trimestre
621036;2024.0;n;8.0;2024-08-13;BA;101;98;ALAGOINHAS;Pedestre cruzava a pista fora da faixa;Com Vítimas Feridas;2;Céu Claro;Anoitecer;terça-feira;Atropelamento de Pedestre;Simples;0;1;-12.12395106;-38.39300331;Perigosa;Nordeste;3 Trimestre
653224;2025.0;n;1.0;2025-01-04;RO;319;64;PORTO VELHO;Condutor desrespeitou a iluminação vermelha do semáforo;Com Vítimas Feridas;2;Céu Claro;Plena Noite;sábado;Colisão transversal;Múltipla;0;0;-8,766685;-63,884052;Segura;Norte;1 Trimestre
579360;2024.0;n;2.0;2024-02-06;RS;290;322,6;CACAPAVA DO SUL;Ingestão de álcool pelo condutor;Com Vítimas Feridas;4;Céu Claro;Pleno dia;terça-feira;Colisão frontal;Simples;0;1;-30.37617039;-53.42125654;Perigosa;Sul;1 Trimestre
594580;2024.0;n;4.0;2024-04-17;RJ;116;274;BARRA MANSA;Ausência de reação do condutor;Com Vítimas Feridas;3;Nublado;Plena Noite;quarta-feira;Colisão traseira;Dupla;0;0;-22.56163574;-44.14771584;Segura;Sudeste;2 Trimestre
593299;2024.0;n;4.0;2024-04-11;PR;277;101,5;CURITIBA;Ausência de reação do condutor;Com Vítimas Feridas;4;Nublado;Pleno dia;quinta-feira;Colisão traseira;Dupla;0;1;-25.42756711;-49.38120604;Perigosa;Sul;2 Trimestre
617030;2024.0;n;7.0;2024-07-26;CE;304;64,3;ARACATI;Velocidade Incompatível;Com Vítimas Feridas;2;Céu Claro;Pleno dia;sexta-feira;Colisão frontal;Simples;0;0;-4.61941944;-37.6509365;Segura;Nordeste;3 Trimestre
667106;2025.0;n;3.0;2025-03-14;BA;101;126;ARAMARI;Ultrapassagem Indevida;Com Vítimas Feridas;2;Sol;Pleno dia;sexta-feira;Tombamento;Simples;0;0;-12,15902674;-38,5467875;Segura;Nordeste;1 Trimestre
593307;2024.0;n;4.0;2024-04-11;BA;110;76;JEREMOABO;Condutor deixou de manter distância do veículo da frente;Com Vítimas Feridas;2;Chuva;Pleno dia;quinta-feira;Colisão traseira;Simples;0;0;-10.09597419;-38.31319014;Segura;Nordeste;2 Trimestre
625839;2024.0;n;9.0;2024-09-05;MT;163;607,3;NOVA MUTUM;Reação tardia ou ineficiente do condutor;Com Vítimas Feridas;3;Céu Claro;Pleno dia;quinta-feira;Colisão com objeto;Simples;0;0;-13.84568605;-56.08401163;Segura;Centro-Oeste;3 Trimestre
621552;2024.0;n;8.0;2024-08-16;SP;381;34;ATIBAIA;Reação tardia ou ineficiente do condutor;Sem Vítimas;5;Céu Claro;Pleno dia;sexta-feira;Engavetamento;Dupla;0;0;-23.079939;-46.569862;Segura;Sudeste;3 Trimestre
610552;2024.0;n;6.0;2024-06-28;BA;324;526;FEIRA DE SANTANA;Frear bruscamente;Com Vítimas Feridas;2;Céu Claro;Pleno dia;sexta-feira;Colisão traseira;Dupla;0;0;-12.30639712;-38.89051509;Segura;Nordeste;2 Trimestre
619790;2024.0;n;8.0;2024-08-08;MS;158;269;TRES LAGOAS;Suicídio (presumido);Com Vítimas Fatais;4;Céu Claro;Plena Noite;quinta-feira;Atropelamento de Pedestre;Simples;1;0;-20.76821265;-51.67978181;Perigosa;Centro-Oeste;3 Trimestre
580560;2024.0;n;2.0;2024-02-11;PA;10;153,9;PARAGOMINAS;Transitar na contramão;Com Vítimas Fatais;4;Céu Claro;Amanhecer;domingo;Colisão frontal;Simples;2;3;-3.0890036;-47.479754;Perigosa;Norte;1 Trimestre
595376;2024.0;y;4.0;2024-04-21;CE;116;42;HORIZONTE;Manobra de mudança de faixa;Com Vítimas Feridas;2;Céu Claro;Pleno dia;domingo;Colisão lateral mesmo sentido;Dupla;0;0;-4.10857928;-38.4942173;Segura;Nordeste;2 Trimestre
686264;2025.0;n;4.0;2025-04-20;RJ;40;94;PETROPOLIS;Pista Escorregadia;Com Vítimas Feridas;4;Chuva;Pleno dia;domingo;Engavetamento;Dupla;0;0;-22,54264951;-43,22356087;Segura;Sudeste;2 Trimestre
655532;2025.0;n;1.0;2025-01-16;SC;101;187,1;BIGUACU;Reação tardia ou ineficiente do condutor;Com Vítimas Feridas;4;Chuva;Pleno dia;quinta-feira;Engavetamento;Dupla;0;1;-27,44307116;-48,62848475;Perigosa;Sul;1 Trimestre
589263;2024.0;n;3.0;2024-03-23;RS;392;673,4;SALVADOR DAS MISSOES;Falta de acostamento;Com Vítimas Feridas;3;Sol;Pleno dia;sábado;Colisão lateral mesmo sentido;Simples;0;1;-28.12051439;-54.84718323;Perigosa;Sul;1 Trimestre
574853;2024.0;n;1.0;2024-01-15;BA;110;176,2;RIBEIRA DO POMBAL;Reação tardia ou ineficiente do condutor;Sem Vítimas;1;Céu Claro;Pleno dia;segunda-feira;Saída de leito carroçável;Simples;0;0;-10.89629907;-38.52352048;Segura;Nordeste;1 Trimestre
653499;2025.0;n;1.0;2025-01-06;MG;50;203;DELTA;Condutor deixou de manter distância do veículo da frente;Com Vítimas Feridas;4;Céu Claro;Pleno dia;segunda-feira;Colisão traseira;Dupla;0;0;-19,92627147;-47,82191068;Segura;Sudeste;1 Trimestre
603795;2024.0;n;5.0;2024-05-29;CE;116;90;CASCAVEL;Carga excessiva e/ou mal acondicionada;Com Vítimas Feridas;1;Céu Claro;Anoitecer;quarta-feira;Tombamento;Simples;0;1;-4.46407774;-38.36786069;Perigosa;Nordeste;2 Trimestre
588468;2024.0;n;3.0;2024-03-20;SP;116;122,1;CACAPAVA;Reação tardia ou ineficiente do condutor;Com Vítimas Feridas;4;Céu Claro;Plena Noite;quarta-feira;Colisão traseira;Dupla;0;1;-23.08192414;-45.66154591;Perigosa;Sudeste;1 Trimestre
617939;2024.0;n;7.0;2024-07-30;GO;60;164;GOIANIA;Reação tardia ou ineficiente do condutor;Com Vítimas Feridas;2;Céu Claro;Anoitecer;terça-feira;Colisão traseira;Múltipla;0;0;-16.7036;-49.342;Segura;Centro-Oeste;3 Trimestre
578846;2024.0;n;2.0;2024-02-03;PR;376;170,4;MARINGA;Ingestão de álcool pelo condutor;Sem Vítimas;2;Céu Claro;Plena Noite;sábado;Saída de leito carroçável;Dupla;0;0;-23.41595703;-51.97950402;Segura;Sul;1 Trimestre
621332;2024.0;n;8.0;2024-08-15;RJ;101;40;CAMPOS DOS GOYTACAZES;Condutor deixou de manter distância do veículo da frente;Com Vítimas Feridas;3;Céu Claro;Pleno dia;quinta-feira;Colisão traseira;Simples;0;0;-21.54919979;-41.33553881;Segura;Sudeste;3 Trimestre
624330;2024.0;n;8.0;2024-08-29;PR;277;130,7;BALSA NOVA;Reação tardia ou ineficiente do condutor;Com Vítimas Feridas;2;Céu Claro;Pleno dia;quinta-feira;Tombamento;Dupla;0;1;-25.47823;-49.643248;Perigosa;Sul;3 Trimestre
666544;2025.0;n;3.0;2025-03-11;MG;153;190,3;FRUTAL;Carga excessiva e/ou mal acondicionada;Com Vítimas Feridas;5;Céu Claro;Pleno dia;terça-feira;Eventos atípicos;Simples;0;0;-19,8892;-48,97373;Segura;Sudeste;1 Trimestre
599793;2024.0;n;5.0;2024-05-11;MS;267;240,7;NOVA ALVORADA DO SUL;Avarias e/ou desgaste excessivo no pneu;Com Vítimas Feridas;2;Céu Claro;Pleno dia;sábado;Colisão com objeto;Simples;0;1;-21.48567886;-54.29779898;Perigosa;Centro-Oeste;2 Trimestre
583036;2024.0;n;2.0;2024-02-24;MT;174;333;PONTES E LACERDA;Transitar na contramão;Com Vítimas Feridas;2;Céu Claro;Pleno dia;sábado;Atropelamento de Pedestre;Simples;0;1;-14.85557192;-59.30273488;Perigosa;Centro-Oeste;1 Trimestre
592505;2024.0;n;4.0;2024-04-07;SC;282;387,2;JOACABA;Velocidade Incompatível;Com Vítimas Fatais;2;Chuva;Pleno dia;domingo;Colisão frontal;Simples;2;0;-27.18336178;-51.51990294;Perigosa;Sul;2 Trimestre
616382;2024.0;n;7.0;2024-07-23;PR;376;182;MARINGA;Acessar a via sem observar a presença dos outros veículos;Com Vítimas Feridas;2;Sol;Pleno dia;terça-feira;Colisão transversal;Dupla;0;0;-23.43222156;-51.88734412;Segura;Sul;3 Trimestre
602714;2024.0;n;5.0;2024-05-24;PR;376;256,2;CALIFORNIA;Velocidade Incompatível;Com Vítimas Feridas;2;Garoa/Chuvisco;Plena Noite;sexta-feira;Colisão traseira;Simples;0;0;-23.658546;-51.371983;Segura;Sul;2 Trimestre
671717;2025.0;n;4.0;2025-04-05;MT;364;587;DIAMANTINO;Velocidade Incompatível;Com Vítimas Feridas;4;Nevoeiro/Neblina;Pleno dia;sábado;Colisão traseira;Dupla;0;0;-14,53273836;-56,23047781;Segura;Centro-Oeste;2 Trimestre
687644;2025.0;n;4.0;2025-04-27;MG;381;3;BETIM;Demais falhas mecânicas ou elétricas;Sem Vítimas;1;Céu Claro;Pleno dia;domingo;Incêndio;Dupla;0;0;-19,984637;-44,166826;Segura;Sudeste;2 Trimestre
625198;2024.0;n;9.0;2024-09-01;SP;116;284,7;EMBU DAS ARTES;Manobra de mudança de faixa;Com Vítimas Feridas;2;Céu Claro;Plena Noite;domingo;Colisão traseira;Dupla;0;0;-23.69998;-46.867767;Segura;Sudeste;3 Trimestre
625866;2024.0;n;9.0;2024-09-05;BA;330;846,2;IPIAU;Manobra de mudança de faixa;Com Vítimas Feridas;2;Céu Claro;Pleno dia;quinta-feira;Colisão frontal;Simples;0;1;-14.16654672;-39.68710366;Perigosa;Nordeste;3 Trimestre
598119;2024.0;n;5.0;2024-05-03;SP;116;276,3;EMBU DAS ARTES;Ausência de reação do condutor;Com Vítimas Feridas;3;Céu Claro;Plena Noite;sexta-feira;Engavetamento;Dupla;0;0;-23.64262417;-46.83811382;Segura;Sudeste;2 Trimestre
617444;2024.0;n;7.0;2024-07-28;BA;116;9;ABARE;Ausência de reação do condutor;Com Vítimas Feridas;1;Céu Claro;Pleno dia;domingo;Saída de leito carroçável;Simples;0;0;-8.69580193;-39.25989103;Segura;Nordeste;3 Trimestre
628522;2024.0;n;9.0;2024-09-16;RS;290;245;CACHOEIRA DO SUL;Reação tardia ou ineficiente do condutor;Com Vítimas Fatais;2;Céu Claro;Pleno dia;segunda-feira;Saída de leito carroçável;Simples;1;0;-30.226635;-52.674004;Perigosa;Sul;3 Trimestre
667542;2025.0;n;3.0;2025-03-16;SC;101;223,1;PALHOCA;Ausência de reação do condutor;Sem Vítimas;2;Céu Claro;Plena Noite;domingo;Colisão com objeto;Dupla;0;0;-27,717;-48,648;Segura;Sul;1 Trimestre
591498;2024.0;n;4.0;2024-04-03;SP;381;88;GUARULHOS;Ausência de reação do condutor;Sem Vítimas;3;Céu Claro;Pleno dia;quarta-feira;Colisão lateral mesmo sentido;Dupla;0;0;-23.47469314;-46.56112919;Segura;Sudeste;2 Trimestre
604074;2024.0;n;5.0;2024-05-30;CE;222;171;IRAUCUBA;Pista esburacada;Com Vítimas Feridas;1;Chuva;Pleno dia;quinta-feira;Saída de leito carroçável;Simples;0;1;-3.75031559;-39.96800004;Perigosa;Nordeste;2 Trimestre
653130;2025.0;n;1.0;2025-01-04;BA;116;7;VITORIA DA CONQUISTA;Acumulo de areia ou detritos sobre o pavimento;Com Vítimas Feridas;1;Céu Claro;Pleno dia;sábado;Queda de ocupante de veículo;Simples;0;0;-14,84472001;-40,88896751;Segura;Nordeste;1 Trimestre
599874;2024.0;n;5.0;2024-05-11;MG;251;415;GRAO MOGOL;Transitar na contramão;Com Vítimas Fatais;3;Céu Claro;Plena Noite;sábado;Colisão frontal;Simples;2;0;-16.2964018;-43.04220808;Perigosa;Sudeste;2 Trimestre
601609;2024.0;n;5.0;2024-05-19;PA;230;11;ALTAMIRA;Condutor deixou de manter distância do veículo da frente;Com Vítimas Feridas;2;Céu Claro;Pleno dia;domingo;Colisão traseira;Simples;0;0;-3.203721;-52.206787;Segura;Norte;2 Trimestre
598252;2024.0;n;5.0;2024-05-04;MG;262;616,3;IBIA;Ausência de reação do condutor;Com Vítimas Feridas;3;Céu Claro;Pleno dia;sábado;Saída de leito carroçável;Simples;0;0;-19.58739098;-46.33344001;Segura;Sudeste;2 Trimestre
589299;2024.0;n;3.0;2024-03-23;RO;364;443;JARU;Acessar a via sem observar a presença dos outros veículos;Com Vítimas Feridas;2;Céu Claro;Pleno dia;sábado;Colisão frontal;Simples;0;0;-10.33792981;-62.60287585;Segura;Norte;1 Trimestre
616131;2024.0;n;7.0;2024-07-22;PA;230;585,2;VITORIA DO XINGU;Reação tardia ou ineficiente do condutor;Com Vítimas Feridas;2;Sol;Amanhecer;segunda-feira;Tombamento;Simples;0;1;-3.11849381;-51.79874578;Perigosa;Norte;3 Trimestre
617821;2024.0;n;7.0;2024-07-29;MG;354;711,3;CAXAMBU;Carga excessiva e/ou mal acondicionada;Com Vítimas Feridas;2;Céu Claro;Plena Noite;segunda-feira;Tombamento;Simples;0;0;-22.040982;-44.92735;Segura;Sudeste;3 Trimestre
600600;2024.0;n;5.0;2024-05-15;PR;277;652;MATELANDIA;Demais falhas mecânicas ou elétricas;Sem Vítimas;2;Céu Claro;Amanhecer;quarta-feira;Incêndio;Simples;0;0;-25.20466596;-53.94913311;Segura;Sul;2 Trimestre
575959;2024.0;n;1.0;2024-01-20;PE;232;447,6;SAO JOSE DO BELMONTE;Condutor deixou de manter distância do veículo da frente;Sem Vítimas;7;Céu Claro;Amanhecer;sábado;Colisão traseira;Simples;0;0;-7.99961227;-38.61712517;Segura;Nordeste;1 Trimestre
653446;2025.0;n;1.0;2025-01-06;PR;376;617;SAO JOSE DOS PINHAIS;Acessar a via sem observar a presença dos outros veículos;Com Vítimas Feridas;2;Céu Claro;Pleno dia;segunda-feira;Colisão frontal;Dupla;0;0;-25,58426494;-49,17618795;Segura;Sul;1 Trimestre
621156;2024.0;n;8.0;2024-08-14;PA;163;494;ITAITUBA;Velocidade Incompatível;Com Vítimas Feridas;5;Nublado;Plena Noite;quarta-feira;Colisão lateral sentido oposto;Simples;0;1;-5.55278209;-55.82200724;Perigosa;Norte;3 Trimestre
607458;2024.0;n;6.0;2024-06-14;RJ;116;215;SEROPEDICA;Entrada inopinada do pedestre;Com Vítimas Feridas;3;Céu Claro;Pleno dia;sexta-feira;Atropelamento de Pedestre;Dupla;0;1;-22.71145119;-43.73551849;Perigosa;Sudeste;2 Trimestre
582818;2024.0;n;2.0;2024-02-23;RS;290;165,5;BUTIA;Reação tardia ou ineficiente do condutor;Com Vítimas Feridas;1;Sol;Pleno dia;sexta-feira;Saída de leito carroçável;Simples;0;0;-30.120655;-51.858463;Segura;Sul;1 Trimestre
592720;2024.0;n;4.0;2024-04-08;ES;101;370,7;ICONHA;Acessar a via sem observar a presença dos outros veículos;Com Vítimas Feridas;3;Céu Claro;Anoitecer;segunda-feira;Colisão frontal;Simples;0;2;-20.76871121;-40.75999937;Perigosa;Sudeste;2 Trimestre
690241;2025.0;n;3.0;2025-03-24;ES;101;120;SOORETAMA;Ultrapassagem Indevida;Com Vítimas Feridas;4;Céu Claro;Amanhecer;segunda-feira;Colisão frontal;Simples;0;1;-19,19146035;-40,09494781;Perigosa;Sudeste;1 Trimestre
591981;2024.0;n;4.0;2024-04-05;MG;365;752,5;ITUIUTABA;Acessar a via sem observar a presença dos outros veículos;Sem Vítimas;4;Céu Claro;Pleno dia;sexta-feira;Eventos atípicos;Simples;0;0;-18.947495;-49.45934;Segura;Sudeste;2 Trimestre
588392;2024.0;n;3.0;2024-03-19;SC;101;381,4;ICARA;Velocidade Incompatível;Com Vítimas Feridas;5;Céu Claro;Pleno dia;terça-feira;Colisão traseira;Dupla;0;1;-28.75478409;-49.27732095;Perigosa;Sul;1 Trimestre
613803;2024.0;n;7.0;2024-07-11;MG;381;904;CAMBUI;Demais falhas mecânicas ou elétricas;Sem Vítimas;2;Céu Claro;Plena Noite;quinta-feira;Incêndio;Simples;0;0;-22.68841562;-46.10648041;Segura;Sudeste;3 Trimestre
627399;2024.0;n;9.0;2024-09-11;BA;101;470;URUCUCA;Velocidade Incompatível;Sem Vítimas;1;Céu Claro;Pleno dia;quarta-feira;Saída de leito carroçável;Simples;0;0;-14.51213569;-39.33242798;Segura;Nordeste;3 Trimestre
685397;2025.0;n;4.0;2025-04-17;SC;101;94;BARRA VELHA;Reação tardia ou ineficiente do condutor;Com Vítimas Feridas;5;Sol;Pleno dia;quinta-feira;Engavetamento;Múltipla;0;0;-26,70472872;-48,70058276;Segura;Sul;2 Trimestre
612549;2024.0;n;7.0;2024-07-06;RJ;116;306,9;RESENDE;Reação tardia ou ineficiente do condutor;Com Vítimas Feridas;3;Nublado;Anoitecer;sábado;Colisão traseira;Múltipla;0;0;-22.45645538;-44.40259093;Segura;Sudeste;3 Trimestre
654216;2025.0;n;1.0;2025-01-10;SC;116;253,9;LAGES;Manobra de mudança de faixa;Com Vítimas Fatais;4;Céu Claro;Pleno dia;sexta-feira;Colisão frontal;Simples;1;0;-27,8659782;-50,39451241;Perigosa;Sul;1 Trimestre
667933;2025.0;n;3.0;2025-03-17;BA;101;166;FEIRA DE SANTANA;Demais falhas mecânicas ou elétricas;Com Vítimas Feridas;3;Céu Claro;Pleno dia;segunda-feira;Colisão frontal;Simples;0;0;-12,36016643;-38,82516861;Segura;Nordeste;1 Trimestre
666733;2025.0;n;3.0;2025-03-04;RS;386;257,8;SOLEDADE;Transitar na contramão;Com Vítimas Fatais;2;Céu Claro;Plena Noite;terça-feira;Colisão frontal;Simples;1;0;-28,8163733;-52,48737574;Perigosa;Sul;1 Trimestre
582003;2024.0;n;1.0;2024-01-26;MT;163;611;NOVA MUTUM;Acesso irregular;Com Vítimas Feridas;2;Céu Claro;Pleno dia;sexta-feira;Tombamento;Simples;0;0;-13.70681804;-56.04045869;Segura;Centro-Oeste;1 Trimestre
673093;2025.0;n;4.0;2025-04-12;MS;267;222;NOVA ALVORADA DO SUL;Transitar na contramão;Com Vítimas Fatais;2;Céu Claro;Plena Noite;sábado;Colisão frontal;Simples;1;0;-21,552637;-54,143987;Perigosa;Centro-Oeste;2 Trimestre
668464;2025.0;n;3.0;2025-03-20;MT;364;525;ROSARIO OESTE;Demais falhas mecânicas ou elétricas;Sem Vítimas;3;Nublado;Pleno dia;quinta-feira;Incêndio;Simples;0;0;-14,973789;-56,517747;Segura;Centro-Oeste;1 Trimestre
576531;2024.0;n;1.0;2024-01-22;SC;280;83,3;CORUPA;Reação tardia ou ineficiente do condutor;Com Vítimas Fatais;1;Chuva;Plena Noite;segunda-feira;Saída de leito carroçável;Simples;1;0;-26.4152291;-49.2571923;Perigosa;Sul;1 Trimestre
652486;2025.0;y;1.0;2025-01-01;PR;476;143;CURITIBA;Ausência de reação do condutor;Sem Vítimas;1;Céu Claro;Plena Noite;quarta-feira;Saída de leito carroçável;Dupla;0;0;-25,53852381;-49,3106597;Segura;Sul;1 Trimestre
586805;2024.0;n;3.0;2024-03-12;BA;116;835,7;VITORIA DA CONQUISTA;Reação tardia ou ineficiente do condutor;Com Vítimas Feridas;2;Chuva;Pleno dia;terça-feira;Saída de leito carroçável;Simples;0;0;-14.954657;-40.902072;Segura;Nordeste;1 Trimestre
668616;2025.0;n;3.0;2025-03-20;MT;163;982;TERRA NOVA DO NORTE;Avarias e/ou desgaste excessivo no pneu;Com Vítimas Feridas;5;Chuva;Pleno dia;quinta-feira;Colisão frontal;Simples;0;1;-10,640633;-55,1341555;Perigosa;Centro-Oeste;1 Trimestre
610038;2024.0;n;6.0;2024-06-25;PI;20;365,8;MONSENHOR HIPOLITO;Acesso irregular;Com Vítimas Feridas;3;Céu Claro;Pleno dia;terça-feira;Colisão lateral mesmo sentido;Simples;0;1;-6.80187388;-41.02273713;Perigosa;Nordeste;2 Trimestre
622561;2024.0;n;8.0;2024-08-20;MG;262;751,9;SACRAMENTO;Velocidade Incompatível;Com Vítimas Feridas;2;Céu Claro;Pleno dia;terça-feira;Saída de leito carroçável;Dupla;0;1;-19.644333;-47.517403;Perigosa;Sudeste;3 Trimestre