id;ano;feriado;mes;data_inversa;uf;br;km;municipio;causa_acidente;classificacao_acidente;veiculos;condicao_metereologica;fase_dia;dia_semana;tipo_acidente;tipo_pista;mortos;feridos_graves;latitude;longitude;status;regiao;periodo
603349;2024.0;n;5.0;2024-05-27;PR;369;100,2;CORNELIO PROCOPIO;Ausência de reação do condutor;Com Vítimas Feridas;1;Nublado;Pleno dia;segunda-feira;Colisão com objeto;Dupla;0;0;-23.24286795;-50.71807491;Segura;Sul;2 Trimestre
573646;2024.0;n;1.0;2024-01-09;MG;262;377;JUATUBA;Problema com o freio;Com Vítimas Feridas;4;Céu Claro;Plena Noite;terça-feira;Colisão lateral mesmo sentido;Dupla;0;1;-19.95769344;-44.35590072;Perigosa;Sudeste;1 Trimestre
600681;2024.0;n;5.0;2024-05-15;ES;262;159,1;IBATIBA;Condutor desrespeitou a iluminação vermelha do semáforo;Com Vítimas Feridas;3;Sol;Pleno dia;quarta-feira;Colisão transversal;Múltipla;0;0;-20.23362208;-41.5053348;Segura;Sudeste;2 Trimestre
572778;2024.0;n;1.0;2024-01-05;SP;116;223;GUARULHOS;Reação tardia ou ineficiente do condutor;Com Vítimas Feridas;3;Sol;Pleno dia;sexta-feira;Colisão lateral mesmo sentido;Múltipla;0;0;-23.47559815;-46.5246609;Segura;Sudeste;1 Trimestre
600848;2024.0;n;5.0;2024-05-16;SC;101;137;BALNEARIO CAMBORIU;Reação tardia ou ineficiente do condutor;Com Vítimas Feridas;2;Nublado;Pleno dia;quinta-feira;Colisão traseira;Múltipla;0;0;-27.0157238;-48.61192763;Segura;Sul;2 Trimestre
663974;2025.0;n;2.0;2025-02-27;RJ;116;103;GUAPIMIRIM;Ausência de reação do condutor;Com Vítimas Feridas;2;Céu Claro;Plena Noite;quinta-feira;Colisão traseira;Simples;0;0;-22,51699712;-43,00186157;Segura;Sudeste;1 Trimestre
628224;2024.0;n;9.0;2024-09-15;SC;101;58;ARAQUARI;Curva acentuada;Com Vítimas Feridas;1;Chuva;Pleno dia;domingo;Saída de leito carroçável;Múltipla;0;0;-26.44025049;-48.80129043;Segura;Sul;3 Trimestre
615590;2024.0;n;7.0;2024-07-19;RJ;101;69;CAMPOS DOS GOYTACAZES;Transitar na contramão;Com Vítimas Feridas;3;Céu Claro;Plena Noite;sexta-feira;Colisão lateral sentido oposto;Simples;0;0;-21.77624383;-41.3653321;Segura;Sudeste;3 Trimestre
602540;2024.0;n;4.0;2024-04-28;PR;277;269;PRUDENTOPOLIS;Manobra de mudança de faixa;Com Vítimas Fatais;3;Nublado;Plena Noite;domingo;Tombamento;Simples;1;0;-25.39075669;-50.81768392;Perigosa;Sul;2 Trimestre
576966;2024.0;n;1.0;2024-01-25;PI;316;273,3;DOM EXPEDITO LOPES;Acesso irregular;Sem Vítimas;2;Nublado;Pleno dia;quinta-feira;Colisão lateral mesmo sentido;Simples;0;0;-6.94208609;-41.74100006;Segura;Nordeste;1 Trimestre
594894;2024.0;n;4.0;2024-04-19;GO;158;244;JATAI;Demais falhas mecânicas ou elétricas;Sem Vítimas;4;Nevoeiro/Neblina;Amanhecer;sexta-feira;Incêndio;Simples;0;0;-17.67921804;-51.83863329;Segura;Centro-Oeste;2 Trimestre
611790;2024.0;n;7.0;2024-07-03;MG;262;176;SAO DOMINGOS DO PRATA;Demais falhas mecânicas ou elétricas;Com Vítimas Feridas;4;Céu Claro;Pleno dia;quarta-feira;Colisão lateral sentido oposto;Simples;0;0;-19.92897509;-42.97079086;Segura;Sudeste;3 Trimestre
670984;2025.0;n;4.0;2025-04-01;SC;282;85,9;ALFREDO WAGNER;Demais falhas mecânicas ou elétricas;Com Vítimas Feridas;1;Céu Claro;Pleno dia;terça-feira;Saída de leito carroçável;Simples;0;0;-27,66414498;-49,2002964;Segura;Sul;2 Trimestre
611709;2024.0;n;7.0;2024-07-03;RS;116;300;GUAIBA;Acessar a via sem observar a presença dos outros veículos;Com Vítimas Feridas;3;Céu Claro;Pleno dia;quarta-feira;Colisão transversal;Simples;0;1;-30.12368942;-51.34922543;Perigosa;Sul;3 Trimestre
669576;2025.0;n;3.0;2025-03-25;MT;364;208;RONDONOPOLIS;Ausência de reação do condutor;Com Vítimas Feridas;4;Céu Claro;Plena Noite;terça-feira;Colisão lateral mesmo sentido;Dupla;0;0;-16,436687;-54,681439;Segura;Centro-Oeste;1 Trimestre
613864;2024.0;n;7.0;2024-07-08;MG;251;516,3;MONTES CLAROS;Transitar no Acostamento;Com Vítimas Feridas;3;Sol;Pleno dia;segunda-feira;Colisão lateral mesmo sentido;Simples;0;1;-16.66055591;-43.75217401;Perigosa;Sudeste;3 Trimestre
611586;2024.0;n;7.0;2024-07-02;BA;110;302;INHAMBUPE;Ausência de reação do condutor;Com Vítimas Feridas;2;Céu Claro;Pleno dia;terça-feira;Colisão frontal;Simples;0;1;-11.925838;-38.374245;Perigosa;Nordeste;3 Trimestre
652791;2025.0;n;1.0;2025-01-02;PR;116;0,3;CAMPINA GRANDE DO SUL;Ausência de reação do condutor;Com Vítimas Feridas;2;Garoa/Chuvisco;Pleno dia;quinta-feira;Colisão transversal;Múltipla;0;0;-25,0604;-48,562973;Segura;Sul;1 Trimestre
607455;2024.0;n;6.0;2024-06-14;MG;381;485;BETIM;Ausência de reação do condutor;Com Vítimas Feridas;4;Céu Claro;Pleno dia;sexta-feira;Engavetamento;Dupla;0;0;-19.95644414;-44.13611598;Segura;Sudeste;2 Trimestre
620257;2024.0;n;8.0;2024-08-10;MG;262;721;ARAXA;Condutor Dormindo;Com Vítimas Feridas;3;Nevoeiro/Neblina;Amanhecer;sábado;Colisão lateral sentido oposto;Simples;0;1;-19.62333053;-47.24146521;Perigosa;Sudeste;3 Trimestre
658171;2025.0;n;1.0;2025-01-30;GO;153;499,8;GOIANIA;Trafegar com motocicleta (ou similar) entre as faixas;Com Vítimas Fatais;5;Nublado;Pleno dia;quinta-feira;Colisão traseira;Dupla;1;0;-16,7033;-49,2311;Perigosa;Centro-Oeste;1 Trimestre
610083;2024.0;n;6.0;2024-06-26;TO;153;705;CARIRI DO TOCANTINS;Demais falhas mecânicas ou elétricas;Sem Vítimas;2;Céu Claro;Amanhecer;quarta-feira;Incêndio;Simples;0;0;-11.99580202;-49.20150838;Segura;Norte;2 Trimestre
618357;2024.0;n;8.0;2024-08-01;MA;10;69;CAROLINA;Condutor deixou de manter distância do veículo da frente;Sem Vítimas;2;Céu Claro;Pleno dia;quinta-feira;Colisão traseira;Simples;0;0;-7.045704;-47.439793;Segura;Nordeste;3 Trimestre
614308;2024.0;n;7.0;2024-07-13;SC;101;265,7;PAULO LOPES;Transitar na contramão;Com Vítimas Feridas;4;Chuva;Plena Noite;sábado;Colisão lateral mesmo sentido;Múltipla;0;0;-28.06001385;-48.71690948;Segura;Sul;3 Trimestre
691035;2025.0;n;1.0;2025-01-13;BA;324;567;SAO SEBASTIAO DO PASSE;Frear bruscamente;Sem Vítimas;4;Céu Claro;Pleno dia;segunda-feira;Colisão traseira;Dupla;0;0;-12,529901;-38,603207;Segura;Nordeste;1 Trimestre
577953;2024.0;n;1.0;2024-01-30;SC;282;64,2;RANCHO QUEIMADO;Ultrapassagem Indevida;Com Vítimas Fatais;3;Céu Claro;Pleno dia;terça-feira;Colisão frontal;Simples;1;1;-27.696963;-49.054121;Perigosa;Sul;1 Trimestre
670931;2025.0;n;4.0;2025-04-01;GO;20;191,5;POSSE;Velocidade Incompatível;Com Vítimas Feridas;3;Céu Claro;Pleno dia;terça-feira;Tombamento;Simples;0;0;-14,4;-46,4;Segura;Centro-Oeste;2 Trimestre
666742;2025.0;n;3.0;2025-03-12;GO;60;38,6;GOIANIA;Velocidade Incompatível;Com Vítimas Fatais;3;Céu Claro;Pleno dia;quarta-feira;Colisão lateral mesmo sentido;Dupla;1;0;-16,750771;-49,341211;Perigosa;Centro-Oeste;1 Trimestre
576210;2024.0;n;1.0;2024-01-21;GO;153;505;APARECIDA DE GOIANIA;Chuva;Com Vítimas Feridas;4;Chuva;Pleno dia;domingo;Colisão traseira;Múltipla;0;1;-16.7537;-49.2411;Perigosa;Centro-Oeste;1 Trimestre
667399;2025.0;n;3.0;2025-03-15;BA;242;747;CRISTOPOLIS;Acessar a via sem observar a presença dos outros veículos;Com Vítimas Fatais;3;Céu Claro;Pleno dia;sábado;Colisão transversal;Simples;1;0;-12,23382;-44,41649;Perigosa;Nordeste;1 Trimestre
588266;2024.0;n;3.0;2024-03-19;SP;153;100;JOSE BONIFACIO;Reação tardia ou ineficiente do condutor;Com Vítimas Feridas;2;Nublado;Amanhecer;terça-feira;Colisão com objeto;Dupla;0;1;-20.99894814;-49.6292216;Perigosa;Sudeste;1 Trimestre
588541;2024.0;n;3.0;2024-03-20;PE;407;104;PETROLINA;Demais falhas mecânicas ou elétricas;Com Vítimas Feridas;2;Céu Claro;Pleno dia;quarta-feira;Saída de leito carroçável;Simples;0;0;-9.21298989;-40.63243564;Segura;Nordeste;1 Trimestre
592648;2024.0;n;4.0;2024-04-05;PR;277;223;FERNANDES PINHEIRO;Manobra de mudança de faixa;Sem Vítimas;2;Céu Claro;Pleno dia;sexta-feira;Colisão lateral mesmo sentido;Simples;0;0;-25.4682077;-50.40624097;Segura;Sul;2 Trimestre
659889;2025.0;n;2.0;2025-02-07;MG;40;603,4;CONGONHAS;Demais falhas mecânicas ou elétricas;Com Vítimas Fatais;9;Céu Claro;Plena Noite;sexta-feira;Colisão frontal;Simples;1;2;-20,45146264;-43,84102821;Perigosa;Sudeste;1 Trimestre
659721;2025.0;n;2.0;2025-02-07;SP;116;387;MIRACATU;Condutor deixou de manter distância do veículo da frente;Com Vítimas Feridas;4;Céu Claro;Plena Noite;sexta-feira;Colisão traseira;Dupla;0;0;-24,26558971;-47,38858809;Segura;Sudeste;1 Trimestre
589476;2024.0;n;3.0;2024-03-24;MT;163;835;SINOP;Manobra de mudança de faixa;Sem Vítimas;2;Nublado;Pleno dia;domingo;Colisão lateral mesmo sentido;Dupla;0;0;-11.85683544;-55.49440563;Segura;Centro-Oeste;1 Trimestre
624986;2024.0;n;9.0;2024-09-01;PA;316;198;SANTA LUZIA DO PARA;Transitar na contramão;Com Vítimas Fatais;3;Nublado;Plena Noite;domingo;Colisão frontal;Simples;1;0;-1.52589977;-46.89748377;Perigosa;Norte;3 Trimestre
583718;2024.0;n;2.0;2024-02-27;MG;50;190;UBERABA;Demais falhas mecânicas ou elétricas;Sem Vítimas;2;Céu Claro;Pleno dia;terça-feira;Incêndio;Dupla;0;0;-19.85630175;-47.86944462;Segura;Sudeste;1 Trimestre
595431;2024.0;y;4.0;2024-04-21;BA;116;838,1;VITORIA DA CONQUISTA;Reação tardia ou ineficiente do condutor;Com Vítimas Feridas;5;Garoa/Chuvisco;Pleno dia;domingo;Engavetamento;Simples;0;2;-14.964282;-40.908083;Perigosa;Nordeste;2 Trimestre
614805;2024.0;n;7.0;2024-07-16;PE;232;197,7;SANHARO;Reação tardia ou ineficiente do condutor;Com Vítimas Feridas;1;Céu Claro;Pleno dia;terça-feira;Saída de leito carroçável;Simples;0;0;-8.36891793;-36.580362;Segura;Nordeste;3 Trimestre
589671;2024.0;n;3.0;2024-03-25;GO;60;45;ALEXANIA;Ausência de reação do condutor;Com Vítimas Feridas;3;Garoa/Chuvisco;Pleno dia;segunda-feira;Colisão lateral mesmo sentido;Dupla;0;0;-16.1324;-48.5977;Segura;Centro-Oeste;1 Trimestre
658412;2025.0;n;1.0;2025-01-31;RJ;465;6;SEROPEDICA;Manobra de mudança de faixa;Com Vítimas Feridas;2;Nublado;Pleno dia;sexta-feira;Colisão lateral mesmo sentido;Dupla;0;1;-22,754314;-43,692879;Perigosa;Sudeste;1 Trimestre
602122;2024.0;n;5.0;2024-05-21;RJ;393;171;TRES RIOS;Conversão proibida;Com Vítimas Feridas;3;Céu Claro;Plena Noite;terça-feira;Colisão traseira;Dupla;0;0;-22.12300119;-43.16875093;Segura;Sudeste;2 Trimestre
626717;2024.0;n;8.0;2024-08-31;ES;262;89,7;DOMINGOS MARTINS;Condutor Dormindo;Com Vítimas Feridas;3;Céu Claro;Pleno dia;sábado;Colisão frontal;Simples;0;1;-20.38725617;-41.01746327;Perigosa;Sudeste;3 Trimestre
592993;2024.0;n;4.0;2024-04-10;RJ;101;324,4;NITEROI;Condutor Dormindo;Com Vítimas Feridas;2;Céu Claro;Plena Noite;quarta-feira;Colisão traseira;Dupla;0;0;-22.87381074;-43.12640997;Segura;Sudeste;2 Trimestre
608261;2024.0;n;6.0;2024-06-17;MG;459;91,2;CONGONHAL;Demais falhas mecânicas ou elétricas;Sem Vítimas;1;Céu Claro;Plena Noite;segunda-feira;Incêndio;Simples;0;0;-22.155513;-46.01011;Segura;Sudeste;2 Trimestre
594648;2024.0;n;4.0;2024-04-18;RJ;101;255,8;RIO BONITO;Reação tardia ou ineficiente do condutor;Com Vítimas Feridas;2;Céu Claro;Amanhecer;quinta-feira;Colisão traseira;Dupla;0;0;-22.69421578;-42.55904705;Segura;Sudeste;2 Trimestre
607086;2024.0;n;6.0;2024-06-12;PI;407;605,4;ACAUA;Manobra de mudança de faixa;Com Vítimas Fatais;2;Céu Claro;Plena Noite;quarta-feira;Colisão frontal;Simples;1;0;-8.37852386;-41.08460939;Perigosa;Nordeste;2 Trimestre
585490;2024.0;n;3.0;2024-03-06;SP;116;328,8;JUQUITIBA;Ausência de reação do condutor;Com Vítimas Feridas;3;Nublado;Pleno dia;quarta-feira;Saída de leito carroçável;Dupla;0;0;-23.93652709;-47.08014299;Segura;Sudeste;1 Trimestre
588349;2024.0;n;3.0;2024-03-19;PE;232;99,4;BEZERROS;Condutor deixou de manter distância do veículo da frente;Com Vítimas Feridas;2;Céu Claro;Pleno dia;terça-feira;Colisão traseira;Dupla;0;0;-8.2367277;-35.73401605;Segura;Nordeste;1 Trimestre
598178;2024.0;n;5.0;2024-05-04;SP;116;99;PINDAMONHANGABA;Ausência de reação do condutor;Com Vítimas Feridas;2;Sol;Pleno dia;sábado;Colisão traseira;Dupla;0;0;-22.98236971;-45.46436617;Segura;Sudeste;2 Trimestre
577518;2024.0;n;1.0;2024-01-28;RS;285;293;PASSO FUNDO;Desrespeitar a preferência no cruzamento;Sem Vítimas;2;Céu Claro;Plena Noite;domingo;Colisão transversal;Simples;0;0;-28.236645;-52.375156;Segura;Sul;1 Trimestre
582242;2024.0;n;2.0;2024-02-20;PR;277;15,3;PARANAGUA;Reação tardia ou ineficiente do condutor;Com Vítimas Feridas;4;Nublado;Pleno dia;terça-feira;Colisão traseira;Dupla;0;0;-25.5519084;-48.66639389;Segura;Sul;1 Trimestre
604461;2024.0;n;3.0;2024-03-20;MG;365;620,2;UBERLANDIA;Pista Escorregadia;Com Vítimas Feridas;2;Chuva;Pleno dia;quarta-feira;Colisão traseira;Dupla;0;1;-18.88759;-48.26823;Perigosa;Sudeste;1 Trimestre
687099;2025.0;n;4.0;2025-04-24;MG;381;685;RIBEIRAO VERMELHO;Condutor deixou de manter distância do veículo da frente;Com Vítimas Feridas;4;Nublado;Plena Noite;quinta-feira;Colisão traseira;Dupla;0;0;-21,1653976;-45,126238;Segura;Sudeste;2 Trimestre
590715;2024.0;n;3.0;2024-03-30;RS;116;165,8;CAXIAS DO SUL;Transitar na contramão;Com Vítimas Feridas;3;Céu Claro;Pleno dia;sábado;Colisão frontal;Simples;0;1;-29.2596449;-51.1574433;Perigosa;Sul;1 Trimestre
652693;2025.0;n;1.0;2025-01-02;RJ;101;329;RIO DE JANEIRO;Reação tardia ou ineficiente do condutor;Com Vítimas Feridas;2;Céu Claro;Pleno dia;quinta-feira;Colisão traseira;Dupla;0;0;-22,86939305;-43,175642;Segura;Sudeste;1 Trimestre
673225;2025.0;n;3.0;2025-03-12;BA;324;614;SALVADOR;Reação tardia ou ineficiente do condutor;Com Vítimas Feridas;3;Céu Claro;Amanhecer;quarta-feira;Colisão traseira;Simples;0;1;-12,7930492;-38,4045175;Perigosa;Nordeste;1 Trimestre
627610;2024.0;n;9.0;2024-09-12;MG;40;274;TRES MARIAS;Demais falhas mecânicas ou elétricas;Sem Vítimas;2;Céu Claro;Pleno dia;quinta-feira;Incêndio;Simples;0;0;-18.19286003;-45.24415203;Segura;Sudeste;3 Trimestre
576665;2024.0;n;1.0;2024-01-23;RS;392;204;SANTANA DA BOA VISTA;Transitar na contramão;Com Vítimas Fatais;6;Céu Claro;Amanhecer;terça-feira;Colisão frontal;Simples;2;0;-30.85006125;-53.16776104;Perigosa;Sul;1 Trimestre
671640;2025.0;n;4.0;2025-04-05;SC;101;12;GARUVA;Demais falhas mecânicas ou elétricas;Com Vítimas Feridas;3;Nublado;Plena Noite;sábado;Colisão traseira;Dupla;0;1;-26,081422;-48,861807;Perigosa;Sul;2 Trimestre
657391;2025.0;n;1.0;2025-01-26;RS;386;246,2;SOLEDADE;Transitar na contramão;Com Vítimas Feridas;2;Céu Claro;Plena Noite;domingo;Colisão transversal;Simples;0;0;-28,808382;-52,502323;Segura;Sul;1 Trimestre
622961;2024.0;n;8.0;2024-08-22;SP;116;96,1;PINDAMONHANGABA;Reação tardia ou ineficiente do condutor;Com Vítimas Feridas;3;Nublado;Plena Noite;quinta-feira;Colisão traseira;Dupla;0;0;-22.96924989;-45.4383266;Segura;Sudeste;3 Trimestre
604335;2024.0;n;5.0;2024-05-31;RJ;356;35;ITAPERUNA;Acumulo de areia ou detritos sobre o pavimento;Com Vítimas Feridas;2;Céu Claro;Plena Noite;sexta-feira;Derramamento de carga;Simples;0;0;-21.21130024;-41.8848634;Segura;Sudeste;2 Trimestre
619098;2024.0;n;8.0;2024-08-04;AL;101;145;SAO MIGUEL DOS CAMPOS;Carga excessiva e/ou mal acondicionada;Com Vítimas Feridas;2;Céu Claro;Pleno dia;domingo;Tombamento;Dupla;0;1;-9.8653691;-36.14215324;Perigosa;Nordeste;3 Trimestre
654891;2025.0;n;1.0;2025-01-13;SC;101;142;ITAPEMA;Trafegar com motocicleta (ou similar) entre as faixas;Com Vítimas Feridas;2;Nublado;Pleno dia;segunda-feira;Colisão lateral mesmo sentido;Dupla;0;0;-27,056089;-48,599449;Segura;Sul;1 Trimestre
614144;2024.0;n;7.0;2024-07-13;PE;101;95;CABO DE SANTO AGOSTINHO;Demais falhas mecânicas ou elétricas;Sem Vítimas;1;Céu Claro;Pleno dia;sábado;Incêndio;Dupla;0;0;-8.25099;-35.01426;Segura;Nordeste;3 Trimestre
588993;2024.0;n;3.0;2024-03-22;PR;376;461,2;TIBAGI;Velocidade Incompatível;Sem Vítimas;6;Nublado;Pleno dia;sexta-feira;Colisão com objeto;Dupla;0;0;-24.94888877;-50.39500045;Segura;Sul;1 Trimestre
617780;2024.0;n;7.0;2024-07-29;MG;116;331;CAMPANARIO;Ausência de reação do condutor;Com Vítimas Feridas;4;Céu Claro;Pleno dia;segunda-feira;Engavetamento;Simples;0;0;-18.24609323;-41.73341759;Segura;Sudeste;3 Trimestre
624685;2024.0;n;8.0;2024-08-30;MG;116;152;PONTO DOS VOLANTES;Demais falhas mecânicas ou elétricas;Sem Vítimas;2;Nublado;Anoitecer;sexta-feira;Incêndio;Simples;0;0;-16.86721324;-41.47594265;Segura;Sudeste;3 Trimestre
616808;2024.0;n;7.0;2024-07-25;RS;116;258;ESTEIO;Ausência de reação do condutor;Com Vítimas Feridas;4;Céu Claro;Pleno dia;quinta-feira;Colisão com objeto;Dupla;0;1;-29.86150502;-51.18091535;Perigosa;Sul;3 Trimestre
578783;2024.0;n;2.0;2024-02-03;MG;381;817,4;CAREACU;Chuva;Com Vítimas Feridas;1;Chuva;Pleno dia;sábado;Saída de leito carroçável;Dupla;0;0;-22.09779644;-45.71786074;Segura;Sudeste;1 Trimestre
585791;2024.0;n;3.0;2024-03-07;MA;316;96,6;PRESIDENTE MEDICI;Pedestre andava na pista;Com Vítimas Fatais;2;Céu Claro;Plena Noite;quinta-feira;Atropelamento de Pedestre;Simples;1;0;-2.383268;-45.818657;Perigosa;Nordeste;1 Trimestre
655068;2025.0;n;1.0;2025-01-14;SC;101;58,4;ARAQUARI;Manobra de mudança de faixa;Com Vítimas Feridas;2;Céu Claro;Pleno dia;terça-feira;Colisão lateral mesmo sentido;Dupla;0;0;-26,44025049;-48,80129043;Segura;Sul;1 Trimestre
624875;2024.0;n;8.0;2024-08-31;SP;116;545;BARRA DO TURVO;Reação tardia ou ineficiente do condutor;Com Vítimas Feridas;2;Céu Claro;Pleno dia;sábado;Tombamento;Simples;0;0;-24.95016699;-48.42400302;Segura;Sudeste;3 Trimestre
673812;2025.0;n;4.0;2025-04-15;PE;116;82;BELEM DE SAO FRANCISCO;Demais falhas mecânicas ou elétricas;Sem Vítimas;1;Céu Claro;Pleno dia;terça-feira;Colisão com objeto;Simples;0;0;-8,548257;-39,226347;Segura;Nordeste;2 Trimestre
665102;2025.0;n;3.0;2025-03-04;MG;381;500,5;BETIM;Ausência de reação do condutor;Com Vítimas Feridas;2;Céu Claro;Pleno dia;terça-feira;Colisão traseira;Dupla;0;0;-20,00948396;-44,21756744;Segura;Sudeste;1 Trimestre
585921;2024.0;n;3.0;2024-03-08;PR;153;389;MALLET;Transitar na contramão;Sem Vítimas;2;Nublado;Pleno dia;sexta-feira;Colisão frontal;Simples;0;0;-25.884455;-50.837606;Segura;Sul;1 Trimestre
593302;2024.0;n;4.0;2024-04-11;BA;110;124;ANTAS;Demais falhas mecânicas ou elétricas;Com Vítimas Fatais;2;Céu Claro;Amanhecer;quinta-feira;Eventos atípicos;Simples;1;0;-10.48937097;-38.38406144;Perigosa;Nordeste;2 Trimestre
654328;2025.0;n;1.0;2025-01-10;MG;381;942;EXTREMA;Velocidade Incompatível;Com Vítimas Feridas;4;Nublado;Plena Noite;sexta-feira;Colisão lateral mesmo sentido;Dupla;0;0;-22,84803509;-46,33447863;Segura;Sudeste;1 Trimestre
669254;2025.0;n;3.0;2025-03-24;CE;116;16;FORTALEZA;Condutor deixou de manter distância do veículo da frente;Com Vítimas Feridas;6;Chuva;Pleno dia;segunda-feira;Engavetamento;Dupla;0;0;-3,88751672;-38,50143432;Segura;Nordeste;1 Trimestre
609900;2024.0;n;6.0;2024-06-25;PR;277;532,3;IBEMA;Neblina;Com Vítimas Feridas;5;Nevoeiro/Neblina;Pleno dia;terça-feira;Colisão transversal;Simples;0;0;-25.09412204;-52.95864699;Segura;Sul;2 Trimestre
601931;2024.0;n;5.0;2024-05-20;PA;316;137;PEIXE-BOI;Reação tardia ou ineficiente do condutor;Com Vítimas Feridas;1;Céu Claro;Plena Noite;segunda-feira;Capotamento;Simples;0;1;-1.27577833;-47.2903148;Perigosa;Norte;2 Trimestre
625732;2024.0;n;1.0;2024-01-19;SC;280;131,2;RIO NEGRINHO;Acessar a via sem observar a presença dos outros veículos;Sem Vítimas;4;Céu Claro;Pleno dia;sexta-feira;Colisão traseira;Simples;0;0;-26.25581515;-49.53953493;Segura;Sul;1 Trimestre
594349;2024.0;n;4.0;2024-04-16;PB;101;11;MAMANGUAPE;Acumulo de água sobre o pavimento;Sem Vítimas;2;Chuva;Pleno dia;terça-feira;Saída de leito carroçável;Dupla;0;0;-6.59256898;-35.14508356;Segura;Nordeste;2 Trimestre
595974;2024.0;n;4.0;2024-04-24;MG;365;432;PATOS DE MINAS;Acumulo de água sobre o pavimento;Com Vítimas Feridas;2;Nublado;Plena Noite;quarta-feira;Saída de leito carroçável;Simples;0;0;-18.77097792;-46.6805881;Segura;Sudeste;2 Trimestre
594668;2024.0;n;4.0;2024-04-18;MG;365;103,6;JEQUITAI;Ausência de reação do condutor;Com Vítimas Fatais;4;Céu Claro;Amanhecer;quinta-feira;Colisão com objeto;Simples;1;0;-17.21771336;-44.55174014;Perigosa;Sudeste;2 Trimestre
576854;2024.0;n;1.0;2024-01-24;GO;60;46,6;ALEXANIA;Ingestão de álcool pelo condutor;Com Vítimas Feridas;2;Céu Claro;Pleno dia;quarta-feira;Colisão transversal;Dupla;0;0;-16.144327;-48.60063;Segura;Centro-Oeste;1 Trimestre
587176;2024.0;n;3.0;2024-03-14;MS;463;84;PONTA PORA;Transitar na contramão;Com Vítimas Feridas;4;Céu Claro;Pleno dia;quinta-feira;Colisão lateral mesmo sentido;Simples;0;0;-22.559221;-55.490416;Segura;Centro-Oeste;1 Trimestre
686722;2025.0;n;4.0;2025-04-22;MG;40;474,7;SETE LAGOAS;Reação tardia ou ineficiente do condutor;Com Vítimas Feridas;2;Nublado;Pleno dia;terça-feira;Colisão traseira;Dupla;0;1;-19,502159;-44,275738;Perigosa;Sudeste;2 Trimestre
653230;2025.0;n;1.0;2025-01-04;SP;116;53,3;LORENA;Ausência de reação do condutor;Com Vítimas Feridas;3;Nublado;Plena Noite;sábado;Capotamento;Dupla;0;0;-22,75255433;-45,10741076;Segura;Sudeste;1 Trimestre
673960;2025.0;n;4.0;2025-04-16;MG;262;554;CORREGO DANTA;Condutor Dormindo;Com Vítimas Feridas;2;Garoa/Chuvisco;Plena Noite;quarta-feira;Saída de leito carroçável;Simples;0;0;-19,75014595;-45,916245;Segura;Sudeste;2 Trimestre
602920;2024.0;n;5.0;2024-05-25;SC;282;216,5;LAGES;Desrespeitar a preferência no cruzamento;Sem Vítimas;2;Nublado;Pleno dia;sábado;Colisão transversal;Simples;0;0;-27.797529;-50.291862;Segura;Sul;2 Trimestre
623800;2024.0;n;8.0;2024-08-26;SC;101;327;CAPIVARI DE BAIXO;Ausência de reação do condutor;Com Vítimas Feridas;5;Céu Claro;Pleno dia;segunda-feira;Colisão traseira;Múltipla;0;0;-28.43023306;-48.95205197;Segura;Sul;3 Trimestre
589949;2024.0;n;3.0;2024-03-26;MT;158;556;AGUA BOA;Ausência de reação do condutor;Com Vítimas Feridas;3;Nublado;Plena Noite;terça-feira;Colisão traseira;Simples;0;0;-13.95871907;-52.11673091;Segura;Centro-Oeste;1 Trimestre
598842;2024.0;n;5.0;2024-05-07;ES;101;292,5;CARIACICA;Reação tardia ou ineficiente do condutor;Com Vítimas Feridas;2;Céu Claro;Pleno dia;terça-feira;Colisão traseira;Dupla;0;0;-20.30650512;-40.39488717;Segura;Sudeste;2 Trimestre
599189;2024.0;n;5.0;2024-05-09;MG;40;501;ESMERALDAS;Ausência de reação do condutor;Com Vítimas Feridas;2;Céu Claro;Amanhecer;quinta-feira;Colisão traseira;Dupla;0;0;-19.70735708;-44.16736508;Segura;Sudeste;2 Trimestre
609272;2024.0;n;6.0;2024-06-22;MT;163;971;TERRA NOVA DO NORTE;Reação tardia ou ineficiente do condutor;Sem Vítimas;1;Sol;Pleno dia;sábado;Tombamento;Simples;0;0;-10.70031805;-55.11915386;Segura;Centro-Oeste;2 Trimestre
672435;2025.0;n;4.0;2025-04-08;GO;158;117;PIRANHAS;Ausência de reação do condutor;Sem Vítimas;3;Céu Claro;Pleno dia;terça-feira;Saída de leito carroçável;Simples;0;0;-16,58616;-51,74033;Segura;Centro-Oeste;2 Trimestre
612442;2024.0;n;7.0;2024-07-06;RO;364;516;ARIQUEMES;Entrada inopinada do pedestre;Com Vítimas Feridas;3;Céu Claro;Pleno dia;sábado;Atropelamento de Pedestre;Simples;0;1;-9.915961;-63.05532;Perigosa;Norte;3 Trimestre
653096;2025.0;n;1.0;2025-01-04;DF;70;3,8;BRASILIA;Acesso irregular;Com Vítimas Feridas;2;Céu Claro;Pleno dia;sábado;Colisão transversal;Dupla;0;0;-15,802453;-48,080387;Segura;Centro-Oeste;1 Trimestre
621801;2024.0;n;8.0;2024-08-17;ES;262;43,8;MARECHAL FLORIANO;Acessar a via sem observar a presença dos outros veículos;Com Vítimas Feridas;3;Sol;Pleno dia;sábado;Colisão transversal;Simples;0;0;-20.38771606;-40.66828609;Segura;Sudeste;3 Trimestre