id;ano;feriado;mes;data_inversa;uf;br;km;municipio;causa_acidente;classificacao_acidente;veiculos;condicao_metereologica;fase_dia;dia_semana;tipo_acidente;tipo_pista;mortos;feridos_graves;latitude;longitude;status;regiao;periodo
670338;2025.0;n;3.0;2025-03-29;SC;282;640,1;DESCANSO;Transitar na contramão;Com Vítimas Fatais;2;Nublado;Pleno dia;sábado;Colisão frontal;Simples;1;0;-26,78592054;-53,45886178;Perigosa;Sul;1 Trimestre
666124;2025.0;n;3.0;2025-03-09;AL;101;16,6;NOVO LINO;Demais falhas mecânicas ou elétricas;Sem Vítimas;1;Chuva;Pleno dia;domingo;Colisão lateral mesmo sentido;Dupla;0;0;-9,00536287;-35,6761694;Segura;Nordeste;1 Trimestre
573913;2024.0;n;1.0;2024-01-11;MT;163;930;ITAUBA;Velocidade Incompatível;Com Vítimas Feridas;5;Céu Claro;Pleno dia;quinta-feira;Saída de leito carroçável;Simples;0;0;-11.17218194;-55.31169576;Segura;Centro-Oeste;1 Trimestre
600405;2024.0;n;5.0;2024-05-13;MG;116;408,5;GOVERNADOR VALADARES;Velocidade Incompatível;Sem Vítimas;2;Céu Claro;Plena Noite;segunda-feira;Derramamento de carga;Simples;0;0;-18.84643132;-41.98034763;Segura;Sudeste;2 Trimestre
600011;2024.0;n;5.0;2024-05-12;GO;452;1;RIO VERDE;Manobra de mudança de faixa;Com Vítimas Fatais;3;Céu Claro;Pleno dia;domingo;Colisão traseira;Dupla;1;0;-17.79126493;-50.89368296;Perigosa;Centro-Oeste;2 Trimestre
668548;2025.0;n;3.0;2025-03-20;SP;381;85;ATIBAIA;Reação tardia ou ineficiente do condutor;Sem Vítimas;3;Nublado;Plena Noite;quinta-feira;Colisão lateral mesmo sentido;Dupla;0;0;-23,1907485;-46,5849693;Segura;Sudeste;1 Trimestre
627111;2024.0;n;9.0;2024-09-10;SC;116;50,4;PAPANDUVA;Ausência de reação do condutor;Com Vítimas Feridas;4;Céu Claro;Pleno dia;terça-feira;Colisão traseira;Simples;0;1;-26.37798337;-50.13162356;Perigosa;Sul;3 Trimestre
610689;2024.0;n;6.0;2024-06-28;MT;364;198;RONDONOPOLIS;Reação tardia ou ineficiente do condutor;Com Vítimas Feridas;2;Céu Claro;Plena Noite;sexta-feira;Colisão com objeto;Dupla;0;1;-16.50263215;-54.62803602;Perigosa;Centro-Oeste;2 Trimestre
622574;2024.0;n;8.0;2024-08-20;PR;369;119,6;JATAIZINHO;Demais falhas mecânicas ou elétricas;Com Vítimas Feridas;1;Céu Claro;Plena Noite;terça-feira;Colisão com objeto;Dupla;0;0;-23.2848531;-50.89451909;Segura;Sul;3 Trimestre
624537;2024.0;n;8.0;2024-08-30;MS;163;490;CAMPO GRANDE;Demais falhas mecânicas ou elétricas;Com Vítimas Feridas;1;Céu Claro;Pleno dia;sexta-feira;Tombamento;Dupla;0;0;-20.40017983;-54.55539878;Segura;Centro-Oeste;3 Trimestre
662984;2025.0;n;2.0;2025-02-22;AC;364;272;SENA MADUREIRA;Condutor deixou de manter distância do veículo da frente;Com Vítimas Fatais;2;Céu Claro;Pleno dia;sábado;Queda de ocupante de veículo;Simples;1;0;-9,081193;-68,661152;Perigosa;Norte;1 Trimestre
623100;2024.0;n;8.0;2024-08-23;MG;251;427,2;GRAO MOGOL;Velocidade Incompatível;Com Vítimas Feridas;3;Sol;Pleno dia;sexta-feira;Tombamento;Simples;0;3;-16.33690716;-43.13798285;Perigosa;Sudeste;3 Trimestre
602447;2024.0;n;5.0;2024-05-23;PE;428;169;PETROLINA;Ausência de reação do condutor;Sem Vítimas;3;Céu Claro;Pleno dia;quinta-feira;Colisão traseira;Simples;0;0;-9.21355685;-40.40269118;Segura;Nordeste;2 Trimestre
588498;2024.0;n;3.0;2024-03-20;MS;267;474,5;GUIA LOPES DA LAGUNA;Ausência de reação do condutor;Com Vítimas Feridas;8;Céu Claro;Pleno dia;quarta-feira;Colisão traseira;Simples;0;0;-21.43946119;-56.08963325;Segura;Centro-Oeste;1 Trimestre
618577;2024.0;n;8.0;2024-08-02;RN;304;34;MOSSORO;Acessar a via sem observar a presença dos outros veículos;Com Vítimas Feridas;4;Céu Claro;Plena Noite;sexta-feira;Colisão lateral mesmo sentido;Dupla;0;2;-5.15255798;-37.34873808;Perigosa;Nordeste;3 Trimestre
590008;2024.0;n;3.0;2024-03-27;SC;282;22,6;SANTO AMARO DA IMPERATRIZ;Reação tardia ou ineficiente do condutor;Com Vítimas Feridas;4;Céu Claro;Amanhecer;quarta-feira;Colisão com objeto;Simples;0;0;-27.688507;-48.72739;Segura;Sul;1 Trimestre
620817;2024.0;n;8.0;2024-08-12;RJ;116;329;ITATIAIA;Estacionar ou parar em local proibido;Com Vítimas Fatais;3;Céu Claro;Pleno dia;segunda-feira;Colisão traseira;Dupla;1;0;-22.50458;-44.61510167;Perigosa;Sudeste;3 Trimestre
596283;2024.0;n;4.0;2024-04-25;PR;376;407;TIBAGI;Reação tardia ou ineficiente do condutor;Com Vítimas Feridas;2;Céu Claro;Pleno dia;quinta-feira;Colisão com objeto;Dupla;0;1;-24.59958722;-50.66743255;Perigosa;Sul;2 Trimestre
576550;2024.0;n;1.0;2024-01-23;MG;40;517;RIBEIRAO DAS NEVES;Ausência de reação do condutor;Com Vítimas Fatais;2;Céu Claro;Amanhecer;terça-feira;Queda de ocupante de veículo;Dupla;1;0;-19.82351202;-44.08438913;Perigosa;Sudeste;1 Trimestre
574632;2024.0;n;1.0;2024-01-14;MS;163;366,1;NOVA ALVORADA DO SUL;Ausência de reação do condutor;Com Vítimas Feridas;4;Céu Claro;Pleno dia;domingo;Colisão com objeto;Dupla;0;1;-21.45560311;-54.3798887;Perigosa;Centro-Oeste;1 Trimestre
606063;2024.0;n;6.0;2024-06-08;SC;282;332,5;CAMPOS NOVOS;Condutor usando celular;Sem Vítimas;3;Céu Claro;Pleno dia;sábado;Colisão lateral sentido oposto;Simples;0;0;-27.390564;-51.125843;Segura;Sul;2 Trimestre
615903;2024.0;n;7.0;2024-07-21;ES;101;25,5;CONCEICAO DA BARRA;Ausência de reação do condutor;Sem Vítimas;2;Céu Claro;Pleno dia;domingo;Colisão lateral sentido oposto;Simples;0;0;-18.36739611;-39.95084729;Segura;Sudeste;3 Trimestre
582113;2024.0;n;2.0;2024-02-19;RJ;40;109;DUQUE DE CAXIAS;Chuva;Com Vítimas Feridas;1;Chuva;Pleno dia;segunda-feira;Derramamento de carga;Múltipla;0;0;-22.67374628;-43.28638368;Segura;Sudeste;1 Trimestre
601078;2024.0;n;5.0;2024-05-17;PR;116;104;SAO JOSE DOS PINHAIS;Ausência de reação do condutor;Sem Vítimas;2;Sol;Pleno dia;sexta-feira;Colisão com objeto;Dupla;0;0;-25.56472785;-49.15859603;Segura;Sul;2 Trimestre
622716;2024.0;n;8.0;2024-08-21;PR;376;3;SAO JOSE DOS PINHAIS;Reação tardia ou ineficiente do condutor;Com Vítimas Feridas;3;Céu Claro;Pleno dia;quarta-feira;Colisão traseira;Dupla;0;0;-25.54000882;-49.19154704;Segura;Sul;3 Trimestre
670333;2025.0;n;3.0;2025-03-29;SC;480;128,7;CHAPECO;Reação tardia ou ineficiente do condutor;Com Vítimas Feridas;2;Garoa/Chuvisco;Pleno dia;sábado;Tombamento;Dupla;0;1;-27,04418166;-52,63620615;Perigosa;Sul;1 Trimestre
594069;2024.0;n;4.0;2024-04-15;SP;116;285;ITAPECERICA DA SERRA;Acessar a via sem observar a presença dos outros veículos;Com Vítimas Fatais;2;Chuva;Plena Noite;segunda-feira;Atropelamento de Pedestre;Dupla;1;0;-23.70407794;-46.87249709;Perigosa;Sudeste;2 Trimestre
668093;2025.0;n;3.0;2025-03-18;RJ;101;319;NITEROI;Demais falhas mecânicas ou elétricas;Sem Vítimas;1;Céu Claro;Pleno dia;terça-feira;Incêndio;Dupla;0;0;-22,86145071;-43,10720265;Segura;Sudeste;1 Trimestre
577445;2024.0;n;1.0;2024-01-27;PA;230;647;ALTAMIRA;Avarias e/ou desgaste excessivo no pneu;Com Vítimas Fatais;2;Chuva;Pleno dia;sábado;Colisão frontal;Simples;1;6;-3.22366;-52.27107;Perigosa;Norte;1 Trimestre
601863;2024.0;n;5.0;2024-05-20;GO;158;200;CAIAPONIA;Ausência de reação do condutor;Sem Vítimas;3;Céu Claro;Pleno dia;segunda-feira;Colisão traseira;Simples;0;0;-17.313392;-51.877795;Segura;Centro-Oeste;2 Trimestre
623937;2024.0;n;8.0;2024-08-27;AL;101;187,7;JUNQUEIRO;Velocidade Incompatível;Com Vítimas Feridas;2;Céu Claro;Pleno dia;terça-feira;Tombamento;Dupla;0;0;-9.90106897;-36.46390303;Segura;Nordeste;3 Trimestre
588225;2024.0;n;3.0;2024-03-18;SP;158;7;PAULICEIA;Retorno proibido;Com Vítimas Feridas;2;Nublado;Anoitecer;segunda-feira;Colisão transversal;Simples;0;1;-21.308463;-51.820673;Perigosa;Sudeste;1 Trimestre
573990;2024.0;n;1.0;2024-01-11;BA;116;637;JAGUAQUARA;Ultrapassagem Indevida;Com Vítimas Feridas;3;Céu Claro;Pleno dia;quinta-feira;Tombamento;Simples;0;0;-13.50672946;-40.05364095;Segura;Nordeste;1 Trimestre
595307;2024.0;n;4.0;2024-04-20;SP;116;281;EMBU DAS ARTES;Velocidade Incompatível;Com Vítimas Feridas;5;Nublado;Plena Noite;sábado;Colisão traseira;Dupla;0;0;-23.67784787;-46.85769227;Segura;Sudeste;2 Trimestre
579432;2024.0;n;2.0;2024-02-06;RS;285;314;PASSO FUNDO;Demais falhas mecânicas ou elétricas;Com Vítimas Feridas;1;Céu Claro;Pleno dia;terça-feira;Saída de leito carroçável;Simples;0;0;-28.245794;-52.572262;Segura;Sul;1 Trimestre
666836;2025.0;n;3.0;2025-03-12;SE;101;17,9;SAO FRANCISCO;Acessar a via sem observar a presença dos outros veículos;Com Vítimas Feridas;2;Céu Claro;Plena Noite;quarta-feira;Colisão traseira;Dupla;0;0;-10,345336;-36,897389;Segura;Nordeste;1 Trimestre
616030;2024.0;n;7.0;2024-07-21;SC;153;80,9;IRANI;Reação tardia ou ineficiente do condutor;Com Vítimas Feridas;2;Céu Claro;Pleno dia;domingo;Tombamento;Simples;0;0;-27.12073493;-51.92890763;Segura;Sul;3 Trimestre
652494;2025.0;y;1.0;2025-01-01;MG;50;180;UBERABA;Reação tardia ou ineficiente do condutor;Com Vítimas Feridas;1;Céu Claro;Amanhecer;quarta-feira;Capotamento;Simples;0;0;-19,77848216;-47,92194709;Segura;Sudeste;1 Trimestre
672136;2025.0;n;4.0;2025-04-07;MT;70;160;GENERAL CARNEIRO;Ausência de reação do condutor;Com Vítimas Feridas;2;Céu Claro;Amanhecer;segunda-feira;Tombamento;Simples;0;0;-15,74302336;-53,78494263;Segura;Centro-Oeste;2 Trimestre
614243;2024.0;n;7.0;2024-07-13;MG;40;611;CONGONHAS;Pedestre andava na pista;Com Vítimas Feridas;3;Céu Claro;Plena Noite;sábado;Atropelamento de Pedestre;Simples;0;1;-20.51043545;-43.84039195;Perigosa;Sudeste;3 Trimestre
623970;2024.0;n;8.0;2024-08-26;SC;101;216,2;PALHOCA;Acessar a via sem observar a presença dos outros veículos;Com Vítimas Feridas;2;Céu Claro;Plena Noite;segunda-feira;Colisão transversal;Dupla;0;1;-27.65184843;-48.67604941;Perigosa;Sul;3 Trimestre
608998;2024.0;n;6.0;2024-06-21;MG;40;630,2;CONSELHEIRO LAFAIETE;Conversão proibida;Sem Vítimas;2;Céu Claro;Pleno dia;sexta-feira;Colisão transversal;Simples;0;0;-20.663351;-43.803115;Segura;Sudeste;2 Trimestre
652823;2025.0;n;1.0;2025-01-02;MG;40;635,2;CONSELHEIRO LAFAIETE;Retorno proibido;Com Vítimas Feridas;2;Céu Claro;Pleno dia;quinta-feira;Colisão transversal;Simples;0;0;-20,70388922;-43,7927556;Segura;Sudeste;1 Trimestre
653704;2025.0;n;1.0;2025-01-04;PR;476;80;BOCAIUVA DO SUL;Demais falhas mecânicas ou elétricas;Sem Vítimas;1;Nublado;Plena Noite;sábado;Incêndio;Simples;0;0;-25,122978;-49,099415;Segura;Sul;1 Trimestre
653827;2025.0;n;1.0;2025-01-08;DF;70;6,5;BRASILIA;Ausência de reação do condutor;Com Vítimas Feridas;3;Nublado;Pleno dia;quarta-feira;Colisão traseira;Múltipla;0;1;-15,791242;-48,105759;Perigosa;Centro-Oeste;1 Trimestre
614059;2024.0;n;7.0;2024-07-13;BA;101;19;RIO REAL;Iluminação deficiente;Com Vítimas Feridas;2;Garoa/Chuvisco;Plena Noite;sábado;Saída de leito carroçável;Dupla;0;1;-11.70104097;-37.90653104;Perigosa;Nordeste;3 Trimestre
655393;2025.0;n;1.0;2025-01-04;PR;163;19,5;BOM JESUS DO SUL;Ingestão de álcool pelo condutor;Com Vítimas Feridas;3;Céu Claro;Anoitecer;sábado;Colisão lateral mesmo sentido;Simples;0;0;-26,176423;-53,666655;Segura;Sul;1 Trimestre
668070;2025.0;n;3.0;2025-03-18;MS;163;662;RIO VERDE DE MATO GROSSO;Demais falhas mecânicas ou elétricas;Sem Vítimas;2;Céu Claro;Pleno dia;terça-feira;Incêndio;Simples;0;0;-19,18464351;-54,75165367;Segura;Centro-Oeste;1 Trimestre
577174;2024.0;n;1.0;2024-01-26;BA;116;750;POCOES;Acessar a via sem observar a presença dos outros veículos;Com Vítimas Feridas;2;Céu Claro;Pleno dia;sexta-feira;Colisão transversal;Simples;0;0;-14.42946301;-40.35310914;Segura;Nordeste;1 Trimestre
604866;2024.0;n;6.0;2024-06-03;RS;293;136,2;CANDIOTA;Mal súbito do condutor;Com Vítimas Feridas;5;Nublado;Plena Noite;segunda-feira;Colisão com objeto;Simples;0;1;-31.47443826;-53.64695212;Perigosa;Sul;2 Trimestre
577371;2024.0;n;1.0;2024-01-27;MT;163;1035;MATUPA;Ausência de reação do condutor;Com Vítimas Feridas;4;Nublado;Pleno dia;sábado;Colisão lateral sentido oposto;Simples;0;1;-10.209672;-54.96302;Perigosa;Centro-Oeste;1 Trimestre
652736;2025.0;n;1.0;2025-01-02;MT;163;826;SINOP;Chuva;Com Vítimas Feridas;1;Chuva;Pleno dia;quinta-feira;Colisão com objeto;Simples;0;0;-11,9396379;-55,51573103;Segura;Centro-Oeste;1 Trimestre
620024;2024.0;n;8.0;2024-08-09;ES;101;296,3;CARIACICA;Reação tardia ou ineficiente do condutor;Sem Vítimas;2;Céu Claro;Pleno dia;sexta-feira;Colisão traseira;Dupla;0;0;-20.34325884;-40.40453911;Segura;Sudeste;3 Trimestre
659810;2025.0;n;2.0;2025-02-07;SC;280;68,3;JARAGUA DO SUL;Trafegar com motocicleta (ou similar) entre as faixas;Com Vítimas Feridas;2;Nublado;Pleno dia;sexta-feira;Colisão transversal;Simples;0;1;-26,47277719;-49,11098612;Perigosa;Sul;1 Trimestre
629833;2024.0;n;9.0;2024-09-22;PR;116;10;CAMPINA GRANDE DO SUL;Velocidade Incompatível;Com Vítimas Feridas;1;Sol;Pleno dia;domingo;Colisão com objeto;Dupla;0;0;-25.08357197;-48.64281407;Segura;Sul;3 Trimestre
664060;2025.0;n;2.0;2025-02-27;SC;282;446;PONTE SERRADA;Frear bruscamente;Com Vítimas Feridas;3;Chuva;Pleno dia;quinta-feira;Colisão frontal;Simples;0;1;-26,91237906;-51,90508962;Perigosa;Sul;1 Trimestre
671309;2025.0;n;4.0;2025-04-03;PA;230;567;VITORIA DO XINGU;Objeto estático sobre o leito carroçável;Com Vítimas Feridas;3;Chuva;Pleno dia;quinta-feira;Colisão com objeto;Simples;0;1;-3,12948;-51,72838;Perigosa;Norte;2 Trimestre
602025;2024.0;n;2.0;2024-02-10;SC;158;110,7;CUNHA PORA;Acessar a via sem observar a presença dos outros veículos;Com Vítimas Feridas;3;Céu Claro;Plena Noite;sábado;Colisão transversal;Simples;0;2;-26.893902;-53.188772;Perigosa;Sul;1 Trimestre
653159;2025.0;n;1.0;2025-01-04;SC;470;62,1;INDAIAL;Transitar na contramão;Com Vítimas Feridas;4;Céu Claro;Pleno dia;sábado;Tombamento;Simples;0;1;-26,874521;-49,182938;Perigosa;Sul;1 Trimestre
609911;2024.0;n;6.0;2024-06-25;BA;324;549,1;AMELIA RODRIGUES;Demais falhas mecânicas ou elétricas;Sem Vítimas;7;Nublado;Pleno dia;terça-feira;Colisão traseira;Dupla;0;0;-12.43255269;-38.7319107;Segura;Nordeste;2 Trimestre
669771;2025.0;n;1.0;2025-01-05;ES;259;59,1;COLATINA;Condutor desrespeitou a iluminação vermelha do semáforo;Com Vítimas Feridas;3;Céu Claro;Pleno dia;domingo;Colisão transversal;Simples;0;2;-19,52125411;-40,66594194;Perigosa;Sudeste;1 Trimestre
671650;2025.0;n;4.0;2025-04-04;MA;222;525,9;BURITICUPU;Ingestão de álcool pelo condutor;Com Vítimas Feridas;2;Céu Claro;Plena Noite;sexta-feira;Colisão frontal;Simples;0;0;-4,319428;-46,447752;Segura;Nordeste;2 Trimestre
665335;2025.0;n;2.0;2025-02-10;RO;364;381;OURO PRETO DO OESTE;Transitar na contramão;Com Vítimas Fatais;2;Céu Claro;Plena Noite;segunda-feira;Colisão frontal;Simples;1;0;-10,7277;-62,230684;Perigosa;Norte;1 Trimestre
619589;2024.0;n;8.0;2024-08-07;SC;282;378;HERVAL DOESTE;Reação tardia ou ineficiente do condutor;Sem Vítimas;1;Céu Claro;Plena Noite;quarta-feira;Colisão com objeto;Simples;0;0;-27.214546;-51.47958;Segura;Sul;3 Trimestre
613318;2024.0;n;7.0;2024-07-06;RS;386;432;NOVA SANTA RITA;Demais falhas mecânicas ou elétricas;Com Vítimas Feridas;3;Céu Claro;Amanhecer;sábado;Colisão transversal;Simples;0;0;-29.837873;-51.304909;Segura;Sul;3 Trimestre
629831;2024.0;n;9.0;2024-09-22;BA;101;62;ENTRE RIOS;Ultrapassagem Indevida;Com Vítimas Feridas;2;Céu Claro;Pleno dia;domingo;Colisão lateral mesmo sentido;Simples;0;0;-11.9676968;-38.11726499;Segura;Nordeste;3 Trimestre
611804;2024.0;n;7.0;2024-07-03;PR;153;45,7;SANTO ANTONIO DA PLATINA;Ultrapassagem Indevida;Com Vítimas Feridas;2;Céu Claro;Plena Noite;quarta-feira;Colisão lateral sentido oposto;Simples;0;0;-23.32062187;-50.06804466;Segura;Sul;3 Trimestre
609416;2024.0;n;6.0;2024-06-22;GO;153;400,9;PIRENOPOLIS;Ingestão de álcool pelo condutor;Com Vítimas Feridas;2;Céu Claro;Plena Noite;sábado;Colisão frontal;Simples;0;0;-16.029528;-49.093914;Segura;Centro-Oeste;2 Trimestre
653414;2025.0;n;1.0;2025-01-05;RJ;116;181;NOVA IGUACU;Ingestão de álcool pelo condutor;Sem Vítimas;1;Garoa/Chuvisco;Plena Noite;domingo;Colisão com objeto;Múltipla;0;0;-22,761312;-43,423492;Segura;Sudeste;1 Trimestre
628914;2024.0;n;9.0;2024-09-18;DF;60;30,8;BRASILIA;Ausência de reação do condutor;Com Vítimas Feridas;2;Céu Claro;Pleno dia;quarta-feira;Colisão traseira;Dupla;0;0;-16.03854;-48.255955;Segura;Centro-Oeste;3 Trimestre
667851;2025.0;n;3.0;2025-03-17;RJ;101;386;ITAGUAI;Animais na Pista;Com Vítimas Feridas;3;Nublado;Pleno dia;segunda-feira;Colisão traseira;Dupla;0;0;-22,85890057;-43,75937633;Segura;Sudeste;1 Trimestre
627957;2024.0;n;9.0;2024-09-14;SP;116;216;GUARULHOS;Reação tardia ou ineficiente do condutor;Com Vítimas Feridas;3;Céu Claro;Pleno dia;sábado;Colisão traseira;Múltipla;0;0;-23.45056589;-46.46258105;Segura;Sudeste;3 Trimestre
604524;2024.0;n;6.0;2024-06-01;SC;101;446;SANTA ROSA DO SUL;Falta de acostamento;Com Vítimas Feridas;2;Céu Claro;Plena Noite;sábado;Atropelamento de Pedestre;Múltipla;0;0;-29.1453211;-49.72212553;Segura;Sul;2 Trimestre
588623;2024.0;n;3.0;2024-03-20;SC;101;115;ITAJAI;Trafegar com motocicleta (ou similar) entre as faixas;Com Vítimas Feridas;4;Nublado;Pleno dia;quarta-feira;Colisão lateral mesmo sentido;Múltipla;0;0;-26.87064015;-48.72954134;Segura;Sul;1 Trimestre
611054;2024.0;n;6.0;2024-06-30;PI;316;103;BARRO DURO;Reação tardia ou ineficiente do condutor;Com Vítimas Feridas;3;Céu Claro;Pleno dia;domingo;Colisão traseira;Simples;0;1;-5.84411229;-42.46321326;Perigosa;Nordeste;2 Trimestre
618449;2024.0;n;8.0;2024-08-02;SP;116;161,8;JACAREI;Condutor deixou de manter distância do veículo da frente;Com Vítimas Feridas;5;Céu Claro;Pleno dia;sexta-feira;Engavetamento;Dupla;0;0;-23.27617003;-45.97592098;Segura;Sudeste;3 Trimestre
609710;2024.0;n;6.0;2024-06-24;RO;364;660;CANDEIAS DO JAMARI;Conversão proibida;Com Vítimas Feridas;2;Céu Claro;Pleno dia;segunda-feira;Colisão lateral mesmo sentido;Simples;0;1;-8.83202303;-63.45031807;Perigosa;Norte;2 Trimestre
607005;2024.0;n;6.0;2024-06-12;BA;101;253;CONCEICAO DO ALMEIDA;Reação tardia ou ineficiente do condutor;Com Vítimas Feridas;3;Nublado;Pleno dia;quarta-feira;Engavetamento;Simples;0;0;-12.911917;-39.241619;Segura;Nordeste;2 Trimestre
665745;2025.0;n;3.0;2025-03-07;MG;40;354,8;FELIXLANDIA;Transitar na contramão;Com Vítimas Feridas;2;Sol;Pleno dia;sexta-feira;Eventos atípicos;Simples;0;1;-18,730005;-44,891875;Perigosa;Sudeste;1 Trimestre
604154;2024.0;n;5.0;2024-05-31;PR;277;665,1;MEDIANEIRA;Velocidade Incompatível;Com Vítimas Feridas;2;Céu Claro;Plena Noite;sexta-feira;Colisão traseira;Dupla;0;0;-25.256637;-54.038579;Segura;Sul;2 Trimestre
616139;2024.0;n;7.0;2024-07-22;RJ;40;34;TRES RIOS;Velocidade Incompatível;Com Vítimas Feridas;2;Céu Claro;Pleno dia;segunda-feira;Tombamento;Dupla;0;1;-22.20601493;-43.14096093;Perigosa;Sudeste;3 Trimestre
659454;2025.0;n;2.0;2025-02-05;AL;101;181;JUNQUEIRO;Velocidade Incompatível;Com Vítimas Feridas;2;Chuva;Pleno dia;quarta-feira;Colisão com objeto;Dupla;0;0;-9,89535548;-36,41225988;Segura;Nordeste;1 Trimestre
606278;2024.0;n;6.0;2024-06-09;MG;381;863,9;POUSO ALEGRE;Reação tardia ou ineficiente do condutor;Com Vítimas Fatais;2;Céu Claro;Pleno dia;domingo;Colisão com objeto;Dupla;1;0;-22.34708675;-45.92646295;Perigosa;Sudeste;2 Trimestre
617053;2024.0;n;7.0;2024-07-26;PR;116;111;CURITIBA;Demais falhas mecânicas ou elétricas;Sem Vítimas;2;Céu Claro;Pleno dia;sexta-feira;Incêndio;Dupla;0;0;-25.556628;-49.270748;Segura;Sul;3 Trimestre
587683;2024.0;n;3.0;2024-03-16;PE;101;162,5;GAMELEIRA;Condutor Dormindo;Com Vítimas Feridas;3;Céu Claro;Pleno dia;sábado;Colisão traseira;Dupla;0;1;-8.550736;-35.44117;Perigosa;Nordeste;1 Trimestre
687197;2025.0;n;4.0;2025-04-25;RS;290;92;PORTO ALEGRE;Reação tardia ou ineficiente do condutor;Com Vítimas Feridas;2;Céu Claro;Pleno dia;sexta-feira;Colisão traseira;Múltipla;0;0;-29,97068057;-51,1821022;Segura;Sul;2 Trimestre
659489;2025.0;n;2.0;2025-02-05;MA;316;266,6;SANTA INES;Ingestão de álcool pelo condutor;Sem Vítimas;2;Céu Claro;Plena Noite;quarta-feira;Colisão frontal;Simples;0;0;-3,681815;-45,347157;Segura;Nordeste;1 Trimestre
584487;2024.0;n;3.0;2024-03-02;SC;153;68,9;IRANI;Ultrapassagem Indevida;Com Vítimas Feridas;3;Céu Claro;Pleno dia;sábado;Colisão traseira;Simples;0;1;-27.033516;-51.879311;Perigosa;Sul;1 Trimestre
607804;2024.0;n;6.0;2024-06-16;RJ;101;180;RIO DAS OSTRAS;Condutor Dormindo;Sem Vítimas;1;Céu Claro;Plena Noite;domingo;Tombamento;Simples;0;0;-22.40868134;-41.99838761;Segura;Sudeste;2 Trimestre
627882;2024.0;n;9.0;2024-09-13;PR;376;329;ORTIGUEIRA;Condutor Dormindo;Com Vítimas Feridas;4;Céu Claro;Anoitecer;sexta-feira;Colisão com objeto;Dupla;0;0;-24.0830241;-51.05982964;Segura;Sul;3 Trimestre
592744;2024.0;n;4.0;2024-04-08;PE;232;328,5;CUSTODIA;Reação tardia ou ineficiente do condutor;Com Vítimas Feridas;3;Céu Claro;Plena Noite;segunda-feira;Colisão transversal;Simples;0;1;-8.09113514;-37.59520501;Perigosa;Nordeste;2 Trimestre
610483;2024.0;n;6.0;2024-06-27;PI;316;168;ELESBAO VELOSO;Ultrapassagem Indevida;Com Vítimas Feridas;3;Céu Claro;Plena Noite;quinta-feira;Capotamento;Simples;0;0;-6.22943692;-42.05798695;Segura;Nordeste;2 Trimestre
660202;2025.0;n;2.0;2025-02-09;BA;101;743;ITABELA;Ingestão de álcool pelo condutor;Com Vítimas Feridas;3;Chuva;Amanhecer;domingo;Colisão transversal;Dupla;0;0;-16,71289569;-39,45239586;Segura;Nordeste;1 Trimestre
619036;2024.0;n;8.0;2024-08-04;BA;116;815;VITORIA DA CONQUISTA;Reação tardia ou ineficiente do condutor;Com Vítimas Feridas;4;Céu Claro;Pleno dia;domingo;Colisão traseira;Simples;0;1;-14.77315332;-40.72201784;Perigosa;Nordeste;3 Trimestre
607245;2024.0;n;6.0;2024-06-13;TO;153;532;PUGMIL;Ausência de reação do condutor;Com Vítimas Feridas;4;Céu Claro;Plena Noite;quinta-feira;Colisão transversal;Simples;0;1;-10.49255916;-48.90572548;Perigosa;Norte;2 Trimestre
625880;2024.0;n;9.0;2024-09-05;PR;277;2;PARANAGUA;Retorno proibido;Com Vítimas Feridas;4;Garoa/Chuvisco;Pleno dia;quinta-feira;Colisão transversal;Simples;0;0;-25.53276081;-48.55081558;Segura;Sul;3 Trimestre
603545;2024.0;n;5.0;2024-05-28;MG;153;34,8;CANAPOLIS;Velocidade Incompatível;Com Vítimas Feridas;4;Céu Claro;Pleno dia;terça-feira;Tombamento;Múltipla;0;1;-18.71301452;-49.1343677;Perigosa;Sudeste;2 Trimestre
575768;2024.0;n;1.0;2024-01-19;SP;116;99;PINDAMONHANGABA;Condutor deixou de manter distância do veículo da frente;Com Vítimas Feridas;6;Céu Claro;Pleno dia;sexta-feira;Colisão traseira;Dupla;0;0;-22.98236971;-45.46436617;Segura;Sudeste;1 Trimestre
672487;2025.0;n;3.0;2025-03-24;SC;153;81,8;IRANI;Problema com o freio;Com Vítimas Feridas;3;Nublado;Pleno dia;segunda-feira;Colisão traseira;Simples;0;2;-27,11988806;-51,92783737;Perigosa;Sul;1 Trimestre
605995;2024.0;n;6.0;2024-06-08;RJ;101;297;ITABORAI;Acessar a via sem observar a presença dos outros veículos;Com Vítimas Feridas;2;Céu Claro;Pleno dia;sábado;Colisão transversal;Dupla;0;1;-22.76942037;-42.91873581;Perigosa;Sudeste;2 Trimestre
581341;2024.0;n;2.0;2024-02-15;MG;116;3,2;DIVISA ALEGRE;Conversão proibida;Com Vítimas Fatais;2;Céu Claro;Pleno dia;quinta-feira;Colisão lateral mesmo sentido;Simples;1;0;-15.72873841;-41.34327119;Perigosa;Sudeste;1 Trimestre
598890;2024.0;n;5.0;2024-05-07;PR;476;163;ARAUCARIA;Ultrapassagem Indevida;Com Vítimas Fatais;5;Céu Claro;Anoitecer;terça-feira;Colisão frontal;Simples;1;0;-25.6353816;-49.4638526;Perigosa;Sul;2 Trimestre
586187;2024.0;n;3.0;2024-03-09;MG;381;324;NOVA ERA;Mal súbito do condutor;Com Vítimas Feridas;4;Céu Claro;Plena Noite;sábado;Colisão frontal;Simples;0;0;-19.72538265;-43.00932884;Segura;Sudeste;1 Trimestre