id;ano;feriado;mes;data_inversa;uf;br;km;municipio;causa_acidente;classificacao_acidente;veiculos;condicao_metereologica;fase_dia;dia_semana;tipo_acidente;tipo_pista;mortos;feridos_graves;latitude;longitude;status;regiao;periodo
595795;2024.0;n;4.0;2024-04-22;CE;222;179,9;SOBRAL;Ultrapassagem Indevida;Com Vítimas Fatais;2;Céu Claro;Plena Noite;segunda-feira;Colisão frontal;Simples;1;0;-3.74803929;-40.0521183;Perigosa;Nordeste;2 Trimestre
673695;2025.0;n;4.0;2025-04-14;MG;381;751;TRES CORACOES;Ausência de reação do condutor;Com Vítimas Feridas;3;Céu Claro;Pleno dia;segunda-feira;Queda de ocupante de veículo;Dupla;0;1;-21,645131;-45,294265;Perigosa;Sudeste;2 Trimestre
584712;2024.0;n;3.0;2024-03-03;BA;242;440;SEABRA;Velocidade Incompatível;Com Vítimas Feridas;3;Céu Claro;Pleno dia;domingo;Tombamento;Simples;0;0;-12.414007;-41.978489;Segura;Nordeste;1 Trimestre
597395;2024.0;n;4.0;2024-04-23;PR;277;352,2;GUARAPUAVA;Problema com o freio;Sem Vítimas;1;Chuva;Plena Noite;terça-feira;Saída de leito carroçável;Simples;0;0;-25.40082;-51.54120505;Segura;Sul;2 Trimestre
627510;2024.0;n;9.0;2024-09-12;PR;376;242;APUCARANA;Velocidade Incompatível;Com Vítimas Feridas;2;Céu Claro;Amanhecer;quinta-feira;Tombamento;Dupla;0;0;-23.580474;-51.436;Segura;Sul;3 Trimestre
625887;2024.0;n;9.0;2024-09-04;AM;319;449;MANICORE;Demais falhas na via;Com Vítimas Feridas;2;Céu Claro;Anoitecer;quarta-feira;Tombamento;Simples;0;0;-5.94149328;-62.45196778;Segura;Norte;3 Trimestre
627173;2024.0;n;9.0;2024-09-10;MG;365;625;UBERLANDIA;Manobra de mudança de faixa;Com Vítimas Feridas;2;Sol;Pleno dia;terça-feira;Colisão lateral mesmo sentido;Dupla;0;0;-18.909417;-48.303115;Segura;Sudeste;3 Trimestre
605922;2024.0;n;6.0;2024-06-07;MG;267;251,7;SERITINGA;Velocidade Incompatível;Com Vítimas Fatais;4;Céu Claro;Plena Noite;sexta-feira;Colisão frontal;Simples;1;0;-21.93968682;-44.49100577;Perigosa;Sudeste;2 Trimestre
659309;2025.0;n;2.0;2025-02-04;PR;277;475;NOVA LARANJEIRAS;Pedestre cruzava a pista fora da faixa;Com Vítimas Feridas;5;Nublado;Anoitecer;terça-feira;Atropelamento de Pedestre;Simples;0;1;-25,29776255;-52,57113978;Perigosa;Sul;1 Trimestre
618903;2024.0;n;8.0;2024-08-03;PR;369;163;CAMBE;Ingestão de álcool pelo condutor;Com Vítimas Feridas;4;Céu Claro;Anoitecer;sábado;Colisão traseira;Dupla;0;0;-23.294838;-51.269821;Segura;Sul;3 Trimestre
597165;2024.0;n;4.0;2024-04-29;MG;381;847;POUSO ALEGRE;Reação tardia ou ineficiente do condutor;Com Vítimas Feridas;3;Céu Claro;Pleno dia;segunda-feira;Colisão traseira;Dupla;0;0;-22.21879991;-45.87153339;Segura;Sudeste;2 Trimestre
611229;2024.0;n;5.0;2024-05-03;MA;135;165,8;SAO MATEUS DO MARANHAO;Transitar na contramão;Com Vítimas Fatais;4;Céu Claro;Pleno dia;sexta-feira;Colisão lateral sentido oposto;Simples;1;1;-3.88828099;-44.48777698;Perigosa;Nordeste;2 Trimestre
590761;2024.0;n;3.0;2024-03-30;MG;40;638,6;CONSELHEIRO LAFAIETE;Chuva;Com Vítimas Fatais;4;Chuva;Pleno dia;sábado;Colisão frontal;Simples;1;0;-20.732895;-43.799758;Perigosa;Sudeste;1 Trimestre
583146;2024.0;n;2.0;2024-02-25;PR;373;402;CANDOI;Transitar na contramão;Com Vítimas Fatais;3;Céu Claro;Plena Noite;domingo;Colisão frontal;Simples;5;0;-25.58488801;-52.05896395;Perigosa;Sul;1 Trimestre
616161;2024.0;n;7.0;2024-07-22;GO;414;356;COCALZINHO DE GOIAS;Condutor Dormindo;Com Vítimas Feridas;4;Céu Claro;Pleno dia;segunda-feira;Colisão frontal;Simples;0;0;-15.67190394;-48.70151212;Segura;Centro-Oeste;3 Trimestre
662084;2025.0;n;2.0;2025-02-17;MG;40;611;CONGONHAS;Reação tardia ou ineficiente do condutor;Com Vítimas Feridas;1;Céu Claro;Plena Noite;segunda-feira;Colisão com objeto;Dupla;0;0;-20,51043545;-43,84039195;Segura;Sudeste;1 Trimestre
672134;2025.0;n;4.0;2025-04-03;SC;282;3;FLORIANOPOLIS;Acessar a via sem observar a presença dos outros veículos;Sem Vítimas;3;Nublado;Pleno dia;quinta-feira;Colisão lateral mesmo sentido;Múltipla;0;0;-27,59964;-48,600039;Segura;Sul;2 Trimestre
654038;2025.0;n;1.0;2025-01-09;MG;381;322;NOVA ERA;Chuva;Com Vítimas Feridas;3;Chuva;Pleno dia;quinta-feira;Saída de leito carroçável;Simples;0;1;-19,73629395;-43,01849326;Perigosa;Sudeste;1 Trimestre
601739;2024.0;n;5.0;2024-05-20;RS;293;13;CAPAO DO LEAO;Pista Escorregadia;Com Vítimas Feridas;2;Chuva;Amanhecer;segunda-feira;Colisão frontal;Simples;0;1;-31.7543548;-52.45089496;Perigosa;Sul;2 Trimestre
666540;2025.0;n;3.0;2025-03-11;BA;116;588;NOVA ITARANA;Ausência de reação do condutor;Com Vítimas Feridas;2;Céu Claro;Pleno dia;terça-feira;Tombamento;Simples;0;0;-13,15168667;-39,99959945;Segura;Nordeste;1 Trimestre
579705;2024.0;n;2.0;2024-02-07;GO;60;266,9;INDIARA;Velocidade Incompatível;Sem Vítimas;3;Céu Claro;Plena Noite;quarta-feira;Derramamento de carga;Dupla;0;0;-17.1988;-50.0863;Segura;Centro-Oeste;1 Trimestre
590833;2024.0;n;3.0;2024-03-30;PE;232;6,3;RECIFE;Reação tardia ou ineficiente do condutor;Sem Vítimas;2;Nublado;Plena Noite;sábado;Saída de leito carroçável;Dupla;0;0;-8.07079525;-34.9535389;Segura;Nordeste;1 Trimestre
685780;2025.0;y;4.0;2025-04-18;SP;116;293;ITAPECERICA DA SERRA;Acessar a via sem observar a presença dos outros veículos;Sem Vítimas;3;Céu Claro;Pleno dia;sexta-feira;Colisão lateral mesmo sentido;Dupla;0;0;-23,7002803;-46,8689625;Segura;Sudeste;2 Trimestre
593311;2024.0;n;4.0;2024-04-11;MG;262;29;REDUTO;Acessar a via sem observar a presença dos outros veículos;Com Vítimas Feridas;4;Céu Claro;Pleno dia;quinta-feira;Colisão transversal;Simples;0;0;-20.247223;-41.982025;Segura;Sudeste;2 Trimestre
670217;2025.0;n;3.0;2025-03-28;MT;70;273;PRIMAVERA DO LESTE;Ingestão de álcool pelo condutor;Sem Vítimas;5;Céu Claro;Plena Noite;sexta-feira;Tombamento;Simples;0;0;-15,54747754;-54,24895096;Segura;Centro-Oeste;1 Trimestre
591080;2024.0;n;3.0;2024-03-31;MT;364;57;ALTO GARCAS;Condutor deixou de manter distância do veículo da frente;Com Vítimas Feridas;3;Céu Claro;Plena Noite;domingo;Colisão traseira;Simples;0;1;-16.94441591;-53.53013084;Perigosa;Centro-Oeste;1 Trimestre
585000;2024.0;n;3.0;2024-03-04;ES;101;109,2;SOORETAMA;Condutor deixou de manter distância do veículo da frente;Com Vítimas Feridas;7;Céu Claro;Anoitecer;segunda-feira;Colisão traseira;Simples;0;0;-19.0539768;-40.0308224;Segura;Sudeste;1 Trimestre
612969;2024.0;n;7.0;2024-07-08;PB;101;85;BAYEUX;Pista esburacada;Com Vítimas Feridas;3;Céu Claro;Pleno dia;segunda-feira;Colisão lateral mesmo sentido;Dupla;0;1;-7.14538184;-34.91662887;Perigosa;Nordeste;3 Trimestre
596231;2024.0;n;3.0;2024-03-15;RJ;40;121;DUQUE DE CAXIAS;Condutor deixou de manter distância do veículo da frente;Com Vítimas Feridas;3;Céu Claro;Plena Noite;sexta-feira;Colisão traseira;Múltipla;0;0;-22.78185499;-43.28571273;Segura;Sudeste;1 Trimestre
578044;2024.0;n;1.0;2024-01-30;SE;235;31,9;AREIA BRANCA;Acessar a via sem observar a presença dos outros veículos;Com Vítimas Feridas;2;Nublado;Pleno dia;terça-feira;Colisão transversal;Simples;0;0;-10.769286;-37.299343;Segura;Nordeste;1 Trimestre
601292;2024.0;n;5.0;2024-05-18;SP;116;112;TAUBATE;Condutor deixou de manter distância do veículo da frente;Com Vítimas Feridas;2;Céu Claro;Pleno dia;sábado;Colisão traseira;Dupla;0;2;-23.04159343;-45.57065616;Perigosa;Sudeste;2 Trimestre
659451;2025.0;n;2.0;2025-02-05;RS;472;517;URUGUAIANA;Demais falhas mecânicas ou elétricas;Com Vítimas Feridas;3;Céu Claro;Plena Noite;quarta-feira;Colisão lateral sentido oposto;Simples;0;0;-29,44651;-56,684626;Segura;Sul;1 Trimestre
573634;2024.0;n;1.0;2024-01-09;MT;70;86,5;GENERAL CARNEIRO;Velocidade Incompatível;Com Vítimas Feridas;3;Céu Claro;Plena Noite;terça-feira;Saída de leito carroçável;Simples;0;1;-15.62175737;-52.85223412;Perigosa;Centro-Oeste;1 Trimestre
627419;2024.0;n;9.0;2024-09-11;PE;423;134;CARUARU;Condutor deixou de manter distância do veículo da frente;Com Vítimas Feridas;2;Garoa/Chuvisco;Plena Noite;quarta-feira;Colisão traseira;Dupla;0;0;-8.30849;-36.02384;Segura;Nordeste;3 Trimestre
590705;2024.0;y;3.0;2024-03-29;MA;222;624;ACAILANDIA;Ausência de reação do condutor;Com Vítimas Feridas;2;Chuva;Plena Noite;sexta-feira;Tombamento;Simples;0;0;-4.77611615;-47.09510243;Segura;Nordeste;1 Trimestre
685533;2025.0;n;4.0;2025-04-17;MT;70;519,2;VARZEA GRANDE;Acessar a via sem observar a presença dos outros veículos;Com Vítimas Feridas;2;Céu Claro;Pleno dia;quinta-feira;Queda de ocupante de veículo;Simples;0;0;-15,68645;-56,17097;Segura;Centro-Oeste;2 Trimestre
616909;2024.0;n;7.0;2024-07-26;PR;376;594,9;CURITIBA;Condutor deixou de manter distância do veículo da frente;Com Vítimas Feridas;3;Céu Claro;Plena Noite;sexta-feira;Colisão traseira;Dupla;0;0;-25.48479613;-49.34730331;Segura;Sul;3 Trimestre
596949;2024.0;n;3.0;2024-03-24;RJ;116;139;MAGE;Manobra de mudança de faixa;Com Vítimas Feridas;4;Garoa/Chuvisco;Plena Noite;domingo;Colisão traseira;Dupla;0;0;-22.64655224;-43.20138601;Segura;Sudeste;1 Trimestre
572707;2024.0;n;1.0;2024-01-05;PR;376;657,3;TIJUCAS DO SUL;Manobra de mudança de faixa;Com Vítimas Feridas;3;Sol;Pleno dia;sexta-feira;Colisão lateral mesmo sentido;Simples;0;0;-25.85304449;-49.02168274;Segura;Sul;1 Trimestre
608500;2024.0;n;6.0;2024-06-19;MG;50;34,8;ARAGUARI;Ausência de reação do condutor;Com Vítimas Feridas;4;Sol;Pleno dia;quarta-feira;Colisão traseira;Dupla;0;0;-18.650784;-48.13829;Segura;Sudeste;2 Trimestre
576100;2024.0;n;1.0;2024-01-20;RS;101;3,3;TORRES;Entrada inopinada do pedestre;Com Vítimas Fatais;4;Garoa/Chuvisco;Plena Noite;sábado;Atropelamento de Pedestre;Dupla;1;0;-29.32474865;-49.77922041;Perigosa;Sul;1 Trimestre
589196;2024.0;n;3.0;2024-03-23;MG;40;245,7;SAO GONCALO DO ABAETE;Demais falhas mecânicas ou elétricas;Com Vítimas Feridas;1;Chuva;Pleno dia;sábado;Capotamento;Simples;0;1;-18.0946169;-45.47580786;Perigosa;Sudeste;1 Trimestre
686880;2025.0;n;4.0;2025-04-23;GO;60;100;ANAPOLIS;Demais falhas na via;Com Vítimas Feridas;3;Chuva;Pleno dia;quarta-feira;Engavetamento;Dupla;0;0;-16,399428;-48,968996;Segura;Centro-Oeste;2 Trimestre
574825;2024.0;n;1.0;2024-01-15;MS;262;438,3;DOIS IRMAOS DO BURITI;Condutor Dormindo;Com Vítimas Feridas;2;Sol;Pleno dia;segunda-feira;Saída de leito carroçável;Simples;0;0;-20.50961962;-55.34679213;Segura;Centro-Oeste;1 Trimestre
652874;2025.0;n;1.0;2025-01-03;SP;116;68,7;APARECIDA;Demais falhas mecânicas ou elétricas;Com Vítimas Feridas;1;Nublado;Amanhecer;sexta-feira;Colisão com objeto;Simples;0;0;-22,83833819;-45,22340558;Segura;Sudeste;1 Trimestre
627403;2024.0;n;9.0;2024-09-11;PB;230;153;CAMPINA GRANDE;Reação tardia ou ineficiente do condutor;Sem Vítimas;3;Garoa/Chuvisco;Plena Noite;quarta-feira;Colisão lateral mesmo sentido;Dupla;0;0;-7.2763;-35.8887;Segura;Nordeste;3 Trimestre
619443;2024.0;n;8.0;2024-08-06;MT;364;207;RONDONOPOLIS;Trafegar com motocicleta (ou similar) entre as faixas;Com Vítimas Fatais;4;Sol;Pleno dia;terça-feira;Tombamento;Dupla;1;0;-16.44336036;-54.6722281;Perigosa;Centro-Oeste;3 Trimestre
613464;2024.0;n;7.0;2024-07-10;MG;381;721,5;CARMO DA CACHOEIRA;Velocidade Incompatível;Sem Vítimas;1;Céu Claro;Pleno dia;quarta-feira;Derramamento de carga;Dupla;0;0;-21.46901694;-45.20581183;Segura;Sudeste;3 Trimestre
604796;2024.0;n;6.0;2024-06-02;GO;364;197;JATAI;Pedestre andava na pista;Com Vítimas Fatais;3;Céu Claro;Plena Noite;domingo;Atropelamento de Pedestre;Dupla;1;0;-17.919825;-51.729782;Perigosa;Centro-Oeste;2 Trimestre
582342;2024.0;n;2.0;2024-02-21;PI;343;328,4;TERESINA;Acumulo de água sobre o pavimento;Com Vítimas Feridas;2;Chuva;Pleno dia;quarta-feira;Colisão lateral sentido oposto;Simples;0;1;-5.069324;-42.634327;Perigosa;Nordeste;1 Trimestre
586510;2024.0;n;3.0;2024-03-11;SC;280;38;ARAQUARI;Ingestão de álcool pelo condutor;Com Vítimas Feridas;4;Céu Claro;Pleno dia;segunda-feira;Colisão lateral sentido oposto;Simples;0;0;-26.44812855;-48.82794004;Segura;Sul;1 Trimestre
575052;2024.0;n;1.0;2024-01-16;PR;376;1;APUCARANA;Acessar a via sem observar a presença dos outros veículos;Com Vítimas Feridas;2;Céu Claro;Pleno dia;terça-feira;Colisão transversal;Dupla;0;1;-23.5513;-51.461266;Perigosa;Sul;1 Trimestre
672427;2025.0;n;4.0;2025-04-08;PR;277;12;PARANAGUA;Condutor deixou de manter distância do veículo da frente;Com Vítimas Feridas;7;Chuva;Plena Noite;terça-feira;Colisão transversal;Dupla;0;0;-25,5628598;-48,63850052;Segura;Sul;2 Trimestre
624187;2024.0;n;8.0;2024-08-26;PB;101;120;CAAPORA;Ausência de reação do condutor;Sem Vítimas;1;Céu Claro;Plena Noite;segunda-feira;Saída de leito carroçável;Dupla;0;0;-7.43522578;-34.9727831;Segura;Nordeste;3 Trimestre
611416;2024.0;n;6.0;2024-06-20;SE;235;21,4;LARANJEIRAS;Reação tardia ou ineficiente do condutor;Com Vítimas Feridas;2;Chuva;Plena Noite;quinta-feira;Colisão frontal;Simples;0;0;-10.827477;-37.227757;Segura;Nordeste;2 Trimestre
672897;2025.0;n;4.0;2025-04-11;MT;70;288;PRIMAVERA DO LESTE;Condutor deixou de manter distância do veículo da frente;Com Vítimas Feridas;4;Céu Claro;Pleno dia;sexta-feira;Colisão traseira;Simples;0;1;-15,577133;-54,37371969;Perigosa;Centro-Oeste;2 Trimestre
580723;2024.0;n;2.0;2024-02-12;PR;376;191;MARIALVA;Condutor deixou de manter distância do veículo da frente;Com Vítimas Feridas;2;Nublado;Pleno dia;segunda-feira;Colisão traseira;Múltipla;0;0;-23.47560277;-51.81167587;Segura;Sul;1 Trimestre
668526;2025.0;n;3.0;2025-03-20;SC;101;34;JOINVILLE;Manobra de mudança de faixa;Sem Vítimas;5;Céu Claro;Plena Noite;quinta-feira;Colisão lateral mesmo sentido;Dupla;0;0;-26,2628107;-48,90192257;Segura;Sul;1 Trimestre
661105;2025.0;n;2.0;2025-02-13;GO;414;403;ABADIANIA;Acessar a via sem observar a presença dos outros veículos;Sem Vítimas;2;Céu Claro;Pleno dia;quinta-feira;Colisão transversal;Simples;0;0;-15,99991995;-48,83982712;Segura;Centro-Oeste;1 Trimestre
608717;2024.0;n;6.0;2024-06-20;SP;116;289;ITAPECERICA DA SERRA;Ausência de reação do condutor;Com Vítimas Feridas;3;Céu Claro;Pleno dia;quinta-feira;Colisão traseira;Dupla;0;1;-23.72290969;-46.89096614;Perigosa;Sudeste;2 Trimestre
608424;2024.0;n;6.0;2024-06-18;GO;20;175,8;ALVORADA DO NORTE;Reação tardia ou ineficiente do condutor;Com Vítimas Feridas;4;Céu Claro;Plena Noite;terça-feira;Colisão lateral mesmo sentido;Dupla;0;0;-14.463847;-46.480179;Segura;Centro-Oeste;2 Trimestre
685939;2025.0;n;4.0;2025-04-19;GO;20;185,6;SIMOLANDIA;Velocidade Incompatível;Sem Vítimas;2;Céu Claro;Pleno dia;sábado;Saída de leito carroçável;Dupla;0;0;-14,4513655;-46,4691771;Segura;Centro-Oeste;2 Trimestre
629143;2024.0;n;9.0;2024-09-19;SC;282;519,9;XAXIM;Condutor deixou de manter distância do veículo da frente;Com Vítimas Feridas;2;Garoa/Chuvisco;Pleno dia;quinta-feira;Colisão traseira;Simples;0;0;-26.95099403;-52.52408981;Segura;Sul;3 Trimestre
613768;2024.0;n;7.0;2024-07-11;PE;101;186;PALMARES;Acessar a via sem observar a presença dos outros veículos;Sem Vítimas;3;Nublado;Anoitecer;quinta-feira;Colisão lateral mesmo sentido;Dupla;0;0;-8.68263674;-35.57938824;Segura;Nordeste;3 Trimestre
627211;2024.0;n;9.0;2024-09-10;PR;277;105,5;CAMPO LARGO;Carga excessiva e/ou mal acondicionada;Com Vítimas Feridas;7;Céu Claro;Plena Noite;terça-feira;Colisão traseira;Dupla;0;0;-25.434;-49.416;Segura;Sul;3 Trimestre
621575;2024.0;n;8.0;2024-08-16;MS;267;291;RIO BRILHANTE;Transitar na contramão;Com Vítimas Fatais;4;Céu Claro;Pleno dia;sexta-feira;Colisão frontal;Simples;1;1;-21.7801622;-54.53366955;Perigosa;Centro-Oeste;3 Trimestre
585041;2024.0;n;3.0;2024-03-04;TO;153;399,6;RIO DOS BOIS;Ultrapassagem Indevida;Com Vítimas Feridas;3;Nublado;Plena Noite;segunda-feira;Colisão lateral mesmo sentido;Simples;0;0;-9.40244997;-48.56660843;Segura;Norte;1 Trimestre
657290;2025.0;n;1.0;2025-01-25;SC;163;115,2;DIONISIO CERQUEIRA;Condutor Dormindo;Com Vítimas Feridas;2;Céu Claro;Pleno dia;sábado;Saída de leito carroçável;Simples;0;2;-26,366385;-53,533985;Perigosa;Sul;1 Trimestre
625556;2024.0;n;9.0;2024-09-03;PB;101;79;SANTA RITA;Problema com o freio;Sem Vítimas;2;Céu Claro;Plena Noite;terça-feira;Saída de leito carroçável;Dupla;0;0;-7.1147526;-34.95793891;Segura;Nordeste;3 Trimestre
666324;2025.0;n;3.0;2025-03-10;PR;476;149;ARAUCARIA;Condutor deixou de manter distância do veículo da frente;Sem Vítimas;4;Céu Claro;Pleno dia;segunda-feira;Colisão traseira;Dupla;0;0;-25,5579357;-49,35887748;Segura;Sul;1 Trimestre
673521;2025.0;n;4.0;2025-04-13;RJ;116;179;NOVA IGUACU;Ingestão de álcool pelo condutor;Com Vítimas Feridas;2;Nublado;Plena Noite;domingo;Colisão traseira;Dupla;0;0;-22,75971981;-43,4262085;Segura;Sudeste;2 Trimestre
591421;2024.0;n;4.0;2024-04-02;SP;116;322;JUQUITIBA;Manobra de mudança de faixa;Com Vítimas Feridas;3;Céu Claro;Pleno dia;terça-feira;Colisão lateral mesmo sentido;Dupla;0;0;-23.935106;-47.026682;Segura;Sudeste;2 Trimestre
606493;2024.0;n;6.0;2024-06-10;SC;282;535,1;CHAPECO;Desrespeitar a preferência no cruzamento;Com Vítimas Feridas;2;Céu Claro;Pleno dia;segunda-feira;Colisão transversal;Dupla;0;0;-26.99973884;-52.64651656;Segura;Sul;2 Trimestre
663452;2025.0;n;2.0;2025-02-24;MG;153;135;PRATA;Velocidade Incompatível;Com Vítimas Feridas;2;Chuva;Pleno dia;segunda-feira;Saída de leito carroçável;Simples;0;0;-19,49313322;-48,85654449;Segura;Sudeste;1 Trimestre
662582;2025.0;n;2.0;2025-02-20;RJ;465;5;SEROPEDICA;Velocidade Incompatível;Com Vítimas Feridas;2;Céu Claro;Pleno dia;quinta-feira;Colisão traseira;Simples;0;0;-22,747673;-43,699196;Segura;Sudeste;1 Trimestre
586695;2024.0;n;3.0;2024-03-12;MG;381;329;NOVA ERA;Mal súbito do condutor;Com Vítimas Fatais;1;Nublado;Amanhecer;terça-feira;Saída de leito carroçável;Dupla;1;0;-19.78359101;-43.0443485;Perigosa;Sudeste;1 Trimestre
653191;2025.0;n;1.0;2025-01-04;RN;110;51,6;MOSSORO;Acessar a via sem observar a presença dos outros veículos;Com Vítimas Feridas;2;Céu Claro;Plena Noite;sábado;Colisão transversal;Simples;0;0;-5,22684393;-37,33197037;Segura;Nordeste;1 Trimestre
657158;2025.0;n;1.0;2025-01-25;BA;407;126;SENHOR DO BONFIM;Demais falhas mecânicas ou elétricas;Com Vítimas Feridas;2;Nublado;Amanhecer;sábado;Tombamento;Simples;0;0;-10,4558193;-40,18119143;Segura;Nordeste;1 Trimestre
658335;2025.0;n;1.0;2025-01-31;MG;365;599;UBERLANDIA;Reação tardia ou ineficiente do condutor;Com Vítimas Feridas;2;Céu Claro;Pleno dia;sexta-feira;Saída de leito carroçável;Simples;0;0;-18,88997892;-48,12177605;Segura;Sudeste;1 Trimestre
606561;2024.0;n;6.0;2024-06-10;PR;277;237,8;IRATI;Acessar a via sem observar a presença dos outros veículos;Sem Vítimas;4;Céu Claro;Pleno dia;segunda-feira;Colisão transversal;Simples;0;0;-25.45813261;-50.60709894;Segura;Sul;2 Trimestre
620094;2024.0;n;8.0;2024-08-09;RS;290;91;PORTO ALEGRE;Manobra de mudança de faixa;Com Vítimas Feridas;3;Céu Claro;Pleno dia;sexta-feira;Colisão lateral mesmo sentido;Múltipla;0;0;-29.969055;-51.167439;Segura;Sul;3 Trimestre
605394;2024.0;n;6.0;2024-06-05;CE;222;310,6;TIANGUA;Problema com o freio;Sem Vítimas;2;Céu Claro;Plena Noite;quarta-feira;Colisão traseira;Múltipla;0;0;-3.711973;-40.984356;Segura;Nordeste;2 Trimestre
584434;2024.0;n;3.0;2024-03-02;MG;459;69,8;SENADOR JOSE BENTO;Velocidade Incompatível;Com Vítimas Feridas;3;Céu Claro;Pleno dia;sábado;Tombamento;Simples;0;0;-22.13273232;-46.17705172;Segura;Sudeste;1 Trimestre
590362;2024.0;n;3.0;2024-03-28;BA;116;846;VITORIA DA CONQUISTA;Ultrapassagem Indevida;Com Vítimas Feridas;3;Garoa/Chuvisco;Plena Noite;quinta-feira;Colisão lateral sentido oposto;Simples;0;0;-15.025822;-40.954498;Segura;Nordeste;1 Trimestre
619798;2024.0;n;8.0;2024-08-08;PR;277;112;CAMPO LARGO;Velocidade Incompatível;Com Vítimas Feridas;3;Céu Claro;Plena Noite;quinta-feira;Saída de leito carroçável;Dupla;0;0;-25.43257515;-49.36978297;Segura;Sul;3 Trimestre
671002;2025.0;n;4.0;2025-04-01;MG;365;636,7;UBERLANDIA;Condutor Dormindo;Com Vítimas Fatais;4;Céu Claro;Plena Noite;terça-feira;Colisão traseira;Dupla;1;0;-18,891033;-48,427678;Perigosa;Sudeste;2 Trimestre
577992;2024.0;n;1.0;2024-01-30;CE;222;312;TIANGUA;Entrada inopinada do pedestre;Com Vítimas Fatais;2;Céu Claro;Pleno dia;terça-feira;Atropelamento de Pedestre;Simples;1;0;-3.71699311;-40.9914242;Perigosa;Nordeste;1 Trimestre
607688;2024.0;n;6.0;2024-06-15;SC;101;87,4;BARRA VELHA;Reação tardia ou ineficiente do condutor;Com Vítimas Feridas;2;Céu Claro;Pleno dia;sábado;Colisão lateral mesmo sentido;Dupla;0;1;-26.63529888;-48.69881988;Perigosa;Sul;2 Trimestre
653952;2025.0;n;1.0;2025-01-09;SP;116;339;MIRACATU;Condutor Dormindo;Sem Vítimas;2;Garoa/Chuvisco;Plena Noite;quinta-feira;Tombamento;Dupla;0;0;-23,9983939;-47,14927316;Segura;Sudeste;1 Trimestre
595723;2024.0;n;4.0;2024-04-22;MG;262;405,5;PARA DE MINAS;Demais falhas mecânicas ou elétricas;Com Vítimas Feridas;1;Céu Claro;Pleno dia;segunda-feira;Tombamento;Dupla;0;0;-19.88921326;-44.58977508;Segura;Sudeste;2 Trimestre
583864;2024.0;n;2.0;2024-02-28;PA;230;1099;ITAITUBA;Avarias e/ou desgaste excessivo no pneu;Com Vítimas Feridas;1;Nublado;Pleno dia;quarta-feira;Saída de leito carroçável;Simples;0;1;-4.355028;-55.801571;Perigosa;Norte;1 Trimestre
613358;2024.0;n;7.0;2024-07-09;SC;101;205;SAO JOSE;Acessar a via sem observar a presença dos outros veículos;Com Vítimas Feridas;2;Chuva;Plena Noite;terça-feira;Colisão lateral mesmo sentido;Dupla;0;1;-27.58313237;-48.61532885;Perigosa;Sul;3 Trimestre
616147;2024.0;n;7.0;2024-07-22;MG;40;588,4;ITABIRITO;Restrição de visibilidade em curvas horizontais;Com Vítimas Feridas;2;Céu Claro;Pleno dia;segunda-feira;Saída de leito carroçável;Simples;0;0;-20.35149094;-43.91313094;Segura;Sudeste;3 Trimestre
654597;2025.0;n;1.0;2025-01-12;MG;116;414;GOVERNADOR VALADARES;Acessar a via sem observar a presença dos outros veículos;Com Vítimas Feridas;4;Chuva;Amanhecer;domingo;Colisão lateral mesmo sentido;Simples;0;2;-18,88392452;-41,94962377;Perigosa;Sudeste;1 Trimestre
670168;2025.0;n;3.0;2025-03-28;RJ;493;50;DUQUE DE CAXIAS;Acessar a via sem observar a presença dos outros veículos;Sem Vítimas;4;Nublado;Plena Noite;sexta-feira;Engavetamento;Dupla;0;0;-22,6677045;-43,3009396;Segura;Sudeste;1 Trimestre
621294;2024.0;n;8.0;2024-08-15;BA;101;895;IBIRAPUA;Ausência de reação do condutor;Com Vítimas Feridas;1;Céu Claro;Amanhecer;quinta-feira;Saída de leito carroçável;Simples;0;0;-17.80731692;-39.78310431;Segura;Nordeste;3 Trimestre
653509;2025.0;n;1.0;2025-01-06;RO;364;114,6;PIMENTA BUENO;Ausência de reação do condutor;Com Vítimas Feridas;3;Céu Claro;Pleno dia;segunda-feira;Colisão lateral sentido oposto;Simples;0;0;-12,17450404;-60,71161829;Segura;Norte;1 Trimestre
615034;2024.0;n;7.0;2024-07-17;PE;428;99,4;SANTA MARIA DA BOA VISTA;Demais falhas mecânicas ou elétricas;Sem Vítimas;2;Céu Claro;Pleno dia;quarta-feira;Incêndio;Simples;0;0;-8.832965;-39.950046;Segura;Nordeste;3 Trimestre
653617;2025.0;n;1.0;2025-01-07;SC;470;56;BLUMENAU;Demais falhas mecânicas ou elétricas;Sem Vítimas;1;Céu Claro;Pleno dia;terça-feira;Incêndio;Múltipla;0;0;-26,87674;-49,127743;Segura;Sul;1 Trimestre
625617;2024.0;n;9.0;2024-09-03;SC;282;390,5;JOACABA;Condutor deixou de manter distância do veículo da frente;Sem Vítimas;5;Céu Claro;Plena Noite;terça-feira;Colisão traseira;Simples;0;0;-27.175066;-51.550556;Segura;Sul;3 Trimestre
597118;2024.0;n;4.0;2024-04-29;MG;40;410,5;CURVELO;Ausência de reação do condutor;Com Vítimas Feridas;2;Céu Claro;Plena Noite;segunda-feira;Colisão traseira;Simples;0;0;-19.11802491;-44.64670494;Segura;Sudeste;2 Trimestre