id;ano;feriado;mes;data_inversa;uf;br;km;municipio;causa_acidente;classificacao_acidente;veiculos;condicao_metereologica;fase_dia;dia_semana;tipo_acidente;tipo_pista;mortos;feridos_graves;latitude;longitude;status;regiao;periodo
657740;2025.0;n;1.0;2025-01-27;MG;262;360;BETIM;Condutor deixou de manter distância do veículo da frente;Sem Vítimas;2;Nublado;Pleno dia;segunda-feira;Colisão traseira;Dupla;0;0;-19,9830204;-44,20924834;Segura;Sudeste;1 Trimestre
574902;2024.0;n;1.0;2024-01-15;BA;324;612,5;SALVADOR;Frear bruscamente;Com Vítimas Feridas;1;Nublado;Pleno dia;segunda-feira;Tombamento;Múltipla;0;0;-12.84664721;-38.41741648;Segura;Nordeste;1 Trimestre
622990;2024.0;n;8.0;2024-08-23;MG;40;467;SETE LAGOAS;Demais falhas mecânicas ou elétricas;Sem Vítimas;2;Céu Claro;Plena Noite;sexta-feira;Incêndio;Dupla;0;0;-19.45038924;-44.3166822;Segura;Sudeste;3 Trimestre
686379;2025.0;n;4.0;2025-04-20;RO;364;266;CACOAL;Reação tardia ou ineficiente do condutor;Com Vítimas Feridas;6;Nublado;Anoitecer;domingo;Tombamento;Simples;0;0;-11,376168;-61,685927;Segura;Norte;2 Trimestre
671714;2025.0;n;4.0;2025-04-05;MG;381;487;BETIM;Trafegar com motocicleta (ou similar) entre as faixas;Com Vítimas Feridas;2;Nublado;Pleno dia;sábado;Colisão lateral mesmo sentido;Dupla;0;0;-19,95518;-44,117124;Segura;Sudeste;2 Trimestre
611292;2024.0;n;7.0;2024-07-01;MG;40;525;CONTAGEM;Manobra de mudança de faixa;Com Vítimas Feridas;2;Céu Claro;Pleno dia;segunda-feira;Colisão lateral mesmo sentido;Dupla;0;0;-19.8854435;-44.05049985;Segura;Sudeste;3 Trimestre
587492;2024.0;n;3.0;2024-03-15;BA;110;376,5;CATU;Curva acentuada;Com Vítimas Feridas;2;Céu Claro;Pleno dia;sexta-feira;Saída de leito carroçável;Simples;0;0;-12.41579896;-38.47467614;Segura;Nordeste;1 Trimestre
598876;2024.0;n;5.0;2024-05-07;PR;376;10,8;MARINGA;Ausência de reação do condutor;Com Vítimas Feridas;5;Céu Claro;Pleno dia;terça-feira;Colisão traseira;Dupla;0;0;-23.38502124;-51.90364075;Segura;Sul;2 Trimestre
612005;2024.0;n;7.0;2024-07-04;PR;369;147,9;LONDRINA;Acessar a via sem observar a presença dos outros veículos;Sem Vítimas;2;Céu Claro;Pleno dia;quinta-feira;Colisão transversal;Dupla;0;0;-23.29292408;-51.14182949;Segura;Sul;3 Trimestre
609786;2024.0;n;6.0;2024-06-24;RJ;101;66;CAMPOS DOS GOYTACAZES;Ausência de reação do condutor;Sem Vítimas;3;Céu Claro;Plena Noite;segunda-feira;Colisão lateral mesmo sentido;Dupla;0;0;-21.76090387;-41.34788959;Segura;Sudeste;2 Trimestre
605739;2024.0;n;6.0;2024-06-07;PE;101;75,6;RECIFE;Trafegar com motocicleta (ou similar) entre as faixas;Com Vítimas Feridas;2;Céu Claro;Pleno dia;sexta-feira;Colisão transversal;Dupla;0;0;-8.10973523;-34.94660151;Segura;Nordeste;2 Trimestre
660929;2025.0;n;2.0;2025-02-12;GO;153;261;NOVA GLORIA;Demais falhas mecânicas ou elétricas;Sem Vítimas;2;Nublado;Pleno dia;quarta-feira;Incêndio;Simples;0;0;-15,011862;-49,41895;Segura;Centro-Oeste;1 Trimestre
593401;2024.0;n;4.0;2024-04-12;RN;101;98;NATAL;Reação tardia ou ineficiente do condutor;Com Vítimas Feridas;2;Céu Claro;Pleno dia;sexta-feira;Colisão lateral mesmo sentido;Dupla;0;0;-5.86567888;-35.21651625;Segura;Nordeste;2 Trimestre
622373;2024.0;n;8.0;2024-08-19;MG;381;764;CAMPANHA;Reação tardia ou ineficiente do condutor;Com Vítimas Feridas;2;Céu Claro;Pleno dia;segunda-feira;Saída de leito carroçável;Dupla;0;0;-21.75303088;-45.39670305;Segura;Sudeste;3 Trimestre
659188;2025.0;n;2.0;2025-02-03;MT;163;695;SORRISO;Reação tardia ou ineficiente do condutor;Com Vítimas Feridas;4;Céu Claro;Plena Noite;segunda-feira;Colisão traseira;Simples;0;0;-13,015445;-55,89274166;Segura;Centro-Oeste;1 Trimestre
619277;2024.0;n;8.0;2024-08-05;MT;70;82;GENERAL CARNEIRO;Condutor deixou de manter distância do veículo da frente;Sem Vítimas;8;Céu Claro;Pleno dia;segunda-feira;Colisão traseira;Simples;0;0;-15.6498168;-52.80612946;Segura;Centro-Oeste;3 Trimestre
596802;2024.0;n;4.0;2024-04-27;TO;153;488,8;PARAISO DO TOCANTINS;Transitar na contramão;Sem Vítimas;5;Céu Claro;Plena Noite;sábado;Colisão lateral sentido oposto;Simples;0;0;-10.1095071;-48.87437183;Segura;Norte;2 Trimestre
672302;2025.0;n;4.0;2025-04-08;MS;163;570,8;BANDEIRANTES;Ausência de reação do condutor;Com Vítimas Fatais;3;Céu Claro;Amanhecer;terça-feira;Colisão traseira;Simples;1;0;-19,774221;-54,3626656;Perigosa;Centro-Oeste;2 Trimestre
594316;2024.0;n;4.0;2024-04-16;RJ;101;396,1;RIO DE JANEIRO;Reação tardia ou ineficiente do condutor;Com Vítimas Feridas;1;Sol;Pleno dia;terça-feira;Tombamento;Dupla;0;0;-22.87854523;-43.73100666;Segura;Sudeste;2 Trimestre
584170;2024.0;n;3.0;2024-03-01;BA;101;844;TEIXEIRA DE FREITAS;Demais falhas mecânicas ou elétricas;Sem Vítimas;1;Céu Claro;Amanhecer;sexta-feira;Incêndio;Simples;0;0;-17.46944603;-39.70510288;Segura;Nordeste;1 Trimestre
605471;2024.0;n;5.0;2024-05-18;SC;470;62;INDAIAL;Acessar a via sem observar a presença dos outros veículos;Com Vítimas Feridas;3;Chuva;Plena Noite;sábado;Colisão transversal;Simples;0;1;-26.874521;-49.182938;Perigosa;Sul;2 Trimestre
626316;2024.0;y;9.0;2024-09-07;TO;153;190;NOVA OLINDA;Reação tardia ou ineficiente do condutor;Sem Vítimas;2;Céu Claro;Plena Noite;sábado;Colisão traseira;Simples;0;0;-7.55957102;-48.42004379;Segura;Norte;3 Trimestre
668424;2025.0;n;3.0;2025-03-20;RS;293;189;HULHA NEGRA;Reação tardia ou ineficiente do condutor;Com Vítimas Feridas;3;Céu Claro;Pleno dia;quinta-feira;Colisão lateral mesmo sentido;Simples;0;0;-31,3254381;-53,9855692;Segura;Sul;1 Trimestre
585001;2024.0;n;3.0;2024-03-04;SC;280;27;ARAQUARI;Acesso irregular;Com Vítimas Feridas;2;Nublado;Pleno dia;segunda-feira;Colisão transversal;Simples;0;0;-26.39685622;-48.74021969;Segura;Sul;1 Trimestre
577451;2024.0;n;1.0;2024-01-27;PE;316;57,5;TRINDADE;Manobra de mudança de faixa;Com Vítimas Feridas;2;Céu Claro;Plena Noite;sábado;Colisão frontal;Simples;0;1;-7.74765771;-40.2710428;Perigosa;Nordeste;1 Trimestre
610899;2024.0;n;6.0;2024-06-29;BA;324;438;RIACHAO DO JACUIPE;Reação tardia ou ineficiente do condutor;Com Vítimas Fatais;4;Sol;Pleno dia;sábado;Colisão transversal;Simples;1;0;-11.81229481;-39.38560459;Perigosa;Nordeste;2 Trimestre
628958;2024.0;n;8.0;2024-08-29;BA;324;612,1;SALVADOR;Chuva;Com Vítimas Feridas;6;Chuva;Plena Noite;quinta-feira;Engavetamento;Dupla;0;1;-12.85717;-38.421005;Perigosa;Nordeste;3 Trimestre
630401;2024.0;n;9.0;2024-09-25;PA;155;300,5;MARABA;Ultrapassagem Indevida;Com Vítimas Feridas;5;Céu Claro;Pleno dia;quarta-feira;Colisão traseira;Simples;0;1;-5.73211405;-49.14484986;Perigosa;Norte;3 Trimestre
603670;2024.0;n;5.0;2024-05-28;SC;101;305,1;LAGUNA;Ausência de reação do condutor;Com Vítimas Feridas;3;Céu Claro;Plena Noite;terça-feira;Colisão traseira;Múltipla;0;1;-28.396563;-48.782397;Perigosa;Sul;2 Trimestre
654819;2025.0;n;1.0;2025-01-09;SC;101;101;BARRA VELHA;Acessar a via sem observar a presença dos outros veículos;Com Vítimas Feridas;2;Nublado;Plena Noite;quinta-feira;Colisão transversal;Múltipla;0;0;-26,76404198;-48,68657667;Segura;Sul;1 Trimestre
593695;2024.0;n;4.0;2024-04-13;GO;60;94;ANAPOLIS;Acessar a via sem observar a presença dos outros veículos;Com Vítimas Feridas;3;Céu Claro;Pleno dia;sábado;Colisão lateral mesmo sentido;Dupla;0;1;-16.3611;-48.9328;Perigosa;Centro-Oeste;2 Trimestre
656737;2025.0;n;1.0;2025-01-22;CE;116;41;HORIZONTE;Entrada inopinada do pedestre;Sem Vítimas;2;Céu Claro;Plena Noite;quarta-feira;Colisão transversal;Dupla;0;0;-4,1024351;-38,50001011;Segura;Nordeste;1 Trimestre
673497;2025.0;n;4.0;2025-04-13;PR;163;53;PEROLA DOESTE;Velocidade Incompatível;Com Vítimas Fatais;2;Céu Claro;Plena Noite;domingo;Tombamento;Simples;1;0;-25,9250724;-53,7508464;Perigosa;Sul;2 Trimestre
608697;2024.0;n;6.0;2024-06-20;MG;262;29;REDUTO;Acessar a via sem observar a presença dos outros veículos;Com Vítimas Feridas;2;Céu Claro;Plena Noite;quinta-feira;Colisão lateral mesmo sentido;Simples;0;0;-20.247223;-41.982025;Segura;Sudeste;2 Trimestre
653470;2025.0;n;1.0;2025-01-06;RJ;101;323;NITEROI;Ausência de reação do condutor;Com Vítimas Feridas;3;Céu Claro;Pleno dia;segunda-feira;Colisão traseira;Dupla;0;0;-22,87438415;-43,12238932;Segura;Sudeste;1 Trimestre
625441;2024.0;n;9.0;2024-09-03;PE;232;90,4;SAIRE;Entrada inopinada do pedestre;Com Vítimas Fatais;2;Céu Claro;Amanhecer;terça-feira;Atropelamento de Pedestre;Dupla;1;0;-8.2172915;-35.65572305;Perigosa;Nordeste;3 Trimestre
587398;2024.0;n;3.0;2024-03-15;SP;381;60,5;MAIRIPORA;Reação tardia ou ineficiente do condutor;Com Vítimas Fatais;1;Céu Claro;Pleno dia;sexta-feira;Tombamento;Dupla;1;1;-23.29129517;-46.5859741;Perigosa;Sudeste;1 Trimestre
576688;2024.0;n;1.0;2024-01-23;PA;316;69,1;CASTANHAL;Manobra de mudança de faixa;Com Vítimas Fatais;3;Chuva;Pleno dia;terça-feira;Colisão frontal;Simples;3;1;-1.29277675;-47.87507708;Perigosa;Norte;1 Trimestre
616697;2024.0;n;7.0;2024-07-25;SC;101;216,3;PALHOCA;Acessar a via sem observar a presença dos outros veículos;Com Vítimas Feridas;2;Nublado;Pleno dia;quinta-feira;Colisão lateral mesmo sentido;Dupla;0;1;-27.65981409;-48.67747798;Perigosa;Sul;3 Trimestre
591856;2024.0;n;4.0;2024-04-05;RJ;101;289;ITABORAI;Deficiência do Sistema de Iluminação/Sinalização;Com Vítimas Fatais;2;Céu Claro;Plena Noite;sexta-feira;Colisão traseira;Dupla;1;0;-22.76376316;-42.85172094;Perigosa;Sudeste;2 Trimestre
658138;2025.0;n;1.0;2025-01-30;RN;101;159;CANGUARETAMA;Demais falhas mecânicas ou elétricas;Sem Vítimas;1;Chuva;Plena Noite;quinta-feira;Incêndio;Dupla;0;0;-6,36312911;-35,15714218;Segura;Nordeste;1 Trimestre
587047;2024.0;n;3.0;2024-03-13;AL;101;82;RIO LARGO;Velocidade Incompatível;Com Vítimas Feridas;1;Chuva;Pleno dia;quarta-feira;Tombamento;Dupla;0;0;-9.44864971;-35.86079908;Segura;Nordeste;1 Trimestre
672027;2025.0;n;4.0;2025-04-06;TO;153;630;ALIANCA DO TOCANTINS;Condutor deixou de manter distância do veículo da frente;Com Vítimas Feridas;6;Céu Claro;Anoitecer;domingo;Colisão traseira;Simples;0;0;-11,42828446;-48,97945404;Segura;Norte;2 Trimestre
652686;2025.0;n;1.0;2025-01-02;BA;116;403,9;FEIRA DE SANTANA;Animais na Pista;Sem Vítimas;2;Céu Claro;Plena Noite;quinta-feira;Atropelamento de Animal;Dupla;0;0;-12,06301657;-38,96984811;Segura;Nordeste;1 Trimestre
621857;2024.0;n;8.0;2024-08-17;PR;163;350;GUAIRA;Condutor deixou de manter distância do veículo da frente;Com Vítimas Feridas;8;Céu Claro;Pleno dia;sábado;Engavetamento;Simples;0;0;-24.07154376;-54.24808502;Segura;Sul;3 Trimestre
594527;2024.0;n;4.0;2024-04-17;BA;242;363,7;LENCOIS;Curva acentuada;Com Vítimas Fatais;3;Chuva;Pleno dia;quarta-feira;Tombamento;Simples;1;0;-12.46727769;-41.4150469;Perigosa;Nordeste;2 Trimestre
609300;2024.0;n;6.0;2024-06-22;SC;282;221;LAGES;Transitar na contramão;Com Vítimas Feridas;3;Céu Claro;Pleno dia;sábado;Colisão lateral sentido oposto;Simples;0;0;-27.79694515;-50.34697294;Segura;Sul;2 Trimestre
620891;2024.0;n;8.0;2024-08-12;PR;277;474,2;NOVA LARANJEIRAS;Velocidade Incompatível;Com Vítimas Feridas;3;Céu Claro;Plena Noite;segunda-feira;Tombamento;Simples;0;0;-25.30031103;-52.55805731;Segura;Sul;3 Trimestre
623175;2024.0;n;8.0;2024-08-23;PR;476;146;CURITIBA;Manobra de mudança de faixa;Com Vítimas Feridas;2;Nublado;Plena Noite;sexta-feira;Colisão lateral mesmo sentido;Dupla;0;0;-25.5533615;-49.3359357;Segura;Sul;3 Trimestre
667253;2025.0;n;3.0;2025-03-14;RJ;116;181;NOVA IGUACU;Manobra de mudança de faixa;Com Vítimas Feridas;2;Céu Claro;Pleno dia;sexta-feira;Colisão lateral mesmo sentido;Múltipla;0;0;-22,76320226;-43,42208862;Segura;Sudeste;1 Trimestre
671301;2025.0;n;4.0;2025-04-03;MG;262;450;NOVA SERRANA;Reação tardia ou ineficiente do condutor;Com Vítimas Feridas;1;Céu Claro;Pleno dia;quinta-feira;Saída de leito carroçável;Simples;0;0;-19,853641;-45,022134;Segura;Sudeste;2 Trimestre
611322;2024.0;n;7.0;2024-07-01;SC;101;150;ITAPEMA;Reação tardia ou ineficiente do condutor;Sem Vítimas;1;Céu Claro;Pleno dia;segunda-feira;Saída de leito carroçável;Dupla;0;0;-27.126536;-48.609642;Segura;Sul;3 Trimestre
594593;2024.0;n;4.0;2024-04-17;PR;373;177,4;PONTA GROSSA;Acessar a via sem observar a presença dos outros veículos;Com Vítimas Fatais;3;Céu Claro;Plena Noite;quarta-feira;Tombamento;Dupla;1;0;-25.05326381;-50.23123562;Perigosa;Sul;2 Trimestre
669328;2025.0;n;3.0;2025-03-24;PR;153;366;RIO AZUL;Ausência de sinalização;Sem Vítimas;2;Nublado;Pleno dia;segunda-feira;Colisão transversal;Simples;0;0;-25,73869107;-50,80240466;Segura;Sul;1 Trimestre
623721;2024.0;n;8.0;2024-08-26;PE;232;182;BELO JARDIM;Demais falhas mecânicas ou elétricas;Com Vítimas Feridas;4;Céu Claro;Pleno dia;segunda-feira;Colisão lateral mesmo sentido;Simples;0;1;-8.34804728;-36.44664994;Perigosa;Nordeste;3 Trimestre
607926;2024.0;n;6.0;2024-06-16;MG;381;392,7;BARAO DE COCAIS;Ausência de reação do condutor;Com Vítimas Feridas;2;Céu Claro;Pleno dia;domingo;Tombamento;Dupla;0;0;-19.78754;-43.43032;Segura;Sudeste;2 Trimestre
653206;2025.0;n;1.0;2025-01-04;PR;376;641;TIJUCAS DO SUL;Manobra de mudança de faixa;Com Vítimas Feridas;4;Garoa/Chuvisco;Plena Noite;sábado;Engavetamento;Dupla;0;0;-25,79034012;-49,12563183;Segura;Sul;1 Trimestre
600582;2024.0;n;5.0;2024-05-14;PE;101;42;IGARASSU;Manobra de mudança de faixa;Com Vítimas Feridas;2;Nublado;Plena Noite;terça-feira;Colisão traseira;Múltipla;0;0;-7.83887431;-34.91196739;Segura;Nordeste;2 Trimestre
657401;2025.0;n;1.0;2025-01-26;PR;376;592,2;CURITIBA;Condutor deixou de manter distância do veículo da frente;Sem Vítimas;4;Nublado;Amanhecer;domingo;Colisão traseira;Dupla;0;0;-25,43777559;-49,3649123;Segura;Sul;1 Trimestre
589940;2024.0;n;3.0;2024-03-26;MS;163;486;CAMPO GRANDE;Acessar a via sem observar a presença dos outros veículos;Com Vítimas Feridas;2;Céu Claro;Plena Noite;terça-feira;Colisão transversal;Simples;0;1;-20.43297483;-54.54391122;Perigosa;Centro-Oeste;1 Trimestre
582824;2024.0;n;2.0;2024-02-23;PA;163;493;ITAITUBA;Pista esburacada;Sem Vítimas;7;Céu Claro;Pleno dia;sexta-feira;Colisão lateral sentido oposto;Simples;0;0;-5.561766;-55.82100898;Segura;Norte;1 Trimestre
574000;2024.0;n;1.0;2024-01-11;SP;116;19,4;LAVRINHAS;Mal súbito do condutor;Com Vítimas Feridas;3;Céu Claro;Pleno dia;quinta-feira;Capotamento;Dupla;0;0;-22.56334703;-44.86497596;Segura;Sudeste;1 Trimestre
662157;2025.0;n;2.0;2025-02-18;PE;104;68,1;CARUARU;Reação tardia ou ineficiente do condutor;Sem Vítimas;4;Nublado;Pleno dia;terça-feira;Colisão traseira;Dupla;0;0;-8,3107;-35,9904;Segura;Nordeste;1 Trimestre
606442;2024.0;n;6.0;2024-06-10;MS;163;379,3;NOVA ALVORADA DO SUL;Condutor deixou de manter distância do veículo da frente;Com Vítimas Feridas;4;Céu Claro;Amanhecer;segunda-feira;Colisão traseira;Simples;0;1;-21.34923407;-54.41817236;Perigosa;Centro-Oeste;2 Trimestre
600827;2024.0;n;5.0;2024-05-16;RS;285;643;SAO BORJA;Demais falhas mecânicas ou elétricas;Sem Vítimas;2;Chuva;Pleno dia;quinta-feira;Incêndio;Simples;0;0;-28.605467;-55.6936;Segura;Sul;2 Trimestre
619750;2024.0;n;8.0;2024-08-07;MA;135;170;SAO MATEUS DO MARANHAO;Condutor Dormindo;Com Vítimas Feridas;4;Céu Claro;Pleno dia;quarta-feira;Colisão frontal;Simples;0;0;-3.931915;-44.48010587;Segura;Nordeste;3 Trimestre
593330;2024.0;n;4.0;2024-04-11;RS;470;270;SAO JOSE DO SUL;Reação tardia ou ineficiente do condutor;Com Vítimas Feridas;3;Chuva;Pleno dia;quinta-feira;Colisão transversal;Simples;0;0;-29.51879924;-51.48365021;Segura;Sul;2 Trimestre
616856;2024.0;n;7.0;2024-07-25;SC;163;109,2;GUARUJA DO SUL;Velocidade Incompatível;Sem Vítimas;4;Céu Claro;Pleno dia;quinta-feira;Tombamento;Simples;0;0;-26.41337297;-53.52364405;Segura;Sul;3 Trimestre
615657;2024.0;n;7.0;2024-07-20;CE;116;518;BREJO SANTO;Manobra de mudança de faixa;Com Vítimas Fatais;3;Nublado;Pleno dia;sábado;Colisão frontal;Simples;1;0;-7.591332;-39.024695;Perigosa;Nordeste;3 Trimestre
575707;2024.0;n;1.0;2024-01-19;PR;277;38,8;MORRETES;Problema com o freio;Com Vítimas Feridas;6;Céu Claro;Pleno dia;sexta-feira;Colisão traseira;Dupla;0;0;-25.56584471;-48.81116269;Segura;Sul;1 Trimestre
666832;2025.0;n;3.0;2025-03-12;SP;116;562;BARRA DO TURVO;Velocidade Incompatível;Com Vítimas Feridas;4;Nublado;Pleno dia;quarta-feira;Colisão traseira;Múltipla;0;0;-25,021071;-48,516402;Segura;Sudeste;1 Trimestre
687351;2025.0;n;4.0;2025-04-25;MA;316;441,8;PERITORO;Ultrapassagem Indevida;Com Vítimas Feridas;3;Chuva;Plena Noite;sexta-feira;Colisão frontal;Simples;0;1;-4,40905603;-44,25979614;Perigosa;Nordeste;2 Trimestre
621697;2024.0;n;8.0;2024-08-17;PE;232;513;SALGUEIRO;Condutor deixou de manter distância do veículo da frente;Com Vítimas Fatais;2;Nublado;Plena Noite;sábado;Colisão traseira;Simples;1;0;-8.07504109;-39.16371902;Perigosa;Nordeste;3 Trimestre
590648;2024.0;n;3.0;2024-03-30;MG;116;665,2;MIRADOURO;Velocidade Incompatível;Com Vítimas Feridas;2;Nublado;Pleno dia;sábado;Tombamento;Simples;0;0;-20.82713698;-42.32223579;Segura;Sudeste;1 Trimestre
670891;2025.0;n;4.0;2025-04-01;MT;163;694;SORRISO;Acessar a via sem observar a presença dos outros veículos;Com Vítimas Feridas;3;Nublado;Pleno dia;terça-feira;Colisão transversal;Simples;0;0;-13,02887287;-55,89788552;Segura;Centro-Oeste;2 Trimestre
599289;2024.0;n;5.0;2024-05-09;PR;376;182;SARANDI;Trafegar com motocicleta (ou similar) entre as faixas;Com Vítimas Feridas;4;Céu Claro;Pleno dia;quinta-feira;Colisão lateral mesmo sentido;Dupla;0;0;-23.43684112;-51.87880764;Segura;Sul;2 Trimestre
691120;2025.0;n;2.0;2025-02-26;RJ;493;2,5;ITABORAI;Ausência de reação do condutor;Com Vítimas Feridas;2;Céu Claro;Pleno dia;quarta-feira;Colisão traseira;Dupla;0;1;-22,76032444;-42,93499654;Perigosa;Sudeste;1 Trimestre
607300;2024.0;n;5.0;2024-05-16;MG;381;541;ITATIAIUCU;Velocidade Incompatível;Com Vítimas Feridas;15;Céu Claro;Pleno dia;quinta-feira;Colisão traseira;Dupla;0;0;-20.25686585;-44.4185141;Segura;Sudeste;2 Trimestre
591247;2024.0;n;4.0;2024-04-01;PA;316;79;SAO FRANCISCO DO PARA;Reação tardia ou ineficiente do condutor;Com Vítimas Feridas;2;Céu Claro;Pleno dia;segunda-feira;Colisão frontal;Simples;0;1;-1.30379211;-47.78865199;Perigosa;Norte;2 Trimestre
600484;2024.0;n;5.0;2024-05-14;PR;277;32,3;MORRETES;Curva acentuada;Com Vítimas Feridas;3;Chuva;Pleno dia;terça-feira;Tombamento;Dupla;0;0;-25.560717;-48.815673;Segura;Sul;2 Trimestre
621239;2024.0;n;8.0;2024-08-14;MG;381;572,2;ITAGUARA;Entrada inopinada do pedestre;Com Vítimas Fatais;2;Céu Claro;Plena Noite;quarta-feira;Atropelamento de Pedestre;Dupla;1;0;-20.45206504;-44.5689098;Perigosa;Sudeste;3 Trimestre
657810;2025.0;n;1.0;2025-01-28;SC;101;149,5;ITAPEMA;Ingestão de álcool pelo condutor;Com Vítimas Feridas;4;Nublado;Plena Noite;terça-feira;Colisão lateral mesmo sentido;Dupla;0;0;-27,1089649;-48,61277586;Segura;Sul;1 Trimestre
609125;2024.0;n;6.0;2024-06-19;BA;407;214;CAPIM GROSSO;Velocidade Incompatível;Sem Vítimas;2;Nublado;Pleno dia;quarta-feira;Tombamento;Simples;0;0;-11.22077798;-40.02906096;Segura;Nordeste;2 Trimestre
652892;2025.0;n;1.0;2025-01-03;SC;101;332;TUBARAO;Reação tardia ou ineficiente do condutor;Com Vítimas Feridas;2;Céu Claro;Pleno dia;sexta-feira;Colisão com objeto;Dupla;0;0;-28,46767;-49,002167;Segura;Sul;1 Trimestre
620772;2024.0;n;8.0;2024-08-12;SC;101;0;BIGUACU;Condutor deixou de manter distância do veículo da frente;Com Vítimas Feridas;2;Céu Claro;Pleno dia;segunda-feira;Colisão traseira;Dupla;0;0;-27.4946;-48.6561;Segura;Sul;3 Trimestre
652820;2025.0;n;1.0;2025-01-02;RJ;393;250;BARRA DO PIRAI;Entrada inopinada do pedestre;Com Vítimas Fatais;2;Nublado;Pleno dia;quinta-feira;Atropelamento de Pedestre;Simples;1;0;-22,42457483;-43,76088293;Perigosa;Sudeste;1 Trimestre
603549;2024.0;n;5.0;2024-05-28;MG;116;528,3;CARATINGA;Trafegar com motocicleta (ou similar) entre as faixas;Com Vítimas Feridas;2;Nublado;Pleno dia;terça-feira;Colisão lateral mesmo sentido;Dupla;0;0;-19.794033;-42.13731414;Segura;Sudeste;2 Trimestre
609983;2024.0;n;6.0;2024-06-25;PI;343;249;CAMPO MAIOR;Reação tardia ou ineficiente do condutor;Com Vítimas Feridas;6;Sol;Pleno dia;terça-feira;Colisão traseira;Simples;0;0;-4.718849;-42.097115;Segura;Nordeste;2 Trimestre
583463;2024.0;n;2.0;2024-02-26;PE;101;35,7;IGARASSU;Acumulo de água sobre o pavimento;Com Vítimas Feridas;1;Chuva;Pleno dia;segunda-feira;Saída de leito carroçável;Dupla;0;0;-7.77952193;-34.93231384;Segura;Nordeste;1 Trimestre
664962;2025.0;n;3.0;2025-03-03;SC;101;29,1;JOINVILLE;Condutor deixou de manter distância do veículo da frente;Com Vítimas Feridas;3;Céu Claro;Pleno dia;segunda-feira;Colisão traseira;Dupla;0;0;-26,22028382;-48,91612709;Segura;Sul;1 Trimestre
659417;2025.0;n;1.0;2025-01-14;RS;101;70,8;OSORIO;Condutor deixou de manter distância do veículo da frente;Com Vítimas Feridas;5;Sol;Pleno dia;terça-feira;Colisão traseira;Dupla;0;0;-29,759604;-50,21723;Segura;Sul;1 Trimestre
578722;2024.0;n;2.0;2024-02-03;MG;40;588;ITABIRITO;Acessar a via sem observar a presença dos outros veículos;Com Vítimas Feridas;3;Céu Claro;Pleno dia;sábado;Colisão lateral mesmo sentido;Simples;0;1;-20.35149094;-43.91313094;Perigosa;Sudeste;1 Trimestre
653867;2025.0;n;1.0;2025-01-08;SE;101;89;NOSSA SENHORA DO SOCORRO;Mal súbito do condutor;Com Vítimas Feridas;1;Céu Claro;Pleno dia;quarta-feira;Colisão com objeto;Simples;0;0;-10,88051024;-37,13355535;Segura;Nordeste;1 Trimestre
672082;2025.0;n;4.0;2025-04-06;MT;174;557;COMODORO;Condutor Dormindo;Com Vítimas Feridas;5;Céu Claro;Plena Noite;domingo;Colisão traseira;Simples;0;0;-13,0480136;-59,9023452;Segura;Centro-Oeste;2 Trimestre
616958;2024.0;n;7.0;2024-07-26;PE;423;61,4;LAJEDO;Ausência de reação do condutor;Sem Vítimas;2;Céu Claro;Pleno dia;sexta-feira;Colisão traseira;Simples;0;0;-8.65805731;-36.32866993;Segura;Nordeste;3 Trimestre
653448;2025.0;n;1.0;2025-01-06;MT;163;751;SORRISO;Acessar a via sem observar a presença dos outros veículos;Com Vítimas Feridas;2;Nublado;Pleno dia;segunda-feira;Colisão transversal;Dupla;0;0;-12,66324288;-55,79151748;Segura;Centro-Oeste;1 Trimestre
607069;2024.0;n;6.0;2024-06-12;PR;116;159;QUITANDINHA;Conversão proibida;Com Vítimas Feridas;3;Céu Claro;Plena Noite;quarta-feira;Colisão transversal;Simples;0;0;-25.864829;-49.42392;Segura;Sul;2 Trimestre
590267;2024.0;n;3.0;2024-03-04;BA;116;839,3;VITORIA DA CONQUISTA;Ausência de reação do condutor;Com Vítimas Feridas;9;Sol;Pleno dia;segunda-feira;Colisão traseira;Simples;0;0;-14.98006;-40.919448;Segura;Nordeste;1 Trimestre
582951;2024.0;n;2.0;2024-02-24;PI;316;390,4;FRANCISCO MACEDO;Condutor deixou de manter distância do veículo da frente;Com Vítimas Feridas;2;Sol;Pleno dia;sábado;Colisão traseira;Simples;0;0;-7.27921525;-40.8313263;Segura;Nordeste;1 Trimestre
573062;2024.0;n;1.0;2024-01-06;MS;163;678;RIO VERDE DE MATO GROSSO;Ausência de reação do condutor;Com Vítimas Feridas;2;Céu Claro;Plena Noite;sábado;Colisão traseira;Simples;0;2;-18.94110596;-54.82984864;Perigosa;Centro-Oeste;1 Trimestre
627652;2024.0;n;9.0;2024-09-12;MG;116;517,2;UBAPORANGA;Velocidade Incompatível;Com Vítimas Feridas;2;Sol;Pleno dia;quinta-feira;Tombamento;Simples;0;0;-19.71031381;-42.12175369;Segura;Sudeste;3 Trimestre
613924;2024.0;n;7.0;2024-07-04;PE;232;62;POMBOS;Problema com o freio;Com Vítimas Feridas;1;Sol;Pleno dia;quinta-feira;Tombamento;Dupla;0;1;-8.15598579;-35.42308007;Perigosa;Nordeste;3 Trimestre