id;ano;feriado;mes;data_inversa;uf;br;km;municipio;causa_acidente;classificacao_acidente;veiculos;condicao_metereologica;fase_dia;dia_semana;tipo_acidente;tipo_pista;mortos;feridos_graves;latitude;longitude;status;regiao;periodo
670770;2025.0;n;3.0;2025-03-31;RS;116;321;BARRA DO RIBEIRO;Avarias e/ou desgaste excessivo no pneu;Sem Vítimas;1;Garoa/Chuvisco;Pleno dia;segunda-feira;Saída de leito carroçável;Dupla;0;0;-30,28308457;-51,41223907;Segura;Sul;1 Trimestre
612543;2024.0;n;7.0;2024-07-06;RO;364;306;PRESIDENTE MEDICI;Ausência de reação do condutor;Com Vítimas Feridas;3;Sol;Pleno dia;sábado;Colisão traseira;Simples;0;0;-11.187708;-61.901546;Segura;Norte;3 Trimestre
666618;2025.0;n;3.0;2025-03-11;MT;163;119;RONDONOPOLIS;Pista Escorregadia;Com Vítimas Feridas;3;Chuva;Pleno dia;terça-feira;Colisão traseira;Dupla;0;0;-16,49152302;-54,64664465;Segura;Centro-Oeste;1 Trimestre
583455;2024.0;n;2.0;2024-02-26;SC;101;199,7;SAO JOSE;Ultrapassagem Indevida;Com Vítimas Feridas;3;Nublado;Pleno dia;segunda-feira;Colisão lateral mesmo sentido;Múltipla;0;1;-27.53413705;-48.63003205;Perigosa;Sul;1 Trimestre
653198;2025.0;n;1.0;2025-01-04;CE;222;35;CAUCAIA;Velocidade Incompatível;Com Vítimas Feridas;1;Céu Claro;Plena Noite;sábado;Colisão com objeto;Dupla;0;0;-3,700936;-38,8647996;Segura;Nordeste;1 Trimestre
661297;2025.0;n;2.0;2025-02-14;MG;381;568,9;ITAGUARA;Ausência de reação do condutor;Sem Vítimas;2;Céu Claro;Pleno dia;sexta-feira;Colisão traseira;Dupla;0;0;-20,42649228;-44,54458383;Segura;Sudeste;1 Trimestre
603497;2024.0;n;5.0;2024-05-28;PR;116;98;SAO JOSE DOS PINHAIS;Reação tardia ou ineficiente do condutor;Com Vítimas Feridas;3;Céu Claro;Plena Noite;terça-feira;Colisão traseira;Dupla;0;0;-25.51973222;-49.13431573;Segura;Sul;2 Trimestre
657725;2025.0;n;1.0;2025-01-27;AL;101;171;TEOTONIO VILELA;Ausência de reação do condutor;Com Vítimas Fatais;4;Céu Claro;Pleno dia;segunda-feira;Colisão traseira;Dupla;1;0;-9,90913698;-36,33473799;Perigosa;Nordeste;1 Trimestre
573667;2024.0;n;1.0;2024-01-10;PR;376;508,1;PONTA GROSSA;Ausência de reação do condutor;Com Vítimas Feridas;5;Nublado;Plena Noite;quarta-feira;Colisão traseira;Dupla;0;1;-25.204134;-50.06885737;Perigosa;Sul;1 Trimestre
659525;2025.0;n;1.0;2025-01-21;BA;324;554;AMELIA RODRIGUES;Ausência de sinalização;Com Vítimas Feridas;4;Céu Claro;Pleno dia;terça-feira;Engavetamento;Dupla;0;0;-12,46037726;-38,69681519;Segura;Nordeste;1 Trimestre
669650;2025.0;n;3.0;2025-03-26;ES;101;236,1;FUNDAO;Demais falhas mecânicas ou elétricas;Com Vítimas Feridas;2;Nublado;Pleno dia;quarta-feira;Colisão com objeto;Simples;0;1;-19,96983296;-40,40698887;Perigosa;Sudeste;1 Trimestre
574578;2024.0;n;1.0;2024-01-14;PA;230;121;MARABA;Acessar a via sem observar a presença dos outros veículos;Com Vítimas Fatais;5;Céu Claro;Plena Noite;domingo;Colisão transversal;Dupla;1;1;-5.35297407;-49.12143673;Perigosa;Norte;1 Trimestre
579948;2024.0;n;2.0;2024-02-09;BA;242;362;LENCOIS;Velocidade Incompatível;Com Vítimas Feridas;6;Nublado;Pleno dia;sexta-feira;Colisão lateral mesmo sentido;Simples;0;0;-12.46458265;-41.40667003;Segura;Nordeste;1 Trimestre
659261;2025.0;n;2.0;2025-02-04;RS;290;91;PORTO ALEGRE;Manobra de mudança de faixa;Com Vítimas Feridas;2;Céu Claro;Pleno dia;terça-feira;Colisão traseira;Dupla;0;0;-29,969055;-51,167439;Segura;Sul;1 Trimestre
655722;2025.0;n;1.0;2025-01-07;PR;116;58,9;CAMPINA GRANDE DO SUL;Chuva;Com Vítimas Feridas;6;Chuva;Plena Noite;terça-feira;Colisão com objeto;Dupla;0;1;-25,303398;-48,943762;Perigosa;Sul;1 Trimestre
626100;2024.0;n;9.0;2024-09-06;TO;153;5;XAMBIOA;Animais na Pista;Com Vítimas Feridas;3;Céu Claro;Pleno dia;sexta-feira;Atropelamento de Animal;Simples;0;1;-6.427149;-48.52611501;Perigosa;Norte;3 Trimestre
608468;2024.0;n;6.0;2024-06-18;PR;376;156,4;MANDAGUACU;Demais falhas mecânicas ou elétricas;Sem Vítimas;3;Céu Claro;Plena Noite;terça-feira;Incêndio;Dupla;0;0;-23.34107415;-52.09185831;Segura;Sul;2 Trimestre
673922;2025.0;n;4.0;2025-04-15;SP;381;34;ATIBAIA;Reação tardia ou ineficiente do condutor;Sem Vítimas;3;Céu Claro;Plena Noite;terça-feira;Colisão traseira;Dupla;0;0;-23,0833953;-46,5697596;Segura;Sudeste;2 Trimestre
576297;2024.0;n;1.0;2024-01-21;MG;251;268;SALINAS;Transitar na contramão;Com Vítimas Fatais;4;Céu Claro;Pleno dia;domingo;Colisão frontal;Simples;3;1;-15.99368303;-42.01807201;Perigosa;Sudeste;1 Trimestre
605794;2024.0;n;6.0;2024-06-07;MG;262;9;MARTINS SOARES;Velocidade Incompatível;Com Vítimas Feridas;2;Céu Claro;Pleno dia;sexta-feira;Capotamento;Simples;0;0;-20.25054582;-41.83493898;Segura;Sudeste;2 Trimestre
613468;2024.0;n;7.0;2024-07-10;TO;153;789;TALISMA;Ultrapassagem Indevida;Com Vítimas Feridas;5;Céu Claro;Pleno dia;quarta-feira;Colisão lateral sentido oposto;Simples;0;1;-12.71914102;-49.07691189;Perigosa;Norte;3 Trimestre
658875;2025.0;n;2.0;2025-02-02;RS;116;512;PELOTAS;Manobra de mudança de faixa;Com Vítimas Feridas;4;Céu Claro;Plena Noite;domingo;Colisão lateral mesmo sentido;Dupla;0;1;-31,63498138;-52,3311397;Perigosa;Sul;1 Trimestre
608305;2024.0;n;6.0;2024-06-18;ES;101;285,3;CARIACICA;Desrespeitar a preferência no cruzamento;Com Vítimas Feridas;2;Céu Claro;Pleno dia;terça-feira;Colisão transversal;Dupla;0;1;-20.28318797;-40.3719101;Perigosa;Sudeste;2 Trimestre
602086;2024.0;n;5.0;2024-05-21;RS;290;261;CACHOEIRA DO SUL;Estacionar ou parar em local proibido;Com Vítimas Feridas;2;Céu Claro;Pleno dia;terça-feira;Saída de leito carroçável;Simples;0;0;-30.261528;-52.835316;Segura;Sul;2 Trimestre
604850;2024.0;n;6.0;2024-06-03;PI;316;310;PICOS;Reação tardia ou ineficiente do condutor;Com Vítimas Feridas;2;Céu Claro;Plena Noite;segunda-feira;Colisão com objeto;Simples;0;1;-7.07639186;-41.47475001;Perigosa;Nordeste;2 Trimestre
620109;2024.0;n;8.0;2024-08-09;BA;324;624,2;SALVADOR;Trafegar com motocicleta (ou similar) entre as faixas;Com Vítimas Feridas;2;Céu Claro;Pleno dia;sexta-feira;Colisão lateral mesmo sentido;Dupla;0;0;-12.947432;-38.469625;Segura;Nordeste;3 Trimestre
588325;2024.0;n;3.0;2024-03-19;SP;116;229;SAO PAULO;Ausência de reação do condutor;Com Vítimas Feridas;3;Nublado;Pleno dia;terça-feira;Colisão transversal;Múltipla;0;0;-23.51291902;-46.57604698;Segura;Sudeste;1 Trimestre
604073;2024.0;n;5.0;2024-05-30;PB;101;96;CONDE;Ausência de reação do condutor;Com Vítimas Feridas;3;Nublado;Plena Noite;quinta-feira;Colisão traseira;Dupla;0;0;-7.230921;-34.921149;Segura;Nordeste;2 Trimestre
605302;2024.0;n;6.0;2024-06-05;ES;101;291,9;CARIACICA;Mal súbito do condutor;Com Vítimas Feridas;2;Sol;Pleno dia;quarta-feira;Tombamento;Dupla;0;0;-20.30526597;-40.39501727;Segura;Sudeste;2 Trimestre
687839;2025.0;n;4.0;2025-04-28;RJ;101;306;SAO GONCALO;Problema com o freio;Com Vítimas Feridas;4;Céu Claro;Pleno dia;segunda-feira;Engavetamento;Dupla;0;0;-22,78851565;-43,00308164;Segura;Sudeste;2 Trimestre
608687;2024.0;n;6.0;2024-06-20;PR;277;731;FOZ DO IGUACU;Reação tardia ou ineficiente do condutor;Sem Vítimas;3;Nublado;Plena Noite;quinta-feira;Colisão com objeto;Simples;0;0;-25.50826305;-54.59238593;Segura;Sul;2 Trimestre
668597;2025.0;n;3.0;2025-03-10;SP;116;154,3;SAO JOSE DOS CAMPOS;Manobra de mudança de faixa;Com Vítimas Feridas;3;Sol;Pleno dia;segunda-feira;Colisão lateral mesmo sentido;Dupla;0;0;-23,239662;-45,921486;Segura;Sudeste;1 Trimestre
655728;2025.0;n;1.0;2025-01-17;RJ;116;193;QUEIMADOS;Condutor deixou de manter distância do veículo da frente;Com Vítimas Feridas;2;Nublado;Plena Noite;sexta-feira;Colisão traseira;Dupla;0;1;-22,73960178;-43,52859094;Perigosa;Sudeste;1 Trimestre
687202;2025.0;n;2.0;2025-02-23;PE;316;74;OURICURI;Ausência de reação do condutor;Com Vítimas Feridas;2;Céu Claro;Plena Noite;domingo;Tombamento;Simples;0;0;-7,82677705;-40,15323591;Segura;Nordeste;1 Trimestre
685679;2025.0;y;4.0;2025-04-18;SP;116;445;REGISTRO;Ausência de reação do condutor;Sem Vítimas;3;Céu Claro;Pleno dia;sexta-feira;Colisão traseira;Simples;0;0;-24,5039104;-47,8445568;Segura;Sudeste;2 Trimestre
672561;2025.0;n;4.0;2025-04-09;RJ;101;327;RIO DE JANEIRO;Ultrapassagem Indevida;Com Vítimas Feridas;4;Céu Claro;Pleno dia;quarta-feira;Colisão traseira;Dupla;0;0;-22,86975475;-43,17026138;Segura;Sudeste;2 Trimestre
672225;2025.0;n;4.0;2025-04-07;SP;116;145;SAO JOSE DOS CAMPOS;Condutor deixou de manter distância do veículo da frente;Com Vítimas Feridas;4;Céu Claro;Plena Noite;segunda-feira;Colisão traseira;Múltipla;0;0;-23,19228269;-45,86585999;Segura;Sudeste;2 Trimestre
609938;2024.0;n;6.0;2024-06-25;PR;163;232,6;CASCAVEL;Manobra de mudança de faixa;Com Vítimas Feridas;4;Céu Claro;Pleno dia;terça-feira;Colisão lateral mesmo sentido;Dupla;0;2;-24.78313388;-53.67750084;Perigosa;Sul;2 Trimestre
665878;2025.0;n;3.0;2025-03-08;MG;381;342;JOAO MONLEVADE;Ausência de reação do condutor;Com Vítimas Feridas;6;Sol;Pleno dia;sábado;Colisão lateral sentido oposto;Simples;0;1;-19,8499848;-43,1510399;Perigosa;Sudeste;1 Trimestre
588182;2024.0;n;3.0;2024-03-18;MA;10;291;IMPERATRIZ;Ultrapassagem Indevida;Sem Vítimas;3;Céu Claro;Pleno dia;segunda-feira;Colisão lateral mesmo sentido;Simples;0;0;-5.189614;-47.522278;Segura;Nordeste;1 Trimestre
662394;2025.0;n;2.0;2025-02-19;AL;316;268;SATUBA;Condutor deixou de manter distância do veículo da frente;Com Vítimas Feridas;5;Céu Claro;Pleno dia;quarta-feira;Engavetamento;Simples;0;0;-9,58021969;-35,83876014;Segura;Nordeste;1 Trimestre
585080;2024.0;n;3.0;2024-03-05;BA;116;617;IRAJUBA;Demais falhas mecânicas ou elétricas;Com Vítimas Fatais;1;Nublado;Plena Noite;terça-feira;Colisão traseira;Simples;1;0;-13.339453;-40.01671798;Perigosa;Nordeste;1 Trimestre
671109;2025.0;n;4.0;2025-04-02;ES;101;295;CARIACICA;Trafegar com motocicleta (ou similar) entre as faixas;Com Vítimas Feridas;3;Céu Claro;Pleno dia;quarta-feira;Colisão traseira;Dupla;0;1;-20,3313286;-40,3994204;Perigosa;Sudeste;2 Trimestre
595000;2024.0;n;4.0;2024-04-19;SC;282;211,1;LAGES;Ausência de reação do condutor;Com Vítimas Feridas;7;Sol;Pleno dia;sexta-feira;Colisão traseira;Simples;0;0;-27.780222;-50.241741;Segura;Sul;2 Trimestre
600870;2024.0;n;5.0;2024-05-16;MT;364;356,1;SANTO ANTONIO DO LEVERGER;Reação tardia ou ineficiente do condutor;Sem Vítimas;2;Sol;Pleno dia;quinta-feira;Tombamento;Dupla;0;0;-15.79348889;-55.6077944;Segura;Centro-Oeste;2 Trimestre
668632;2025.0;n;3.0;2025-03-21;PB;101;85,3;BAYEUX;Reação tardia ou ineficiente do condutor;Sem Vítimas;6;Sol;Pleno dia;sexta-feira;Engavetamento;Dupla;0;0;-7,14743701;-34,91429329;Segura;Nordeste;1 Trimestre
620768;2024.0;n;8.0;2024-08-05;RS;468;67,2;CAMPO NOVO;Acessar a via sem observar a presença dos outros veículos;Com Vítimas Feridas;2;Garoa/Chuvisco;Plena Noite;segunda-feira;Colisão frontal;Simples;0;0;-27.736906;-53.838505;Segura;Sul;3 Trimestre
660038;2025.0;n;2.0;2025-02-08;GO;60;202,3;GUAPO;Ingestão de álcool pelo condutor;Sem Vítimas;2;Céu Claro;Pleno dia;sábado;Colisão lateral mesmo sentido;Dupla;0;0;-16,8874;-49,6243;Segura;Centro-Oeste;1 Trimestre
579786;2024.0;n;1.0;2024-01-24;MG;381;525,5;BRUMADINHO;Velocidade Incompatível;Com Vítimas Feridas;1;Céu Claro;Amanhecer;quarta-feira;Tombamento;Dupla;0;1;-20.16710798;-44.33422398;Perigosa;Sudeste;1 Trimestre
670987;2025.0;n;4.0;2025-04-01;SC;282;215;LAGES;Ausência de reação do condutor;Com Vítimas Feridas;2;Nublado;Plena Noite;terça-feira;Colisão frontal;Simples;0;1;-27,79288302;-50,27996063;Perigosa;Sul;2 Trimestre
595414;2024.0;y;4.0;2024-04-21;GO;153;531,5;HIDROLANDIA;Acessar a via sem observar a presença dos outros veículos;Sem Vítimas;4;Sol;Pleno dia;domingo;Colisão transversal;Simples;0;0;-16.9761;-49.2302;Segura;Centro-Oeste;2 Trimestre
653463;2025.0;n;1.0;2025-01-06;GO;153;513,5;APARECIDA DE GOIANIA;Ingestão de álcool pelo condutor;Com Vítimas Feridas;2;Céu Claro;Pleno dia;segunda-feira;Colisão transversal;Simples;0;0;-16,8244;-49,2421;Segura;Centro-Oeste;1 Trimestre
599695;2024.0;n;4.0;2024-04-14;ES;259;3,4;JOAO NEIVA;Avarias e/ou desgaste excessivo no pneu;Com Vítimas Fatais;4;Chuva;Pleno dia;domingo;Colisão frontal;Simples;2;1;-19.7162;-40.376447;Perigosa;Sudeste;2 Trimestre
686651;2025.0;n;4.0;2025-04-22;PR;116;44;CAMPINA GRANDE DO SUL;Acumulo de água sobre o pavimento;Com Vítimas Fatais;3;Chuva;Pleno dia;terça-feira;Saída de leito carroçável;Dupla;1;1;-25,19422377;-48,88892412;Perigosa;Sul;2 Trimestre
626320;2024.0;y;9.0;2024-09-07;PB;230;27;JOAO PESSOA;Trafegar com motocicleta (ou similar) entre as faixas;Com Vítimas Fatais;3;Céu Claro;Plena Noite;sábado;Colisão traseira;Dupla;1;0;-7.1677;-34.8855;Perigosa;Nordeste;3 Trimestre
599718;2024.0;n;5.0;2024-05-11;PR;116;15,5;COLOMBO;Ausência de sinalização;Com Vítimas Feridas;7;Céu Claro;Pleno dia;sábado;Colisão lateral mesmo sentido;Dupla;0;0;-25.3848;-49.1711;Segura;Sul;2 Trimestre
606142;2024.0;n;6.0;2024-06-08;MG;153;70;MONTE ALEGRE DE MINAS;Condutor Dormindo;Com Vítimas Feridas;5;Céu Claro;Plena Noite;sábado;Colisão traseira;Simples;0;0;-18.97842804;-49.02351222;Segura;Sudeste;2 Trimestre
594979;2024.0;n;4.0;2024-04-19;RS;116;358;TAPES;Ausência de reação do condutor;Com Vítimas Feridas;1;Céu Claro;Pleno dia;sexta-feira;Saída de leito carroçável;Dupla;0;0;-30.60712596;-51.54060211;Segura;Sul;2 Trimestre
590269;2024.0;n;3.0;2024-03-28;MG;262;611,2;IBIA;Velocidade Incompatível;Sem Vítimas;6;Chuva;Pleno dia;quinta-feira;Colisão frontal;Simples;0;0;-19.588629;-46.31318;Segura;Sudeste;1 Trimestre
607533;2024.0;n;6.0;2024-06-14;PR;373;212,2;IMBITUVA;Transitar na contramão;Com Vítimas Fatais;4;Nublado;Plena Noite;sexta-feira;Colisão frontal;Simples;1;0;-25.15194511;-50.50194549;Perigosa;Sul;2 Trimestre
608887;2024.0;n;6.0;2024-06-20;MT;70;681,7;CACERES;Acostamento em desnível;Sem Vítimas;3;Céu Claro;Anoitecer;quinta-feira;Saída de leito carroçável;Simples;0;0;-16.12248137;-57.31052671;Segura;Centro-Oeste;2 Trimestre
577907;2024.0;n;1.0;2024-01-29;PB;101;88;JOAO PESSOA;Acessar a via sem observar a presença dos outros veículos;Com Vítimas Feridas;3;Céu Claro;Plena Noite;segunda-feira;Colisão lateral mesmo sentido;Dupla;0;0;-7.16881637;-34.89706993;Segura;Nordeste;1 Trimestre
661939;2025.0;n;2.0;2025-02-15;MT;70;142;GENERAL CARNEIRO;Ultrapassagem Indevida;Sem Vítimas;5;Céu Claro;Pleno dia;sábado;Colisão lateral mesmo sentido;Simples;0;0;-15,58765841;-53,30155406;Segura;Centro-Oeste;1 Trimestre
687432;2025.0;n;4.0;2025-04-26;SC;163;70,9;SAO MIGUEL DO OESTE;Manobra de mudança de faixa;Com Vítimas Feridas;4;Céu Claro;Pleno dia;sábado;Colisão lateral mesmo sentido;Dupla;0;1;-26,72854011;-53,5123965;Perigosa;Sul;2 Trimestre
686213;2025.0;n;4.0;2025-04-20;AL;101;210;SAO SEBASTIAO;Ultrapassagem Indevida;Com Vítimas Fatais;3;Céu Claro;Pleno dia;domingo;Colisão lateral mesmo sentido;Simples;1;0;-10,00382812;-36,60798526;Perigosa;Nordeste;2 Trimestre
687082;2025.0;n;4.0;2025-04-24;MT;364;484;JANGADA;Manobra de mudança de faixa;Com Vítimas Feridas;7;Céu Claro;Pleno dia;quinta-feira;Colisão lateral sentido oposto;Simples;0;0;-15,309565;-56,433808;Segura;Centro-Oeste;2 Trimestre
687338;2025.0;n;4.0;2025-04-25;CE;222;312;TIANGUA;Ausência de reação do condutor;Com Vítimas Fatais;2;Chuva;Plena Noite;sexta-feira;Colisão traseira;Dupla;1;0;-3,725175;-40,997508;Perigosa;Nordeste;2 Trimestre
659235;2025.0;n;2.0;2025-02-04;SC;101;38;JOINVILLE;Objeto estático sobre o leito carroçável;Com Vítimas Feridas;2;Nublado;Pleno dia;terça-feira;Colisão com objeto;Múltipla;0;0;-26,25472505;-48,90561309;Segura;Sul;1 Trimestre
590193;2024.0;n;3.0;2024-03-27;BA;242;332;LAJEDINHO;Reação tardia ou ineficiente do condutor;Com Vítimas Feridas;7;Sol;Pleno dia;quarta-feira;Colisão traseira;Simples;0;0;-12.492968;-41.165972;Segura;Nordeste;1 Trimestre
673151;2025.0;n;4.0;2025-04-12;SC;101;196;BIGUACU;Reação tardia ou ineficiente do condutor;Com Vítimas Feridas;3;Céu Claro;Pleno dia;sábado;Colisão lateral mesmo sentido;Dupla;0;1;-27,512;-48,642;Perigosa;Sul;2 Trimestre
667535;2025.0;n;3.0;2025-03-16;MG;116;4,5;DIVISA ALEGRE;Ingestão de álcool pelo condutor;Com Vítimas Fatais;4;Céu Claro;Plena Noite;domingo;Colisão frontal;Simples;1;1;-15,738262;-41,33875;Perigosa;Sudeste;1 Trimestre
603190;2024.0;n;5.0;2024-05-26;TO;153;474,8;BARROLANDIA;Ingestão de álcool pelo condutor;Sem Vítimas;4;Céu Claro;Anoitecer;domingo;Colisão lateral sentido oposto;Simples;0;0;-10.02467909;-48.78601393;Segura;Norte;2 Trimestre
665533;2025.0;n;3.0;2025-03-06;SP;116;199,9;ARUJA;Demais falhas mecânicas ou elétricas;Com Vítimas Feridas;1;Céu Claro;Pleno dia;quinta-feira;Colisão com objeto;Dupla;0;0;-23,4025867;-46,3153917;Segura;Sudeste;1 Trimestre
597964;2024.0;n;5.0;2024-05-03;RN;304;46;MOSSORO;Acessar a via sem observar a presença dos outros veículos;Com Vítimas Fatais;2;Céu Claro;Pleno dia;sexta-feira;Colisão transversal;Dupla;1;0;-5.22579384;-37.340046;Perigosa;Nordeste;2 Trimestre
601425;2024.0;n;5.0;2024-05-18;SC;163;105;SAO JOSE DO CEDRO;Ingestão de álcool pelo condutor;Com Vítimas Feridas;2;Chuva;Plena Noite;sábado;Colisão lateral sentido oposto;Múltipla;0;0;-26.44252575;-53.51491928;Segura;Sul;2 Trimestre
598578;2024.0;n;5.0;2024-05-06;RJ;101;257;RIO BONITO;Condutor deixou de manter distância do veículo da frente;Com Vítimas Feridas;2;Nevoeiro/Neblina;Amanhecer;segunda-feira;Colisão traseira;Dupla;0;0;-22.69819894;-42.57804701;Segura;Sudeste;2 Trimestre
602155;2024.0;n;5.0;2024-05-22;PE;232;27;MORENO;Reação tardia ou ineficiente do condutor;Com Vítimas Feridas;1;Céu Claro;Pleno dia;quarta-feira;Tombamento;Dupla;0;0;-8.11418416;-35.12568999;Segura;Nordeste;2 Trimestre
626103;2024.0;n;9.0;2024-09-06;PR;116;135;FAZENDA RIO GRANDE;Ausência de sinalização;Com Vítimas Fatais;3;Céu Claro;Pleno dia;sexta-feira;Colisão transversal;Dupla;2;0;-25.71794561;-49.3182385;Perigosa;Sul;3 Trimestre
627450;2024.0;n;9.0;2024-09-12;CE;116;163;RUSSAS;Acessar a via sem observar a presença dos outros veículos;Com Vítimas Feridas;3;Céu Claro;Pleno dia;quinta-feira;Colisão transversal;Simples;0;1;-4.92182572;-37.99428792;Perigosa;Nordeste;3 Trimestre
617924;2024.0;n;7.0;2024-07-30;SC;101;1;GARUVA;Manobra de mudança de faixa;Sem Vítimas;3;Nublado;Pleno dia;terça-feira;Colisão traseira;Múltipla;0;0;-25.98895627;-48.88356133;Segura;Sul;3 Trimestre
662304;2025.0;n;2.0;2025-02-19;SP;116;228;SAO PAULO;Ultrapassagem Indevida;Com Vítimas Feridas;2;Sol;Pleno dia;quarta-feira;Colisão lateral mesmo sentido;Múltipla;0;0;-23,50343484;-46,56638712;Segura;Sudeste;1 Trimestre
603764;2024.0;n;5.0;2024-05-29;BA;116;644;JAGUAQUARA;Condutor deixou de manter distância do veículo da frente;Com Vítimas Feridas;2;Céu Claro;Pleno dia;quarta-feira;Colisão traseira;Simples;0;0;-13.56327202;-40.0799949;Segura;Nordeste;2 Trimestre
665544;2025.0;n;3.0;2025-03-06;RJ;116;233,8;PIRAI;Ausência de reação do condutor;Com Vítimas Feridas;3;Sol;Pleno dia;quinta-feira;Colisão traseira;Dupla;0;1;-22,66666667;-43,84361111;Perigosa;Sudeste;1 Trimestre
685318;2025.0;n;4.0;2025-04-17;RS;448;11;CANOAS;Reação tardia ou ineficiente do condutor;Com Vítimas Feridas;3;Céu Claro;Pleno dia;quinta-feira;Colisão lateral mesmo sentido;Múltipla;0;0;-29,89192453;-51,2422009;Segura;Sul;2 Trimestre
653454;2025.0;n;1.0;2025-01-06;BA;116;664;JEQUIE;Ultrapassagem Indevida;Com Vítimas Feridas;3;Céu Claro;Pleno dia;segunda-feira;Colisão frontal;Simples;0;0;-13,73294498;-40,09867203;Segura;Nordeste;1 Trimestre
616095;2024.0;n;7.0;2024-07-22;PI;343;316,6;ALTOS;Condutor deixou de manter distância do veículo da frente;Com Vítimas Feridas;5;Céu Claro;Amanhecer;segunda-feira;Engavetamento;Simples;0;0;-5.046231;-42.535843;Segura;Nordeste;3 Trimestre
662524;2025.0;n;1.0;2025-01-21;MG;40;801;MATIAS BARBOSA;Manobra de mudança de faixa;Com Vítimas Feridas;2;Céu Claro;Pleno dia;terça-feira;Colisão traseira;Dupla;0;0;-21,83328695;-43,37334752;Segura;Sudeste;1 Trimestre
658107;2025.0;n;1.0;2025-01-29;MG;381;368;SAO GONCALO DO RIO ABAIXO;Pista Escorregadia;Com Vítimas Feridas;3;Chuva;Plena Noite;quarta-feira;Colisão frontal;Simples;0;1;-19,85072732;-43,28377384;Perigosa;Sudeste;1 Trimestre
598309;2024.0;n;5.0;2024-05-04;MG;381;575,9;ITAGUARA;Demais falhas mecânicas ou elétricas;Sem Vítimas;2;Céu Claro;Pleno dia;sábado;Incêndio;Dupla;0;0;-20.47362595;-44.58422842;Segura;Sudeste;2 Trimestre
589731;2024.0;n;1.0;2024-01-10;PR;376;379,5;IMBAU;Entrada inopinada do pedestre;Com Vítimas Fatais;2;Céu Claro;Plena Noite;quarta-feira;Atropelamento de Pedestre;Simples;1;0;-24.39632692;-50.78340501;Perigosa;Sul;1 Trimestre
670171;2025.0;n;3.0;2025-03-28;GO;40;6;VALPARAISO DE GOIAS;Condutor deixou de manter distância do veículo da frente;Com Vítimas Feridas;4;Nublado;Plena Noite;sexta-feira;Colisão traseira;Dupla;0;0;-16,105;-47,973;Segura;Centro-Oeste;1 Trimestre
668038;2025.0;n;3.0;2025-03-18;PA;10;17;DOM ELISEU;Acessar a via sem observar a presença dos outros veículos;Com Vítimas Feridas;2;Céu Claro;Pleno dia;terça-feira;Queda de ocupante de veículo;Simples;0;0;-4,299375;-47,556163;Segura;Norte;1 Trimestre
657666;2025.0;n;1.0;2025-01-27;BA;101;916,9;NOVA VICOSA;Acessar a via sem observar a presença dos outros veículos;Com Vítimas Fatais;3;Céu Claro;Pleno dia;segunda-feira;Colisão traseira;Simples;1;1;-17,86061142;-39,80354118;Perigosa;Nordeste;1 Trimestre
581886;2024.0;n;2.0;2024-02-18;SP;116;312;SAO LOURENCO DA SERRA;Trafegar com motocicleta (ou similar) entre as faixas;Com Vítimas Feridas;4;Nublado;Pleno dia;domingo;Colisão lateral mesmo sentido;Dupla;0;1;-23.88342825;-46.97368879;Perigosa;Sudeste;1 Trimestre
687907;2025.0;n;4.0;2025-04-28;TO;153;284;BRASILANDIA DO TOCANTINS;Acessar a via sem observar a presença dos outros veículos;Com Vítimas Feridas;2;Céu Claro;Anoitecer;segunda-feira;Colisão transversal;Simples;0;1;-8,39038889;-48,48679572;Perigosa;Norte;2 Trimestre
573719;2024.0;n;1.0;2024-01-10;RJ;493;81;JAPERI;Ausência de reação do condutor;Com Vítimas Feridas;1;Céu Claro;Pleno dia;quarta-feira;Saída de leito carroçável;Dupla;0;0;-22.6619872;-43.62773895;Segura;Sudeste;1 Trimestre
629156;2024.0;n;9.0;2024-09-19;MT;70;275;PRIMAVERA DO LESTE;Ultrapassagem Indevida;Com Vítimas Fatais;4;Sol;Pleno dia;quinta-feira;Colisão frontal;Simples;1;0;-15.54957476;-54.25390412;Perigosa;Centro-Oeste;3 Trimestre
667775;2025.0;n;3.0;2025-03-17;SP;116;217;GUARULHOS;Trafegar com motocicleta (ou similar) entre as faixas;Com Vítimas Feridas;3;Céu Claro;Pleno dia;segunda-feira;Colisão traseira;Dupla;0;0;-23,45368573;-46,47074866;Segura;Sudeste;1 Trimestre
591768;2024.0;n;4.0;2024-04-04;RJ;493;50;DUQUE DE CAXIAS;Reação tardia ou ineficiente do condutor;Sem Vítimas;2;Céu Claro;Pleno dia;quinta-feira;Colisão lateral mesmo sentido;Dupla;0;0;-22.66929172;-43.30898523;Segura;Sudeste;2 Trimestre
629817;2024.0;n;9.0;2024-09-22;BA;324;579,1;CANDEIAS;Reação tardia ou ineficiente do condutor;Com Vítimas Feridas;2;Sol;Pleno dia;domingo;Saída de leito carroçável;Dupla;0;0;-12.60078;-38.505563;Segura;Nordeste;3 Trimestre
625787;2024.0;n;9.0;2024-09-04;MG;251;457,3;GRAO MOGOL;Condutor Dormindo;Com Vítimas Feridas;2;Céu Claro;Pleno dia;quarta-feira;Saída de leito carroçável;Simples;0;0;-16.41786952;-43.35991682;Segura;Sudeste;3 Trimestre