id;ano;feriado;mes;data_inversa;uf;br;km;municipio;causa_acidente;classificacao_acidente;veiculos;condicao_metereologica;fase_dia;dia_semana;tipo_acidente;tipo_pista;mortos;feridos_graves;latitude;longitude;status;regiao;periodo
575488;2024.0;n;1.0;2024-01-18;SC;101;233;PALHOCA;Ausência de reação do condutor;Com Vítimas Feridas;4;Chuva;Pleno dia;quinta-feira;Saída de leito carroçável;Múltipla;0;0;-27.80376397;-48.63826211;Segura;Sul;1 Trimestre
672837;2025.0;n;4.0;2025-04-10;PA;155;316;MARABA;Demais falhas mecânicas ou elétricas;Com Vítimas Fatais;5;Céu Claro;Plena Noite;quinta-feira;Colisão traseira;Simples;1;0;-5,613197;-49,087664;Perigosa;Norte;2 Trimestre
659735;2025.0;n;2.0;2025-02-07;PE;232;230,5;PESQUEIRA;Ausência de reação do condutor;Com Vítimas Feridas;3;Nublado;Plena Noite;sexta-feira;Colisão lateral mesmo sentido;Simples;0;0;-8,40315513;-36,88346699;Segura;Nordeste;1 Trimestre
615136;2024.0;n;7.0;2024-07-18;PR;158;507;CORONEL VIVIDA;Velocidade Incompatível;Com Vítimas Feridas;2;Nevoeiro/Neblina;Plena Noite;quinta-feira;Saída de leito carroçável;Simples;0;0;-26.02180124;-52.57733183;Segura;Sul;3 Trimestre
586085;2024.0;n;3.0;2024-03-09;MT;158;728;BARRA DO GARCAS;Manobra de mudança de faixa;Com Vítimas Feridas;3;Sol;Pleno dia;sábado;Tombamento;Simples;0;0;-15.29706578;-52.17788754;Segura;Centro-Oeste;1 Trimestre
610301;2024.0;n;6.0;2024-06-27;RN;110;48,1;MOSSORO;Condutor desrespeitou a iluminação vermelha do semáforo;Com Vítimas Feridas;2;Céu Claro;Pleno dia;quinta-feira;Colisão transversal;Múltipla;0;1;-5.20881178;-37.33285083;Perigosa;Nordeste;2 Trimestre
590379;2024.0;n;3.0;2024-03-28;PE;232;77;GRAVATA;Entrada inopinada do pedestre;Com Vítimas Feridas;2;Céu Claro;Plena Noite;quinta-feira;Atropelamento de Pedestre;Dupla;0;1;-8.19579864;-35.56962305;Perigosa;Nordeste;1 Trimestre
587132;2024.0;n;3.0;2024-03-13;PA;316;119;SANTA MARIA DO PARA;Entrada inopinada do pedestre;Com Vítimas Feridas;2;Céu Claro;Plena Noite;quarta-feira;Atropelamento de Pedestre;Simples;0;1;-1.313478;-47.432678;Perigosa;Norte;1 Trimestre
656176;2025.0;n;1.0;2025-01-20;MS;163;567;BANDEIRANTES;Condutor Dormindo;Com Vítimas Feridas;2;Céu Claro;Amanhecer;segunda-feira;Saída de leito carroçável;Simples;0;0;-19,75811396;-54,35853617;Segura;Centro-Oeste;1 Trimestre
594324;2024.0;n;4.0;2024-04-15;TO;153;345;GUARAI;Ultrapassagem Indevida;Sem Vítimas;6;Céu Claro;Pleno dia;segunda-feira;Tombamento;Simples;0;0;-8.93832265;-48.50669861;Segura;Norte;2 Trimestre
671942;2025.0;n;4.0;2025-04-06;RJ;393;114;SAPUCAIA;Velocidade Incompatível;Com Vítimas Feridas;2;Céu Claro;Pleno dia;domingo;Saída de leito carroçável;Simples;0;0;-21,9216282;-42,7678491;Segura;Sudeste;2 Trimestre
659754;2025.0;n;2.0;2025-02-07;MT;163;1078;GUARANTA DO NORTE;Ingestão de álcool pelo condutor;Com Vítimas Feridas;2;Céu Claro;Plena Noite;sexta-feira;Colisão traseira;Simples;0;0;-9,84387175;-54,88143705;Segura;Centro-Oeste;1 Trimestre
685455;2025.0;n;4.0;2025-04-17;SC;470;94;APIUNA;Condutor Dormindo;Com Vítimas Feridas;4;Céu Claro;Pleno dia;quinta-feira;Colisão lateral sentido oposto;Simples;0;0;-27,03610919;-49,38952357;Segura;Sul;2 Trimestre
669909;2025.0;n;3.0;2025-03-27;PR;163;141;CAPITAO LEONIDAS MARQUES;Acessar a via sem observar a presença dos outros veículos;Com Vítimas Feridas;2;Sol;Pleno dia;quinta-feira;Colisão transversal;Simples;0;0;-25,47128253;-53,58361334;Segura;Sul;1 Trimestre
598971;2024.0;n;5.0;2024-05-08;GO;364;238;JATAI;Transitar na contramão;Com Vítimas Fatais;6;Céu Claro;Plena Noite;quarta-feira;Saída de leito carroçável;Simples;1;0;-17.786484;-52.065704;Perigosa;Centro-Oeste;2 Trimestre
583923;2024.0;n;2.0;2024-02-28;MA;135;0,4;SAO LUIS;Acessar a via sem observar a presença dos outros veículos;Com Vítimas Fatais;3;Nublado;Plena Noite;quarta-feira;Colisão transversal;Dupla;1;0;-2.585244;-44.242971;Perigosa;Nordeste;1 Trimestre
574868;2024.0;n;1.0;2024-01-14;BA;101;344;TEOLANDIA;Transitar na contramão;Com Vítimas Fatais;2;Céu Claro;Plena Noite;domingo;Colisão frontal;Simples;1;0;-13.59043065;-39.48040009;Perigosa;Nordeste;1 Trimestre
576490;2024.0;n;1.0;2024-01-22;RS;290;102;PORTO ALEGRE;Reação tardia ou ineficiente do condutor;Com Vítimas Fatais;7;Céu Claro;Anoitecer;segunda-feira;Colisão traseira;Dupla;1;0;-29.99054914;-51.2685585;Perigosa;Sul;1 Trimestre
613110;2024.0;n;5.0;2024-05-03;PR;373;183,5;PONTA GROSSA;Acessar a via sem observar a presença dos outros veículos;Com Vítimas Feridas;2;Céu Claro;Pleno dia;sexta-feira;Colisão transversal;Dupla;0;0;-25.04420006;-50.28426695;Segura;Sul;2 Trimestre
671512;2025.0;n;4.0;2025-04-04;MG;116;776,1;LEOPOLDINA;Transitar na contramão;Com Vítimas Fatais;3;Céu Claro;Pleno dia;sexta-feira;Colisão lateral sentido oposto;Simples;1;0;-21,595584;-42,688923;Perigosa;Sudeste;2 Trimestre
622867;2024.0;n;8.0;2024-08-22;MG;381;948;EXTREMA;Condutor deixou de manter distância do veículo da frente;Com Vítimas Feridas;2;Céu Claro;Pleno dia;quinta-feira;Colisão traseira;Dupla;0;0;-22.871794;-46.361319;Segura;Sudeste;3 Trimestre
670167;2025.0;n;3.0;2025-03-28;PR;376;470;PONTA GROSSA;Problema com o freio;Com Vítimas Feridas;9;Céu Claro;Pleno dia;sexta-feira;Colisão traseira;Dupla;0;0;-25,017201;-50,336666;Segura;Sul;1 Trimestre
605584;2024.0;n;6.0;2024-06-06;RS;290;112;ELDORADO DO SUL;Transitar na contramão;Com Vítimas Feridas;3;Céu Claro;Plena Noite;quinta-feira;Colisão traseira;Dupla;0;0;-30.040455;-51.329193;Segura;Sul;2 Trimestre
687452;2025.0;n;4.0;2025-04-26;BA;116;286;TUCANO;Condutor Dormindo;Com Vítimas Feridas;2;Céu Claro;Amanhecer;sábado;Saída de leito carroçável;Simples;0;1;-11,067062;-38,837763;Perigosa;Nordeste;2 Trimestre
672041;2025.0;n;4.0;2025-04-06;SP;381;1;VARGEM;Ausência de reação do condutor;Sem Vítimas;2;Nublado;Plena Noite;domingo;Colisão traseira;Dupla;0;0;-22,88137459;-46,37947083;Segura;Sudeste;2 Trimestre
628247;2024.0;n;9.0;2024-09-15;GO;153;33;PORANGATU;Demais falhas mecânicas ou elétricas;Sem Vítimas;2;Céu Claro;Pleno dia;domingo;Incêndio;Simples;0;0;-13.111895;-49.202221;Segura;Centro-Oeste;3 Trimestre
591240;2024.0;n;4.0;2024-04-01;MS;158;94;PARANAIBA;Condutor deixou de manter distância do veículo da frente;Sem Vítimas;3;Céu Claro;Pleno dia;segunda-feira;Colisão lateral mesmo sentido;Dupla;0;0;-19.68300402;-51.20065706;Segura;Centro-Oeste;2 Trimestre
580207;2024.0;n;2.0;2024-02-10;SC;101;121;ITAJAI;Reação tardia ou ineficiente do condutor;Com Vítimas Feridas;4;Céu Claro;Pleno dia;sábado;Colisão traseira;Dupla;0;0;-26.92103178;-48.70856446;Segura;Sul;1 Trimestre
670899;2025.0;n;4.0;2025-04-01;PB;230;215;SOLEDADE;Ausência de reação do condutor;Sem Vítimas;3;Sol;Pleno dia;terça-feira;Colisão traseira;Simples;0;0;-7,058937;-36,36581;Segura;Nordeste;2 Trimestre
595578;2024.0;y;4.0;2024-04-21;BA;101;428,2;MARAU;Velocidade Incompatível;Com Vítimas Fatais;2;Chuva;Plena Noite;domingo;Saída de leito carroçável;Simples;1;0;-14.172033;-39.323475;Perigosa;Nordeste;2 Trimestre
656728;2025.0;n;1.0;2025-01-22;GO;153;574,9;PROFESSOR JAMIL;Reação tardia ou ineficiente do condutor;Com Vítimas Feridas;2;Chuva;Anoitecer;quarta-feira;Saída de leito carroçável;Dupla;0;0;-17,3387;-49,2399;Segura;Centro-Oeste;1 Trimestre
594495;2024.0;n;4.0;2024-04-17;SP;116;388;MIRACATU;Reação tardia ou ineficiente do condutor;Com Vítimas Feridas;4;Céu Claro;Pleno dia;quarta-feira;Colisão traseira;Dupla;0;0;-24.26919492;-47.39740603;Segura;Sudeste;2 Trimestre
598616;2024.0;n;5.0;2024-05-06;CE;222;1,6;FORTALEZA;Demais falhas mecânicas ou elétricas;Sem Vítimas;2;Céu Claro;Pleno dia;segunda-feira;Colisão frontal;Múltipla;0;0;-3.737804;-38.578061;Segura;Nordeste;2 Trimestre
667647;2025.0;n;3.0;2025-03-16;PR;153;119,5;IBAITI;Velocidade Incompatível;Com Vítimas Feridas;2;Céu Claro;Pleno dia;domingo;Tombamento;Simples;0;0;-23,91915782;-50,23296833;Segura;Sul;1 Trimestre
662648;2025.0;n;2.0;2025-02-21;ES;101;264;SERRA;Condutor desrespeitou a iluminação vermelha do semáforo;Com Vítimas Feridas;2;Sol;Amanhecer;sexta-feira;Colisão transversal;Dupla;0;0;-20,17292791;-40,26736384;Segura;Sudeste;1 Trimestre
586613;2024.0;n;3.0;2024-03-11;GO;50;99;CRISTALINA;Ingestão de substâncias psicoativas pelo condutor;Sem Vítimas;6;Céu Claro;Pleno dia;segunda-feira;Colisão lateral mesmo sentido;Dupla;0;0;-16.9309;-47.7117;Segura;Centro-Oeste;1 Trimestre
653214;2025.0;n;1.0;2025-01-04;RO;435;85,3;COLORADO DO OESTE;Ultrapassagem Indevida;Com Vítimas Feridas;3;Céu Claro;Anoitecer;sábado;Colisão transversal;Simples;0;0;-13,11884911;-60,53173398;Segura;Norte;1 Trimestre
630490;2024.0;n;9.0;2024-09-25;RJ;101;286;ITABORAI;Manobra de mudança de faixa;Com Vítimas Feridas;3;Céu Claro;Pleno dia;quarta-feira;Colisão transversal;Dupla;0;0;-22.75409331;-42.82491696;Segura;Sudeste;3 Trimestre
659012;2025.0;n;2.0;2025-02-03;RS;392;67;PELOTAS;Acessar a via sem observar a presença dos outros veículos;Com Vítimas Feridas;2;Céu Claro;Pleno dia;segunda-feira;Colisão transversal;Dupla;0;0;-31,75691695;-52,40076184;Segura;Sul;1 Trimestre
616617;2024.0;n;7.0;2024-07-24;PR;369;166,6;CAMBE;Manobra de mudança de faixa;Com Vítimas Feridas;5;Céu Claro;Pleno dia;quarta-feira;Engavetamento;Dupla;0;0;-23.29529604;-51.29549325;Segura;Sul;3 Trimestre
627415;2024.0;n;9.0;2024-09-11;AM;319;306;MANICORE;Reação tardia ou ineficiente do condutor;Sem Vítimas;3;Sol;Pleno dia;quarta-feira;Colisão traseira;Simples;0;0;-4.97500652;-61.56497955;Segura;Norte;3 Trimestre
656932;2025.0;n;1.0;2025-01-23;MG;364;32,8;FRUTAL;Velocidade Incompatível;Com Vítimas Feridas;4;Chuva;Pleno dia;quinta-feira;Colisão com objeto;Simples;0;0;-20,025185;-48,94096;Segura;Sudeste;1 Trimestre
670983;2025.0;n;4.0;2025-04-01;RS;285;529,7;SAO LUIZ GONZAGA;Velocidade Incompatível;Com Vítimas Feridas;2;Céu Claro;Plena Noite;terça-feira;Colisão traseira;Simples;0;0;-28,411335;-54,570077;Segura;Sul;2 Trimestre
605442;2024.0;n;6.0;2024-06-05;PR;153;39,7;SANTO ANTONIO DA PLATINA;Demais falhas mecânicas ou elétricas;Com Vítimas Feridas;3;Céu Claro;Anoitecer;quarta-feira;Colisão traseira;Simples;0;0;-23.28009306;-50.05594254;Segura;Sul;2 Trimestre
580353;2024.0;n;2.0;2024-02-10;RO;364;21,8;VILHENA;Reação tardia ou ineficiente do condutor;Com Vítimas Feridas;10;Chuva;Pleno dia;sábado;Colisão frontal;Simples;0;2;-12.72595705;-60.192765;Perigosa;Norte;1 Trimestre
593333;2024.0;n;4.0;2024-04-11;SP;116;223;GUARULHOS;Reação tardia ou ineficiente do condutor;Com Vítimas Feridas;3;Céu Claro;Pleno dia;quinta-feira;Colisão lateral mesmo sentido;Dupla;0;0;-23.47559815;-46.5246609;Segura;Sudeste;2 Trimestre
604510;2024.0;n;6.0;2024-06-01;PI;135;163,8;BERTOLINIA;Reação tardia ou ineficiente do condutor;Com Vítimas Feridas;2;Céu Claro;Pleno dia;sábado;Saída de leito carroçável;Simples;0;0;-7.93173516;-43.79991531;Segura;Nordeste;2 Trimestre
574146;2024.0;n;1.0;2024-01-04;MG;381;350;JOAO MONLEVADE;Ausência de reação do condutor;Com Vítimas Feridas;5;Garoa/Chuvisco;Pleno dia;quinta-feira;Colisão traseira;Simples;0;3;-19.84953832;-43.15779198;Perigosa;Sudeste;1 Trimestre
663161;2025.0;n;2.0;2025-02-23;SP;116;474,9;JACUPIRANGA;Ausência de reação do condutor;Com Vítimas Feridas;3;Céu Claro;Pleno dia;domingo;Colisão traseira;Dupla;0;0;-24,6879219;-47,9905504;Segura;Sudeste;1 Trimestre
685434;2025.0;n;4.0;2025-04-17;PR;376;605;CURITIBA;Trafegar com motocicleta (ou similar) entre as faixas;Com Vítimas Feridas;2;Nublado;Pleno dia;quinta-feira;Colisão lateral mesmo sentido;Dupla;0;0;-25,54086267;-49,31071389;Segura;Sul;2 Trimestre
627949;2024.0;n;9.0;2024-09-14;BA;116;28,9;VITORIA DA CONQUISTA;Condutor deixou de manter distância do veículo da frente;Com Vítimas Feridas;2;Céu Claro;Pleno dia;sábado;Colisão traseira;Simples;0;0;-14.851;-40.8485;Segura;Nordeste;3 Trimestre
662520;2025.0;n;1.0;2025-01-19;MT;364;541;ROSARIO OESTE;Carga excessiva e/ou mal acondicionada;Sem Vítimas;4;Céu Claro;Pleno dia;domingo;Incêndio;Simples;0;0;-14,92009078;-56,47771528;Segura;Centro-Oeste;1 Trimestre
607009;2024.0;n;6.0;2024-06-12;BA;116;200;EUCLIDES DA CUNHA;Chuva;Sem Vítimas;2;Chuva;Pleno dia;quarta-feira;Tombamento;Simples;0;0;-10.41092477;-39.04318151;Segura;Nordeste;2 Trimestre
591407;2024.0;n;4.0;2024-04-02;MG;381;268;CORONEL FABRICIANO;Ausência de reação do condutor;Com Vítimas Feridas;5;Céu Claro;Pleno dia;terça-feira;Colisão traseira;Simples;0;0;-19.53877668;-42.68374715;Segura;Sudeste;2 Trimestre
613702;2024.0;n;7.0;2024-07-11;BA;116;420;FEIRA DE SANTANA;Reação tardia ou ineficiente do condutor;Com Vítimas Feridas;4;Céu Claro;Pleno dia;quinta-feira;Colisão lateral mesmo sentido;Dupla;0;0;-12.20321398;-38.96555531;Segura;Nordeste;3 Trimestre
604674;2024.0;n;6.0;2024-06-02;PR;116;23,8;ANTONINA;Velocidade Incompatível;Com Vítimas Feridas;2;Céu Claro;Pleno dia;domingo;Tombamento;Simples;0;1;-25.112415;-48.763878;Perigosa;Sul;2 Trimestre
579349;2024.0;n;2.0;2024-02-06;CE;222;75,1;SAO GONCALO DO AMARANTE;Demais falhas mecânicas ou elétricas;Com Vítimas Feridas;1;Céu Claro;Pleno dia;terça-feira;Tombamento;Simples;0;0;-3.671003;-39.21995;Segura;Nordeste;1 Trimestre
575299;2024.0;n;1.0;2024-01-17;GO;452;134;ITUMBIARA;Condutor deixou de manter distância do veículo da frente;Com Vítimas Feridas;5;Garoa/Chuvisco;Pleno dia;quarta-feira;Colisão traseira;Simples;0;0;-18.24113336;-49.70845327;Segura;Centro-Oeste;1 Trimestre
663940;2025.0;n;2.0;2025-02-27;CE;222;264,5;COREAU;Ingestão de álcool pelo condutor;Com Vítimas Fatais;2;Nublado;Plena Noite;quinta-feira;Colisão traseira;Simples;1;1;-3,749029;-40,695036;Perigosa;Nordeste;1 Trimestre
663101;2025.0;n;2.0;2025-02-23;GO;153;205;URUACU;Demais falhas mecânicas ou elétricas;Sem Vítimas;3;Céu Claro;Amanhecer;domingo;Incêndio;Simples;0;0;-14,5760351;-49,158116;Segura;Centro-Oeste;1 Trimestre
582878;2024.0;n;2.0;2024-02-23;MG;381;340,7;BELA VISTA DE MINAS;Reação tardia ou ineficiente do condutor;Com Vítimas Feridas;3;Céu Claro;Anoitecer;sexta-feira;Colisão traseira;Simples;0;0;-19.84087497;-43.09635354;Segura;Sudeste;1 Trimestre
671844;2025.0;n;4.0;2025-04-05;PR;476;222;LAPA;Manobra de mudança de faixa;Com Vítimas Feridas;9;Nublado;Plena Noite;sábado;Colisão frontal;Simples;0;1;-25,82444279;-49,92128491;Perigosa;Sul;2 Trimestre
663045;2025.0;n;2.0;2025-02-22;MG;381;351;JOAO MONLEVADE;Ingestão de álcool pelo condutor;Com Vítimas Feridas;3;Céu Claro;Plena Noite;sábado;Colisão frontal;Simples;0;2;-19,8508673;-43,14275265;Perigosa;Sudeste;1 Trimestre
587881;2024.0;n;3.0;2024-03-17;PR;476;35;ADRIANOPOLIS;Curva acentuada;Com Vítimas Feridas;3;Céu Claro;Pleno dia;domingo;Colisão lateral sentido oposto;Simples;0;1;-24.855257;-49.056932;Perigosa;Sul;1 Trimestre
665757;2025.0;n;3.0;2025-03-07;RS;116;28;VACARIA;Transitar na contramão;Sem Vítimas;3;Céu Claro;Pleno dia;sexta-feira;Colisão transversal;Simples;0;0;-28,4884992;-50,921472;Segura;Sul;1 Trimestre
624678;2024.0;n;8.0;2024-08-30;RJ;393;257,9;BARRA DO PIRAI;Velocidade Incompatível;Com Vítimas Feridas;3;Céu Claro;Plena Noite;sexta-feira;Tombamento;Simples;0;0;-22.4665038;-43.8574337;Segura;Sudeste;3 Trimestre
621595;2024.0;n;8.0;2024-08-16;MG;381;284;JAGUARACU;Transitar na contramão;Com Vítimas Fatais;4;Céu Claro;Pleno dia;sexta-feira;Colisão frontal;Simples;1;0;-19.61562462;-42.79145991;Perigosa;Sudeste;3 Trimestre
667969;2025.0;n;3.0;2025-03-17;GO;364;133;JATAI;Ausência de reação do condutor;Com Vítimas Feridas;4;Céu Claro;Plena Noite;segunda-feira;Colisão traseira;Simples;0;1;-17,9234062;-51,6899997;Perigosa;Centro-Oeste;1 Trimestre
610662;2024.0;n;6.0;2024-06-28;MG;365;751;ITUIUTABA;Transitar na contramão;Com Vítimas Feridas;2;Céu Claro;Pleno dia;sexta-feira;Colisão frontal;Simples;0;1;-18.93793339;-49.43876589;Perigosa;Sudeste;2 Trimestre
579196;2024.0;n;2.0;2024-02-05;MG;267;80,5;JUIZ DE FORA;Velocidade Incompatível;Sem Vítimas;3;Céu Claro;Pleno dia;segunda-feira;Colisão lateral sentido oposto;Simples;0;0;-21.75478617;-43.21241781;Segura;Sudeste;1 Trimestre
617468;2024.0;n;7.0;2024-07-28;SP;116;296;ITAPECERICA DA SERRA;Reação tardia ou ineficiente do condutor;Com Vítimas Feridas;3;Céu Claro;Pleno dia;domingo;Colisão traseira;Dupla;0;0;-23.775485;-46.914416;Segura;Sudeste;3 Trimestre
671608;2025.0;n;4.0;2025-04-04;GO;50;305;CUMARI;Demais falhas mecânicas ou elétricas;Sem Vítimas;4;Céu Claro;Plena Noite;sexta-feira;Incêndio;Dupla;0;0;-18,34599195;-48,03565979;Segura;Centro-Oeste;2 Trimestre
579370;2024.0;n;2.0;2024-02-06;MT;70;85;GENERAL CARNEIRO;Reação tardia ou ineficiente do condutor;Sem Vítimas;4;Céu Claro;Pleno dia;terça-feira;Tombamento;Simples;0;0;-15.67421693;-52.81408803;Segura;Centro-Oeste;1 Trimestre
661205;2025.0;n;2.0;2025-02-13;MT;163;583;NOVA MUTUM;Ingestão de álcool pelo condutor;Sem Vítimas;2;Nublado;Plena Noite;quinta-feira;Tombamento;Dupla;0;0;-14,05793518;-56,09856364;Segura;Centro-Oeste;1 Trimestre
620831;2024.0;n;8.0;2024-08-12;BA;20;163;SAO DESIDERIO;Demais Fenômenos da natureza;Sem Vítimas;4;Céu Claro;Pleno dia;segunda-feira;Incêndio;Simples;0;0;-12.58974806;-45.90860367;Segura;Nordeste;3 Trimestre
607858;2024.0;n;6.0;2024-06-16;MG;381;873,8;ESTIVA;Velocidade Incompatível;Com Vítimas Feridas;2;Céu Claro;Pleno dia;domingo;Tombamento;Dupla;0;0;-22.42051273;-45.965265;Segura;Sudeste;2 Trimestre
622788;2024.0;n;8.0;2024-08-22;GO;50;123;IPAMERI;Condutor Dormindo;Com Vítimas Fatais;4;Céu Claro;Plena Noite;quinta-feira;Colisão traseira;Dupla;2;0;-16.9488;-47.7319;Perigosa;Centro-Oeste;3 Trimestre
581240;2024.0;n;2.0;2024-02-15;SP;116;516;CAJATI;Reação tardia ou ineficiente do condutor;Com Vítimas Feridas;2;Chuva;Plena Noite;quinta-feira;Tombamento;Simples;0;0;-24.87423036;-48.2190838;Segura;Sudeste;1 Trimestre
575705;2024.0;n;1.0;2024-01-19;SP;116;92,3;PINDAMONHANGABA;Condutor deixou de manter distância do veículo da frente;Com Vítimas Feridas;3;Céu Claro;Pleno dia;sexta-feira;Colisão traseira;Dupla;0;0;-22.95222732;-45.40443885;Segura;Sudeste;1 Trimestre
575595;2024.0;n;1.0;2024-01-18;SP;116;282;EMBU DAS ARTES;Acessar a via sem observar a presença dos outros veículos;Com Vítimas Feridas;3;Garoa/Chuvisco;Plena Noite;quinta-feira;Colisão traseira;Dupla;0;0;-23.68570216;-46.85970975;Segura;Sudeste;1 Trimestre
663739;2025.0;n;2.0;2025-02-26;PR;277;484;NOVA LARANJEIRAS;Transitar na contramão;Com Vítimas Feridas;2;Céu Claro;Pleno dia;quarta-feira;Colisão frontal;Simples;0;0;-25,2608;-52,6263;Segura;Sul;1 Trimestre
599175;2024.0;n;5.0;2024-05-08;BA;116;628,6;JAGUAQUARA;Demais falhas mecânicas ou elétricas;Sem Vítimas;2;Céu Claro;Plena Noite;quarta-feira;Incêndio;Simples;0;0;-13.43446698;-40.02910213;Segura;Nordeste;2 Trimestre
586754;2024.0;n;3.0;2024-03-05;PI;343;495;AMARANTE;Condutor Dormindo;Com Vítimas Feridas;1;Céu Claro;Plena Noite;terça-feira;Colisão com objeto;Simples;0;0;-6.248091;-42.758327;Segura;Nordeste;1 Trimestre
688184;2025.0;n;4.0;2025-04-30;RJ;493;84;JAPERI;Reação tardia ou ineficiente do condutor;Com Vítimas Feridas;2;Chuva;Pleno dia;quarta-feira;Colisão traseira;Dupla;0;0;-22,65565522;-43,60738484;Segura;Sudeste;2 Trimestre
590874;2024.0;n;3.0;2024-03-30;PE;232;68;CHA GRANDE;Ingestão de substâncias psicoativas pelo condutor;Sem Vítimas;3;Céu Claro;Plena Noite;sábado;Tombamento;Dupla;0;0;-8.16728938;-35.47308397;Segura;Nordeste;1 Trimestre
598753;2024.0;n;5.0;2024-05-06;RR;174;291;CARACARAI;Condutor Dormindo;Sem Vítimas;4;Chuva;Plena Noite;segunda-feira;Tombamento;Simples;0;0;1.431452;-60.714272;Segura;Norte;2 Trimestre
663961;2025.0;n;2.0;2025-02-27;RS;116;145;CAXIAS DO SUL;Ausência de reação do condutor;Com Vítimas Feridas;2;Céu Claro;Pleno dia;quinta-feira;Colisão traseira;Dupla;0;1;-29,13430938;-51,12999558;Perigosa;Sul;1 Trimestre
585581;2024.0;n;3.0;2024-03-06;RJ;116;232;PIRAI;Carga excessiva e/ou mal acondicionada;Sem Vítimas;2;Nublado;Pleno dia;quarta-feira;Derramamento de carga;Dupla;0;0;-22.65604007;-43.83713888;Segura;Sudeste;1 Trimestre
659787;2025.0;n;2.0;2025-02-07;MT;163;1049;MATUPA;Ultrapassagem Indevida;Com Vítimas Feridas;3;Céu Claro;Amanhecer;sexta-feira;Colisão lateral sentido oposto;Simples;0;0;-10,21397874;-54,96594637;Segura;Centro-Oeste;1 Trimestre
669459;2025.0;n;3.0;2025-03-25;GO;40;11;LUZIANIA;Condutor deixou de manter distância do veículo da frente;Sem Vítimas;3;Céu Claro;Pleno dia;terça-feira;Colisão traseira;Dupla;0;0;-16,137317;-47,952652;Segura;Centro-Oeste;1 Trimestre
587322;2024.0;n;3.0;2024-03-15;MG;116;634;DIVINO;Curva acentuada;Com Vítimas Feridas;1;Nublado;Plena Noite;sexta-feira;Tombamento;Simples;0;0;-20.61516;-42.217882;Segura;Sudeste;1 Trimestre
624694;2024.0;n;8.0;2024-08-30;MG;381;642;SANTO ANTONIO DO AMPARO;Demais falhas mecânicas ou elétricas;Sem Vítimas;3;Céu Claro;Plena Noite;sexta-feira;Incêndio;Dupla;0;0;-20.93717503;-44.87533274;Segura;Sudeste;3 Trimestre
608000;2024.0;n;6.0;2024-06-16;PB;230;244;JUAZEIRINHO;Ingestão de álcool pelo condutor;Sem Vítimas;3;Céu Claro;Plena Noite;domingo;Colisão frontal;Simples;0;0;-7.06643726;-36.56926823;Segura;Nordeste;2 Trimestre
656150;2025.0;n;1.0;2025-01-19;SP;116;164,3;JACAREI;Reação tardia ou ineficiente do condutor;Com Vítimas Fatais;3;Nublado;Plena Noite;domingo;Colisão lateral mesmo sentido;Dupla;1;1;-23,29166028;-46,00002382;Perigosa;Sudeste;1 Trimestre
588644;2024.0;n;3.0;2024-03-20;PI;407;448;GEMINIANO;Ultrapassagem Indevida;Com Vítimas Feridas;3;Céu Claro;Pleno dia;quarta-feira;Colisão traseira;Simples;0;0;-7.23054734;-41.26589426;Segura;Nordeste;1 Trimestre
662644;2025.0;n;2.0;2025-02-21;MG;262;406,1;PARA DE MINAS;Ausência de reação do condutor;Com Vítimas Fatais;2;Céu Claro;Plena Noite;sexta-feira;Tombamento;Dupla;1;0;-19,89195069;-44,58054391;Perigosa;Sudeste;1 Trimestre
610100;2024.0;n;6.0;2024-06-26;RJ;116;247,8;PIRAI;Ausência de reação do condutor;Com Vítimas Feridas;3;Céu Claro;Plena Noite;quarta-feira;Colisão traseira;Dupla;0;0;-22.60655103;-43.93505207;Segura;Sudeste;2 Trimestre
587978;2024.0;n;3.0;2024-03-17;PR;376;307,5;MAUA DA SERRA;Velocidade Incompatível;Com Vítimas Feridas;2;Nublado;Pleno dia;domingo;Tombamento;Dupla;0;0;-23.95063437;-51.11880273;Segura;Sul;1 Trimestre
605042;2024.0;n;6.0;2024-06-03;PR;369;165,1;CAMBE;Acesso irregular;Com Vítimas Fatais;2;Céu Claro;Plena Noite;segunda-feira;Colisão frontal;Dupla;1;0;-23.295311;-51.296401;Perigosa;Sul;2 Trimestre
661373;2025.0;n;2.0;2025-02-14;PE;101;125;ESCADA;Condutor deixou de manter distância do veículo da frente;Com Vítimas Feridas;4;Céu Claro;Plena Noite;sexta-feira;Colisão traseira;Múltipla;0;1;-8,36501587;-35,22142966;Perigosa;Nordeste;1 Trimestre
588398;2024.0;n;1.0;2024-01-26;GO;364;204;JATAI;Ultrapassagem Indevida;Com Vítimas Fatais;5;Sol;Pleno dia;sexta-feira;Colisão frontal;Simples;1;0;-17.907591;-51.791985;Perigosa;Centro-Oeste;1 Trimestre
589580;2024.0;n;3.0;2024-03-24;MG;365;488,9;PATROCINIO;Ausência de reação do condutor;Com Vítimas Feridas;4;Chuva;Plena Noite;domingo;Colisão frontal;Simples;0;2;-18.90309317;-47.14086893;Perigosa;Sudeste;1 Trimestre
629694;2024.0;n;9.0;2024-09-21;MG;40;49;PARACATU;Ingestão de álcool pelo condutor;Com Vítimas Feridas;3;Céu Claro;Plena Noite;sábado;Colisão frontal;Simples;0;1;-17.23815248;-46.80976606;Perigosa;Sudeste;3 Trimestre
667268;2025.0;n;3.0;2025-03-14;ES;101;350;GUARAPARI;Reação tardia ou ineficiente do condutor;Com Vítimas Feridas;1;Céu Claro;Plena Noite;sexta-feira;Saída de leito carroçável;Dupla;0;0;-20,65845412;-40,61351978;Segura;Sudeste;1 Trimestre