id;ano;feriado;mes;data_inversa;uf;br;km;municipio;causa_acidente;classificacao_acidente;veiculos;condicao_metereologica;fase_dia;dia_semana;tipo_acidente;tipo_pista;mortos;feridos_graves;latitude;longitude;status;regiao;periodo
659879;2025.0;n;2.0;2025-02-07;MG;40;498,9;ESMERALDAS;Demais falhas na via;Com Vítimas Feridas;2;Céu Claro;Plena Noite;sexta-feira;Saída de leito carroçável;Dupla;0;0;-19,69292612;-44,17828038;Segura;Sudeste;1 Trimestre
617842;2024.0;n;6.0;2024-06-25;SP;381;32;ATIBAIA;Reação tardia ou ineficiente do condutor;Com Vítimas Feridas;4;Céu Claro;Plena Noite;terça-feira;Colisão lateral mesmo sentido;Dupla;0;0;-23.06461405;-46.57048121;Segura;Sudeste;2 Trimestre
609857;2024.0;n;6.0;2024-06-25;SP;116;499;CAJATI;Reação tardia ou ineficiente do condutor;Com Vítimas Feridas;1;Chuva;Plena Noite;terça-feira;Saída de leito carroçável;Simples;0;0;-24.78548776;-48.18191528;Segura;Sudeste;2 Trimestre
574183;2024.0;n;1.0;2024-01-12;MG;381;676,5;PERDOES;Mal súbito do condutor;Com Vítimas Feridas;4;Céu Claro;Pleno dia;sexta-feira;Colisão transversal;Múltipla;0;0;-21.12375684;-45.09790729;Segura;Sudeste;1 Trimestre
593070;2024.0;n;4.0;2024-04-10;PE;232;16;JABOATAO DOS GUARARAPES;Ausência de reação do condutor;Com Vítimas Feridas;1;Céu Claro;Pleno dia;quarta-feira;Saída de leito carroçável;Dupla;0;0;-8.09414193;-35.03716601;Segura;Nordeste;2 Trimestre
627845;2024.0;n;9.0;2024-09-13;RN;304;151,3;ANGICOS;Ultrapassagem Indevida;Com Vítimas Feridas;3;Céu Claro;Plena Noite;sexta-feira;Colisão lateral sentido oposto;Simples;0;0;-5.69239842;-36.58913393;Segura;Nordeste;3 Trimestre
593001;2024.0;n;4.0;2024-04-10;MS;163;429;CAMPO GRANDE;Condutor Dormindo;Com Vítimas Fatais;6;Nublado;Amanhecer;quarta-feira;Colisão frontal;Simples;6;0;-20.91031002;-54.49988209;Perigosa;Centro-Oeste;2 Trimestre
660822;2025.0;n;2.0;2025-02-11;MT;163;104,8;RONDONOPOLIS;Acumulo de água sobre o pavimento;Sem Vítimas;1;Chuva;Plena Noite;terça-feira;Saída de leito carroçável;Dupla;0;0;-16,6287819;-54,69729761;Segura;Centro-Oeste;1 Trimestre
575450;2024.0;n;1.0;2024-01-18;PR;376;10,5;MARINGA;Manobra de mudança de faixa;Com Vítimas Feridas;5;Céu Claro;Pleno dia;quinta-feira;Colisão lateral mesmo sentido;Dupla;0;1;-23.38215111;-51.91037698;Perigosa;Sul;1 Trimestre
667900;2025.0;n;3.0;2025-03-17;SP;116;134,6;SAO JOSE DOS CAMPOS;Manobra de mudança de faixa;Com Vítimas Feridas;3;Céu Claro;Pleno dia;segunda-feira;Colisão traseira;Dupla;0;0;-23,13997792;-45,76158192;Segura;Sudeste;1 Trimestre
668644;2025.0;n;3.0;2025-03-19;PA;163;981,5;SANTAREM;Reação tardia ou ineficiente do condutor;Sem Vítimas;3;Nublado;Pleno dia;quarta-feira;Colisão traseira;Simples;0;0;-2,62917092;-54,74150509;Segura;Norte;1 Trimestre
602878;2024.0;n;5.0;2024-05-25;MG;381;916,1;CAMANDUCAIA;Mal súbito do condutor;Com Vítimas Feridas;1;Céu Claro;Pleno dia;sábado;Saída de leito carroçável;Dupla;0;0;-22.76274616;-46.17087395;Segura;Sudeste;2 Trimestre
615746;2024.0;n;7.0;2024-07-20;SC;480;129;CHAPECO;Ausência de sinalização;Com Vítimas Feridas;4;Céu Claro;Pleno dia;sábado;Colisão lateral mesmo sentido;Simples;0;1;-27.04656607;-52.63577131;Perigosa;Sul;3 Trimestre
666718;2025.0;n;3.0;2025-03-12;MT;364;527;ROSARIO OESTE;Ausência de reação do condutor;Com Vítimas Feridas;6;Céu Claro;Pleno dia;quarta-feira;Colisão traseira;Simples;0;0;-14,91201359;-56,47081339;Segura;Centro-Oeste;1 Trimestre
591459;2024.0;n;4.0;2024-04-02;SP;153;272;OCAUCU;Reação tardia ou ineficiente do condutor;Sem Vítimas;3;Nublado;Plena Noite;terça-feira;Colisão lateral sentido oposto;Simples;0;0;-22.36254299;-49.88596698;Segura;Sudeste;2 Trimestre
671485;2025.0;n;4.0;2025-04-04;BA;110;321;ALAGOINHAS;Demais falhas mecânicas ou elétricas;Com Vítimas Feridas;1;Sol;Pleno dia;sexta-feira;Saída de leito carroçável;Simples;0;1;-12,00387861;-38,36442947;Perigosa;Nordeste;2 Trimestre
658366;2025.0;n;1.0;2025-01-31;GO;80;99,9;VILA PROPICIO;Velocidade Incompatível;Com Vítimas Feridas;6;Nublado;Pleno dia;sexta-feira;Colisão traseira;Simples;0;1;-15,202273;-48,75209;Perigosa;Centro-Oeste;1 Trimestre
669640;2025.0;n;3.0;2025-03-26;MT;163;823;SINOP;Retorno proibido;Com Vítimas Feridas;5;Nublado;Pleno dia;quarta-feira;Colisão transversal;Simples;0;3;-11,96368221;-55,51696837;Perigosa;Centro-Oeste;1 Trimestre
652722;2025.0;n;1.0;2025-01-02;PR;163;82;PLANALTO;Pedestre cruzava a pista fora da faixa;Com Vítimas Feridas;2;Céu Claro;Pleno dia;quinta-feira;Atropelamento de Pedestre;Simples;0;0;-25,73774102;-53,80206511;Segura;Sul;1 Trimestre
653148;2025.0;n;1.0;2025-01-04;RS;470;255,9;SALVADOR DO SUL;Desrespeitar a preferência no cruzamento;Com Vítimas Feridas;2;Céu Claro;Pleno dia;sábado;Colisão transversal;Simples;0;0;-29,44101207;-51,50787592;Segura;Sul;1 Trimestre
628640;2024.0;n;9.0;2024-09-17;ES;101;348,9;ANCHIETA;Transitar na contramão;Com Vítimas Feridas;3;Nublado;Pleno dia;terça-feira;Colisão frontal;Simples;0;2;-20.65106201;-40.635267;Perigosa;Sudeste;3 Trimestre
621853;2024.0;n;8.0;2024-08-17;GO;70;3,5;AGUAS LINDAS DE GOIAS;Condutor deixou de manter distância do veículo da frente;Com Vítimas Feridas;2;Céu Claro;Pleno dia;sábado;Colisão traseira;Dupla;0;0;-15.76177302;-48.2368693;Segura;Centro-Oeste;3 Trimestre
577408;2024.0;n;1.0;2024-01-27;MG;116;645,4;FERVEDOURO;Condutor deixou de manter distância do veículo da frente;Com Vítimas Feridas;3;Nublado;Pleno dia;sábado;Colisão traseira;Simples;0;1;-20.6788531;-42.27154792;Perigosa;Sudeste;1 Trimestre
599453;2024.0;n;5.0;2024-05-10;BA;367;53;PORTO SEGURO;Reação tardia ou ineficiente do condutor;Com Vítimas Feridas;1;Chuva;Pleno dia;sexta-feira;Saída de leito carroçável;Simples;0;0;-16.378579;-39.320596;Segura;Nordeste;2 Trimestre
688051;2025.0;n;4.0;2025-04-29;PR;369;176,6;ROLANDIA;Acessar a via sem observar a presença dos outros veículos;Com Vítimas Feridas;2;Céu Claro;Pleno dia;terça-feira;Colisão transversal;Dupla;0;1;-23,333;-51,389;Perigosa;Sul;2 Trimestre
591993;2024.0;n;4.0;2024-04-05;PR;277;590,2;CASCAVEL;Condutor deixou de manter distância do veículo da frente;Com Vítimas Feridas;6;Chuva;Anoitecer;sexta-feira;Engavetamento;Simples;0;0;-24.98120697;-53.45591501;Segura;Sul;2 Trimestre
578280;2024.0;n;2.0;2024-02-01;ES;101;443,5;MIMOSO DO SUL;Condutor Dormindo;Com Vítimas Feridas;2;Céu Claro;Plena Noite;quinta-feira;Colisão frontal;Simples;0;3;-21.09789425;-41.25305078;Perigosa;Sudeste;1 Trimestre
575901;2024.0;n;1.0;2024-01-20;BA;101;907,1;IBIRAPUA;Frear bruscamente;Com Vítimas Feridas;5;Céu Claro;Pleno dia;sábado;Colisão frontal;Simples;0;0;-17.7911892;-39.77977753;Segura;Nordeste;1 Trimestre
628931;2024.0;n;9.0;2024-09-18;MG;381;714,9;CARMO DA CACHOEIRA;Ausência de reação do condutor;Com Vítimas Feridas;8;Céu Claro;Pleno dia;quarta-feira;Engavetamento;Dupla;0;0;-21.412341;-45.21069006;Segura;Sudeste;3 Trimestre
620612;2024.0;n;8.0;2024-08-11;SE;101;69,9;MARUIM;Desrespeitar a preferência no cruzamento;Sem Vítimas;3;Céu Claro;Plena Noite;domingo;Colisão transversal;Simples;0;0;-10.72937357;-37.0810103;Segura;Nordeste;3 Trimestre
686026;2025.0;n;4.0;2025-04-19;MG;40;595,8;OURO PRETO;Ausência de reação do condutor;Com Vítimas Feridas;1;Chuva;Plena Noite;sábado;Saída de leito carroçável;Simples;0;0;-20,41339508;-43,89428884;Segura;Sudeste;2 Trimestre
588866;2024.0;n;3.0;2024-03-21;RS;116;24,1;VACARIA;Reação tardia ou ineficiente do condutor;Sem Vítimas;3;Chuva;Pleno dia;quinta-feira;Colisão frontal;Simples;0;0;-28.39810374;-50.85160344;Segura;Sul;1 Trimestre
602229;2024.0;n;5.0;2024-05-22;BA;324;0,2;FEIRA DE SANTANA;Condutor deixou de manter distância do veículo da frente;Com Vítimas Feridas;3;Sol;Pleno dia;quarta-feira;Colisão traseira;Dupla;0;0;-12.27478;-38.93932;Segura;Nordeste;2 Trimestre
591196;2024.0;n;4.0;2024-04-01;PR;277;583;CASCAVEL;Manobra de mudança de faixa;Com Vítimas Feridas;2;Céu Claro;Pleno dia;segunda-feira;Colisão lateral mesmo sentido;Dupla;0;0;-24.97165493;-53.39428595;Segura;Sul;2 Trimestre
579808;2024.0;n;2.0;2024-02-08;MS;163;449;CAMPO GRANDE;Manobra de mudança de faixa;Com Vítimas Feridas;5;Céu Claro;Pleno dia;quinta-feira;Colisão lateral sentido oposto;Simples;0;0;-20.73342883;-54.53902046;Segura;Centro-Oeste;1 Trimestre
611460;2024.0;n;7.0;2024-07-02;MT;174;269;VALE DE SAO DOMINGOS;Ingestão de álcool pelo condutor;Com Vítimas Feridas;2;Céu Claro;Plena Noite;terça-feira;Saída de leito carroçável;Simples;0;0;-15.3729224;-59.1880703;Segura;Centro-Oeste;3 Trimestre
598636;2024.0;n;5.0;2024-05-06;PE;101;52,1;PAULISTA;Trafegar com motocicleta (ou similar) entre as faixas;Com Vítimas Feridas;7;Céu Claro;Pleno dia;segunda-feira;Colisão lateral mesmo sentido;Dupla;0;1;-7.92358799;-34.89607201;Perigosa;Nordeste;2 Trimestre
591744;2024.0;n;2.0;2024-02-16;MG;381;429;SABARA;Reação tardia ou ineficiente do condutor;Com Vítimas Feridas;3;Nublado;Pleno dia;sexta-feira;Colisão lateral sentido oposto;Simples;0;1;-19.78697637;-43.70138168;Perigosa;Sudeste;1 Trimestre
611782;2024.0;n;7.0;2024-07-03;BA;324;526;FEIRA DE SANTANA;Trafegar com motocicleta (ou similar) entre as faixas;Com Vítimas Fatais;4;Céu Claro;Anoitecer;quarta-feira;Colisão lateral mesmo sentido;Dupla;1;0;-12.30639712;-38.89051509;Perigosa;Nordeste;3 Trimestre
653513;2025.0;n;1.0;2025-01-06;SP;153;191,9;GETULINA;Reação tardia ou ineficiente do condutor;Com Vítimas Feridas;1;Céu Claro;Pleno dia;segunda-feira;Saída de leito carroçável;Simples;0;0;-21,7498596;-49,86578427;Segura;Sudeste;1 Trimestre
599937;2024.0;n;5.0;2024-05-11;MA;135;85,3;ITAPECURU MIRIM;Acessar a via sem observar a presença dos outros veículos;Com Vítimas Fatais;6;Chuva;Plena Noite;sábado;Colisão transversal;Simples;1;0;-3.25681079;-44.38822426;Perigosa;Nordeste;2 Trimestre
609266;2024.0;n;6.0;2024-06-22;MT;158;764;BARRA DO GARCAS;Ultrapassagem Indevida;Sem Vítimas;2;Céu Claro;Pleno dia;sábado;Colisão lateral mesmo sentido;Simples;0;0;-15.61617498;-52.20729646;Segura;Centro-Oeste;2 Trimestre
652539;2025.0;y;1.0;2025-01-01;RS;116;632,9;JAGUARAO;Ausência de reação do condutor;Com Vítimas Feridas;1;Céu Claro;Pleno dia;quarta-feira;Saída de leito carroçável;Simples;0;0;-32,416934;-53,235894;Segura;Sul;1 Trimestre
603244;2024.0;n;5.0;2024-05-26;SC;470;99;APIUNA;Estacionar ou parar em local proibido;Com Vítimas Feridas;5;Nublado;Plena Noite;domingo;Colisão traseira;Simples;0;0;-27.037956;-49.393417;Segura;Sul;2 Trimestre
653013;2025.0;n;1.0;2025-01-03;PR;277;49;MORRETES;Conversão proibida;Com Vítimas Feridas;2;Céu Claro;Anoitecer;sexta-feira;Colisão transversal;Dupla;0;0;-25,589742;-48,935799;Segura;Sul;1 Trimestre
596499;2024.0;n;4.0;2024-04-26;MS;60;431;SIDROLANDIA;Ausência de reação do condutor;Com Vítimas Feridas;2;Céu Claro;Pleno dia;sexta-feira;Capotamento;Simples;0;1;-20.9765102;-54.9703413;Perigosa;Centro-Oeste;2 Trimestre
686392;2025.0;y;4.0;2025-04-21;PR;369;183;ARAPONGAS;Conversão proibida;Com Vítimas Feridas;2;Céu Claro;Pleno dia;segunda-feira;Colisão lateral mesmo sentido;Simples;0;1;-23,37672891;-51,41526461;Perigosa;Sul;2 Trimestre
585396;2024.0;n;2.0;2024-02-27;ES;101;293,5;CARIACICA;Manobra de mudança de faixa;Com Vítimas Feridas;3;Céu Claro;Pleno dia;terça-feira;Colisão lateral mesmo sentido;Dupla;0;0;-20.31706838;-40.39575756;Segura;Sudeste;1 Trimestre
608456;2024.0;n;6.0;2024-06-18;GO;50;146;IPAMERI;Velocidade Incompatível;Com Vítimas Feridas;1;Céu Claro;Plena Noite;terça-feira;Tombamento;Dupla;0;0;-17.1391;-47.7232;Segura;Centro-Oeste;2 Trimestre
600880;2024.0;n;5.0;2024-05-16;CE;116;61,7;PACAJUS;Condutor deixou de manter distância do veículo da frente;Sem Vítimas;2;Nublado;Pleno dia;quinta-feira;Colisão traseira;Simples;0;0;-4.25539588;-38.48633338;Segura;Nordeste;2 Trimestre
619615;2024.0;n;8.0;2024-08-07;RN;427;91;CAICO;Curva acentuada;Sem Vítimas;4;Céu Claro;Pleno dia;quarta-feira;Tombamento;Simples;0;0;-6.48385303;-37.037128;Segura;Nordeste;3 Trimestre
604420;2024.0;n;6.0;2024-06-01;RS;392;315;SAO SEPE;Reação tardia ou ineficiente do condutor;Sem Vítimas;2;Céu Claro;Plena Noite;sábado;Colisão transversal;Simples;0;0;-30.02945506;-53.68153036;Segura;Sul;2 Trimestre
576799;2024.0;n;1.0;2024-01-24;MT;174;307;PONTES E LACERDA;Velocidade Incompatível;Com Vítimas Feridas;2;Céu Claro;Pleno dia;quarta-feira;Colisão lateral mesmo sentido;Simples;0;0;-15.07516701;-59.2958684;Segura;Centro-Oeste;1 Trimestre
597413;2024.0;n;4.0;2024-04-10;RO;364;517;ARIQUEMES;Manobra de mudança de faixa;Sem Vítimas;2;Céu Claro;Pleno dia;quarta-feira;Colisão traseira;Simples;0;0;-9.90688101;-63.05581217;Segura;Norte;2 Trimestre
656679;2025.0;n;1.0;2025-01-22;RJ;101;81;CAMPOS DOS GOYTACAZES;Transitar na contramão;Com Vítimas Feridas;5;Céu Claro;Pleno dia;quarta-feira;Colisão lateral sentido oposto;Dupla;0;0;-21,83221147;-41,44729712;Segura;Sudeste;1 Trimestre
578094;2024.0;n;1.0;2024-01-30;PE;101;63,9;RECIFE;Manobra de mudança de faixa;Com Vítimas Feridas;2;Céu Claro;Plena Noite;terça-feira;Colisão lateral mesmo sentido;Dupla;0;0;-8.00800604;-34.93756535;Segura;Nordeste;1 Trimestre
599764;2024.0;n;5.0;2024-05-11;PB;230;26;JOAO PESSOA;Manobra de mudança de faixa;Com Vítimas Feridas;2;Céu Claro;Pleno dia;sábado;Colisão lateral mesmo sentido;Múltipla;0;0;-7.1693;-34.8782;Segura;Nordeste;2 Trimestre
653002;2025.0;n;1.0;2025-01-03;MG;262;24,9;REDUTO;Chuva;Com Vítimas Feridas;1;Chuva;Pleno dia;sexta-feira;Capotamento;Simples;0;0;-20,24814827;-41,94094189;Segura;Sudeste;1 Trimestre
652830;2025.0;n;1.0;2025-01-02;PI;135;49,5;JERUMENHA;Demais falhas mecânicas ou elétricas;Sem Vítimas;3;Céu Claro;Pleno dia;quinta-feira;Incêndio;Simples;0;0;-7,13765891;-43,55761904;Segura;Nordeste;1 Trimestre
665260;2025.0;n;3.0;2025-03-05;RJ;356;41;ITAPERUNA;Estacionar ou parar em local proibido;Com Vítimas Feridas;2;Céu Claro;Pleno dia;quarta-feira;Colisão traseira;Simples;0;1;-21,21804;-41,82793;Perigosa;Sudeste;1 Trimestre
592015;2024.0;n;4.0;2024-04-05;SP;153;49,9;SAO JOSE DO RIO PRETO;Acessar a via sem observar a presença dos outros veículos;Com Vítimas Fatais;5;Céu Claro;Plena Noite;sexta-feira;Colisão transversal;Simples;1;1;-20.708187;-49.339137;Perigosa;Sudeste;2 Trimestre
660638;2025.0;n;2.0;2025-02-10;RJ;116;210;SEROPEDICA;Ausência de reação do condutor;Com Vítimas Feridas;3;Céu Claro;Plena Noite;segunda-feira;Colisão traseira;Dupla;0;1;-22,71981759;-43,69099294;Perigosa;Sudeste;1 Trimestre
619680;2024.0;n;8.0;2024-08-07;PR;153;484,5;GENERAL CARNEIRO;Velocidade Incompatível;Com Vítimas Fatais;3;Nublado;Pleno dia;quarta-feira;Colisão traseira;Simples;1;0;-26.38568303;-51.27248673;Perigosa;Sul;3 Trimestre
655161;2025.0;n;1.0;2025-01-15;ES;101;321,4;GUARAPARI;Problema com o freio;Com Vítimas Feridas;2;Chuva;Amanhecer;quarta-feira;Saída de leito carroçável;Dupla;0;1;-20,520908;-40,478306;Perigosa;Sudeste;1 Trimestre
616272;2024.0;n;7.0;2024-07-22;RS;392;118;CANGUCU;Condutor deixou de manter distância do veículo da frente;Sem Vítimas;2;Céu Claro;Plena Noite;segunda-feira;Colisão traseira;Simples;0;0;-31.407131;-52.68174198;Segura;Sul;3 Trimestre
614352;2024.0;n;7.0;2024-07-14;PR;277;357,5;GUARAPUAVA;Transitar na contramão;Com Vítimas Fatais;4;Garoa/Chuvisco;Pleno dia;domingo;Colisão frontal;Simples;1;2;-25.423375;-51.586465;Perigosa;Sul;3 Trimestre
593462;2024.0;n;4.0;2024-04-12;TO;153;510;PARAISO DO TOCANTINS;Condutor deixou de manter distância do veículo da frente;Com Vítimas Feridas;4;Céu Claro;Pleno dia;sexta-feira;Colisão lateral mesmo sentido;Simples;0;0;-10.29038403;-48.8830938;Segura;Norte;2 Trimestre
616312;2024.0;n;7.0;2024-07-23;RS;290;30,3;SANTO ANTONIO DA PATRULHA;Condutor Dormindo;Com Vítimas Fatais;1;Céu Claro;Amanhecer;terça-feira;Saída de leito carroçável;Múltipla;1;0;-29.883583;-50.555428;Perigosa;Sul;3 Trimestre
601073;2024.0;n;5.0;2024-05-17;MT;163;729;SORRISO;Acumulo de água sobre o pavimento;Com Vítimas Fatais;5;Chuva;Pleno dia;sexta-feira;Colisão frontal;Simples;1;1;-12.722363;-55.82774;Perigosa;Centro-Oeste;2 Trimestre
577001;2024.0;n;1.0;2024-01-25;SC;470;66,5;INDAIAL;Velocidade Incompatível;Com Vítimas Feridas;4;Céu Claro;Pleno dia;quinta-feira;Tombamento;Simples;0;0;-26.872158;-49.23127;Segura;Sul;1 Trimestre
615304;2024.0;n;7.0;2024-07-18;PE;101;66;RECIFE;Acessar a via sem observar a presença dos outros veículos;Com Vítimas Feridas;2;Garoa/Chuvisco;Plena Noite;quinta-feira;Colisão lateral mesmo sentido;Dupla;0;0;-8.03368534;-34.94184125;Segura;Nordeste;3 Trimestre
652562;2025.0;y;1.0;2025-01-01;PR;369;56,9;BANDEIRANTES;Condutor desrespeitou a iluminação vermelha do semáforo;Com Vítimas Fatais;3;Nublado;Pleno dia;quarta-feira;Queda de ocupante de veículo;Simples;1;0;-23,1195952;-50,37745357;Perigosa;Sul;1 Trimestre
612919;2024.0;n;7.0;2024-07-07;PA;163;655;ITAITUBA;Velocidade Incompatível;Com Vítimas Fatais;7;Céu Claro;Plena Noite;domingo;Capotamento;Simples;1;0;-4.48827103;-55.86680656;Perigosa;Norte;3 Trimestre
670697;2025.0;n;3.0;2025-03-31;RS;153;544;CACAPAVA DO SUL;Objeto estático sobre o leito carroçável;Sem Vítimas;3;Céu Claro;Amanhecer;segunda-feira;Colisão traseira;Simples;0;0;-30,78798604;-53,57465744;Segura;Sul;1 Trimestre
613977;2024.0;n;7.0;2024-07-12;TO;226;26;PALMEIRAS DO TOCANTINS;Transitar na contramão;Com Vítimas Fatais;3;Céu Claro;Pleno dia;sexta-feira;Colisão frontal;Simples;1;1;-6.641345;-47.667072;Perigosa;Norte;3 Trimestre
614597;2024.0;n;7.0;2024-07-15;SC;282;141,1;BOM RETIRO;Condutor Dormindo;Com Vítimas Feridas;2;Nublado;Pleno dia;segunda-feira;Colisão lateral sentido oposto;Simples;0;0;-27.8130783;-49.5977354;Segura;Sul;3 Trimestre
602397;2024.0;n;5.0;2024-05-23;SE;235;59;ITABAIANA;Demais falhas mecânicas ou elétricas;Sem Vítimas;3;Céu Claro;Pleno dia;quinta-feira;Colisão com objeto;Simples;0;0;-10.63273;-37.45686;Segura;Nordeste;2 Trimestre
673175;2025.0;n;4.0;2025-04-12;BA;20;141;SAO DESIDERIO;Reação tardia ou ineficiente do condutor;Com Vítimas Feridas;3;Céu Claro;Pleno dia;sábado;Colisão traseira;Simples;0;0;-12,4743673;-45,8859981;Segura;Nordeste;2 Trimestre
588126;2024.0;n;3.0;2024-03-18;RJ;116;77;TERESOPOLIS;Velocidade Incompatível;Com Vítimas Feridas;2;Nublado;Pleno dia;segunda-feira;Colisão frontal;Simples;0;0;-22.36917806;-42.94876879;Segura;Sudeste;1 Trimestre
581309;2024.0;n;2.0;2024-02-15;GO;20;199,7;POSSE;Condutor Dormindo;Com Vítimas Feridas;3;Sol;Pleno dia;quinta-feira;Colisão lateral sentido oposto;Simples;0;1;-14.322757;-46.443226;Perigosa;Centro-Oeste;1 Trimestre
659846;2025.0;n;1.0;2025-01-30;PB;230;160,4;CAMPINA GRANDE;Desrespeitar a preferência no cruzamento;Com Vítimas Feridas;2;Céu Claro;Anoitecer;quinta-feira;Colisão transversal;Simples;0;0;-7,2436;-35,9375;Segura;Nordeste;1 Trimestre
616946;2024.0;n;7.0;2024-07-26;SP;116;46,5;CANAS;Manobra de mudança de faixa;Com Vítimas Feridas;2;Céu Claro;Pleno dia;sexta-feira;Colisão com objeto;Dupla;0;0;-22.71393589;-45.05335608;Segura;Sudeste;3 Trimestre
658112;2025.0;n;1.0;2025-01-29;PR;277;449;LARANJEIRAS DO SUL;Demais falhas mecânicas ou elétricas;Sem Vítimas;3;Céu Claro;Anoitecer;quarta-feira;Incêndio;Simples;0;0;-25,37101731;-52,32891083;Segura;Sul;1 Trimestre
625674;2024.0;n;9.0;2024-09-04;RO;364;802;PORTO VELHO;Reação tardia ou ineficiente do condutor;Sem Vítimas;1;Céu Claro;Pleno dia;quarta-feira;Colisão com objeto;Simples;0;0;-9.25776124;-64.41284701;Segura;Norte;3 Trimestre
595520;2024.0;y;4.0;2024-04-21;SC;101;329,8;TUBARAO;Manobra de mudança de faixa;Com Vítimas Feridas;5;Céu Claro;Plena Noite;domingo;Colisão lateral mesmo sentido;Múltipla;0;1;-28.44404822;-48.96611372;Perigosa;Sul;2 Trimestre
658217;2025.0;n;1.0;2025-01-30;MT;158;544,9;AGUA BOA;Acostamento em desnível;Com Vítimas Feridas;2;Nublado;Pleno dia;quinta-feira;Tombamento;Simples;0;0;-13,86999497;-52,06354782;Segura;Centro-Oeste;1 Trimestre
668412;2025.0;n;3.0;2025-03-20;MG;116;176;PADRE PARAISO;Reação tardia ou ineficiente do condutor;Com Vítimas Feridas;3;Céu Claro;Pleno dia;quinta-feira;Colisão lateral sentido oposto;Simples;0;1;-17,0670314;-41,4792554;Perigosa;Sudeste;1 Trimestre
655267;2025.0;n;1.0;2025-01-15;MG;262;448,3;NOVA SERRANA;Velocidade Incompatível;Com Vítimas Feridas;3;Nublado;Pleno dia;quarta-feira;Colisão lateral sentido oposto;Simples;0;1;-19,85612311;-45,01659393;Perigosa;Sudeste;1 Trimestre
594985;2024.0;n;4.0;2024-04-19;MS;262;235,5;RIBAS DO RIO PARDO;Reação tardia ou ineficiente do condutor;Sem Vítimas;2;Céu Claro;Pleno dia;sexta-feira;Tombamento;Simples;0;0;-20.4576549;-53.72374535;Segura;Centro-Oeste;2 Trimestre
665668;2025.0;n;3.0;2025-03-07;PB;230;137,9;MASSARANDUBA;Ausência de reação do condutor;Com Vítimas Feridas;4;Nublado;Pleno dia;sexta-feira;Tombamento;Dupla;0;0;-7,271185;-35,786283;Segura;Nordeste;1 Trimestre
602231;2024.0;n;5.0;2024-05-22;SP;116;513;CAJATI;Ausência de reação do condutor;Com Vítimas Feridas;2;Sol;Pleno dia;quarta-feira;Saída de leito carroçável;Simples;0;0;-24.85109616;-48.21802405;Segura;Sudeste;2 Trimestre
667507;2025.0;n;3.0;2025-03-15;PR;369;493,9;CASCAVEL;Transitar na contramão;Com Vítimas Fatais;3;Céu Claro;Plena Noite;sábado;Colisão frontal;Simples;2;0;-24,86244965;-53,33628464;Perigosa;Sul;1 Trimestre
582704;2024.0;n;2.0;2024-02-23;CE;222;102,5;UMIRIM;Velocidade Incompatível;Com Vítimas Feridas;1;Chuva;Plena Noite;sexta-feira;Capotamento;Simples;0;2;-3.73749744;-39.43418968;Perigosa;Nordeste;1 Trimestre
574469;2024.0;n;1.0;2024-01-13;SP;381;88;GUARULHOS;Avarias e/ou desgaste excessivo no pneu;Com Vítimas Fatais;2;Sol;Pleno dia;sábado;Queda de ocupante de veículo;Múltipla;1;0;-23.47469314;-46.56112919;Perigosa;Sudeste;1 Trimestre
671733;2025.0;n;4.0;2025-04-05;MA;135;332,1;PRESIDENTE DUTRA;Ingestão de álcool pelo condutor;Com Vítimas Fatais;4;Sol;Pleno dia;sábado;Colisão traseira;Simples;1;0;-5,220988;-44,478861;Perigosa;Nordeste;2 Trimestre
583092;2024.0;n;2.0;2024-02-23;MG;267;203,4;BOM JARDIM DE MINAS;Pista Escorregadia;Com Vítimas Feridas;2;Chuva;Pleno dia;sexta-feira;Saída de leito carroçável;Simples;0;1;-21.93193766;-44.11060298;Perigosa;Sudeste;1 Trimestre
672924;2025.0;n;4.0;2025-04-11;SE;235;49;ITABAIANA;Acessar a via sem observar a presença dos outros veículos;Com Vítimas Feridas;2;Céu Claro;Pleno dia;sexta-feira;Colisão transversal;Simples;0;0;-10,71101301;-37,42431521;Segura;Nordeste;2 Trimestre
620965;2024.0;n;8.0;2024-08-13;MS;262;649,4;MIRANDA;Condutor Dormindo;Sem Vítimas;5;Céu Claro;Pleno dia;terça-feira;Colisão lateral sentido oposto;Simples;0;0;-19.73038217;-56.98067031;Segura;Centro-Oeste;3 Trimestre
656670;2025.0;n;1.0;2025-01-22;MG;40;22,7;PARACATU;Reação tardia ou ineficiente do condutor;Com Vítimas Feridas;2;Céu Claro;Pleno dia;quarta-feira;Saída de leito carroçável;Simples;0;0;-17,113941;-46,992677;Segura;Sudeste;1 Trimestre
576786;2024.0;n;1.0;2024-01-24;GO;153;519,3;APARECIDA DE GOIANIA;Velocidade Incompatível;Com Vítimas Feridas;3;Chuva;Pleno dia;quarta-feira;Colisão traseira;Dupla;0;1;-16.8755;-49.2523;Perigosa;Centro-Oeste;1 Trimestre
599021;2024.0;n;5.0;2024-05-08;SC;101;158,3;TIJUCAS;Condutor deixou de manter distância do veículo da frente;Com Vítimas Feridas;4;Céu Claro;Pleno dia;quarta-feira;Colisão traseira;Dupla;0;0;-27.19096301;-48.61259017;Segura;Sul;2 Trimestre