id;ano;feriado;mes;data_inversa;uf;br;km;municipio;causa_acidente;classificacao_acidente;veiculos;condicao_metereologica;fase_dia;dia_semana;tipo_acidente;tipo_pista;mortos;feridos_graves;latitude;longitude;status;regiao;periodo
671351;2025.0;n;4.0;2025-04-03;MG;262;175;SAO DOMINGOS DO PRATA;Ausência de reação do condutor;Sem Vítimas;1;Sol;Pleno dia;quinta-feira;Saída de leito carroçável;Simples;0;0;-19,92911041;-42,97112927;Segura;Sudeste;2 Trimestre
602308;2024.0;n;5.0;2024-05-22;MG;40;469,4;SETE LAGOAS;Carga excessiva e/ou mal acondicionada;Com Vítimas Feridas;1;Céu Claro;Plena Noite;quarta-feira;Tombamento;Dupla;0;0;-19.46099279;-44.30121988;Segura;Sudeste;2 Trimestre
578461;2024.0;n;2.0;2024-02-01;RO;364;456,5;JARU;Demais falhas mecânicas ou elétricas;Com Vítimas Feridas;4;Nublado;Plena Noite;quinta-feira;Colisão frontal;Simples;0;4;-10.26246515;-62.70509219;Perigosa;Norte;1 Trimestre
614227;2024.0;n;7.0;2024-07-01;RO;364;630;ITAPUA DO OESTE;Manobra de mudança de faixa;Com Vítimas Fatais;6;Céu Claro;Pleno dia;segunda-feira;Colisão frontal;Simples;1;0;-9.08302052;-63.3715249;Perigosa;Norte;3 Trimestre
579754;2024.0;n;2.0;2024-02-07;PR;376;428,6;TIBAGI;Manobra de mudança de faixa;Sem Vítimas;3;Céu Claro;Plena Noite;quarta-feira;Colisão traseira;Dupla;0;0;-24.77948744;-50.51432133;Segura;Sul;1 Trimestre
579443;2024.0;n;2.0;2024-02-06;SC;101;335,9;TUBARAO;Condutor deixou de manter distância do veículo da frente;Sem Vítimas;2;Garoa/Chuvisco;Anoitecer;terça-feira;Colisão traseira;Dupla;0;0;-28.46927473;-49.01557908;Segura;Sul;1 Trimestre
610981;2024.0;n;6.0;2024-06-29;MG;40;108;LAGOA GRANDE;Condutor Dormindo;Com Vítimas Feridas;4;Céu Claro;Plena Noite;sábado;Saída de leito carroçável;Simples;0;1;-17.61987283;-46.46464274;Perigosa;Sudeste;2 Trimestre
667830;2025.0;n;3.0;2025-03-17;RJ;40;60,9;PETROPOLIS;Acumulo de água sobre o pavimento;Sem Vítimas;1;Chuva;Pleno dia;segunda-feira;Colisão com objeto;Dupla;0;0;-22,402563;-43,137981;Segura;Sudeste;1 Trimestre
669123;2025.0;n;3.0;2025-03-23;MG;153;237,3;FRONTEIRA;Transitar na contramão;Com Vítimas Fatais;5;Nublado;Plena Noite;domingo;Colisão frontal;Simples;1;3;-20,236742;-49,160542;Perigosa;Sudeste;1 Trimestre
652647;2025.0;y;1.0;2025-01-01;MT;163;750;SORRISO;Ausência de reação do condutor;Com Vítimas Feridas;1;Céu Claro;Plena Noite;quarta-feira;Colisão com objeto;Dupla;0;0;-12,573227;-55,727875;Segura;Centro-Oeste;1 Trimestre
673965;2025.0;n;4.0;2025-04-16;PI;222;2;SAO JOAO DA FRONTEIRA;Condutor deixou de manter distância do veículo da frente;Com Vítimas Feridas;3;Céu Claro;Plena Noite;quarta-feira;Colisão traseira;Simples;0;1;-3,921;-41,248;Perigosa;Nordeste;2 Trimestre
603791;2024.0;n;5.0;2024-05-29;PA;316;50;CASTANHAL;Ausência de reação do condutor;Sem Vítimas;5;Chuva;Pleno dia;quarta-feira;Engavetamento;Dupla;0;0;-1.304277;-48.04272;Segura;Norte;2 Trimestre
588302;2024.0;n;3.0;2024-03-18;RO;364;395;OURO PRETO DO OESTE;Acumulo de água sobre o pavimento;Com Vítimas Feridas;4;Chuva;Plena Noite;segunda-feira;Colisão lateral sentido oposto;Simples;0;0;-10.64530994;-62.30854892;Segura;Norte;1 Trimestre
611616;2024.0;n;7.0;2024-07-02;PR;376;302,8;MAUA DA SERRA;Ausência de reação do condutor;Com Vítimas Feridas;2;Vento;Plena Noite;terça-feira;Tombamento;Dupla;0;0;-23.94255214;-51.12285589;Segura;Sul;3 Trimestre
654384;2025.0;n;1.0;2025-01-11;CE;222;197,1;FORQUILHA;Carga excessiva e/ou mal acondicionada;Com Vítimas Feridas;2;Céu Claro;Pleno dia;sábado;Tombamento;Simples;0;0;-3,80735907;-40,17579399;Segura;Nordeste;1 Trimestre
653178;2025.0;n;1.0;2025-01-04;SC;101;118,1;ITAJAI;Ausência de reação do condutor;Com Vítimas Feridas;1;Sol;Pleno dia;sábado;Tombamento;Dupla;0;0;-26,895859;-48,71903;Segura;Sul;1 Trimestre
666476;2025.0;n;3.0;2025-03-10;MG;50;147,6;UBERABA;Velocidade Incompatível;Com Vítimas Feridas;2;Chuva;Plena Noite;segunda-feira;Saída de leito carroçável;Dupla;0;0;-19,55452542;-48,03460032;Segura;Sudeste;1 Trimestre
571922;2024.0;y;1.0;2024-01-01;MG;251;459,7;GRAO MOGOL;Condutor Dormindo;Com Vítimas Feridas;5;Céu Claro;Pleno dia;segunda-feira;Colisão frontal;Simples;0;0;-16.41473399;-43.368613;Segura;Sudeste;1 Trimestre
668534;2025.0;n;3.0;2025-03-20;MG;116;744,4;LEOPOLDINA;Acessar a via sem observar a presença dos outros veículos;Com Vítimas Feridas;2;Céu Claro;Plena Noite;quinta-feira;Colisão transversal;Simples;0;0;-21,4136;-42,51168;Segura;Sudeste;1 Trimestre
603956;2024.0;n;5.0;2024-05-30;SP;116;80,3;ROSEIRA;Ausência de reação do condutor;Com Vítimas Feridas;3;Céu Claro;Pleno dia;quinta-feira;Colisão traseira;Dupla;0;1;-22.89958454;-45.30245564;Perigosa;Sudeste;2 Trimestre
574830;2024.0;n;1.0;2024-01-15;BA;101;858,7;TEIXEIRA DE FREITAS;Ingestão de álcool pelo condutor;Sem Vítimas;5;Céu Claro;Plena Noite;segunda-feira;Colisão lateral sentido oposto;Simples;0;0;-17.40273539;-39.67266083;Segura;Nordeste;1 Trimestre
576601;2024.0;n;1.0;2024-01-23;SP;116;388;MIRACATU;Ausência de reação do condutor;Sem Vítimas;3;Chuva;Pleno dia;terça-feira;Engavetamento;Dupla;0;0;-24.26919492;-47.39740603;Segura;Sudeste;1 Trimestre
668116;2025.0;n;3.0;2025-03-18;MG;116;681,4;MIRADOURO;Transitar na contramão;Com Vítimas Feridas;6;Sol;Pleno dia;terça-feira;Colisão frontal;Simples;0;1;-20,95572878;-42,35031009;Perigosa;Sudeste;1 Trimestre
685750;2025.0;y;4.0;2025-04-18;SC;116;6,9;MAFRA;Acessar a via sem observar a presença dos outros veículos;Com Vítimas Feridas;7;Céu Claro;Pleno dia;sexta-feira;Colisão transversal;Simples;0;1;-26,1525997;-49,831906;Perigosa;Sul;2 Trimestre
572779;2024.0;n;1.0;2024-01-05;BA;116;893,9;CANDIDO SALES;Manobra de mudança de faixa;Com Vítimas Fatais;6;Céu Claro;Pleno dia;sexta-feira;Colisão lateral sentido oposto;Simples;4;0;-15.38437;-41.20159;Perigosa;Nordeste;1 Trimestre
652696;2025.0;n;1.0;2025-01-02;MG;50;52;ARAGUARI;Reação tardia ou ineficiente do condutor;Com Vítimas Feridas;1;Céu Claro;Pleno dia;quinta-feira;Colisão com objeto;Dupla;0;0;-18,75140135;-48,2369687;Segura;Sudeste;1 Trimestre
573668;2024.0;n;1.0;2024-01-09;AL;423;2,2;OURO BRANCO;Condutor Dormindo;Com Vítimas Feridas;2;Céu Claro;Plena Noite;terça-feira;Tombamento;Simples;0;0;-9.13695648;-37.30600398;Segura;Nordeste;1 Trimestre
666604;2025.0;n;3.0;2025-03-11;ES;101;150,2;LINHARES;Condutor deixou de manter distância do veículo da frente;Com Vítimas Feridas;2;Céu Claro;Pleno dia;terça-feira;Colisão lateral mesmo sentido;Dupla;0;0;-19,4222637;-40,0779474;Segura;Sudeste;1 Trimestre
602667;2024.0;n;5.0;2024-05-24;MG;116;455,7;ENGENHEIRO CALDAS;Transitar na contramão;Com Vítimas Feridas;2;Céu Claro;Pleno dia;sexta-feira;Colisão frontal;Simples;0;0;-19.192935;-42.043011;Segura;Sudeste;2 Trimestre
670774;2025.0;n;3.0;2025-03-31;SC;101;205,1;SAO JOSE;Ausência de reação do condutor;Com Vítimas Fatais;7;Céu Claro;Pleno dia;segunda-feira;Colisão traseira;Múltipla;1;2;-27,58389336;-48,61553008;Perigosa;Sul;1 Trimestre
664202;2025.0;n;2.0;2025-02-28;PR;376;201;MANDAGUARI;Ausência de reação do condutor;Com Vítimas Feridas;2;Céu Claro;Pleno dia;sexta-feira;Colisão traseira;Dupla;0;1;-23,5082744;-51,72706604;Perigosa;Sul;1 Trimestre
621331;2024.0;n;8.0;2024-08-15;MT;174;285;PONTES E LACERDA;Reação tardia ou ineficiente do condutor;Com Vítimas Feridas;1;Céu Claro;Pleno dia;quinta-feira;Saída de leito carroçável;Simples;0;0;-15.2601158;-59.30416476;Segura;Centro-Oeste;3 Trimestre
584375;2024.0;n;3.0;2024-03-01;BA;116;457,9;SANTO ESTEVAO;Condutor Dormindo;Com Vítimas Feridas;4;Céu Claro;Plena Noite;sexta-feira;Colisão traseira;Dupla;0;1;-12.41101412;-39.18356593;Perigosa;Nordeste;1 Trimestre
655444;2025.0;n;1.0;2025-01-16;MG;381;234,9;BELO ORIENTE;Transitar na contramão;Com Vítimas Feridas;3;Céu Claro;Pleno dia;quinta-feira;Colisão frontal;Simples;0;1;-19,37971595;-42,46158214;Perigosa;Sudeste;1 Trimestre
608494;2024.0;n;6.0;2024-06-18;MG;262;446;NOVA SERRANA;Desrespeitar a preferência no cruzamento;Com Vítimas Feridas;3;Céu Claro;Anoitecer;terça-feira;Colisão transversal;Dupla;0;0;-19.87514825;-44.95031205;Segura;Sudeste;2 Trimestre
663879;2025.0;n;2.0;2025-02-26;MG;40;566,1;NOVA LIMA;Reação tardia ou ineficiente do condutor;Sem Vítimas;2;Céu Claro;Plena Noite;quarta-feira;Colisão lateral mesmo sentido;Simples;0;0;-20,081768;-43,979095;Segura;Sudeste;1 Trimestre
573730;2024.0;n;1.0;2024-01-10;SP;116;22,2;LAVRINHAS;Reação tardia ou ineficiente do condutor;Com Vítimas Feridas;2;Céu Claro;Pleno dia;quarta-feira;Tombamento;Dupla;0;0;-22.57958039;-44.87696171;Segura;Sudeste;1 Trimestre
607520;2024.0;n;6.0;2024-06-14;ES;259;34,7;COLATINA;Ausência de reação do condutor;Com Vítimas Feridas;5;Céu Claro;Plena Noite;sexta-feira;Colisão lateral sentido oposto;Simples;0;1;-19.56368925;-40.49945574;Perigosa;Sudeste;2 Trimestre
668635;2025.0;n;3.0;2025-03-21;GO;153;499;GOIANIA;Reação tardia ou ineficiente do condutor;Com Vítimas Fatais;5;Nublado;Pleno dia;sexta-feira;Colisão traseira;Dupla;1;1;-16,691365;-49,232581;Perigosa;Centro-Oeste;1 Trimestre
652555;2025.0;y;1.0;2025-01-01;RS;290;27,1;SANTO ANTONIO DA PATRULHA;Demais falhas mecânicas ou elétricas;Sem Vítimas;2;Céu Claro;Pleno dia;quarta-feira;Saída de leito carroçável;Dupla;0;0;-29,880135;-50,514297;Segura;Sul;1 Trimestre
659774;2025.0;n;2.0;2025-02-07;SP;116;215;GUARULHOS;Carga excessiva e/ou mal acondicionada;Com Vítimas Feridas;3;Nublado;Plena Noite;sexta-feira;Derramamento de carga;Múltipla;0;0;-23,44695693;-46,45394103;Segura;Sudeste;1 Trimestre
659469;2025.0;n;2.0;2025-02-05;SC;163;106,2;SAO JOSE DO CEDRO;Acessar a via sem observar a presença dos outros veículos;Com Vítimas Feridas;5;Céu Claro;Pleno dia;quarta-feira;Colisão transversal;Dupla;0;1;-26,43752707;-53,51693708;Perigosa;Sul;1 Trimestre
666439;2025.0;n;3.0;2025-03-10;SP;116;145,3;SAO JOSE DOS CAMPOS;Reação tardia ou ineficiente do condutor;Sem Vítimas;3;Céu Claro;Plena Noite;segunda-feira;Colisão lateral mesmo sentido;Dupla;0;0;-23,18699125;-45,85549409;Segura;Sudeste;1 Trimestre
591401;2024.0;n;3.0;2024-03-25;RJ;356;85;CARDOSO MOREIRA;Velocidade Incompatível;Com Vítimas Feridas;2;Chuva;Pleno dia;segunda-feira;Tombamento;Simples;0;0;-21.48337624;-41.64795307;Segura;Sudeste;1 Trimestre
662535;2025.0;n;2.0;2025-02-20;RN;304;297;MACAIBA;Manobra de mudança de faixa;Com Vítimas Feridas;4;Céu Claro;Pleno dia;quinta-feira;Colisão com objeto;Dupla;0;0;-5,8651;-35,3415;Segura;Nordeste;1 Trimestre
582048;2024.0;n;2.0;2024-02-19;PR;163;289;MARECHAL CANDIDO RONDON;Reação tardia ou ineficiente do condutor;Com Vítimas Fatais;3;Nublado;Pleno dia;segunda-feira;Colisão frontal;Simples;1;0;-24.51986105;-54.07103777;Perigosa;Sul;1 Trimestre
667326;2025.0;n;3.0;2025-03-14;MG;381;429;SABARA;Velocidade Incompatível;Com Vítimas Feridas;3;Chuva;Pleno dia;sexta-feira;Tombamento;Simples;0;1;-19,78764077;-43,69176127;Perigosa;Sudeste;1 Trimestre
660018;2025.0;n;2.0;2025-02-08;SC;280;90,4;CORUPA;Velocidade Incompatível;Com Vítimas Feridas;1;Garoa/Chuvisco;Pleno dia;sábado;Saída de leito carroçável;Simples;0;0;-26,407423;-49,283504;Segura;Sul;1 Trimestre
654638;2025.0;n;1.0;2025-01-12;BA;116;273;TUCANO;Demais falhas mecânicas ou elétricas;Sem Vítimas;4;Chuva;Pleno dia;domingo;Tombamento;Simples;0;0;-10,953356;-38,795472;Segura;Nordeste;1 Trimestre
584522;2024.0;n;3.0;2024-03-02;ES;101;5;SERRA;Condutor Dormindo;Sem Vítimas;1;Céu Claro;Pleno dia;sábado;Saída de leito carroçável;Dupla;0;0;-20.129093;-40.308125;Segura;Sudeste;1 Trimestre
670121;2025.0;n;3.0;2025-03-28;PR;277;1;PARANAGUA;Transitar no Acostamento;Com Vítimas Feridas;4;Céu Claro;Pleno dia;sexta-feira;Colisão transversal;Simples;0;0;-25,52122484;-48,54559952;Segura;Sul;1 Trimestre
608640;2024.0;n;6.0;2024-06-19;PB;230;157,4;CAMPINA GRANDE;Acessar a via sem observar a presença dos outros veículos;Sem Vítimas;2;Garoa/Chuvisco;Plena Noite;quarta-feira;Colisão transversal;Dupla;0;0;-7.264;-35.9199;Segura;Nordeste;2 Trimestre
622411;2024.0;n;8.0;2024-08-19;SC;101;358,3;SANGAO;Manobra de mudança de faixa;Sem Vítimas;2;Céu Claro;Plena Noite;segunda-feira;Colisão lateral mesmo sentido;Dupla;0;0;-28.635168;-49.09467;Segura;Sul;3 Trimestre
599143;2024.0;n;5.0;2024-05-08;RS;448;1,6;ESTEIO;Transitar na contramão;Com Vítimas Fatais;2;Céu Claro;Plena Noite;quarta-feira;Colisão frontal;Dupla;3;2;-29.846483;-51.206802;Perigosa;Sul;2 Trimestre
616011;2024.0;n;7.0;2024-07-21;PE;428;107,2;SANTA MARIA DA BOA VISTA;Ingestão de álcool pelo condutor;Com Vítimas Feridas;3;Céu Claro;Plena Noite;domingo;Colisão lateral sentido oposto;Simples;0;1;-8.86987082;-40.01263618;Perigosa;Nordeste;3 Trimestre
614629;2024.0;n;7.0;2024-07-15;SC;470;35,7;GASPAR;Acessar a via sem observar a presença dos outros veículos;Com Vítimas Feridas;2;Nublado;Pleno dia;segunda-feira;Colisão lateral mesmo sentido;Dupla;0;0;-26.912857;-48.958965;Segura;Sul;3 Trimestre
614087;2024.0;n;7.0;2024-07-13;BA;116;862;VITORIA DA CONQUISTA;Avarias e/ou desgaste excessivo no pneu;Com Vítimas Feridas;3;Céu Claro;Pleno dia;sábado;Colisão com objeto;Simples;0;0;-15.06993464;-41.00109327;Segura;Nordeste;3 Trimestre
578188;2024.0;n;1.0;2024-01-31;MG;381;802;SAO GONCALO DO SAPUCAI;Demais falhas mecânicas ou elétricas;Sem Vítimas;3;Nublado;Pleno dia;quarta-feira;Incêndio;Dupla;0;0;-21.98685449;-45.65711903;Segura;Sudeste;1 Trimestre
599407;2024.0;n;5.0;2024-05-10;MG;116;414;GOVERNADOR VALADARES;Acessar a via sem observar a presença dos outros veículos;Com Vítimas Feridas;2;Céu Claro;Pleno dia;sexta-feira;Colisão lateral mesmo sentido;Simples;0;0;-18.88399558;-41.9494164;Segura;Sudeste;2 Trimestre
625029;2024.0;n;9.0;2024-09-01;SP;116;229;SAO PAULO;Manobra de mudança de faixa;Com Vítimas Feridas;3;Céu Claro;Pleno dia;domingo;Colisão lateral mesmo sentido;Múltipla;0;0;-23.51291902;-46.57604698;Segura;Sudeste;3 Trimestre
669839;2025.0;n;3.0;2025-03-27;MT;364;484,9;JANGADA;Reação tardia ou ineficiente do condutor;Com Vítimas Fatais;4;Chuva;Pleno dia;quinta-feira;Colisão transversal;Simples;1;1;-15,302231;-56,436289;Perigosa;Centro-Oeste;1 Trimestre
604071;2024.0;n;5.0;2024-05-30;MG;459;75,2;SENADOR JOSE BENTO;Condutor Dormindo;Com Vítimas Feridas;2;Céu Claro;Pleno dia;quinta-feira;Saída de leito carroçável;Simples;0;0;-22.135663;-46.147352;Segura;Sudeste;2 Trimestre
667135;2025.0;n;3.0;2025-03-14;SC;282;4,3;SAO JOSE;Demais falhas mecânicas ou elétricas;Sem Vítimas;2;Céu Claro;Pleno dia;sexta-feira;Incêndio;Dupla;0;0;-27,591735;-48,605909;Segura;Sul;1 Trimestre
592103;2024.0;n;4.0;2024-04-05;BA;116;445,6;ANTONIO CARDOSO;Pedestre andava na pista;Com Vítimas Feridas;3;Nublado;Pleno dia;sexta-feira;Atropelamento de Pedestre;Dupla;0;1;-12.35209048;-39.09361256;Perigosa;Nordeste;2 Trimestre
621264;2024.0;n;8.0;2024-08-14;PE;232;433,4;SERRA TALHADA;Avarias e/ou desgaste excessivo no pneu;Com Vítimas Feridas;1;Céu Claro;Pleno dia;quarta-feira;Saída de leito carroçável;Simples;0;1;-8.008681;-38.500561;Perigosa;Nordeste;3 Trimestre
581102;2024.0;n;2.0;2024-02-14;TO;153;458;BARROLANDIA;Acessar a via sem observar a presença dos outros veículos;Com Vítimas Feridas;2;Céu Claro;Pleno dia;quarta-feira;Colisão traseira;Simples;0;0;-9.89758498;-48.72901812;Segura;Norte;1 Trimestre
593244;2024.0;n;4.0;2024-04-11;MT;158;455;RIBEIRAO CASCALHEIRA;Ausência de reação do condutor;Com Vítimas Feridas;4;Céu Claro;Amanhecer;quinta-feira;Saída de leito carroçável;Simples;0;1;-13.18668842;-51.9227288;Perigosa;Centro-Oeste;2 Trimestre
587703;2024.0;n;3.0;2024-03-16;SC;470;81,8;RODEIO;Ausência de reação do condutor;Com Vítimas Feridas;3;Céu Claro;Pleno dia;sábado;Colisão transversal;Simples;0;0;-26.950367;-49.325638;Segura;Sul;1 Trimestre
612118;2024.0;n;7.0;2024-07-05;PR;116;166;QUITANDINHA;Acessar a via sem observar a presença dos outros veículos;Com Vítimas Feridas;3;Céu Claro;Pleno dia;sexta-feira;Colisão transversal;Simples;0;1;-25.87550678;-49.48644334;Perigosa;Sul;3 Trimestre
658261;2025.0;n;1.0;2025-01-30;SP;116;20,3;LAVRINHAS;Demais falhas mecânicas ou elétricas;Com Vítimas Feridas;4;Nublado;Pleno dia;quinta-feira;Colisão traseira;Dupla;0;0;-22,57232099;-44,86495105;Segura;Sudeste;1 Trimestre
601791;2024.0;n;5.0;2024-05-20;RS;448;20;PORTO ALEGRE;Acessar a via sem observar a presença dos outros veículos;Com Vítimas Feridas;3;Nublado;Pleno dia;segunda-feira;Colisão traseira;Dupla;0;0;-29.958729;-51.202465;Segura;Sul;2 Trimestre
587566;2024.0;n;3.0;2024-03-15;RO;435;28;VILHENA;Reação tardia ou ineficiente do condutor;Com Vítimas Feridas;2;Céu Claro;Anoitecer;sexta-feira;Colisão traseira;Simples;0;0;-12.79069361;-60.35954018;Segura;Norte;1 Trimestre
656022;2025.0;n;1.0;2025-01-19;MG;116;33;CACHOEIRA DE PAJEU;Ausência de reação do condutor;Com Vítimas Feridas;1;Sol;Pleno dia;domingo;Colisão com objeto;Simples;0;0;-15,9245731;-41,39545358;Segura;Sudeste;1 Trimestre
612866;2024.0;n;7.0;2024-07-07;SP;153;224;MARILIA;Ingestão de álcool pelo condutor;Sem Vítimas;3;Céu Claro;Plena Noite;domingo;Colisão frontal;Simples;0;0;-22.03196507;-49.90531528;Segura;Sudeste;3 Trimestre
581738;2024.0;n;2.0;2024-02-17;MT;163;604,1;NOVA MUTUM;Ultrapassagem Indevida;Com Vítimas Fatais;3;Céu Claro;Pleno dia;sábado;Colisão lateral mesmo sentido;Simples;1;0;-13.87236604;-56.08739473;Perigosa;Centro-Oeste;1 Trimestre
653864;2025.0;n;1.0;2025-01-08;ES;101;78,9;SAO MATEUS;Condutor deixou de manter distância do veículo da frente;Com Vítimas Feridas;3;Céu Claro;Pleno dia;quarta-feira;Colisão traseira;Simples;0;1;-18,81417602;-39,90121797;Perigosa;Sudeste;1 Trimestre
652942;2025.0;n;1.0;2025-01-03;SC;101;40,8;JOINVILLE;Estacionar ou parar em local proibido;Com Vítimas Fatais;6;Sol;Pleno dia;sexta-feira;Colisão traseira;Múltipla;1;0;-26,3147914;-48,8733576;Perigosa;Sul;1 Trimestre
625195;2024.0;n;9.0;2024-09-01;MG;40;222;SAO GONCALO DO ABAETE;Demais falhas mecânicas ou elétricas;Com Vítimas Feridas;3;Céu Claro;Plena Noite;domingo;Saída de leito carroçável;Simples;0;0;-17.96866701;-45.632118;Segura;Sudeste;3 Trimestre
666481;2025.0;n;3.0;2025-03-11;MG;50;104;UBERABA;Velocidade Incompatível;Com Vítimas Feridas;2;Céu Claro;Plena Noite;terça-feira;Colisão traseira;Dupla;0;1;-19,18538068;-48,16680908;Perigosa;Sudeste;1 Trimestre
623337;2024.0;n;8.0;2024-08-24;ES;101;69,5;SAO MATEUS;Ausência de reação do condutor;Com Vítimas Feridas;2;Sol;Pleno dia;sábado;Colisão lateral sentido oposto;Simples;0;1;-18.73556097;-39.86069526;Perigosa;Sudeste;3 Trimestre
621164;2024.0;n;8.0;2024-08-14;RS;116;517;PELOTAS;Desrespeitar a preferência no cruzamento;Com Vítimas Feridas;2;Céu Claro;Pleno dia;quarta-feira;Colisão transversal;Simples;0;1;-31.67908686;-52.34256731;Perigosa;Sul;3 Trimestre
598727;2024.0;n;5.0;2024-05-06;BA;116;326;ARACI;Reação tardia ou ineficiente do condutor;Com Vítimas Feridas;2;Céu Claro;Plena Noite;segunda-feira;Colisão traseira;Simples;0;1;-11.3811;-38.9655;Perigosa;Nordeste;2 Trimestre
593828;2024.0;n;4.0;2024-04-14;BA;116;522,6;ITATIM;Manobra de mudança de faixa;Sem Vítimas;2;Céu Claro;Plena Noite;domingo;Colisão lateral sentido oposto;Simples;0;0;-12.69238361;-39.69577419;Segura;Nordeste;2 Trimestre
611971;2024.0;n;7.0;2024-07-04;TO;153;530;PUGMIL;Objeto estático sobre o leito carroçável;Com Vítimas Fatais;4;Céu Claro;Pleno dia;quinta-feira;Engavetamento;Simples;2;0;-10.47189695;-48.90333942;Perigosa;Norte;3 Trimestre
621018;2024.0;n;8.0;2024-08-13;BA;101;753,9;ITABELA;Carga excessiva e/ou mal acondicionada;Sem Vítimas;3;Nublado;Pleno dia;terça-feira;Colisão lateral mesmo sentido;Simples;0;0;-16.6360274;-39.51919556;Segura;Nordeste;3 Trimestre
613806;2024.0;n;7.0;2024-07-11;RO;364;569;ALTO PARAISO;Condutor deixou de manter distância do veículo da frente;Com Vítimas Feridas;7;Céu Claro;Plena Noite;quinta-feira;Colisão traseira;Simples;0;0;-9.48656987;-63.09585109;Segura;Norte;3 Trimestre
579088;2024.0;n;2.0;2024-02-05;MG;381;831,7;SAO SEBASTIAO DA BELA VISTA;Ausência de reação do condutor;Com Vítimas Feridas;3;Céu Claro;Amanhecer;segunda-feira;Colisão traseira;Dupla;0;2;-22.12122742;-45.78610852;Perigosa;Sudeste;1 Trimestre
573370;2024.0;n;1.0;2024-01-08;RS;386;165;CARAZINHO;Velocidade Incompatível;Com Vítimas Feridas;5;Céu Claro;Pleno dia;segunda-feira;Colisão lateral mesmo sentido;Dupla;0;0;-28.197134;-52.827736;Segura;Sul;1 Trimestre
667040;2025.0;n;3.0;2025-03-13;MS;163;75,8;ITAQUIRAI;Acessar a via sem observar a presença dos outros veículos;Com Vítimas Feridas;3;Céu Claro;Plena Noite;quinta-feira;Colisão transversal;Simples;0;1;-23,49352586;-54,18567538;Perigosa;Centro-Oeste;1 Trimestre
663939;2025.0;n;2.0;2025-02-26;GO;60;203,3;GUAPO;Avarias e/ou desgaste excessivo no pneu;Com Vítimas Feridas;3;Chuva;Pleno dia;quarta-feira;Colisão transversal;Dupla;0;0;-16,90968362;-49,65373993;Segura;Centro-Oeste;1 Trimestre
584937;2024.0;n;3.0;2024-03-04;ES;262;177;IBATIBA;Reação tardia ou ineficiente do condutor;Com Vítimas Feridas;2;Céu Claro;Pleno dia;segunda-feira;Colisão traseira;Simples;0;0;-20.28062181;-41.64687634;Segura;Sudeste;1 Trimestre
601039;2024.0;n;5.0;2024-05-17;MG;365;612,5;UBERLANDIA;Manobra de mudança de faixa;Com Vítimas Fatais;2;Céu Claro;Pleno dia;sexta-feira;Queda de ocupante de veículo;Simples;1;0;-18.92793854;-48.19198317;Perigosa;Sudeste;2 Trimestre
670024;2025.0;n;3.0;2025-03-28;PB;230;27,7;JOAO PESSOA;Condutor deixou de manter distância do veículo da frente;Com Vítimas Feridas;2;Sol;Pleno dia;sexta-feira;Colisão traseira;Dupla;0;0;-7,1665053;-34,8885183;Segura;Nordeste;1 Trimestre
586483;2024.0;n;3.0;2024-03-11;MG;381;408;BOM JESUS DO AMPARO;Condutor Dormindo;Com Vítimas Feridas;2;Céu Claro;Plena Noite;segunda-feira;Saída de leito carroçável;Dupla;0;1;-19.748979;-43.544388;Perigosa;Sudeste;1 Trimestre
581525;2024.0;n;2.0;2024-02-16;PR;369;201,8;APUCARANA;Condutor deixou de manter distância do veículo da frente;Com Vítimas Feridas;2;Nublado;Pleno dia;sexta-feira;Colisão traseira;Simples;0;0;-23.540872;-51.456733;Segura;Sul;1 Trimestre
614595;2024.0;n;6.0;2024-06-03;ES;101;125;SOORETAMA;Acessar a via sem observar a presença dos outros veículos;Com Vítimas Feridas;2;Céu Claro;Amanhecer;segunda-feira;Colisão transversal;Simples;0;0;-19.18496498;-40.09429827;Segura;Sudeste;2 Trimestre
672851;2025.0;n;4.0;2025-04-11;GO;50;207;CAMPO ALEGRE DE GOIAS;Ausência de reação do condutor;Com Vítimas Feridas;2;Céu Claro;Plena Noite;sexta-feira;Colisão traseira;Dupla;0;0;-17,62977414;-47,77158558;Segura;Centro-Oeste;2 Trimestre
655608;2025.0;n;1.0;2025-01-17;SC;101;17;JOINVILLE;Velocidade Incompatível;Com Vítimas Feridas;3;Céu Claro;Pleno dia;sexta-feira;Colisão com objeto;Múltipla;0;2;-26,12141519;-48,88262078;Perigosa;Sul;1 Trimestre
577429;2024.0;n;1.0;2024-01-27;RS;285;570;SAO LUIZ GONZAGA;Acessar a via sem observar a presença dos outros veículos;Com Vítimas Fatais;3;Sol;Pleno dia;sábado;Colisão transversal;Simples;1;3;-28.41465397;-54.98897552;Perigosa;Sul;1 Trimestre
620685;2024.0;n;8.0;2024-08-12;RS;290;334;SAO SEPE;Pedestre - Ingestão de álcool/ substâncias psicoativas;Com Vítimas Feridas;3;Céu Claro;Plena Noite;segunda-feira;Atropelamento de Pedestre;Simples;0;1;-30.361927;-53.522701;Perigosa;Sul;3 Trimestre