id;ano;feriado;mes;data_inversa;uf;br;km;municipio;causa_acidente;classificacao_acidente;veiculos;condicao_metereologica;fase_dia;dia_semana;tipo_acidente;tipo_pista;mortos;feridos_graves;latitude;longitude;status;regiao;periodo
596343;2024.0;n;4.0;2024-04-25;RS;392;72,3;PELOTAS;Ausência de reação do condutor;Com Vítimas Feridas;4;Céu Claro;Plena Noite;quinta-feira;Colisão transversal;Simples;0;1;-31.721104;-52.389843;Perigosa;Sul;2 Trimestre
663527;2025.0;n;2.0;2025-02-24;RS;116;104,9;SAO MARCOS;Reação tardia ou ineficiente do condutor;Com Vítimas Feridas;2;Céu Claro;Pleno dia;segunda-feira;Tombamento;Simples;0;0;-28,91050519;-51,11027835;Segura;Sul;1 Trimestre
586716;2024.0;n;3.0;2024-03-12;SC;101;62,1;ARAQUARI;Ultrapassagem Indevida;Sem Vítimas;2;Sol;Pleno dia;terça-feira;Colisão lateral mesmo sentido;Dupla;0;0;-26.45504246;-48.76711901;Segura;Sul;1 Trimestre
591208;2024.0;n;4.0;2024-04-01;PR;277;280,2;PRUDENTOPOLIS;Condutor Dormindo;Com Vítimas Feridas;4;Céu Claro;Pleno dia;segunda-feira;Colisão traseira;Simples;0;1;-25.35860715;-50.91749114;Perigosa;Sul;2 Trimestre
591580;2024.0;n;4.0;2024-04-03;RS;116;399,3;CAMAQUA;Manobra de mudança de faixa;Com Vítimas Feridas;2;Céu Claro;Pleno dia;quarta-feira;Colisão lateral sentido oposto;Simples;0;0;-30.86691995;-51.80039803;Segura;Sul;2 Trimestre
661153;2025.0;n;2.0;2025-02-13;PR;376;535;PALMEIRA;Entrada inopinada do pedestre;Sem Vítimas;5;Chuva;Pleno dia;quinta-feira;Colisão traseira;Dupla;0;0;-25,314;-49,88;Segura;Sul;1 Trimestre
655477;2025.0;n;1.0;2025-01-16;MG;262;792;UBERABA;Transitar na contramão;Com Vítimas Feridas;4;Céu Claro;Pleno dia;quinta-feira;Colisão transversal;Simples;0;0;-19,76475021;-47,86860297;Segura;Sudeste;1 Trimestre
577724;2024.0;n;1.0;2024-01-28;MS;163;665;RIO VERDE DE MATO GROSSO;Ausência de reação do condutor;Com Vítimas Feridas;2;Céu Claro;Plena Noite;domingo;Colisão traseira;Simples;0;0;-19.04496622;-54.81017934;Segura;Centro-Oeste;1 Trimestre
593437;2024.0;n;4.0;2024-04-12;RJ;40;64;PETROPOLIS;Velocidade Incompatível;Com Vítimas Feridas;3;Céu Claro;Pleno dia;sexta-feira;Colisão com objeto;Dupla;0;0;-22.420418;-43.155285;Segura;Sudeste;2 Trimestre
665130;2025.0;n;3.0;2025-03-04;MG;116;614;SAO JOAO DO MANHUACU;Condutor Dormindo;Com Vítimas Feridas;5;Nublado;Pleno dia;terça-feira;Tombamento;Simples;0;0;-20,41274527;-42,15185344;Segura;Sudeste;1 Trimestre
614889;2024.0;n;7.0;2024-07-16;SP;116;152,7;SAO JOSE DOS CAMPOS;Ausência de reação do condutor;Com Vítimas Feridas;3;Céu Claro;Plena Noite;terça-feira;Colisão traseira;Múltipla;0;1;-23.22620401;-45.90682999;Perigosa;Sudeste;3 Trimestre
654114;2025.0;n;1.0;2025-01-09;MG;40;728,8;OLIVEIRA FORTES;Demais falhas mecânicas ou elétricas;Com Vítimas Feridas;2;Chuva;Plena Noite;quinta-feira;Tombamento;Dupla;0;0;-21,34564169;-43,58252585;Segura;Sudeste;1 Trimestre
580899;2024.0;n;2.0;2024-02-13;SC;101;41;JOINVILLE;Manobra de mudança de faixa;Sem Vítimas;3;Sol;Pleno dia;terça-feira;Colisão lateral mesmo sentido;Dupla;0;0;-26.318977;-48.871376;Segura;Sul;1 Trimestre
576595;2024.0;n;1.0;2024-01-23;RJ;116;180;BELFORD ROXO;Manobra de mudança de faixa;Com Vítimas Feridas;2;Céu Claro;Pleno dia;terça-feira;Colisão traseira;Dupla;0;0;-22.7651616;-43.4154728;Segura;Sudeste;1 Trimestre
652471;2025.0;y;1.0;2025-01-01;PR;116;11,3;COLOMBO;Ingestão de álcool pelo condutor;Sem Vítimas;1;Céu Claro;Plena Noite;quarta-feira;Saída de leito carroçável;Dupla;0;0;-25,37228723;-49,13813353;Segura;Sul;1 Trimestre
615345;2024.0;n;7.0;2024-07-18;PE;101;159,4;GAMELEIRA;Condutor Dormindo;Sem Vítimas;2;Nublado;Plena Noite;quinta-feira;Tombamento;Dupla;0;0;-8.55252537;-35.41389482;Segura;Nordeste;3 Trimestre
624559;2024.0;n;8.0;2024-08-30;MG;40;523;CONTAGEM;Transitar no Acostamento;Com Vítimas Feridas;3;Céu Claro;Pleno dia;sexta-feira;Colisão traseira;Dupla;0;1;-19.8701;-44.0581;Perigosa;Sudeste;3 Trimestre
615014;2024.0;n;7.0;2024-07-17;PB;230;287,7;SANTA LUZIA;Reação tardia ou ineficiente do condutor;Com Vítimas Feridas;1;Céu Claro;Pleno dia;quarta-feira;Saída de leito carroçável;Simples;0;1;-6.8929;-36.8861;Perigosa;Nordeste;3 Trimestre
617866;2024.0;n;7.0;2024-07-28;MG;381;603,5;OLIVEIRA;Animais na Pista;Sem Vítimas;2;Céu Claro;Plena Noite;domingo;Atropelamento de Animal;Dupla;0;0;-20.64973798;-44.73551891;Segura;Sudeste;3 Trimestre
663994;2025.0;n;2.0;2025-02-27;SP;116;7,2;QUELUZ;Reação tardia ou ineficiente do condutor;Com Vítimas Feridas;3;Céu Claro;Pleno dia;quinta-feira;Colisão traseira;Dupla;0;1;-22,536232;-44,765067;Perigosa;Sudeste;1 Trimestre
595971;2024.0;n;4.0;2024-04-24;RS;285;296,7;PASSO FUNDO;Ingestão de álcool pelo condutor;Com Vítimas Feridas;3;Nublado;Amanhecer;quarta-feira;Colisão lateral sentido oposto;Simples;0;0;-28.23238;-52.4039;Segura;Sul;2 Trimestre
582673;2024.0;n;2.0;2024-02-22;MS;267;27,2;BATAGUASSU;Pedestre andava na pista;Com Vítimas Feridas;2;Céu Claro;Plena Noite;quinta-feira;Atropelamento de Pedestre;Simples;0;1;-21.72293;-52.398218;Perigosa;Centro-Oeste;1 Trimestre
610374;2024.0;n;6.0;2024-06-27;GO;50;244;CATALAO;Velocidade Incompatível;Com Vítimas Feridas;4;Céu Claro;Pleno dia;quinta-feira;Tombamento;Simples;0;0;-17.9172;-47.7901;Segura;Centro-Oeste;2 Trimestre
587957;2024.0;n;3.0;2024-03-17;MA;10;224;GOVERNADOR EDISON LOBAO;Transitar na contramão;Com Vítimas Fatais;3;Nublado;Plena Noite;domingo;Colisão frontal;Simples;1;0;-5.754561;-47.359512;Perigosa;Nordeste;1 Trimestre
621685;2024.0;n;8.0;2024-08-16;MG;381;927,8;ITAPEVA;Demais falhas mecânicas ou elétricas;Sem Vítimas;1;Céu Claro;Plena Noite;sexta-feira;Incêndio;Dupla;0;0;-22.7664506;-46.2244935;Segura;Sudeste;3 Trimestre
623962;2024.0;n;8.0;2024-08-27;SC;101;48;PALHOCA;Velocidade Incompatível;Com Vítimas Feridas;2;Céu Claro;Pleno dia;terça-feira;Tombamento;Simples;0;0;-27.6427;-48.6695;Segura;Sul;3 Trimestre
618994;2024.0;n;8.0;2024-08-04;PA;155;294;MARABA;Reação tardia ou ineficiente do condutor;Com Vítimas Feridas;5;Céu Claro;Pleno dia;domingo;Colisão traseira;Simples;0;0;-5.7781;-49.17217;Segura;Norte;3 Trimestre
672942;2025.0;n;4.0;2025-04-11;MS;60;447;SIDROLANDIA;Transitar na contramão;Com Vítimas Feridas;4;Sol;Pleno dia;sexta-feira;Colisão traseira;Simples;0;0;-20,98825758;-55,08401692;Segura;Centro-Oeste;2 Trimestre
601156;2024.0;n;5.0;2024-05-17;MG;262;23;REDUTO;Reação tardia ou ineficiente do condutor;Com Vítimas Fatais;4;Céu Claro;Pleno dia;sexta-feira;Colisão frontal;Simples;1;0;-20.24846503;-41.93200203;Perigosa;Sudeste;2 Trimestre
609055;2024.0;n;6.0;2024-06-21;AM;230;640;HUMAITA;Demais falhas mecânicas ou elétricas;Sem Vítimas;2;Céu Claro;Amanhecer;sexta-feira;Incêndio;Simples;0;0;-7.57614918;-63.24894712;Segura;Norte;2 Trimestre
685846;2025.0;y;4.0;2025-04-18;SC;282;119;BOM RETIRO;Transitar na contramão;Com Vítimas Feridas;3;Céu Claro;Plena Noite;sexta-feira;Colisão frontal;Simples;0;1;-27,79368027;-49,41513062;Perigosa;Sul;2 Trimestre
582223;2024.0;n;2.0;2024-02-20;PE;101;50;ABREU E LIMA;Manobra de mudança de faixa;Sem Vítimas;5;Sol;Pleno dia;terça-feira;Colisão lateral mesmo sentido;Múltipla;0;0;-7.907154;-34.902294;Segura;Nordeste;1 Trimestre
673170;2025.0;n;4.0;2025-04-12;CE;116;28;AQUIRAZ;Manobra de mudança de faixa;Com Vítimas Feridas;3;Céu Claro;Pleno dia;sábado;Colisão transversal;Dupla;0;1;-4,00817475;-38,51764087;Perigosa;Nordeste;2 Trimestre
664729;2025.0;n;3.0;2025-03-02;MG;116;276,7;TEOFILO OTONI;Acessar a via sem observar a presença dos outros veículos;Sem Vítimas;3;Nublado;Pleno dia;domingo;Colisão lateral mesmo sentido;Múltipla;0;0;-17,8582416;-41,5150835;Segura;Sudeste;1 Trimestre
614861;2024.0;n;7.0;2024-07-16;MG;262;377;JUATUBA;Demais falhas mecânicas ou elétricas;Com Vítimas Feridas;3;Céu Claro;Pleno dia;terça-feira;Colisão traseira;Dupla;0;1;-19.95769344;-44.35590072;Perigosa;Sudeste;3 Trimestre
591658;2024.0;n;4.0;2024-04-03;ES;101;435,4;ATILIO VIVACQUA;Reação tardia ou ineficiente do condutor;Com Vítimas Feridas;2;Céu Claro;Plena Noite;quarta-feira;Tombamento;Simples;0;0;-21.05500952;-41.19609059;Segura;Sudeste;2 Trimestre
572178;2024.0;n;1.0;2024-01-02;SC;282;376,6;HERVAL DOESTE;Falta de elemento de contenção que evite a saída do leito carroçável;Com Vítimas Fatais;1;Chuva;Pleno dia;terça-feira;Saída de leito carroçável;Simples;2;1;-27.220205;-51.461185;Perigosa;Sul;1 Trimestre
658676;2025.0;n;2.0;2025-02-01;CE;116;501;BREJO SANTO;Transitar na contramão;Com Vítimas Fatais;3;Céu Claro;Plena Noite;sábado;Colisão frontal;Simples;1;0;-7,45382915;-38,97311755;Perigosa;Nordeste;1 Trimestre
622614;2024.0;n;8.0;2024-08-21;AL;104;9;SAO JOSE DA LAJE;Condutor Dormindo;Com Vítimas Feridas;1;Céu Claro;Plena Noite;quarta-feira;Tombamento;Simples;0;0;-8.97108463;-36.01804588;Segura;Nordeste;3 Trimestre
583505;2024.0;n;2.0;2024-02-26;MA;10;292,5;CIDELANDIA;Ultrapassagem Indevida;Com Vítimas Feridas;5;Céu Claro;Pleno dia;segunda-feira;Colisão lateral sentido oposto;Simples;0;1;-5.181159;-47.525482;Perigosa;Nordeste;1 Trimestre
575471;2024.0;n;1.0;2024-01-18;MS;163;88;ITAQUIRAI;Demais falhas mecânicas ou elétricas;Com Vítimas Feridas;6;Céu Claro;Pleno dia;quinta-feira;Eventos atípicos;Simples;0;3;-23.38801296;-54.2114515;Perigosa;Centro-Oeste;1 Trimestre
669288;2025.0;n;3.0;2025-03-21;BA;101;76;ENTRE RIOS;Ultrapassagem Indevida;Com Vítimas Feridas;2;Céu Claro;Plena Noite;sexta-feira;Colisão lateral mesmo sentido;Simples;0;1;-11,973134;-38,14281464;Perigosa;Nordeste;1 Trimestre
665484;2025.0;n;3.0;2025-03-06;SP;116;326;JUQUITIBA;Mal súbito do condutor;Com Vítimas Feridas;2;Sol;Pleno dia;quinta-feira;Colisão traseira;Dupla;0;0;-23,93750254;-47,06501529;Segura;Sudeste;1 Trimestre
592997;2024.0;n;4.0;2024-04-10;SP;381;82;SAO PAULO;Ausência de reação do condutor;Com Vítimas Feridas;2;Nublado;Plena Noite;quarta-feira;Colisão com objeto;Dupla;0;0;-23.42399;-46.575112;Segura;Sudeste;2 Trimestre
688074;2025.0;n;4.0;2025-04-29;MT;364;335,5;CAMPO VERDE;Ultrapassagem Indevida;Com Vítimas Feridas;5;Céu Claro;Pleno dia;terça-feira;Colisão lateral mesmo sentido;Dupla;0;0;-15,8185729;-55,3327747;Segura;Centro-Oeste;2 Trimestre
593096;2024.0;n;4.0;2024-04-10;SP;116;196;ARUJA;Reação tardia ou ineficiente do condutor;Com Vítimas Feridas;4;Céu Claro;Pleno dia;quarta-feira;Engavetamento;Dupla;0;0;-23.39265978;-46.2844631;Segura;Sudeste;2 Trimestre
573936;2024.0;n;1.0;2024-01-11;RS;116;296;GUAIBA;Ausência de reação do condutor;Sem Vítimas;2;Chuva;Pleno dia;quinta-feira;Colisão com objeto;Dupla;0;0;-30.08861201;-51.34229993;Segura;Sul;1 Trimestre
665321;2025.0;n;3.0;2025-03-05;PB;101;86,3;JOAO PESSOA;Ausência de reação do condutor;Com Vítimas Feridas;2;Céu Claro;Pleno dia;quarta-feira;Colisão traseira;Dupla;0;0;-7,1537309;-34,9080506;Segura;Nordeste;1 Trimestre
583023;2024.0;n;1.0;2024-01-03;MG;40;524,9;CONTAGEM;Ausência de reação do condutor;Com Vítimas Fatais;1;Chuva;Pleno dia;quarta-feira;Colisão com objeto;Dupla;1;0;-19.8754469;-44.05345586;Perigosa;Sudeste;1 Trimestre
608138;2024.0;n;6.0;2024-06-17;PE;101;42;IGARASSU;Ausência de reação do condutor;Com Vítimas Feridas;3;Céu Claro;Pleno dia;segunda-feira;Colisão traseira;Múltipla;0;0;-7.83887431;-34.91196739;Segura;Nordeste;2 Trimestre
597795;2024.0;n;5.0;2024-05-02;PR;153;4;IMBITUVA;Ausência de reação do condutor;Com Vítimas Feridas;2;Céu Claro;Pleno dia;quinta-feira;Colisão traseira;Simples;0;0;-25.21363863;-50.59513092;Segura;Sul;2 Trimestre
686992;2025.0;n;4.0;2025-04-24;BA;101;200;CACHOEIRA;Chuva;Com Vítimas Feridas;4;Chuva;Pleno dia;quinta-feira;Colisão lateral sentido oposto;Simples;0;0;-12,5746609;-38,9796866;Segura;Nordeste;2 Trimestre
613919;2024.0;n;7.0;2024-07-12;PB;230;35,6;SANTA RITA;Demais falhas mecânicas ou elétricas;Com Vítimas Feridas;1;Céu Claro;Pleno dia;sexta-feira;Colisão com objeto;Dupla;0;0;-7.1268;-34.9412;Segura;Nordeste;3 Trimestre
665562;2025.0;n;3.0;2025-03-06;BA;324;515;FEIRA DE SANTANA;Acessar a via sem observar a presença dos outros veículos;Com Vítimas Feridas;3;Céu Claro;Pleno dia;quinta-feira;Colisão transversal;Simples;0;0;-12,24097758;-38,9383328;Segura;Nordeste;1 Trimestre
629228;2024.0;n;9.0;2024-09-19;MG;381;333;NOVA ERA;Ausência de reação do condutor;Sem Vítimas;1;Céu Claro;Plena Noite;quinta-feira;Saída de leito carroçável;Simples;0;0;-19.80306599;-43.06083702;Segura;Sudeste;3 Trimestre
572945;2024.0;n;1.0;2024-01-06;CE;222;62;SAO GONCALO DO AMARANTE;Condutor deixou de manter distância do veículo da frente;Sem Vítimas;5;Céu Claro;Pleno dia;sábado;Colisão traseira;Simples;0;0;-3.67147075;-39.09840501;Segura;Nordeste;1 Trimestre
628496;2024.0;n;7.0;2024-07-27;PR;277;587,5;CASCAVEL;Velocidade Incompatível;Com Vítimas Feridas;2;Nublado;Plena Noite;sábado;Saída de leito carroçável;Múltipla;0;0;-24.96941255;-53.42959722;Segura;Sul;3 Trimestre
660850;2025.0;n;2.0;2025-02-12;SP;116;175,9;GUARAREMA;Condutor deixou de manter distância do veículo da frente;Com Vítimas Feridas;3;Sol;Pleno dia;quarta-feira;Colisão traseira;Dupla;0;0;-23,32173972;-46,100353;Segura;Sudeste;1 Trimestre
617822;2024.0;n;7.0;2024-07-30;ES;101;266;SERRA;Reação tardia ou ineficiente do condutor;Com Vítimas Feridas;4;Nublado;Pleno dia;terça-feira;Engavetamento;Dupla;0;0;-20.190199;-40.26828891;Segura;Sudeste;3 Trimestre
658637;2025.0;n;2.0;2025-02-01;SP;116;278;EMBU DAS ARTES;Ausência de reação do condutor;Com Vítimas Feridas;1;Nublado;Pleno dia;sábado;Colisão com objeto;Dupla;0;0;-23,65508497;-46,84918605;Segura;Sudeste;1 Trimestre
672442;2025.0;n;4.0;2025-04-08;SC;282;36;AGUAS MORNAS;Reação tardia ou ineficiente do condutor;Com Vítimas Feridas;2;Chuva;Plena Noite;terça-feira;Colisão lateral sentido oposto;Simples;0;0;-27,704272;-48,837718;Segura;Sul;2 Trimestre
617675;2024.0;n;7.0;2024-07-29;PR;116;94,1;SAO JOSE DOS PINHAIS;Manobra de mudança de faixa;Com Vítimas Feridas;3;Chuva;Pleno dia;segunda-feira;Saída de leito carroçável;Dupla;0;0;-25.520798;-49.135202;Segura;Sul;3 Trimestre
661585;2025.0;n;2.0;2025-02-15;RJ;116;87;TERESOPOLIS;Demais falhas mecânicas ou elétricas;Sem Vítimas;1;Céu Claro;Amanhecer;sábado;Incêndio;Simples;0;0;-22,44527396;-42,95175555;Segura;Sudeste;1 Trimestre
578346;2024.0;n;2.0;2024-02-01;RO;364;710;PORTO VELHO;Condutor deixou de manter distância do veículo da frente;Com Vítimas Feridas;2;Chuva;Pleno dia;quinta-feira;Colisão traseira;Dupla;0;1;-8.78621576;-63.85712687;Perigosa;Norte;1 Trimestre
620864;2024.0;n;8.0;2024-08-12;MG;50;29,2;ARAGUARI;Reação tardia ou ineficiente do condutor;Com Vítimas Feridas;1;Céu Claro;Plena Noite;segunda-feira;Saída de leito carroçável;Dupla;0;1;-18.62034416;-48.11087208;Perigosa;Sudeste;3 Trimestre
624341;2024.0;n;8.0;2024-08-29;SC;282;589;SAUDADES;Transitar na contramão;Com Vítimas Feridas;3;Céu Claro;Pleno dia;quinta-feira;Colisão lateral mesmo sentido;Simples;0;1;-26.82596;-53.062588;Perigosa;Sul;3 Trimestre
599748;2024.0;n;5.0;2024-05-11;SP;116;22,1;LAVRINHAS;Velocidade Incompatível;Com Vítimas Feridas;2;Céu Claro;Pleno dia;sábado;Tombamento;Dupla;0;0;-22.58368521;-44.87772952;Segura;Sudeste;2 Trimestre
597288;2024.0;n;4.0;2024-04-29;MG;50;119;UBERABA;Acessar a via sem observar a presença dos outros veículos;Com Vítimas Feridas;4;Céu Claro;Plena Noite;segunda-feira;Colisão transversal;Dupla;0;2;-19.29969201;-48.11376802;Perigosa;Sudeste;2 Trimestre
606877;2024.0;n;6.0;2024-06-11;RJ;101;313;SAO GONCALO;Pedestre andava na pista;Com Vítimas Fatais;2;Céu Claro;Pleno dia;terça-feira;Atropelamento de Pedestre;Dupla;1;0;-22.81049093;-43.06983304;Perigosa;Sudeste;2 Trimestre
671268;2025.0;n;4.0;2025-04-03;RJ;116;176;SAO JOAO DE MERITI;Condutor deixou de manter distância do veículo da frente;Com Vítimas Feridas;2;Céu Claro;Pleno dia;quinta-feira;Colisão traseira;Múltipla;0;0;-22,78058797;-43,39217478;Segura;Sudeste;2 Trimestre
603492;2024.0;n;5.0;2024-05-28;AL;101;213;SAO SEBASTIAO;Estacionar ou parar em local proibido;Com Vítimas Feridas;3;Chuva;Plena Noite;terça-feira;Saída de leito carroçável;Dupla;0;0;-10.02368879;-36.62646315;Segura;Nordeste;2 Trimestre
621160;2024.0;n;7.0;2024-07-17;RO;364;487;ARIQUEMES;Reação tardia ou ineficiente do condutor;Com Vítimas Feridas;6;Céu Claro;Pleno dia;quarta-feira;Colisão traseira;Simples;0;0;-10.1121516;-62.92105484;Segura;Norte;3 Trimestre
686582;2025.0;y;4.0;2025-04-21;MT;163;603;NOVA MUTUM;Acessar a via sem observar a presença dos outros veículos;Sem Vítimas;3;Céu Claro;Pleno dia;segunda-feira;Colisão transversal;Simples;0;0;-13,77087582;-56,05698824;Segura;Centro-Oeste;2 Trimestre
598927;2024.0;n;3.0;2024-03-12;MG;365;617;UBERLANDIA;Suicídio (presumido);Com Vítimas Feridas;4;Céu Claro;Pleno dia;terça-feira;Atropelamento de Pedestre;Dupla;0;1;-18.884602;-48.26594;Perigosa;Sudeste;1 Trimestre
656706;2025.0;n;1.0;2025-01-22;SC;101;327;CAPIVARI DE BAIXO;Reação tardia ou ineficiente do condutor;Com Vítimas Feridas;3;Céu Claro;Pleno dia;quarta-feira;Tombamento;Dupla;0;0;-28,4322229;-48,95524979;Segura;Sul;1 Trimestre
622905;2024.0;n;8.0;2024-08-22;RJ;40;96;DUQUE DE CAXIAS;Velocidade Incompatível;Com Vítimas Feridas;2;Céu Claro;Anoitecer;quinta-feira;Tombamento;Dupla;0;0;-22.56876595;-43.27693723;Segura;Sudeste;3 Trimestre
659971;2025.0;n;2.0;2025-02-08;SC;282;16,6;PALHOCA;Transitar na contramão;Com Vítimas Feridas;4;Céu Claro;Amanhecer;sábado;Colisão frontal;Simples;0;1;-27,658611;-48,681847;Perigosa;Sul;1 Trimestre
622156;2024.0;n;8.0;2024-08-18;SP;116;128;CACAPAVA;Reação tardia ou ineficiente do condutor;Sem Vítimas;2;Céu Claro;Plena Noite;domingo;Colisão traseira;Dupla;0;0;-23.11454664;-45.71105567;Segura;Sudeste;3 Trimestre
602329;2024.0;n;5.0;2024-05-23;MS;163;149;NAVIRAI;Acessar a via sem observar a presença dos outros veículos;Com Vítimas Feridas;5;Céu Claro;Plena Noite;quinta-feira;Colisão transversal;Simples;0;1;-22.97072173;-54.42008972;Perigosa;Centro-Oeste;2 Trimestre
624046;2024.0;n;8.0;2024-08-27;SP;116;190;SANTA ISABEL;Ausência de reação do condutor;Com Vítimas Feridas;3;Céu Claro;Pleno dia;terça-feira;Colisão traseira;Múltipla;0;0;-23.36821879;-46.23367409;Segura;Sudeste;3 Trimestre
653698;2025.0;n;1.0;2025-01-07;RJ;101;385;RIO DE JANEIRO;Ausência de reação do condutor;Com Vítimas Feridas;4;Céu Claro;Pleno dia;terça-feira;Colisão transversal;Múltipla;0;0;-22,88064129;-43,63218994;Segura;Sudeste;1 Trimestre
658092;2025.0;n;1.0;2025-01-29;PR;153;50,9;SANTO ANTONIO DA PLATINA;Reação tardia ou ineficiente do condutor;Com Vítimas Feridas;5;Nublado;Pleno dia;quarta-feira;Colisão traseira;Simples;0;0;-23,36290402;-50,06502594;Segura;Sul;1 Trimestre
583519;2024.0;n;2.0;2024-02-26;MT;364;347,5;SANTO ANTONIO DO LEVERGER;Reação tardia ou ineficiente do condutor;Com Vítimas Feridas;5;Nublado;Pleno dia;segunda-feira;Colisão traseira;Dupla;0;1;-15.807347;-55.54692;Perigosa;Centro-Oeste;1 Trimestre
673212;2025.0;n;4.0;2025-04-12;MG;40;811,7;MATIAS BARBOSA;Ausência de reação do condutor;Com Vítimas Feridas;3;Céu Claro;Pleno dia;sábado;Colisão traseira;Dupla;0;0;-21,89188142;-43,31349805;Segura;Sudeste;2 Trimestre
610598;2024.0;n;6.0;2024-06-28;BA;324;5;FEIRA DE SANTANA;Manobra de mudança de faixa;Com Vítimas Feridas;4;Sol;Pleno dia;sexta-feira;Saída de leito carroçável;Dupla;0;0;-12.2803;-38.9787;Segura;Nordeste;2 Trimestre
572051;2024.0;n;1.0;2024-01-02;RJ;40;76;PETROPOLIS;Velocidade Incompatível;Com Vítimas Feridas;2;Chuva;Pleno dia;terça-feira;Colisão traseira;Simples;0;0;-22.47192899;-43.23779321;Segura;Sudeste;1 Trimestre
610497;2024.0;n;6.0;2024-06-28;PE;101;126;ESCADA;Frear bruscamente;Sem Vítimas;3;Céu Claro;Plena Noite;sexta-feira;Colisão com objeto;Dupla;0;0;-8.36958202;-35.22919699;Segura;Nordeste;2 Trimestre
691410;2025.0;n;4.0;2025-04-06;MG;381;873,9;POUSO ALEGRE;Ausência de reação do condutor;Sem Vítimas;1;Céu Claro;Pleno dia;domingo;Tombamento;Dupla;0;0;-22,3973757;-45,9599174;Segura;Sudeste;2 Trimestre
573332;2024.0;n;1.0;2024-01-08;PA;316;36,4;SANTA IZABEL DO PARA;Desvio temporário;Com Vítimas Feridas;2;Céu Claro;Pleno dia;segunda-feira;Colisão transversal;Dupla;0;3;-1.29009976;-48.15602469;Perigosa;Norte;1 Trimestre
624265;2024.0;n;8.0;2024-08-29;MG;40;617,2;CONGONHAS;Transtornos Mentais (exceto suicidio);Com Vítimas Fatais;4;Céu Claro;Plena Noite;quinta-feira;Queda de ocupante de veículo;Simples;1;0;-20.560826;-43.812531;Perigosa;Sudeste;3 Trimestre
602871;2024.0;n;5.0;2024-05-25;RS;290;96;PORTO ALEGRE;Ingestão de álcool pelo condutor;Sem Vítimas;2;Garoa/Chuvisco;Pleno dia;sábado;Colisão traseira;Múltipla;0;0;-29.992107;-51.204525;Segura;Sul;2 Trimestre
579312;2024.0;n;2.0;2024-02-06;CE;116;466;BARRO;Chuva;Sem Vítimas;3;Chuva;Plena Noite;terça-feira;Saída de leito carroçável;Simples;0;0;-7.2382616667;-38.8407316667;Segura;Nordeste;1 Trimestre
585910;2024.0;n;3.0;2024-03-08;GO;153;503;GOIANIA;Trafegar com motocicleta (ou similar) entre as faixas;Com Vítimas Feridas;5;Céu Claro;Pleno dia;sexta-feira;Colisão lateral mesmo sentido;Dupla;0;1;-16.7366;-49.243;Perigosa;Centro-Oeste;1 Trimestre
653152;2025.0;n;1.0;2025-01-04;SC;101;199,4;SAO JOSE;Reação tardia ou ineficiente do condutor;Com Vítimas Feridas;2;Sol;Pleno dia;sábado;Queda de ocupante de veículo;Dupla;0;0;-27,53413705;-48,63003205;Segura;Sul;1 Trimestre
604671;2024.0;n;6.0;2024-06-02;SC;101;317;PESCARIA BRAVA;Acessar a via sem observar a presença dos outros veículos;Com Vítimas Feridas;2;Céu Claro;Amanhecer;domingo;Colisão lateral mesmo sentido;Dupla;0;1;-28.42708421;-48.85211624;Perigosa;Sul;2 Trimestre
620139;2024.0;n;8.0;2024-08-09;SC;101;210,6;SAO JOSE;Frear bruscamente;Com Vítimas Feridas;6;Céu Claro;Plena Noite;sexta-feira;Engavetamento;Múltipla;0;2;-27.6167305;-48.6457265;Perigosa;Sul;3 Trimestre
666075;2025.0;n;3.0;2025-03-09;PR;158;516,5;PATO BRANCO;Ultrapassagem Indevida;Com Vítimas Fatais;3;Céu Claro;Plena Noite;domingo;Colisão frontal;Simples;1;0;-26,09008828;-52,64373779;Perigosa;Sul;1 Trimestre
602696;2024.0;n;5.0;2024-05-24;PR;277;1,5;PARANAGUA;Acessar a via sem observar a presença dos outros veículos;Com Vítimas Fatais;2;Nublado;Pleno dia;sexta-feira;Colisão lateral mesmo sentido;Dupla;1;0;-25.55086981;-48.55120718;Perigosa;Sul;2 Trimestre
669983;2025.0;n;3.0;2025-03-28;RJ;393;178;PARAIBA DO SUL;Ausência de reação do condutor;Com Vítimas Feridas;3;Nublado;Plena Noite;sexta-feira;Colisão traseira;Simples;0;1;-22,13827519;-43,25375438;Perigosa;Sudeste;1 Trimestre
666361;2025.0;n;3.0;2025-03-10;MT;364;636;DIAMANTINO;Reação tardia ou ineficiente do condutor;Com Vítimas Feridas;4;Céu Claro;Pleno dia;segunda-feira;Colisão transversal;Simples;0;1;-14,255513;-56,519517;Perigosa;Centro-Oeste;1 Trimestre
605759;2024.0;n;6.0;2024-06-07;SE;101;102;SAO CRISTOVAO;Acumulo de água sobre o pavimento;Sem Vítimas;2;Chuva;Pleno dia;sexta-feira;Saída de leito carroçável;Dupla;0;0;-10.94880037;-37.21099182;Segura;Nordeste;2 Trimestre
624089;2024.0;n;8.0;2024-08-27;PA;163;576;TRAIRAO;Manobra de mudança de faixa;Com Vítimas Fatais;4;Céu Claro;Plena Noite;terça-feira;Colisão frontal;Simples;1;0;-5.01058521;-56.18168993;Perigosa;Norte;3 Trimestre
673042;2025.0;n;4.0;2025-04-11;BA;116;161;CANUDOS;Ausência de reação do condutor;Com Vítimas Feridas;2;Chuva;Plena Noite;sexta-feira;Colisão frontal;Simples;0;1;-10,043272;-39,158594;Perigosa;Nordeste;2 Trimestre