id;ano;feriado;mes;data_inversa;uf;br;km;municipio;causa_acidente;classificacao_acidente;veiculos;condicao_metereologica;fase_dia;dia_semana;tipo_acidente;tipo_pista;mortos;feridos_graves;latitude;longitude;status;regiao;periodo
598198;2024.0;n;5.0;2024-05-04;PA;10;223,3;IPIXUNA DO PARA;Reação tardia ou ineficiente do condutor;Com Vítimas Fatais;3;Céu Claro;Pleno dia;sábado;Colisão traseira;Simples;1;0;-2.478667;-47.5104223;Perigosa;Norte;2 Trimestre
663526;2025.0;n;2.0;2025-02-24;SC;101;207,2;SAO JOSE;Condutor deixou de manter distância do veículo da frente;Com Vítimas Feridas;3;Céu Claro;Plena Noite;segunda-feira;Colisão lateral mesmo sentido;Dupla;0;0;-27,59796775;-48,62031698;Segura;Sul;1 Trimestre
604213;2024.0;n;5.0;2024-05-31;SC;101;364;SANGAO;Reação tardia ou ineficiente do condutor;Com Vítimas Feridas;3;Céu Claro;Pleno dia;sexta-feira;Colisão traseira;Dupla;0;1;-28.68202936;-49.14561689;Perigosa;Sul;2 Trimestre
686809;2025.0;n;4.0;2025-04-22;SC;470;80;RODEIO;Velocidade Incompatível;Sem Vítimas;3;Céu Claro;Pleno dia;terça-feira;Colisão lateral sentido oposto;Simples;0;0;-26,94869874;-49,32106018;Segura;Sul;2 Trimestre
603151;2024.0;n;5.0;2024-05-26;MG;267;29,6;ARGIRITA;Pista Escorregadia;Sem Vítimas;2;Céu Claro;Pleno dia;domingo;Colisão lateral sentido oposto;Simples;0;0;-21.63594597;-42.83380808;Segura;Sudeste;2 Trimestre
626789;2024.0;n;9.0;2024-09-08;SC;163;111,7;GUARUJA DO SUL;Velocidade Incompatível;Com Vítimas Feridas;5;Céu Claro;Plena Noite;domingo;Colisão frontal;Simples;0;0;-26.39616397;-53.52416104;Segura;Sul;3 Trimestre
587865;2024.0;n;3.0;2024-03-17;MG;381;888,5;CAMBUI;Velocidade Incompatível;Com Vítimas Feridas;2;Chuva;Pleno dia;domingo;Tombamento;Dupla;0;0;-22.53294961;-46.03054583;Segura;Sudeste;1 Trimestre
604197;2024.0;n;5.0;2024-05-31;RJ;101;486;ANGRA DOS REIS;Reação tardia ou ineficiente do condutor;Com Vítimas Feridas;2;Céu Claro;Pleno dia;sexta-feira;Colisão traseira;Simples;0;0;-22.97708786;-44.29634653;Segura;Sudeste;2 Trimestre
629692;2024.0;n;9.0;2024-09-21;BA;116;755;POCOES;Acessar a via sem observar a presença dos outros veículos;Com Vítimas Feridas;2;Céu Claro;Pleno dia;sábado;Atropelamento de Pedestre;Simples;0;1;-14.46450786;-40.34347688;Perigosa;Nordeste;3 Trimestre
685423;2025.0;n;4.0;2025-04-17;PB;230;175,5;CAMPINA GRANDE;Ausência de reação do condutor;Com Vítimas Feridas;2;Céu Claro;Pleno dia;quinta-feira;Colisão traseira;Simples;0;0;-7,176358;-36,027415;Segura;Nordeste;2 Trimestre
594761;2024.0;n;4.0;2024-04-18;SC;101;279,5;IMBITUBA;Reação tardia ou ineficiente do condutor;Sem Vítimas;4;Céu Claro;Pleno dia;quinta-feira;Colisão com objeto;Múltipla;0;0;-28.1916668;-48.69694233;Segura;Sul;2 Trimestre
625660;2024.0;n;9.0;2024-09-04;SC;470;6;NAVEGANTES;Reação tardia ou ineficiente do condutor;Com Vítimas Feridas;3;Céu Claro;Pleno dia;quarta-feira;Colisão lateral mesmo sentido;Dupla;0;0;-26.852238;-48.709545;Segura;Sul;3 Trimestre
659091;2025.0;n;2.0;2025-02-03;PR;116;127;FAZENDA RIO GRANDE;Manobra de mudança de faixa;Com Vítimas Feridas;2;Nublado;Anoitecer;segunda-feira;Colisão traseira;Dupla;0;0;-25,644895;-49,312776;Segura;Sul;1 Trimestre
590788;2024.0;n;3.0;2024-03-30;SC;101;298,8;IMBITUBA;Condutor deixou de manter distância do veículo da frente;Com Vítimas Feridas;2;Céu Claro;Pleno dia;sábado;Colisão traseira;Múltipla;0;1;-28.32102597;-48.72829906;Perigosa;Sul;1 Trimestre
610182;2024.0;n;6.0;2024-06-26;SE;235;6;NOSSA SENHORA DO SOCORRO;Condutor deixou de manter distância do veículo da frente;Sem Vítimas;2;Nublado;Pleno dia;quarta-feira;Saída de leito carroçável;Dupla;0;0;-10.903851;-37.128677;Segura;Nordeste;2 Trimestre
593420;2024.0;n;4.0;2024-04-12;RJ;40;22;TRES RIOS;Reação tardia ou ineficiente do condutor;Com Vítimas Feridas;2;Sol;Pleno dia;sexta-feira;Tombamento;Dupla;0;0;-22.12244792;-43.1568498;Segura;Sudeste;2 Trimestre
595089;2024.0;n;4.0;2024-04-19;RS;290;75;GRAVATAI;Velocidade Incompatível;Sem Vítimas;3;Céu Claro;Plena Noite;sexta-feira;Colisão lateral mesmo sentido;Simples;0;0;-29.95521;-51.006855;Segura;Sul;2 Trimestre
623296;2024.0;n;8.0;2024-08-24;PR;376;650,9;TIJUCAS DO SUL;Chuva;Com Vítimas Feridas;1;Chuva;Pleno dia;sábado;Colisão com objeto;Dupla;0;0;-25.84564757;-49.08816197;Segura;Sul;3 Trimestre
625582;2024.0;n;9.0;2024-09-03;PA;316;118;SANTA MARIA DO PARA;Acessar a via sem observar a presença dos outros veículos;Com Vítimas Fatais;2;Céu Claro;Plena Noite;terça-feira;Colisão frontal;Simples;1;0;-1.30866922;-47.45203805;Perigosa;Norte;3 Trimestre
601582;2024.0;n;5.0;2024-05-19;GO;60;106;GOIANAPOLIS;Ausência de reação do condutor;Com Vítimas Feridas;2;Céu Claro;Pleno dia;domingo;Atropelamento de Pedestre;Simples;0;0;-16.4118;-49.0004;Segura;Centro-Oeste;2 Trimestre
595958;2024.0;n;4.0;2024-04-24;PR;376;490;PONTA GROSSA;Condutor deixou de manter distância do veículo da frente;Com Vítimas Feridas;2;Céu Claro;Plena Noite;quarta-feira;Colisão traseira;Dupla;0;0;-25.14692309;-50.15072006;Segura;Sul;2 Trimestre
572302;2024.0;n;1.0;2024-01-03;RJ;101;216;SILVA JARDIM;Ausência de reação do condutor;Com Vítimas Feridas;3;Céu Claro;Amanhecer;quarta-feira;Colisão traseira;Dupla;0;0;-22.50804478;-42.28281706;Segura;Sudeste;1 Trimestre
656486;2025.0;n;1.0;2025-01-21;RJ;116;186;NOVA IGUACU;Reação tardia ou ineficiente do condutor;Com Vítimas Feridas;3;Céu Claro;Pleno dia;terça-feira;Colisão lateral mesmo sentido;Dupla;0;1;-22,73962339;-43,46276495;Perigosa;Sudeste;1 Trimestre
603527;2024.0;n;5.0;2024-05-28;RJ;116;173;RIO DE JANEIRO;Ausência de reação do condutor;Com Vítimas Feridas;3;Céu Claro;Pleno dia;terça-feira;Colisão traseira;Dupla;0;2;-22.79810324;-43.35726614;Perigosa;Sudeste;2 Trimestre
599671;2024.0;n;5.0;2024-05-11;GO;364;291;MINEIROS;Manobra de mudança de faixa;Com Vítimas Fatais;2;Céu Claro;Amanhecer;sábado;Colisão frontal;Simples;1;0;-17.591177;-52.476814;Perigosa;Centro-Oeste;2 Trimestre
609448;2024.0;n;6.0;2024-06-23;MG;381;618,1;OLIVEIRA;Mal súbito do condutor;Com Vítimas Feridas;3;Céu Claro;Pleno dia;domingo;Colisão com objeto;Dupla;0;0;-20.76895697;-44.78171707;Segura;Sudeste;2 Trimestre
620815;2024.0;n;8.0;2024-08-12;ES;262;95;DOMINGOS MARTINS;Acessar a via sem observar a presença dos outros veículos;Com Vítimas Feridas;3;Sol;Pleno dia;segunda-feira;Colisão transversal;Simples;0;0;-20.3659225;-41.06040133;Segura;Sudeste;3 Trimestre
668459;2025.0;n;3.0;2025-03-20;SP;153;321;SAO PEDRO DO TURVO;Acessar a via sem observar a presença dos outros veículos;Com Vítimas Feridas;4;Céu Claro;Pleno dia;quinta-feira;Colisão transversal;Simples;0;0;-22,69657968;-49,88954717;Segura;Sudeste;1 Trimestre
657826;2025.0;n;1.0;2025-01-27;MT;364;488;JANGADA;Chuva;Com Vítimas Feridas;2;Chuva;Pleno dia;segunda-feira;Saída de leito carroçável;Simples;0;0;-15,34178206;-56,41893614;Segura;Centro-Oeste;1 Trimestre
670615;2025.0;n;3.0;2025-03-30;BA;116;629;JAGUAQUARA;Ingestão de álcool pelo condutor;Com Vítimas Feridas;2;Nublado;Plena Noite;domingo;Colisão traseira;Simples;0;0;-13,44993488;-40,0315758;Segura;Nordeste;1 Trimestre
581660;2024.0;n;2.0;2024-02-17;PR;476;194;LAPA;Manobra de mudança de faixa;Com Vítimas Feridas;3;Nublado;Pleno dia;sábado;Colisão lateral mesmo sentido;Simples;0;0;-25.74048;-49.710938;Segura;Sul;1 Trimestre
627933;2024.0;n;9.0;2024-09-14;MG;262;520,7;LUZ;Ultrapassagem Indevida;Com Vítimas Fatais;4;Sol;Pleno dia;sábado;Colisão frontal;Simples;1;1;-19.78319055;-45.6584394;Perigosa;Sudeste;3 Trimestre
616130;2024.0;n;6.0;2024-06-02;SC;282;610,5;MARAVILHA;Transitar na contramão;Com Vítimas Fatais;7;Céu Claro;Pleno dia;domingo;Colisão frontal;Simples;1;0;-26.75509;-53.23556;Perigosa;Sul;2 Trimestre
584281;2024.0;n;3.0;2024-03-01;MT;163;108;RONDONOPOLIS;Ingestão de álcool pelo condutor;Sem Vítimas;6;Céu Claro;Pleno dia;sexta-feira;Colisão traseira;Simples;0;0;-16.58146229;-54.68844425;Segura;Centro-Oeste;1 Trimestre
670909;2025.0;n;2.0;2025-02-12;SC;280;26;ARAQUARI;Ultrapassagem Indevida;Com Vítimas Feridas;5;Céu Claro;Pleno dia;quarta-feira;Colisão lateral mesmo sentido;Simples;0;0;-26,3946375;-48,73844147;Segura;Sul;1 Trimestre
625084;2024.0;n;9.0;2024-09-01;TO;153;247;COLINAS DO TOCANTINS;Manobra de mudança de faixa;Com Vítimas Feridas;2;Céu Claro;Pleno dia;domingo;Colisão lateral mesmo sentido;Múltipla;0;0;-8.07216465;-48.46725762;Segura;Norte;3 Trimestre
664186;2025.0;n;2.0;2025-02-28;RJ;101;162;MACAE;Demais falhas mecânicas ou elétricas;Com Vítimas Feridas;2;Céu Claro;Pleno dia;sexta-feira;Colisão transversal;Simples;0;0;-22,34277239;-41,91764832;Segura;Sudeste;1 Trimestre
592976;2024.0;n;4.0;2024-04-09;RJ;116;172;SAO JOAO DE MERITI;Condutor Dormindo;Com Vítimas Feridas;2;Céu Claro;Plena Noite;terça-feira;Colisão traseira;Múltipla;0;0;-22.80188151;-43.35043673;Segura;Sudeste;2 Trimestre
601682;2024.0;n;5.0;2024-05-19;ES;101;435,5;ATILIO VIVACQUA;Transitar na contramão;Com Vítimas Fatais;3;Céu Claro;Plena Noite;domingo;Colisão frontal;Simples;2;1;-21.05500952;-41.19609059;Perigosa;Sudeste;2 Trimestre
656188;2025.0;n;1.0;2025-01-20;PR;376;3,3;APUCARANA;Ultrapassagem Indevida;Com Vítimas Feridas;3;Céu Claro;Pleno dia;segunda-feira;Colisão lateral mesmo sentido;Simples;0;0;-23,559049;-51,43822;Segura;Sul;1 Trimestre
627749;2024.0;n;6.0;2024-06-20;PI;343;589;FLORIANO;Pedestre andava na pista;Com Vítimas Feridas;2;Céu Claro;Plena Noite;quinta-feira;Atropelamento de Pedestre;Dupla;0;1;-6.776695;-43.009346;Perigosa;Nordeste;2 Trimestre
604223;2024.0;n;5.0;2024-05-31;MS;267;27,3;BATAGUASSU;Velocidade Incompatível;Com Vítimas Feridas;5;Céu Claro;Pleno dia;sexta-feira;Colisão traseira;Simples;0;0;-21.72211935;-52.40397292;Segura;Centro-Oeste;2 Trimestre
572676;2024.0;n;1.0;2024-01-05;PR;476;168;CONTENDA;Transitar na contramão;Com Vítimas Feridas;4;Céu Claro;Plena Noite;sexta-feira;Colisão frontal;Simples;0;1;-25.66806408;-49.49847221;Perigosa;Sul;1 Trimestre
670649;2025.0;n;3.0;2025-03-30;CE;116;436;BARRO;Ausência de reação do condutor;Com Vítimas Feridas;2;Céu Claro;Plena Noite;domingo;Colisão traseira;Simples;0;2;-7,0146243;-38,75817038;Perigosa;Nordeste;1 Trimestre
606978;2024.0;n;6.0;2024-06-12;RS;285;156,2;MUITOS CAPOES;Transitar na contramão;Com Vítimas Feridas;2;Céu Claro;Pleno dia;quarta-feira;Colisão lateral sentido oposto;Simples;0;0;-28.325294;-51.187935;Segura;Sul;2 Trimestre
604801;2024.0;n;6.0;2024-06-02;GO;60;113,7;GOIANAPOLIS;Ingestão de álcool pelo condutor;Com Vítimas Feridas;2;Céu Claro;Plena Noite;domingo;Saída de leito carroçável;Dupla;0;0;-16.45682954;-49.05678749;Segura;Centro-Oeste;2 Trimestre
592850;2024.0;n;4.0;2024-04-09;PR;376;263,8;CALIFORNIA;Velocidade Incompatível;Com Vítimas Feridas;4;Céu Claro;Pleno dia;terça-feira;Colisão lateral mesmo sentido;Dupla;0;0;-23.700246;-51.33458376;Segura;Sul;2 Trimestre
609273;2024.0;n;6.0;2024-06-22;MG;381;937,8;EXTREMA;Curva acentuada;Com Vítimas Feridas;2;Sol;Pleno dia;sábado;Saída de leito carroçável;Dupla;0;0;-22.81267324;-46.28976345;Segura;Sudeste;2 Trimestre
669805;2025.0;n;3.0;2025-03-27;SC;101;357;SANGAO;Ausência de reação do condutor;Com Vítimas Feridas;2;Céu Claro;Amanhecer;quinta-feira;Saída de leito carroçável;Dupla;0;0;-28,63990759;-49,09891779;Segura;Sul;1 Trimestre
669991;2025.0;n;3.0;2025-03-28;BA;116;3,3;ABARE;Demais falhas mecânicas ou elétricas;Sem Vítimas;2;Céu Claro;Plena Noite;sexta-feira;Incêndio;Simples;0;0;-8,643564;-39,267635;Segura;Nordeste;1 Trimestre
615407;2024.0;n;7.0;2024-07-18;MG;381;317;NOVA ERA;Ausência de reação do condutor;Com Vítimas Feridas;2;Céu Claro;Plena Noite;quinta-feira;Colisão lateral mesmo sentido;Simples;0;0;-19.70673817;-42.99914266;Segura;Sudeste;3 Trimestre
609376;2024.0;n;6.0;2024-06-22;SC;101;81;BARRA VELHA;Condutor Dormindo;Com Vítimas Feridas;4;Nublado;Plena Noite;sábado;Colisão com objeto;Dupla;0;0;-26.60256101;-48.72553524;Segura;Sul;2 Trimestre
609043;2024.0;n;6.0;2024-06-21;MG;381;561,5;ITAGUARA;Velocidade Incompatível;Com Vítimas Feridas;1;Céu Claro;Pleno dia;sexta-feira;Tombamento;Dupla;0;0;-20.395748;-44.503624;Segura;Sudeste;2 Trimestre
597379;2024.0;n;4.0;2024-04-30;MG;116;216;CATUJI;Condutor deixou de manter distância do veículo da frente;Sem Vítimas;2;Nublado;Pleno dia;terça-feira;Colisão traseira;Simples;0;0;-17.3756538;-41.52881674;Segura;Sudeste;2 Trimestre
652833;2025.0;n;1.0;2025-01-02;AC;317;72,2;SENADOR GUIOMARD;Manobra de mudança de faixa;Com Vítimas Feridas;2;Nublado;Pleno dia;quinta-feira;Colisão traseira;Simples;0;0;-10,0758401;-67,59040266;Segura;Norte;1 Trimestre
588116;2024.0;n;3.0;2024-03-18;RJ;116;226;PARACAMBI;Velocidade Incompatível;Com Vítimas Feridas;1;Céu Claro;Pleno dia;segunda-feira;Tombamento;Dupla;0;0;-22.67208078;-43.81789284;Segura;Sudeste;1 Trimestre
582697;2024.0;n;2.0;2024-02-23;MA;222;675;ACAILANDIA;Ingestão de álcool pelo condutor;Com Vítimas Feridas;3;Garoa/Chuvisco;Plena Noite;sexta-feira;Colisão transversal;Simples;0;0;-4.93859094;-47.46131504;Segura;Nordeste;1 Trimestre
652561;2025.0;y;1.0;2025-01-01;MG;50;155;UBERABA;Demais falhas mecânicas ou elétricas;Sem Vítimas;1;Sol;Pleno dia;quarta-feira;Incêndio;Dupla;0;0;-19,60825703;-48,02198508;Segura;Sudeste;1 Trimestre
652616;2025.0;y;1.0;2025-01-01;RJ;101;322;NITEROI;Ausência de reação do condutor;Com Vítimas Feridas;2;Céu Claro;Anoitecer;quarta-feira;Colisão lateral mesmo sentido;Dupla;0;0;-22,878923;-43,110676;Segura;Sudeste;1 Trimestre
618174;2024.0;n;7.0;2024-07-31;PR;158;534,3;PATO BRANCO;Ingestão de álcool pelo condutor;Sem Vítimas;3;Céu Claro;Plena Noite;quarta-feira;Colisão frontal;Simples;0;0;-26.22652612;-52.68914074;Segura;Sul;3 Trimestre
587287;2024.0;n;3.0;2024-03-14;AL;423;84;DELMIRO GOUVEIA;Pedestre andava na pista;Com Vítimas Feridas;2;Chuva;Plena Noite;quinta-feira;Atropelamento de Pedestre;Simples;0;1;-9.34305022;-38.01996892;Perigosa;Nordeste;1 Trimestre
585742;2024.0;n;2.0;2024-02-19;SC;116;85,6;MONTE CASTELO;Transitar na contramão;Com Vítimas Fatais;3;Céu Claro;Pleno dia;segunda-feira;Colisão frontal;Simples;2;1;-26.60562;-50.227709;Perigosa;Sul;1 Trimestre
585068;2024.0;n;3.0;2024-03-04;PR;376;362,3;ORTIGUEIRA;Ingestão de álcool pelo condutor;Com Vítimas Feridas;3;Nublado;Plena Noite;segunda-feira;Colisão frontal;Simples;0;0;-24.32849384;-50.84703287;Segura;Sul;1 Trimestre
581343;2024.0;n;2.0;2024-02-15;MG;381;848;POUSO ALEGRE;Frear bruscamente;Com Vítimas Feridas;3;Nublado;Pleno dia;quinta-feira;Colisão com objeto;Dupla;0;0;-22.26114406;-45.89010176;Segura;Sudeste;1 Trimestre
593601;2024.0;n;4.0;2024-04-12;MT;70;697;CACERES;Ingestão de álcool pelo condutor;Sem Vítimas;2;Céu Claro;Pleno dia;sexta-feira;Tombamento;Simples;0;0;-16.248868;-57.473575;Segura;Centro-Oeste;2 Trimestre
592732;2024.0;n;4.0;2024-04-08;SC;116;211,1;PONTE ALTA;Velocidade Incompatível;Com Vítimas Feridas;2;Sol;Pleno dia;segunda-feira;Tombamento;Simples;0;0;-27.51040007;-50.36397936;Segura;Sul;2 Trimestre
620088;2024.0;n;8.0;2024-08-09;BA;101;929;NOVA VICOSA;Condutor usando celular;Com Vítimas Feridas;6;Nublado;Pleno dia;sexta-feira;Colisão frontal;Simples;0;1;-17.95633689;-39.86154556;Perigosa;Nordeste;3 Trimestre
653822;2025.0;n;1.0;2025-01-08;RS;386;109,2;SAO JOSE DAS MISSOES;Ausência de reação do condutor;Com Vítimas Feridas;4;Céu Claro;Pleno dia;quarta-feira;Colisão traseira;Simples;0;0;-27,800817;-53,051254;Segura;Sul;1 Trimestre
581411;2024.0;n;2.0;2024-02-16;BA;242;558;OLIVEIRA DOS BREJINHOS;Condutor Dormindo;Com Vítimas Feridas;3;Céu Claro;Plena Noite;sexta-feira;Tombamento;Simples;0;0;-12.06598813;-43.10633227;Segura;Nordeste;1 Trimestre
660944;2025.0;n;2.0;2025-02-12;GO;70;0,8;AGUAS LINDAS DE GOIAS;Reação tardia ou ineficiente do condutor;Sem Vítimas;1;Céu Claro;Pleno dia;quarta-feira;Saída de leito carroçável;Múltipla;0;0;-15,783543;-48,2326;Segura;Centro-Oeste;1 Trimestre
661171;2025.0;n;2.0;2025-02-13;SC;282;392,9;JOACABA;Avarias e/ou desgaste excessivo no pneu;Com Vítimas Fatais;3;Chuva;Pleno dia;quinta-feira;Colisão frontal;Simples;2;2;-27,1642655;-51,5674821;Perigosa;Sul;1 Trimestre
611092;2024.0;n;6.0;2024-06-30;PI;316;49;LAGOA DO PIAUI;Demais falhas mecânicas ou elétricas;Sem Vítimas;1;Céu Claro;Pleno dia;domingo;Incêndio;Simples;0;0;-5.48492495;-42.63890136;Segura;Nordeste;2 Trimestre
652816;2025.0;n;1.0;2025-01-02;MS;262;285,3;RIBAS DO RIO PARDO;Ultrapassagem Indevida;Com Vítimas Feridas;2;Céu Claro;Plena Noite;quinta-feira;Saída de leito carroçável;Simples;0;3;-20,48423109;-54,15625998;Perigosa;Centro-Oeste;1 Trimestre
597137;2024.0;n;4.0;2024-04-29;PB;230;152,9;CAMPINA GRANDE;Carga excessiva e/ou mal acondicionada;Com Vítimas Feridas;1;Chuva;Pleno dia;segunda-feira;Tombamento;Simples;0;0;-7.2688;-35.8837;Segura;Nordeste;2 Trimestre
626158;2024.0;n;9.0;2024-09-06;MG;365;187,7;BURITIZEIRO;Reação tardia ou ineficiente do condutor;Com Vítimas Feridas;5;Céu Claro;Pleno dia;sexta-feira;Colisão lateral sentido oposto;Simples;0;0;-17.42442595;-45.14775004;Segura;Sudeste;3 Trimestre
671383;2025.0;n;4.0;2025-04-03;SC;470;72;INDAIAL;Ausência de reação do condutor;Com Vítimas Feridas;1;Garoa/Chuvisco;Plena Noite;quinta-feira;Saída de leito carroçável;Dupla;0;1;-26,90273521;-49,26970661;Perigosa;Sul;2 Trimestre
596322;2024.0;n;4.0;2024-04-25;PR;369;148;LONDRINA;Reação tardia ou ineficiente do condutor;Sem Vítimas;3;Céu Claro;Anoitecer;quinta-feira;Colisão traseira;Dupla;0;0;-23.2931281;-51.13493621;Segura;Sul;2 Trimestre
620050;2024.0;n;8.0;2024-08-09;MG;381;1;BETIM;Condutor deixou de manter distância do veículo da frente;Com Vítimas Feridas;3;Céu Claro;Pleno dia;sexta-feira;Colisão lateral mesmo sentido;Dupla;0;0;-19.96825;-44.198708;Segura;Sudeste;3 Trimestre
605486;2024.0;n;6.0;2024-06-06;SP;116;221;GUARULHOS;Trafegar com motocicleta (ou similar) entre as faixas;Com Vítimas Feridas;3;Céu Claro;Pleno dia;quinta-feira;Colisão lateral mesmo sentido;Múltipla;0;0;-23.46802395;-46.50704901;Segura;Sudeste;2 Trimestre
609736;2024.0;n;6.0;2024-06-14;SC;470;129;LONTRAS;Ultrapassagem Indevida;Com Vítimas Feridas;5;Nevoeiro/Neblina;Amanhecer;sexta-feira;Colisão transversal;Simples;0;0;-27.148499;-49.556137;Segura;Sul;2 Trimestre
617189;2024.0;n;7.0;2024-07-27;PR;476;143,9;CURITIBA;Acessar a via sem observar a presença dos outros veículos;Sem Vítimas;2;Céu Claro;Pleno dia;sábado;Colisão lateral mesmo sentido;Dupla;0;0;-25.541953;-49.312709;Segura;Sul;3 Trimestre
663942;2025.0;n;2.0;2025-02-27;PR;277;460,9;LARANJEIRAS DO SUL;Velocidade Incompatível;Com Vítimas Feridas;4;Céu Claro;Plena Noite;quinta-feira;Saída de leito carroçável;Simples;0;0;-25,38525905;-52,42453834;Segura;Sul;1 Trimestre
595149;2024.0;n;4.0;2024-04-20;RN;101;137,4;ARES;Restrição de visibilidade em curvas verticais;Com Vítimas Fatais;5;Chuva;Pleno dia;sábado;Colisão traseira;Dupla;1;1;-6.18022401;-35.21699006;Perigosa;Nordeste;2 Trimestre
603224;2024.0;n;5.0;2024-05-26;PI;316;383;ALEGRETE DO PIAUI;Ingestão de álcool pelo condutor;Com Vítimas Feridas;4;Céu Claro;Plena Noite;domingo;Colisão lateral sentido oposto;Simples;0;0;-7.23044013;-40.87169715;Segura;Nordeste;2 Trimestre
624732;2024.0;n;8.0;2024-08-31;SP;116;564;BARRA DO TURVO;Ausência de reação do condutor;Com Vítimas Fatais;3;Nevoeiro/Neblina;Plena Noite;sábado;Colisão com objeto;Dupla;1;1;-25.03721046;-48.54138947;Perigosa;Sudeste;3 Trimestre
629380;2024.0;n;9.0;2024-09-20;RJ;116;180;NOVA IGUACU;Reação tardia ou ineficiente do condutor;Sem Vítimas;3;Céu Claro;Pleno dia;sexta-feira;Colisão lateral mesmo sentido;Múltipla;0;0;-22.7651616;-43.4154728;Segura;Sudeste;3 Trimestre
664373;2025.0;n;2.0;2025-02-28;MT;174;543;COMODORO;Mal súbito do condutor;Com Vítimas Fatais;8;Chuva;Pleno dia;sexta-feira;Colisão lateral sentido oposto;Simples;1;0;-13,15258956;-59,87681866;Perigosa;Centro-Oeste;1 Trimestre
669363;2025.0;n;3.0;2025-03-24;MG;116;207;CATUJI;Ultrapassagem Indevida;Com Vítimas Fatais;5;Céu Claro;Anoitecer;segunda-feira;Colisão frontal;Simples;1;0;-17,30723338;-41,5177846;Perigosa;Sudeste;1 Trimestre
573947;2024.0;n;1.0;2024-01-11;MG;381;484;BETIM;Objeto estático sobre o leito carroçável;Com Vítimas Feridas;2;Céu Claro;Pleno dia;quinta-feira;Colisão traseira;Dupla;0;0;-19.95531717;-44.11722196;Segura;Sudeste;1 Trimestre
579334;2024.0;n;2.0;2024-02-05;BA;110;213,9;NOVA SOURE;Condutor Dormindo;Com Vítimas Feridas;2;Céu Claro;Plena Noite;segunda-feira;Capotamento;Simples;0;0;-11.21968195;-38.48769686;Segura;Nordeste;1 Trimestre
658480;2025.0;n;1.0;2025-01-31;RO;364;605;ITAPUA DO OESTE;Acessar a via sem observar a presença dos outros veículos;Com Vítimas Feridas;3;Céu Claro;Pleno dia;sexta-feira;Colisão transversal;Simples;0;0;-9,18603983;-63,19487383;Segura;Norte;1 Trimestre
622339;2024.0;n;8.0;2024-08-19;SC;280;25;ARAQUARI;Transitar no Acostamento;Com Vítimas Feridas;2;Céu Claro;Pleno dia;segunda-feira;Colisão transversal;Simples;0;0;-26.38352781;-48.72677516;Segura;Sul;3 Trimestre
629641;2024.0;n;9.0;2024-09-21;CE;230;98,2;VARZEA ALEGRE;Ultrapassagem Indevida;Com Vítimas Feridas;3;Sol;Pleno dia;sábado;Colisão com objeto;Simples;0;0;-6.847749;-39.448953;Segura;Nordeste;3 Trimestre
672361;2025.0;n;4.0;2025-04-08;AL;101;192;JUNQUEIRO;Velocidade Incompatível;Com Vítimas Feridas;4;Garoa/Chuvisco;Pleno dia;terça-feira;Colisão transversal;Simples;0;1;-9,932802;-36,478528;Perigosa;Nordeste;2 Trimestre
593649;2024.0;n;4.0;2024-04-13;RO;364;241,6;CACOAL;Velocidade Incompatível;Com Vítimas Feridas;3;Nublado;Amanhecer;sábado;Colisão traseira;Simples;0;1;-11.44088061;-61.4844697;Perigosa;Norte;2 Trimestre
653886;2025.0;n;1.0;2025-01-08;PB;230;11,5;CABEDELO;Pedestre cruzava a pista fora da faixa;Com Vítimas Feridas;2;Céu Claro;Pleno dia;quarta-feira;Atropelamento de Pedestre;Dupla;0;1;-7,0596;-34,8506;Perigosa;Nordeste;1 Trimestre
580924;2024.0;n;2.0;2024-02-13;MT;163;688;LUCAS DO RIO VERDE;Mal súbito do condutor;Com Vítimas Feridas;4;Céu Claro;Pleno dia;terça-feira;Colisão traseira;Simples;0;0;-13.17535188;-55.98243627;Segura;Centro-Oeste;1 Trimestre
577396;2024.0;n;1.0;2024-01-27;MG;365;159;PIRAPORA;Reação tardia ou ineficiente do condutor;Com Vítimas Feridas;2;Céu Claro;Pleno dia;sábado;Tombamento;Simples;0;0;-17.35543992;-44.91271708;Segura;Sudeste;1 Trimestre
660028;2025.0;n;2.0;2025-02-08;SC;101;145;ITAPEMA;Reação tardia ou ineficiente do condutor;Com Vítimas Feridas;9;Céu Claro;Pleno dia;sábado;Colisão traseira;Dupla;0;1;-27,08139206;-48,60130993;Perigosa;Sul;1 Trimestre
598938;2024.0;n;5.0;2024-05-07;PI;316;5;TERESINA;Condutor desrespeitou a iluminação vermelha do semáforo;Sem Vítimas;3;Céu Claro;Plena Noite;terça-feira;Colisão transversal;Dupla;0;0;-5.14409713;-42.77828693;Segura;Nordeste;2 Trimestre
672207;2025.0;n;4.0;2025-04-07;MG;251;449,2;GRAO MOGOL;Velocidade Incompatível;Com Vítimas Feridas;4;Nublado;Pleno dia;segunda-feira;Colisão frontal;Simples;0;0;-16,4339617;-43,2800599;Segura;Sudeste;2 Trimestre
593514;2024.0;n;4.0;2024-04-12;RJ;116;148;DUQUE DE CAXIAS;Reação tardia ou ineficiente do condutor;Com Vítimas Feridas;3;Céu Claro;Pleno dia;sexta-feira;Engavetamento;Múltipla;0;0;-22.6723488;-43.28215398;Segura;Sudeste;2 Trimestre
685800;2025.0;y;4.0;2025-04-18;RO;364;600;ITAPUA DO OESTE;Ingestão de álcool pelo condutor;Sem Vítimas;3;Chuva;Pleno dia;sexta-feira;Colisão traseira;Simples;0;0;-9,22021852;-63,17194462;Segura;Norte;2 Trimestre