id;ano;feriado;mes;data_inversa;uf;br;km;municipio;causa_acidente;classificacao_acidente;veiculos;condicao_metereologica;fase_dia;dia_semana;tipo_acidente;tipo_pista;mortos;feridos_graves;latitude;longitude;status;regiao;periodo
629128;2024.0;n;9.0;2024-09-19;BA;242;835;BARREIRAS;Ultrapassagem Indevida;Com Vítimas Feridas;6;Céu Claro;Pleno dia;quinta-feira;Colisão frontal;Simples;0;1;-12.099762;-45.353732;Perigosa;Nordeste;3 Trimestre
618162;2024.0;n;7.0;2024-07-31;MG;381;600,2;CARMOPOLIS DE MINAS;Reação tardia ou ineficiente do condutor;Com Vítimas Feridas;2;Céu Claro;Plena Noite;quarta-feira;Colisão com objeto;Dupla;0;0;-20.60346268;-44.72036362;Segura;Sudeste;3 Trimestre
579730;2024.0;n;2.0;2024-02-08;MT;158;687,6;BARRA DO GARCAS;Objeto estático sobre o leito carroçável;Sem Vítimas;5;Céu Claro;Amanhecer;quinta-feira;Colisão traseira;Simples;0;0;-14.958392;-52.266026;Segura;Centro-Oeste;1 Trimestre
593783;2024.0;n;4.0;2024-04-13;RS;392;5,5;RIO GRANDE;Acessar a via sem observar a presença dos outros veículos;Com Vítimas Feridas;4;Chuva;Plena Noite;sábado;Colisão transversal;Simples;0;0;-32.07687877;-52.10166627;Segura;Sul;2 Trimestre
667461;2025.0;n;3.0;2025-03-15;MT;158;522,3;NOVA NAZARE;Acostamento em desnível;Com Vítimas Feridas;3;Céu Claro;Pleno dia;sábado;Tombamento;Simples;0;0;-13,76027331;-51,85051788;Segura;Centro-Oeste;1 Trimestre
672348;2025.0;n;4.0;2025-04-08;RJ;493;77;NOVA IGUACU;Manobra de mudança de faixa;Sem Vítimas;7;Céu Claro;Pleno dia;terça-feira;Colisão lateral mesmo sentido;Dupla;0;0;-22,68140623;-43,53034051;Segura;Sudeste;2 Trimestre
670813;2025.0;n;3.0;2025-03-31;SP;116;340;MIRACATU;Manobra de mudança de faixa;Com Vítimas Feridas;5;Nublado;Plena Noite;segunda-feira;Colisão lateral mesmo sentido;Dupla;0;0;-24,00569895;-47,15898514;Segura;Sudeste;1 Trimestre
652912;2025.0;n;1.0;2025-01-03;BA;415;34;ILHEUS;Conversão proibida;Com Vítimas Feridas;2;Céu Claro;Pleno dia;sexta-feira;Colisão transversal;Múltipla;0;0;-14,8482;-39,281986;Segura;Nordeste;1 Trimestre
668730;2025.0;n;3.0;2025-03-21;PA;163;105;ALTAMIRA;Reação tardia ou ineficiente do condutor;Com Vítimas Fatais;1;Céu Claro;Plena Noite;sexta-feira;Saída de leito carroçável;Simples;1;0;-8,72677832;-54,97261405;Perigosa;Norte;1 Trimestre
622292;2024.0;n;8.0;2024-08-19;RS;386;391,8;TRIUNFO;Reação tardia ou ineficiente do condutor;Com Vítimas Feridas;2;Sol;Pleno dia;segunda-feira;Colisão traseira;Simples;0;0;-29.7029;-51.665871;Segura;Sul;3 Trimestre
669607;2025.0;n;3.0;2025-03-25;SC;470;192;POUSO REDONDO;Problema com o freio;Com Vítimas Feridas;2;Chuva;Plena Noite;terça-feira;Colisão com objeto;Simples;0;0;-27,25597148;-50,0452087;Segura;Sul;1 Trimestre
621578;2024.0;n;1.0;2024-01-16;SC;282;447,6;PONTE SERRADA;Ultrapassagem Indevida;Com Vítimas Fatais;3;Céu Claro;Pleno dia;terça-feira;Colisão frontal;Simples;2;0;-26.9098174;-51.9144984;Perigosa;Sul;1 Trimestre
576422;2024.0;n;1.0;2024-01-22;MG;381;507;SAO JOAQUIM DE BICAS;Mal súbito do condutor;Com Vítimas Feridas;2;Céu Claro;Pleno dia;segunda-feira;Colisão com objeto;Dupla;0;0;-20.05643192;-44.28663308;Segura;Sudeste;1 Trimestre
574531;2024.0;n;1.0;2024-01-13;MA;135;69,3;SANTA RITA;Condutor deixou de manter distância do veículo da frente;Com Vítimas Feridas;2;Céu Claro;Pleno dia;sábado;Colisão traseira;Simples;0;0;-3.13287318;-44.32482824;Segura;Nordeste;1 Trimestre
579271;2024.0;n;2.0;2024-02-05;RS;116;44;VACARIA;Demais falhas mecânicas ou elétricas;Sem Vítimas;3;Nublado;Pleno dia;segunda-feira;Eventos atípicos;Simples;0;0;-28.53962512;-50.96996084;Segura;Sul;1 Trimestre
654138;2025.0;n;1.0;2025-01-10;BA;242;682;MUQUEM DE SAO FRANCISCO;Velocidade Incompatível;Com Vítimas Feridas;2;Chuva;Plena Noite;sexta-feira;Tombamento;Simples;0;1;-12,22921566;-43,83424759;Perigosa;Nordeste;1 Trimestre
589108;2024.0;n;3.0;2024-03-22;RS;392;666,2;CERRO LARGO;Acessar a via sem observar a presença dos outros veículos;Com Vítimas Feridas;3;Céu Claro;Plena Noite;sexta-feira;Colisão transversal;Simples;0;1;-28.12339091;-54.77497816;Perigosa;Sul;1 Trimestre
667002;2025.0;n;3.0;2025-03-13;MG;365;429;PATOS DE MINAS;Chuva;Com Vítimas Feridas;3;Chuva;Pleno dia;quinta-feira;Colisão traseira;Simples;0;2;-18,746;-46,635;Perigosa;Sudeste;1 Trimestre
611894;2024.0;n;7.0;2024-07-04;GO;153;668;GOIATUBA;Reação tardia ou ineficiente do condutor;Com Vítimas Feridas;4;Céu Claro;Pleno dia;quinta-feira;Colisão traseira;Dupla;0;0;-18.109539;-49.277332;Segura;Centro-Oeste;3 Trimestre
577258;2024.0;n;1.0;2024-01-26;BA;116;721,5;MANOEL VITORINO;Condutor Dormindo;Com Vítimas Fatais;4;Nublado;Pleno dia;sexta-feira;Colisão lateral sentido oposto;Simples;1;0;-14.20471303;-40.27150419;Perigosa;Nordeste;1 Trimestre
619985;2024.0;n;8.0;2024-08-09;MG;365;753;ITUIUTABA;Condutor Dormindo;Sem Vítimas;4;Céu Claro;Plena Noite;sexta-feira;Colisão lateral sentido oposto;Simples;0;0;-18.95821143;-49.47037437;Segura;Sudeste;3 Trimestre
615211;2024.0;n;7.0;2024-07-06;BA;116;696;JEQUIE;Velocidade Incompatível;Com Vítimas Feridas;1;Céu Claro;Plena Noite;sábado;Saída de leito carroçável;Simples;0;1;-13.99324878;-40.17891829;Perigosa;Nordeste;3 Trimestre
581122;2024.0;n;2.0;2024-02-14;GO;153;529,3;HIDROLANDIA;Manobra de mudança de faixa;Com Vítimas Feridas;2;Céu Claro;Pleno dia;quarta-feira;Saída de leito carroçável;Dupla;0;0;-16.9603;-49.2384;Segura;Centro-Oeste;1 Trimestre
671123;2025.0;n;4.0;2025-04-02;PR;376;502;PONTA GROSSA;Condutor deixou de manter distância do veículo da frente;Com Vítimas Feridas;3;Céu Claro;Pleno dia;quarta-feira;Colisão traseira;Dupla;0;0;-25,18212675;-50,09390116;Segura;Sul;2 Trimestre
595572;2024.0;y;4.0;2024-04-21;RJ;393;266;BARRA DO PIRAI;Ausência de reação do condutor;Com Vítimas Feridas;2;Céu Claro;Plena Noite;domingo;Saída de leito carroçável;Simples;0;1;-22.48062523;-43.89336791;Perigosa;Sudeste;2 Trimestre
615433;2024.0;n;7.0;2024-07-19;SC;101;110,3;PENHA;Ausência de reação do condutor;Com Vítimas Feridas;3;Nublado;Pleno dia;sexta-feira;Colisão traseira;Dupla;0;0;-26.83477;-48.706151;Segura;Sul;3 Trimestre
625032;2024.0;n;9.0;2024-09-01;RJ;40;31,9;AREAL;Velocidade Incompatível;Com Vítimas Feridas;2;Sol;Pleno dia;domingo;Saída de leito carroçável;Simples;0;1;-22.19936551;-43.15850258;Perigosa;Sudeste;3 Trimestre
602687;2024.0;n;5.0;2024-05-24;MG;381;924,6;CAMANDUCAIA;Reação tardia ou ineficiente do condutor;Com Vítimas Feridas;2;Chuva;Pleno dia;sexta-feira;Saída de leito carroçável;Dupla;0;0;-22.77050246;-46.23490598;Segura;Sudeste;2 Trimestre
655620;2025.0;n;1.0;2025-01-17;MG;381;2;BETIM;Condutor deixou de manter distância do veículo da frente;Com Vítimas Feridas;2;Céu Claro;Pleno dia;sexta-feira;Colisão lateral mesmo sentido;Simples;0;1;-19,96825;-44,198708;Perigosa;Sudeste;1 Trimestre
587393;2024.0;n;3.0;2024-03-14;SP;116;4,5;QUELUZ;Acessar a via sem observar a presença dos outros veículos;Com Vítimas Feridas;2;Céu Claro;Pleno dia;quinta-feira;Colisão lateral mesmo sentido;Dupla;0;0;-22.52543456;-44.73580573;Segura;Sudeste;1 Trimestre
657165;2025.0;n;1.0;2025-01-24;BA;101;79;ALAGOINHAS;Reação tardia ou ineficiente do condutor;Com Vítimas Feridas;3;Céu Claro;Plena Noite;sexta-feira;Colisão traseira;Simples;0;0;-12,01196305;-38,26882996;Segura;Nordeste;1 Trimestre
657989;2025.0;n;1.0;2025-01-29;SC;470;87,9;ASCURRA;Ausência de reação do condutor;Com Vítimas Feridas;4;Garoa/Chuvisco;Plena Noite;quarta-feira;Saída de leito carroçável;Simples;0;0;-26,95480985;-49,37269807;Segura;Sul;1 Trimestre
614305;2024.0;n;7.0;2024-07-14;SP;381;60;MAIRIPORA;Curva acentuada;Com Vítimas Feridas;1;Céu Claro;Amanhecer;domingo;Colisão com objeto;Dupla;0;0;-23.28957673;-46.58729853;Segura;Sudeste;3 Trimestre
671412;2025.0;n;4.0;2025-04-04;SP;116;67,8;APARECIDA;Demais falhas mecânicas ou elétricas;Sem Vítimas;2;Nublado;Plena Noite;sexta-feira;Incêndio;Dupla;0;0;-22,83206124;-45,21524191;Segura;Sudeste;2 Trimestre
587849;2024.0;n;3.0;2024-03-17;MG;251;443,9;GRAO MOGOL;Velocidade Incompatível;Com Vítimas Feridas;2;Céu Claro;Pleno dia;domingo;Saída de leito carroçável;Simples;0;0;-16.41500882;-43.25228005;Segura;Sudeste;1 Trimestre
576402;2024.0;n;1.0;2024-01-22;MT;364;279;JACIARA;Reação tardia ou ineficiente do condutor;Com Vítimas Feridas;4;Nublado;Pleno dia;segunda-feira;Colisão traseira;Dupla;0;2;-15.94251105;-55.01446001;Perigosa;Centro-Oeste;1 Trimestre
659158;2025.0;n;2.0;2025-02-04;PR;277;239,3;FERNANDES PINHEIRO;Acessar a via sem observar a presença dos outros veículos;Com Vítimas Fatais;2;Nublado;Plena Noite;terça-feira;Colisão frontal;Simples;2;0;-25,46376637;-50,54602007;Perigosa;Sul;1 Trimestre
622290;2024.0;n;8.0;2024-08-19;BA;101;717,2;EUNAPOLIS;Ausência de reação do condutor;Com Vítimas Feridas;2;Nublado;Pleno dia;segunda-feira;Colisão traseira;Dupla;0;0;-16.372633;-39.581362;Segura;Nordeste;3 Trimestre
670890;2025.0;n;4.0;2025-04-01;SP;116;495;CAJATI;Avarias e/ou desgaste excessivo no pneu;Sem Vítimas;2;Céu Claro;Pleno dia;terça-feira;Incêndio;Dupla;0;0;-24,75203867;-48,15571362;Segura;Sudeste;2 Trimestre
615128;2024.0;n;7.0;2024-07-17;RJ;116;272,1;VOLTA REDONDA;Reação tardia ou ineficiente do condutor;Com Vítimas Feridas;2;Nublado;Plena Noite;quarta-feira;Tombamento;Dupla;0;1;-22.55606865;-44.13021704;Perigosa;Sudeste;3 Trimestre
606759;2024.0;n;5.0;2024-05-06;ES;262;45,1;MARECHAL FLORIANO;Mal súbito do condutor;Com Vítimas Feridas;3;Nublado;Pleno dia;segunda-feira;Colisão lateral mesmo sentido;Simples;0;1;-20.40565705;-40.67280081;Perigosa;Sudeste;2 Trimestre
616864;2024.0;n;7.0;2024-07-25;MT;70;293;POXOREO;Acostamento em desnível;Com Vítimas Feridas;4;Céu Claro;Pleno dia;quinta-feira;Tombamento;Simples;0;0;-15.57937887;-54.41239401;Segura;Centro-Oeste;3 Trimestre
653396;2025.0;n;1.0;2025-01-05;MT;174;338;CONQUISTA DOESTE;Velocidade Incompatível;Com Vítimas Feridas;1;Garoa/Chuvisco;Pleno dia;domingo;Saída de leito carroçável;Simples;0;0;-14,81735399;-59,32239281;Segura;Centro-Oeste;1 Trimestre
623065;2024.0;n;8.0;2024-08-23;MA;230;89,1;SAO JOAO DOS PATOS;Velocidade Incompatível;Com Vítimas Feridas;2;Céu Claro;Pleno dia;sexta-feira;Colisão traseira;Simples;0;0;-6.50394242;-43.6760401;Segura;Nordeste;3 Trimestre
669310;2025.0;n;3.0;2025-03-24;MT;70;695;CACERES;Demais falhas mecânicas ou elétricas;Com Vítimas Feridas;3;Céu Claro;Pleno dia;segunda-feira;Colisão transversal;Simples;0;0;-16,250672;-57,466145;Segura;Centro-Oeste;1 Trimestre
663277;2025.0;n;2.0;2025-02-23;RO;364;286;PRESIDENTE MEDICI;Ultrapassagem Indevida;Com Vítimas Feridas;2;Nublado;Pleno dia;domingo;Colisão lateral sentido oposto;Simples;0;1;-11,356792;-61,851348;Perigosa;Norte;1 Trimestre
582380;2024.0;n;2.0;2024-02-21;BA;116;540,5;MILAGRES;Condutor deixou de manter distância do veículo da frente;Com Vítimas Feridas;4;Céu Claro;Pleno dia;quarta-feira;Colisão traseira;Simples;0;0;-12.828333;-39.828779;Segura;Nordeste;1 Trimestre
604032;2024.0;n;5.0;2024-05-30;RJ;116;224;PARACAMBI;Condutor deixou de manter distância do veículo da frente;Com Vítimas Feridas;3;Céu Claro;Pleno dia;quinta-feira;Colisão traseira;Dupla;0;0;-22.68709335;-43.81058612;Segura;Sudeste;2 Trimestre
600863;2024.0;n;5.0;2024-05-16;RR;174;320;CARACARAI;Demais falhas na via;Com Vítimas Feridas;2;Céu Claro;Pleno dia;quinta-feira;Colisão traseira;Simples;0;0;1.496955;-60.957287;Segura;Norte;2 Trimestre
619849;2024.0;n;8.0;2024-08-07;SE;101;187,6;UMBAUBA;Velocidade Incompatível;Sem Vítimas;1;Céu Claro;Plena Noite;quarta-feira;Saída de leito carroçável;Simples;0;0;-11.40508812;-37.69179693;Segura;Nordeste;3 Trimestre
687164;2025.0;n;4.0;2025-04-25;SP;116;110,8;TAUBATE;Suicídio (presumido);Com Vítimas Feridas;2;Nublado;Plena Noite;sexta-feira;Atropelamento de Pedestre;Dupla;0;1;-23,03856174;-45,5601475;Perigosa;Sudeste;2 Trimestre
666531;2025.0;n;3.0;2025-03-11;PR;116;103;SAO JOSE DOS PINHAIS;Ausência de reação do condutor;Sem Vítimas;2;Céu Claro;Pleno dia;terça-feira;Colisão lateral mesmo sentido;Dupla;0;0;-25,555756;-49,0294823;Segura;Sul;1 Trimestre
652701;2025.0;n;1.0;2025-01-02;PR;116;125;FAZENDA RIO GRANDE;Ausência de reação do condutor;Com Vítimas Feridas;4;Sol;Pleno dia;quinta-feira;Colisão traseira;Dupla;0;1;-25,59505309;-49,31630659;Perigosa;Sul;1 Trimestre
608375;2024.0;n;4.0;2024-04-27;CE;222;17,7;CAUCAIA;Reação tardia ou ineficiente do condutor;Com Vítimas Fatais;4;Chuva;Amanhecer;sábado;Engavetamento;Simples;1;0;-3.76013183;-38.69513297;Perigosa;Nordeste;2 Trimestre
618968;2024.0;n;8.0;2024-08-04;SP;116;301;SAO LOURENCO DA SERRA;Ausência de reação do condutor;Com Vítimas Feridas;3;Céu Claro;Plena Noite;domingo;Colisão traseira;Dupla;0;0;-23.81147602;-46.92298208;Segura;Sudeste;3 Trimestre
663780;2025.0;n;2.0;2025-02-26;RS;290;351,9;SAO SEPE;Acumulo de areia ou detritos sobre o pavimento;Com Vítimas Fatais;2;Sol;Pleno dia;quarta-feira;Colisão transversal;Simples;3;0;-30,37146821;-53,67267609;Perigosa;Sul;1 Trimestre
617854;2024.0;n;7.0;2024-07-30;SP;116;326,2;JUQUITIBA;Chuva;Com Vítimas Fatais;2;Garoa/Chuvisco;Pleno dia;terça-feira;Saída de leito carroçável;Dupla;1;0;-23.94085262;-47.05337099;Perigosa;Sudeste;3 Trimestre
621470;2024.0;n;8.0;2024-08-14;SC;282;434;VARGEM BONITA;Ausência de reação do condutor;Sem Vítimas;2;Céu Claro;Plena Noite;quarta-feira;Saída de leito carroçável;Simples;0;0;-26.972441;-51.831917;Segura;Sul;3 Trimestre
627034;2024.0;n;9.0;2024-09-09;SC;282;34;AGUAS MORNAS;Condutor deixou de manter distância do veículo da frente;Com Vítimas Feridas;2;Céu Claro;Plena Noite;segunda-feira;Colisão lateral sentido oposto;Simples;0;0;-27.704247;-48.817547;Segura;Sul;3 Trimestre
620633;2024.0;n;8.0;2024-08-11;RJ;116;180;MESQUITA;Reação tardia ou ineficiente do condutor;Com Vítimas Feridas;4;Céu Claro;Plena Noite;domingo;Colisão traseira;Múltipla;0;0;-22.7651616;-43.4154728;Segura;Sudeste;3 Trimestre
665742;2025.0;n;3.0;2025-03-07;BA;116;735;BOA NOVA;Conversão proibida;Com Vítimas Feridas;2;Céu Claro;Pleno dia;sexta-feira;Colisão frontal;Simples;0;0;-14,35158978;-40,33444947;Segura;Nordeste;1 Trimestre
657454;2025.0;n;1.0;2025-01-26;MG;40;524;CONTAGEM;Transitar no Acostamento;Com Vítimas Feridas;2;Céu Claro;Pleno dia;domingo;Colisão traseira;Dupla;0;1;-19,8754469;-44,05345586;Perigosa;Sudeste;1 Trimestre
672183;2025.0;n;4.0;2025-04-07;PE;232;158;TACAIMBO;Ultrapassagem Indevida;Com Vítimas Feridas;5;Céu Claro;Pleno dia;segunda-feira;Colisão frontal;Simples;0;3;-8,33115615;-36,2438643;Perigosa;Nordeste;2 Trimestre
652541;2025.0;y;1.0;2025-01-01;MG;116;643,5;FERVEDOURO;Velocidade Incompatível;Com Vítimas Fatais;2;Nublado;Pleno dia;quarta-feira;Colisão lateral mesmo sentido;Simples;1;1;-20,66154092;-42,26743625;Perigosa;Sudeste;1 Trimestre
578594;2024.0;n;2.0;2024-02-02;SP;116;566;BARRA DO TURVO;Reação tardia ou ineficiente do condutor;Com Vítimas Feridas;3;Garoa/Chuvisco;Anoitecer;sexta-feira;Colisão lateral mesmo sentido;Simples;0;0;-25.041697;-48.549812;Segura;Sudeste;1 Trimestre
585113;2024.0;n;3.0;2024-03-05;MT;364;349;SANTO ANTONIO DO LEVERGER;Reação tardia ou ineficiente do condutor;Com Vítimas Feridas;1;Céu Claro;Pleno dia;terça-feira;Tombamento;Dupla;0;0;-15.80502622;-55.5546431;Segura;Centro-Oeste;1 Trimestre
670835;2025.0;n;3.0;2025-03-31;PR;153;479;PORTO VITORIA;Demais falhas mecânicas ou elétricas;Com Vítimas Feridas;2;Céu Claro;Anoitecer;segunda-feira;Tombamento;Simples;0;0;-26,29218379;-51,20246887;Segura;Sul;1 Trimestre
611402;2024.0;n;7.0;2024-07-02;PR;163;57,7;PEROLA DOESTE;Demais falhas mecânicas ou elétricas;Sem Vítimas;1;Céu Claro;Pleno dia;terça-feira;Incêndio;Simples;0;0;-25.92927056;-53.74510632;Segura;Sul;3 Trimestre
667363;2025.0;n;3.0;2025-03-15;ES;262;78,4;DOMINGOS MARTINS;Avarias e/ou desgaste excessivo no pneu;Com Vítimas Feridas;3;Céu Claro;Pleno dia;sábado;Colisão lateral sentido oposto;Simples;0;0;-20,410203;-40,928158;Segura;Sudeste;1 Trimestre
659152;2025.0;n;2.0;2025-02-03;CE;116;314,9;JAGUARIBE;Acesso irregular;Com Vítimas Fatais;3;Céu Claro;Plena Noite;segunda-feira;Colisão traseira;Simples;1;0;-5,952338;-38,631158;Perigosa;Nordeste;1 Trimestre
597290;2024.0;n;4.0;2024-04-29;MT;163;117;RONDONOPOLIS;Ausência de reação do condutor;Com Vítimas Feridas;5;Céu Claro;Plena Noite;segunda-feira;Colisão lateral mesmo sentido;Dupla;0;0;-16.52182818;-54.65882461;Segura;Centro-Oeste;2 Trimestre
610367;2024.0;n;6.0;2024-06-02;PE;232;383;CALUMBI;Ingestão de álcool pelo condutor;Sem Vítimas;2;Céu Claro;Plena Noite;domingo;Colisão lateral sentido oposto;Simples;0;0;-8.03984859;-38.07675593;Segura;Nordeste;2 Trimestre
624272;2024.0;n;8.0;2024-08-29;GO;40;6,8;VALPARAISO DE GOIAS;Reação tardia ou ineficiente do condutor;Com Vítimas Feridas;4;Céu Claro;Pleno dia;quinta-feira;Colisão traseira;Dupla;0;0;-16.100814;-47.977351;Segura;Centro-Oeste;3 Trimestre
602615;2024.0;n;5.0;2024-05-24;RJ;40;89;PETROPOLIS;Demais falhas mecânicas ou elétricas;Com Vítimas Feridas;3;Céu Claro;Pleno dia;sexta-feira;Colisão lateral mesmo sentido;Simples;0;0;-22.556263;-43.23718;Segura;Sudeste;2 Trimestre
661570;2025.0;n;2.0;2025-02-15;MT;364;106,8;ALTO GARCAS;Ultrapassagem Indevida;Com Vítimas Fatais;5;Nublado;Pleno dia;sábado;Colisão frontal;Simples;1;0;-16,845062;-53,933692;Perigosa;Centro-Oeste;1 Trimestre
669495;2025.0;n;3.0;2025-03-25;SC;101;137;BALNEARIO CAMBORIU;Trafegar com motocicleta (ou similar) entre as faixas;Com Vítimas Feridas;4;Nublado;Pleno dia;terça-feira;Colisão lateral mesmo sentido;Dupla;0;1;-27,01573;-48,61183;Perigosa;Sul;1 Trimestre
673510;2025.0;n;4.0;2025-04-13;BA;110;242;OLINDINA;Acessar a via sem observar a presença dos outros veículos;Com Vítimas Feridas;3;Céu Claro;Plena Noite;domingo;Colisão transversal;Simples;0;0;-11,365252;-38,32595;Segura;Nordeste;2 Trimestre
576961;2024.0;n;1.0;2024-01-25;PE;101;89;JABOATAO DOS GUARARAPES;Manobra de mudança de faixa;Com Vítimas Feridas;2;Nublado;Pleno dia;quinta-feira;Colisão lateral mesmo sentido;Dupla;0;0;-8.20760697;-34.98372005;Segura;Nordeste;1 Trimestre
625431;2024.0;n;9.0;2024-09-03;PR;277;365,9;GUARAPUAVA;Objeto estático sobre o leito carroçável;Com Vítimas Feridas;3;Céu Claro;Plena Noite;terça-feira;Colisão com objeto;Simples;0;0;-25.43214305;-51.60777698;Segura;Sul;3 Trimestre
611185;2024.0;n;7.0;2024-07-01;MT;163;555;DIAMANTINO;Condutor Dormindo;Sem Vítimas;3;Céu Claro;Plena Noite;segunda-feira;Saída de leito carroçável;Simples;0;0;-14.267496;-56.15044099;Segura;Centro-Oeste;3 Trimestre
587179;2024.0;n;3.0;2024-03-14;MT;163;1051,1;MATUPA;Ausência de reação do condutor;Com Vítimas Feridas;2;Céu Claro;Pleno dia;quinta-feira;Colisão lateral sentido oposto;Simples;0;1;-10.081219;-54.910578;Perigosa;Centro-Oeste;1 Trimestre
629215;2024.0;n;9.0;2024-09-19;ES;101;5;SERRA;Ausência de reação do condutor;Sem Vítimas;1;Nublado;Plena Noite;quinta-feira;Colisão lateral mesmo sentido;Dupla;0;0;-20.129093;-40.308125;Segura;Sudeste;3 Trimestre
597347;2024.0;n;4.0;2024-04-30;GO;60;136;GOIANIA;Demais falhas mecânicas ou elétricas;Com Vítimas Feridas;4;Céu Claro;Plena Noite;terça-feira;Colisão transversal;Dupla;0;0;-16.5959;-49.1965;Segura;Centro-Oeste;2 Trimestre
666043;2025.0;n;3.0;2025-03-08;MT;163;823;SINOP;Reação tardia ou ineficiente do condutor;Com Vítimas Feridas;4;Céu Claro;Plena Noite;sábado;Colisão traseira;Dupla;0;3;-11,96249;-55,51693;Perigosa;Centro-Oeste;1 Trimestre
602214;2024.0;n;5.0;2024-05-22;RJ;101;322;NITEROI;Acesso irregular;Sem Vítimas;3;Céu Claro;Pleno dia;quarta-feira;Colisão com objeto;Múltipla;0;0;-22.878923;-43.110676;Segura;Sudeste;2 Trimestre
580906;2024.0;n;2.0;2024-02-13;GO;153;200;URUACU;Acessar a via sem observar a presença dos outros veículos;Com Vítimas Feridas;3;Céu Claro;Pleno dia;terça-feira;Colisão transversal;Simples;0;0;-14.513057;-49.149277;Segura;Centro-Oeste;1 Trimestre
592192;2024.0;n;4.0;2024-04-06;RS;386;435;NOVA SANTA RITA;Acessar a via sem observar a presença dos outros veículos;Com Vítimas Feridas;3;Céu Claro;Pleno dia;sábado;Colisão transversal;Dupla;0;1;-29.84773231;-51.27097785;Perigosa;Sul;2 Trimestre
615112;2024.0;n;7.0;2024-07-17;MG;381;635,7;SANTO ANTONIO DO AMPARO;Pedestre andava na pista;Com Vítimas Fatais;3;Nublado;Plena Noite;quarta-feira;Atropelamento de Pedestre;Dupla;1;0;-20.864989;-44.840868;Perigosa;Sudeste;3 Trimestre
625210;2024.0;n;9.0;2024-09-02;SP;116;109,4;TAUBATE;Suicídio (presumido);Com Vítimas Fatais;2;Céu Claro;Plena Noite;segunda-feira;Atropelamento de Pedestre;Dupla;1;0;-23.02871304;-45.54517097;Perigosa;Sudeste;3 Trimestre
610291;2024.0;n;6.0;2024-06-27;SP;153;59;SAO JOSE DO RIO PRETO;Ausência de reação do condutor;Com Vítimas Feridas;2;Céu Claro;Plena Noite;quinta-feira;Colisão traseira;Dupla;0;0;-20.78733103;-49.35399276;Segura;Sudeste;2 Trimestre
576603;2024.0;n;1.0;2024-01-07;BA;324;385,9;GAVIAO;Transitar na contramão;Com Vítimas Fatais;2;Céu Claro;Plena Noite;domingo;Colisão frontal;Simples;23;9;-11.48858977;-39.75706888;Perigosa;Nordeste;1 Trimestre
592343;2024.0;n;4.0;2024-04-07;MG;262;195;JOAO MONLEVADE;Ausência de reação do condutor;Com Vítimas Feridas;2;Céu Claro;Amanhecer;domingo;Colisão frontal;Simples;0;0;-19.86097658;-43.10750503;Segura;Sudeste;2 Trimestre
628469;2024.0;n;8.0;2024-08-31;RJ;101;326;RIO DE JANEIRO;Reação tardia ou ineficiente do condutor;Com Vítimas Feridas;2;Céu Claro;Plena Noite;sábado;Colisão traseira;Dupla;0;0;-22.87206203;-43.146105;Segura;Sudeste;3 Trimestre
670445;2025.0;n;3.0;2025-03-30;RS;285;400;SANTA BARBARA DO SUL;Ausência de reação do condutor;Com Vítimas Feridas;3;Céu Claro;Plena Noite;domingo;Colisão traseira;Simples;0;0;-28,38851691;-53,28260243;Segura;Sul;1 Trimestre
587493;2024.0;n;3.0;2024-03-15;BA;418;121;NOVA VICOSA;Manobra de mudança de faixa;Com Vítimas Fatais;4;Céu Claro;Anoitecer;sexta-feira;Colisão frontal;Simples;4;0;-17.88735087;-40.09280942;Perigosa;Nordeste;1 Trimestre
585236;2024.0;n;3.0;2024-03-05;PR;277;425,5;CANTAGALO;Demais falhas mecânicas ou elétricas;Sem Vítimas;2;Céu Claro;Pleno dia;terça-feira;Incêndio;Simples;0;0;-25.38390004;-52.15759277;Segura;Sul;1 Trimestre
653398;2025.0;n;1.0;2025-01-05;BA;101;914;NOVA VICOSA;Condutor deixou de manter distância do veículo da frente;Com Vítimas Feridas;1;Nublado;Pleno dia;domingo;Colisão traseira;Simples;0;0;-17,86211322;-39,80415344;Segura;Nordeste;1 Trimestre
594898;2024.0;n;4.0;2024-04-19;PR;376;593,9;CURITIBA;Velocidade Incompatível;Com Vítimas Feridas;3;Céu Claro;Amanhecer;sexta-feira;Colisão lateral mesmo sentido;Dupla;0;0;-25.47642706;-49.35092413;Segura;Sul;2 Trimestre
586826;2024.0;n;3.0;2024-03-12;SC;101;37,2;JOINVILLE;Velocidade Incompatível;Sem Vítimas;4;Nublado;Plena Noite;terça-feira;Engavetamento;Dupla;0;0;-26.25050176;-48.90863867;Segura;Sul;1 Trimestre
663601;2025.0;n;2.0;2025-02-25;SC;282;467;PONTE SERRADA;Acessar a via sem observar a presença dos outros veículos;Com Vítimas Feridas;2;Céu Claro;Pleno dia;terça-feira;Colisão transversal;Simples;0;0;-26,85436439;-52,08445966;Segura;Sul;1 Trimestre
613619;2024.0;n;7.0;2024-07-11;PR;158;526,6;PATO BRANCO;Acostamento em desnível;Com Vítimas Feridas;2;Chuva;Amanhecer;quinta-feira;Saída de leito carroçável;Simples;0;1;-26.15962508;-52.66289367;Perigosa;Sul;3 Trimestre