id;ano;feriado;mes;data_inversa;uf;br;km;municipio;causa_acidente;classificacao_acidente;veiculos;condicao_metereologica;fase_dia;dia_semana;tipo_acidente;tipo_pista;mortos;feridos_graves;latitude;longitude;status;regiao;periodo
665231;2025.0;n;3.0;2025-03-04;PE;101;80;JABOATAO DOS GUARARAPES;Manobra de mudança de faixa;Sem Vítimas;3;Céu Claro;Plena Noite;terça-feira;Colisão lateral mesmo sentido;Múltipla;0;0;-8,1537;-34,94166;Segura;Nordeste;1 Trimestre
599003;2024.0;n;5.0;2024-05-08;MS;158;114,2;APARECIDA DO TABOADO;Transitar na contramão;Com Vítimas Fatais;6;Céu Claro;Pleno dia;quarta-feira;Colisão frontal;Simples;1;1;-19.82292705;-51.11442018;Perigosa;Centro-Oeste;2 Trimestre
652506;2025.0;y;1.0;2025-01-01;GO;70;1;AGUAS LINDAS DE GOIAS;Ausência de reação do condutor;Sem Vítimas;1;Nublado;Pleno dia;quarta-feira;Capotamento;Dupla;0;0;-15,77579351;-48,23259001;Segura;Centro-Oeste;1 Trimestre
612072;2024.0;n;7.0;2024-07-05;PR;277;389;CANDOI;Objeto estático sobre o leito carroçável;Com Vítimas Fatais;5;Céu Claro;Plena Noite;sexta-feira;Colisão com objeto;Simples;4;1;-25.4444916;-51.8681966;Perigosa;Sul;3 Trimestre
622864;2024.0;n;7.0;2024-07-01;ES;101;4;PEDRO CANARIO;Velocidade Incompatível;Com Vítimas Feridas;2;Céu Claro;Pleno dia;segunda-feira;Saída de leito carroçável;Simples;0;1;-18.2058992;-39.93492691;Perigosa;Sudeste;3 Trimestre
685546;2025.0;n;4.0;2025-04-17;RO;364;12,6;VILHENA;Pedestre andava na pista;Com Vítimas Feridas;5;Céu Claro;Pleno dia;quinta-feira;Atropelamento de Pedestre;Dupla;0;1;-12,742278;-60,126949;Perigosa;Norte;2 Trimestre
652581;2025.0;y;1.0;2025-01-01;RJ;101;481,5;ANGRA DOS REIS;Ausência de reação do condutor;Com Vítimas Feridas;2;Nublado;Pleno dia;quarta-feira;Colisão traseira;Simples;0;0;-23,00976021;-44,29153237;Segura;Sudeste;1 Trimestre
588187;2024.0;n;3.0;2024-03-18;SC;282;86;ALFREDO WAGNER;Velocidade Incompatível;Com Vítimas Feridas;1;Céu Claro;Amanhecer;segunda-feira;Tombamento;Simples;0;0;-27.661551;-49.197906;Segura;Sul;1 Trimestre
685497;2025.0;n;4.0;2025-04-17;SP;116;129;CACAPAVA;Ingestão de álcool pelo condutor;Sem Vítimas;3;Nublado;Plena Noite;quinta-feira;Colisão com objeto;Dupla;0;0;-23,12065617;-45,72346553;Segura;Sudeste;2 Trimestre
581497;2024.0;n;2.0;2024-02-16;MG;262;361;BETIM;Demais falhas mecânicas ou elétricas;Sem Vítimas;3;Céu Claro;Pleno dia;sexta-feira;Incêndio;Dupla;0;0;-19.97906129;-44.21765208;Segura;Sudeste;1 Trimestre
659973;2025.0;n;2.0;2025-02-08;MG;381;447;SABARA;Reação tardia ou ineficiente do condutor;Sem Vítimas;3;Nublado;Pleno dia;sábado;Colisão transversal;Dupla;0;0;-19,83447607;-43,85011601;Segura;Sudeste;1 Trimestre
589554;2024.0;n;3.0;2024-03-24;MA;222;671;ACAILANDIA;Reação tardia ou ineficiente do condutor;Com Vítimas Feridas;2;Céu Claro;Plena Noite;domingo;Queda de ocupante de veículo;Simples;0;1;-4.94304617;-47.4690399;Perigosa;Nordeste;1 Trimestre
576685;2024.0;n;1.0;2024-01-23;PB;101;89,9;JOAO PESSOA;Manobra de mudança de faixa;Com Vítimas Feridas;2;Céu Claro;Anoitecer;terça-feira;Colisão transversal;Dupla;0;0;-7.17816256;-34.89989162;Segura;Nordeste;1 Trimestre
673296;2025.0;n;4.0;2025-04-12;PI;316;284;DOM EXPEDITO LOPES;Ausência de reação do condutor;Com Vítimas Feridas;2;Nublado;Plena Noite;sábado;Colisão lateral sentido oposto;Simples;0;1;-6,9704967;-41,66112185;Perigosa;Nordeste;2 Trimestre
583474;2024.0;n;2.0;2024-02-26;MG;50;164;UBERABA;Condutor deixou de manter distância do veículo da frente;Com Vítimas Feridas;2;Céu Claro;Pleno dia;segunda-feira;Colisão traseira;Dupla;0;1;-19.6847632;-47.99273153;Perigosa;Sudeste;1 Trimestre
614754;2024.0;n;7.0;2024-07-15;MG;153;66,4;MONTE ALEGRE DE MINAS;Ausência de reação do condutor;Com Vítimas Fatais;4;Céu Claro;Plena Noite;segunda-feira;Saída de leito carroçável;Simples;1;0;-18.94947335;-49.02624249;Perigosa;Sudeste;3 Trimestre
621594;2024.0;n;8.0;2024-08-16;RJ;116;143;DUQUE DE CAXIAS;Suicídio (presumido);Com Vítimas Fatais;4;Céu Claro;Pleno dia;sexta-feira;Atropelamento de Pedestre;Dupla;1;0;-22.65237271;-43.23918118;Perigosa;Sudeste;3 Trimestre
618206;2024.0;n;8.0;2024-08-01;MG;40;90;PARACATU;Ausência de reação do condutor;Com Vítimas Feridas;1;Céu Claro;Amanhecer;quinta-feira;Colisão com objeto;Simples;0;0;-17.50033941;-46.5759972;Segura;Sudeste;3 Trimestre
587668;2024.0;n;3.0;2024-03-16;DF;40;3;BRASILIA;Reação tardia ou ineficiente do condutor;Com Vítimas Feridas;3;Céu Claro;Pleno dia;sábado;Colisão traseira;Dupla;0;1;-16.00656649;-47.98326015;Perigosa;Centro-Oeste;1 Trimestre
595426;2024.0;n;4.0;2024-04-20;MG;116;41;PEDRA AZUL;Condutor Dormindo;Com Vítimas Feridas;4;Nublado;Pleno dia;sábado;Saída de leito carroçável;Simples;0;0;-15.990554;-41.40912;Segura;Sudeste;2 Trimestre
604464;2024.0;n;6.0;2024-06-01;RJ;116;108;GUAPIMIRIM;Acessar a via sem observar a presença dos outros veículos;Com Vítimas Feridas;2;Céu Claro;Pleno dia;sábado;Colisão transversal;Dupla;0;0;-22.535843;-42.99125;Segura;Sudeste;2 Trimestre
589617;2024.0;n;3.0;2024-03-25;GO;158;8;ARAGARCAS;Falta de elemento de contenção que evite a saída do leito carroçável;Com Vítimas Feridas;1;Céu Claro;Plena Noite;segunda-feira;Saída de leito carroçável;Simples;0;1;-15.9073825;-52.22066402;Perigosa;Centro-Oeste;1 Trimestre
661564;2025.0;n;2.0;2025-02-15;PR;116;113;CURITIBA;Acessar a via sem observar a presença dos outros veículos;Sem Vítimas;3;Nublado;Pleno dia;sábado;Colisão lateral mesmo sentido;Dupla;0;0;-25,546814;-49,29073513;Segura;Sul;1 Trimestre
619634;2024.0;n;8.0;2024-08-07;RJ;101;418;MANGARATIBA;Trafegar com motocicleta (ou similar) entre as faixas;Com Vítimas Feridas;2;Céu Claro;Pleno dia;quarta-feira;Colisão lateral mesmo sentido;Simples;0;0;-22.9178274;-43.90471593;Segura;Sudeste;3 Trimestre
597262;2024.0;n;4.0;2024-04-13;GO;364;208,5;JATAI;Chuva;Com Vítimas Feridas;2;Chuva;Plena Noite;sábado;Saída de leito carroçável;Simples;0;1;-17.904121;-51.828594;Perigosa;Centro-Oeste;2 Trimestre
652480;2025.0;y;1.0;2025-01-01;PE;101;41;IGARASSU;Velocidade Incompatível;Sem Vítimas;1;Céu Claro;Plena Noite;quarta-feira;Saída de leito carroçável;Dupla;0;0;-7,83539746;-34,91316676;Segura;Nordeste;1 Trimestre
627120;2024.0;y;9.0;2024-09-07;RJ;493;101;SEROPEDICA;Velocidade Incompatível;Sem Vítimas;2;Céu Claro;Pleno dia;sábado;Tombamento;Dupla;0;0;-22.756665;-43.731727;Segura;Sudeste;3 Trimestre
579355;2024.0;n;2.0;2024-02-06;RS;386;347,2;LAJEADO;Ausência de reação do condutor;Com Vítimas Feridas;5;Sol;Pleno dia;terça-feira;Colisão traseira;Múltipla;0;0;-29.45267758;-51.96422696;Segura;Sul;1 Trimestre
653418;2025.0;n;1.0;2025-01-06;GO;60;90;ANAPOLIS;Ausência de reação do condutor;Sem Vítimas;1;Céu Claro;Plena Noite;segunda-feira;Colisão com objeto;Dupla;0;0;-16,3427;-48,9019;Segura;Centro-Oeste;1 Trimestre
614283;2024.0;n;7.0;2024-07-14;TO;153;758;ALVORADA;Pedestre andava na pista;Com Vítimas Feridas;3;Céu Claro;Plena Noite;domingo;Atropelamento de Pedestre;Simples;0;0;-12.45418101;-49.11937505;Segura;Norte;3 Trimestre
653539;2025.0;n;1.0;2025-01-06;GO;20;150,5;FLORES DE GOIAS;Demais falhas mecânicas ou elétricas;Com Vítimas Feridas;4;Nublado;Pleno dia;segunda-feira;Colisão frontal;Simples;0;0;-14,697994;-46,648884;Segura;Centro-Oeste;1 Trimestre
604881;2024.0;n;6.0;2024-06-03;BA;324;356;CAPIM GROSSO;Condutor Dormindo;Com Vítimas Feridas;2;Nublado;Amanhecer;segunda-feira;Colisão frontal;Simples;0;0;-11.38748831;-39.98941541;Segura;Nordeste;2 Trimestre
657041;2025.0;n;1.0;2025-01-24;RN;226;38;MACAIBA;Avarias e/ou desgaste excessivo no pneu;Com Vítimas Feridas;1;Céu Claro;Pleno dia;sexta-feira;Tombamento;Simples;0;0;-5,91608218;-35,52760191;Segura;Nordeste;1 Trimestre
601273;2024.0;n;5.0;2024-05-18;BA;242;814;BARREIRAS;Ausência de reação do condutor;Sem Vítimas;3;Céu Claro;Pleno dia;sábado;Tombamento;Simples;0;0;-12.11351574;-45.16050339;Segura;Nordeste;2 Trimestre
624683;2024.0;n;8.0;2024-08-30;RS;470;64,9;LAGOA VERMELHA;Acessar a via sem observar a presença dos outros veículos;Com Vítimas Feridas;3;Nublado;Plena Noite;sexta-feira;Colisão lateral mesmo sentido;Simples;0;1;-28.1181;-51.500074;Perigosa;Sul;3 Trimestre
586689;2024.0;n;3.0;2024-03-11;RS;116;2,5;VACARIA;Problema com o freio;Com Vítimas Feridas;2;Céu Claro;Anoitecer;segunda-feira;Colisão com objeto;Simples;0;0;-28.22620159;-50.76085504;Segura;Sul;1 Trimestre
600378;2024.0;n;5.0;2024-05-14;SP;116;545;BARRA DO TURVO;Reação tardia ou ineficiente do condutor;Com Vítimas Feridas;3;Garoa/Chuvisco;Plena Noite;terça-feira;Colisão com objeto;Simples;0;0;-24.95016699;-48.42400302;Segura;Sudeste;2 Trimestre
610685;2024.0;n;6.0;2024-06-28;MG;40;600,9;OURO PRETO;Manobra de mudança de faixa;Com Vítimas Feridas;4;Céu Claro;Plena Noite;sexta-feira;Colisão lateral mesmo sentido;Simples;0;0;-20.42625199;-43.86231799;Segura;Sudeste;2 Trimestre
592236;2024.0;n;4.0;2024-04-06;SC;470;126,6;RIO DO SUL;Desrespeitar a preferência no cruzamento;Com Vítimas Feridas;2;Céu Claro;Pleno dia;sábado;Colisão transversal;Simples;0;0;-27.129;-49.538277;Segura;Sul;2 Trimestre
575396;2024.0;n;1.0;2024-01-17;RO;364;724;PORTO VELHO;Curva acentuada;Com Vítimas Feridas;3;Céu Claro;Pleno dia;quarta-feira;Colisão frontal;Simples;0;1;-8.84981407;-63.93819809;Perigosa;Norte;1 Trimestre
602453;2024.0;n;5.0;2024-05-23;SC;470;257;CURITIBANOS;Ausência de reação do condutor;Com Vítimas Feridas;3;Nublado;Pleno dia;quinta-feira;Saída de leito carroçável;Simples;0;0;-27.30900037;-50.63909769;Segura;Sul;2 Trimestre
621368;2024.0;n;8.0;2024-08-15;SC;470;281;BRUNOPOLIS;Ausência de reação do condutor;Com Vítimas Feridas;4;Céu Claro;Pleno dia;quinta-feira;Colisão frontal;Simples;0;0;-27.334003;-50.872852;Segura;Sul;3 Trimestre
599268;2024.0;n;5.0;2024-05-09;MA;222;673;ACAILANDIA;Condutor deixou de manter distância do veículo da frente;Com Vítimas Feridas;5;Céu Claro;Pleno dia;quinta-feira;Colisão traseira;Simples;0;0;-4.92960481;-47.44590111;Segura;Nordeste;2 Trimestre
625177;2024.0;n;9.0;2024-09-01;PI;316;9;TERESINA;Estacionar ou parar em local proibido;Com Vítimas Feridas;4;Céu Claro;Plena Noite;domingo;Colisão traseira;Dupla;0;0;-5.17381686;-42.76624952;Segura;Nordeste;3 Trimestre
622184;2024.0;n;8.0;2024-08-18;PR;376;532;PALMEIRA;Ausência de reação do condutor;Com Vítimas Feridas;1;Céu Claro;Plena Noite;domingo;Capotamento;Dupla;0;0;-25.36061098;-49.82934198;Segura;Sul;3 Trimestre
629672;2024.0;n;9.0;2024-09-21;PR;373;199,9;IPIRANGA;Acessar a via sem observar a presença dos outros veículos;Sem Vítimas;4;Nublado;Anoitecer;sábado;Colisão transversal;Simples;0;0;-25.08596814;-50.41051984;Segura;Sul;3 Trimestre
622210;2024.0;n;8.0;2024-08-18;SC;282;385,2;JOACABA;Condutor Dormindo;Com Vítimas Feridas;2;Céu Claro;Plena Noite;domingo;Colisão traseira;Simples;0;0;-27.194431;-51.515869;Segura;Sul;3 Trimestre
654387;2025.0;n;1.0;2025-01-10;RJ;493;73;NOVA IGUACU;Demais falhas mecânicas ou elétricas;Sem Vítimas;1;Céu Claro;Pleno dia;sexta-feira;Incêndio;Dupla;0;0;-22,6628662;-43,6250497;Segura;Sudeste;1 Trimestre
582015;2024.0;n;2.0;2024-02-19;MT;163;115;RONDONOPOLIS;Reação tardia ou ineficiente do condutor;Sem Vítimas;2;Céu Claro;Pleno dia;segunda-feira;Tombamento;Dupla;0;0;-16.53799506;-54.66666488;Segura;Centro-Oeste;1 Trimestre
600980;2024.0;n;5.0;2024-05-17;SC;101;350;JAGUARUNA;Condutor Dormindo;Com Vítimas Feridas;1;Garoa/Chuvisco;Plena Noite;sexta-feira;Saída de leito carroçável;Dupla;0;0;-28.58988203;-49.04517307;Segura;Sul;2 Trimestre
666280;2025.0;n;3.0;2025-03-10;RN;304;280,2;MACAIBA;Ingestão de álcool pelo condutor;Com Vítimas Feridas;1;Nublado;Plena Noite;segunda-feira;Saída de leito carroçável;Dupla;0;0;-5,888507;-35,489243;Segura;Nordeste;1 Trimestre
622909;2024.0;n;8.0;2024-08-22;RJ;101;148;MACAE;Ausência de reação do condutor;Sem Vítimas;2;Céu Claro;Pleno dia;quinta-feira;Colisão lateral mesmo sentido;Dupla;0;0;-22.2325541;-41.78406897;Segura;Sudeste;3 Trimestre
591292;2024.0;n;4.0;2024-04-02;RJ;493;95;DUQUE DE CAXIAS;Demais falhas mecânicas ou elétricas;Sem Vítimas;2;Nublado;Plena Noite;terça-feira;Incêndio;Dupla;0;0;-22.672089;-43.285053;Segura;Sudeste;2 Trimestre
581911;2024.0;n;2.0;2024-02-18;PA;316;184,6;SANTA LUZIA DO PARA;Demais falhas mecânicas ou elétricas;Sem Vítimas;1;Nublado;Plena Noite;domingo;Incêndio;Simples;0;0;-1.43195493;-46.98150193;Segura;Norte;1 Trimestre
620502;2024.0;n;8.0;2024-08-11;PR;277;609,8;SANTA TEREZA DO OESTE;Acessar a via sem observar a presença dos outros veículos;Com Vítimas Feridas;4;Céu Claro;Pleno dia;domingo;Colisão transversal;Simples;0;4;-25.0506283;-53.6201683;Perigosa;Sul;3 Trimestre
579904;2024.0;n;2.0;2024-02-08;MT;364;139;PEDRA PRETA;Problema com o freio;Sem Vítimas;2;Céu Claro;Plena Noite;quinta-feira;Derramamento de carga;Simples;0;0;-16.793113;-54.197712;Segura;Centro-Oeste;1 Trimestre
607212;2024.0;n;6.0;2024-06-13;BA;407;69;JAGUARARI;Transitar na contramão;Com Vítimas Fatais;3;Céu Claro;Pleno dia;quinta-feira;Colisão frontal;Simples;2;0;-9.96728089;-40.24875056;Perigosa;Nordeste;2 Trimestre
652697;2025.0;n;1.0;2025-01-02;ES;101;163;LINHARES;Acessar a via sem observar a presença dos outros veículos;Com Vítimas Feridas;2;Nublado;Pleno dia;quinta-feira;Colisão transversal;Simples;0;0;-19,49806194;-40,13058524;Segura;Sudeste;1 Trimestre
625261;2024.0;n;9.0;2024-09-02;MG;40;615,7;CONGONHAS;Condutor deixou de manter distância do veículo da frente;Com Vítimas Feridas;4;Sol;Pleno dia;segunda-feira;Engavetamento;Simples;0;0;-20.54730839;-43.81825204;Segura;Sudeste;3 Trimestre
672959;2025.0;n;4.0;2025-04-11;MT;70;655;CACERES;Reação tardia ou ineficiente do condutor;Com Vítimas Feridas;1;Céu Claro;Pleno dia;sexta-feira;Saída de leito carroçável;Simples;0;0;-16,028131;-57,241823;Segura;Centro-Oeste;2 Trimestre
662300;2025.0;n;2.0;2025-02-19;MG;381;370;SAO GONCALO DO RIO ABAIXO;Demais falhas mecânicas ou elétricas;Sem Vítimas;2;Céu Claro;Pleno dia;quarta-feira;Incêndio;Simples;0;0;-19,85037766;-43,30242668;Segura;Sudeste;1 Trimestre
688109;2025.0;n;4.0;2025-04-29;MT;163;832;SINOP;Demais falhas mecânicas ou elétricas;Sem Vítimas;3;Céu Claro;Anoitecer;terça-feira;Colisão frontal;Simples;0;0;-11,87947185;-55,49994204;Segura;Centro-Oeste;2 Trimestre
613680;2024.0;n;7.0;2024-07-11;SP;381;13;BRAGANCA PAULISTA;Reação tardia ou ineficiente do condutor;Com Vítimas Feridas;2;Céu Claro;Pleno dia;quinta-feira;Colisão com objeto;Dupla;0;0;-22.93319831;-46.46980452;Segura;Sudeste;3 Trimestre
588162;2024.0;n;2.0;2024-02-22;RN;304;106;ACU;Acesso irregular;Com Vítimas Feridas;2;Garoa/Chuvisco;Pleno dia;quinta-feira;Colisão traseira;Simples;0;0;-5.58834153;-36.96862936;Segura;Nordeste;1 Trimestre
610721;2024.0;n;6.0;2024-06-29;PR;376;506,1;PONTA GROSSA;Ausência de reação do condutor;Com Vítimas Feridas;5;Chuva;Plena Noite;sábado;Colisão traseira;Dupla;0;0;-25.191061;-50.080735;Segura;Sul;2 Trimestre
597742;2024.0;n;5.0;2024-05-02;SE;101;71;MARUIM;Ausência de reação do condutor;Com Vítimas Feridas;4;Chuva;Pleno dia;quinta-feira;Colisão traseira;Dupla;0;0;-10.74264798;-37.09334602;Segura;Nordeste;2 Trimestre
581956;2024.0;n;2.0;2024-02-18;BA;110;133;CICERO DANTAS;Manobra de mudança de faixa;Com Vítimas Fatais;2;Céu Claro;Plena Noite;domingo;Colisão frontal;Simples;2;2;-10.56531407;-38.37390963;Perigosa;Nordeste;1 Trimestre
629405;2024.0;n;9.0;2024-09-20;PI;343;322;TERESINA;Ultrapassagem Indevida;Com Vítimas Feridas;3;Céu Claro;Pleno dia;sexta-feira;Colisão traseira;Simples;0;0;-5.054964;-42.585648;Segura;Nordeste;3 Trimestre
583765;2024.0;n;2.0;2024-02-28;GO;60;198;GUAPO;Ausência de reação do condutor;Com Vítimas Feridas;4;Nublado;Amanhecer;quarta-feira;Colisão traseira;Dupla;0;4;-16.8596;-49.6031;Perigosa;Centro-Oeste;1 Trimestre
575466;2024.0;n;1.0;2024-01-18;SC;470;56,2;BLUMENAU;Desrespeitar a preferência no cruzamento;Sem Vítimas;2;Chuva;Pleno dia;quinta-feira;Colisão transversal;Simples;0;0;-26.87674;-49.127743;Segura;Sul;1 Trimestre
600599;2024.0;n;5.0;2024-05-15;SC;116;204;PONTE ALTA;Demais falhas mecânicas ou elétricas;Com Vítimas Feridas;4;Nevoeiro/Neblina;Amanhecer;quarta-feira;Colisão lateral mesmo sentido;Simples;0;0;-27.45772582;-50.39132057;Segura;Sul;2 Trimestre
612077;2024.0;n;7.0;2024-07-05;MG;116;685;MURIAE;Ingestão de álcool pelo condutor;Com Vítimas Feridas;2;Nublado;Plena Noite;sexta-feira;Colisão lateral sentido oposto;Simples;0;0;-20.98224297;-42.35482631;Segura;Sudeste;3 Trimestre
655458;2025.0;n;1.0;2025-01-16;RS;290;200;RIO PARDO;Condutor deixou de manter distância do veículo da frente;Com Vítimas Feridas;4;Céu Claro;Pleno dia;quinta-feira;Colisão traseira;Simples;0;0;-30,170481;-52,216755;Segura;Sul;1 Trimestre
686989;2025.0;n;4.0;2025-04-08;PR;277;617,2;CEU AZUL;Demais falhas mecânicas ou elétricas;Com Vítimas Feridas;4;Garoa/Chuvisco;Plena Noite;terça-feira;Engavetamento;Simples;0;0;-25,07378666;-53,68443895;Segura;Sul;2 Trimestre
624267;2024.0;n;8.0;2024-08-29;SC;116;203,6;PONTE ALTA;Ausência de reação do condutor;Com Vítimas Feridas;3;Nublado;Plena Noite;quinta-feira;Colisão traseira;Simples;0;0;-27.45017401;-50.39628572;Segura;Sul;3 Trimestre
595058;2024.0;n;4.0;2024-04-19;RJ;116;199;QUEIMADOS;Reação tardia ou ineficiente do condutor;Com Vítimas Feridas;2;Nublado;Anoitecer;sexta-feira;Colisão lateral mesmo sentido;Dupla;0;1;-22.72898648;-43.58452101;Perigosa;Sudeste;2 Trimestre
600427;2024.0;n;5.0;2024-05-14;MG;116;714,3;MURIAE;Ausência de reação do condutor;Com Vítimas Feridas;3;Céu Claro;Pleno dia;terça-feira;Colisão traseira;Simples;0;0;-21.20264757;-42.38782883;Segura;Sudeste;2 Trimestre
671553;2025.0;n;3.0;2025-03-28;MG;40;14;PARACATU;Acessar a via sem observar a presença dos outros veículos;Com Vítimas Feridas;5;Nublado;Plena Noite;sexta-feira;Colisão transversal;Simples;0;2;-17,072;-47,042;Perigosa;Sudeste;1 Trimestre
653984;2025.0;n;1.0;2025-01-09;PR;369;93,5;CORNELIO PROCOPIO;Reação tardia ou ineficiente do condutor;Com Vítimas Feridas;3;Céu Claro;Pleno dia;quinta-feira;Colisão lateral mesmo sentido;Dupla;0;0;-23,21309;-50,668571;Segura;Sul;1 Trimestre
611840;2024.0;n;7.0;2024-07-03;BA;101;84;ALAGOINHAS;Transitar na contramão;Com Vítimas Feridas;5;Nublado;Plena Noite;quarta-feira;Colisão lateral sentido oposto;Simples;0;0;-12.04221219;-38.3029088;Segura;Nordeste;3 Trimestre
606741;2024.0;n;6.0;2024-06-11;PR;476;212;LAPA;Ultrapassagem Indevida;Com Vítimas Feridas;2;Céu Claro;Pleno dia;terça-feira;Colisão frontal;Simples;0;2;-25.780834;-49.866035;Perigosa;Sul;2 Trimestre
673130;2025.0;n;4.0;2025-04-12;RS;116;174,9;NOVA PETROPOLIS;Desvio temporário;Com Vítimas Feridas;2;Céu Claro;Pleno dia;sábado;Colisão lateral sentido oposto;Simples;0;0;-29,33533176;-51,15907204;Segura;Sul;2 Trimestre
572471;2024.0;n;1.0;2024-01-03;MG;251;349,6;PADRE CARVALHO;Mal súbito do condutor;Com Vítimas Feridas;2;Nublado;Pleno dia;quarta-feira;Colisão lateral sentido oposto;Simples;0;0;-16.26062829;-42.52564716;Segura;Sudeste;1 Trimestre
574998;2024.0;n;1.0;2024-01-15;MT;163;602;NOVA MUTUM;Velocidade Incompatível;Com Vítimas Feridas;7;Céu Claro;Plena Noite;segunda-feira;Colisão transversal;Simples;0;1;-13.89007603;-56.08964479;Perigosa;Centro-Oeste;1 Trimestre
603495;2024.0;n;5.0;2024-05-28;MG;40;475;SETE LAGOAS;Ausência de reação do condutor;Com Vítimas Feridas;3;Céu Claro;Amanhecer;terça-feira;Colisão traseira;Dupla;0;0;-19.50551591;-44.27423377;Segura;Sudeste;2 Trimestre
611535;2024.0;n;7.0;2024-07-02;PE;232;136;CARUARU;Manobra de mudança de faixa;Com Vítimas Feridas;3;Céu Claro;Anoitecer;terça-feira;Colisão lateral mesmo sentido;Dupla;0;0;-8.31339932;-36.04175591;Segura;Nordeste;3 Trimestre
657659;2025.0;n;1.0;2025-01-27;MG;40;526,9;CONTAGEM;Manobra de mudança de faixa;Sem Vítimas;4;Céu Claro;Pleno dia;segunda-feira;Colisão lateral mesmo sentido;Dupla;0;0;-19,89255399;-44,04985478;Segura;Sudeste;1 Trimestre
585546;2024.0;n;3.0;2024-03-06;PR;373;412,4;CANDOI;Transitar na contramão;Com Vítimas Fatais;4;Céu Claro;Plena Noite;quarta-feira;Colisão frontal;Simples;1;0;-25.646145;-52.107019;Perigosa;Sul;1 Trimestre
618485;2024.0;n;8.0;2024-08-02;SC;116;139,8;SANTA CECILIA;Transitar na contramão;Com Vítimas Feridas;3;Céu Claro;Pleno dia;sexta-feira;Colisão frontal;Simples;0;0;-26.96625517;-50.40928315;Segura;Sul;3 Trimestre
573478;2024.0;n;1.0;2024-01-08;MG;365;418,5;PATOS DE MINAS;Acumulo de água sobre o pavimento;Com Vítimas Fatais;3;Chuva;Plena Noite;segunda-feira;Colisão transversal;Simples;1;3;-18.68353;-46.57658;Perigosa;Sudeste;1 Trimestre
627989;2024.0;n;9.0;2024-09-14;AL;101;171,8;TEOTONIO VILELA;Ausência de reação do condutor;Com Vítimas Feridas;6;Céu Claro;Pleno dia;sábado;Colisão traseira;Dupla;0;1;-9.90964346;-36.33292805;Perigosa;Nordeste;3 Trimestre
577934;2024.0;n;1.0;2024-01-30;PR;376;421,3;TIBAGI;Velocidade Incompatível;Com Vítimas Feridas;2;Céu Claro;Plena Noite;terça-feira;Tombamento;Dupla;0;0;-24.72548801;-50.53830472;Segura;Sul;1 Trimestre
574950;2024.0;n;1.0;2024-01-15;TO;10;456;PALMAS;Ingestão de álcool pelo condutor;Sem Vítimas;2;Céu Claro;Pleno dia;segunda-feira;Colisão lateral mesmo sentido;Múltipla;0;0;-10.295737;-48.297578;Segura;Norte;1 Trimestre
604486;2024.0;n;6.0;2024-06-01;BA;116;386;SANTA BARBARA;Transitar na contramão;Com Vítimas Feridas;3;Chuva;Plena Noite;sábado;Colisão frontal;Simples;0;1;-11.93899506;-38.97937231;Perigosa;Nordeste;2 Trimestre
617025;2024.0;n;7.0;2024-07-26;RS;116;402;CAMAQUA;Reação tardia ou ineficiente do condutor;Com Vítimas Feridas;3;Céu Claro;Pleno dia;sexta-feira;Colisão traseira;Dupla;0;1;-30.88140317;-51.82514791;Perigosa;Sul;3 Trimestre
576787;2024.0;n;1.0;2024-01-24;RJ;116;184;NOVA IGUACU;Velocidade Incompatível;Com Vítimas Feridas;2;Garoa/Chuvisco;Pleno dia;quarta-feira;Colisão traseira;Dupla;0;0;-22.74647215;-43.44594311;Segura;Sudeste;1 Trimestre
586801;2024.0;n;3.0;2024-03-12;CE;116;91;CASCAVEL;Condutor deixou de manter distância do veículo da frente;Sem Vítimas;2;Céu Claro;Pleno dia;terça-feira;Colisão traseira;Simples;0;0;-4.47049998;-38.36179093;Segura;Nordeste;1 Trimestre
620054;2024.0;n;8.0;2024-08-09;MG;365;5,8;MONTES CLAROS;Demais falhas mecânicas ou elétricas;Com Vítimas Feridas;1;Céu Claro;Pleno dia;sexta-feira;Saída de leito carroçável;Simples;0;0;-16.74574399;-43.88392402;Segura;Sudeste;3 Trimestre
624458;2024.0;n;8.0;2024-08-30;SP;116;110;TAUBATE;Demais falhas mecânicas ou elétricas;Sem Vítimas;1;Céu Claro;Plena Noite;sexta-feira;Incêndio;Dupla;0;0;-23.03412614;-45.5526999;Segura;Sudeste;3 Trimestre
627784;2024.0;n;9.0;2024-09-13;PR;153;334,5;IRATI;Acessar a via sem observar a presença dos outros veículos;Com Vítimas Feridas;2;Céu Claro;Pleno dia;sexta-feira;Colisão transversal;Simples;0;1;-25.481234;-50.640733;Perigosa;Sul;3 Trimestre
575328;2024.0;n;1.0;2024-01-17;MG;381;514;IGARAPE;Ausência de reação do condutor;Com Vítimas Feridas;3;Céu Claro;Pleno dia;quarta-feira;Colisão traseira;Dupla;0;1;-20.1065028;-44.32327616;Perigosa;Sudeste;1 Trimestre
613931;2024.0;n;7.0;2024-07-12;SC;282;452;PONTE SERRADA;Ultrapassagem Indevida;Com Vítimas Feridas;5;Nublado;Pleno dia;sexta-feira;Colisão lateral sentido oposto;Dupla;0;0;-26.90612;-51.970417;Segura;Sul;3 Trimestre
672926;2025.0;n;4.0;2025-04-11;SP;153;61,3;SAO JOSE DO RIO PRETO;Reação tardia ou ineficiente do condutor;Com Vítimas Feridas;3;Sol;Pleno dia;sexta-feira;Saída de leito carroçável;Dupla;0;0;-20,8233181;-49,3792876;Segura;Sudeste;2 Trimestre