id;ano;feriado;mes;data_inversa;uf;br;km;municipio;causa_acidente;classificacao_acidente;veiculos;condicao_metereologica;fase_dia;dia_semana;tipo_acidente;tipo_pista;mortos;feridos_graves;latitude;longitude;status;regiao;periodo
620480;2024.0;n;8.0;2024-08-11;MA;10;313;ACAILANDIA;Condutor deixou de manter distância do veículo da frente;Com Vítimas Feridas;6;Céu Claro;Plena Noite;domingo;Colisão traseira;Simples;0;1;-5.003148;-47.538948;Perigosa;Nordeste;3 Trimestre
608622;2024.0;n;6.0;2024-06-19;SC;280;301,8;PORTO UNIAO;Acessar a via sem observar a presença dos outros veículos;Com Vítimas Feridas;4;Nevoeiro/Neblina;Pleno dia;quarta-feira;Colisão traseira;Simples;0;0;-26.28207506;-51.03061202;Segura;Sul;2 Trimestre
579929;2024.0;n;2.0;2024-02-09;RS;158;258,7;JULIO DE CASTILHOS;Neblina;Com Vítimas Feridas;3;Nevoeiro/Neblina;Amanhecer;sexta-feira;Colisão frontal;Simples;0;0;-29.18643803;-53.67579996;Segura;Sul;1 Trimestre
587437;2024.0;n;3.0;2024-03-15;SC;116;11,9;MAFRA;Condutor Dormindo;Com Vítimas Feridas;2;Céu Claro;Pleno dia;sexta-feira;Colisão traseira;Simples;0;0;-26.17627262;-49.8580203;Segura;Sul;1 Trimestre
615574;2024.0;n;7.0;2024-07-19;SP;116;316;JUQUITIBA;Reação tardia ou ineficiente do condutor;Com Vítimas Feridas;3;Nevoeiro/Neblina;Plena Noite;sexta-feira;Colisão lateral mesmo sentido;Dupla;0;1;-23.91054997;-46.99149375;Perigosa;Sudeste;3 Trimestre
613721;2024.0;n;7.0;2024-07-11;SP;116;283;EMBU DAS ARTES;Acessar a via sem observar a presença dos outros veículos;Com Vítimas Feridas;2;Céu Claro;Pleno dia;quinta-feira;Colisão lateral mesmo sentido;Dupla;0;0;-23.69297005;-46.86352786;Segura;Sudeste;3 Trimestre
664302;2025.0;n;2.0;2025-02-28;PA;155;239;ELDORADO DO CARAJAS;Ausência de reação do condutor;Com Vítimas Feridas;9;Garoa/Chuvisco;Anoitecer;sexta-feira;Colisão traseira;Simples;0;1;-6,196067;-49,368835;Perigosa;Norte;1 Trimestre
654056;2025.0;n;1.0;2025-01-09;RS;386;343,7;LAJEADO;Condutor deixou de manter distância do veículo da frente;Com Vítimas Feridas;2;Céu Claro;Pleno dia;quinta-feira;Colisão traseira;Dupla;0;0;-29,434835;-52,002365;Segura;Sul;1 Trimestre
608442;2024.0;n;6.0;2024-06-18;RS;285;122,1;VACARIA;Reação tardia ou ineficiente do condutor;Sem Vítimas;2;Céu Claro;Plena Noite;terça-feira;Colisão lateral mesmo sentido;Simples;0;0;-28.505535;-50.944073;Segura;Sul;2 Trimestre
613874;2024.0;n;7.0;2024-07-12;MA;135;4;SAO LUIS;Ausência de reação do condutor;Com Vítimas Feridas;2;Céu Claro;Pleno dia;sexta-feira;Colisão traseira;Dupla;0;1;-2.61424881;-44.25257023;Perigosa;Nordeste;3 Trimestre
667920;2025.0;n;3.0;2025-03-17;PI;135;358;ALVORADA DO GURGUEIA;Reação tardia ou ineficiente do condutor;Com Vítimas Feridas;3;Céu Claro;Pleno dia;segunda-feira;Colisão traseira;Simples;0;0;-8,435335;-43,880823;Segura;Nordeste;1 Trimestre
578107;2024.0;n;1.0;2024-01-30;MT;70;373;CAMPO VERDE;Acumulo de água sobre o pavimento;Com Vítimas Fatais;3;Chuva;Pleno dia;terça-feira;Colisão lateral sentido oposto;Simples;1;0;-15.4889926;-55.06380512;Perigosa;Centro-Oeste;1 Trimestre
574248;2024.0;n;1.0;2024-01-12;BA;242;472;IBITIARA;Velocidade Incompatível;Com Vítimas Feridas;3;Céu Claro;Pleno dia;sexta-feira;Saída de leito carroçável;Simples;0;1;-12.46284633;-42.24683193;Perigosa;Nordeste;1 Trimestre
623213;2024.0;n;8.0;2024-08-23;SC;282;544,5;CHAPECO;Ingestão de álcool pelo condutor;Com Vítimas Feridas;3;Nublado;Plena Noite;sexta-feira;Colisão lateral sentido oposto;Simples;0;0;-26.992517;-52.724781;Segura;Sul;3 Trimestre
591919;2024.0;n;4.0;2024-04-05;MT;163;834;SINOP;Condutor deixou de manter distância do veículo da frente;Com Vítimas Feridas;2;Céu Claro;Pleno dia;sexta-feira;Colisão traseira;Simples;0;1;-11.869494;-55.497402;Perigosa;Centro-Oeste;2 Trimestre
622547;2024.0;n;8.0;2024-08-20;MG;262;40,3;MANHUACU;Pedestre andava na pista;Com Vítimas Feridas;3;Céu Claro;Pleno dia;terça-feira;Atropelamento de Pedestre;Simples;0;1;-20.27334219;-42.04913988;Perigosa;Sudeste;3 Trimestre
600787;2024.0;n;5.0;2024-05-16;RJ;40;31;AREAL;Velocidade Incompatível;Com Vítimas Feridas;2;Nublado;Plena Noite;quinta-feira;Tombamento;Dupla;0;1;-22.19245612;-43.16023202;Perigosa;Sudeste;2 Trimestre
628845;2024.0;n;9.0;2024-09-18;MA;222;672,7;ACAILANDIA;Ultrapassagem Indevida;Com Vítimas Feridas;5;Céu Claro;Plena Noite;quarta-feira;Colisão frontal;Simples;0;1;-4.92508085;-47.43821808;Perigosa;Nordeste;3 Trimestre
610823;2024.0;y;4.0;2024-04-21;MG;251;349,6;FRUTA DE LEITE;Reação tardia ou ineficiente do condutor;Com Vítimas Feridas;2;Céu Claro;Plena Noite;domingo;Colisão com objeto;Simples;0;0;-16.25810331;-42.52464294;Segura;Sudeste;2 Trimestre
672847;2025.0;n;4.0;2025-04-11;PA;316;66;CASTANHAL;Ingestão de álcool pelo condutor;Sem Vítimas;2;Céu Claro;Plena Noite;sexta-feira;Colisão frontal;Dupla;0;0;-1,295132;-47,897272;Segura;Norte;2 Trimestre
671049;2025.0;n;4.0;2025-04-02;PR;476;335;PAULA FREITAS;Pista esburacada;Com Vítimas Fatais;4;Céu Claro;Pleno dia;quarta-feira;Colisão frontal;Simples;4;4;-26,131361;-50,855583;Perigosa;Sul;2 Trimestre
624501;2024.0;n;8.0;2024-08-30;MG;40;660;CARANDAI;Reação tardia ou ineficiente do condutor;Com Vítimas Feridas;13;Céu Claro;Pleno dia;sexta-feira;Colisão com objeto;Simples;0;0;-20.90119437;-43.82727385;Segura;Sudeste;3 Trimestre
669888;2025.0;n;3.0;2025-03-25;PE;116;36,6;SALGUEIRO;Demais falhas mecânicas ou elétricas;Sem Vítimas;1;Sol;Pleno dia;terça-feira;Incêndio;Simples;0;0;-8,15913;-39,108335;Segura;Nordeste;1 Trimestre
687261;2025.0;n;4.0;2025-04-25;SC;101;207;SAO JOSE;Condutor deixou de manter distância do veículo da frente;Com Vítimas Feridas;2;Céu Claro;Pleno dia;sexta-feira;Colisão traseira;Múltipla;0;0;-27,59625286;-48,61967174;Segura;Sul;2 Trimestre
625317;2024.0;n;8.0;2024-08-07;RJ;40;93;DUQUE DE CAXIAS;Problema com o freio;Com Vítimas Feridas;1;Céu Claro;Pleno dia;quarta-feira;Saída de leito carroçável;Dupla;0;1;-22.556481;-43.262006;Perigosa;Sudeste;3 Trimestre
625990;2024.0;n;9.0;2024-09-05;RN;304;219;CAICARA DO RIO DO VENTO;Ausência de reação do condutor;Com Vítimas Feridas;3;Céu Claro;Plena Noite;quinta-feira;Colisão traseira;Simples;0;0;-5.75703074;-35.99761998;Segura;Nordeste;3 Trimestre
581515;2024.0;n;2.0;2024-02-16;MG;251;475,8;FRANCISCO SA;Manobra de mudança de faixa;Com Vítimas Fatais;3;Céu Claro;Pleno dia;sexta-feira;Colisão transversal;Simples;2;0;-16.50714948;-43.54451367;Perigosa;Sudeste;1 Trimestre
611244;2024.0;n;7.0;2024-07-01;BA;116;817;VITORIA DA CONQUISTA;Velocidade Incompatível;Com Vítimas Feridas;3;Céu Claro;Pleno dia;segunda-feira;Colisão traseira;Simples;0;0;-14.78186283;-40.73870709;Segura;Nordeste;3 Trimestre
658049;2025.0;n;1.0;2025-01-29;RS;290;182;MINAS DO LEAO;Acessar a via sem observar a presença dos outros veículos;Com Vítimas Feridas;2;Céu Claro;Pleno dia;quarta-feira;Colisão transversal;Simples;0;0;-30,14445918;-52,04631329;Segura;Sul;1 Trimestre
630333;2024.0;n;9.0;2024-09-24;PE;232;142;SAO CAITANO;Demais falhas mecânicas ou elétricas;Com Vítimas Feridas;2;Céu Claro;Plena Noite;terça-feira;Colisão lateral mesmo sentido;Dupla;0;0;-8.322936;-36.097348;Segura;Nordeste;3 Trimestre
668886;2025.0;n;3.0;2025-03-22;GO;153;532;HIDROLANDIA;Ausência de reação do condutor;Com Vítimas Feridas;2;Céu Claro;Pleno dia;sábado;Tombamento;Dupla;0;0;-16,98067622;-49,22956467;Segura;Centro-Oeste;1 Trimestre
620740;2024.0;n;7.0;2024-07-20;PR;376;504,7;PONTA GROSSA;Objeto estático sobre o leito carroçável;Com Vítimas Feridas;3;Céu Claro;Pleno dia;sábado;Colisão traseira;Dupla;0;1;-25.184725;-50.089578;Perigosa;Sul;3 Trimestre
572011;2024.0;y;1.0;2024-01-01;MT;364;542;ROSARIO OESTE;Acessar a via sem observar a presença dos outros veículos;Com Vítimas Feridas;2;Chuva;Plena Noite;segunda-feira;Colisão transversal;Simples;0;1;-14.84114829;-56.44175649;Perigosa;Centro-Oeste;1 Trimestre
581171;2024.0;n;2.0;2024-02-14;SC;101;121;ITAJAI;Reação tardia ou ineficiente do condutor;Com Vítimas Feridas;5;Nublado;Pleno dia;quarta-feira;Engavetamento;Múltipla;0;1;-26.92103178;-48.70856446;Perigosa;Sul;1 Trimestre
656400;2025.0;n;1.0;2025-01-21;PR;376;651;TIJUCAS DO SUL;Velocidade Incompatível;Com Vítimas Feridas;1;Céu Claro;Amanhecer;terça-feira;Tombamento;Dupla;0;0;-25,845243;-49,078578;Segura;Sul;1 Trimestre
654142;2025.0;n;1.0;2025-01-09;BA;324;417,7;NOVA FATIMA;Reação tardia ou ineficiente do condutor;Com Vítimas Feridas;3;Céu Claro;Pleno dia;quinta-feira;Colisão lateral sentido oposto;Simples;0;0;-11,6880072;-39,54413619;Segura;Nordeste;1 Trimestre
627942;2024.0;n;9.0;2024-09-14;PR;376;309;ORTIGUEIRA;Velocidade Incompatível;Com Vítimas Feridas;1;Céu Claro;Amanhecer;sábado;Tombamento;Dupla;0;0;-23.97981536;-51.08609019;Segura;Sul;3 Trimestre
653105;2025.0;n;1.0;2025-01-04;RS;158;194,8;CRUZ ALTA;Desrespeitar a preferência no cruzamento;Com Vítimas Feridas;2;Céu Claro;Pleno dia;sábado;Colisão transversal;Dupla;0;0;-28,63883986;-53,57203169;Segura;Sul;1 Trimestre
620762;2024.0;n;8.0;2024-08-12;ES;101;122,2;SOORETAMA;Reação tardia ou ineficiente do condutor;Com Vítimas Fatais;5;Céu Claro;Pleno dia;segunda-feira;Colisão lateral sentido oposto;Simples;1;1;-19.16016593;-40.08315314;Perigosa;Sudeste;3 Trimestre
665323;2025.0;n;3.0;2025-03-05;MG;381;437;SABARA;Reação tardia ou ineficiente do condutor;Com Vítimas Feridas;2;Céu Claro;Pleno dia;quarta-feira;Colisão traseira;Simples;0;0;-19,7989235;-43,7566717;Segura;Sudeste;1 Trimestre
609593;2024.0;n;6.0;2024-06-23;SC;101;157;PORTO BELO;Manobra de mudança de faixa;Sem Vítimas;2;Nublado;Plena Noite;domingo;Colisão traseira;Dupla;0;0;-27.181625;-48.6121179;Segura;Sul;2 Trimestre
630286;2024.0;n;9.0;2024-09-24;MS;163;253;DOURADOS;Velocidade Incompatível;Com Vítimas Feridas;2;Nublado;Pleno dia;terça-feira;Tombamento;Dupla;0;0;-22.27885392;-54.82235352;Segura;Centro-Oeste;3 Trimestre
606800;2024.0;n;6.0;2024-06-11;SC;101;44;JOINVILLE;Trafegar com motocicleta (ou similar) entre as faixas;Com Vítimas Feridas;2;Céu Claro;Plena Noite;terça-feira;Colisão lateral mesmo sentido;Simples;0;0;-26.31238996;-48.87458997;Segura;Sul;2 Trimestre
574972;2024.0;n;1.0;2024-01-15;PE;101;10;GOIANA;Ingestão de álcool pelo condutor;Com Vítimas Feridas;3;Céu Claro;Plena Noite;segunda-feira;Colisão transversal;Dupla;0;0;-7.58679204;-34.98736241;Segura;Nordeste;1 Trimestre
664109;2025.0;n;2.0;2025-02-27;BA;116;751,6;POCOES;Manobra de mudança de faixa;Com Vítimas Feridas;2;Nublado;Plena Noite;quinta-feira;Colisão transversal;Simples;0;2;-14,491227;-40,344483;Perigosa;Nordeste;1 Trimestre
612599;2024.0;n;7.0;2024-07-06;SC;282;526;XAXIM;Reação tardia ou ineficiente do condutor;Com Vítimas Feridas;3;Chuva;Anoitecer;sábado;Tombamento;Simples;0;0;-26.969427;-52.57497;Segura;Sul;3 Trimestre
577299;2024.0;n;1.0;2024-01-27;SP;116;59,4;GUARATINGUETA;Condutor deixou de manter distância do veículo da frente;Com Vítimas Feridas;2;Céu Claro;Plena Noite;sábado;Colisão traseira;Dupla;0;0;-22.78555649;-45.15339465;Segura;Sudeste;1 Trimestre
600348;2024.0;n;5.0;2024-05-13;MT;163;593,5;NOVA MUTUM;Reação tardia ou ineficiente do condutor;Sem Vítimas;3;Céu Claro;Pleno dia;segunda-feira;Colisão traseira;Dupla;0;0;-13.86152098;-56.08584237;Segura;Centro-Oeste;2 Trimestre
576140;2024.0;n;1.0;2024-01-21;BA;242;429;SEABRA;Velocidade Incompatível;Com Vítimas Feridas;4;Céu Claro;Pleno dia;domingo;Colisão lateral sentido oposto;Simples;0;1;-12.39566602;-41.88133602;Perigosa;Nordeste;1 Trimestre
622823;2024.0;n;8.0;2024-08-22;SP;116;447;REGISTRO;Acessar a via sem observar a presença dos outros veículos;Com Vítimas Fatais;3;Céu Claro;Pleno dia;quinta-feira;Colisão lateral mesmo sentido;Simples;1;0;-24.51285376;-47.85054871;Perigosa;Sudeste;3 Trimestre
624472;2024.0;n;8.0;2024-08-30;RS;392;27,2;RIO GRANDE;Condutor Dormindo;Sem Vítimas;1;Garoa/Chuvisco;Amanhecer;sexta-feira;Saída de leito carroçável;Dupla;0;0;-32.07415155;-52.26394823;Segura;Sul;3 Trimestre
668091;2025.0;n;3.0;2025-03-18;SC;282;602,1;CUNHA PORA;Reação tardia ou ineficiente do condutor;Com Vítimas Feridas;3;Sol;Pleno dia;terça-feira;Colisão traseira;Simples;0;0;-26,80551412;-53,18127394;Segura;Sul;1 Trimestre
627458;2024.0;n;9.0;2024-09-11;RJ;493;24;MAGE;Condutor deixou de manter distância do veículo da frente;Sem Vítimas;3;Céu Claro;Pleno dia;quarta-feira;Colisão frontal;Simples;0;0;-22.65715069;-43.07072902;Segura;Sudeste;3 Trimestre
574949;2024.0;n;1.0;2024-01-15;GO;153;506,8;APARECIDA DE GOIANIA;Condutor deixou de manter distância do veículo da frente;Com Vítimas Feridas;2;Céu Claro;Pleno dia;segunda-feira;Colisão traseira;Múltipla;0;0;-16.76068022;-49.24016476;Segura;Centro-Oeste;1 Trimestre
580138;2024.0;n;2.0;2024-02-09;PR;277;42;MORRETES;Demais falhas mecânicas ou elétricas;Sem Vítimas;3;Nublado;Plena Noite;sexta-feira;Incêndio;Dupla;0;0;-25.57361239;-48.84469597;Segura;Sul;1 Trimestre
624757;2024.0;n;8.0;2024-08-31;MS;262;677;CORUMBA;Ausência de reação do condutor;Com Vítimas Feridas;4;Sol;Pleno dia;sábado;Colisão com objeto;Simples;0;1;-19.57347185;-57.17484493;Perigosa;Centro-Oeste;3 Trimestre
654326;2025.0;n;1.0;2025-01-10;MG;116;658,5;SAO FRANCISCO DO GLORIA;Ausência de reação do condutor;Com Vítimas Feridas;1;Céu Claro;Plena Noite;sexta-feira;Saída de leito carroçável;Simples;0;1;-20,77782186;-42,30072593;Perigosa;Sudeste;1 Trimestre
602548;2024.0;n;5.0;2024-05-24;PE;232;8;RECIFE;Condutor deixou de manter distância do veículo da frente;Com Vítimas Feridas;3;Chuva;Pleno dia;sexta-feira;Colisão traseira;Dupla;0;0;-8.07583727;-34.97015791;Segura;Nordeste;2 Trimestre
593445;2024.0;n;4.0;2024-04-12;SC;101;458;SAO JOAO DO SUL;Reação tardia ou ineficiente do condutor;Com Vítimas Feridas;1;Chuva;Pleno dia;sexta-feira;Saída de leito carroçável;Dupla;0;0;-29.25045964;-49.75296021;Segura;Sul;2 Trimestre
594704;2024.0;n;4.0;2024-04-14;MG;267;259,3;AIURUOCA;Velocidade Incompatível;Com Vítimas Feridas;1;Céu Claro;Plena Noite;domingo;Tombamento;Simples;0;0;-21.93092585;-44.55308994;Segura;Sudeste;2 Trimestre
602277;2024.0;n;5.0;2024-05-22;RJ;465;5,6;SEROPEDICA;Entrada inopinada do pedestre;Com Vítimas Fatais;2;Céu Claro;Plena Noite;quarta-feira;Atropelamento de Pedestre;Simples;1;0;-22.747673;-43.699196;Perigosa;Sudeste;2 Trimestre
621668;2024.0;n;8.0;2024-08-16;RO;364;23;VILHENA;Condutor deixou de manter distância do veículo da frente;Com Vítimas Feridas;4;Céu Claro;Plena Noite;sexta-feira;Colisão lateral mesmo sentido;Simples;0;0;-12.72492207;-60.220407;Segura;Norte;3 Trimestre
584771;2024.0;n;1.0;2024-01-30;PR;373;284;PRUDENTOPOLIS;Ausência de reação do condutor;Com Vítimas Feridas;2;Céu Claro;Amanhecer;terça-feira;Tombamento;Simples;0;0;-25.29278032;-51.12998486;Segura;Sul;1 Trimestre
654133;2025.0;n;1.0;2025-01-10;MG;153;122;PRATA;Velocidade Incompatível;Com Vítimas Feridas;6;Nublado;Plena Noite;sexta-feira;Colisão traseira;Dupla;0;0;-19,41979487;-48,88955245;Segura;Sudeste;1 Trimestre
665482;2025.0;n;3.0;2025-03-06;MG;381;630;OLIVEIRA;Ausência de reação do condutor;Com Vítimas Feridas;1;Sol;Pleno dia;quinta-feira;Saída de leito carroçável;Dupla;0;0;-20,829186;-44,811979;Segura;Sudeste;1 Trimestre
671015;2025.0;n;4.0;2025-04-02;PI;316;248;INHUMA;Condutor deixou de manter distância do veículo da frente;Com Vítimas Feridas;2;Céu Claro;Plena Noite;quarta-feira;Colisão traseira;Simples;0;1;-6,75589452;-41,72495842;Perigosa;Nordeste;2 Trimestre
665215;2025.0;n;3.0;2025-03-04;AM;174;993;PRESIDENTE FIGUEIREDO;Condutor deixou de manter distância do veículo da frente;Com Vítimas Feridas;3;Garoa/Chuvisco;Plena Noite;terça-feira;Colisão traseira;Simples;0;0;-2,03315967;-60,02601385;Segura;Norte;1 Trimestre
658651;2025.0;n;2.0;2025-02-01;PR;277;1,9;PARANAGUA;Ingestão de álcool pelo condutor;Sem Vítimas;8;Nublado;Pleno dia;sábado;Colisão transversal;Dupla;0;0;-25,54906115;-48,54873151;Segura;Sul;1 Trimestre
607551;2024.0;n;6.0;2024-06-15;ES;101;8;PEDRO CANARIO;Condutor Dormindo;Sem Vítimas;1;Céu Claro;Plena Noite;sábado;Saída de leito carroçável;Simples;0;0;-18.23027961;-39.95278417;Segura;Sudeste;2 Trimestre
623967;2024.0;n;8.0;2024-08-22;MS;163;744;COXIM;Carga excessiva e/ou mal acondicionada;Sem Vítimas;1;Vento;Pleno dia;quinta-feira;Incêndio;Simples;0;0;-18.40063993;-54.67229416;Segura;Centro-Oeste;3 Trimestre
615837;2024.0;n;7.0;2024-07-21;GO;20;68,1;FORMOSA;Reação tardia ou ineficiente do condutor;Com Vítimas Feridas;3;Céu Claro;Plena Noite;domingo;Tombamento;Simples;0;0;-15.187145;-47.149361;Segura;Centro-Oeste;3 Trimestre
591858;2024.0;n;4.0;2024-04-05;MG;381;525;BRUMADINHO;Demais falhas mecânicas ou elétricas;Sem Vítimas;3;Nevoeiro/Neblina;Plena Noite;sexta-feira;Incêndio;Dupla;0;0;-20.16710798;-44.33422398;Segura;Sudeste;2 Trimestre
597980;2024.0;n;5.0;2024-05-03;AL;316;152,4;PALMEIRA DOS INDIOS;Carga excessiva e/ou mal acondicionada;Sem Vítimas;2;Céu Claro;Pleno dia;sexta-feira;Colisão com objeto;Simples;0;0;-9.42644488;-36.65754893;Segura;Nordeste;2 Trimestre
618865;2024.0;n;8.0;2024-08-03;GO;50;230,8;CAMPO ALEGRE DE GOIAS;Velocidade Incompatível;Com Vítimas Feridas;1;Céu Claro;Pleno dia;sábado;Tombamento;Dupla;0;1;-17.8022;-47.7667;Perigosa;Centro-Oeste;3 Trimestre
687184;2025.0;n;4.0;2025-04-25;MG;365;639,6;UBERLANDIA;Avarias e/ou desgaste excessivo no pneu;Com Vítimas Feridas;2;Nublado;Pleno dia;sexta-feira;Colisão traseira;Dupla;0;0;-18,8863455;-48,4589289;Segura;Sudeste;2 Trimestre
576217;2024.0;n;1.0;2024-01-21;PI;316;72;MONSENHOR GIL;Velocidade Incompatível;Com Vítimas Feridas;2;Céu Claro;Pleno dia;domingo;Saída de leito carroçável;Simples;0;0;-5.67458801;-42.59603009;Segura;Nordeste;1 Trimestre
590966;2024.0;n;3.0;2024-03-31;MT;163;4,2;ITIQUIRA;Entrada inopinada do pedestre;Com Vítimas Feridas;3;Nublado;Pleno dia;domingo;Atropelamento de Pedestre;Dupla;0;1;-17.48391995;-54.7397947;Perigosa;Centro-Oeste;1 Trimestre
687153;2025.0;n;4.0;2025-04-24;MG;116;693,6;MURIAE;Suicídio (presumido);Com Vítimas Fatais;3;Céu Claro;Plena Noite;quinta-feira;Colisão frontal;Simples;1;0;-21,052943;-42,368377;Perigosa;Sudeste;2 Trimestre
603937;2024.0;n;5.0;2024-05-30;RS;285;198;LAGOA VERMELHA;Ingestão de álcool pelo condutor;Sem Vítimas;3;Nevoeiro/Neblina;Plena Noite;quinta-feira;Colisão lateral mesmo sentido;Simples;0;0;-28.210049;-51.511726;Segura;Sul;2 Trimestre
604192;2024.0;n;5.0;2024-05-11;MT;364;348;SANTO ANTONIO DO LEVERGER;Frear bruscamente;Com Vítimas Feridas;6;Sol;Pleno dia;sábado;Colisão traseira;Dupla;0;0;-15.80416834;-55.55429598;Segura;Centro-Oeste;2 Trimestre
609811;2024.0;n;6.0;2024-06-13;MT;163;549;DIAMANTINO;Demais falhas mecânicas ou elétricas;Sem Vítimas;4;Céu Claro;Pleno dia;quinta-feira;Incêndio;Simples;0;0;-14.31637705;-56.1411518;Segura;Centro-Oeste;2 Trimestre
579411;2024.0;n;2.0;2024-02-06;RS;290;147;ARROIO DOS RATOS;Demais falhas mecânicas ou elétricas;Sem Vítimas;1;Céu Claro;Pleno dia;terça-feira;Incêndio;Simples;0;0;-30.10755;-51.675858;Segura;Sul;1 Trimestre
665613;2025.0;n;3.0;2025-03-06;MG;40;77,5;PARACATU;Animais na Pista;Com Vítimas Feridas;3;Céu Claro;Plena Noite;quinta-feira;Atropelamento de Animal;Simples;0;2;-17,446117;-46,688231;Perigosa;Sudeste;1 Trimestre
628918;2024.0;n;9.0;2024-09-18;SP;116;404;MIRACATU;Acessar a via sem observar a presença dos outros veículos;Com Vítimas Feridas;3;Céu Claro;Pleno dia;quarta-feira;Colisão lateral mesmo sentido;Dupla;0;0;-24.32141494;-47.53653401;Segura;Sudeste;3 Trimestre
614161;2024.0;n;7.0;2024-07-13;PR;153;116;IBAITI;Problema com o freio;Com Vítimas Feridas;3;Céu Claro;Pleno dia;sábado;Tombamento;Simples;0;0;-23.9041462;-50.20573729;Segura;Sul;3 Trimestre
665525;2025.0;n;3.0;2025-03-06;MA;230;133;PASTOS BONS;Transitar na contramão;Com Vítimas Feridas;7;Chuva;Pleno dia;quinta-feira;Colisão transversal;Simples;0;0;-6,581743;-44,013542;Segura;Nordeste;1 Trimestre
614616;2024.0;n;7.0;2024-07-15;PI;135;342;SANTA LUZ;Curva acentuada;Com Vítimas Feridas;4;Céu Claro;Pleno dia;segunda-feira;Tombamento;Simples;0;1;-9.02011103;-44.30158117;Perigosa;Nordeste;3 Trimestre
666574;2025.0;n;3.0;2025-03-11;MA;135;240;PERITORO;Ausência de reação do condutor;Com Vítimas Feridas;2;Céu Claro;Pleno dia;terça-feira;Colisão traseira;Simples;0;1;-4,3712512;-44,335104;Perigosa;Nordeste;1 Trimestre
608787;2024.0;n;6.0;2024-06-20;SP;116;469;JACUPIRANGA;Reação tardia ou ineficiente do condutor;Com Vítimas Feridas;4;Céu Claro;Pleno dia;quinta-feira;Colisão traseira;Dupla;0;0;-24.65247192;-47.95005601;Segura;Sudeste;2 Trimestre
575437;2024.0;n;1.0;2024-01-18;AL;101;29;JOAQUIM GOMES;Demais falhas na via;Com Vítimas Feridas;4;Céu Claro;Amanhecer;quinta-feira;Tombamento;Simples;0;0;-9.07654203;-35.74434506;Segura;Nordeste;1 Trimestre
571976;2024.0;y;1.0;2024-01-01;PR;376;327;ORTIGUEIRA;Reação tardia ou ineficiente do condutor;Com Vítimas Feridas;2;Céu Claro;Pleno dia;segunda-feira;Tombamento;Simples;0;0;-24.06593407;-51.0643217;Segura;Sul;1 Trimestre
580794;2024.0;n;2.0;2024-02-12;MT;70;127;GENERAL CARNEIRO;Acostamento em desnível;Sem Vítimas;2;Céu Claro;Anoitecer;segunda-feira;Saída de leito carroçável;Simples;0;0;-15.58212421;-53.17766205;Segura;Centro-Oeste;1 Trimestre
581581;2024.0;n;2.0;2024-02-16;MG;364;32;FRUTAL;Reação tardia ou ineficiente do condutor;Com Vítimas Feridas;1;Chuva;Plena Noite;sexta-feira;Colisão com objeto;Simples;0;0;-20.00655282;-48.93488275;Segura;Sudeste;1 Trimestre
579536;2024.0;n;2.0;2024-02-07;CE;116;124,7;RUSSAS;Manobra de mudança de faixa;Com Vítimas Fatais;2;Céu Claro;Pleno dia;quarta-feira;Colisão frontal;Simples;1;0;-4.65515598;-38.15286197;Perigosa;Nordeste;1 Trimestre
602146;2024.0;n;5.0;2024-05-21;SC;470;57;BLUMENAU;Trafegar com motocicleta (ou similar) entre as faixas;Com Vítimas Feridas;2;Céu Claro;Plena Noite;terça-feira;Queda de ocupante de veículo;Simples;0;0;-26.880428;-49.136532;Segura;Sul;2 Trimestre
609232;2024.0;n;6.0;2024-06-22;MT;163;835;SINOP;Manobra de mudança de faixa;Sem Vítimas;3;Céu Claro;Pleno dia;sábado;Colisão lateral mesmo sentido;Simples;0;0;-11.86088313;-55.49499035;Segura;Centro-Oeste;2 Trimestre
656279;2025.0;n;1.0;2025-01-20;RS;116;93,4;CAMPESTRE DA SERRA;Mal súbito do condutor;Com Vítimas Feridas;4;Sol;Pleno dia;segunda-feira;Colisão lateral sentido oposto;Simples;0;0;-28,87722228;-51,13320351;Segura;Sul;1 Trimestre
655672;2025.0;n;1.0;2025-01-17;PR;153;353;REBOUCAS;Ultrapassagem Indevida;Com Vítimas Feridas;3;Garoa/Chuvisco;Pleno dia;sexta-feira;Tombamento;Simples;0;0;-25,62594193;-50,719173;Segura;Sul;1 Trimestre
627536;2024.0;n;7.0;2024-07-31;ES;101;189,4;ARACRUZ;Condutor deixou de manter distância do veículo da frente;Com Vítimas Feridas;5;Céu Claro;Pleno dia;quarta-feira;Colisão traseira;Simples;0;0;-19.68134019;-40.27051885;Segura;Sudeste;3 Trimestre
616926;2024.0;n;7.0;2024-07-26;BA;116;134;CANUDOS;Condutor Dormindo;Com Vítimas Feridas;1;Céu Claro;Plena Noite;sexta-feira;Capotamento;Simples;0;0;-9.78316279;-39.13811443;Segura;Nordeste;3 Trimestre
655520;2025.0;n;1.0;2025-01-16;SC;280;11;SAO FRANCISCO DO SUL;Condutor deixou de manter distância do veículo da frente;Com Vítimas Feridas;2;Garoa/Chuvisco;Pleno dia;quinta-feira;Colisão lateral mesmo sentido;Simples;0;0;-26,304752;-48,641014;Segura;Sul;1 Trimestre