id;ano;feriado;mes;data_inversa;uf;br;km;municipio;causa_acidente;classificacao_acidente;veiculos;condicao_metereologica;fase_dia;dia_semana;tipo_acidente;tipo_pista;mortos;feridos_graves;latitude;longitude;status;regiao;periodo
658396;2025.0;n;1.0;2025-01-31;PR;376;3;MANDAGUARI;Demais falhas mecânicas ou elétricas;Com Vítimas Feridas;2;Céu Claro;Pleno dia;sexta-feira;Colisão transversal;Simples;0;0;-23,547966;-51,671265;Segura;Sul;1 Trimestre
665650;2025.0;n;3.0;2025-03-06;GO;153;374,5;SAO FRANCISCO DE GOIAS;Reação tardia ou ineficiente do condutor;Com Vítimas Feridas;1;Céu Claro;Pleno dia;quinta-feira;Saída de leito carroçável;Simples;0;0;-15,88581665;-49,2427337;Segura;Centro-Oeste;1 Trimestre
652875;2025.0;n;1.0;2025-01-02;MT;70;59;BARRA DO GARCAS;Reação tardia ou ineficiente do condutor;Com Vítimas Feridas;2;Chuva;Pleno dia;quinta-feira;Saída de leito carroçável;Simples;0;0;-15,6977442;-52,68428613;Segura;Centro-Oeste;1 Trimestre
630233;2024.0;n;9.0;2024-09-24;MG;381;481,1;CONTAGEM;Mal súbito do condutor;Com Vítimas Feridas;3;Céu Claro;Pleno dia;terça-feira;Colisão traseira;Múltipla;0;0;-19.95931561;-44.08825597;Segura;Sudeste;3 Trimestre
589059;2024.0;n;3.0;2024-03-22;CE;222;253;SOBRAL;Ingestão de álcool pelo condutor;Com Vítimas Feridas;2;Nublado;Pleno dia;sexta-feira;Colisão lateral sentido oposto;Simples;0;1;-3.75413988;-40.58599699;Perigosa;Nordeste;1 Trimestre
673934;2025.0;n;4.0;2025-04-15;MG;381;767;CAMPANHA;Velocidade Incompatível;Com Vítimas Feridas;2;Céu Claro;Plena Noite;terça-feira;Colisão com objeto;Dupla;0;0;-21,749906;-45,389167;Segura;Sudeste;2 Trimestre
656503;2025.0;n;1.0;2025-01-21;MT;70;671,2;CACERES;Transitar na contramão;Com Vítimas Fatais;3;Nublado;Pleno dia;terça-feira;Colisão frontal;Simples;1;0;-16,055449;-57,26798899;Perigosa;Centro-Oeste;1 Trimestre
603959;2024.0;n;5.0;2024-05-30;RS;116;525,9;PELOTAS;Condutor deixou de manter distância do veículo da frente;Com Vítimas Feridas;3;Céu Claro;Amanhecer;quinta-feira;Colisão traseira;Múltipla;0;1;-31.73812888;-52.39523113;Perigosa;Sul;2 Trimestre
626792;2024.0;n;9.0;2024-09-08;RJ;393;227,4;VASSOURAS;Reação tardia ou ineficiente do condutor;Com Vítimas Fatais;3;Céu Claro;Plena Noite;domingo;Colisão frontal;Simples;1;0;-22.35103555;-43.57457882;Perigosa;Sudeste;3 Trimestre
630332;2024.0;n;9.0;2024-09-24;PR;153;491;GENERAL CARNEIRO;Problema com o freio;Sem Vítimas;2;Céu Claro;Plena Noite;terça-feira;Incêndio;Simples;0;0;-26.42342664;-51.30568027;Segura;Sul;3 Trimestre
669988;2025.0;n;3.0;2025-03-28;SP;116;475,3;JACUPIRANGA;Acessar a via sem observar a presença dos outros veículos;Com Vítimas Feridas;3;Céu Claro;Plena Noite;sexta-feira;Atropelamento de Pedestre;Dupla;0;1;-24,69350307;-47,99671412;Perigosa;Sudeste;1 Trimestre
670358;2025.0;n;3.0;2025-03-29;PE;116;20,4;SALGUEIRO;Transitar na contramão;Com Vítimas Fatais;4;Céu Claro;Pleno dia;sábado;Colisão frontal;Simples;2;0;-8,021262;-39,144408;Perigosa;Nordeste;1 Trimestre
615373;2024.0;n;7.0;2024-07-19;PR;376;667;GUARATUBA;Reação tardia ou ineficiente do condutor;Com Vítimas Feridas;1;Céu Claro;Plena Noite;sexta-feira;Derramamento de carga;Dupla;0;0;-25.86649659;-48.94666822;Segura;Sul;3 Trimestre
609085;2024.0;n;6.0;2024-06-21;RS;153;35;TRES ARROIOS;Ingestão de álcool pelo condutor;Sem Vítimas;3;Céu Claro;Plena Noite;sexta-feira;Colisão frontal;Simples;0;0;-27.55334896;-52.20378104;Segura;Sul;2 Trimestre
584601;2024.0;n;3.0;2024-03-02;BA;407;52,9;JUAZEIRO;Ultrapassagem Indevida;Com Vítimas Fatais;2;Chuva;Pleno dia;sábado;Colisão frontal;Simples;4;0;-9.83072092;-40.30746284;Perigosa;Nordeste;1 Trimestre
582097;2024.0;n;2.0;2024-02-19;GO;60;118;TEREZOPOLIS DE GOIAS;Condutor deixou de manter distância do veículo da frente;Com Vítimas Feridas;2;Céu Claro;Pleno dia;segunda-feira;Colisão lateral mesmo sentido;Dupla;0;0;-16.4848;-49.0935;Segura;Centro-Oeste;1 Trimestre
605998;2024.0;n;6.0;2024-06-08;GO;50;152;CAMPO ALEGRE DE GOIAS;Carga excessiva e/ou mal acondicionada;Sem Vítimas;3;Céu Claro;Pleno dia;sábado;Incêndio;Dupla;0;0;-17.1901;-47.734;Segura;Centro-Oeste;2 Trimestre
626144;2024.0;n;9.0;2024-09-06;PE;232;246;ARCOVERDE;Acessar a via sem observar a presença dos outros veículos;Com Vítimas Feridas;2;Céu Claro;Pleno dia;sexta-feira;Colisão transversal;Simples;0;2;-8.42022198;-37.016598;Perigosa;Nordeste;3 Trimestre
667765;2025.0;n;3.0;2025-03-16;SC;470;317,7;CAMPOS NOVOS;Ingestão de álcool pelo condutor;Sem Vítimas;2;Céu Claro;Plena Noite;domingo;Colisão frontal;Simples;0;0;-27,40825221;-51,2128973;Segura;Sul;1 Trimestre
593996;2024.0;n;4.0;2024-04-14;MT;70;516;VARZEA GRANDE;Ultrapassagem Indevida;Com Vítimas Fatais;5;Céu Claro;Plena Noite;domingo;Colisão lateral sentido oposto;Simples;1;0;-15.70009627;-56.16402984;Perigosa;Centro-Oeste;2 Trimestre
589876;2024.0;n;3.0;2024-03-26;MG;251;472,3;FRANCISCO SA;Demais falhas mecânicas ou elétricas;Com Vítimas Feridas;2;Céu Claro;Pleno dia;terça-feira;Saída de leito carroçável;Simples;0;0;-16.4669101;-43.43947986;Segura;Sudeste;1 Trimestre
658961;2025.0;n;2.0;2025-02-03;PR;476;163,7;ARAUCARIA;Transitar na contramão;Com Vítimas Feridas;2;Nublado;Plena Noite;segunda-feira;Colisão lateral sentido oposto;Simples;0;0;-25,63641644;-49,46636617;Segura;Sul;1 Trimestre
609099;2024.0;n;6.0;2024-06-21;RS;285;152,5;MUITOS CAPOES;Acessar a via sem observar a presença dos outros veículos;Com Vítimas Feridas;2;Nublado;Plena Noite;sexta-feira;Colisão lateral mesmo sentido;Simples;0;0;-28.3330552;-51.15849137;Segura;Sul;2 Trimestre
613474;2024.0;n;7.0;2024-07-10;RJ;101;329;NITEROI;Demais falhas mecânicas ou elétricas;Com Vítimas Feridas;3;Sol;Pleno dia;quarta-feira;Colisão traseira;Múltipla;0;1;-22.86939305;-43.175642;Perigosa;Sudeste;3 Trimestre
673990;2025.0;n;4.0;2025-04-16;MG;116;274,6;TEOFILO OTONI;Acessar a via sem observar a presença dos outros veículos;Sem Vítimas;2;Nublado;Pleno dia;quarta-feira;Colisão transversal;Dupla;0;0;-17,840128;-41,513432;Segura;Sudeste;2 Trimestre
612582;2024.0;n;7.0;2024-07-06;BA;116;777,6;PLANALTO;Acessar a via sem observar a presença dos outros veículos;Sem Vítimas;2;Nublado;Pleno dia;sábado;Colisão transversal;Simples;0;0;-14.607391;-40.44086601;Segura;Nordeste;3 Trimestre
579648;2024.0;n;2.0;2024-02-07;BA;116;582;NOVA ITARANA;Ausência de reação do condutor;Com Vítimas Feridas;1;Céu Claro;Pleno dia;quarta-feira;Saída de leito carroçável;Simples;0;1;-13.1062779;-39.9658473;Perigosa;Nordeste;1 Trimestre
663643;2025.0;n;2.0;2025-02-17;PB;405;39,7;SAO JOAO DO RIO DO PEIXE;Ausência de reação do condutor;Com Vítimas Feridas;2;Sol;Pleno dia;segunda-feira;Colisão lateral mesmo sentido;Simples;0;1;-6,775888;-38,42709;Perigosa;Nordeste;1 Trimestre
586996;2024.0;n;1.0;2024-01-20;SP;116;459,5;PARIQUERA-ACU;Estacionar ou parar em local proibido;Com Vítimas Fatais;4;Céu Claro;Plena Noite;sábado;Colisão traseira;Dupla;1;0;-24.60917609;-47.88176537;Perigosa;Sudeste;1 Trimestre
673652;2025.0;n;4.0;2025-04-14;RS;472;184,1;SANTO CRISTO;Manobra de mudança de faixa;Com Vítimas Fatais;3;Céu Claro;Pleno dia;segunda-feira;Colisão frontal;Simples;1;0;-27,83784;-54,59974;Perigosa;Sul;2 Trimestre
592941;2024.0;n;4.0;2024-04-09;PR;373;244,1;GUAMIRANGA;Velocidade Incompatível;Com Vítimas Feridas;3;Céu Claro;Plena Noite;terça-feira;Tombamento;Simples;0;0;-25.19382968;-50.78567874;Segura;Sul;2 Trimestre
655535;2025.0;n;1.0;2025-01-17;PR;153;453;UNIAO DA VITORIA;Condutor deixou de manter distância do veículo da frente;Sem Vítimas;3;Céu Claro;Plena Noite;sexta-feira;Colisão traseira;Simples;0;0;-26,19806177;-51,07019541;Segura;Sul;1 Trimestre
624283;2024.0;n;8.0;2024-08-29;PA;230;583;VITORIA DO XINGU;Ausência de reação do condutor;Com Vítimas Fatais;3;Céu Claro;Amanhecer;quinta-feira;Saída de leito carroçável;Simples;1;0;-3.12462012;-51.78255196;Perigosa;Norte;3 Trimestre
655371;2025.0;n;1.0;2025-01-15;MG;262;548;LUZ;Velocidade Incompatível;Sem Vítimas;3;Nublado;Pleno dia;quarta-feira;Tombamento;Simples;0;0;-19,73163489;-45,8631039;Segura;Sudeste;1 Trimestre
609694;2024.0;n;6.0;2024-06-21;RJ;116;227;PIRAI;Demais falhas mecânicas ou elétricas;Sem Vítimas;2;Céu Claro;Pleno dia;sexta-feira;Incêndio;Simples;0;0;-22.66505586;-43.8208548;Segura;Sudeste;2 Trimestre
668807;2025.0;n;3.0;2025-03-22;PR;277;501,3;DIAMANTE DO SUL;Velocidade Incompatível;Com Vítimas Feridas;2;Céu Claro;Amanhecer;sábado;Tombamento;Simples;0;0;-25,1436;-52,702267;Segura;Sul;1 Trimestre
687127;2025.0;n;4.0;2025-04-24;PR;376;439;TIBAGI;Ausência de reação do condutor;Sem Vítimas;2;Chuva;Pleno dia;quinta-feira;Colisão lateral mesmo sentido;Dupla;0;0;-24,80543477;-50,49041748;Segura;Sul;2 Trimestre
625631;2024.0;n;9.0;2024-09-04;MG;40;689,1;ALFREDO VASCONCELOS;Reação tardia ou ineficiente do condutor;Com Vítimas Feridas;2;Céu Claro;Amanhecer;quarta-feira;Tombamento;Simples;0;0;-21.11637262;-43.75880356;Segura;Sudeste;3 Trimestre
607426;2024.0;n;6.0;2024-06-14;ES;259;74;COLATINA;Transitar na contramão;Com Vítimas Fatais;2;Céu Claro;Pleno dia;sexta-feira;Colisão frontal;Simples;1;0;-19.51659084;-40.78438622;Perigosa;Sudeste;2 Trimestre
625340;2024.0;n;9.0;2024-09-02;RS;290;94,9;PORTO ALEGRE;Manobra de mudança de faixa;Com Vítimas Feridas;2;Céu Claro;Pleno dia;segunda-feira;Colisão lateral mesmo sentido;Dupla;0;0;-29.973856;-51.197853;Segura;Sul;3 Trimestre
660797;2025.0;n;2.0;2025-02-11;BA;324;520;FEIRA DE SANTANA;Reação tardia ou ineficiente do condutor;Com Vítimas Feridas;2;Céu Claro;Plena Noite;terça-feira;Colisão traseira;Dupla;0;0;-12,27376054;-38,93366564;Segura;Nordeste;1 Trimestre
582483;2024.0;n;2.0;2024-02-21;MA;222;673;ACAILANDIA;Acessar a via sem observar a presença dos outros veículos;Com Vítimas Feridas;5;Nublado;Anoitecer;quarta-feira;Colisão transversal;Simples;0;1;-4.92960481;-47.44590111;Perigosa;Nordeste;1 Trimestre
622209;2024.0;n;8.0;2024-08-18;PR;116;112;CURITIBA;Demais falhas mecânicas ou elétricas;Sem Vítimas;5;Céu Claro;Plena Noite;domingo;Colisão com objeto;Dupla;0;0;-25.56730763;-49.23706792;Segura;Sul;3 Trimestre
591220;2024.0;n;4.0;2024-04-01;ES;101;294;CARIACICA;Acessar a via sem observar a presença dos outros veículos;Com Vítimas Feridas;4;Céu Claro;Anoitecer;segunda-feira;Atropelamento de Pedestre;Dupla;0;1;-20.32415948;-40.3952903;Perigosa;Sudeste;2 Trimestre
655521;2025.0;n;1.0;2025-01-16;PR;376;496,4;PONTA GROSSA;Mal súbito do condutor;Sem Vítimas;3;Sol;Pleno dia;quinta-feira;Saída de leito carroçável;Dupla;0;0;-25,1425093;-50,1574592;Segura;Sul;1 Trimestre
593023;2024.0;n;4.0;2024-04-10;RJ;116;62,5;TERESOPOLIS;Velocidade Incompatível;Com Vítimas Feridas;2;Céu Claro;Pleno dia;quarta-feira;Colisão frontal;Simples;0;1;-22.253395;-42.919795;Perigosa;Sudeste;2 Trimestre
668376;2025.0;n;3.0;2025-03-20;ES;101;118;LINHARES;Ultrapassagem Indevida;Com Vítimas Feridas;3;Céu Claro;Pleno dia;quinta-feira;Colisão frontal;Simples;0;0;-19,12704708;-40,06676102;Segura;Sudeste;1 Trimestre
583502;2024.0;n;2.0;2024-02-26;MT;163;603;NOVA MUTUM;Pedestre - Ingestão de álcool/ substâncias psicoativas;Com Vítimas Feridas;4;Céu Claro;Anoitecer;segunda-feira;Atropelamento de Pedestre;Simples;0;1;-13.88122005;-56.08852761;Perigosa;Centro-Oeste;1 Trimestre
603133;2024.0;n;5.0;2024-05-26;SC;101;317;PESCARIA BRAVA;Suicídio (presumido);Com Vítimas Feridas;3;Nublado;Pleno dia;domingo;Atropelamento de Pedestre;Dupla;0;1;-28.42708421;-48.85211624;Perigosa;Sul;2 Trimestre
587426;2024.0;n;3.0;2024-03-15;AM;174;890,1;MANAUS;Ultrapassagem Indevida;Com Vítimas Feridas;4;Nublado;Pleno dia;sexta-feira;Colisão lateral sentido oposto;Simples;0;0;-2.92441787;-60.03694179;Segura;Norte;1 Trimestre
623264;2024.0;n;8.0;2024-08-24;MG;40;221,5;JOAO PINHEIRO;Reação tardia ou ineficiente do condutor;Com Vítimas Feridas;1;Céu Claro;Plena Noite;sábado;Saída de leito carroçável;Simples;0;0;-17.96602714;-45.64114504;Segura;Sudeste;3 Trimestre
608936;2024.0;n;6.0;2024-06-21;PE;101;46;IGARASSU;Acessar a via sem observar a presença dos outros veículos;Com Vítimas Feridas;3;Nublado;Pleno dia;sexta-feira;Colisão traseira;Múltipla;0;0;-7.87406004;-34.90588126;Segura;Nordeste;2 Trimestre
592723;2024.0;n;4.0;2024-04-08;RS;116;464,8;SAO LOURENCO DO SUL;Desrespeitar a preferência no cruzamento;Com Vítimas Feridas;2;Céu Claro;Pleno dia;segunda-feira;Colisão transversal;Dupla;0;0;-31.31976762;-52.02713013;Segura;Sul;2 Trimestre
621809;2024.0;n;8.0;2024-08-17;MG;116;779,6;LEOPOLDINA;Velocidade Incompatível;Com Vítimas Feridas;2;Céu Claro;Pleno dia;sábado;Tombamento;Simples;0;1;-21.60837977;-42.69596393;Perigosa;Sudeste;3 Trimestre
622565;2024.0;n;8.0;2024-08-20;SP;116;225;GUARULHOS;Trafegar com motocicleta (ou similar) entre as faixas;Com Vítimas Feridas;3;Nublado;Plena Noite;terça-feira;Colisão traseira;Múltipla;0;0;-23.48586772;-46.54075317;Segura;Sudeste;3 Trimestre
625080;2024.0;n;9.0;2024-09-01;PR;376;168;MARINGA;Conversão proibida;Com Vítimas Feridas;4;Céu Claro;Pleno dia;domingo;Colisão lateral mesmo sentido;Múltipla;0;0;-23.409788;-51.987453;Segura;Sul;3 Trimestre
603730;2024.0;n;5.0;2024-05-29;RO;364;236,8;CACOAL;Pedestre andava na pista;Com Vítimas Feridas;3;Céu Claro;Pleno dia;quarta-feira;Atropelamento de Pedestre;Simples;0;1;-11.44384298;-61.44480586;Perigosa;Norte;2 Trimestre
663966;2025.0;n;2.0;2025-02-27;PA;163;671;ITAITUBA;Ultrapassagem Indevida;Com Vítimas Fatais;7;Céu Claro;Pleno dia;quinta-feira;Colisão frontal;Simples;1;0;-4,379287;-55,786097;Perigosa;Norte;1 Trimestre
608007;2024.0;n;6.0;2024-06-16;PR;376;674;GUARATUBA;Reação tardia ou ineficiente do condutor;Com Vítimas Feridas;3;Nublado;Plena Noite;domingo;Colisão traseira;Dupla;0;0;-25.91744399;-48.91940295;Segura;Sul;2 Trimestre
596681;2024.0;n;4.0;2024-04-27;AL;101;38,7;JOAQUIM GOMES;Ausência de reação do condutor;Com Vítimas Feridas;2;Garoa/Chuvisco;Pleno dia;sábado;Saída de leito carroçável;Dupla;0;0;-9.14817905;-35.7687835;Segura;Nordeste;2 Trimestre
626109;2024.0;n;9.0;2024-09-06;PR;476;227;LAPA;Transitar na contramão;Sem Vítimas;3;Nublado;Pleno dia;sexta-feira;Saída de leito carroçável;Simples;0;0;-25.855972;-49.968269;Segura;Sul;3 Trimestre
628164;2024.0;n;9.0;2024-09-14;MT;163;876;SINOP;Demais falhas mecânicas ou elétricas;Sem Vítimas;2;Céu Claro;Plena Noite;sábado;Incêndio;Simples;0;0;-11.62938088;-55.43496146;Segura;Centro-Oeste;3 Trimestre
591679;2024.0;n;4.0;2024-04-04;RS;116;248;SAO LEOPOLDO;Acessar a via sem observar a presença dos outros veículos;Com Vítimas Feridas;3;Nublado;Pleno dia;quinta-feira;Colisão transversal;Múltipla;0;0;-29.77605895;-51.15508618;Segura;Sul;2 Trimestre
666606;2025.0;n;3.0;2025-03-11;SP;116;155,7;SAO JOSE DOS CAMPOS;Trafegar com motocicleta (ou similar) entre as faixas;Com Vítimas Fatais;3;Chuva;Pleno dia;terça-feira;Tombamento;Dupla;1;0;-23,24885086;-45,9338912;Perigosa;Sudeste;1 Trimestre
588882;2024.0;n;3.0;2024-03-21;TO;153;484;PARAISO DO TOCANTINS;Demais falhas na via;Com Vítimas Feridas;3;Nublado;Pleno dia;quinta-feira;Tombamento;Simples;0;0;-10.07900601;-48.85505792;Segura;Norte;1 Trimestre
665984;2025.0;n;3.0;2025-03-08;MG;365;662,5;MONTE ALEGRE DE MINAS;Ausência de reação do condutor;Com Vítimas Feridas;2;Céu Claro;Pleno dia;sábado;Saída de leito carroçável;Dupla;0;0;-18,892487;-48,664823;Segura;Sudeste;1 Trimestre
657757;2025.0;n;1.0;2025-01-27;SC;282;614;MARAVILHA;Frear bruscamente;Com Vítimas Feridas;2;Chuva;Anoitecer;segunda-feira;Queda de ocupante de veículo;Simples;0;0;-26,76932;-53,264568;Segura;Sul;1 Trimestre
657178;2025.0;n;1.0;2025-01-24;RO;364;496;ARIQUEMES;Ultrapassagem Indevida;Sem Vítimas;6;Nublado;Anoitecer;sexta-feira;Colisão frontal;Simples;0;0;-10,09049706;-62,97006806;Segura;Norte;1 Trimestre
652543;2025.0;y;1.0;2025-01-01;CE;222;1,8;FORTALEZA;Condutor deixou de manter distância do veículo da frente;Com Vítimas Feridas;2;Céu Claro;Pleno dia;quarta-feira;Colisão traseira;Múltipla;0;1;-3,737804;-38,578061;Perigosa;Nordeste;1 Trimestre
572405;2024.0;n;1.0;2024-01-03;PA;316;86,5;SAO FRANCISCO DO PARA;Transitar na contramão;Sem Vítimas;3;Chuva;Pleno dia;quarta-feira;Colisão lateral sentido oposto;Simples;0;0;-1.31324695;-47.72716999;Segura;Norte;1 Trimestre
587110;2024.0;n;3.0;2024-03-14;PE;316;60;TRINDADE;Pedestre andava na pista;Com Vítimas Fatais;2;Nublado;Plena Noite;quinta-feira;Atropelamento de Pedestre;Simples;1;0;-7.777446;-40.247628;Perigosa;Nordeste;1 Trimestre
658647;2025.0;n;2.0;2025-02-01;MG;365;610;UBERLANDIA;Condutor deixou de manter distância do veículo da frente;Com Vítimas Feridas;5;Nublado;Pleno dia;sábado;Engavetamento;Simples;0;3;-18,92793854;-48,19198317;Perigosa;Sudeste;1 Trimestre
579441;2024.0;n;2.0;2024-02-06;PR;369;482,5;CORBELIA;Reação tardia ou ineficiente do condutor;Com Vítimas Feridas;3;Nublado;Pleno dia;terça-feira;Colisão lateral mesmo sentido;Simples;0;0;-24.6524;-53.2195;Segura;Sul;1 Trimestre
663647;2025.0;n;2.0;2025-02-25;SC;282;462;PONTE SERRADA;Acessar a via sem observar a presença dos outros veículos;Com Vítimas Feridas;2;Garoa/Chuvisco;Pleno dia;terça-feira;Colisão transversal;Dupla;0;2;-26,86634766;-52,02299416;Perigosa;Sul;1 Trimestre
670921;2025.0;n;4.0;2025-04-01;MG;116;415,3;GOVERNADOR VALADARES;Conversão proibida;Com Vítimas Feridas;2;Céu Claro;Pleno dia;terça-feira;Colisão lateral sentido oposto;Simples;0;1;-18,891984;-41,947001;Perigosa;Sudeste;2 Trimestre
612487;2024.0;n;7.0;2024-07-06;BA;20;156;SAO DESIDERIO;Demais falhas mecânicas ou elétricas;Com Vítimas Feridas;4;Céu Claro;Pleno dia;sábado;Colisão lateral sentido oposto;Simples;0;0;-12.579891;-45.906962;Segura;Nordeste;3 Trimestre
591740;2024.0;n;4.0;2024-04-04;MG;50;127;UBERABA;Ausência de reação do condutor;Com Vítimas Feridas;5;Céu Claro;Pleno dia;quinta-feira;Colisão traseira;Dupla;0;1;-19.362828;-48.07942696;Perigosa;Sudeste;2 Trimestre
582790;2024.0;n;2.0;2024-02-23;PR;277;35,3;MORRETES;Demais falhas mecânicas ou elétricas;Com Vítimas Feridas;5;Céu Claro;Pleno dia;sexta-feira;Colisão traseira;Dupla;0;1;-25.57428871;-48.82915646;Perigosa;Sul;1 Trimestre
606725;2024.0;n;6.0;2024-06-11;GO;153;501;GOIANIA;Condutor deixou de manter distância do veículo da frente;Com Vítimas Feridas;3;Céu Claro;Pleno dia;terça-feira;Colisão traseira;Dupla;0;1;-16.7189;-49.2382;Perigosa;Centro-Oeste;2 Trimestre
583365;2024.0;n;2.0;2024-02-26;PB;104;147,1;QUEIMADAS;Deficiência do Sistema de Iluminação/Sinalização;Com Vítimas Feridas;3;Céu Claro;Plena Noite;segunda-feira;Colisão traseira;Simples;0;2;-7.439395;-35.901844;Perigosa;Nordeste;1 Trimestre
600613;2024.0;n;5.0;2024-05-14;SC;282;480,8;VARGEAO;Reação tardia ou ineficiente do condutor;Com Vítimas Feridas;5;Nublado;Plena Noite;terça-feira;Colisão lateral mesmo sentido;Simples;0;0;-26.86869;-52.201077;Segura;Sul;2 Trimestre
627617;2024.0;n;9.0;2024-09-12;PE;232;228,1;PESQUEIRA;Transitar na contramão;Com Vítimas Fatais;2;Céu Claro;Plena Noite;quinta-feira;Colisão frontal;Simples;2;0;-8.3993243;-36.85590196;Perigosa;Nordeste;3 Trimestre
670053;2025.0;n;3.0;2025-03-28;BA;101;784;ITABELA;Demais falhas mecânicas ou elétricas;Sem Vítimas;2;Céu Claro;Plena Noite;sexta-feira;Incêndio;Simples;0;0;-16,848855;-39,489132;Segura;Nordeste;1 Trimestre
580904;2024.0;n;2.0;2024-02-13;MT;364;391;CUIABA;Demais falhas mecânicas ou elétricas;Sem Vítimas;4;Céu Claro;Pleno dia;terça-feira;Colisão traseira;Dupla;0;0;-15.70133417;-55.863696;Segura;Centro-Oeste;1 Trimestre
606014;2024.0;n;6.0;2024-06-08;PR;376;672,9;GUARATUBA;Problema com o freio;Com Vítimas Fatais;6;Céu Claro;Pleno dia;sábado;Colisão traseira;Dupla;1;0;-25.906063;-48.921322;Perigosa;Sul;2 Trimestre
658104;2025.0;n;1.0;2025-01-29;MT;163;1020;TERRA NOVA DO NORTE;Condutor deixou de manter distância do veículo da frente;Com Vítimas Feridas;6;Nublado;Plena Noite;quarta-feira;Colisão traseira;Simples;0;2;-10,4309581;-55,05871455;Perigosa;Centro-Oeste;1 Trimestre
596182;2024.0;n;4.0;2024-04-25;MS;262;371;TERENOS;Ultrapassagem Indevida;Com Vítimas Fatais;7;Céu Claro;Amanhecer;quinta-feira;Colisão lateral sentido oposto;Simples;1;2;-20.48309924;-54.78814298;Perigosa;Centro-Oeste;2 Trimestre
575427;2024.0;n;1.0;2024-01-18;RJ;101;308;SAO GONCALO;Condutor deixou de manter distância do veículo da frente;Sem Vítimas;4;Céu Claro;Pleno dia;quinta-feira;Colisão traseira;Dupla;0;0;-22.79309326;-43.02479595;Segura;Sudeste;1 Trimestre
623445;2024.0;n;8.0;2024-08-24;BA;116;226;EUCLIDES DA CUNHA;Velocidade Incompatível;Com Vítimas Fatais;3;Céu Claro;Pleno dia;sábado;Colisão frontal;Simples;2;0;-10.60447084;-38.97241665;Perigosa;Nordeste;3 Trimestre
615289;2024.0;n;7.0;2024-07-18;RJ;356;65;ITAPERUNA;Transitar na contramão;Com Vítimas Feridas;4;Céu Claro;Pleno dia;quinta-feira;Tombamento;Simples;0;0;-21.35088108;-41.71332836;Segura;Sudeste;3 Trimestre
584007;2024.0;n;2.0;2024-02-29;RS;386;440;NOVA SANTA RITA;Condutor deixou de manter distância do veículo da frente;Sem Vítimas;3;Céu Claro;Pleno dia;quinta-feira;Colisão traseira;Dupla;0;0;-29.878265;-51.241951;Segura;Sul;1 Trimestre
655146;2025.0;n;1.0;2025-01-14;GO;40;127,8;CRISTALINA;Reação tardia ou ineficiente do condutor;Com Vítimas Feridas;1;Nublado;Plena Noite;terça-feira;Tombamento;Dupla;0;0;-16,886701;-47,365804;Segura;Centro-Oeste;1 Trimestre
612088;2024.0;n;7.0;2024-07-05;BA;242;400;SEABRA;Curva acentuada;Com Vítimas Feridas;3;Céu Claro;Amanhecer;sexta-feira;Tombamento;Simples;0;0;-12.48920807;-41.73173904;Segura;Nordeste;3 Trimestre
583971;2024.0;n;2.0;2024-02-29;PE;232;449;SAO JOSE DO BELMONTE;Transitar na contramão;Com Vítimas Feridas;2;Céu Claro;Plena Noite;quinta-feira;Colisão frontal;Simples;0;0;-7.98629482;-38.62748158;Segura;Nordeste;1 Trimestre
605620;2024.0;n;6.0;2024-06-06;BA;116;464;SANTO ESTEVAO;Acessar a via sem observar a presença dos outros veículos;Com Vítimas Feridas;5;Céu Claro;Plena Noite;quinta-feira;Colisão lateral mesmo sentido;Dupla;0;0;-12.44815636;-39.24588382;Segura;Nordeste;2 Trimestre
607321;2024.0;n;6.0;2024-06-14;MG;50;139,4;UBERABA;Condutor Dormindo;Com Vítimas Feridas;1;Céu Claro;Plena Noite;sexta-feira;Saída de leito carroçável;Dupla;0;0;-19.46790412;-48.05602538;Segura;Sudeste;2 Trimestre
653269;2025.0;n;1.0;2025-01-05;MG;381;746,9;TRES CORACOES;Condutor Dormindo;Com Vítimas Feridas;1;Céu Claro;Pleno dia;domingo;Saída de leito carroçável;Dupla;0;0;-21,64340081;-45,29046703;Segura;Sudeste;1 Trimestre
627453;2024.0;n;9.0;2024-09-12;GO;153;675,5;PANAMA;Problema com o freio;Com Vítimas Feridas;1;Vento;Amanhecer;quinta-feira;Tombamento;Dupla;0;0;-18.1855;-49.2895;Segura;Centro-Oeste;3 Trimestre
594307;2024.0;n;4.0;2024-04-16;PR;153;199;TIBAGI;Reação tardia ou ineficiente do condutor;Com Vítimas Feridas;2;Nublado;Pleno dia;terça-feira;Colisão com objeto;Simples;0;0;-24.47959907;-50.44404745;Segura;Sul;2 Trimestre
581721;2024.0;n;2.0;2024-02-17;SC;101;307,3;LAGUNA;Reação tardia ou ineficiente do condutor;Com Vítimas Feridas;4;Garoa/Chuvisco;Anoitecer;sábado;Colisão traseira;Múltipla;0;0;-28.41186742;-48.79322827;Segura;Sul;1 Trimestre
576735;2024.0;n;1.0;2024-01-23;MG;153;148;CAMPO FLORIDO;Reação tardia ou ineficiente do condutor;Sem Vítimas;2;Céu Claro;Anoitecer;terça-feira;Tombamento;Simples;0;0;-19.63284117;-48.85120975;Segura;Sudeste;1 Trimestre