id;ano;feriado;mes;data_inversa;uf;br;km;municipio;causa_acidente;classificacao_acidente;veiculos;condicao_metereologica;fase_dia;dia_semana;tipo_acidente;tipo_pista;mortos;feridos_graves;latitude;longitude;status;regiao;periodo
672330;2025.0;n;4.0;2025-04-08;BA;110;4;PAULO AFONSO;Condutor deixou de manter distância do veículo da frente;Com Vítimas Feridas;2;Céu Claro;Pleno dia;terça-feira;Colisão traseira;Simples;0;0;-9,4376987;-38,2041242;Segura;Nordeste;2 Trimestre
669828;2025.0;n;3.0;2025-03-27;GO;153;245,5;SAO LUIZ DO NORTE;Acessar a via sem observar a presença dos outros veículos;Com Vítimas Feridas;3;Céu Claro;Pleno dia;quinta-feira;Colisão transversal;Simples;0;0;-14,88506882;-49,33891296;Segura;Centro-Oeste;1 Trimestre
575217;2024.0;n;1.0;2024-01-16;MA;222;670;ACAILANDIA;Manobra de mudança de faixa;Com Vítimas Fatais;2;Céu Claro;Plena Noite;terça-feira;Colisão frontal;Simples;1;0;-4.936465;-47.457562;Perigosa;Nordeste;1 Trimestre
659561;2025.0;n;2.0;2025-02-06;CE;116;13,9;FORTALEZA;Manobra de mudança de faixa;Com Vítimas Feridas;2;Nublado;Pleno dia;quinta-feira;Colisão lateral mesmo sentido;Dupla;0;0;-3,86088501;-38,49715296;Segura;Nordeste;1 Trimestre
656343;2025.0;n;1.0;2025-01-20;ES;101;99,7;JAGUARE;Acesso irregular;Com Vítimas Feridas;2;Céu Claro;Anoitecer;segunda-feira;Colisão traseira;Simples;0;1;-18,97188909;-39,99152282;Perigosa;Sudeste;1 Trimestre
668237;2025.0;n;3.0;2025-03-19;SC;282;643,4;SAO MIGUEL DO OESTE;Acessar a via sem observar a presença dos outros veículos;Com Vítimas Feridas;2;Céu Claro;Pleno dia;quarta-feira;Colisão transversal;Múltipla;0;1;-26,76999574;-53,47424442;Perigosa;Sul;1 Trimestre
624110;2024.0;n;8.0;2024-08-28;MT;163;898;CLAUDIA;Ausência de reação do condutor;Com Vítimas Feridas;1;Céu Claro;Pleno dia;quarta-feira;Saída de leito carroçável;Simples;0;0;-11.45182902;-55.35773689;Segura;Centro-Oeste;3 Trimestre
655350;2025.0;n;1.0;2025-01-15;RO;435;76;COLORADO DO OESTE;Ultrapassagem Indevida;Com Vítimas Feridas;3;Céu Claro;Plena Noite;quarta-feira;Colisão transversal;Simples;0;0;-13,10814097;-60,45269601;Segura;Norte;1 Trimestre
685445;2025.0;n;4.0;2025-04-16;MG;365;694;MONTE ALEGRE DE MINAS;Demais falhas mecânicas ou elétricas;Sem Vítimas;4;Céu Claro;Plena Noite;quarta-feira;Incêndio;Dupla;0;0;-18,877744;-48,937284;Segura;Sudeste;2 Trimestre
666524;2025.0;n;3.0;2025-03-11;ES;101;288;CARIACICA;Reação tardia ou ineficiente do condutor;Com Vítimas Feridas;4;Céu Claro;Pleno dia;terça-feira;Engavetamento;Dupla;0;0;-20,2768;-40,392579;Segura;Sudeste;1 Trimestre
579266;2024.0;n;1.0;2024-01-27;RJ;101;297;ITABORAI;Fumaça;Sem Vítimas;1;Céu Claro;Pleno dia;sábado;Incêndio;Múltipla;0;0;-22.76942037;-42.91873581;Segura;Sudeste;1 Trimestre
620900;2024.0;n;8.0;2024-08-13;CE;116;372,8;ICO;Demais falhas mecânicas ou elétricas;Sem Vítimas;2;Céu Claro;Amanhecer;terça-feira;Incêndio;Simples;0;0;-6.38421865;-38.81677028;Segura;Nordeste;3 Trimestre
583168;2024.0;n;1.0;2024-01-05;MG;251;488,5;FRANCISCO SA;Ausência de reação do condutor;Com Vítimas Feridas;8;Chuva;Pleno dia;sexta-feira;Engavetamento;Simples;0;0;-16.53065068;-43.5834233;Segura;Sudeste;1 Trimestre
598790;2024.0;n;5.0;2024-05-07;BA;324;621;SALVADOR;Condutor deixou de manter distância do veículo da frente;Sem Vítimas;2;Céu Claro;Pleno dia;terça-feira;Colisão lateral mesmo sentido;Dupla;0;0;-12.91233708;-38.45956983;Segura;Nordeste;2 Trimestre
654746;2025.0;n;1.0;2025-01-12;MG;116;222;CATUJI;Velocidade Incompatível;Com Vítimas Feridas;3;Céu Claro;Plena Noite;domingo;Saída de leito carroçável;Simples;0;0;-17,42343294;-41,51418802;Segura;Sudeste;1 Trimestre
600966;2024.0;n;5.0;2024-05-16;SC;470;329,9;CAMPOS NOVOS;Ausência de reação do condutor;Com Vítimas Feridas;4;Nublado;Plena Noite;quinta-feira;Colisão lateral sentido oposto;Simples;0;0;-27.468428;-51.288605;Segura;Sul;2 Trimestre
593713;2024.0;n;4.0;2024-04-13;RO;364;138,2;PIMENTA BUENO;Pista esburacada;Com Vítimas Feridas;3;Sol;Pleno dia;sábado;Tombamento;Simples;0;0;-12.017615;-60.830446;Segura;Norte;2 Trimestre
614151;2024.0;n;7.0;2024-07-13;BA;116;470;SANTO ESTEVAO;Demais falhas mecânicas ou elétricas;Sem Vítimas;2;Céu Claro;Pleno dia;sábado;Tombamento;Dupla;0;0;-12.4684054;-39.2866188;Segura;Nordeste;3 Trimestre
653222;2025.0;n;1.0;2025-01-04;PB;230;408;POMBAL;Condutor deixou de manter distância do veículo da frente;Com Vítimas Feridas;2;Céu Claro;Anoitecer;sábado;Colisão traseira;Simples;0;0;-6,7641;-37,794;Segura;Nordeste;1 Trimestre
579445;2024.0;n;2.0;2024-02-06;RJ;101;323;NITEROI;Ausência de reação do condutor;Com Vítimas Feridas;2;Céu Claro;Pleno dia;terça-feira;Colisão traseira;Múltipla;0;0;-22.87684786;-43.11728689;Segura;Sudeste;1 Trimestre
607298;2024.0;n;6.0;2024-06-13;MG;381;934;EXTREMA;Reação tardia ou ineficiente do condutor;Com Vítimas Feridas;2;Céu Claro;Plena Noite;quinta-feira;Tombamento;Dupla;0;1;-22.804864;-46.259758;Perigosa;Sudeste;2 Trimestre
604525;2024.0;n;6.0;2024-06-01;MG;381;285;ANTONIO DIAS;Ingestão de álcool pelo condutor;Sem Vítimas;2;Céu Claro;Plena Noite;sábado;Colisão transversal;Simples;0;0;-19.63021915;-42.80702591;Segura;Sudeste;2 Trimestre
687850;2025.0;n;4.0;2025-04-28;SC;101;214,2;PALHOCA;Carga excessiva e/ou mal acondicionada;Com Vítimas Feridas;2;Céu Claro;Pleno dia;segunda-feira;Colisão com objeto;Múltipla;0;0;-27,64644;-48,67151;Segura;Sul;2 Trimestre
586471;2024.0;n;3.0;2024-03-11;SC;101;220,5;PALHOCA;Ingestão de álcool pelo condutor;Com Vítimas Feridas;2;Céu Claro;Plena Noite;segunda-feira;Colisão lateral mesmo sentido;Dupla;0;0;-27.69198941;-48.66368358;Segura;Sul;1 Trimestre
579212;2024.0;n;2.0;2024-02-05;RJ;116;315;ITATIAIA;Manobra de mudança de faixa;Com Vítimas Feridas;3;Céu Claro;Pleno dia;segunda-feira;Colisão traseira;Dupla;0;0;-22.46045833;-44.47218299;Segura;Sudeste;1 Trimestre
626067;2024.0;n;9.0;2024-09-06;RS;392;282,6;SAO SEPE;Acessar a via sem observar a presença dos outros veículos;Com Vítimas Fatais;5;Céu Claro;Plena Noite;sexta-feira;Colisão transversal;Simples;1;1;-30.2905489;-53.53929569;Perigosa;Sul;3 Trimestre
653165;2025.0;n;1.0;2025-01-04;MG;116;452,8;ENGENHEIRO CALDAS;Pedestre andava na pista;Com Vítimas Feridas;2;Céu Claro;Pleno dia;sábado;Atropelamento de Pedestre;Simples;0;1;-19,16864814;-42,03097176;Perigosa;Sudeste;1 Trimestre
671055;2025.0;n;4.0;2025-04-02;RO;364;708;PORTO VELHO;Reação tardia ou ineficiente do condutor;Com Vítimas Feridas;7;Céu Claro;Pleno dia;quarta-feira;Colisão traseira;Dupla;0;0;-8,79786978;-63,8368696;Segura;Norte;2 Trimestre
627735;2024.0;n;9.0;2024-09-13;ES;101;260,7;SERRA;Manobra de mudança de faixa;Com Vítimas Feridas;3;Céu Claro;Pleno dia;sexta-feira;Colisão lateral mesmo sentido;Dupla;0;1;-20.14616415;-40.28836206;Perigosa;Sudeste;3 Trimestre
667947;2025.0;n;3.0;2025-03-17;MG;116;535,5;CARATINGA;Ausência de reação do condutor;Com Vítimas Feridas;5;Nublado;Plena Noite;segunda-feira;Colisão frontal;Simples;0;0;-19,7558272;-42,1298176;Segura;Sudeste;1 Trimestre
581999;2024.0;n;1.0;2024-01-21;PI;407;430;GEMINIANO;Iluminação deficiente;Com Vítimas Feridas;2;Céu Claro;Plena Noite;domingo;Colisão lateral mesmo sentido;Simples;0;1;-7.12831877;-41.39344785;Perigosa;Nordeste;1 Trimestre
618230;2024.0;n;8.0;2024-08-01;SP;116;147;SAO JOSE DOS CAMPOS;Manobra de mudança de faixa;Com Vítimas Feridas;2;Céu Claro;Pleno dia;quinta-feira;Tombamento;Múltipla;0;0;-23.19542994;-45.87176303;Segura;Sudeste;3 Trimestre
593824;2024.0;n;4.0;2024-04-14;BA;101;24;ESPLANADA;Acesso irregular;Sem Vítimas;1;Nublado;Plena Noite;domingo;Saída de leito carroçável;Dupla;0;0;-11.73553002;-37.93456395;Segura;Nordeste;2 Trimestre
663148;2025.0;n;2.0;2025-02-23;SC;282;537,6;CHAPECO;Velocidade Incompatível;Com Vítimas Feridas;5;Céu Claro;Pleno dia;domingo;Colisão lateral sentido oposto;Simples;0;1;-27,00046252;-52,67041504;Perigosa;Sul;1 Trimestre
668975;2025.0;n;3.0;2025-03-23;SP;116;55;APARECIDA;Ausência de reação do condutor;Com Vítimas Feridas;2;Céu Claro;Plena Noite;domingo;Colisão traseira;Dupla;0;0;-22,8559154;-45,2314476;Segura;Sudeste;1 Trimestre
625619;2024.0;n;9.0;2024-09-04;MG;153;77,2;PRATA;Velocidade Incompatível;Com Vítimas Feridas;2;Céu Claro;Plena Noite;quarta-feira;Saída de leito carroçável;Simples;0;1;-19.03944921;-49.01083952;Perigosa;Sudeste;3 Trimestre
688105;2025.0;n;4.0;2025-04-29;MG;381;752;TRES CORACOES;Ausência de reação do condutor;Com Vítimas Feridas;4;Céu Claro;Pleno dia;terça-feira;Tombamento;Dupla;0;0;-21,655001;-45,301302;Segura;Sudeste;2 Trimestre
667892;2025.0;n;3.0;2025-03-17;SC;101;138,4;BALNEARIO CAMBORIU;Reação tardia ou ineficiente do condutor;Com Vítimas Fatais;3;Céu Claro;Pleno dia;segunda-feira;Colisão transversal;Simples;1;0;-27,026271;-48,606709;Perigosa;Sul;1 Trimestre
612020;2024.0;n;7.0;2024-07-04;PR;277;485,7;NOVA LARANJEIRAS;Velocidade Incompatível;Sem Vítimas;2;Céu Claro;Pleno dia;quinta-feira;Tombamento;Simples;0;0;-25.2494;-52.6289;Segura;Sul;3 Trimestre
660732;2025.0;n;2.0;2025-02-11;PR;116;48;CAMPINA GRANDE DO SUL;Acessar a via sem observar a presença dos outros veículos;Com Vítimas Feridas;3;Céu Claro;Pleno dia;terça-feira;Colisão lateral mesmo sentido;Dupla;0;0;-25,21991867;-48,90493155;Segura;Sul;1 Trimestre
664838;2025.0;n;3.0;2025-03-02;SC;163;70,6;SAO MIGUEL DO OESTE;Manobra de mudança de faixa;Sem Vítimas;3;Céu Claro;Plena Noite;domingo;Colisão lateral mesmo sentido;Dupla;0;0;-26,7300751;-53,5138334;Segura;Sul;1 Trimestre
599323;2024.0;n;5.0;2024-05-09;PE;407;124;PETROLINA;Reação tardia ou ineficiente do condutor;Sem Vítimas;3;Céu Claro;Anoitecer;quinta-feira;Colisão com objeto;Dupla;0;0;-9.36929881;-40.54137139;Segura;Nordeste;2 Trimestre
607358;2024.0;n;6.0;2024-06-14;PB;104;129,7;CAMPINA GRANDE;Conversão proibida;Sem Vítimas;3;Céu Claro;Pleno dia;sexta-feira;Colisão traseira;Simples;0;0;-7.28120589;-35.88915693;Segura;Nordeste;2 Trimestre
623688;2024.0;n;8.0;2024-08-26;RS;116;300;GUAIBA;Ausência de reação do condutor;Com Vítimas Feridas;3;Céu Claro;Amanhecer;segunda-feira;Tombamento;Simples;0;0;-30.12368942;-51.34922543;Segura;Sul;3 Trimestre
574683;2024.0;n;1.0;2024-01-14;SC;280;206,4;MAFRA;Acessar a via sem observar a presença dos outros veículos;Com Vítimas Feridas;2;Céu Claro;Pleno dia;domingo;Colisão transversal;Simples;0;0;-26.1612574;-50.13125904;Segura;Sul;1 Trimestre
583966;2024.0;n;2.0;2024-02-28;SC;116;107,7;MONTE CASTELO;Velocidade Incompatível;Com Vítimas Feridas;1;Chuva;Plena Noite;quarta-feira;Capotamento;Simples;0;0;-26.75568818;-50.32812388;Segura;Sul;1 Trimestre
616178;2024.0;n;7.0;2024-07-22;CE;116;524;JATI;Condutor deixou de manter distância do veículo da frente;Sem Vítimas;5;Céu Claro;Pleno dia;segunda-feira;Colisão traseira;Simples;0;0;-7.64286;-39.02366;Segura;Nordeste;3 Trimestre
616552;2024.0;n;7.0;2024-07-24;MG;262;372;JUATUBA;Reação tardia ou ineficiente do condutor;Com Vítimas Feridas;8;Céu Claro;Pleno dia;quarta-feira;Colisão traseira;Dupla;0;1;-19.97359723;-44.31765496;Perigosa;Sudeste;3 Trimestre
659539;2025.0;n;2.0;2025-02-06;PB;101;72;SANTA RITA;Condutor Dormindo;Com Vítimas Feridas;2;Nublado;Pleno dia;quinta-feira;Colisão com objeto;Dupla;0;0;-7,07320663;-34,99569975;Segura;Nordeste;1 Trimestre
624564;2024.0;n;8.0;2024-08-30;BA;101;8,2;RIO REAL;Ausência de reação do condutor;Com Vítimas Feridas;2;Nublado;Pleno dia;sexta-feira;Saída de leito carroçável;Dupla;0;0;-11.60539795;-37.88039716;Segura;Nordeste;3 Trimestre
627045;2024.0;n;9.0;2024-09-10;SC;101;38,3;PALHOCA;Condutor Dormindo;Sem Vítimas;2;Céu Claro;Plena Noite;terça-feira;Colisão traseira;Dupla;0;0;-27.6427;-48.6695;Segura;Sul;3 Trimestre
657412;2025.0;n;1.0;2025-01-26;MS;163;843;SONORA;Condutor Dormindo;Com Vítimas Feridas;3;Céu Claro;Amanhecer;domingo;Saída de leito carroçável;Simples;0;0;-17,54609699;-54,74124217;Segura;Centro-Oeste;1 Trimestre
652568;2025.0;y;1.0;2025-01-01;PA;230;120;MARABA;Acesso irregular;Com Vítimas Feridas;2;Céu Claro;Pleno dia;quarta-feira;Colisão transversal;Dupla;0;1;-5,35038318;-49,11434;Perigosa;Norte;1 Trimestre
671211;2025.0;n;4.0;2025-04-03;SC;101;213;PALHOCA;Estacionar ou parar em local proibido;Com Vítimas Feridas;3;Nublado;Plena Noite;quinta-feira;Colisão traseira;Múltipla;0;0;-27,645673;-48,671709;Segura;Sul;2 Trimestre
654967;2025.0;n;1.0;2025-01-14;MG;40;662,8;CARANDAI;Reação tardia ou ineficiente do condutor;Com Vítimas Fatais;2;Garoa/Chuvisco;Pleno dia;terça-feira;Colisão frontal;Simples;5;1;-20,922953;-43,821786;Perigosa;Sudeste;1 Trimestre
687806;2025.0;n;3.0;2025-03-10;CE;222;304,8;TIANGUA;Transitar na contramão;Com Vítimas Fatais;2;Nevoeiro/Neblina;Plena Noite;segunda-feira;Colisão frontal;Simples;1;0;-3,67270943;-40,96580744;Perigosa;Nordeste;1 Trimestre
660526;2025.0;n;2.0;2025-02-10;PE;101;53;PAULISTA;Ausência de reação do condutor;Com Vítimas Feridas;2;Céu Claro;Pleno dia;segunda-feira;Tombamento;Dupla;0;0;-7,93124094;-34,90068606;Segura;Nordeste;1 Trimestre
652860;2025.0;n;1.0;2025-01-03;SC;282;29;SANTO AMARO DA IMPERATRIZ;Ausência de reação do condutor;Com Vítimas Feridas;1;Nublado;Plena Noite;sexta-feira;Saída de leito carroçável;Simples;0;0;-27,679737;-48,786785;Segura;Sul;1 Trimestre
595708;2024.0;n;4.0;2024-04-22;GO;60;391;RIO VERDE;Ausência de reação do condutor;Com Vítimas Feridas;2;Céu Claro;Pleno dia;segunda-feira;Saída de leito carroçável;Dupla;0;0;-17.8252;-50.9624;Segura;Centro-Oeste;2 Trimestre
687730;2025.0;n;4.0;2025-04-27;TO;153;392;RIO DOS BOIS;Acesso irregular;Sem Vítimas;3;Chuva;Plena Noite;domingo;Colisão transversal;Simples;0;0;-9,33787842;-48,53510767;Segura;Norte;2 Trimestre
626077;2024.0;n;9.0;2024-09-06;CE;222;3,7;CAUCAIA;Acessar a via sem observar a presença dos outros veículos;Sem Vítimas;2;Céu Claro;Pleno dia;sexta-feira;Colisão lateral mesmo sentido;Dupla;0;0;-3.74164754;-38.60449792;Segura;Nordeste;3 Trimestre
652800;2025.0;n;1.0;2025-01-02;RS;116;153,7;CAXIAS DO SUL;Condutor usando celular;Com Vítimas Feridas;1;Céu Claro;Pleno dia;quinta-feira;Colisão com objeto;Dupla;0;0;-29,18873449;-51,18118286;Segura;Sul;1 Trimestre
626072;2024.0;n;9.0;2024-09-06;MG;40;606,7;CONGONHAS;Desrespeitar a preferência no cruzamento;Com Vítimas Feridas;3;Céu Claro;Pleno dia;sexta-feira;Colisão transversal;Simples;0;1;-20.47575131;-43.84280562;Perigosa;Sudeste;3 Trimestre
610728;2024.0;n;6.0;2024-06-29;MT;163;573;NOVA MUTUM;Condutor Dormindo;Com Vítimas Fatais;2;Céu Claro;Plena Noite;sábado;Colisão frontal;Simples;1;0;-14.13823325;-56.10402945;Perigosa;Centro-Oeste;2 Trimestre
686974;2025.0;n;4.0;2025-04-24;CE;116;84;CASCAVEL;Transitar na contramão;Com Vítimas Feridas;4;Céu Claro;Plena Noite;quinta-feira;Colisão frontal;Simples;0;1;-4,459287;-38,372012;Perigosa;Nordeste;2 Trimestre
665558;2025.0;n;3.0;2025-03-06;MG;381;451,2;SABARA;Acessar a via sem observar a presença dos outros veículos;Com Vítimas Feridas;4;Sol;Pleno dia;quinta-feira;Colisão transversal;Simples;0;0;-19,8341342;-43,84860277;Segura;Sudeste;1 Trimestre
613944;2024.0;n;7.0;2024-07-12;MG;381;942,2;EXTREMA;Manobra de mudança de faixa;Com Vítimas Feridas;3;Céu Claro;Pleno dia;sexta-feira;Colisão lateral mesmo sentido;Múltipla;0;0;-22.86605937;-46.34940386;Segura;Sudeste;3 Trimestre
599747;2024.0;n;4.0;2024-04-22;PB;230;409;POMBAL;Animais na Pista;Com Vítimas Feridas;1;Céu Claro;Plena Noite;segunda-feira;Atropelamento de Animal;Simples;0;0;-6.7577;-37.7916;Segura;Nordeste;2 Trimestre
603976;2024.0;n;5.0;2024-05-30;PR;376;2,7;MARINGA;Reação tardia ou ineficiente do condutor;Com Vítimas Feridas;5;Céu Claro;Amanhecer;quinta-feira;Colisão traseira;Dupla;0;0;-23.4273;-51.9375;Segura;Sul;2 Trimestre
666162;2025.0;n;3.0;2025-03-09;PE;104;22,8;TAQUARITINGA DO NORTE;Reação tardia ou ineficiente do condutor;Com Vítimas Feridas;1;Chuva;Pleno dia;domingo;Colisão com objeto;Dupla;0;0;-7,970051;-36,110712;Segura;Nordeste;1 Trimestre
602418;2024.0;n;5.0;2024-05-23;SP;116;289,1;ITAPECERICA DA SERRA;Ausência de reação do condutor;Sem Vítimas;2;Sol;Pleno dia;quinta-feira;Colisão lateral mesmo sentido;Dupla;0;0;-23.72290969;-46.89096614;Segura;Sudeste;2 Trimestre
597777;2024.0;n;5.0;2024-05-02;SE;101;19,2;SAO FRANCISCO;Condutor Dormindo;Com Vítimas Feridas;2;Nublado;Pleno dia;quinta-feira;Saída de leito carroçável;Dupla;0;1;-10.35365721;-36.90338472;Perigosa;Nordeste;2 Trimestre
622772;2024.0;n;8.0;2024-08-13;PA;163;314;NOVO PROGRESSO;Demais falhas mecânicas ou elétricas;Com Vítimas Feridas;2;Céu Claro;Pleno dia;terça-feira;Saída de leito carroçável;Simples;0;0;-7.022492;-55.42138691;Segura;Norte;3 Trimestre
619715;2024.0;n;8.0;2024-08-07;SC;101;104;PENHA;Ultrapassagem Indevida;Com Vítimas Feridas;2;Nublado;Plena Noite;quarta-feira;Colisão lateral mesmo sentido;Dupla;0;0;-26.79281742;-48.68080819;Segura;Sul;3 Trimestre
621114;2024.0;n;8.0;2024-08-14;SP;116;312;SAO LOURENCO DA SERRA;Reação tardia ou ineficiente do condutor;Com Vítimas Feridas;3;Céu Claro;Pleno dia;quarta-feira;Colisão traseira;Dupla;0;0;-23.88342825;-46.97368879;Segura;Sudeste;3 Trimestre
614018;2024.0;n;7.0;2024-07-12;PB;116;11,5;CACHOEIRA DOS INDIOS;Pista Escorregadia;Com Vítimas Feridas;1;Garoa/Chuvisco;Plena Noite;sexta-feira;Saída de leito carroçável;Simples;0;0;-6.985178;-38.744354;Segura;Nordeste;3 Trimestre
597913;2024.0;n;5.0;2024-05-02;PR;153;12,2;JACAREZINHO;Ultrapassagem Indevida;Com Vítimas Fatais;2;Céu Claro;Plena Noite;quinta-feira;Colisão frontal;Simples;1;0;-23.09307093;-49.93831533;Perigosa;Sul;2 Trimestre
588811;2024.0;n;3.0;2024-03-21;RS;116;248,1;SAO LEOPOLDO;Acessar a via sem observar a presença dos outros veículos;Sem Vítimas;2;Garoa/Chuvisco;Pleno dia;quinta-feira;Colisão transversal;Múltipla;0;0;-29.77605895;-51.15508618;Segura;Sul;1 Trimestre
579386;2024.0;n;2.0;2024-02-02;PR;116;152;MANDIRITUBA;Reação tardia ou ineficiente do condutor;Com Vítimas Feridas;2;Céu Claro;Pleno dia;sexta-feira;Colisão traseira;Dupla;0;0;-25.83236296;-49.33609707;Segura;Sul;1 Trimestre
611520;2024.0;n;7.0;2024-07-02;SC;470;217,5;SAO CRISTOVAO DO SUL;Reação tardia ou ineficiente do condutor;Com Vítimas Feridas;2;Céu Claro;Pleno dia;terça-feira;Colisão transversal;Simples;0;0;-27.29754;-50.291843;Segura;Sul;3 Trimestre
666445;2025.0;n;3.0;2025-03-10;PE;232;330;CUSTODIA;Transitar na contramão;Com Vítimas Feridas;3;Céu Claro;Plena Noite;segunda-feira;Colisão frontal;Simples;0;1;-8,08958;-37,614088;Perigosa;Nordeste;1 Trimestre
653164;2025.0;n;1.0;2025-01-04;SC;282;110;ALFREDO WAGNER;Condutor deixou de manter distância do veículo da frente;Com Vítimas Feridas;2;Céu Claro;Pleno dia;sábado;Colisão traseira;Simples;0;1;-27,727324;-49,360542;Perigosa;Sul;1 Trimestre
601166;2024.0;n;5.0;2024-05-17;PE;316;105,8;OURICURI;Reação tardia ou ineficiente do condutor;Com Vítimas Feridas;3;Nublado;Plena Noite;sexta-feira;Colisão traseira;Simples;0;2;-7.95538676;-39.9055009;Perigosa;Nordeste;2 Trimestre
665009;2025.0;n;3.0;2025-03-03;TO;10;483;PALMAS;Avarias e/ou desgaste excessivo no pneu;Com Vítimas Feridas;2;Céu Claro;Anoitecer;segunda-feira;Tombamento;Simples;0;0;-10,218815;-48,16049;Segura;Norte;1 Trimestre
687817;2025.0;n;4.0;2025-04-28;SC;101;212,2;PALHOCA;Ausência de reação do condutor;Com Vítimas Feridas;7;Céu Claro;Pleno dia;segunda-feira;Colisão traseira;Múltipla;0;2;-27,63162;-48,66078;Perigosa;Sul;2 Trimestre
666554;2025.0;n;3.0;2025-03-11;MG;365;860;SANTA VITORIA;Deficiência do Sistema de Iluminação/Sinalização;Com Vítimas Feridas;3;Céu Claro;Plena Noite;terça-feira;Colisão lateral mesmo sentido;Simples;0;0;-19,04446737;-50,5002594;Segura;Sudeste;1 Trimestre
667356;2025.0;n;3.0;2025-03-15;RS;285;459;IJUI;Ingestão de álcool pelo condutor;Sem Vítimas;3;Nublado;Pleno dia;sábado;Colisão lateral sentido oposto;Simples;0;0;-28,40910174;-53,90225843;Segura;Sul;1 Trimestre
658483;2025.0;n;1.0;2025-01-31;RJ;101;294;ITABORAI;Trafegar com motocicleta (ou similar) entre as faixas;Com Vítimas Fatais;4;Chuva;Plena Noite;sexta-feira;Colisão transversal;Dupla;1;0;-22,7584434;-42,89502344;Perigosa;Sudeste;1 Trimestre
666074;2025.0;n;3.0;2025-03-09;BA;116;835;VITORIA DA CONQUISTA;Reação tardia ou ineficiente do condutor;Com Vítimas Feridas;2;Céu Claro;Plena Noite;domingo;Colisão traseira;Simples;0;0;-14,94511658;-40,89609146;Segura;Nordeste;1 Trimestre
686729;2025.0;n;4.0;2025-04-22;SC;470;72;INDAIAL;Condutor deixou de manter distância do veículo da frente;Com Vítimas Feridas;2;Céu Claro;Pleno dia;terça-feira;Colisão traseira;Simples;0;0;-26,9049491;-49,2710583;Segura;Sul;2 Trimestre
666379;2025.0;n;3.0;2025-03-10;PE;232;240,8;ARCOVERDE;Manobra de mudança de faixa;Com Vítimas Feridas;2;Sol;Pleno dia;segunda-feira;Colisão lateral sentido oposto;Simples;0;0;-8,415148;-36,968872;Segura;Nordeste;1 Trimestre
608476;2024.0;n;6.0;2024-06-18;BA;101;204;MURITIBA;Objeto estático sobre o leito carroçável;Com Vítimas Feridas;1;Garoa/Chuvisco;Plena Noite;terça-feira;Colisão com objeto;Múltipla;0;0;-12.63317306;-39.09398987;Segura;Nordeste;2 Trimestre
671031;2025.0;n;4.0;2025-04-02;MG;116;575,8;MANHUACU;Velocidade Incompatível;Com Vítimas Feridas;1;Nublado;Amanhecer;quarta-feira;Tombamento;Simples;0;1;-20,159227;-42,190477;Perigosa;Sudeste;2 Trimestre
611138;2024.0;n;6.0;2024-06-30;PE;232;251;ARCOVERDE;Manobra de mudança de faixa;Com Vítimas Feridas;2;Céu Claro;Plena Noite;domingo;Colisão frontal;Simples;0;1;-8.429241;-37.060127;Perigosa;Nordeste;2 Trimestre
617462;2024.0;n;7.0;2024-07-28;MS;163;574,7;BANDEIRANTES;Condutor Dormindo;Com Vítimas Fatais;4;Céu Claro;Pleno dia;domingo;Colisão lateral sentido oposto;Simples;2;2;-19.69581101;-54.35067253;Perigosa;Centro-Oeste;3 Trimestre
585297;2024.0;n;3.0;2024-03-06;PR;277;50;MORRETES;Condutor Dormindo;Com Vítimas Feridas;2;Céu Claro;Pleno dia;quarta-feira;Saída de leito carroçável;Dupla;0;0;-25.59563891;-48.89814806;Segura;Sul;1 Trimestre
601211;2024.0;n;5.0;2024-05-17;MT;364;214;RONDONOPOLIS;Demais falhas mecânicas ou elétricas;Sem Vítimas;2;Céu Claro;Plena Noite;sexta-feira;Incêndio;Dupla;0;0;-16.39255604;-54.71407876;Segura;Centro-Oeste;2 Trimestre
652976;2025.0;n;1.0;2025-01-03;ES;101;301;VIANA;Demais falhas mecânicas ou elétricas;Com Vítimas Feridas;6;Nublado;Pleno dia;sexta-feira;Colisão traseira;Dupla;0;0;-20,36825561;-40,44406414;Segura;Sudeste;1 Trimestre
613373;2024.0;n;7.0;2024-07-09;MA;10;293,2;IMPERATRIZ;Reação tardia ou ineficiente do condutor;Com Vítimas Feridas;6;Céu Claro;Plena Noite;terça-feira;Colisão frontal;Simples;0;2;-5.17295;-47.529198;Perigosa;Nordeste;3 Trimestre
615977;2024.0;n;7.0;2024-07-21;SC;101;280,5;IMBITUBA;Manobra de mudança de faixa;Com Vítimas Feridas;2;Céu Claro;Pleno dia;domingo;Colisão transversal;Múltipla;0;0;-28.17962805;-48.6956297;Segura;Sul;3 Trimestre
610039;2024.0;n;6.0;2024-06-25;SC;101;206,7;SAO JOSE;Ausência de reação do condutor;Com Vítimas Feridas;4;Chuva;Plena Noite;terça-feira;Colisão traseira;Dupla;0;1;-27.59193546;-48.61824557;Perigosa;Sul;2 Trimestre
606060;2024.0;n;6.0;2024-06-08;DF;70;18,9;BRASILIA;Ausência de reação do condutor;Com Vítimas Fatais;2;Céu Claro;Pleno dia;sábado;Colisão traseira;Dupla;1;1;-15.78914;-48.219531;Perigosa;Centro-Oeste;2 Trimestre
615049;2024.0;n;7.0;2024-07-17;SC;280;28;ARAQUARI;Acessar a via sem observar a presença dos outros veículos;Com Vítimas Feridas;4;Sol;Pleno dia;quarta-feira;Colisão transversal;Simples;0;0;-26.40450077;-48.74561031;Segura;Sul;3 Trimestre