id;ano;feriado;mes;data_inversa;uf;br;km;municipio;causa_acidente;classificacao_acidente;veiculos;condicao_metereologica;fase_dia;dia_semana;tipo_acidente;tipo_pista;mortos;feridos_graves;latitude;longitude;status;regiao;periodo
666700;2025.0;n;3.0;2025-03-12;PA;316;140;PEIXE-BOI;Conversão proibida;Com Vítimas Feridas;2;Nublado;Pleno dia;quarta-feira;Colisão frontal;Simples;0;1;-1,262413;-47,268885;Perigosa;Norte;1 Trimestre
585185;2024.0;n;3.0;2024-03-05;PR;376;444,6;TIBAGI;Ausência de reação do condutor;Sem Vítimas;4;Céu Claro;Pleno dia;terça-feira;Saída de leito carroçável;Dupla;0;0;-24.88977701;-50.43486101;Segura;Sul;1 Trimestre
662393;2025.0;n;2.0;2025-02-19;MG;40;487;SETE LAGOAS;Manobra de mudança de faixa;Com Vítimas Feridas;2;Sol;Pleno dia;quarta-feira;Colisão lateral mesmo sentido;Dupla;0;0;-19,59896404;-44,22303708;Segura;Sudeste;1 Trimestre
580171;2024.0;n;2.0;2024-02-10;MG;381;837,5;SAO SEBASTIAO DA BELA VISTA;Demais falhas mecânicas ou elétricas;Sem Vítimas;2;Nublado;Plena Noite;sábado;Incêndio;Dupla;0;0;-22.14133447;-45.81655455;Segura;Sudeste;1 Trimestre
578244;2024.0;n;1.0;2024-01-31;SC;101;13;GARUVA;Demais falhas mecânicas ou elétricas;Sem Vítimas;2;Nublado;Plena Noite;quarta-feira;Incêndio;Dupla;0;0;-26.08986803;-48.86345096;Segura;Sul;1 Trimestre
659420;2025.0;n;2.0;2025-02-05;PR;376;592,2;CURITIBA;Ausência de reação do condutor;Com Vítimas Feridas;4;Nublado;Pleno dia;quarta-feira;Colisão traseira;Dupla;0;1;-25,45964378;-49,35905635;Perigosa;Sul;1 Trimestre
654126;2025.0;n;1.0;2025-01-09;MG;40;460;SETE LAGOAS;Reação tardia ou ineficiente do condutor;Com Vítimas Feridas;2;Nublado;Plena Noite;quinta-feira;Colisão traseira;Dupla;0;0;-19,39770694;-44,33528916;Segura;Sudeste;1 Trimestre
578750;2024.0;n;2.0;2024-02-03;AL;101;100;PILAR;Reação tardia ou ineficiente do condutor;Com Vítimas Fatais;2;Céu Claro;Pleno dia;sábado;Colisão com objeto;Simples;1;0;-9.56369581;-35.97111969;Perigosa;Nordeste;1 Trimestre
655622;2025.0;n;1.0;2025-01-17;PE;408;62;CARPINA;Reação tardia ou ineficiente do condutor;Sem Vítimas;2;Céu Claro;Pleno dia;sexta-feira;Colisão lateral mesmo sentido;Simples;0;0;-7,83198297;-35,24473969;Segura;Nordeste;1 Trimestre
685899;2025.0;n;4.0;2025-04-15;PI;135;148;BERTOLINIA;Reação tardia ou ineficiente do condutor;Com Vítimas Feridas;1;Sol;Pleno dia;terça-feira;Saída de leito carroçável;Simples;0;0;-7,75654719;-43,86355019;Segura;Nordeste;2 Trimestre
603835;2024.0;n;5.0;2024-05-29;MG;40;461,3;SETE LAGOAS;Carga excessiva e/ou mal acondicionada;Sem Vítimas;2;Céu Claro;Plena Noite;quarta-feira;Tombamento;Dupla;0;0;-19.40871;-44.33393;Segura;Sudeste;2 Trimestre
661928;2025.0;n;2.0;2025-02-14;MT;364;464;VARZEA GRANDE;Acumulo de óleo sobre o pavimento;Com Vítimas Feridas;1;Garoa/Chuvisco;Amanhecer;sexta-feira;Saída de leito carroçável;Simples;0;0;-15,49417155;-56,27739364;Segura;Centro-Oeste;1 Trimestre
669458;2025.0;n;3.0;2025-03-25;MS;158;280;TRES LAGOAS;Reação tardia ou ineficiente do condutor;Com Vítimas Feridas;3;Céu Claro;Pleno dia;terça-feira;Colisão transversal;Simples;0;0;-20,828534;-51,729649;Segura;Centro-Oeste;1 Trimestre
576670;2024.0;n;1.0;2024-01-23;SC;101;421,3;ARARANGUA;Problema na suspensão;Com Vítimas Feridas;2;Nublado;Pleno dia;terça-feira;Colisão lateral mesmo sentido;Dupla;0;0;-29.007157;-49.567217;Segura;Sul;1 Trimestre
574517;2024.0;n;1.0;2024-01-13;RS;386;71,9;BOA VISTA DAS MISSOES;Demais falhas mecânicas ou elétricas;Com Vítimas Feridas;4;Céu Claro;Pleno dia;sábado;Colisão lateral sentido oposto;Simples;0;0;-27.677305;-53.309586;Segura;Sul;1 Trimestre
619803;2024.0;n;8.0;2024-08-08;SC;282;37,2;AGUAS MORNAS;Velocidade Incompatível;Com Vítimas Feridas;3;Nevoeiro/Neblina;Amanhecer;quinta-feira;Tombamento;Simples;0;0;-27.707325;-48.842983;Segura;Sul;3 Trimestre
624990;2024.0;n;9.0;2024-09-01;BA;242;796;BARREIRAS;Ausência de reação do condutor;Com Vítimas Fatais;2;Céu Claro;Amanhecer;domingo;Colisão lateral sentido oposto;Simples;1;0;-12.12084;-45.03835;Perigosa;Nordeste;3 Trimestre
602332;2024.0;n;5.0;2024-05-23;RJ;101;276;TANGUA;Acessar a via sem observar a presença dos outros veículos;Com Vítimas Feridas;3;Sol;Amanhecer;quinta-feira;Colisão traseira;Dupla;0;0;-22.73796393;-42.73871802;Segura;Sudeste;2 Trimestre
616014;2024.0;n;7.0;2024-07-21;SE;101;79;LARANJEIRAS;Demais falhas mecânicas ou elétricas;Sem Vítimas;2;Céu Claro;Pleno dia;domingo;Saída de leito carroçável;Dupla;0;0;-10.79083797;-37.14163167;Segura;Nordeste;3 Trimestre
599492;2024.0;n;4.0;2024-04-12;ES;101;435,3;ATILIO VIVACQUA;Transitar na contramão;Com Vítimas Fatais;7;Garoa/Chuvisco;Plena Noite;sexta-feira;Colisão frontal;Simples;5;1;-21.05500952;-41.19609059;Perigosa;Sudeste;2 Trimestre
580508;2024.0;n;2.0;2024-02-11;SC;101;187,7;BIGUACU;Pedestre andava na pista;Com Vítimas Feridas;3;Céu Claro;Pleno dia;domingo;Atropelamento de Pedestre;Dupla;0;1;-27.44307116;-48.62848475;Perigosa;Sul;1 Trimestre
620881;2024.0;n;8.0;2024-08-12;PI;222;40;BRASILEIRA;Ausência de reação do condutor;Com Vítimas Fatais;2;Céu Claro;Anoitecer;segunda-feira;Saída de leito carroçável;Simples;1;0;-4.06897681;-41.54031812;Perigosa;Nordeste;3 Trimestre
613568;2024.0;n;7.0;2024-07-10;RS;470;155;NOVA PRATA;Acessar a via sem observar a presença dos outros veículos;Com Vítimas Feridas;2;Nublado;Plena Noite;quarta-feira;Colisão transversal;Simples;0;0;-28.78243906;-51.61511825;Segura;Sul;3 Trimestre
623364;2024.0;n;8.0;2024-08-24;MA;230;233;SAO FELIX DE BALSAS;Curva acentuada;Com Vítimas Feridas;2;Céu Claro;Amanhecer;sábado;Tombamento;Simples;0;1;-6.81231184;-44.80575609;Perigosa;Nordeste;3 Trimestre
589225;2024.0;n;3.0;2024-03-23;MT;163;827;SINOP;Ausência de reação do condutor;Com Vítimas Feridas;5;Chuva;Pleno dia;sábado;Colisão traseira;Simples;0;0;-11.93004683;-55.51299334;Segura;Centro-Oeste;1 Trimestre
654386;2025.0;n;1.0;2025-01-11;BA;101;566;ARATACA;Curva acentuada;Com Vítimas Fatais;1;Garoa/Chuvisco;Amanhecer;sábado;Capotamento;Simples;1;0;-15,25537224;-39,45075989;Perigosa;Nordeste;1 Trimestre
586212;2024.0;n;3.0;2024-03-09;PR;277;436,2;VIRMOND;Velocidade Incompatível;Com Vítimas Feridas;2;Chuva;Plena Noite;sábado;Tombamento;Simples;0;0;-25.37706626;-52.25395918;Segura;Sul;1 Trimestre
656542;2025.0;n;1.0;2025-01-21;SP;381;79;SAO PAULO;Velocidade Incompatível;Com Vítimas Feridas;3;Nublado;Plena Noite;terça-feira;Capotamento;Dupla;0;0;-23,40319901;-46,57564699;Segura;Sudeste;1 Trimestre
616678;2024.0;n;7.0;2024-07-24;PE;232;78;GRAVATA;Condutor deixou de manter distância do veículo da frente;Sem Vítimas;3;Garoa/Chuvisco;Plena Noite;quarta-feira;Colisão traseira;Dupla;0;0;-8.19343658;-35.55186505;Segura;Nordeste;3 Trimestre
625913;2024.0;n;9.0;2024-09-05;ES;262;119,2;CONCEICAO DO CASTELO;Reação tardia ou ineficiente do condutor;Com Vítimas Fatais;5;Sol;Pleno dia;quinta-feira;Saída de leito carroçável;Simples;1;0;-20.30782485;-41.23182431;Perigosa;Sudeste;3 Trimestre
607161;2024.0;n;6.0;2024-06-13;PA;230;650;ALTAMIRA;Reação tardia ou ineficiente do condutor;Com Vítimas Feridas;3;Céu Claro;Pleno dia;quinta-feira;Colisão transversal;Simples;0;0;-3.22147362;-52.27560273;Segura;Norte;2 Trimestre
595390;2024.0;y;4.0;2024-04-21;MG;50;42;ARAGUARI;Condutor usando celular;Com Vítimas Feridas;3;Céu Claro;Pleno dia;domingo;Colisão traseira;Dupla;0;0;-18.69101412;-48.18009275;Segura;Sudeste;2 Trimestre
605225;2024.0;n;6.0;2024-06-04;RJ;101;380;RIO DE JANEIRO;Frear bruscamente;Com Vítimas Feridas;2;Céu Claro;Plena Noite;terça-feira;Colisão traseira;Dupla;0;0;-22.86665409;-43.58896989;Segura;Sudeste;2 Trimestre
654820;2025.0;n;1.0;2025-01-12;BA;116;442;FEIRA DE SANTANA;Velocidade Incompatível;Com Vítimas Fatais;2;Chuva;Amanhecer;domingo;Saída de leito carroçável;Dupla;1;0;-12,33676101;-39,07328599;Perigosa;Nordeste;1 Trimestre
613956;2024.0;n;7.0;2024-07-12;MG;40;481,5;SETE LAGOAS;Carga excessiva e/ou mal acondicionada;Com Vítimas Feridas;2;Sol;Pleno dia;sexta-feira;Derramamento de carga;Dupla;0;0;-19.553385;-44.243587;Segura;Sudeste;3 Trimestre
607567;2024.0;n;6.0;2024-06-15;SC;101;145,3;ITAPEMA;Reação tardia ou ineficiente do condutor;Com Vítimas Fatais;3;Céu Claro;Plena Noite;sábado;Colisão traseira;Dupla;1;0;-27.08139206;-48.60130993;Perigosa;Sul;2 Trimestre
669905;2025.0;n;3.0;2025-03-27;RS;290;352;SAO SEPE;Reação tardia ou ineficiente do condutor;Com Vítimas Feridas;1;Garoa/Chuvisco;Pleno dia;quinta-feira;Saída de leito carroçável;Simples;0;0;-30,37239039;-53,69223073;Segura;Sul;1 Trimestre
661299;2025.0;n;2.0;2025-02-14;SC;470;47;BLUMENAU;Acessar a via sem observar a presença dos outros veículos;Com Vítimas Feridas;2;Céu Claro;Pleno dia;sexta-feira;Colisão transversal;Simples;0;1;-26,864044;-49,046516;Perigosa;Sul;1 Trimestre
578268;2024.0;n;1.0;2024-01-31;MG;381;332;NOVA ERA;Acessar a via sem observar a presença dos outros veículos;Com Vítimas Feridas;3;Chuva;Plena Noite;quarta-feira;Colisão transversal;Simples;0;0;-19.79994695;-43.05451587;Segura;Sudeste;1 Trimestre
629248;2024.0;n;9.0;2024-09-19;PR;373;453,5;CHOPINZINHO;Reação tardia ou ineficiente do condutor;Com Vítimas Feridas;3;Céu Claro;Plena Noite;quinta-feira;Colisão transversal;Simples;0;0;-25.8931839;-52.36282912;Segura;Sul;3 Trimestre
652982;2025.0;n;1.0;2025-01-03;BA;116;578;BREJOES;Demais falhas na via;Sem Vítimas;2;Céu Claro;Pleno dia;sexta-feira;Tombamento;Simples;0;0;-13,07158302;-39,9611107;Segura;Nordeste;1 Trimestre
625235;2024.0;n;9.0;2024-09-02;MA;135;6;SAO LUIS;Frear bruscamente;Sem Vítimas;3;Sol;Pleno dia;segunda-feira;Engavetamento;Dupla;0;0;-2.62877986;-44.26321818;Segura;Nordeste;3 Trimestre
653510;2025.0;n;1.0;2025-01-06;BA;101;356;WENCESLAU GUIMARAES;Velocidade Incompatível;Com Vítimas Fatais;3;Céu Claro;Pleno dia;segunda-feira;Tombamento;Simples;1;0;-13,66550345;-39,47859764;Perigosa;Nordeste;1 Trimestre
623132;2024.0;n;8.0;2024-08-23;RS;290;197,9;RIO PARDO;Demais falhas mecânicas ou elétricas;Sem Vítimas;2;Sol;Pleno dia;sexta-feira;Eventos atípicos;Simples;0;0;-30.168652;-52.185661;Segura;Sul;3 Trimestre
592750;2024.0;n;4.0;2024-04-08;MG;116;703,6;MURIAE;Ingestão de álcool pelo condutor;Com Vítimas Feridas;3;Nublado;Plena Noite;segunda-feira;Colisão lateral sentido oposto;Simples;0;0;-21.1342175;-42.38727808;Segura;Sudeste;2 Trimestre
669761;2025.0;n;3.0;2025-03-26;RS;287;402;SANTIAGO;Desrespeitar a preferência no cruzamento;Sem Vítimas;2;Céu Claro;Anoitecer;quarta-feira;Colisão transversal;Simples;0;0;-29,14850184;-54,8869801;Segura;Sul;1 Trimestre
604807;2024.0;n;6.0;2024-06-02;MG;251;323;SALINAS;Demais falhas mecânicas ou elétricas;Com Vítimas Feridas;2;Nublado;Pleno dia;domingo;Colisão com objeto;Simples;0;0;-16.2018584;-42.35684395;Segura;Sudeste;2 Trimestre
686188;2025.0;n;4.0;2025-04-20;SP;116;86,8;PINDAMONHANGABA;Velocidade Incompatível;Com Vítimas Feridas;7;Nublado;Pleno dia;domingo;Engavetamento;Múltipla;0;0;-22,92925;-45,359142;Segura;Sudeste;2 Trimestre
600666;2024.0;n;5.0;2024-05-14;PE;101;63,5;RECIFE;Condutor deixou de manter distância do veículo da frente;Com Vítimas Feridas;6;Sol;Pleno dia;terça-feira;Colisão traseira;Múltipla;0;0;-8.00800604;-34.93756535;Segura;Nordeste;2 Trimestre
672792;2025.0;n;3.0;2025-03-30;BA;242;267;BOA VISTA DO TUPIM;Transitar na contramão;Com Vítimas Fatais;4;Céu Claro;Anoitecer;domingo;Colisão frontal;Simples;9;3;-12,453237;-40,593145;Perigosa;Nordeste;1 Trimestre
661331;2025.0;n;2.0;2025-02-14;RJ;116;325;ITATIAIA;Manobra de mudança de faixa;Com Vítimas Feridas;3;Sol;Pleno dia;sexta-feira;Colisão lateral mesmo sentido;Múltipla;0;0;-22,49520164;-44,57034743;Segura;Sudeste;1 Trimestre
622649;2024.0;n;8.0;2024-08-21;SC;101;210,6;SAO JOSE;Reação tardia ou ineficiente do condutor;Com Vítimas Feridas;2;Nublado;Pleno dia;quarta-feira;Colisão traseira;Múltipla;0;1;-27.6167305;-48.6457265;Perigosa;Sul;3 Trimestre
652664;2025.0;y;1.0;2025-01-01;PE;104;73;CARUARU;Ultrapassagem Indevida;Com Vítimas Feridas;2;Céu Claro;Anoitecer;quarta-feira;Atropelamento de Pedestre;Simples;0;1;-8,341347;-35,982346;Perigosa;Nordeste;1 Trimestre
611892;2024.0;n;7.0;2024-07-04;RS;290;90;PORTO ALEGRE;Reação tardia ou ineficiente do condutor;Sem Vítimas;3;Nublado;Pleno dia;quinta-feira;Colisão lateral mesmo sentido;Dupla;0;0;-29.968319;-51.157398;Segura;Sul;3 Trimestre
582739;2024.0;n;2.0;2024-02-23;DF;70;4,3;BRASILIA;Acessar a via sem observar a presença dos outros veículos;Com Vítimas Feridas;2;Nublado;Pleno dia;sexta-feira;Colisão lateral mesmo sentido;Múltipla;0;0;-15.798115;-48.089317;Segura;Centro-Oeste;1 Trimestre
628983;2024.0;n;9.0;2024-09-18;GO;153;499;GOIANIA;Velocidade Incompatível;Com Vítimas Fatais;4;Céu Claro;Anoitecer;quarta-feira;Queda de ocupante de veículo;Dupla;1;0;-16.7033;-49.2311;Perigosa;Centro-Oeste;3 Trimestre
607644;2024.0;n;6.0;2024-06-15;SC;163;69;SAO MIGUEL DO OESTE;Desrespeitar a preferência no cruzamento;Com Vítimas Feridas;3;Céu Claro;Pleno dia;sábado;Colisão transversal;Dupla;0;0;-26.74369417;-53.50131512;Segura;Sul;2 Trimestre
594780;2024.0;n;4.0;2024-04-18;AL;101;62;MESSIAS;Velocidade Incompatível;Com Vítimas Feridas;2;Nublado;Pleno dia;quinta-feira;Derramamento de carga;Dupla;0;0;-9.30153295;-35.82114728;Segura;Nordeste;2 Trimestre
654531;2025.0;n;1.0;2025-01-11;MG;354;709;CAXAMBU;Afundamento ou ondulação no pavimento;Com Vítimas Feridas;2;Nublado;Pleno dia;sábado;Tombamento;Simples;0;0;-22,02469499;-44,9270357;Segura;Sudeste;1 Trimestre
601988;2024.0;n;1.0;2024-01-31;SP;116;291;ITAPECERICA DA SERRA;Condutor deixou de manter distância do veículo da frente;Com Vítimas Feridas;6;Chuva;Pleno dia;quarta-feira;Engavetamento;Dupla;0;0;-23.73826593;-46.89672721;Segura;Sudeste;1 Trimestre
601068;2024.0;n;5.0;2024-05-17;MT;163;786;VERA;Ausência de reação do condutor;Com Vítimas Feridas;4;Céu Claro;Pleno dia;sexta-feira;Colisão traseira;Simples;0;0;-12.28508632;-55.5612731;Segura;Centro-Oeste;2 Trimestre
662748;2025.0;n;2.0;2025-02-21;PI;316;8;TERESINA;Reação tardia ou ineficiente do condutor;Com Vítimas Feridas;3;Chuva;Pleno dia;sexta-feira;Colisão traseira;Dupla;0;0;-5,18325728;-42,76332032;Segura;Nordeste;1 Trimestre
672465;2025.0;n;4.0;2025-04-09;GO;40;86;CRISTALINA;Entrada inopinada do pedestre;Com Vítimas Feridas;2;Céu Claro;Plena Noite;quarta-feira;Atropelamento de Pedestre;Dupla;0;1;-16,71001;-47,67832;Perigosa;Centro-Oeste;2 Trimestre
581980;2024.0;n;2.0;2024-02-19;PE;423;102;GARANHUNS;Ingestão de álcool pelo condutor;Sem Vítimas;4;Nublado;Plena Noite;segunda-feira;Tombamento;Simples;0;0;-8.97291492;-36.5210582;Segura;Nordeste;1 Trimestre
652845;2025.0;n;1.0;2025-01-02;CE;116;13;FORTALEZA;Ausência de reação do condutor;Com Vítimas Feridas;2;Céu Claro;Plena Noite;quinta-feira;Colisão traseira;Múltipla;0;2;-3,86088501;-38,49715296;Perigosa;Nordeste;1 Trimestre
591784;2024.0;n;4.0;2024-04-04;PR;376;251;APUCARANA;Ausência de reação do condutor;Com Vítimas Feridas;2;Céu Claro;Pleno dia;quinta-feira;Colisão com objeto;Dupla;0;1;-23.62431;-51.38453;Perigosa;Sul;2 Trimestre
589150;2024.0;n;3.0;2024-03-23;RS;101;39,5;TRES CACHOEIRAS;Manobra de mudança de faixa;Com Vítimas Feridas;3;Nublado;Amanhecer;sábado;Colisão lateral mesmo sentido;Dupla;0;1;-29.53409619;-50.01717704;Perigosa;Sul;1 Trimestre
605868;2024.0;n;6.0;2024-06-07;CE;116;46;PACAJUS;Ausência de reação do condutor;Sem Vítimas;3;Céu Claro;Pleno dia;sexta-feira;Colisão com objeto;Múltipla;0;0;-4.13924054;-38.47994882;Segura;Nordeste;2 Trimestre
626148;2024.0;n;9.0;2024-09-06;BA;116;748,3;POCOES;Ultrapassagem Indevida;Com Vítimas Feridas;2;Céu Claro;Pleno dia;sexta-feira;Colisão lateral sentido oposto;Simples;0;0;-14.414584;-40.35219897;Segura;Nordeste;3 Trimestre
603525;2024.0;n;5.0;2024-05-28;MG;262;488,7;BOM DESPACHO;Ultrapassagem Indevida;Com Vítimas Feridas;6;Sol;Pleno dia;terça-feira;Colisão lateral sentido oposto;Simples;0;1;-19.78253434;-45.35499573;Perigosa;Sudeste;2 Trimestre
607597;2024.0;n;6.0;2024-06-15;PR;153;39,9;SANTO ANTONIO DA PLATINA;Condutor Dormindo;Com Vítimas Feridas;3;Céu Claro;Amanhecer;sábado;Colisão lateral sentido oposto;Simples;0;0;-23.28141767;-50.05595326;Segura;Sul;2 Trimestre
624707;2024.0;n;8.0;2024-08-30;PR;116;98,9;SAO JOSE DOS PINHAIS;Reação tardia ou ineficiente do condutor;Com Vítimas Fatais;8;Nublado;Plena Noite;sexta-feira;Engavetamento;Múltipla;6;0;-25.560022;-49.1510845;Perigosa;Sul;3 Trimestre
662681;2025.0;n;2.0;2025-02-21;ES;262;140,5;MUNIZ FREIRE;Velocidade Incompatível;Com Vítimas Feridas;2;Nublado;Pleno dia;sexta-feira;Colisão frontal;Simples;0;0;-20,22712702;-41,37163639;Segura;Sudeste;1 Trimestre
590356;2024.0;n;3.0;2024-03-28;BA;101;350;WENCESLAU GUIMARAES;Chuva;Com Vítimas Feridas;3;Chuva;Pleno dia;quinta-feira;Colisão lateral sentido oposto;Simples;0;1;-13.737708;-39.479958;Perigosa;Nordeste;1 Trimestre
653010;2025.0;n;1.0;2025-01-03;MG;40;782,8;JUIZ DE FORA;Chuva;Com Vítimas Feridas;1;Chuva;Anoitecer;sexta-feira;Colisão com objeto;Dupla;0;0;-21,69593719;-43,44982474;Segura;Sudeste;1 Trimestre
610259;2024.0;n;6.0;2024-06-26;RO;364;341;JI-PARANA;Acessar a via sem observar a presença dos outros veículos;Com Vítimas Feridas;2;Céu Claro;Pleno dia;quarta-feira;Colisão lateral mesmo sentido;Simples;0;0;-10.88987987;-61.93126772;Segura;Norte;2 Trimestre
599476;2024.0;n;5.0;2024-05-10;MS;262;358;CAMPO GRANDE;Ausência de reação do condutor;Com Vítimas Feridas;9;Céu Claro;Pleno dia;sexta-feira;Engavetamento;Simples;0;0;-20.50499307;-54.72803808;Segura;Centro-Oeste;2 Trimestre
670475;2025.0;n;3.0;2025-03-30;SC;280;226;TRES BARRAS;Ausência de reação do condutor;Sem Vítimas;2;Céu Claro;Amanhecer;domingo;Colisão com objeto;Simples;0;0;-26,18515103;-50,34720008;Segura;Sul;1 Trimestre
579614;2024.0;n;2.0;2024-02-07;MA;135;60;BACABEIRA;Chuva;Sem Vítimas;2;Chuva;Pleno dia;quarta-feira;Colisão lateral mesmo sentido;Dupla;0;0;-3.05225689;-44.31876443;Segura;Nordeste;1 Trimestre
622585;2024.0;n;8.0;2024-08-20;RO;364;541;ALTO PARAISO;Acessar a via sem observar a presença dos outros veículos;Com Vítimas Feridas;4;Céu Claro;Plena Noite;terça-feira;Colisão transversal;Simples;0;1;-9.716742;-63.11815;Perigosa;Norte;3 Trimestre
652971;2025.0;n;1.0;2025-01-03;MG;40;799,2;JUIZ DE FORA;Reação tardia ou ineficiente do condutor;Com Vítimas Feridas;1;Chuva;Pleno dia;sexta-feira;Tombamento;Dupla;0;0;-21,82857001;-43,37364401;Segura;Sudeste;1 Trimestre
620645;2024.0;n;8.0;2024-08-11;MT;70;284;PRIMAVERA DO LESTE;Ultrapassagem Indevida;Com Vítimas Feridas;4;Nublado;Plena Noite;domingo;Colisão lateral mesmo sentido;Simples;0;0;-15.57431875;-54.33110702;Segura;Centro-Oeste;3 Trimestre
673707;2025.0;n;4.0;2025-04-14;SP;153;285,6;OCAUCU;Mal súbito do condutor;Com Vítimas Fatais;2;Céu Claro;Pleno dia;segunda-feira;Colisão frontal;Simples;2;1;-22,460586;-49,87696;Perigosa;Sudeste;2 Trimestre
611123;2024.0;n;6.0;2024-06-30;BA;110;50;JEREMOABO;Transitar na contramão;Com Vítimas Fatais;2;Céu Claro;Plena Noite;domingo;Colisão frontal;Simples;1;0;-9.89514402;-38.26876624;Perigosa;Nordeste;2 Trimestre
598959;2024.0;n;5.0;2024-05-08;SC;101;5;GARUVA;Demais falhas mecânicas ou elétricas;Sem Vítimas;2;Nublado;Plena Noite;quarta-feira;Incêndio;Dupla;0;0;-26.01779797;-48.86233322;Segura;Sul;2 Trimestre
616333;2024.0;n;7.0;2024-07-23;PR;116;27;CAMPINA GRANDE DO SUL;Condutor Dormindo;Com Vítimas Feridas;2;Sol;Pleno dia;terça-feira;Saída de leito carroçável;Múltipla;0;0;-25.10840189;-48.79505902;Segura;Sul;3 Trimestre
608497;2024.0;n;6.0;2024-06-19;ES;101;291;CARIACICA;Manobra de mudança de faixa;Com Vítimas Feridas;3;Sol;Amanhecer;quarta-feira;Colisão traseira;Dupla;0;0;-20.29755744;-40.39445616;Segura;Sudeste;2 Trimestre
591319;2024.0;n;4.0;2024-04-02;RJ;116;298;PORTO REAL;Ausência de reação do condutor;Com Vítimas Feridas;4;Céu Claro;Plena Noite;terça-feira;Colisão traseira;Dupla;0;0;-22.45083254;-44.33823701;Segura;Sudeste;2 Trimestre
657459;2025.0;n;1.0;2025-01-26;MG;116;385,2;MATHIAS LOBATO;Ausência de reação do condutor;Com Vítimas Fatais;4;Céu Claro;Pleno dia;domingo;Colisão lateral sentido oposto;Simples;3;3;-18,6633058;-41,97668625;Perigosa;Sudeste;1 Trimestre
671965;2025.0;n;4.0;2025-04-06;TO;153;504,2;PARAISO DO TOCANTINS;Reação tardia ou ineficiente do condutor;Sem Vítimas;4;Céu Claro;Pleno dia;domingo;Colisão traseira;Simples;0;0;-10,238279;-48,877302;Segura;Norte;2 Trimestre
589571;2024.0;n;3.0;2024-03-25;MG;262;611,3;IBIA;Pista Escorregadia;Com Vítimas Feridas;3;Chuva;Plena Noite;segunda-feira;Colisão com objeto;Simples;0;0;-19.59794921;-46.2913541;Segura;Sudeste;1 Trimestre
666671;2025.0;n;3.0;2025-03-12;MT;364;490,4;JANGADA;Mal súbito do condutor;Com Vítimas Feridas;6;Céu Claro;Plena Noite;quarta-feira;Colisão traseira;Simples;0;0;-15,25764871;-56,46169415;Segura;Centro-Oeste;1 Trimestre
585289;2024.0;n;3.0;2024-03-06;AL;423;91;DELMIRO GOUVEIA;Ultrapassagem Indevida;Com Vítimas Feridas;2;Céu Claro;Amanhecer;quarta-feira;Colisão lateral sentido oposto;Simples;0;0;-9.36383409;-38.08008697;Segura;Nordeste;1 Trimestre
627272;2024.0;n;9.0;2024-09-11;PR;277;0;PARANAGUA;Ultrapassagem Indevida;Com Vítimas Fatais;4;Sol;Pleno dia;quarta-feira;Colisão lateral mesmo sentido;Simples;1;0;-25.52057176;-48.54476452;Perigosa;Sul;3 Trimestre
659002;2025.0;n;1.0;2025-01-22;GO;40;8,3;LUZIANIA;Manobra de mudança de faixa;Com Vítimas Feridas;2;Céu Claro;Pleno dia;quarta-feira;Colisão transversal;Dupla;0;0;-16,1212;-47,964243;Segura;Centro-Oeste;1 Trimestre
663618;2025.0;n;2.0;2025-02-25;SC;101;41;PALHOCA;Condutor deixou de manter distância do veículo da frente;Com Vítimas Fatais;3;Céu Claro;Pleno dia;terça-feira;Colisão traseira;Dupla;1;0;-27,65159075;-48,7247622;Perigosa;Sul;1 Trimestre
573694;2024.0;n;1.0;2024-01-10;RJ;116;184;NOVA IGUACU;Demais falhas mecânicas ou elétricas;Com Vítimas Feridas;2;Céu Claro;Pleno dia;quarta-feira;Queda de ocupante de veículo;Dupla;0;0;-22.74647215;-43.44594311;Segura;Sudeste;1 Trimestre
588409;2024.0;n;3.0;2024-03-15;RJ;493;6;ITABORAI;Acesso irregular;Com Vítimas Feridas;2;Céu Claro;Plena Noite;sexta-feira;Atropelamento de Pedestre;Simples;0;0;-22.73124198;-42.95145305;Segura;Sudeste;1 Trimestre
627252;2024.0;n;9.0;2024-09-11;SE;101;48,9;JAPARATUBA;Reação tardia ou ineficiente do condutor;Com Vítimas Fatais;1;Céu Claro;Pleno dia;quarta-feira;Colisão com objeto;Dupla;1;0;-10.58466307;-36.96839333;Perigosa;Nordeste;3 Trimestre
592419;2024.0;n;4.0;2024-04-07;RS;158;186,8;CRUZ ALTA;Manobra de mudança de faixa;Sem Vítimas;4;Chuva;Pleno dia;domingo;Saída de leito carroçável;Simples;0;0;-28.5700499;-53.56567808;Segura;Sul;2 Trimestre
659815;2025.0;n;2.0;2025-02-07;SE;101;156;ESTANCIA;Ausência de reação do condutor;Com Vítimas Feridas;3;Chuva;Pleno dia;sexta-feira;Tombamento;Simples;0;0;-11,2859163;-37,45833996;Segura;Nordeste;1 Trimestre
618927;2024.0;n;8.0;2024-08-04;RJ;101;428;MANGARATIBA;Conversão proibida;Com Vítimas Feridas;2;Céu Claro;Plena Noite;domingo;Colisão transversal;Múltipla;0;0;-22.93391858;-43.9899979;Segura;Sudeste;3 Trimestre
595180;2024.0;n;4.0;2024-04-20;SC;101;213,3;PALHOCA;Acessar a via sem observar a presença dos outros veículos;Sem Vítimas;2;Sol;Pleno dia;sábado;Colisão transversal;Múltipla;0;0;-27.63697369;-48.66514142;Segura;Sul;2 Trimestre