id;ano;feriado;mes;data_inversa;uf;br;km;municipio;causa_acidente;classificacao_acidente;veiculos;condicao_metereologica;fase_dia;dia_semana;tipo_acidente;tipo_pista;mortos;feridos_graves;latitude;longitude;status;regiao;periodo
576273;2024.0;n;1.0;2024-01-21;BA;116;302;TUCANO;Condutor Dormindo;Com Vítimas Feridas;3;Céu Claro;Pleno dia;domingo;Tombamento;Simples;0;0;-11.19154404;-38.86778691;Segura;Nordeste;1 Trimestre
598264;2024.0;n;5.0;2024-05-04;SP;116;359;MIRACATU;Velocidade Incompatível;Com Vítimas Feridas;1;Céu Claro;Pleno dia;sábado;Colisão com objeto;Dupla;0;0;-24.10862227;-47.26589989;Segura;Sudeste;2 Trimestre
604776;2024.0;n;6.0;2024-06-02;RJ;101;48;CAMPOS DOS GOYTACAZES;Acessar a via sem observar a presença dos outros veículos;Com Vítimas Fatais;3;Céu Claro;Plena Noite;domingo;Colisão transversal;Simples;1;0;-21.616427;-41.315333;Perigosa;Sudeste;2 Trimestre
661885;2025.0;n;2.0;2025-02-17;MT;70;588;NOSSA SENHORA DO LIVRAMENTO;Condutor Dormindo;Com Vítimas Feridas;2;Céu Claro;Plena Noite;segunda-feira;Colisão lateral sentido oposto;Simples;0;0;-15,78382692;-56,630768;Segura;Centro-Oeste;1 Trimestre
672410;2025.0;n;4.0;2025-04-08;PR;116;144;MANDIRITUBA;Chuva;Com Vítimas Feridas;3;Chuva;Pleno dia;terça-feira;Colisão transversal;Simples;0;0;-25,799195;-49,329278;Segura;Sul;2 Trimestre
582557;2024.0;n;2.0;2024-02-14;PE;428;98;SANTA MARIA DA BOA VISTA;Ultrapassagem Indevida;Com Vítimas Feridas;3;Céu Claro;Plena Noite;quarta-feira;Saída de leito carroçável;Simples;0;0;-8.82848588;-39.94244307;Segura;Nordeste;1 Trimestre
605362;2024.0;n;6.0;2024-06-05;MG;116;776,2;LEOPOLDINA;Velocidade Incompatível;Com Vítimas Feridas;2;Céu Claro;Pleno dia;quarta-feira;Tombamento;Simples;0;0;-21.59023796;-42.68715187;Segura;Sudeste;2 Trimestre
655001;2025.0;n;1.0;2025-01-14;MG;116;117;ITAOBIM;Acessar a via sem observar a presença dos outros veículos;Com Vítimas Feridas;4;Nublado;Pleno dia;terça-feira;Colisão transversal;Simples;0;2;-16,57411225;-41,50497449;Perigosa;Sudeste;1 Trimestre
591757;2024.0;n;4.0;2024-04-04;ES;262;16,5;VIANA;Ultrapassagem Indevida;Com Vítimas Feridas;3;Céu Claro;Pleno dia;quinta-feira;Colisão lateral mesmo sentido;Simples;0;0;-20.38441093;-40.463078;Segura;Sudeste;2 Trimestre
583524;2024.0;n;2.0;2024-02-26;SP;381;30;ATIBAIA;Entrada inopinada do pedestre;Com Vítimas Feridas;2;Céu Claro;Plena Noite;segunda-feira;Atropelamento de Pedestre;Dupla;0;1;-23.04885102;-46.56482797;Perigosa;Sudeste;1 Trimestre
589219;2024.0;n;3.0;2024-03-23;RS;470;179;VERANOPOLIS;Conversão proibida;Com Vítimas Feridas;3;Céu Claro;Pleno dia;sábado;Colisão transversal;Simples;0;0;-28.95614928;-51.56242466;Segura;Sul;1 Trimestre
577111;2024.0;n;1.0;2024-01-26;CE;116;526,1;JATI;Velocidade Incompatível;Com Vítimas Feridas;2;Céu Claro;Plena Noite;sexta-feira;Tombamento;Simples;0;0;-7.6869;-39.00728;Segura;Nordeste;1 Trimestre
671610;2025.0;n;4.0;2025-04-04;MG;40;296;TRES MARIAS;Problema com o freio;Sem Vítimas;3;Céu Claro;Plena Noite;sexta-feira;Incêndio;Simples;0;0;-18,32625515;-45,10896206;Segura;Sudeste;2 Trimestre
621356;2024.0;n;8.0;2024-08-15;RS;386;350;ESTRELA;Manobra de mudança de faixa;Com Vítimas Feridas;3;Sol;Pleno dia;quinta-feira;Colisão traseira;Dupla;0;0;-29.4743;-51.952923;Segura;Sul;3 Trimestre
662111;2025.0;n;2.0;2025-02-18;ES;101;150,5;LINHARES;Condutor deixou de manter distância do veículo da frente;Com Vítimas Feridas;2;Céu Claro;Pleno dia;terça-feira;Colisão traseira;Simples;0;0;-19,40436634;-40,06078896;Segura;Sudeste;1 Trimestre
593947;2024.0;n;4.0;2024-04-14;MT;364;251,7;JUSCIMEIRA;Pista esburacada;Com Vítimas Feridas;2;Chuva;Pleno dia;domingo;Saída de leito carroçável;Dupla;0;0;-16.11396214;-54.85939336;Segura;Centro-Oeste;2 Trimestre
666956;2025.0;n;3.0;2025-03-13;SP;116;508;BARRA DO TURVO;Reação tardia ou ineficiente do condutor;Com Vítimas Feridas;2;Céu Claro;Pleno dia;quinta-feira;Tombamento;Simples;0;0;-24,9288195;-48,2715816;Segura;Sudeste;1 Trimestre
621849;2024.0;n;8.0;2024-08-17;PR;369;490;CASCAVEL;Conversão proibida;Com Vítimas Feridas;3;Sol;Pleno dia;sábado;Colisão transversal;Simples;0;0;-24.838863;-53.309444;Segura;Sul;3 Trimestre
618975;2024.0;n;8.0;2024-08-04;PR;158;221,8;CAMPO MOURAO;Acessar a via sem observar a presença dos outros veículos;Sem Vítimas;4;Céu Claro;Pleno dia;domingo;Colisão transversal;Simples;0;0;-24.06962376;-52.35226382;Segura;Sul;3 Trimestre
619607;2024.0;n;8.0;2024-08-07;MT;364;395;CUIABA;Desrespeitar a preferência no cruzamento;Com Vítimas Feridas;3;Céu Claro;Pleno dia;quarta-feira;Colisão transversal;Dupla;0;1;-15.69556743;-55.89834326;Perigosa;Centro-Oeste;3 Trimestre
583095;2024.0;n;2.0;2024-02-24;MS;163;264,8;DOURADOS;Ausência de reação do condutor;Com Vítimas Feridas;3;Nublado;Plena Noite;sábado;Colisão traseira;Dupla;0;0;-22.22742781;-54.7393301;Segura;Centro-Oeste;1 Trimestre
575464;2024.0;n;1.0;2024-01-18;PE;101;44;IGARASSU;Condutor deixou de manter distância do veículo da frente;Com Vítimas Feridas;3;Céu Claro;Pleno dia;quinta-feira;Colisão traseira;Múltipla;0;0;-7.85637001;-34.90842109;Segura;Nordeste;1 Trimestre
664607;2025.0;n;3.0;2025-03-01;GO;20;89,9;VILA BOA;Velocidade Incompatível;Com Vítimas Feridas;2;Céu Claro;Pleno dia;sábado;Colisão traseira;Simples;0;1;-14,97728997;-47,01633453;Perigosa;Centro-Oeste;1 Trimestre
602383;2024.0;n;5.0;2024-05-23;MA;230;80,5;SAO JOAO DOS PATOS;Reação tardia ou ineficiente do condutor;Com Vítimas Feridas;3;Céu Claro;Amanhecer;quinta-feira;Tombamento;Simples;0;0;-6.48823939;-43.60143507;Segura;Nordeste;2 Trimestre
652869;2025.0;n;1.0;2025-01-03;ES;101;294,5;CARIACICA;Ausência de reação do condutor;Com Vítimas Feridas;7;Nublado;Amanhecer;sexta-feira;Engavetamento;Dupla;0;1;-20,32415948;-40,3952903;Perigosa;Sudeste;1 Trimestre
618472;2024.0;n;8.0;2024-08-02;SC;101;121;ITAJAI;Trafegar com motocicleta (ou similar) entre as faixas;Com Vítimas Feridas;3;Céu Claro;Pleno dia;sexta-feira;Colisão lateral mesmo sentido;Dupla;0;1;-26.92103178;-48.70856446;Perigosa;Sul;3 Trimestre
670842;2025.0;n;4.0;2025-04-01;PI;316;151;ELESBAO VELOSO;Reação tardia ou ineficiente do condutor;Com Vítimas Feridas;2;Céu Claro;Plena Noite;terça-feira;Saída de leito carroçável;Simples;0;1;-6,129097;-42,15373;Perigosa;Nordeste;2 Trimestre
576632;2024.0;n;1.0;2024-01-23;MG;262;615,8;IBIA;Ausência de reação do condutor;Com Vítimas Feridas;3;Céu Claro;Pleno dia;terça-feira;Saída de leito carroçável;Simples;0;1;-19.58551007;-46.32494606;Perigosa;Sudeste;1 Trimestre
668610;2025.0;n;3.0;2025-03-21;PE;316;310;FLORESTA;Reação tardia ou ineficiente do condutor;Com Vítimas Feridas;2;Céu Claro;Plena Noite;sexta-feira;Colisão com objeto;Simples;0;0;-8,656183;-38,549828;Segura;Nordeste;1 Trimestre
670936;2025.0;n;4.0;2025-04-01;MG;50;156,8;UBERABA;Reação tardia ou ineficiente do condutor;Com Vítimas Feridas;1;Céu Claro;Pleno dia;terça-feira;Saída de leito carroçável;Dupla;0;0;-19,620944;-48,017519;Segura;Sudeste;2 Trimestre
604354;2024.0;n;5.0;2024-05-31;BA;407;170;PONTO NOVO;Acessar a via sem observar a presença dos outros veículos;Com Vítimas Fatais;2;Chuva;Plena Noite;sexta-feira;Colisão transversal;Simples;1;0;-10.84713103;-40.11314392;Perigosa;Nordeste;2 Trimestre
609724;2024.0;n;6.0;2024-06-24;RS;386;353;ESTRELA;Manobra de mudança de faixa;Sem Vítimas;2;Nublado;Pleno dia;segunda-feira;Colisão lateral mesmo sentido;Dupla;0;0;-29.500067;-51.949615;Segura;Sul;2 Trimestre
667589;2025.0;n;3.0;2025-03-16;MG;365;861;GURINHATA;Mal súbito do condutor;Com Vítimas Feridas;4;Céu Claro;Pleno dia;domingo;Colisão traseira;Simples;0;0;-18,92930514;-49,84417677;Segura;Sudeste;1 Trimestre
625605;2024.0;n;9.0;2024-09-03;RN;226;106;SANTA CRUZ;Ingestão de álcool pelo condutor;Sem Vítimas;2;Céu Claro;Plena Noite;terça-feira;Colisão frontal;Simples;0;0;-6.24663846;-35.9776249;Segura;Nordeste;3 Trimestre
612175;2024.0;n;7.0;2024-07-05;PR;153;211;TIBAGI;Suicídio (presumido);Com Vítimas Fatais;3;Céu Claro;Pleno dia;sexta-feira;Colisão frontal;Simples;1;0;-24.561865;-50.45471;Perigosa;Sul;3 Trimestre
573971;2024.0;n;1.0;2024-01-11;PI;316;333;GEMINIANO;Acessar a via sem observar a presença dos outros veículos;Com Vítimas Fatais;2;Chuva;Pleno dia;quinta-feira;Colisão transversal;Simples;1;0;-7.1066551;-41.27195001;Perigosa;Nordeste;1 Trimestre
592743;2024.0;n;4.0;2024-04-08;SC;101;43,1;JOINVILLE;Reação tardia ou ineficiente do condutor;Com Vítimas Feridas;3;Nublado;Plena Noite;segunda-feira;Colisão lateral mesmo sentido;Dupla;0;0;-26.33480408;-48.86041224;Segura;Sul;2 Trimestre
661340;2025.0;n;2.0;2025-02-14;GO;50;244,3;CATALAO;Carga excessiva e/ou mal acondicionada;Com Vítimas Feridas;2;Céu Claro;Pleno dia;sexta-feira;Tombamento;Dupla;0;0;-17,9172;-47,7901;Segura;Centro-Oeste;1 Trimestre
615150;2024.0;n;5.0;2024-05-02;RJ;101;306;SAO GONCALO;Reação tardia ou ineficiente do condutor;Com Vítimas Feridas;2;Céu Claro;Pleno dia;quinta-feira;Colisão lateral mesmo sentido;Dupla;0;0;-22.78913759;-43.00550909;Segura;Sudeste;2 Trimestre
593693;2024.0;n;4.0;2024-04-13;BA;407;23;JUAZEIRO;Velocidade Incompatível;Com Vítimas Feridas;2;Céu Claro;Amanhecer;sábado;Colisão traseira;Simples;0;0;-9.58537093;-40.42466184;Segura;Nordeste;2 Trimestre
654079;2025.0;n;1.0;2025-01-09;PE;407;27,5;AFRANIO;Velocidade Incompatível;Com Vítimas Fatais;5;Chuva;Pleno dia;quinta-feira;Colisão frontal;Simples;1;0;-8,647543;-40,971237;Perigosa;Nordeste;1 Trimestre
656997;2025.0;n;1.0;2025-01-24;BA;116;672;JEQUIE;Acessar a via sem observar a presença dos outros veículos;Com Vítimas Feridas;2;Chuva;Pleno dia;sexta-feira;Colisão traseira;Dupla;0;0;-13,79970305;-40,11130458;Segura;Nordeste;1 Trimestre
652847;2025.0;n;1.0;2025-01-02;RS;470;228;GARIBALDI;Acessar a via sem observar a presença dos outros veículos;Com Vítimas Feridas;2;Céu Claro;Anoitecer;quinta-feira;Colisão transversal;Simples;0;0;-29,21759706;-51,51703722;Segura;Sul;1 Trimestre
616743;2024.0;n;7.0;2024-07-25;RJ;101;119;DUQUE DE CAXIAS;Ausência de reação do condutor;Com Vítimas Feridas;3;Céu Claro;Plena Noite;quinta-feira;Colisão traseira;Múltipla;0;0;-22.76742;-43.28624;Segura;Sudeste;3 Trimestre
625921;2024.0;n;9.0;2024-09-04;PA;0;0;DOM ELISEU;Problema com o freio;Sem Vítimas;2;Céu Claro;Pleno dia;quarta-feira;Colisão traseira;Simples;0;0;-4.09195;-48.091815;Segura;Norte;3 Trimestre
666942;2025.0;n;3.0;2025-03-13;ES;101;85,8;SAO MATEUS;Ausência de reação do condutor;Com Vítimas Feridas;2;Céu Claro;Pleno dia;quinta-feira;Colisão traseira;Dupla;0;0;-18,8640159;-39,9385388;Segura;Sudeste;1 Trimestre
668543;2025.0;n;3.0;2025-03-20;RJ;116;242;PIRAI;Ausência de reação do condutor;Com Vítimas Feridas;3;Nublado;Plena Noite;quinta-feira;Colisão traseira;Dupla;0;0;-22,631;-43,908;Segura;Sudeste;1 Trimestre
581266;2024.0;n;2.0;2024-02-15;PR;277;283,4;PRUDENTOPOLIS;Ausência de reação do condutor;Com Vítimas Feridas;2;Chuva;Pleno dia;quinta-feira;Saída de leito carroçável;Simples;0;1;-25.31609767;-51.00059509;Perigosa;Sul;1 Trimestre
627266;2024.0;n;8.0;2024-08-22;ES;101;461;MIMOSO DO SUL;Condutor Dormindo;Com Vítimas Feridas;2;Céu Claro;Pleno dia;quinta-feira;Saída de leito carroçável;Simples;0;0;-21.22162992;-41.30787306;Segura;Sudeste;3 Trimestre
591030;2024.0;n;3.0;2024-03-31;GO;414;337,8;COCALZINHO DE GOIAS;Ingestão de álcool pelo condutor;Com Vítimas Feridas;4;Céu Claro;Plena Noite;domingo;Colisão traseira;Simples;0;1;-15.443086;-48.618097;Perigosa;Centro-Oeste;1 Trimestre
629351;2024.0;n;9.0;2024-09-20;RS;392;235,4;CACAPAVA DO SUL;Ausência de reação do condutor;Com Vítimas Fatais;7;Céu Claro;Pleno dia;sexta-feira;Colisão frontal;Simples;1;0;-30.63208808;-53.31771013;Perigosa;Sul;3 Trimestre
687060;2025.0;n;4.0;2025-04-16;PB;230;138;CAMPINA GRANDE;Ultrapassagem Indevida;Com Vítimas Feridas;2;Céu Claro;Pleno dia;quarta-feira;Colisão lateral mesmo sentido;Dupla;0;1;-7,27007129;-35,78924641;Perigosa;Nordeste;2 Trimestre
611384;2024.0;n;7.0;2024-07-01;ES;101;183,6;ARACRUZ;Reação tardia ou ineficiente do condutor;Com Vítimas Fatais;3;Céu Claro;Plena Noite;segunda-feira;Tombamento;Simples;1;0;-19.64708421;-40.23286555;Perigosa;Sudeste;3 Trimestre
591825;2024.0;n;4.0;2024-04-04;CE;116;37;HORIZONTE;Ausência de reação do condutor;Com Vítimas Feridas;2;Céu Claro;Plena Noite;quinta-feira;Colisão lateral mesmo sentido;Dupla;0;0;-4.07003597;-38.50180289;Segura;Nordeste;2 Trimestre
663706;2025.0;n;2.0;2025-02-25;MT;163;903;ITAUBA;Reação tardia ou ineficiente do condutor;Sem Vítimas;3;Nublado;Pleno dia;terça-feira;Saída de leito carroçável;Simples;0;0;-11,28146;-55,31643;Segura;Centro-Oeste;1 Trimestre
603611;2024.0;n;5.0;2024-05-28;TO;10;479,8;PALMAS;Reação tardia ou ineficiente do condutor;Com Vítimas Feridas;2;Sol;Pleno dia;terça-feira;Tombamento;Simples;0;0;-10.23784;-48.18755;Segura;Norte;2 Trimestre
593203;2024.0;n;4.0;2024-04-10;MT;364;519;ROSARIO OESTE;Ausência de reação do condutor;Com Vítimas Feridas;3;Nublado;Plena Noite;quarta-feira;Tombamento;Simples;0;0;-15.10294599;-56.51994216;Segura;Centro-Oeste;2 Trimestre
598472;2024.0;n;5.0;2024-05-05;PA;10;7,5;DOM ELISEU;Ultrapassagem Indevida;Com Vítimas Feridas;2;Céu Claro;Pleno dia;domingo;Saída de leito carroçável;Simples;0;1;-4.37565398;-47.53718808;Perigosa;Norte;2 Trimestre
653324;2025.0;n;1.0;2025-01-05;PR;277;335,2;GUARAPUAVA;Reação tardia ou ineficiente do condutor;Com Vítimas Feridas;1;Céu Claro;Pleno dia;domingo;Tombamento;Dupla;0;1;-25,36058272;-51,35210476;Perigosa;Sul;1 Trimestre
671602;2025.0;n;4.0;2025-04-04;MG;251;472,3;FRANCISCO SA;Velocidade Incompatível;Com Vítimas Fatais;4;Céu Claro;Anoitecer;sexta-feira;Saída de leito carroçável;Simples;1;0;-16,46670703;-43,43912601;Perigosa;Sudeste;2 Trimestre
586227;2024.0;n;3.0;2024-03-09;MG;116;220,5;CATUJI;Ausência de reação do condutor;Com Vítimas Feridas;2;Céu Claro;Plena Noite;sábado;Tombamento;Simples;0;0;-17.410883;-41.513616;Segura;Sudeste;1 Trimestre
575184;2024.0;n;1.0;2024-01-16;PR;277;513,5;GUARANIACU;Reação tardia ou ineficiente do condutor;Com Vítimas Feridas;2;Céu Claro;Plena Noite;terça-feira;Colisão transversal;Simples;0;1;-25.12147286;-52.785734;Perigosa;Sul;1 Trimestre
608681;2024.0;n;6.0;2024-06-19;SC;116;281,2;CAPAO ALTO;Ingestão de álcool pelo condutor;Com Vítimas Feridas;4;Nublado;Plena Noite;quarta-feira;Colisão lateral mesmo sentido;Simples;0;0;-28.047439;-50.568375;Segura;Sul;2 Trimestre
596922;2024.0;n;3.0;2024-03-07;MG;381;785;SAO GONCALO DO SAPUCAI;Condutor Dormindo;Com Vítimas Feridas;2;Céu Claro;Plena Noite;quinta-feira;Saída de leito carroçável;Dupla;0;1;-21.88255302;-45.54451394;Perigosa;Sudeste;1 Trimestre
604331;2024.0;n;5.0;2024-05-07;SC;101;62,8;ARAQUARI;Ausência de reação do condutor;Sem Vítimas;5;Céu Claro;Pleno dia;terça-feira;Colisão traseira;Dupla;0;0;-26.45504246;-48.76711901;Segura;Sul;2 Trimestre
589834;2024.0;n;3.0;2024-03-26;SC;480;123;CHAPECO;Reação tardia ou ineficiente do condutor;Com Vítimas Feridas;2;Céu Claro;Pleno dia;terça-feira;Tombamento;Simples;0;0;-26.99739704;-52.64201951;Segura;Sul;1 Trimestre
588405;2024.0;n;3.0;2024-03-19;SP;116;74,4;APARECIDA;Objeto estático sobre o leito carroçável;Com Vítimas Feridas;3;Nublado;Anoitecer;terça-feira;Colisão com objeto;Dupla;0;0;-22.87478032;-45.25991303;Segura;Sudeste;1 Trimestre
665210;2025.0;n;3.0;2025-03-04;BA;20;202;LUIS EDUARDO MAGALHAES;Velocidade Incompatível;Com Vítimas Feridas;3;Céu Claro;Plena Noite;terça-feira;Colisão lateral sentido oposto;Simples;0;1;-12,179602;-45,824133;Perigosa;Nordeste;1 Trimestre
625900;2024.0;n;9.0;2024-09-05;PR;376;663,8;GUARATUBA;Condutor deixou de manter distância do veículo da frente;Com Vítimas Feridas;5;Chuva;Pleno dia;quinta-feira;Colisão traseira;Dupla;0;0;-25.85321576;-48.96608688;Segura;Sul;3 Trimestre
611656;2024.0;n;5.0;2024-05-07;MT;70;593;POCONE;Condutor Dormindo;Com Vítimas Feridas;3;Céu Claro;Plena Noite;terça-feira;Colisão traseira;Simples;0;0;-15.79616854;-56.67356209;Segura;Centro-Oeste;2 Trimestre
613328;2024.0;n;7.0;2024-07-09;MG;267;167;LIMA DUARTE;Ausência de reação do condutor;Com Vítimas Feridas;2;Céu Claro;Plena Noite;terça-feira;Colisão frontal;Simples;0;0;-21.86205603;-43.84252397;Segura;Sudeste;3 Trimestre
665554;2025.0;n;3.0;2025-03-06;PR;476;177,7;CONTENDA;Ausência de reação do condutor;Com Vítimas Fatais;3;Sol;Pleno dia;quinta-feira;Colisão com objeto;Simples;2;0;-25,70203996;-49,5753336;Perigosa;Sul;1 Trimestre
588827;2024.0;n;3.0;2024-03-21;SC;116;28;ITAIOPOLIS;Demais falhas mecânicas ou elétricas;Sem Vítimas;7;Céu Claro;Pleno dia;quinta-feira;Incêndio;Simples;0;0;-26.29910292;-49.94877311;Segura;Sul;1 Trimestre
688005;2025.0;n;4.0;2025-04-29;BA;116;360,4;SERRINHA;Condutor deixou de manter distância do veículo da frente;Com Vítimas Feridas;5;Céu Claro;Pleno dia;terça-feira;Engavetamento;Simples;0;0;-11,68759821;-38,9884116;Segura;Nordeste;2 Trimestre
653744;2025.0;n;1.0;2025-01-07;BA;101;869;TEIXEIRA DE FREITAS;Pedestre andava na pista;Com Vítimas Fatais;3;Nublado;Plena Noite;terça-feira;Atropelamento de Pedestre;Simples;1;0;-17,477598;-39,70463;Perigosa;Nordeste;1 Trimestre
659792;2025.0;n;2.0;2025-02-07;ES;262;167,9;IBATIBA;Ultrapassagem Indevida;Com Vítimas Feridas;3;Céu Claro;Pleno dia;sexta-feira;Colisão lateral sentido oposto;Simples;0;2;-20,2531047;-41,56633803;Perigosa;Sudeste;1 Trimestre
597432;2024.0;n;4.0;2024-04-30;PR;163;316,4;TERRA ROXA;Acessar a via sem observar a presença dos outros veículos;Com Vítimas Fatais;2;Sol;Pleno dia;terça-feira;Colisão transversal;Simples;2;2;-24.37834015;-54.15266373;Perigosa;Sul;2 Trimestre
610360;2024.0;n;6.0;2024-06-27;RJ;116;231;PIRAI;Reação tardia ou ineficiente do condutor;Com Vítimas Feridas;1;Nublado;Pleno dia;quinta-feira;Tombamento;Dupla;0;0;-22.65223367;-43.82992389;Segura;Sudeste;2 Trimestre
657873;2025.0;n;1.0;2025-01-28;RS;153;46,8;ERECHIM;Reação tardia ou ineficiente do condutor;Com Vítimas Feridas;3;Céu Claro;Pleno dia;terça-feira;Queda de ocupante de veículo;Simples;0;0;-27,64277505;-52,24611163;Segura;Sul;1 Trimestre
668490;2025.0;n;3.0;2025-03-20;GO;20;189;SIMOLANDIA;Ausência de reação do condutor;Sem Vítimas;2;Chuva;Anoitecer;quinta-feira;Colisão com objeto;Simples;0;0;-14,404432;-46,451543;Segura;Centro-Oeste;1 Trimestre
653422;2025.0;n;1.0;2025-01-06;SP;116;219,7;GUARULHOS;Reação tardia ou ineficiente do condutor;Com Vítimas Feridas;1;Nublado;Plena Noite;segunda-feira;Tombamento;Múltipla;0;0;-23,464006;-46,497125;Segura;Sudeste;1 Trimestre
572767;2024.0;n;1.0;2024-01-05;BA;116;26;ABARE;Transitar na contramão;Com Vítimas Fatais;2;Céu Claro;Pleno dia;sexta-feira;Colisão frontal;Simples;1;0;-8.850426;-39.259525;Perigosa;Nordeste;1 Trimestre
582528;2024.0;n;2.0;2024-02-21;SP;116;135;SAO JOSE DOS CAMPOS;Manobra de mudança de faixa;Sem Vítimas;3;Sol;Pleno dia;quarta-feira;Colisão lateral mesmo sentido;Dupla;0;0;-23.144484;-45.77018;Segura;Sudeste;1 Trimestre
653221;2025.0;n;1.0;2025-01-04;PE;232;461;MIRANDIBA;Animais na Pista;Com Vítimas Feridas;3;Céu Claro;Plena Noite;sábado;Atropelamento de Animal;Simples;0;2;-8,0274382;-38,72264791;Perigosa;Nordeste;1 Trimestre
687276;2025.0;n;4.0;2025-04-25;GO;153;563;MORRINHOS;Chuva;Com Vítimas Feridas;3;Chuva;Pleno dia;sexta-feira;Colisão lateral mesmo sentido;Dupla;0;1;-17,6390144;-49,1913216;Perigosa;Centro-Oeste;2 Trimestre
603967;2024.0;n;5.0;2024-05-30;PE;101;80;JABOATAO DOS GUARARAPES;Ausência de reação do condutor;Com Vítimas Feridas;4;Chuva;Pleno dia;quinta-feira;Colisão traseira;Dupla;0;0;-8.15112589;-34.9428866;Segura;Nordeste;2 Trimestre
598357;2024.0;n;5.0;2024-05-05;MG;381;514;IGARAPE;Demais falhas mecânicas ou elétricas;Sem Vítimas;2;Céu Claro;Plena Noite;domingo;Incêndio;Dupla;0;0;-20.08265643;-44.30811882;Segura;Sudeste;2 Trimestre
628772;2024.0;n;9.0;2024-09-17;BA;116;45;CHORROCHO;Ausência de reação do condutor;Com Vítimas Feridas;3;Céu Claro;Anoitecer;terça-feira;Colisão traseira;Simples;0;1;-9.00714798;-39.18710096;Perigosa;Nordeste;3 Trimestre
596492;2024.0;n;4.0;2024-04-26;MA;135;15;SAO LUIS;Manobra de mudança de faixa;Com Vítimas Feridas;2;Céu Claro;Pleno dia;sexta-feira;Colisão lateral mesmo sentido;Dupla;0;0;-2.69540095;-44.30511707;Segura;Nordeste;2 Trimestre
600987;2024.0;n;5.0;2024-05-17;SC;470;22;ILHOTA;Demais falhas mecânicas ou elétricas;Sem Vítimas;1;Céu Claro;Plena Noite;sexta-feira;Incêndio;Dupla;0;0;-26.88043066;-48.83937836;Segura;Sul;2 Trimestre
665131;2025.0;n;3.0;2025-03-04;PR;376;155,5;MANDAGUACU;Problema com o freio;Com Vítimas Feridas;1;Sol;Pleno dia;terça-feira;Saída de leito carroçável;Dupla;0;0;-23,338029;-52,101174;Segura;Sul;1 Trimestre
595365;2024.0;y;4.0;2024-04-21;SP;116;26;LAVRINHAS;Ausência de reação do condutor;Com Vítimas Feridas;2;Céu Claro;Plena Noite;domingo;Colisão traseira;Múltipla;0;1;-22.61419397;-44.90005302;Perigosa;Sudeste;2 Trimestre
620488;2024.0;n;8.0;2024-08-11;RJ;101;139;CARAPEBUS;Condutor Dormindo;Com Vítimas Feridas;2;Céu Claro;Pleno dia;domingo;Colisão com objeto;Dupla;0;0;-22.1716385;-41.74330435;Segura;Sudeste;3 Trimestre
585091;2024.0;n;3.0;2024-03-05;RS;392;97;MORRO REDONDO;Condutor Dormindo;Com Vítimas Feridas;3;Céu Claro;Plena Noite;terça-feira;Saída de leito carroçável;Simples;0;0;-31.55503156;-52.55541687;Segura;Sul;1 Trimestre
595108;2024.0;n;4.0;2024-04-19;MT;70;512;VARZEA GRANDE;Condutor deixou de manter distância do veículo da frente;Com Vítimas Feridas;5;Céu Claro;Plena Noite;sexta-feira;Colisão traseira;Simples;0;0;-15.704693;-56.121338;Segura;Centro-Oeste;2 Trimestre
652495;2025.0;y;1.0;2025-01-01;MG;381;497;BETIM;Velocidade Incompatível;Sem Vítimas;1;Chuva;Plena Noite;quarta-feira;Colisão com objeto;Dupla;0;0;-20,00483625;-44,21367172;Segura;Sudeste;1 Trimestre
616720;2024.0;n;7.0;2024-07-25;BA;324;585;CANDEIAS;Manobra de mudança de faixa;Com Vítimas Feridas;3;Chuva;Pleno dia;quinta-feira;Colisão lateral mesmo sentido;Múltipla;0;0;-12.63012705;-38.47968619;Segura;Nordeste;3 Trimestre
594486;2024.0;n;4.0;2024-04-17;PA;163;362;NOVO PROGRESSO;Pista Escorregadia;Com Vítimas Fatais;8;Chuva;Amanhecer;quarta-feira;Colisão frontal;Simples;1;0;-6.62063994;-55.50139215;Perigosa;Norte;2 Trimestre
586567;2024.0;n;3.0;2024-03-11;RS;392;200;SANTANA DA BOA VISTA;Condutor deixou de manter distância do veículo da frente;Com Vítimas Feridas;2;Céu Claro;Pleno dia;segunda-feira;Colisão traseira;Simples;0;1;-30.87177911;-53.13722109;Perigosa;Sul;1 Trimestre
575535;2024.0;n;1.0;2024-01-18;MS;158;108;PARANAIBA;Manobra de mudança de faixa;Com Vítimas Feridas;5;Céu Claro;Pleno dia;quinta-feira;Saída de leito carroçável;Simples;0;0;-19.77017499;-51.12058898;Segura;Centro-Oeste;1 Trimestre
578928;2024.0;n;2.0;2024-02-04;MT;364;193;RONDONOPOLIS;Ausência de reação do condutor;Com Vítimas Feridas;6;Céu Claro;Pleno dia;domingo;Colisão traseira;Simples;0;0;-16.53246336;-54.58496737;Segura;Centro-Oeste;1 Trimestre
616207;2024.0;n;6.0;2024-06-19;RS;290;118;ELDORADO DO SUL;Ausência de reação do condutor;Com Vítimas Feridas;3;Nublado;Anoitecer;quarta-feira;Colisão traseira;Simples;0;0;-30.04955646;-51.3983345;Segura;Sul;2 Trimestre
673889;2025.0;n;4.0;2025-04-15;RS;285;335,5;CARAZINHO;Manobra de mudança de faixa;Com Vítimas Fatais;3;Vento;Pleno dia;terça-feira;Colisão lateral mesmo sentido;Simples;1;1;-28,316905;-52,752354;Perigosa;Sul;2 Trimestre