id;ano;feriado;mes;data_inversa;uf;br;km;municipio;causa_acidente;classificacao_acidente;veiculos;condicao_metereologica;fase_dia;dia_semana;tipo_acidente;tipo_pista;mortos;feridos_graves;latitude;longitude;status;regiao;periodo
672823;2025.0;n;4.0;2025-04-10;GO;452;20;RIO VERDE;Manobra de mudança de faixa;Sem Vítimas;2;Céu Claro;Anoitecer;quinta-feira;Colisão lateral mesmo sentido;Dupla;0;0;-17,871175;-50,729745;Segura;Centro-Oeste;2 Trimestre
625252;2024.0;n;9.0;2024-09-02;MG;262;762,2;UBERABA;Fumaça;Com Vítimas Feridas;6;Céu Claro;Pleno dia;segunda-feira;Colisão frontal;Simples;0;0;-19.67048503;-47.62033999;Segura;Sudeste;3 Trimestre
661698;2025.0;n;2.0;2025-02-16;GO;50;200,1;CAMPO ALEGRE DE GOIAS;Reação tardia ou ineficiente do condutor;Com Vítimas Feridas;1;Céu Claro;Pleno dia;domingo;Tombamento;Dupla;0;0;-17,5796;-47,8193;Segura;Centro-Oeste;1 Trimestre
658268;2025.0;n;1.0;2025-01-30;PR;277;226,8;TEIXEIRA SOARES;Ausência de sinalização;Sem Vítimas;4;Céu Claro;Pleno dia;quinta-feira;Colisão traseira;Simples;0;0;-25,45787055;-50,43363476;Segura;Sul;1 Trimestre
577395;2024.0;n;1.0;2024-01-27;BA;116;621;JAGUAQUARA;Condutor deixou de manter distância do veículo da frente;Com Vítimas Feridas;2;Nevoeiro/Neblina;Pleno dia;sábado;Colisão traseira;Simples;0;0;-13.37441002;-40.01977289;Segura;Nordeste;1 Trimestre
594733;2024.0;n;4.0;2024-04-18;BA;116;852;VITORIA DA CONQUISTA;Ausência de reação do condutor;Com Vítimas Feridas;2;Nublado;Pleno dia;quinta-feira;Colisão frontal;Simples;0;2;-15.00472006;-40.93943486;Perigosa;Nordeste;2 Trimestre
596831;2024.0;n;4.0;2024-04-27;MA;10;251;IMPERATRIZ;Objeto estático sobre o leito carroçável;Com Vítimas Feridas;2;Céu Claro;Plena Noite;sábado;Colisão traseira;Simples;0;1;-5.543249;-47.464447;Perigosa;Nordeste;2 Trimestre
656860;2025.0;n;1.0;2025-01-23;PB;230;27,5;JOAO PESSOA;Manobra de mudança de faixa;Sem Vítimas;3;Sol;Pleno dia;quinta-feira;Colisão lateral mesmo sentido;Dupla;0;0;-7,1677;-34,8855;Segura;Nordeste;1 Trimestre
593990;2024.0;n;4.0;2024-04-14;PR;277;393,9;CANDOI;Reação tardia ou ineficiente do condutor;Com Vítimas Feridas;2;Nublado;Pleno dia;domingo;Colisão com objeto;Simples;0;0;-25.44348962;-51.85816904;Segura;Sul;2 Trimestre
585381;2024.0;n;3.0;2024-03-06;ES;262;171,5;IBATIBA;Reação tardia ou ineficiente do condutor;Com Vítimas Feridas;2;Nublado;Pleno dia;quarta-feira;Tombamento;Simples;0;0;-20.26434457;-41.59340179;Segura;Sudeste;1 Trimestre
658447;2025.0;n;1.0;2025-01-31;MG;40;515;RIBEIRAO DAS NEVES;Carga excessiva e/ou mal acondicionada;Com Vítimas Feridas;2;Chuva;Pleno dia;sexta-feira;Saída de leito carroçável;Dupla;0;0;-19,8090079;-44,09493479;Segura;Sudeste;1 Trimestre
622623;2024.0;n;8.0;2024-08-21;RS;285;480,2;CORONEL BARROS;Velocidade Incompatível;Com Vítimas Feridas;3;Nublado;Amanhecer;quarta-feira;Colisão traseira;Simples;0;0;-28.37208771;-54.10544515;Segura;Sul;3 Trimestre
666654;2025.0;n;3.0;2025-03-11;PA;316;57;CASTANHAL;Acumulo de água sobre o pavimento;Com Vítimas Feridas;1;Chuva;Pleno dia;terça-feira;Saída de leito carroçável;Dupla;0;2;-1,30107445;-47,98488826;Perigosa;Norte;1 Trimestre
627105;2024.0;n;9.0;2024-09-10;MG;381;708,5;LAVRAS;Reação tardia ou ineficiente do condutor;Com Vítimas Feridas;2;Sol;Pleno dia;terça-feira;Colisão traseira;Múltipla;0;0;-21.370524;-45.188652;Segura;Sudeste;3 Trimestre
653332;2025.0;n;1.0;2025-01-05;RO;364;345;JI-PARANA;Conversão proibida;Com Vítimas Feridas;2;Sol;Pleno dia;domingo;Colisão lateral mesmo sentido;Múltipla;0;0;-10,87376391;-61,95256893;Segura;Norte;1 Trimestre
605332;2024.0;n;6.0;2024-06-05;PR;277;32;MORRETES;Reação tardia ou ineficiente do condutor;Com Vítimas Feridas;2;Céu Claro;Pleno dia;quarta-feira;Tombamento;Dupla;0;0;-25.547373;-48.790559;Segura;Sul;2 Trimestre
606672;2024.0;n;6.0;2024-06-11;RS;290;276;CACHOEIRA DO SUL;Demais falhas mecânicas ou elétricas;Sem Vítimas;2;Céu Claro;Plena Noite;terça-feira;Colisão com objeto;Simples;0;0;-30.260109;-52.983849;Segura;Sul;2 Trimestre
599772;2024.0;n;5.0;2024-05-11;RO;364;710;PORTO VELHO;Acessar a via sem observar a presença dos outros veículos;Com Vítimas Feridas;3;Céu Claro;Pleno dia;sábado;Colisão transversal;Dupla;0;1;-8.78621576;-63.85712687;Perigosa;Norte;2 Trimestre
589768;2024.0;n;3.0;2024-03-26;AL;101;149,6;JEQUIA DA PRAIA;Problema com o freio;Com Vítimas Feridas;2;Nublado;Pleno dia;terça-feira;Tombamento;Dupla;0;0;-9.89402674;-36.14110191;Segura;Nordeste;1 Trimestre
663894;2025.0;n;2.0;2025-02-26;RR;174;226;RORAINOPOLIS;Demais falhas mecânicas ou elétricas;Sem Vítimas;3;Céu Claro;Pleno dia;quarta-feira;Incêndio;Simples;0;0;1,07093;-60,380776;Segura;Norte;1 Trimestre
630436;2024.0;n;9.0;2024-09-25;SC;101;136;BALNEARIO CAMBORIU;Ausência de reação do condutor;Com Vítimas Feridas;5;Céu Claro;Pleno dia;quarta-feira;Colisão traseira;Múltipla;0;1;-27.008113;-48.617245;Perigosa;Sul;3 Trimestre
573927;2024.0;n;1.0;2024-01-11;PR;376;305,9;MAUA DA SERRA;Velocidade Incompatível;Com Vítimas Feridas;3;Céu Claro;Amanhecer;quinta-feira;Derramamento de carga;Dupla;0;0;-23.93937915;-51.12126231;Segura;Sul;1 Trimestre
578623;2024.0;n;2.0;2024-02-02;RS;386;344;LAJEADO;Retorno proibido;Com Vítimas Feridas;2;Céu Claro;Plena Noite;sexta-feira;Colisão transversal;Simples;0;0;-29.44374043;-51.9821012;Segura;Sul;1 Trimestre
667124;2025.0;n;2.0;2025-02-22;MG;381;484;BETIM;Problema com o freio;Com Vítimas Feridas;3;Céu Claro;Pleno dia;sábado;Colisão traseira;Múltipla;0;0;-19,957867;-44,092264;Segura;Sudeste;1 Trimestre
652715;2025.0;n;1.0;2025-01-02;PI;343;13,6;PARNAIBA;Acessar a via sem observar a presença dos outros veículos;Com Vítimas Feridas;2;Sol;Pleno dia;quinta-feira;Colisão transversal;Simples;0;0;-2,919029;-41,754124;Segura;Nordeste;1 Trimestre
613955;2024.0;n;7.0;2024-07-12;SE;235;37,8;AREIA BRANCA;Demais falhas mecânicas ou elétricas;Com Vítimas Fatais;3;Nublado;Anoitecer;sexta-feira;Colisão frontal;Simples;1;2;-10.769654;-37.337318;Perigosa;Nordeste;3 Trimestre
583366;2024.0;n;2.0;2024-02-26;MG;116;780,2;LEOPOLDINA;Reação tardia ou ineficiente do condutor;Sem Vítimas;2;Céu Claro;Plena Noite;segunda-feira;Saída de leito carroçável;Simples;0;0;-21.61482397;-42.69263203;Segura;Sudeste;1 Trimestre
630048;2024.0;n;9.0;2024-09-23;SC;101;26,7;JOINVILLE;Avarias e/ou desgaste excessivo no pneu;Sem Vítimas;3;Céu Claro;Pleno dia;segunda-feira;Derramamento de carga;Múltipla;0;0;-26.19234802;-48.91210384;Segura;Sul;3 Trimestre
655455;2025.0;n;1.0;2025-01-16;RO;364;528,6;ARIQUEMES;Avarias e/ou desgaste excessivo no pneu;Com Vítimas Feridas;2;Garoa/Chuvisco;Pleno dia;quinta-feira;Colisão transversal;Simples;0;0;-9,80802594;-63,07965517;Segura;Norte;1 Trimestre
688475;2025.0;n;4.0;2025-04-30;PR;153;373;RIO AZUL;Ausência de reação do condutor;Com Vítimas Feridas;1;Céu Claro;Plena Noite;quarta-feira;Saída de leito carroçável;Simples;0;0;-25,75492609;-50,837382;Segura;Sul;2 Trimestre
604279;2024.0;n;5.0;2024-05-31;RS;116;254,3;ESTEIO;Frear bruscamente;Com Vítimas Feridas;2;Céu Claro;Pleno dia;sexta-feira;Colisão traseira;Dupla;0;0;-29.83125611;-51.17367879;Segura;Sul;2 Trimestre
657839;2025.0;n;1.0;2025-01-28;BA;116;348;SERRINHA;Ultrapassagem Indevida;Com Vítimas Feridas;3;Céu Claro;Pleno dia;terça-feira;Colisão lateral sentido oposto;Simples;0;0;-11,573424;-38,98784001;Segura;Nordeste;1 Trimestre
658771;2025.0;n;2.0;2025-02-02;RN;406;103;JOAO CAMARA;Reação tardia ou ineficiente do condutor;Sem Vítimas;1;Céu Claro;Amanhecer;domingo;Colisão com objeto;Simples;0;0;-5,53714888;-35,81373986;Segura;Nordeste;1 Trimestre
595813;2024.0;n;4.0;2024-04-23;MG;381;807;SAO GONCALO DO SAPUCAI;Condutor Dormindo;Com Vítimas Feridas;3;Sol;Pleno dia;terça-feira;Colisão traseira;Dupla;0;1;-22.02267318;-45.68000319;Perigosa;Sudeste;2 Trimestre
614604;2024.0;n;7.0;2024-07-15;RS;101;16,2;DOM PEDRO DE ALCANTARA;Mal súbito do condutor;Com Vítimas Feridas;2;Nublado;Pleno dia;segunda-feira;Colisão traseira;Dupla;0;0;-29.40963;-49.857376;Segura;Sul;3 Trimestre
660984;2025.0;n;2.0;2025-02-12;SC;101;100;BALNEARIO PICARRAS;Reação tardia ou ineficiente do condutor;Com Vítimas Feridas;3;Chuva;Plena Noite;quarta-feira;Colisão lateral mesmo sentido;Dupla;0;0;-26,75482787;-48,68993675;Segura;Sul;1 Trimestre
606733;2024.0;n;6.0;2024-06-11;MG;381;845,1;SAO SEBASTIAO DA BELA VISTA;Reação tardia ou ineficiente do condutor;Com Vítimas Fatais;3;Céu Claro;Pleno dia;terça-feira;Atropelamento de Pedestre;Dupla;1;0;-22.23698876;-45.87928703;Perigosa;Sudeste;2 Trimestre
596401;2024.0;n;4.0;2024-04-26;SP;381;69,7;MAIRIPORA;Condutor Dormindo;Com Vítimas Feridas;2;Nublado;Amanhecer;sexta-feira;Tombamento;Dupla;0;0;-23.34553108;-46.56787903;Segura;Sudeste;2 Trimestre
588007;2024.0;n;3.0;2024-03-18;MG;381;483,1;BETIM;Manobra de mudança de faixa;Com Vítimas Feridas;2;Céu Claro;Plena Noite;segunda-feira;Colisão traseira;Dupla;0;1;-19.95799085;-44.07993793;Perigosa;Sudeste;1 Trimestre
611773;2024.0;n;7.0;2024-07-03;PR;369;183;ARAPONGAS;Acesso irregular;Com Vítimas Feridas;2;Céu Claro;Pleno dia;quarta-feira;Colisão traseira;Simples;0;0;-23.3925119;-51.4231937;Segura;Sul;3 Trimestre
601875;2024.0;n;5.0;2024-05-20;PR;277;580,8;CASCAVEL;Condutor deixou de manter distância do veículo da frente;Com Vítimas Feridas;4;Céu Claro;Plena Noite;segunda-feira;Colisão traseira;Dupla;0;1;-24.98240147;-53.37613106;Perigosa;Sul;2 Trimestre
616579;2024.0;n;7.0;2024-07-24;SP;116;281;EMBU DAS ARTES;Velocidade Incompatível;Com Vítimas Feridas;3;Sol;Pleno dia;quarta-feira;Colisão traseira;Dupla;0;0;-23.67784787;-46.85769227;Segura;Sudeste;3 Trimestre
609242;2024.0;n;6.0;2024-06-22;MG;381;940,5;EXTREMA;Velocidade Incompatível;Com Vítimas Feridas;3;Céu Claro;Pleno dia;sábado;Tombamento;Dupla;0;0;-22.82575593;-46.31227255;Segura;Sudeste;2 Trimestre
582002;2024.0;n;2.0;2024-02-19;SC;282;21,7;SANTO AMARO DA IMPERATRIZ;Transitar na contramão;Com Vítimas Feridas;4;Céu Claro;Pleno dia;segunda-feira;Colisão lateral sentido oposto;Simples;0;2;-27.68907;-48.717541;Perigosa;Sul;1 Trimestre
591363;2024.0;n;4.0;2024-04-02;PE;232;49;VITORIA DE SANTO ANTAO;Demais falhas mecânicas ou elétricas;Com Vítimas Feridas;1;Sol;Pleno dia;terça-feira;Saída de leito carroçável;Dupla;0;0;-8.143676;-35.314419;Segura;Nordeste;2 Trimestre
588161;2024.0;n;2.0;2024-02-19;MG;116;120,6;ITAOBIM;Acessar a via sem observar a presença dos outros veículos;Com Vítimas Feridas;2;Céu Claro;Pleno dia;segunda-feira;Atropelamento de Animal;Simples;0;0;-16.60015602;-41.49868089;Segura;Sudeste;1 Trimestre
600201;2024.0;n;5.0;2024-05-13;RJ;101;406;ITAGUAI;Velocidade Incompatível;Com Vítimas Feridas;3;Céu Claro;Pleno dia;segunda-feira;Colisão traseira;Dupla;0;1;-22.87188798;-43.80896322;Perigosa;Sudeste;2 Trimestre
605003;2024.0;n;6.0;2024-06-03;CE;222;25;CAUCAIA;Manobra de mudança de faixa;Sem Vítimas;1;Céu Claro;Anoitecer;segunda-feira;Tombamento;Múltipla;0;0;-3.7266762;-38.77703408;Segura;Nordeste;2 Trimestre
616229;2024.0;n;7.0;2024-07-22;PE;428;90,9;SANTA MARIA DA BOA VISTA;Acessar a via sem observar a presença dos outros veículos;Com Vítimas Fatais;2;Céu Claro;Anoitecer;segunda-feira;Colisão transversal;Simples;1;1;-8.7926739;-39.88163746;Perigosa;Nordeste;3 Trimestre
616898;2024.0;n;7.0;2024-07-25;RJ;101;319,3;NITEROI;Ausência de reação do condutor;Sem Vítimas;3;Céu Claro;Plena Noite;quinta-feira;Engavetamento;Dupla;0;0;-22.85411774;-43.1018014;Segura;Sudeste;3 Trimestre
657409;2025.0;n;1.0;2025-01-25;MT;158;476;CANARANA;Ingestão de álcool pelo condutor;Com Vítimas Feridas;4;Céu Claro;Plena Noite;sábado;Saída de leito carroçável;Simples;0;0;-13,26498978;-51,97458743;Segura;Centro-Oeste;1 Trimestre
601291;2024.0;n;5.0;2024-05-18;RO;364;522;ARIQUEMES;Estacionar ou parar em local proibido;Sem Vítimas;7;Céu Claro;Pleno dia;sábado;Saída de leito carroçável;Simples;0;0;-9.86143201;-63.05831311;Segura;Norte;2 Trimestre
600222;2024.0;n;5.0;2024-05-13;PR;277;38,1;MORRETES;Velocidade Incompatível;Com Vítimas Feridas;4;Sol;Pleno dia;segunda-feira;Tombamento;Dupla;0;0;-25.57390607;-48.8555789;Segura;Sul;2 Trimestre
585956;2024.0;n;3.0;2024-03-08;SC;101;111;ITAJAI;Reação tardia ou ineficiente do condutor;Com Vítimas Feridas;3;Céu Claro;Pleno dia;sexta-feira;Colisão lateral mesmo sentido;Dupla;0;0;-26.83955734;-48.71418074;Segura;Sul;1 Trimestre
654049;2025.0;n;1.0;2025-01-09;GO;158;199;CAIAPONIA;Reação tardia ou ineficiente do condutor;Com Vítimas Feridas;3;Céu Claro;Pleno dia;quinta-feira;Tombamento;Múltipla;0;0;-17,30699095;-51,88400189;Segura;Centro-Oeste;1 Trimestre
624056;2024.0;n;8.0;2024-08-27;MT;364;467;VARZEA GRANDE;Pedestre andava na pista;Com Vítimas Fatais;3;Céu Claro;Plena Noite;terça-feira;Atropelamento de Pedestre;Simples;1;0;-15.41893044;-56.34721752;Perigosa;Centro-Oeste;3 Trimestre
666752;2025.0;n;3.0;2025-03-12;PI;402;74;LUIS CORREIA;Velocidade Incompatível;Com Vítimas Feridas;2;Nublado;Pleno dia;quarta-feira;Derramamento de carga;Simples;0;0;-3,10113539;-41,46094322;Segura;Nordeste;1 Trimestre
663603;2025.0;n;2.0;2025-02-25;MT;163;1089;GUARANTA DO NORTE;Reação tardia ou ineficiente do condutor;Sem Vítimas;2;Céu Claro;Pleno dia;terça-feira;Colisão com objeto;Simples;0;0;-9,759202;-54,895701;Segura;Centro-Oeste;1 Trimestre
582933;2024.0;n;2.0;2024-02-23;PR;376;668;GUARATUBA;Problema com o freio;Com Vítimas Feridas;3;Céu Claro;Plena Noite;sexta-feira;Tombamento;Dupla;0;1;-25.864159;-48.937538;Perigosa;Sul;1 Trimestre
655433;2025.0;n;1.0;2025-01-16;RO;435;35;VILHENA;Problema com o freio;Com Vítimas Feridas;2;Céu Claro;Pleno dia;quinta-feira;Saída de leito carroçável;Simples;0;0;-12,84736708;-60,37897271;Segura;Norte;1 Trimestre
583841;2024.0;n;2.0;2024-02-28;BA;242;414;SEABRA;Entrada inopinada do pedestre;Com Vítimas Feridas;3;Céu Claro;Pleno dia;quarta-feira;Atropelamento de Pedestre;Simples;0;1;-12.427427;-41.77020288;Perigosa;Nordeste;1 Trimestre
663551;2025.0;n;2.0;2025-02-25;SC;101;211,6;PALHOCA;Manobra de mudança de faixa;Com Vítimas Feridas;3;Céu Claro;Pleno dia;terça-feira;Colisão lateral mesmo sentido;Múltipla;0;0;-27,62771;-48,65666;Segura;Sul;1 Trimestre
606601;2024.0;n;6.0;2024-06-10;GO;60;209;GUAPO;Velocidade Incompatível;Com Vítimas Feridas;2;Céu Claro;Plena Noite;segunda-feira;Colisão traseira;Dupla;0;0;-16.9324;-49.6679;Segura;Centro-Oeste;2 Trimestre
673634;2025.0;n;3.0;2025-03-31;GO;60;90,8;ANAPOLIS;Condutor deixou de manter distância do veículo da frente;Sem Vítimas;3;Céu Claro;Amanhecer;segunda-feira;Colisão traseira;Simples;0;0;-16,34423186;-48,9038372;Segura;Centro-Oeste;1 Trimestre
597534;2024.0;n;4.0;2024-04-30;RO;364;149;PIMENTA BUENO;Demais falhas na via;Com Vítimas Feridas;7;Céu Claro;Plena Noite;terça-feira;Tombamento;Simples;0;0;-12.00444922;-60.92603319;Segura;Norte;2 Trimestre
616289;2024.0;n;7.0;2024-07-22;PR;163;132;CAPITAO LEONIDAS MARQUES;Ingestão de álcool pelo condutor;Com Vítimas Feridas;2;Céu Claro;Plena Noite;segunda-feira;Tombamento;Simples;0;1;-25.561159;-53.580816;Perigosa;Sul;3 Trimestre
597346;2024.0;n;4.0;2024-04-30;PB;230;54,7;CRUZ DO ESPIRITO SANTO;Reação tardia ou ineficiente do condutor;Com Vítimas Feridas;4;Céu Claro;Amanhecer;terça-feira;Colisão traseira;Dupla;0;1;-7.2007;-35.0854;Perigosa;Nordeste;2 Trimestre
626107;2024.0;n;8.0;2024-08-29;PA;163;104;ALTAMIRA;Ultrapassagem Indevida;Sem Vítimas;1;Céu Claro;Plena Noite;quinta-feira;Tombamento;Simples;0;0;-8.69507317;-55.00546688;Segura;Norte;3 Trimestre
656226;2025.0;n;1.0;2025-01-20;PE;232;266,1;SERTANIA;Frear bruscamente;Sem Vítimas;3;Nublado;Pleno dia;segunda-feira;Engavetamento;Simples;0;0;-8,40768218;-37,18289802;Segura;Nordeste;1 Trimestre
595019;2024.0;n;4.0;2024-04-19;SC;470;180,6;POUSO REDONDO;Acessar a via sem observar a presença dos outros veículos;Com Vítimas Feridas;2;Céu Claro;Pleno dia;sexta-feira;Colisão transversal;Simples;0;1;-27.249525;-49.987041;Perigosa;Sul;2 Trimestre
605217;2024.0;n;6.0;2024-06-04;PR;116;122;CURITIBA;Reação tardia ou ineficiente do condutor;Com Vítimas Feridas;5;Nublado;Plena Noite;terça-feira;Engavetamento;Dupla;0;0;-25.60209577;-49.3178308;Segura;Sul;2 Trimestre
630117;2024.0;n;9.0;2024-09-23;MG;40;733,2;SANTOS DUMONT;Pedestre andava na pista;Com Vítimas Fatais;3;Céu Claro;Plena Noite;segunda-feira;Atropelamento de Pedestre;Simples;1;0;-21.35659703;-43.5810239;Perigosa;Sudeste;3 Trimestre
615498;2024.0;n;7.0;2024-07-19;MG;262;412,3;PARA DE MINAS;Curva acentuada;Com Vítimas Feridas;1;Sol;Pleno dia;sexta-feira;Tombamento;Dupla;0;0;-19.89051204;-44.64959297;Segura;Sudeste;3 Trimestre
589573;2024.0;n;3.0;2024-03-25;SP;116;170;JACAREI;Condutor Dormindo;Com Vítimas Feridas;2;Céu Claro;Plena Noite;segunda-feira;Colisão traseira;Dupla;0;0;-23.30794749;-46.0548351;Segura;Sudeste;1 Trimestre
656373;2025.0;n;1.0;2025-01-20;MS;262;562,2;MIRANDA;Avarias e/ou desgaste excessivo no pneu;Sem Vítimas;3;Céu Claro;Plena Noite;segunda-feira;Colisão lateral sentido oposto;Simples;0;0;-20,21854602;-56,40954601;Segura;Centro-Oeste;1 Trimestre
584524;2024.0;n;3.0;2024-03-02;DF;80;7;BRASILIA;Acessar a via sem observar a presença dos outros veículos;Com Vítimas Feridas;2;Céu Claro;Pleno dia;sábado;Colisão transversal;Simples;0;0;-15.7312303;-48.1456089;Segura;Centro-Oeste;1 Trimestre
606010;2024.0;n;6.0;2024-06-08;BA;101;810,7;ITAMARAJU;Transitar na contramão;Com Vítimas Feridas;2;Céu Claro;Pleno dia;sábado;Colisão frontal;Simples;0;1;-17.19644104;-39.59171792;Perigosa;Nordeste;2 Trimestre
618908;2024.0;n;8.0;2024-08-03;MG;40;532,8;BELO HORIZONTE;Manobra de mudança de faixa;Com Vítimas Fatais;4;Céu Claro;Plena Noite;sábado;Colisão lateral mesmo sentido;Dupla;1;0;-19.92608028;-44.00880575;Perigosa;Sudeste;3 Trimestre
609714;2024.0;n;6.0;2024-06-24;PR;476;242;LAPA;Velocidade Incompatível;Com Vítimas Feridas;5;Chuva;Pleno dia;segunda-feira;Colisão frontal;Simples;0;0;-25.858768;-50.08609;Segura;Sul;2 Trimestre
615677;2024.0;n;7.0;2024-07-20;PB;104;143,7;QUEIMADAS;Reação tardia ou ineficiente do condutor;Com Vítimas Feridas;2;Chuva;Pleno dia;sábado;Colisão frontal;Simples;0;0;-7.40477903;-35.89667929;Segura;Nordeste;3 Trimestre
617535;2024.0;n;7.0;2024-07-28;PR;163;127,9;REALEZA;Transitar na contramão;Com Vítimas Fatais;5;Chuva;Plena Noite;domingo;Colisão frontal;Dupla;1;1;-25.59085097;-53.56069132;Perigosa;Sul;3 Trimestre
618731;2024.0;n;8.0;2024-08-03;MG;262;146,6;SAO DOMINGOS DO PRATA;Ausência de sinalização;Com Vítimas Feridas;7;Céu Claro;Pleno dia;sábado;Colisão lateral sentido oposto;Simples;0;1;-20.02822107;-42.74065423;Perigosa;Sudeste;3 Trimestre
607699;2024.0;n;6.0;2024-06-15;PR;277;665;MEDIANEIRA;Ausência de reação do condutor;Com Vítimas Feridas;2;Céu Claro;Pleno dia;sábado;Colisão traseira;Dupla;0;0;-25.25599605;-54.03772597;Segura;Sul;2 Trimestre
655644;2025.0;n;1.0;2025-01-17;RN;226;182,1;CURRAIS NOVOS;Reação tardia ou ineficiente do condutor;Com Vítimas Feridas;2;Céu Claro;Pleno dia;sexta-feira;Colisão com objeto;Simples;0;1;-6,27038595;-36,55566999;Perigosa;Nordeste;1 Trimestre
600607;2024.0;n;5.0;2024-05-15;BA;324;616;SALVADOR;Manobra de mudança de faixa;Com Vítimas Feridas;3;Céu Claro;Pleno dia;quarta-feira;Colisão traseira;Dupla;0;1;-12.87957905;-38.43213893;Perigosa;Nordeste;2 Trimestre
665464;2025.0;n;3.0;2025-03-06;PR;116;48;CAMPINA GRANDE DO SUL;Acessar a via sem observar a presença dos outros veículos;Com Vítimas Feridas;3;Céu Claro;Pleno dia;quinta-feira;Colisão transversal;Dupla;0;0;-25,215325;-48,902915;Segura;Sul;1 Trimestre
601065;2024.0;n;5.0;2024-05-17;PA;163;610;ITAITUBA;Velocidade Incompatível;Com Vítimas Feridas;5;Céu Claro;Pleno dia;sexta-feira;Tombamento;Simples;0;1;-4.770808;-56.100236;Perigosa;Norte;2 Trimestre
662545;2025.0;n;2.0;2025-02-20;SP;116;317;JUQUITIBA;Ausência de reação do condutor;Com Vítimas Feridas;3;Céu Claro;Pleno dia;quinta-feira;Colisão traseira;Dupla;0;1;-23,91799802;-46,98973192;Perigosa;Sudeste;1 Trimestre
613370;2024.0;n;7.0;2024-07-09;PR;277;22;MORRETES;Chuva;Com Vítimas Feridas;3;Chuva;Plena Noite;terça-feira;Saída de leito carroçável;Dupla;0;0;-25.54566194;-48.67953696;Segura;Sul;3 Trimestre
690043;2025.0;n;4.0;2025-04-28;MT;70;523;VARZEA GRANDE;Acesso irregular;Com Vítimas Feridas;6;Céu Claro;Pleno dia;segunda-feira;Colisão transversal;Simples;0;0;-15,655902;-56,190388;Segura;Centro-Oeste;2 Trimestre
668552;2025.0;n;3.0;2025-03-21;SC;101;39,2;JOINVILLE;Ingestão de álcool pelo condutor;Com Vítimas Feridas;4;Céu Claro;Plena Noite;sexta-feira;Colisão traseira;Múltipla;0;0;-26,27094331;-48,89499664;Segura;Sul;1 Trimestre
653112;2025.0;n;1.0;2025-01-04;RS;386;344;LAJEADO;Reação tardia ou ineficiente do condutor;Com Vítimas Feridas;1;Céu Claro;Pleno dia;sábado;Tombamento;Múltipla;0;1;-29,439268;-51,993633;Perigosa;Sul;1 Trimestre
619726;2024.0;n;8.0;2024-08-07;MT;70;517;VARZEA GRANDE;Condutor desrespeitou a iluminação vermelha do semáforo;Com Vítimas Feridas;3;Céu Claro;Pleno dia;quarta-feira;Colisão transversal;Simples;0;0;-15.701659;-56.15944147;Segura;Centro-Oeste;3 Trimestre
658139;2025.0;n;1.0;2025-01-29;MT;163;900,6;CLAUDIA;Ultrapassagem Indevida;Com Vítimas Fatais;3;Nublado;Anoitecer;quarta-feira;Colisão frontal;Simples;1;4;-11,310755;-55,32402;Perigosa;Centro-Oeste;1 Trimestre
618141;2024.0;n;7.0;2024-07-31;RS;290;218;PANTANO GRANDE;Carga excessiva e/ou mal acondicionada;Com Vítimas Feridas;2;Céu Claro;Plena Noite;quarta-feira;Tombamento;Simples;0;0;-30.195177;-52.396629;Segura;Sul;3 Trimestre
626880;2024.0;n;9.0;2024-09-02;MG;381;576;ITAGUARA;Velocidade Incompatível;Com Vítimas Feridas;3;Céu Claro;Amanhecer;segunda-feira;Saída de leito carroçável;Dupla;0;0;-20.48100267;-44.58883345;Segura;Sudeste;3 Trimestre
597447;2024.0;n;4.0;2024-04-19;MG;40;581,1;ITABIRITO;Pedestre andava na pista;Com Vítimas Fatais;2;Céu Claro;Plena Noite;sexta-feira;Atropelamento de Pedestre;Simples;1;0;-20.27540172;-43.94908905;Perigosa;Sudeste;2 Trimestre
629547;2024.0;n;9.0;2024-09-21;TO;226;50;DARCINOPOLIS;Ultrapassagem Indevida;Com Vítimas Feridas;6;Céu Claro;Pleno dia;sábado;Colisão lateral sentido oposto;Simples;0;1;-6.791375;-47.802624;Perigosa;Norte;3 Trimestre
659784;2025.0;n;2.0;2025-02-07;MS;158;17,3;CASSILANDIA;Condutor Dormindo;Com Vítimas Feridas;4;Céu Claro;Amanhecer;sexta-feira;Colisão traseira;Simples;0;0;-19,17379974;-51,61275888;Segura;Centro-Oeste;1 Trimestre
581940;2024.0;n;2.0;2024-02-18;MG;116;78,2;MEDINA;Transitar na contramão;Com Vítimas Feridas;2;Nublado;Anoitecer;domingo;Colisão frontal;Simples;0;1;-16.26733792;-41.47802805;Perigosa;Sudeste;1 Trimestre
660427;2025.0;n;2.0;2025-02-09;PA;163;514;ITAITUBA;Velocidade Incompatível;Com Vítimas Feridas;6;Chuva;Pleno dia;domingo;Colisão frontal;Simples;0;0;-5,40383926;-55,88351977;Segura;Norte;1 Trimestre
617769;2024.0;n;7.0;2024-07-29;PR;476;332,3;PAULA FREITAS;Carga excessiva e/ou mal acondicionada;Com Vítimas Feridas;4;Chuva;Pleno dia;segunda-feira;Colisão lateral sentido oposto;Simples;0;1;-26.119663;-50.829964;Perigosa;Sul;3 Trimestre
610158;2024.0;n;6.0;2024-06-26;PR;487;153,7;ARARUNA;Reação tardia ou ineficiente do condutor;Com Vítimas Feridas;1;Nublado;Pleno dia;quarta-feira;Saída de leito carroçável;Simples;0;1;-23.95327125;-52.62003039;Perigosa;Sul;2 Trimestre