id;ano;feriado;mes;data_inversa;uf;br;km;municipio;causa_acidente;classificacao_acidente;veiculos;condicao_metereologica;fase_dia;dia_semana;tipo_acidente;tipo_pista;mortos;feridos_graves;latitude;longitude;status;regiao;periodo
671234;2025.0;n;4.0;2025-04-02;RJ;116;82,2;TERESOPOLIS;Pedestre - Ingestão de álcool/ substâncias psicoativas;Com Vítimas Feridas;3;Céu Claro;Plena Noite;quarta-feira;Atropelamento de Pedestre;Simples;0;0;-22,402796;-42,952903;Segura;Sudeste;2 Trimestre
624029;2024.0;n;8.0;2024-08-27;CE;116;9;FORTALEZA;Ultrapassagem Indevida;Com Vítimas Feridas;3;Céu Claro;Plena Noite;terça-feira;Colisão lateral mesmo sentido;Dupla;0;1;-3.82779096;-38.50486117;Perigosa;Nordeste;3 Trimestre
596097;2024.0;n;4.0;2024-04-24;MG;262;452,4;NOVA SERRANA;Ausência de reação do condutor;Com Vítimas Feridas;1;Sol;Pleno dia;quarta-feira;Saída de leito carroçável;Simples;0;0;-19.85998384;-45.00696635;Segura;Sudeste;2 Trimestre
581443;2024.0;n;2.0;2024-02-16;MG;40;795;JUIZ DE FORA;Reação tardia ou ineficiente do condutor;Sem Vítimas;2;Céu Claro;Anoitecer;sexta-feira;Colisão traseira;Dupla;0;0;-21.80351702;-43.39998309;Segura;Sudeste;1 Trimestre
596309;2024.0;n;4.0;2024-04-25;PR;277;284;PRUDENTOPOLIS;Reação tardia ou ineficiente do condutor;Com Vítimas Feridas;3;Céu Claro;Pleno dia;quinta-feira;Colisão lateral mesmo sentido;Simples;0;0;-25.34688486;-50.9324159;Segura;Sul;2 Trimestre
678338;2025.0;n;4.0;2025-04-16;SC;101;149,9;ITAPEMA;Ausência de reação do condutor;Com Vítimas Fatais;2;Céu Claro;Pleno dia;quarta-feira;Colisão traseira;Dupla;1;0;-27,1151;-48,60947;Perigosa;Sul;2 Trimestre
599578;2024.0;n;5.0;2024-05-10;PE;101;72,5;RECIFE;Ultrapassagem Indevida;Com Vítimas Feridas;3;Céu Claro;Plena Noite;sexta-feira;Colisão lateral mesmo sentido;Dupla;0;0;-8.08493106;-34.9450639;Segura;Nordeste;2 Trimestre
673986;2025.0;n;4.0;2025-04-16;MT;364;202;RONDONOPOLIS;Reação tardia ou ineficiente do condutor;Com Vítimas Feridas;9;Chuva;Amanhecer;quarta-feira;Colisão traseira;Dupla;0;1;-16,47741173;-54,65252459;Perigosa;Centro-Oeste;2 Trimestre
624034;2024.0;n;8.0;2024-08-27;PR;277;408,3;CANDOI;Reação tardia ou ineficiente do condutor;Com Vítimas Fatais;3;Céu Claro;Plena Noite;terça-feira;Colisão frontal;Simples;1;0;-25.42365;-52.03121;Perigosa;Sul;3 Trimestre
615315;2024.0;n;7.0;2024-07-18;RS;392;9;RIO GRANDE;Manobra de mudança de faixa;Com Vítimas Feridas;3;Nevoeiro/Neblina;Plena Noite;quinta-feira;Colisão traseira;Dupla;0;0;-32.11706599;-52.12283134;Segura;Sul;3 Trimestre
596308;2024.0;n;4.0;2024-04-25;MT;163;656,9;LUCAS DO RIO VERDE;Ausência de reação do condutor;Com Vítimas Feridas;4;Céu Claro;Pleno dia;quinta-feira;Colisão traseira;Simples;0;1;-13.3287;-56.0503;Perigosa;Centro-Oeste;2 Trimestre
661117;2025.0;n;2.0;2025-02-13;BA;116;783,2;PLANALTO;Reação tardia ou ineficiente do condutor;Com Vítimas Feridas;3;Céu Claro;Pleno dia;quinta-feira;Colisão traseira;Simples;0;0;-14,68210606;-40,52925847;Segura;Nordeste;1 Trimestre
672280;2025.0;n;4.0;2025-04-07;MT;70;513;VARZEA GRANDE;Ausência de reação do condutor;Com Vítimas Feridas;6;Céu Claro;Plena Noite;segunda-feira;Colisão traseira;Simples;0;0;-15,70522582;-56,12220521;Segura;Centro-Oeste;2 Trimestre
686422;2025.0;y;4.0;2025-04-21;RO;364;424;JARU;Ausência de reação do condutor;Com Vítimas Feridas;5;Nublado;Pleno dia;segunda-feira;Colisão lateral mesmo sentido;Simples;0;0;-10,44806802;-62,46343005;Segura;Norte;2 Trimestre
668640;2025.0;n;3.0;2025-03-21;SC;470;130,6;LONTRAS;Ultrapassagem Indevida;Com Vítimas Feridas;3;Céu Claro;Pleno dia;sexta-feira;Colisão frontal;Simples;0;0;-27,1672763;-49,5596417;Segura;Sul;1 Trimestre
579900;2024.0;n;2.0;2024-02-08;MG;40;234;SAO GONCALO DO ABAETE;Reação tardia ou ineficiente do condutor;Com Vítimas Feridas;2;Nublado;Plena Noite;quinta-feira;Saída de leito carroçável;Simples;0;0;-18.02167408;-45.54020403;Segura;Sudeste;1 Trimestre
603440;2024.0;n;5.0;2024-05-27;RS;116;92,8;CAMPESTRE DA SERRA;Transitar na contramão;Com Vítimas Feridas;3;Nublado;Pleno dia;segunda-feira;Colisão lateral sentido oposto;Simples;0;1;-28.87036611;-51.1251221;Perigosa;Sul;2 Trimestre
662539;2025.0;n;2.0;2025-02-20;MS;60;610,4;JARDIM;Ausência de reação do condutor;Com Vítimas Feridas;2;Céu Claro;Pleno dia;quinta-feira;Colisão transversal;Simples;0;0;-21,615733;-56,208827;Segura;Centro-Oeste;1 Trimestre
659762;2025.0;n;2.0;2025-02-07;MG;381;740,7;TRES CORACOES;Ausência de reação do condutor;Com Vítimas Feridas;2;Céu Claro;Pleno dia;sexta-feira;Saída de leito carroçável;Dupla;0;1;-21,6193566;-45,24913194;Perigosa;Sudeste;1 Trimestre
653146;2025.0;n;1.0;2025-01-04;MG;381;283;JAGUARACU;Ultrapassagem Indevida;Com Vítimas Feridas;2;Céu Claro;Pleno dia;sábado;Colisão frontal;Simples;0;0;-19,61757501;-42,78412299;Segura;Sudeste;1 Trimestre
603329;2024.0;n;5.0;2024-05-27;CE;116;17;FORTALEZA;Trafegar com motocicleta (ou similar) entre as faixas;Sem Vítimas;4;Céu Claro;Pleno dia;segunda-feira;Colisão transversal;Dupla;0;0;-3.89617918;-38.50336042;Segura;Nordeste;2 Trimestre
588895;2024.0;n;3.0;2024-03-21;GO;50;126;IPAMERI;Reação tardia ou ineficiente do condutor;Com Vítimas Feridas;2;Céu Claro;Plena Noite;quinta-feira;Colisão com objeto;Dupla;0;0;-16.9736;-47.7434;Segura;Centro-Oeste;1 Trimestre
589177;2024.0;n;3.0;2024-03-23;RO;364;305;PRESIDENTE MEDICI;Ausência de sinalização;Com Vítimas Feridas;3;Céu Claro;Plena Noite;sábado;Colisão com objeto;Simples;0;0;-11.199493;-61.90149998;Segura;Norte;1 Trimestre
617664;2024.0;n;7.0;2024-07-29;PA;163;505;ITAITUBA;Reação tardia ou ineficiente do condutor;Com Vítimas Feridas;8;Céu Claro;Plena Noite;segunda-feira;Tombamento;Simples;0;0;-5.47055982;-55.86148739;Segura;Norte;3 Trimestre
652969;2025.0;n;1.0;2025-01-03;BA;116;417,3;FEIRA DE SANTANA;Pedestre cruzava a pista fora da faixa;Com Vítimas Fatais;2;Sol;Pleno dia;sexta-feira;Atropelamento de Pedestre;Múltipla;1;0;-12,18465954;-38,96511555;Perigosa;Nordeste;1 Trimestre
581312;2024.0;n;2.0;2024-02-15;MT;70;94;GENERAL CARNEIRO;Velocidade Incompatível;Sem Vítimas;4;Céu Claro;Pleno dia;quinta-feira;Saída de leito carroçável;Simples;0;0;-15.57393657;-52.89453804;Segura;Centro-Oeste;1 Trimestre
588664;2024.0;n;3.0;2024-03-08;RS;285;322,7;PASSO FUNDO;Velocidade Incompatível;Com Vítimas Feridas;3;Nublado;Plena Noite;sexta-feira;Colisão frontal;Simples;0;0;-28.27414884;-52.64579773;Segura;Sul;1 Trimestre
669899;2025.0;n;3.0;2025-03-27;RS;392;709,8;PORTO XAVIER;Chuva;Com Vítimas Feridas;2;Chuva;Pleno dia;quinta-feira;Colisão frontal;Simples;0;0;-27,99330248;-55,13140082;Segura;Sul;1 Trimestre
665372;2025.0;n;3.0;2025-03-05;PR;153;146,3;VENTANIA;Velocidade Incompatível;Com Vítimas Fatais;4;Céu Claro;Pleno dia;quarta-feira;Colisão traseira;Simples;1;0;-24,12783243;-50,23639619;Perigosa;Sul;1 Trimestre
597502;2024.0;n;4.0;2024-04-30;AC;364;124;RIO BRANCO;Condutor deixou de manter distância do veículo da frente;Sem Vítimas;5;Céu Claro;Anoitecer;terça-feira;Engavetamento;Dupla;0;0;-10.01152469;-67.79140099;Segura;Norte;2 Trimestre
589522;2024.0;n;3.0;2024-03-24;BA;324;516;FEIRA DE SANTANA;Acessar a via sem observar a presença dos outros veículos;Com Vítimas Feridas;3;Céu Claro;Plena Noite;domingo;Colisão transversal;Simples;0;0;-12.2417119;-38.93768485;Segura;Nordeste;1 Trimestre
655235;2025.0;n;1.0;2025-01-15;BA;101;709,7;EUNAPOLIS;Acessar a via sem observar a presença dos outros veículos;Com Vítimas Feridas;2;Chuva;Pleno dia;quarta-feira;Saída de leito carroçável;Simples;0;0;-16,318828;-39,597342;Segura;Nordeste;1 Trimestre
576233;2024.0;n;1.0;2024-01-21;RJ;101;326;NITEROI;Ausência de reação do condutor;Com Vítimas Feridas;2;Nublado;Pleno dia;domingo;Colisão traseira;Múltipla;0;1;-22.87206203;-43.146105;Perigosa;Sudeste;1 Trimestre
593980;2024.0;y;3.0;2024-03-29;PR;277;412;CANDOI;Velocidade Incompatível;Com Vítimas Fatais;2;Sol;Pleno dia;sexta-feira;Tombamento;Simples;1;0;-25.4170549;-52.0600681;Perigosa;Sul;1 Trimestre
659578;2025.0;n;2.0;2025-02-06;BA;20;142;SAO DESIDERIO;Reação tardia ou ineficiente do condutor;Com Vítimas Feridas;3;Sol;Pleno dia;quinta-feira;Tombamento;Dupla;0;0;-12,70841;-45,93412;Segura;Nordeste;1 Trimestre
582864;2024.0;n;2.0;2024-02-23;PB;116;11;CACHOEIRA DOS INDIOS;Acumulo de água sobre o pavimento;Com Vítimas Feridas;4;Chuva;Pleno dia;sexta-feira;Colisão lateral sentido oposto;Simples;0;1;-6.985178;-38.744354;Perigosa;Nordeste;1 Trimestre
608487;2024.0;n;6.0;2024-06-19;PB;104;106;SAO SEBASTIAO DE LAGOA DE  ROCA;Ausência de reação do condutor;Com Vítimas Fatais;2;Chuva;Plena Noite;quarta-feira;Saída de leito carroçável;Simples;1;0;-7.09569811;-35.86106094;Perigosa;Nordeste;2 Trimestre
595698;2024.0;n;4.0;2024-04-22;RS;386;426;MONTENEGRO;Condutor Dormindo;Com Vítimas Feridas;2;Nublado;Pleno dia;segunda-feira;Saída de leito carroçável;Dupla;0;0;-29.819479;-51.36208;Segura;Sul;2 Trimestre
592039;2024.0;n;4.0;2024-04-05;MG;153;158;COMENDADOR GOMES;Demais falhas mecânicas ou elétricas;Sem Vítimas;2;Céu Claro;Plena Noite;sexta-feira;Incêndio;Simples;0;0;-19.64088879;-48.96764236;Segura;Sudeste;2 Trimestre
605706;2024.0;n;6.0;2024-06-04;BA;101;399,2;IBIRAPITANGA;Condutor Dormindo;Com Vítimas Feridas;1;Céu Claro;Plena Noite;terça-feira;Saída de leito carroçável;Simples;0;0;-14.08645601;-39.37944903;Segura;Nordeste;2 Trimestre
572801;2024.0;n;1.0;2024-01-05;PR;376;307,7;MAUA DA SERRA;Velocidade Incompatível;Com Vítimas Feridas;2;Céu Claro;Pleno dia;sexta-feira;Tombamento;Dupla;0;0;-23.95032206;-51.1190629;Segura;Sul;1 Trimestre
601242;2024.0;n;5.0;2024-05-18;SP;116;144,9;SAO JOSE DOS CAMPOS;Ausência de reação do condutor;Com Vítimas Feridas;2;Céu Claro;Amanhecer;sábado;Colisão traseira;Múltipla;0;1;-23.1869844;-45.8548078;Perigosa;Sudeste;2 Trimestre
661976;2025.0;n;2.0;2025-02-17;GO;50;314,1;CUMARI;Velocidade Incompatível;Com Vítimas Feridas;2;Sol;Pleno dia;segunda-feira;Tombamento;Dupla;0;0;-18,4244;-48,0676;Segura;Centro-Oeste;1 Trimestre
623414;2024.0;n;8.0;2024-08-24;PR;369;22,2;CAMBARA;Objeto estático sobre o leito carroçável;Com Vítimas Feridas;4;Nublado;Plena Noite;sábado;Colisão traseira;Simples;0;0;-23.04135133;-50.09885788;Segura;Sul;3 Trimestre
668810;2025.0;n;3.0;2025-03-22;MG;251;477,7;MONTES CLAROS;Ultrapassagem Indevida;Com Vítimas Feridas;3;Nublado;Pleno dia;sábado;Colisão transversal;Simples;0;0;-16,6536847;-43,7179142;Segura;Sudeste;1 Trimestre
617903;2024.0;n;7.0;2024-07-30;RS;116;257,5;ESTEIO;Desvio temporário;Com Vítimas Feridas;3;Nublado;Pleno dia;terça-feira;Colisão lateral mesmo sentido;Múltipla;0;0;-29.85262195;-51.17968329;Segura;Sul;3 Trimestre
609563;2024.0;n;6.0;2024-06-23;MG;365;686;MONTE ALEGRE DE MINAS;Trafegar com motocicleta (ou similar) entre as faixas;Com Vítimas Feridas;4;Céu Claro;Plena Noite;domingo;Queda de ocupante de veículo;Dupla;0;0;-18.86836137;-48.86885826;Segura;Sudeste;2 Trimestre
619100;2024.0;n;8.0;2024-08-04;MG;381;502;BETIM;Ingestão de álcool pelo condutor;Com Vítimas Feridas;2;Céu Claro;Plena Noite;domingo;Saída de leito carroçável;Dupla;0;0;-20.03619694;-44.24586303;Segura;Sudeste;3 Trimestre
588286;2024.0;n;3.0;2024-03-19;TO;153;533,3;NOVA ROSALANDIA;Objeto estático sobre o leito carroçável;Com Vítimas Feridas;2;Chuva;Plena Noite;terça-feira;Saída de leito carroçável;Simples;0;0;-10.50069;-48.90663;Segura;Norte;1 Trimestre
581893;2024.0;n;2.0;2024-02-18;ES;101;335,6;GUARAPARI;Reação tardia ou ineficiente do condutor;Sem Vítimas;1;Nublado;Pleno dia;domingo;Saída de leito carroçável;Dupla;0;0;-20.62718356;-40.52742029;Segura;Sudeste;1 Trimestre
686450;2025.0;y;4.0;2025-04-21;BA;324;546;SAO SEBASTIAO DO PASSE;Avarias e/ou desgaste excessivo no pneu;Com Vítimas Feridas;3;Céu Claro;Pleno dia;segunda-feira;Engavetamento;Múltipla;0;0;-12,50660639;-38,63584757;Segura;Nordeste;2 Trimestre
572673;2024.0;n;1.0;2024-01-04;CE;222;21;CAUCAIA;Velocidade Incompatível;Sem Vítimas;1;Céu Claro;Plena Noite;quinta-feira;Saída de leito carroçável;Simples;0;0;-3.73715313;-38.74293507;Segura;Nordeste;1 Trimestre
664548;2025.0;n;3.0;2025-03-01;MG;262;604,2;CAMPOS ALTOS;Condutor deixou de manter distância do veículo da frente;Sem Vítimas;6;Céu Claro;Pleno dia;sábado;Colisão traseira;Simples;0;0;-19,628265;-46,265366;Segura;Sudeste;1 Trimestre
628484;2024.0;n;9.0;2024-09-16;PR;373;176;PONTA GROSSA;Ausência de reação do condutor;Com Vítimas Feridas;2;Garoa/Chuvisco;Pleno dia;segunda-feira;Colisão traseira;Dupla;0;0;-25.06082803;-50.21845202;Segura;Sul;3 Trimestre
686860;2025.0;n;4.0;2025-04-23;PA;163;1;NOVO PROGRESSO;Reação tardia ou ineficiente do condutor;Com Vítimas Feridas;3;Céu Claro;Pleno dia;quarta-feira;Saída de leito carroçável;Simples;0;0;-9,51069324;-54,85937119;Segura;Norte;2 Trimestre
585682;2024.0;n;3.0;2024-03-07;SP;116;84,3;PINDAMONHANGABA;Ausência de reação do condutor;Com Vítimas Feridas;1;Chuva;Pleno dia;quinta-feira;Saída de leito carroçável;Dupla;0;0;-22.91777173;-45.33596814;Segura;Sudeste;1 Trimestre
610208;2024.0;n;6.0;2024-06-26;BA;242;620;MUQUEM DE SAO FRANCISCO;Ingestão de álcool pelo condutor;Sem Vítimas;4;Céu Claro;Pleno dia;quarta-feira;Tombamento;Simples;0;0;-12.222;-43.488;Segura;Nordeste;2 Trimestre
622331;2024.0;n;7.0;2024-07-31;MS;158;128;APARECIDA DO TABOADO;Carga excessiva e/ou mal acondicionada;Sem Vítimas;3;Céu Claro;Pleno dia;quarta-feira;Incêndio;Simples;0;0;-19.93302;-51.11929;Segura;Centro-Oeste;3 Trimestre
595749;2024.0;n;4.0;2024-04-22;SC;101;116,5;ITAJAI;Trafegar com motocicleta (ou similar) entre as faixas;Com Vítimas Feridas;4;Nublado;Plena Noite;segunda-feira;Colisão lateral mesmo sentido;Múltipla;0;0;-26.87905605;-48.72603512;Segura;Sul;2 Trimestre
652531;2025.0;y;1.0;2025-01-01;SC;101;368;ICARA;Condutor Dormindo;Com Vítimas Feridas;1;Céu Claro;Pleno dia;quarta-feira;Saída de leito carroçável;Dupla;0;2;-28,6957326;-49,17347228;Perigosa;Sul;1 Trimestre
574362;2024.0;n;1.0;2024-01-13;PR;277;385;CANDOI;Ausência de reação do condutor;Com Vítimas Feridas;3;Céu Claro;Amanhecer;sábado;Tombamento;Simples;0;0;-25.42033161;-51.78427423;Segura;Sul;1 Trimestre
628490;2024.0;n;9.0;2024-09-16;SP;116;214;GUARULHOS;Reação tardia ou ineficiente do condutor;Com Vítimas Feridas;2;Céu Claro;Pleno dia;segunda-feira;Colisão traseira;Múltipla;0;0;-23.44333014;-46.44531294;Segura;Sudeste;3 Trimestre
617219;2024.0;n;7.0;2024-07-27;PR;277;611,9;SANTA TEREZA DO OESTE;Ultrapassagem Indevida;Com Vítimas Feridas;4;Nublado;Pleno dia;sábado;Colisão lateral mesmo sentido;Simples;0;0;-25.05215123;-53.63184497;Segura;Sul;3 Trimestre
605236;2024.0;n;6.0;2024-06-04;PA;316;134;PEIXE-BOI;Deficiência do Sistema de Iluminação/Sinalização;Sem Vítimas;2;Céu Claro;Plena Noite;terça-feira;Colisão lateral mesmo sentido;Simples;0;0;-1.2810931;-47.31624298;Segura;Norte;2 Trimestre
656707;2025.0;n;1.0;2025-01-22;PR;116;42,1;CAMPINA GRANDE DO SUL;Curva acentuada;Com Vítimas Feridas;1;Chuva;Pleno dia;quarta-feira;Colisão com objeto;Dupla;0;0;-25,17611697;-48,874256;Segura;Sul;1 Trimestre
582734;2024.0;n;2.0;2024-02-09;MA;316;546;CAXIAS;Condutor Dormindo;Com Vítimas Feridas;4;Chuva;Plena Noite;sexta-feira;Colisão frontal;Simples;0;1;-4.875501;-43.395222;Perigosa;Nordeste;1 Trimestre
606256;2024.0;n;6.0;2024-06-09;MG;381;835;SAO SEBASTIAO DA BELA VISTA;Manobra de mudança de faixa;Com Vítimas Feridas;3;Céu Claro;Pleno dia;domingo;Colisão lateral mesmo sentido;Dupla;0;0;-22.17094703;-45.83750295;Segura;Sudeste;2 Trimestre
596379;2024.0;n;4.0;2024-04-26;GO;50;303,1;CUMARI;Condutor Dormindo;Com Vítimas Feridas;2;Céu Claro;Pleno dia;sexta-feira;Saída de leito carroçável;Dupla;0;0;-18.3521;-48.0368;Segura;Centro-Oeste;2 Trimestre
606513;2024.0;n;6.0;2024-06-10;SP;116;124,5;CACAPAVA;Reação tardia ou ineficiente do condutor;Com Vítimas Feridas;2;Sol;Pleno dia;segunda-feira;Colisão traseira;Dupla;0;0;-23.093116;-45.677904;Segura;Sudeste;2 Trimestre
663820;2025.0;n;2.0;2025-02-26;SC;101;101,6;BALNEARIO PICARRAS;Reação tardia ou ineficiente do condutor;Com Vítimas Fatais;2;Sol;Pleno dia;quarta-feira;Colisão traseira;Múltipla;1;0;-26,7713916;-48,6860562;Perigosa;Sul;1 Trimestre
619660;2024.0;n;8.0;2024-08-07;RS;116;226;IVOTI;Transitar na contramão;Com Vítimas Feridas;2;Céu Claro;Pleno dia;quarta-feira;Colisão frontal;Simples;0;0;-29.60109223;-51.11806581;Segura;Sul;3 Trimestre
596753;2024.0;n;4.0;2024-04-27;SC;282;222;LAGES;Transitar na contramão;Com Vítimas Feridas;5;Céu Claro;Pleno dia;sábado;Colisão lateral sentido oposto;Simples;0;0;-27.797739;-50.353409;Segura;Sul;2 Trimestre
583972;2024.0;n;2.0;2024-02-29;PR;476;304;SAO MATEUS DO SUL;Condutor Dormindo;Com Vítimas Fatais;3;Nublado;Amanhecer;quinta-feira;Colisão lateral sentido oposto;Simples;1;0;-26.003866;-50.597298;Perigosa;Sul;1 Trimestre
654883;2025.0;n;1.0;2025-01-13;MG;381;484,5;BETIM;Acessar a via sem observar a presença dos outros veículos;Sem Vítimas;3;Céu Claro;Pleno dia;segunda-feira;Colisão lateral mesmo sentido;Simples;0;0;-19,95531717;-44,11722196;Segura;Sudeste;1 Trimestre
618846;2024.0;n;7.0;2024-07-08;BA;116;427,9;FEIRA DE SANTANA;Ausência de sinalização;Com Vítimas Feridas;2;Céu Claro;Plena Noite;segunda-feira;Colisão traseira;Dupla;0;1;-12.28337144;-38.99844647;Perigosa;Nordeste;3 Trimestre
662819;2025.0;n;2.0;2025-02-21;SP;153;63;SAO JOSE DO RIO PRETO;Ingestão de álcool pelo condutor;Com Vítimas Feridas;3;Céu Claro;Plena Noite;sexta-feira;Colisão traseira;Dupla;0;0;-20,840448;-49,3912064;Segura;Sudeste;1 Trimestre
655635;2025.0;n;1.0;2025-01-17;PR;373;172;PONTA GROSSA;Ausência de reação do condutor;Com Vítimas Feridas;3;Céu Claro;Pleno dia;sexta-feira;Colisão traseira;Dupla;0;1;-25,08139932;-50,19200981;Perigosa;Sul;1 Trimestre
588525;2024.0;n;3.0;2024-03-20;MG;365;413;PATOS DE MINAS;Velocidade Incompatível;Com Vítimas Feridas;2;Chuva;Pleno dia;quarta-feira;Saída de leito carroçável;Simples;0;0;-18.6741811;-46.54412894;Segura;Sudeste;1 Trimestre
624095;2024.0;n;8.0;2024-08-28;PE;101;80;JABOATAO DOS GUARARAPES;Trafegar com motocicleta (ou similar) entre as faixas;Com Vítimas Feridas;3;Céu Claro;Pleno dia;quarta-feira;Colisão transversal;Dupla;0;2;-8.15112589;-34.9428866;Perigosa;Nordeste;3 Trimestre
595087;2024.0;n;4.0;2024-04-19;MG;381;249,1;SANTANA DO PARAISO;Ultrapassagem Indevida;Com Vítimas Feridas;4;Céu Claro;Pleno dia;sexta-feira;Colisão frontal;Simples;0;1;-19.44412107;-42.51326501;Perigosa;Sudeste;2 Trimestre
653552;2025.0;n;1.0;2025-01-06;BA;101;675;EUNAPOLIS;Ausência de reação do condutor;Com Vítimas Feridas;3;Nublado;Pleno dia;segunda-feira;Engavetamento;Simples;0;0;-16,22940098;-39,5977231;Segura;Nordeste;1 Trimestre
667922;2025.0;n;3.0;2025-03-17;RS;290;151;ARROIO DOS RATOS;Acessar a via sem observar a presença dos outros veículos;Com Vítimas Feridas;3;Céu Claro;Plena Noite;segunda-feira;Colisão transversal;Simples;0;1;-30,104751;-51,727152;Perigosa;Sul;1 Trimestre
598334;2024.0;n;5.0;2024-05-04;PR;476;211,5;LAPA;Transitar na contramão;Com Vítimas Fatais;2;Nublado;Plena Noite;sábado;Colisão frontal;Simples;1;0;-25.7841;-49.857063;Perigosa;Sul;2 Trimestre
592468;2024.0;n;4.0;2024-04-07;AC;364;118;RIO BRANCO;Transitar na contramão;Com Vítimas Feridas;5;Céu Claro;Pleno dia;domingo;Colisão lateral sentido oposto;Dupla;0;1;-10.01262298;-67.737275;Perigosa;Norte;2 Trimestre
628980;2024.0;n;9.0;2024-09-18;PR;277;408,2;CANDOI;Velocidade Incompatível;Com Vítimas Feridas;2;Céu Claro;Pleno dia;quarta-feira;Tombamento;Simples;0;0;-25.42332;-52.03157;Segura;Sul;3 Trimestre
575314;2024.0;n;1.0;2024-01-17;PR;163;134;CAPITAO LEONIDAS MARQUES;Ausência de reação do condutor;Com Vítimas Feridas;3;Nublado;Pleno dia;quarta-feira;Colisão traseira;Dupla;0;1;-25.546616;-53.59186798;Perigosa;Sul;1 Trimestre
582578;2024.0;n;2.0;2024-02-22;ES;262;45,7;DOMINGOS MARTINS;Acessar a via sem observar a presença dos outros veículos;Com Vítimas Feridas;3;Chuva;Pleno dia;quinta-feira;Atropelamento de Pedestre;Simples;0;1;-20.39769215;-40.67180229;Perigosa;Sudeste;1 Trimestre
664978;2025.0;n;3.0;2025-03-03;GO;153;168;CAMPINORTE;Transitar na contramão;Com Vítimas Feridas;2;Céu Claro;Pleno dia;segunda-feira;Colisão frontal;Simples;0;0;-14,2422636;-49,13709641;Segura;Centro-Oeste;1 Trimestre
575324;2024.0;n;1.0;2024-01-17;PE;423;170;AGUAS BELAS;Transitar na contramão;Com Vítimas Feridas;4;Céu Claro;Pleno dia;quarta-feira;Colisão lateral sentido oposto;Simples;0;1;-9.12796232;-37.05114797;Perigosa;Nordeste;1 Trimestre
658165;2025.0;n;1.0;2025-01-30;GO;153;75;PORANGATU;Ausência de reação do condutor;Com Vítimas Feridas;5;Garoa/Chuvisco;Pleno dia;quinta-feira;Colisão traseira;Simples;0;0;-13,491837;-49,134628;Segura;Centro-Oeste;1 Trimestre
599177;2024.0;n;5.0;2024-05-09;RJ;116;189;NOVA IGUACU;Reação tardia ou ineficiente do condutor;Com Vítimas Feridas;2;Céu Claro;Plena Noite;quinta-feira;Colisão traseira;Dupla;0;1;-22.73765712;-43.49182298;Perigosa;Sudeste;2 Trimestre
619285;2024.0;n;8.0;2024-08-05;SP;101;52;UBATUBA;Demais falhas mecânicas ou elétricas;Com Vítimas Fatais;1;Céu Claro;Pleno dia;segunda-feira;Tombamento;Simples;1;0;-23.46336443;-45.06431937;Perigosa;Sudeste;3 Trimestre
625170;2024.0;n;9.0;2024-09-01;MG;251;314;SALINAS;Reação tardia ou ineficiente do condutor;Com Vítimas Feridas;2;Céu Claro;Plena Noite;domingo;Colisão lateral mesmo sentido;Simples;0;0;-16.17461813;-42.33191425;Segura;Sudeste;3 Trimestre
655007;2025.0;n;1.0;2025-01-14;RS;116;248;SAO LEOPOLDO;Ausência de reação do condutor;Com Vítimas Feridas;4;Céu Claro;Pleno dia;terça-feira;Colisão traseira;Dupla;0;0;-29,77951986;-51,15704298;Segura;Sul;1 Trimestre
579972;2024.0;n;2.0;2024-02-09;MA;226;99;CAXIAS;Velocidade Incompatível;Com Vítimas Feridas;1;Chuva;Plena Noite;sexta-feira;Capotamento;Simples;0;0;-5.27183219;-43.64882691;Segura;Nordeste;1 Trimestre
606768;2024.0;n;6.0;2024-06-11;RJ;493;22;MAGE;Condutor deixou de manter distância do veículo da frente;Com Vítimas Feridas;3;Céu Claro;Pleno dia;terça-feira;Colisão traseira;Simples;0;0;-22.659311;-43.053303;Segura;Sudeste;2 Trimestre
610244;2024.0;n;6.0;2024-06-26;MA;230;403;BALSAS;Ausência de reação do condutor;Com Vítimas Feridas;5;Céu Claro;Anoitecer;quarta-feira;Colisão traseira;Simples;0;1;-7.51686308;-46.03524183;Perigosa;Nordeste;2 Trimestre
687761;2025.0;n;4.0;2025-04-27;BA;116;580;NOVA ITARANA;Ultrapassagem Indevida;Sem Vítimas;4;Céu Claro;Pleno dia;domingo;Colisão frontal;Múltipla;0;0;-13,14505097;-40,00217225;Segura;Nordeste;2 Trimestre
600886;2024.0;n;5.0;2024-05-16;MT;364;356,3;SANTO ANTONIO DO LEVERGER;Reação tardia ou ineficiente do condutor;Com Vítimas Feridas;10;Céu Claro;Pleno dia;quinta-feira;Colisão traseira;Dupla;0;0;-15.79348889;-55.6077944;Segura;Centro-Oeste;2 Trimestre
672802;2025.0;n;2.0;2025-02-17;ES;259;88,6;BAIXO GUANDU;Reação tardia ou ineficiente do condutor;Com Vítimas Fatais;3;Céu Claro;Pleno dia;segunda-feira;Colisão com objeto;Simples;1;1;-19,51934626;-40,90862274;Perigosa;Sudeste;1 Trimestre
588704;2024.0;n;3.0;2024-03-20;RJ;40;119;DUQUE DE CAXIAS;Reação tardia ou ineficiente do condutor;Com Vítimas Feridas;2;Nublado;Plena Noite;quarta-feira;Colisão traseira;Múltipla;0;0;-22.76375592;-43.28683062;Segura;Sudeste;1 Trimestre