id;ano;feriado;mes;data_inversa;uf;br;km;municipio;causa_acidente;classificacao_acidente;veiculos;condicao_metereologica;fase_dia;dia_semana;tipo_acidente;tipo_pista;mortos;feridos_graves;latitude;longitude;status;regiao;periodo
658220;2025.0;n;1.0;2025-01-30;GO;40;88,6;CRISTALINA;Desrespeitar a preferência no cruzamento;Com Vítimas Feridas;2;Céu Claro;Pleno dia;quinta-feira;Colisão transversal;Simples;0;2;-16,716902;-47,660862;Perigosa;Centro-Oeste;1 Trimestre
686368;2025.0;y;4.0;2025-04-21;PR;116;201,3;RIO NEGRO;Ingestão de álcool pelo condutor;Sem Vítimas;3;Céu Claro;Pleno dia;segunda-feira;Colisão frontal;Simples;0;0;-26,057072;-49,7255178;Segura;Sul;2 Trimestre
590773;2024.0;n;3.0;2024-03-30;SP;116;151,7;SAO JOSE DOS CAMPOS;Ausência de reação do condutor;Com Vítimas Feridas;2;Nublado;Plena Noite;sábado;Colisão traseira;Dupla;0;0;-23.21980694;-45.89991605;Segura;Sudeste;1 Trimestre
617174;2024.0;n;6.0;2024-06-30;BA;116;851;VITORIA DA CONQUISTA;Transitar na contramão;Com Vítimas Fatais;5;Céu Claro;Amanhecer;domingo;Colisão lateral sentido oposto;Simples;3;0;-15.09097747;-41.01483822;Perigosa;Nordeste;2 Trimestre
601698;2024.0;n;5.0;2024-05-19;RO;364;158;PIMENTA BUENO;Condutor deixou de manter distância do veículo da frente;Com Vítimas Feridas;4;Céu Claro;Anoitecer;domingo;Colisão traseira;Simples;0;0;-11.93659493;-60.96016934;Segura;Norte;2 Trimestre
620297;2024.0;n;8.0;2024-08-10;PR;277;6,7;PARANAGUA;Ausência de reação do condutor;Com Vítimas Feridas;3;Céu Claro;Amanhecer;sábado;Colisão com objeto;Dupla;0;0;-25.5162074;-48.5233998;Segura;Sul;3 Trimestre
672491;2025.0;n;4.0;2025-04-09;SC;101;199;SAO JOSE;Acessar a via sem observar a presença dos outros veículos;Com Vítimas Feridas;2;Sol;Pleno dia;quarta-feira;Colisão lateral mesmo sentido;Dupla;0;1;-27,5320663;-48,6319468;Perigosa;Sul;2 Trimestre
596105;2024.0;n;4.0;2024-04-24;SP;116;290,3;ITAPECERICA DA SERRA;Reação tardia ou ineficiente do condutor;Com Vítimas Fatais;9;Céu Claro;Pleno dia;quarta-feira;Engavetamento;Dupla;4;0;-23.72273299;-46.88956261;Perigosa;Sudeste;2 Trimestre
604359;2024.0;n;6.0;2024-06-01;PA;222;21;DOM ELISEU;Manobra de mudança de faixa;Sem Vítimas;2;Nublado;Plena Noite;sábado;Colisão lateral sentido oposto;Simples;0;0;-4.301102;-47.582943;Segura;Norte;2 Trimestre
584458;2024.0;n;2.0;2024-02-21;MA;135;5;SAO LUIS;Acessar a via sem observar a presença dos outros veículos;Com Vítimas Feridas;3;Chuva;Pleno dia;quarta-feira;Colisão transversal;Dupla;0;1;-2.63407378;-44.31335449;Perigosa;Nordeste;1 Trimestre
609488;2024.0;n;6.0;2024-06-23;BA;101;625;MASCOTE;Ausência de reação do condutor;Com Vítimas Feridas;2;Céu Claro;Pleno dia;domingo;Colisão lateral sentido oposto;Simples;0;0;-15.68684011;-39.43817139;Segura;Nordeste;2 Trimestre
673178;2025.0;n;4.0;2025-04-08;SE;235;52;ITABAIANA;Declive acentuado;Com Vítimas Feridas;1;Céu Claro;Pleno dia;terça-feira;Tombamento;Simples;0;0;-10,69397104;-37,43733466;Segura;Nordeste;2 Trimestre
673920;2025.0;n;4.0;2025-04-15;BA;116;708,8;MANOEL VITORINO;Acesso irregular;Com Vítimas Feridas;2;Céu Claro;Plena Noite;terça-feira;Colisão traseira;Simples;0;0;-14,1477814;-40,2441242;Segura;Nordeste;2 Trimestre
606377;2024.0;n;6.0;2024-06-09;RJ;116;200;QUEIMADOS;Acessar a via sem observar a presença dos outros veículos;Com Vítimas Fatais;2;Céu Claro;Plena Noite;domingo;Colisão traseira;Dupla;1;0;-22.7306082;-43.59401795;Perigosa;Sudeste;2 Trimestre
614943;2024.0;n;7.0;2024-07-17;RS;392;8,1;RIO GRANDE;Ultrapassagem Indevida;Com Vítimas Fatais;3;Garoa/Chuvisco;Plena Noite;quarta-feira;Tombamento;Simples;1;0;-32.10246718;-52.11069415;Perigosa;Sul;3 Trimestre
630289;2024.0;n;9.0;2024-09-24;ES;101;285,2;CARIACICA;Manobra de mudança de faixa;Com Vítimas Feridas;2;Céu Claro;Plena Noite;terça-feira;Colisão transversal;Dupla;0;0;-20.25148171;-40.37270066;Segura;Sudeste;3 Trimestre
653051;2025.0;n;1.0;2025-01-04;RJ;356;69;ITAPERUNA;Ausência de reação do condutor;Com Vítimas Feridas;2;Garoa/Chuvisco;Plena Noite;sábado;Colisão traseira;Simples;0;0;-21,37533068;-41,69412374;Segura;Sudeste;1 Trimestre
653750;2025.0;n;1.0;2025-01-07;MG;262;781;UBERABA;Ausência de reação do condutor;Com Vítimas Feridas;2;Chuva;Pleno dia;terça-feira;Colisão transversal;Simples;0;1;-19,75033611;-47,76840193;Perigosa;Sudeste;1 Trimestre
573268;2024.0;n;1.0;2024-01-07;MG;381;525,5;BRUMADINHO;Problema com o freio;Com Vítimas Feridas;2;Céu Claro;Plena Noite;domingo;Colisão traseira;Dupla;0;0;-20.16710798;-44.33422398;Segura;Sudeste;1 Trimestre
582231;2024.0;n;2.0;2024-02-20;PR;376;671,2;GUARATUBA;Demais falhas mecânicas ou elétricas;Sem Vítimas;2;Garoa/Chuvisco;Pleno dia;terça-feira;Incêndio;Dupla;0;0;-25.885323;-48.935154;Segura;Sul;1 Trimestre
669712;2025.0;n;3.0;2025-03-26;MG;381;293,7;ANTONIO DIAS;Velocidade Incompatível;Com Vítimas Fatais;4;Nublado;Pleno dia;quarta-feira;Colisão traseira;Simples;1;0;-19,6400816;-42,81358123;Perigosa;Sudeste;1 Trimestre
616789;2024.0;n;7.0;2024-07-25;SC;101;123,1;ITAJAI;Condutor deixou de manter distância do veículo da frente;Com Vítimas Feridas;4;Céu Claro;Pleno dia;quinta-feira;Engavetamento;Múltipla;0;0;-26.93668609;-48.69876905;Segura;Sul;3 Trimestre
582060;2024.0;n;2.0;2024-02-19;PR;376;193,8;MARIALVA;Reação tardia ou ineficiente do condutor;Com Vítimas Feridas;1;Nublado;Pleno dia;segunda-feira;Saída de leito carroçável;Dupla;0;1;-23.49835695;-51.80560112;Perigosa;Sul;1 Trimestre
591727;2024.0;n;4.0;2024-04-04;MG;381;921,1;CAMANDUCAIA;Velocidade Incompatível;Com Vítimas Feridas;2;Sol;Pleno dia;quinta-feira;Tombamento;Dupla;0;0;-22.7680939;-46.20854399;Segura;Sudeste;2 Trimestre
616199;2024.0;n;7.0;2024-07-22;SC;282;231,3;LAGES;Desrespeitar a preferência no cruzamento;Com Vítimas Feridas;3;Céu Claro;Pleno dia;segunda-feira;Colisão transversal;Simples;0;0;-27.787624;-50.435722;Segura;Sul;3 Trimestre
625221;2024.0;n;9.0;2024-09-02;CE;222;55;SAO GONCALO DO AMARANTE;Condutor Dormindo;Com Vítimas Fatais;3;Céu Claro;Pleno dia;segunda-feira;Colisão frontal;Dupla;2;0;-3.66940167;-39.03637001;Perigosa;Nordeste;3 Trimestre
609202;2024.0;n;6.0;2024-06-22;SC;101;211;SAO JOSE;Ausência de reação do condutor;Com Vítimas Feridas;2;Céu Claro;Pleno dia;sábado;Colisão traseira;Múltipla;0;1;-27.62329313;-48.65245588;Perigosa;Sul;2 Trimestre
667838;2025.0;n;3.0;2025-03-17;PR;116;38;CAMPINA GRANDE DO SUL;Acessar a via sem observar a presença dos outros veículos;Sem Vítimas;3;Céu Claro;Pleno dia;segunda-feira;Colisão lateral mesmo sentido;Dupla;0;0;-25,154;-48,86;Segura;Sul;1 Trimestre
666966;2025.0;n;3.0;2025-03-13;PR;376;407;TIBAGI;Velocidade Incompatível;Sem Vítimas;6;Chuva;Pleno dia;quinta-feira;Colisão com objeto;Dupla;0;0;-24,602485;-50,663783;Segura;Sul;1 Trimestre
653681;2025.0;n;1.0;2025-01-07;SP;116;221;GUARULHOS;Transtornos Mentais (exceto suicidio);Com Vítimas Feridas;1;Céu Claro;Pleno dia;terça-feira;Queda de ocupante de veículo;Múltipla;0;0;-23,46802395;-46,50704901;Segura;Sudeste;1 Trimestre
659795;2025.0;n;2.0;2025-02-07;TO;153;722;FIGUEIROPOLIS;Acessar a via sem observar a presença dos outros veículos;Com Vítimas Feridas;4;Céu Claro;Pleno dia;sexta-feira;Colisão transversal;Simples;0;0;-12,13719423;-49,16925477;Segura;Norte;1 Trimestre
609683;2024.0;n;6.0;2024-06-24;SP;116;224,5;GUARULHOS;Ausência de reação do condutor;Com Vítimas Feridas;2;Sol;Pleno dia;segunda-feira;Colisão com objeto;Múltipla;0;0;-23.486031;-46.541521;Segura;Sudeste;2 Trimestre
658907;2025.0;n;2.0;2025-02-02;PR;277;149;BALSA NOVA;Reação tardia ou ineficiente do condutor;Sem Vítimas;1;Céu Claro;Plena Noite;domingo;Saída de leito carroçável;Simples;0;0;-25,46552;-49,74408;Segura;Sul;1 Trimestre
666331;2025.0;n;3.0;2025-03-10;GO;20;60;FORMOSA;Ausência de reação do condutor;Sem Vítimas;2;Céu Claro;Pleno dia;segunda-feira;Colisão traseira;Simples;0;0;-15,51250956;-47,12005616;Segura;Centro-Oeste;1 Trimestre
655846;2025.0;n;1.0;2025-01-18;RJ;101;250,7;RIO BONITO;Condutor Dormindo;Com Vítimas Feridas;1;Céu Claro;Pleno dia;sábado;Colisão com objeto;Dupla;0;1;-22,67476921;-42,51607987;Perigosa;Sudeste;1 Trimestre
663592;2025.0;n;2.0;2025-02-25;ES;101;340,8;GUARAPARI;Manobra de mudança de faixa;Com Vítimas Feridas;4;Sol;Pleno dia;terça-feira;Colisão traseira;Dupla;0;1;-20,650432;-40,570847;Perigosa;Sudeste;1 Trimestre
663066;2025.0;n;2.0;2025-02-22;PE;407;117,1;PETROLINA;Acessar a via sem observar a presença dos outros veículos;Com Vítimas Fatais;2;Céu Claro;Plena Noite;sábado;Colisão transversal;Simples;1;0;-9,319069;-40,570842;Perigosa;Nordeste;1 Trimestre
667371;2025.0;n;3.0;2025-03-15;SP;116;218;GUARULHOS;Reação tardia ou ineficiente do condutor;Com Vítimas Feridas;4;Nublado;Pleno dia;sábado;Engavetamento;Dupla;0;0;-23,46112942;-46,48875106;Segura;Sudeste;1 Trimestre
671455;2025.0;n;4.0;2025-04-04;PR;153;194;TIBAGI;Neblina;Com Vítimas Feridas;4;Nevoeiro/Neblina;Pleno dia;sexta-feira;Colisão frontal;Simples;0;1;-24,44101245;-50,42319948;Perigosa;Sul;2 Trimestre
616616;2024.0;n;7.0;2024-07-24;MT;163;854;SINOP;Desrespeitar a preferência no cruzamento;Com Vítimas Feridas;7;Céu Claro;Pleno dia;quarta-feira;Colisão transversal;Simples;0;0;-11.69346568;-55.45156002;Segura;Centro-Oeste;3 Trimestre
591374;2024.0;n;4.0;2024-04-02;MG;381;477,3;CONTAGEM;Manobra de mudança de faixa;Sem Vítimas;2;Nublado;Pleno dia;terça-feira;Colisão lateral mesmo sentido;Dupla;0;0;-19.96179268;-44.05041676;Segura;Sudeste;2 Trimestre
587515;2024.0;n;3.0;2024-03-15;PA;155;297;MARABA;Ausência de reação do condutor;Com Vítimas Feridas;2;Céu Claro;Plena Noite;sexta-feira;Colisão traseira;Simples;0;1;-5.75471176;-49.15875626;Perigosa;Norte;1 Trimestre
599653;2024.0;n;5.0;2024-05-11;TO;153;130;WANDERLANDIA;Condutor Dormindo;Com Vítimas Fatais;3;Nublado;Plena Noite;sábado;Colisão frontal;Simples;1;0;-7.09311624;-48.17089475;Perigosa;Norte;2 Trimestre
663447;2025.0;n;2.0;2025-02-24;BA;101;349,1;WENCESLAU GUIMARAES;Reação tardia ou ineficiente do condutor;Com Vítimas Feridas;2;Nublado;Pleno dia;segunda-feira;Tombamento;Simples;0;2;-13,618328;-39,496742;Perigosa;Nordeste;1 Trimestre
622954;2024.0;n;8.0;2024-08-22;PR;116;27,8;CAMPINA GRANDE DO SUL;Entrada inopinada do pedestre;Com Vítimas Feridas;3;Céu Claro;Plena Noite;quinta-feira;Atropelamento de Pedestre;Dupla;0;1;-25.10840189;-48.79505902;Perigosa;Sul;3 Trimestre
622639;2024.0;n;8.0;2024-08-21;PR;116;142;MANDIRITUBA;Condutor deixou de manter distância do veículo da frente;Com Vítimas Feridas;2;Nublado;Pleno dia;quarta-feira;Colisão traseira;Dupla;0;0;-25.746524;-49.31741923;Segura;Sul;3 Trimestre
618547;2024.0;n;8.0;2024-08-02;PR;373;479,8;CORONEL VIVIDA;Acessar a via sem observar a presença dos outros veículos;Com Vítimas Feridas;5;Céu Claro;Pleno dia;sexta-feira;Colisão lateral sentido oposto;Simples;0;1;-25.97849917;-52.53923293;Perigosa;Sul;3 Trimestre
600588;2024.0;n;5.0;2024-05-15;ES;101;318;GUARAPARI;Reação tardia ou ineficiente do condutor;Com Vítimas Feridas;3;Céu Claro;Plena Noite;quarta-feira;Engavetamento;Dupla;0;1;-20.49468895;-40.47662771;Perigosa;Sudeste;2 Trimestre
575280;2024.0;n;1.0;2024-01-17;MG;40;618,5;CONGONHAS;Conversão proibida;Sem Vítimas;3;Céu Claro;Pleno dia;quarta-feira;Colisão transversal;Simples;0;0;-20.5615888;-43.81227278;Segura;Sudeste;1 Trimestre
617919;2024.0;n;7.0;2024-07-30;GO;20;11;FORMOSA;Mal súbito do condutor;Com Vítimas Feridas;4;Céu Claro;Pleno dia;terça-feira;Colisão frontal;Simples;0;0;-15.562011;-47.257778;Segura;Centro-Oeste;3 Trimestre
581239;2024.0;n;2.0;2024-02-15;MG;262;376,6;JUATUBA;Ausência de reação do condutor;Com Vítimas Fatais;2;Nublado;Pleno dia;quinta-feira;Colisão com objeto;Dupla;1;1;-19.95649717;-44.346577;Perigosa;Sudeste;1 Trimestre
624821;2024.0;n;8.0;2024-08-31;SC;470;66;INDAIAL;Condutor Dormindo;Com Vítimas Feridas;3;Céu Claro;Pleno dia;sábado;Colisão traseira;Dupla;0;0;-26.87265988;-49.2318821;Segura;Sul;3 Trimestre
657468;2025.0;n;1.0;2025-01-26;RJ;101;428;MANGARATIBA;Desrespeitar a preferência no cruzamento;Com Vítimas Feridas;3;Céu Claro;Pleno dia;domingo;Colisão transversal;Dupla;0;0;-22,93391858;-43,9899979;Segura;Sudeste;1 Trimestre
612426;2024.0;n;7.0;2024-07-06;PR;476;352;PAULA FREITAS;Condutor Dormindo;Com Vítimas Feridas;2;Chuva;Amanhecer;sábado;Colisão traseira;Simples;0;0;-26.197689;-50.992706;Segura;Sul;3 Trimestre
626290;2024.0;y;9.0;2024-09-07;RS;290;368,5;VILA NOVA DO SUL;Carga excessiva e/ou mal acondicionada;Com Vítimas Feridas;1;Céu Claro;Plena Noite;sábado;Capotamento;Simples;0;0;-30.342834;-53.83968;Segura;Sul;3 Trimestre
626822;2024.0;n;9.0;2024-09-08;SP;116;306;SAO LOURENCO DA SERRA;Ausência de reação do condutor;Com Vítimas Fatais;4;Céu Claro;Plena Noite;domingo;Colisão traseira;Dupla;1;0;-23.8486091;-46.93801566;Perigosa;Sudeste;3 Trimestre
657247;2025.0;n;1.0;2025-01-25;MG;251;333,7;FRUTA DE LEITE;Ausência de reação do condutor;Com Vítimas Feridas;4;Sol;Pleno dia;sábado;Colisão traseira;Simples;0;1;-16,25683842;-42,43114276;Perigosa;Sudeste;1 Trimestre
653011;2025.0;n;1.0;2025-01-03;PR;277;12,4;PARANAGUA;Acessar a via sem observar a presença dos outros veículos;Com Vítimas Feridas;2;Nublado;Anoitecer;sexta-feira;Colisão transversal;Dupla;0;0;-25,568198;-48,615292;Segura;Sul;1 Trimestre
583800;2024.0;n;2.0;2024-02-28;PR;376;671;GUARATUBA;Demais falhas mecânicas ou elétricas;Sem Vítimas;2;Céu Claro;Pleno dia;quarta-feira;Incêndio;Dupla;0;0;-25.90851198;-48.92070682;Segura;Sul;1 Trimestre
582319;2024.0;n;2.0;2024-02-20;PA;316;65,2;CASTANHAL;Acessar a via sem observar a presença dos outros veículos;Com Vítimas Feridas;5;Céu Claro;Plena Noite;terça-feira;Colisão transversal;Dupla;0;1;-1.29569691;-47.90874839;Perigosa;Norte;1 Trimestre
577447;2024.0;n;1.0;2024-01-27;BA;116;270;TUCANO;Ultrapassagem Indevida;Com Vítimas Fatais;2;Céu Claro;Pleno dia;sábado;Colisão frontal;Simples;1;2;-10.91498;-38.833224;Perigosa;Nordeste;1 Trimestre
613734;2024.0;n;7.0;2024-07-11;BA;116;567;BREJOES;Demais falhas mecânicas ou elétricas;Sem Vítimas;2;Céu Claro;Pleno dia;quinta-feira;Incêndio;Simples;0;0;-12.98625197;-39.94414505;Segura;Nordeste;3 Trimestre
628312;2024.0;n;9.0;2024-09-15;PA;155;284;ELDORADO DO CARAJAS;Manobra de mudança de faixa;Com Vítimas Feridas;4;Céu Claro;Pleno dia;domingo;Colisão transversal;Simples;0;1;-5.86016296;-49.19748207;Perigosa;Norte;3 Trimestre
654847;2025.0;n;1.0;2025-01-13;PB;230;199,8;POCINHOS;Velocidade Incompatível;Com Vítimas Feridas;1;Céu Claro;Pleno dia;segunda-feira;Saída de leito carroçável;Simples;0;0;-7,1073;-36,2281;Segura;Nordeste;1 Trimestre
625824;2024.0;n;9.0;2024-09-05;RS;116;2,8;VACARIA;Reação tardia ou ineficiente do condutor;Com Vítimas Feridas;3;Garoa/Chuvisco;Plena Noite;quinta-feira;Colisão lateral sentido oposto;Simples;0;0;-28.23148846;-50.76632023;Segura;Sul;3 Trimestre
621366;2024.0;n;8.0;2024-08-15;SC;282;548,6;CHAPECO;Acessar a via sem observar a presença dos outros veículos;Com Vítimas Feridas;3;Céu Claro;Pleno dia;quinta-feira;Colisão transversal;Simples;0;0;-26.968346;-52.753883;Segura;Sul;3 Trimestre
600505;2024.0;n;5.0;2024-05-14;CE;222;136;ITAPAJE;Velocidade Incompatível;Com Vítimas Feridas;2;Céu Claro;Pleno dia;terça-feira;Colisão frontal;Simples;0;2;-3.73622251;-39.67622342;Perigosa;Nordeste;2 Trimestre
663620;2025.0;n;1.0;2025-01-15;PR;376;199,6;MARIALVA;Pedestre andava na pista;Com Vítimas Fatais;2;Céu Claro;Plena Noite;quarta-feira;Atropelamento de Pedestre;Dupla;1;0;-23,50719669;-51,73201193;Perigosa;Sul;1 Trimestre
608119;2024.0;n;6.0;2024-06-17;MG;40;413;CURVELO;Acessar a via sem observar a presença dos outros veículos;Com Vítimas Feridas;2;Céu Claro;Pleno dia;segunda-feira;Colisão transversal;Simples;0;2;-19.13248388;-44.62252053;Perigosa;Sudeste;2 Trimestre
573672;2024.0;n;1.0;2024-01-09;GO;80;3;PADRE BERNARDO;Velocidade Incompatível;Com Vítimas Feridas;2;Nublado;Plena Noite;terça-feira;Tombamento;Dupla;0;0;-15.50163599;-48.2160759;Segura;Centro-Oeste;1 Trimestre
628025;2024.0;n;9.0;2024-09-14;MT;163;880;SINOP;Reação tardia ou ineficiente do condutor;Com Vítimas Feridas;2;Sol;Pleno dia;sábado;Colisão lateral sentido oposto;Simples;0;0;-11.59474587;-55.42558723;Segura;Centro-Oeste;3 Trimestre
583875;2024.0;n;2.0;2024-02-28;PA;316;64;CASTANHAL;Ausência de reação do condutor;Sem Vítimas;1;Nublado;Pleno dia;quarta-feira;Colisão com objeto;Dupla;0;0;-1.29629557;-47.91983997;Segura;Norte;1 Trimestre
592080;2024.0;n;4.0;2024-04-06;SC;101;106,7;PENHA;Condutor Dormindo;Com Vítimas Feridas;3;Nublado;Plena Noite;sábado;Colisão traseira;Dupla;0;0;-26.81031601;-48.68293896;Segura;Sul;2 Trimestre
658283;2025.0;n;1.0;2025-01-30;MG;116;698,2;MURIAE;Velocidade Incompatível;Com Vítimas Feridas;4;Sol;Pleno dia;quinta-feira;Tombamento;Simples;0;0;-21,09085016;-42,37310442;Segura;Sudeste;1 Trimestre
654926;2025.0;n;1.0;2025-01-12;PE;407;42;AFRANIO;Ausência de reação do condutor;Sem Vítimas;2;Garoa/Chuvisco;Pleno dia;domingo;Colisão com objeto;Simples;0;0;-8,75520116;-40,89544727;Segura;Nordeste;1 Trimestre
573337;2024.0;n;1.0;2024-01-08;RS;116;238;NOVO HAMBURGO;Ausência de reação do condutor;Com Vítimas Feridas;2;Céu Claro;Pleno dia;segunda-feira;Colisão traseira;Simples;0;0;-29.68954125;-51.14299357;Segura;Sul;1 Trimestre
574094;2024.0;n;1.0;2024-01-11;MG;40;143,5;JOAO PINHEIRO;Reação tardia ou ineficiente do condutor;Com Vítimas Feridas;5;Céu Claro;Plena Noite;quinta-feira;Colisão traseira;Simples;0;0;-17.747998;-46.173903;Segura;Sudeste;1 Trimestre
604255;2024.0;n;5.0;2024-05-31;BA;116;30;ABARE;Reação tardia ou ineficiente do condutor;Sem Vítimas;4;Céu Claro;Amanhecer;sexta-feira;Colisão lateral sentido oposto;Simples;0;0;-8.88394486;-39.24637471;Segura;Nordeste;2 Trimestre
600224;2024.0;n;5.0;2024-05-13;RJ;40;122;DUQUE DE CAXIAS;Trafegar com motocicleta (ou similar) entre as faixas;Com Vítimas Fatais;5;Céu Claro;Pleno dia;segunda-feira;Colisão lateral mesmo sentido;Múltipla;1;0;-22.79083113;-43.28611569;Perigosa;Sudeste;2 Trimestre
619358;2024.0;n;8.0;2024-08-05;MG;364;7,2;PLANURA;Desrespeitar a preferência no cruzamento;Com Vítimas Feridas;2;Céu Claro;Plena Noite;segunda-feira;Colisão lateral mesmo sentido;Simples;0;0;-20.13824;-48.702347;Segura;Sudeste;3 Trimestre
624271;2024.0;n;8.0;2024-08-28;PA;163;426;ITAITUBA;Ausência de reação do condutor;Sem Vítimas;4;Céu Claro;Plena Noite;quarta-feira;Tombamento;Simples;0;0;-6.09629642;-55.63056488;Segura;Norte;3 Trimestre
662407;2025.0;n;2.0;2025-02-19;MG;116;155,6;PONTO DOS VOLANTES;Transitar na contramão;Com Vítimas Feridas;4;Céu Claro;Pleno dia;quarta-feira;Colisão lateral sentido oposto;Simples;0;0;-16,89275118;-41,47383649;Segura;Sudeste;1 Trimestre
624531;2024.0;n;8.0;2024-08-30;RJ;101;64;CAMPOS DOS GOYTACAZES;Condutor desrespeitou a iluminação vermelha do semáforo;Com Vítimas Feridas;2;Céu Claro;Pleno dia;sexta-feira;Colisão transversal;Simples;0;0;-21.74908605;-41.33632461;Segura;Sudeste;3 Trimestre
611421;2024.0;n;7.0;2024-07-02;RJ;465;6;SEROPEDICA;Pedestre cruzava a pista fora da faixa;Com Vítimas Fatais;3;Céu Claro;Amanhecer;terça-feira;Atropelamento de Pedestre;Simples;1;0;-22.754314;-43.692879;Perigosa;Sudeste;3 Trimestre
607156;2024.0;n;6.0;2024-06-13;MG;146;485,7;POCOS DE CALDAS;Ausência de reação do condutor;Com Vítimas Feridas;2;Céu Claro;Pleno dia;quinta-feira;Tombamento;Simples;0;0;-21.806598;-46.467942;Segura;Sudeste;2 Trimestre
604046;2024.0;n;5.0;2024-05-30;MG;354;737;POUSO ALTO;Mal súbito do condutor;Com Vítimas Feridas;2;Sol;Pleno dia;quinta-feira;Colisão frontal;Simples;0;0;-22.20550588;-44.95828993;Segura;Sudeste;2 Trimestre
663217;2025.0;n;2.0;2025-02-23;PB;101;83;BAYEUX;Reação tardia ou ineficiente do condutor;Com Vítimas Feridas;2;Céu Claro;Plena Noite;domingo;Colisão lateral mesmo sentido;Dupla;0;1;-7,13140572;-34,93222976;Perigosa;Nordeste;1 Trimestre
616684;2024.0;n;7.0;2024-07-25;MG;381;853,9;POUSO ALEGRE;Reação tardia ou ineficiente do condutor;Sem Vítimas;2;Céu Claro;Plena Noite;quinta-feira;Saída de leito carroçável;Dupla;0;0;-22.30499294;-45.90167524;Segura;Sudeste;3 Trimestre
597977;2024.0;n;5.0;2024-05-03;PE;101;85;JABOATAO DOS GUARARAPES;Acostamento em desnível;Com Vítimas Feridas;3;Nublado;Pleno dia;sexta-feira;Tombamento;Simples;0;0;-8.18065563;-34.95965322;Segura;Nordeste;2 Trimestre
574617;2024.0;n;1.0;2024-01-13;GO;158;200;CAIAPONIA;Reação tardia ou ineficiente do condutor;Sem Vítimas;3;Céu Claro;Plena Noite;sábado;Tombamento;Simples;0;0;-17.313392;-51.877795;Segura;Centro-Oeste;1 Trimestre
593176;2024.0;n;4.0;2024-04-10;BA;116;643;JAGUAQUARA;Problema com o freio;Com Vítimas Fatais;8;Céu Claro;Pleno dia;quarta-feira;Colisão frontal;Simples;1;0;-13.55599586;-40.07502733;Perigosa;Nordeste;2 Trimestre
652773;2025.0;n;1.0;2025-01-02;SP;116;100,5;PINDAMONHANGABA;Frear bruscamente;Sem Vítimas;4;Sol;Pleno dia;quinta-feira;Colisão traseira;Dupla;0;0;-22,986552;-45,47276;Segura;Sudeste;1 Trimestre
628726;2024.0;n;9.0;2024-09-17;RJ;493;62;DUQUE DE CAXIAS;Estacionar ou parar em local proibido;Sem Vítimas;2;Garoa/Chuvisco;Pleno dia;terça-feira;Colisão traseira;Dupla;0;0;-22.66588299;-43.34249675;Segura;Sudeste;3 Trimestre
613099;2024.0;n;7.0;2024-07-08;SP;116;199;ARUJA;Manobra de mudança de faixa;Com Vítimas Feridas;4;Garoa/Chuvisco;Plena Noite;segunda-feira;Colisão lateral mesmo sentido;Dupla;0;1;-23.40185327;-46.31154312;Perigosa;Sudeste;3 Trimestre
612203;2024.0;n;6.0;2024-06-30;BA;110;95;SITIO DO QUINTO;Reação tardia ou ineficiente do condutor;Com Vítimas Feridas;2;Céu Claro;Plena Noite;domingo;Colisão traseira;Simples;0;0;-10.25469087;-38.30183243;Segura;Nordeste;2 Trimestre
624062;2024.0;n;8.0;2024-08-27;MG;116;774,2;LEOPOLDINA;Velocidade Incompatível;Com Vítimas Feridas;1;Céu Claro;Plena Noite;terça-feira;Saída de leito carroçável;Simples;0;0;-21.57932128;-42.68264985;Segura;Sudeste;3 Trimestre
580259;2024.0;n;2.0;2024-02-10;CE;116;17;ITAITINGA;Ausência de reação do condutor;Sem Vítimas;2;Chuva;Pleno dia;sábado;Colisão com objeto;Dupla;0;0;-3.89617918;-38.50336042;Segura;Nordeste;1 Trimestre
608169;2024.0;n;6.0;2024-06-17;MG;381;908,7;CAMBUI;Reação tardia ou ineficiente do condutor;Com Vítimas Feridas;2;Céu Claro;Pleno dia;segunda-feira;Colisão lateral mesmo sentido;Dupla;0;0;-22.71744092;-46.12652111;Segura;Sudeste;2 Trimestre
612453;2024.0;n;7.0;2024-07-06;BA;116;755;POCOES;Acessar a via sem observar a presença dos outros veículos;Sem Vítimas;3;Céu Claro;Pleno dia;sábado;Colisão transversal;Simples;0;0;-14.508687;-40.361672;Segura;Nordeste;3 Trimestre
606318;2024.0;n;6.0;2024-06-09;BA;116;483;RAFAEL JAMBEIRO;Falta de elemento de contenção que evite a saída do leito carroçável;Com Vítimas Feridas;4;Chuva;Anoitecer;domingo;Saída de leito carroçável;Dupla;0;0;-12.5209134;-39.3926248;Segura;Nordeste;2 Trimestre
665326;2025.0;n;3.0;2025-03-04;MS;163;130,2;NAVIRAI;Ausência de reação do condutor;Sem Vítimas;2;Céu Claro;Pleno dia;terça-feira;Colisão com objeto;Dupla;0;0;-23,038001;-54,264416;Segura;Centro-Oeste;1 Trimestre
594724;2024.0;n;4.0;2024-04-18;ES;101;282;CARIACICA;Manobra de mudança de faixa;Sem Vítimas;3;Céu Claro;Pleno dia;quinta-feira;Colisão lateral mesmo sentido;Dupla;0;0;-20.22694;-40.36458;Segura;Sudeste;2 Trimestre