id;ano;feriado;mes;data_inversa;uf;br;km;municipio;causa_acidente;classificacao_acidente;veiculos;condicao_metereologica;fase_dia;dia_semana;tipo_acidente;tipo_pista;mortos;feridos_graves;latitude;longitude;status;regiao;periodo
625798;2024.0;n;9.0;2024-09-04;MT;163;1007;TERRA NOVA DO NORTE;Ausência de reação do condutor;Com Vítimas Feridas;2;Nevoeiro/Neblina;Plena Noite;quarta-feira;Saída de leito carroçável;Simples;0;0;-10.56149802;-55.09092395;Segura;Centro-Oeste;3 Trimestre
669873;2025.0;n;3.0;2025-03-27;MT;364;349,9;SANTO ANTONIO DO LEVERGER;Reação tardia ou ineficiente do condutor;Com Vítimas Feridas;2;Chuva;Pleno dia;quinta-feira;Colisão traseira;Dupla;0;0;-15,79339;-55,58161;Segura;Centro-Oeste;1 Trimestre
687947;2025.0;n;4.0;2025-04-28;AL;101;51;FLEXEIRAS;Velocidade Incompatível;Com Vítimas Feridas;2;Céu Claro;Pleno dia;segunda-feira;Tombamento;Dupla;0;1;-9,248518;-35,757135;Perigosa;Nordeste;2 Trimestre
668896;2025.0;n;2.0;2025-02-22;SC;101;46,2;PALHOCA;Pedestre andava na pista;Com Vítimas Fatais;5;Céu Claro;Pleno dia;sábado;Atropelamento de Pedestre;Dupla;1;0;-27,683787;-48,690249;Perigosa;Sul;1 Trimestre
594270;2024.0;n;4.0;2024-04-16;RJ;101;144;MACAE;Demais falhas mecânicas ou elétricas;Sem Vítimas;2;Nublado;Plena Noite;terça-feira;Incêndio;Dupla;0;0;-22.21328005;-41.75426573;Segura;Sudeste;2 Trimestre
673131;2025.0;n;4.0;2025-04-12;PI;343;340;TERESINA;Condutor deixou de manter distância do veículo da frente;Com Vítimas Feridas;2;Nublado;Pleno dia;sábado;Colisão traseira;Dupla;0;0;-5,074387;-42,736391;Segura;Nordeste;2 Trimestre
627557;2024.0;n;9.0;2024-09-12;RS;158;249,5;JULIO DE CASTILHOS;Ultrapassagem Indevida;Sem Vítimas;2;Chuva;Pleno dia;quinta-feira;Saída de leito carroçável;Simples;0;0;-29.10973298;-53.65093978;Segura;Sul;3 Trimestre
629915;2024.0;n;9.0;2024-09-22;RN;226;135,8;CAMPO REDONDO;Animais na Pista;Com Vítimas Feridas;2;Céu Claro;Plena Noite;domingo;Colisão lateral sentido oposto;Simples;0;1;-6.21010481;-36.18334187;Perigosa;Nordeste;3 Trimestre
658486;2025.0;n;1.0;2025-01-31;SC;280;46,2;GUARAMIRIM;Acessar a via sem observar a presença dos outros veículos;Com Vítimas Feridas;3;Nublado;Pleno dia;sexta-feira;Colisão transversal;Simples;0;1;-26,45315954;-48,91022086;Perigosa;Sul;1 Trimestre
627441;2024.0;n;9.0;2024-09-12;PR;373;196,5;IPIRANGA;Velocidade Incompatível;Com Vítimas Fatais;2;Céu Claro;Plena Noite;quinta-feira;Tombamento;Simples;1;0;-25.07972439;-50.38549408;Perigosa;Sul;3 Trimestre
661094;2025.0;n;2.0;2025-02-13;PR;277;580;CASCAVEL;Ausência de reação do condutor;Sem Vítimas;3;Céu Claro;Pleno dia;quinta-feira;Colisão transversal;Dupla;0;0;-24,96684176;-53,40258186;Segura;Sul;1 Trimestre
601862;2024.0;n;5.0;2024-05-20;MT;70;521;VARZEA GRANDE;Ausência de reação do condutor;Com Vítimas Feridas;3;Céu Claro;Pleno dia;segunda-feira;Colisão transversal;Simples;0;0;-15.66794514;-56.18202947;Segura;Centro-Oeste;2 Trimestre
629450;2024.0;n;9.0;2024-09-20;SP;116;360;MIRACATU;Problema com o freio;Com Vítimas Feridas;4;Garoa/Chuvisco;Anoitecer;sexta-feira;Colisão traseira;Simples;0;0;-24.11248793;-47.26510606;Segura;Sudeste;3 Trimestre
596296;2024.0;n;3.0;2024-03-20;PR;376;307,5;MAUA DA SERRA;Curva acentuada;Com Vítimas Feridas;2;Céu Claro;Pleno dia;quarta-feira;Tombamento;Dupla;0;1;-23.9743171;-51.1035821;Perigosa;Sul;1 Trimestre
627995;2024.0;n;9.0;2024-09-14;PR;163;228,6;CASCAVEL;Condutor usando celular;Com Vítimas Feridas;5;Nublado;Pleno dia;sábado;Colisão traseira;Dupla;0;0;-24.81562923;-53.66079591;Segura;Sul;3 Trimestre
669307;2025.0;n;3.0;2025-03-24;SE;235;8;NOSSA SENHORA DO SOCORRO;Condutor deixou de manter distância do veículo da frente;Com Vítimas Feridas;2;Céu Claro;Pleno dia;segunda-feira;Colisão traseira;Simples;0;0;-10,88406999;-37,13197924;Segura;Nordeste;1 Trimestre
606378;2024.0;n;6.0;2024-06-09;PR;376;13,3;MARINGA;Reação tardia ou ineficiente do condutor;Com Vítimas Feridas;3;Céu Claro;Plena Noite;domingo;Colisão traseira;Dupla;0;0;-23.39872204;-51.88217282;Segura;Sul;2 Trimestre
664145;2025.0;n;1.0;2025-01-17;RJ;116;32;SAPUCAIA;Condutor deixou de manter distância do veículo da frente;Sem Vítimas;2;Céu Claro;Pleno dia;sexta-feira;Colisão transversal;Simples;0;0;-22,08349192;-42,808942;Segura;Sudeste;1 Trimestre
685974;2025.0;n;4.0;2025-04-19;MG;251;263,5;SALINAS;Demais falhas mecânicas ou elétricas;Com Vítimas Feridas;2;Nublado;Pleno dia;sábado;Saída de leito carroçável;Simples;0;1;-15,99829539;-41,94597244;Perigosa;Sudeste;2 Trimestre
652871;2025.0;n;1.0;2025-01-03;SP;116;210;GUARULHOS;Condutor deixou de manter distância do veículo da frente;Com Vítimas Feridas;2;Céu Claro;Pleno dia;sexta-feira;Colisão traseira;Múltipla;0;0;-23,42870023;-46,41085991;Segura;Sudeste;1 Trimestre
672189;2025.0;n;4.0;2025-04-03;PA;155;70;RIO MARIA;Reação tardia ou ineficiente do condutor;Sem Vítimas;2;Céu Claro;Pleno dia;quinta-feira;Saída de leito carroçável;Simples;0;0;-7,3853391;-50,04110858;Segura;Norte;2 Trimestre
589833;2024.0;n;3.0;2024-03-26;RO;319;60;PORTO VELHO;Manobra de mudança de faixa;Com Vítimas Feridas;3;Céu Claro;Pleno dia;terça-feira;Colisão traseira;Múltipla;0;1;-8.74196683;-63.89912249;Perigosa;Norte;1 Trimestre
586084;2024.0;n;3.0;2024-03-09;MG;381;393;BOM JESUS DO AMPARO;Reação tardia ou ineficiente do condutor;Com Vítimas Feridas;2;Nublado;Pleno dia;sábado;Tombamento;Dupla;0;0;-19.75958849;-43.46406908;Segura;Sudeste;1 Trimestre
615334;2024.0;n;7.0;2024-07-18;RJ;101;297;ITABORAI;Manobra de mudança de faixa;Sem Vítimas;2;Céu Claro;Plena Noite;quinta-feira;Colisão lateral mesmo sentido;Simples;0;0;-22.76942037;-42.91873581;Segura;Sudeste;3 Trimestre
619543;2024.0;n;8.0;2024-08-06;AC;364;124;RIO BRANCO;Acessar a via sem observar a presença dos outros veículos;Sem Vítimas;2;Nublado;Plena Noite;terça-feira;Colisão traseira;Simples;0;0;-10.01177033;-67.79782176;Segura;Norte;3 Trimestre
670236;2025.0;n;3.0;2025-03-29;SC;470;85,6;RODEIO;Ingestão de álcool pelo condutor;Sem Vítimas;3;Céu Claro;Pleno dia;sábado;Colisão traseira;Simples;0;0;-26,951546;-49,354561;Segura;Sul;1 Trimestre
572609;2024.0;n;1.0;2024-01-04;PR;376;154,5;MANDAGUACU;Acessar a via sem observar a presença dos outros veículos;Com Vítimas Fatais;2;Céu Claro;Pleno dia;quinta-feira;Atropelamento de Pedestre;Dupla;1;0;-23.33436517;-52.11052537;Perigosa;Sul;1 Trimestre
611937;2024.0;n;5.0;2024-05-10;PE;424;83;GARANHUNS;Velocidade Incompatível;Com Vítimas Feridas;1;Nublado;Pleno dia;sexta-feira;Saída de leito carroçável;Simples;0;0;-8.84593423;-36.52457016;Segura;Nordeste;2 Trimestre
615162;2024.0;n;7.0;2024-07-18;SP;116;339;JUQUITIBA;Condutor Dormindo;Com Vítimas Feridas;1;Céu Claro;Amanhecer;quinta-feira;Tombamento;Dupla;0;0;-23.9983939;-47.14927316;Segura;Sudeste;3 Trimestre
575874;2024.0;n;1.0;2024-01-20;MG;262;14,5;MARTINS SOARES;Transitar na contramão;Com Vítimas Fatais;2;Céu Claro;Plena Noite;sábado;Colisão lateral sentido oposto;Simples;1;0;-20.26417;-41.868195;Perigosa;Sudeste;1 Trimestre
619776;2024.0;n;8.0;2024-08-08;PR;277;20,4;MORRETES;Carga excessiva e/ou mal acondicionada;Sem Vítimas;2;Nublado;Plena Noite;quinta-feira;Derramamento de carga;Dupla;0;0;-25.533472;-48.711251;Segura;Sul;3 Trimestre
588701;2024.0;n;3.0;2024-03-20;SC;282;459,8;PONTE SERRADA;Transitar na contramão;Com Vítimas Fatais;2;Céu Claro;Plena Noite;quarta-feira;Colisão frontal;Simples;1;0;-26.879523;-52.014036;Perigosa;Sul;1 Trimestre
602935;2024.0;n;5.0;2024-05-25;PR;376;181,7;MARINGA;Reação tardia ou ineficiente do condutor;Com Vítimas Feridas;2;Chuva;Plena Noite;sábado;Colisão lateral mesmo sentido;Dupla;0;0;-23.43057467;-51.88994586;Segura;Sul;2 Trimestre
595415;2024.0;y;4.0;2024-04-21;RS;116;515,6;PELOTAS;Ultrapassagem Indevida;Com Vítimas Feridas;3;Céu Claro;Pleno dia;domingo;Colisão transversal;Dupla;0;0;-31.66695916;-52.34000444;Segura;Sul;2 Trimestre
583853;2024.0;n;2.0;2024-02-28;MG;365;599;UBERLANDIA;Mal súbito do condutor;Com Vítimas Feridas;2;Céu Claro;Pleno dia;quarta-feira;Colisão traseira;Simples;0;0;-18.88997892;-48.12177605;Segura;Sudeste;1 Trimestre
630161;2024.0;n;9.0;2024-09-23;PR;369;446,2;UBIRATA;Ingestão de álcool pelo condutor;Sem Vítimas;3;Céu Claro;Plena Noite;segunda-feira;Colisão traseira;Simples;0;0;-24.55243205;-53.1010437;Segura;Sul;3 Trimestre
575352;2024.0;n;1.0;2024-01-17;BA;324;550,5;AMELIA RODRIGUES;Acessar a via sem observar a presença dos outros veículos;Sem Vítimas;3;Céu Claro;Anoitecer;quarta-feira;Colisão lateral mesmo sentido;Dupla;0;0;-12.43832718;-38.72506515;Segura;Nordeste;1 Trimestre
658305;2025.0;n;1.0;2025-01-30;RN;101;85;NATAL;Reação tardia ou ineficiente do condutor;Com Vítimas Feridas;2;Céu Claro;Plena Noite;quinta-feira;Colisão lateral mesmo sentido;Simples;0;0;-5,777664;-35,24937;Segura;Nordeste;1 Trimestre
584104;2024.0;n;2.0;2024-02-22;RS;285;455;IJUI;Acessar a via sem observar a presença dos outros veículos;Com Vítimas Feridas;2;Céu Claro;Pleno dia;quinta-feira;Colisão transversal;Simples;0;0;-28.380919;-53.879509;Segura;Sul;1 Trimestre
658444;2025.0;n;1.0;2025-01-31;PR;369;481,9;CORBELIA;Ausência de reação do condutor;Com Vítimas Feridas;4;Céu Claro;Pleno dia;sexta-feira;Colisão traseira;Simples;0;0;-24,77247372;-53,29302901;Segura;Sul;1 Trimestre
623384;2024.0;n;8.0;2024-08-24;PR;277;2;PARANAGUA;Demais falhas mecânicas ou elétricas;Sem Vítimas;2;Nublado;Plena Noite;sábado;Incêndio;Dupla;0;0;-25.54847575;-48.54771495;Segura;Sul;3 Trimestre
584088;2024.0;n;2.0;2024-02-29;RJ;393;148;TRES RIOS;Reação tardia ou ineficiente do condutor;Com Vítimas Feridas;2;Chuva;Anoitecer;quinta-feira;Colisão lateral sentido oposto;Simples;0;1;-22.04489814;-43.00868082;Perigosa;Sudeste;1 Trimestre
686782;2025.0;n;4.0;2025-04-22;PR;376;450;TIBAGI;Reação tardia ou ineficiente do condutor;Sem Vítimas;3;Céu Claro;Anoitecer;terça-feira;Tombamento;Dupla;0;0;-24,87715125;-50,44228792;Segura;Sul;2 Trimestre
628592;2024.0;n;9.0;2024-09-16;RN;101;75,5;SAO GONCALO DO AMARANTE;Reação tardia ou ineficiente do condutor;Sem Vítimas;2;Céu Claro;Plena Noite;segunda-feira;Colisão traseira;Dupla;0;0;-5.721906;-35.27672;Segura;Nordeste;3 Trimestre
585972;2024.0;n;3.0;2024-03-08;BA;116;146;CANUDOS;Pista esburacada;Sem Vítimas;2;Céu Claro;Plena Noite;sexta-feira;Tombamento;Simples;0;0;-9.88508705;-39.16553279;Segura;Nordeste;1 Trimestre
603929;2024.0;n;5.0;2024-05-30;PR;277;8,9;PARANAGUA;Reação tardia ou ineficiente do condutor;Com Vítimas Feridas;2;Céu Claro;Plena Noite;quinta-feira;Saída de leito carroçável;Dupla;0;0;-25.56587;-48.603717;Segura;Sul;2 Trimestre
594811;2024.0;n;4.0;2024-04-18;RS;392;72,2;PELOTAS;Desrespeitar a preferência no cruzamento;Com Vítimas Feridas;2;Céu Claro;Plena Noite;quinta-feira;Colisão transversal;Simples;0;0;-31.721104;-52.389843;Segura;Sul;2 Trimestre
617990;2024.0;n;7.0;2024-07-31;PE;116;42;SALGUEIRO;Reação tardia ou ineficiente do condutor;Com Vítimas Feridas;1;Vento;Plena Noite;quarta-feira;Tombamento;Simples;0;0;-8.205779;-39.104805;Segura;Nordeste;3 Trimestre
611399;2024.0;n;7.0;2024-07-02;PB;230;147,1;CAMPINA GRANDE;Condutor deixou de manter distância do veículo da frente;Com Vítimas Fatais;2;Céu Claro;Plena Noite;terça-feira;Colisão traseira;Dupla;1;0;-7.2425;-35.8567;Perigosa;Nordeste;3 Trimestre
600498;2024.0;n;5.0;2024-05-14;SP;116;133;CACAPAVA;Reação tardia ou ineficiente do condutor;Com Vítimas Feridas;3;Céu Claro;Pleno dia;terça-feira;Colisão lateral mesmo sentido;Dupla;0;1;-23.1359564;-45.7532708;Perigosa;Sudeste;2 Trimestre
656763;2025.0;n;1.0;2025-01-23;PR;277;124;CAMPO LARGO;Reação tardia ou ineficiente do condutor;Com Vítimas Feridas;2;Nublado;Plena Noite;quinta-feira;Colisão com objeto;Dupla;0;0;-25,435;-49,5239;Segura;Sul;1 Trimestre
611948;2024.0;n;7.0;2024-07-04;AM;174;990;PRESIDENTE FIGUEIREDO;Acessar a via sem observar a presença dos outros veículos;Com Vítimas Fatais;3;Sol;Pleno dia;quinta-feira;Atropelamento de Pedestre;Dupla;1;0;-2.05668983;-60.02189673;Perigosa;Norte;3 Trimestre
668287;2025.0;n;3.0;2025-03-19;RR;174;493;BOA VISTA;Curva acentuada;Com Vítimas Feridas;1;Céu Claro;Anoitecer;quarta-feira;Tombamento;Simples;0;0;2,74802901;-60,74364178;Segura;Norte;1 Trimestre
594037;2024.0;n;3.0;2024-03-24;MG;251;513,3;MONTES CLAROS;Condutor Dormindo;Sem Vítimas;1;Céu Claro;Plena Noite;domingo;Colisão com objeto;Simples;0;0;-16.6575132;-43.72704597;Segura;Sudeste;1 Trimestre
610165;2024.0;n;6.0;2024-06-26;SE;235;53,9;ITABAIANA;Reação tardia ou ineficiente do condutor;Sem Vítimas;3;Chuva;Pleno dia;quarta-feira;Colisão traseira;Simples;0;0;-10.684707;-37.440544;Segura;Nordeste;2 Trimestre
671876;2025.0;n;4.0;2025-04-05;MG;381;206,8;NAQUE;Demais falhas mecânicas ou elétricas;Com Vítimas Fatais;5;Nublado;Plena Noite;sábado;Colisão frontal;Simples;1;3;-19,188884;-42,270284;Perigosa;Sudeste;2 Trimestre
617991;2024.0;n;7.0;2024-07-31;PR;376;653;TIJUCAS DO SUL;Demais falhas mecânicas ou elétricas;Sem Vítimas;2;Nublado;Amanhecer;quarta-feira;Incêndio;Dupla;0;0;-25.84420191;-49.0604381;Segura;Sul;3 Trimestre
687832;2025.0;n;4.0;2025-04-28;RS;290;102;PORTO ALEGRE;Problema com o freio;Sem Vítimas;5;Céu Claro;Pleno dia;segunda-feira;Colisão traseira;Dupla;0;0;-29,98974831;-51,26519404;Segura;Sul;2 Trimestre
578794;2024.0;n;2.0;2024-02-03;PE;423;97,3;GARANHUNS;Acessar a via sem observar a presença dos outros veículos;Com Vítimas Fatais;3;Céu Claro;Pleno dia;sábado;Colisão transversal;Simples;1;0;-8.8796227;-36.49484286;Perigosa;Nordeste;1 Trimestre
579069;2024.0;n;2.0;2024-02-04;MS;262;240;RIBAS DO RIO PARDO;Ingestão de álcool pelo condutor;Com Vítimas Feridas;6;Céu Claro;Anoitecer;domingo;Colisão traseira;Simples;0;0;-20.45766622;-53.76551998;Segura;Centro-Oeste;1 Trimestre
654566;2025.0;n;1.0;2025-01-12;TO;153;679;CARIRI DO TOCANTINS;Ausência de reação do condutor;Sem Vítimas;3;Garoa/Chuvisco;Amanhecer;domingo;Colisão lateral sentido oposto;Simples;0;0;-11,78176489;-49,11301313;Segura;Norte;1 Trimestre
618431;2024.0;n;8.0;2024-08-01;RJ;116;270,4;BARRA MANSA;Ausência de reação do condutor;Com Vítimas Feridas;3;Céu Claro;Plena Noite;quinta-feira;Colisão traseira;Dupla;0;0;-22.56923335;-44.12024318;Segura;Sudeste;3 Trimestre
687048;2025.0;n;4.0;2025-04-24;RJ;116;110;GUAPIMIRIM;Demais falhas mecânicas ou elétricas;Sem Vítimas;1;Céu Claro;Pleno dia;quinta-feira;Incêndio;Dupla;0;0;-22,546126;-42,987935;Segura;Sudeste;2 Trimestre
607812;2024.0;n;6.0;2024-06-16;RS;392;1,4;RIO GRANDE;Pedestre andava na pista;Com Vítimas Feridas;2;Céu Claro;Plena Noite;domingo;Atropelamento de Pedestre;Simples;0;1;-32.04488513;-52.0855305;Perigosa;Sul;2 Trimestre
579622;2024.0;n;2.0;2024-02-07;SP;116;520;CAJATI;Reação tardia ou ineficiente do condutor;Com Vítimas Feridas;2;Céu Claro;Pleno dia;quarta-feira;Saída de leito carroçável;Simples;0;0;-24.89364369;-48.24164206;Segura;Sudeste;1 Trimestre
664255;2025.0;n;2.0;2025-02-28;MG;262;481;CONTAGEM;Velocidade Incompatível;Com Vítimas Feridas;3;Sol;Pleno dia;sexta-feira;Tombamento;Dupla;0;0;-19,95860061;-44,06208027;Segura;Sudeste;1 Trimestre
658262;2025.0;n;1.0;2025-01-30;PR;476;145;CURITIBA;Reação tardia ou ineficiente do condutor;Com Vítimas Feridas;3;Céu Claro;Pleno dia;quinta-feira;Colisão traseira;Dupla;0;1;-25,5499628;-49,3269815;Perigosa;Sul;1 Trimestre
661756;2025.0;n;2.0;2025-02-16;MT;70;695;CACERES;Problema com o freio;Com Vítimas Feridas;2;Nublado;Pleno dia;domingo;Tombamento;Simples;0;0;-16,20506165;-57,40494303;Segura;Centro-Oeste;1 Trimestre
582014;2024.0;n;2.0;2024-02-19;SP;116;222;GUARULHOS;Reação tardia ou ineficiente do condutor;Com Vítimas Feridas;3;Sol;Pleno dia;segunda-feira;Colisão lateral mesmo sentido;Múltipla;0;0;-23.47093408;-46.51631097;Segura;Sudeste;1 Trimestre
608993;2024.0;n;6.0;2024-06-21;RJ;116;310,8;RESENDE;Suicídio (presumido);Com Vítimas Fatais;2;Céu Claro;Pleno dia;sexta-feira;Atropelamento de Pedestre;Dupla;1;0;-22.45923593;-44.434776;Perigosa;Sudeste;2 Trimestre
666472;2025.0;n;3.0;2025-03-10;MG;365;713,5;MONTE ALEGRE DE MINAS;Problema com o freio;Com Vítimas Feridas;1;Céu Claro;Plena Noite;segunda-feira;Atropelamento de Pedestre;Simples;0;0;-18,87924468;-49,08082008;Segura;Sudeste;1 Trimestre
604445;2024.0;n;5.0;2024-05-30;MG;365;407;PATOS DE MINAS;Ultrapassagem Indevida;Sem Vítimas;9;Céu Claro;Pleno dia;quinta-feira;Colisão lateral sentido oposto;Múltipla;0;0;-18.64392302;-46.49892399;Segura;Sudeste;2 Trimestre
668327;2025.0;n;3.0;2025-03-19;PR;376;491;PONTA GROSSA;Reação tardia ou ineficiente do condutor;Com Vítimas Fatais;9;Céu Claro;Plena Noite;quarta-feira;Engavetamento;Dupla;1;0;-25,1094813;-50,1902161;Perigosa;Sul;1 Trimestre
663588;2025.0;n;2.0;2025-02-25;CE;116;19;EUSEBIO;Acessar a via sem observar a presença dos outros veículos;Com Vítimas Feridas;3;Nublado;Pleno dia;terça-feira;Colisão transversal;Dupla;0;0;-3,91819259;-38,50735903;Segura;Nordeste;1 Trimestre
619165;2024.0;n;8.0;2024-08-05;SP;116;110;TAUBATE;Reação tardia ou ineficiente do condutor;Com Vítimas Feridas;4;Céu Claro;Plena Noite;segunda-feira;Colisão traseira;Dupla;0;0;-23.03412614;-45.5526999;Segura;Sudeste;3 Trimestre
654934;2025.0;n;1.0;2025-01-13;BA;116;810;VITORIA DA CONQUISTA;Condutor deixou de manter distância do veículo da frente;Com Vítimas Feridas;2;Nublado;Plena Noite;segunda-feira;Colisão traseira;Simples;0;0;-14,75189084;-40,68129309;Segura;Nordeste;1 Trimestre
686389;2025.0;y;4.0;2025-04-21;GO;452;20;RIO VERDE;Reação tardia ou ineficiente do condutor;Com Vítimas Feridas;3;Céu Claro;Pleno dia;segunda-feira;Saída de leito carroçável;Simples;0;0;-17,86693307;-50,73536754;Segura;Centro-Oeste;2 Trimestre
595625;2024.0;n;4.0;2024-04-22;MG;262;426,5;SAO GONCALO DO PARA;Condutor deixou de manter distância do veículo da frente;Com Vítimas Feridas;4;Sol;Pleno dia;segunda-feira;Colisão traseira;Dupla;0;1;-19.89040018;-44.83417511;Perigosa;Sudeste;2 Trimestre
620176;2024.0;n;8.0;2024-08-09;MG;365;93;JEQUITAI;Velocidade Incompatível;Com Vítimas Fatais;3;Céu Claro;Plena Noite;sexta-feira;Saída de leito carroçável;Múltipla;2;0;-17.21604745;-44.45298992;Perigosa;Sudeste;3 Trimestre
586676;2024.0;n;3.0;2024-03-11;MG;40;467;SETE LAGOAS;Demais falhas mecânicas ou elétricas;Com Vítimas Feridas;1;Céu Claro;Plena Noite;segunda-feira;Colisão com objeto;Dupla;0;0;-19.43835777;-44.33103681;Segura;Sudeste;1 Trimestre
584358;2024.0;n;3.0;2024-03-01;SC;101;257,3;PAULO LOPES;Acessar a via sem observar a presença dos outros veículos;Com Vítimas Feridas;3;Garoa/Chuvisco;Plena Noite;sexta-feira;Colisão traseira;Simples;0;0;-28.00116527;-48.68971109;Segura;Sul;1 Trimestre
605443;2024.0;n;6.0;2024-06-05;PR;153;68;CONSELHEIRO MAIRINCK;Acessar a via sem observar a presença dos outros veículos;Com Vítimas Feridas;2;Céu Claro;Plena Noite;quarta-feira;Colisão transversal;Simples;0;0;-23.50738555;-50.11155541;Segura;Sul;2 Trimestre
600797;2024.0;n;5.0;2024-05-16;SC;101;210,2;SAO JOSE;Ausência de reação do condutor;Sem Vítimas;3;Céu Claro;Plena Noite;quinta-feira;Colisão lateral mesmo sentido;Múltipla;0;0;-27.6167305;-48.6457265;Segura;Sul;2 Trimestre
590723;2024.0;n;3.0;2024-03-26;PR;476;232,8;LAPA;Velocidade Incompatível;Com Vítimas Feridas;2;Sol;Pleno dia;terça-feira;Tombamento;Simples;0;0;-25.883068;-49.998787;Segura;Sul;1 Trimestre
662175;2025.0;n;2.0;2025-02-18;RJ;393;180;PARAIBA DO SUL;Demais falhas mecânicas ou elétricas;Com Vítimas Feridas;3;Céu Claro;Pleno dia;terça-feira;Colisão transversal;Simples;0;1;-22,13776891;-43,26535642;Perigosa;Sudeste;1 Trimestre
601301;2024.0;n;5.0;2024-05-18;RS;285;324;PASSO FUNDO;Condutor deixou de manter distância do veículo da frente;Sem Vítimas;2;Garoa/Chuvisco;Pleno dia;sábado;Colisão lateral mesmo sentido;Simples;0;0;-28.269268;-52.659126;Segura;Sul;2 Trimestre
593196;2024.0;n;4.0;2024-04-10;MG;381;407,5;NOVA UNIAO;Demais falhas mecânicas ou elétricas;Sem Vítimas;2;Céu Claro;Plena Noite;quarta-feira;Incêndio;Dupla;0;0;-19.74424699;-43.55031967;Segura;Sudeste;2 Trimestre
605893;2024.0;n;6.0;2024-06-07;MG;153;14,8;CENTRALINA;Ausência de reação do condutor;Com Vítimas Feridas;3;Céu Claro;Plena Noite;sexta-feira;Saída de leito carroçável;Dupla;0;1;-18.542202;-49.19366;Perigosa;Sudeste;2 Trimestre
583659;2024.0;n;2.0;2024-02-15;PR;277;35,5;MORRETES;Reação tardia ou ineficiente do condutor;Sem Vítimas;4;Garoa/Chuvisco;Pleno dia;quinta-feira;Colisão traseira;Dupla;0;0;-25.55225338;-48.79892578;Segura;Sul;1 Trimestre
624281;2024.0;n;8.0;2024-08-29;MG;40;408,4;CURVELO;Ultrapassagem Indevida;Com Vítimas Feridas;4;Céu Claro;Pleno dia;quinta-feira;Colisão lateral sentido oposto;Simples;0;1;-19.10724;-44.65114;Perigosa;Sudeste;3 Trimestre
619793;2024.0;n;8.0;2024-08-08;BA;116;689;JEQUIE;Demais falhas mecânicas ou elétricas;Sem Vítimas;2;Nublado;Amanhecer;quinta-feira;Incêndio;Simples;0;0;-13.92941602;-40.16096286;Segura;Nordeste;3 Trimestre
576517;2024.0;n;1.0;2024-01-22;SP;116;399;MIRACATU;Manobra de mudança de faixa;Com Vítimas Feridas;2;Chuva;Plena Noite;segunda-feira;Colisão lateral mesmo sentido;Dupla;0;0;-24.30685192;-47.49673259;Segura;Sudeste;1 Trimestre
654322;2025.0;n;1.0;2025-01-10;SP;116;209,9;GUARULHOS;Ausência de reação do condutor;Com Vítimas Feridas;1;Nublado;Plena Noite;sexta-feira;Colisão com objeto;Dupla;0;0;-23,42511799;-46,40221101;Segura;Sudeste;1 Trimestre
661735;2025.0;n;2.0;2025-02-16;MG;262;478,8;BOM DESPACHO;Acessar a via sem observar a presença dos outros veículos;Com Vítimas Feridas;2;Céu Claro;Pleno dia;domingo;Colisão transversal;Simples;0;0;-19,78767779;-45,22989387;Segura;Sudeste;1 Trimestre
576316;2024.0;n;1.0;2024-01-21;MT;70;693;CACERES;Problema com o freio;Com Vítimas Fatais;4;Céu Claro;Pleno dia;domingo;Colisão frontal;Simples;2;0;-16.20283274;-57.38693613;Perigosa;Centro-Oeste;1 Trimestre
609291;2024.0;n;6.0;2024-06-22;PI;316;19,7;TERESINA;Conversão proibida;Com Vítimas Feridas;5;Sol;Pleno dia;sábado;Colisão transversal;Múltipla;0;0;-5.265623;-42.727868;Segura;Nordeste;2 Trimestre
622957;2024.0;n;8.0;2024-08-22;RO;364;797;PORTO VELHO;Carga excessiva e/ou mal acondicionada;Com Vítimas Feridas;1;Céu Claro;Plena Noite;quinta-feira;Capotamento;Simples;0;0;-9.2477219;-64.37163705;Segura;Norte;3 Trimestre
595778;2024.0;n;4.0;2024-04-22;MG;381;327;NOVA ERA;Transitar no Acostamento;Com Vítimas Feridas;2;Céu Claro;Plena Noite;segunda-feira;Atropelamento de Pedestre;Simples;0;1;-19.76723696;-43.04699067;Perigosa;Sudeste;2 Trimestre
591546;2024.0;n;4.0;2024-04-03;MG;262;414;IGARATINGA;Condutor deixou de manter distância do veículo da frente;Com Vítimas Fatais;4;Nublado;Pleno dia;quarta-feira;Colisão traseira;Dupla;1;0;-19.90339593;-44.66308607;Perigosa;Sudeste;2 Trimestre
582930;2024.0;n;2.0;2024-02-24;BA;101;24,5;ESPLANADA;Ausência de reação do condutor;Com Vítimas Fatais;3;Céu Claro;Amanhecer;sábado;Saída de leito carroçável;Dupla;1;0;-11.73553002;-37.93456395;Perigosa;Nordeste;1 Trimestre
576141;2024.0;n;1.0;2024-01-21;SP;116;511;CAJATI;Velocidade Incompatível;Com Vítimas Feridas;2;Céu Claro;Pleno dia;domingo;Tombamento;Dupla;0;1;-24.83558399;-48.2223738;Perigosa;Sudeste;1 Trimestre
618654;2024.0;n;8.0;2024-08-03;BA;116;9,9;VITORIA DA CONQUISTA;Transitar na contramão;Com Vítimas Fatais;2;Nublado;Plena Noite;sábado;Colisão frontal;Simples;1;0;-14.85454088;-40.88047028;Perigosa;Nordeste;3 Trimestre