id;ano;feriado;mes;data_inversa;uf;br;km;municipio;causa_acidente;classificacao_acidente;veiculos;condicao_metereologica;fase_dia;dia_semana;tipo_acidente;tipo_pista;mortos;feridos_graves;latitude;longitude;status;regiao;periodo
604400;2024.0;n;6.0;2024-06-01;PB;230;152;CAMPINA GRANDE;Desvio temporário;Sem Vítimas;5;Céu Claro;Pleno dia;sábado;Colisão lateral mesmo sentido;Simples;0;0;-7.2688;-35.8837;Segura;Nordeste;2 Trimestre
608093;2024.0;n;6.0;2024-06-17;CE;20;392;CAUCAIA;Condutor deixou de manter distância do veículo da frente;Com Vítimas Fatais;4;Céu Claro;Pleno dia;segunda-feira;Colisão traseira;Simples;1;0;-3.84340429;-38.77220576;Perigosa;Nordeste;2 Trimestre
620025;2024.0;n;8.0;2024-08-01;MS;163;253,9;DOURADOS;Ausência de reação do condutor;Sem Vítimas;2;Céu Claro;Pleno dia;quinta-feira;Tombamento;Dupla;0;0;-22.27885392;-54.82235352;Segura;Centro-Oeste;3 Trimestre
608951;2024.0;n;6.0;2024-06-10;PR;277;196,4;PALMEIRA;Reação tardia ou ineficiente do condutor;Com Vítimas Feridas;5;Céu Claro;Pleno dia;segunda-feira;Engavetamento;Simples;0;0;-25.43726675;-50.16777812;Segura;Sul;2 Trimestre
580019;2024.0;n;2.0;2024-02-09;MG;262;185;SAO DOMINGOS DO PRATA;Condutor Dormindo;Sem Vítimas;2;Céu Claro;Amanhecer;sexta-feira;Tombamento;Simples;0;0;-19.88347238;-43.04926873;Segura;Sudeste;1 Trimestre
669146;2025.0;n;3.0;2025-03-23;MG;251;334;RUBELITA;Reação tardia ou ineficiente do condutor;Com Vítimas Fatais;8;Céu Claro;Pleno dia;domingo;Saída de leito carroçável;Simples;1;0;-16,264152;-42,410249;Perigosa;Sudeste;1 Trimestre
622274;2024.0;n;8.0;2024-08-19;RS;392;5,2;RIO GRANDE;Acessar a via sem observar a presença dos outros veículos;Com Vítimas Feridas;3;Garoa/Chuvisco;Pleno dia;segunda-feira;Colisão transversal;Simples;0;1;-32.07687877;-52.10166627;Perigosa;Sul;3 Trimestre
652954;2025.0;n;1.0;2025-01-03;PA;230;111;MARABA;Ausência de reação do condutor;Com Vítimas Feridas;2;Céu Claro;Pleno dia;sexta-feira;Colisão traseira;Simples;0;0;-5,37139594;-49,04004698;Segura;Norte;1 Trimestre
623447;2024.0;n;8.0;2024-08-24;BA;235;145;JEREMOABO;Velocidade Incompatível;Com Vítimas Fatais;1;Céu Claro;Plena Noite;sábado;Saída de leito carroçável;Simples;2;0;-9.89892785;-38.83576505;Perigosa;Nordeste;3 Trimestre
663020;2025.0;n;2.0;2025-02-22;SC;280;291,4;PORTO UNIAO;Acessar a via sem observar a presença dos outros veículos;Com Vítimas Feridas;4;Céu Claro;Pleno dia;sábado;Colisão transversal;Simples;0;0;-26,29591587;-50,93223095;Segura;Sul;1 Trimestre
592641;2024.0;n;4.0;2024-04-07;SC;280;292;PORTO UNIAO;Condutor Dormindo;Com Vítimas Feridas;3;Nublado;Plena Noite;domingo;Saída de leito carroçável;Simples;0;0;-26.29558883;-50.94094276;Segura;Sul;2 Trimestre
581030;2024.0;n;2.0;2024-02-13;GO;153;310,1;RIALMA;Condutor Dormindo;Com Vítimas Feridas;3;Céu Claro;Plena Noite;terça-feira;Colisão lateral sentido oposto;Simples;0;0;-15.395206;-49.54552;Segura;Centro-Oeste;1 Trimestre
659605;2025.0;n;2.0;2025-02-06;RJ;116;212;SEROPEDICA;Manobra de mudança de faixa;Sem Vítimas;2;Céu Claro;Pleno dia;quinta-feira;Colisão lateral mesmo sentido;Múltipla;0;0;-22,71844298;-43,700897;Segura;Sudeste;1 Trimestre
660953;2025.0;n;2.0;2025-02-12;RS;287;337;SAO VICENTE DO SUL;Reação tardia ou ineficiente do condutor;Sem Vítimas;2;Céu Claro;Pleno dia;quarta-feira;Saída de leito carroçável;Simples;0;0;-29,62096191;-54,68007376;Segura;Sul;1 Trimestre
659293;2025.0;n;2.0;2025-02-04;PB;230;158,8;CAMPINA GRANDE;Ingestão de álcool pelo condutor;Com Vítimas Feridas;2;Chuva;Plena Noite;terça-feira;Colisão transversal;Simples;0;0;-7,25626322;-35,92903733;Segura;Nordeste;1 Trimestre
601184;2024.0;n;5.0;2024-05-17;RS;116;51;VACARIA;Ausência de reação do condutor;Com Vítimas Feridas;1;Garoa/Chuvisco;Plena Noite;sexta-feira;Tombamento;Simples;0;0;-28.57740576;-51.01783504;Segura;Sul;2 Trimestre
669753;2025.0;n;3.0;2025-03-26;RJ;40;36,5;PETROPOLIS;Pista Escorregadia;Com Vítimas Feridas;1;Chuva;Pleno dia;quarta-feira;Colisão com objeto;Dupla;0;0;-22,2855168;-43,122688;Segura;Sudeste;1 Trimestre
586616;2024.0;n;3.0;2024-03-11;MG;381;444;SANTA LUZIA;Transitar no Acostamento;Com Vítimas Feridas;3;Céu Claro;Pleno dia;segunda-feira;Atropelamento de Pedestre;Simples;0;1;-19.80954804;-43.79055977;Perigosa;Sudeste;1 Trimestre
576641;2024.0;n;1.0;2024-01-23;MT;163;76,6;RONDONOPOLIS;Problema na suspensão;Com Vítimas Feridas;1;Céu Claro;Pleno dia;terça-feira;Tombamento;Dupla;0;0;-16.85115987;-54.70475037;Segura;Centro-Oeste;1 Trimestre
626233;2024.0;n;9.0;2024-09-06;PE;232;171;BELO JARDIM;Ingestão de álcool pelo condutor;Sem Vítimas;3;Céu Claro;Plena Noite;sexta-feira;Colisão lateral sentido oposto;Simples;0;0;-8.34239456;-36.35216713;Segura;Nordeste;3 Trimestre
592215;2024.0;n;4.0;2024-04-06;GO;364;12;SAO SIMAO;Ultrapassagem Indevida;Com Vítimas Feridas;4;Céu Claro;Anoitecer;sábado;Colisão lateral mesmo sentido;Simples;0;0;-18.980635;-50.589607;Segura;Centro-Oeste;2 Trimestre
598314;2024.0;n;5.0;2024-05-04;GO;452;21;RIO VERDE;Demais falhas mecânicas ou elétricas;Sem Vítimas;4;Céu Claro;Pleno dia;sábado;Incêndio;Simples;0;0;-17.87416193;-50.72575996;Segura;Centro-Oeste;2 Trimestre
653540;2025.0;n;1.0;2025-01-06;RJ;101;443;MANGARATIBA;Chuva;Com Vítimas Feridas;2;Chuva;Pleno dia;segunda-feira;Colisão traseira;Simples;0;1;-22,98107919;-44,08441596;Perigosa;Sudeste;1 Trimestre
686659;2025.0;n;4.0;2025-04-22;RS;158;140,5;CONDOR;Condutor Dormindo;Com Vítimas Feridas;1;Céu Claro;Pleno dia;terça-feira;Saída de leito carroçável;Simples;0;0;-28,20593038;-53,47280324;Segura;Sul;2 Trimestre
622982;2024.0;n;8.0;2024-08-22;PE;116;58,3;CABROBO;Pedestre - Ingestão de álcool/ substâncias psicoativas;Com Vítimas Fatais;2;Céu Claro;Plena Noite;quinta-feira;Atropelamento de Pedestre;Simples;1;0;-8.347415;-39.13991;Perigosa;Nordeste;3 Trimestre
622220;2024.0;n;8.0;2024-08-19;SP;116;59,1;GUARATINGUETA;Condutor Dormindo;Com Vítimas Feridas;2;Céu Claro;Plena Noite;segunda-feira;Colisão traseira;Dupla;0;0;-22.78410958;-45.15152741;Segura;Sudeste;3 Trimestre
580005;2024.0;n;2.0;2024-02-09;CE;116;192,8;LIMOEIRO DO NORTE;Velocidade Incompatível;Sem Vítimas;2;Nublado;Pleno dia;sexta-feira;Saída de leito carroçável;Simples;0;0;-5.13121505;-38.15484932;Segura;Nordeste;1 Trimestre
597906;2024.0;n;5.0;2024-05-02;ES;101;193,6;ARACRUZ;Reação tardia ou ineficiente do condutor;Com Vítimas Feridas;2;Céu Claro;Plena Noite;quinta-feira;Tombamento;Simples;0;1;-19.69809864;-40.30350816;Perigosa;Sudeste;2 Trimestre
591346;2024.0;n;4.0;2024-04-02;MG;251;474,5;FRANCISCO SA;Pista Escorregadia;Com Vítimas Feridas;2;Chuva;Pleno dia;terça-feira;Saída de leito carroçável;Simples;0;0;-16.47130466;-43.45673904;Segura;Sudeste;2 Trimestre
601595;2024.0;n;5.0;2024-05-19;MT;163;841;SINOP;Transitar na contramão;Com Vítimas Fatais;4;Sol;Pleno dia;domingo;Colisão frontal;Simples;1;0;-11.94214306;-55.51630378;Perigosa;Centro-Oeste;2 Trimestre
618047;2024.0;n;7.0;2024-07-31;PR;116;8;CAMPINA GRANDE DO SUL;Reação tardia ou ineficiente do condutor;Com Vítimas Feridas;3;Garoa/Chuvisco;Pleno dia;quarta-feira;Colisão lateral mesmo sentido;Dupla;0;0;-25.08123277;-48.62449108;Segura;Sul;3 Trimestre
615122;2024.0;n;7.0;2024-07-17;PI;343;218;CAPITAO DE CAMPOS;Ausência de sinalização;Com Vítimas Feridas;3;Céu Claro;Plena Noite;quarta-feira;Colisão transversal;Simples;0;0;-4.496431;-41.953682;Segura;Nordeste;3 Trimestre
601701;2024.0;n;5.0;2024-05-19;MG;262;520,1;LUZ;Velocidade Incompatível;Com Vítimas Feridas;2;Céu Claro;Plena Noite;domingo;Colisão transversal;Simples;0;1;-19.78350352;-45.65591812;Perigosa;Sudeste;2 Trimestre
582993;2024.0;n;2.0;2024-02-24;MT;158;543;AGUA BOA;Condutor deixou de manter distância do veículo da frente;Com Vítimas Feridas;2;Céu Claro;Pleno dia;sábado;Colisão traseira;Simples;0;1;-13.861447;-52.062259;Perigosa;Centro-Oeste;1 Trimestre
587314;2024.0;n;3.0;2024-03-15;CE;116;13;FORTALEZA;Ingestão de álcool pelo condutor;Com Vítimas Feridas;2;Chuva;Plena Noite;sexta-feira;Colisão lateral mesmo sentido;Simples;0;1;-3.86088501;-38.49715296;Perigosa;Nordeste;1 Trimestre
587548;2024.0;n;3.0;2024-03-15;RJ;101;332;RIO DE JANEIRO;Ausência de reação do condutor;Com Vítimas Feridas;2;Céu Claro;Plena Noite;sexta-feira;Colisão traseira;Dupla;0;0;-22.87133305;-43.20407695;Segura;Sudeste;1 Trimestre
602306;2024.0;n;5.0;2024-05-22;BA;242;254;BOA VISTA DO TUPIM;Problema com o freio;Sem Vítimas;2;Céu Claro;Pleno dia;quarta-feira;Incêndio;Simples;0;0;-12.493283;-40.508964;Segura;Nordeste;2 Trimestre
627696;2024.0;n;9.0;2024-09-13;RS;287;313,9;SAO VICENTE DO SUL;Ausência de reação do condutor;Com Vítimas Feridas;4;Céu Claro;Pleno dia;sexta-feira;Saída de leito carroçável;Simples;0;0;-29.65949064;-54.50373173;Segura;Sul;3 Trimestre
656711;2025.0;n;1.0;2025-01-22;AL;104;90;RIO LARGO;Avarias e/ou desgaste excessivo no pneu;Com Vítimas Feridas;6;Céu Claro;Anoitecer;quarta-feira;Engavetamento;Dupla;0;0;-9,50898856;-35,80777135;Segura;Nordeste;1 Trimestre
594623;2024.0;n;4.0;2024-04-17;SC;101;275;IMBITUBA;Ausência de reação do condutor;Com Vítimas Feridas;2;Céu Claro;Plena Noite;quarta-feira;Colisão traseira;Múltipla;0;0;-28.138086;-48.69218292;Segura;Sul;2 Trimestre
688046;2025.0;n;4.0;2025-04-29;MG;459;74,2;SENADOR JOSE BENTO;Demais falhas mecânicas ou elétricas;Com Vítimas Feridas;1;Céu Claro;Pleno dia;terça-feira;Atropelamento de Pedestre;Simples;0;1;-22,129833;-46,146463;Perigosa;Sudeste;2 Trimestre
663140;2025.0;n;2.0;2025-02-23;AM;174;898;MANAUS;Avarias e/ou desgaste excessivo no pneu;Sem Vítimas;1;Garoa/Chuvisco;Pleno dia;domingo;Colisão com objeto;Simples;0;0;-2,85713;-60,037662;Segura;Norte;1 Trimestre
627504;2024.0;n;9.0;2024-09-12;PR;476;255,5;ANTONIO OLINTO;Ausência de reação do condutor;Com Vítimas Feridas;2;Céu Claro;Pleno dia;quinta-feira;Saída de leito carroçável;Simples;0;0;-25.89048028;-50.20197019;Segura;Sul;3 Trimestre
576749;2024.0;n;1.0;2024-01-24;SC;280;46,6;GUARAMIRIM;Chuva;Com Vítimas Feridas;2;Chuva;Plena Noite;quarta-feira;Saída de leito carroçável;Simples;0;0;-26.453163;-48.914103;Segura;Sul;1 Trimestre
663327;2025.0;n;2.0;2025-02-24;PB;230;36;SANTA RITA;Demais falhas mecânicas ou elétricas;Com Vítimas Feridas;6;Céu Claro;Pleno dia;segunda-feira;Engavetamento;Dupla;0;0;-7,125307;-34,947477;Segura;Nordeste;1 Trimestre
575222;2024.0;n;1.0;2024-01-17;PB;101;86,2;JOAO PESSOA;Manobra de mudança de faixa;Com Vítimas Feridas;3;Céu Claro;Pleno dia;quarta-feira;Colisão lateral mesmo sentido;Dupla;0;0;-7.15118983;-34.91012184;Segura;Nordeste;1 Trimestre
666709;2025.0;n;3.0;2025-03-12;MG;40;603,6;CONGONHAS;Velocidade Incompatível;Com Vítimas Feridas;1;Céu Claro;Pleno dia;quarta-feira;Colisão com objeto;Simples;0;1;-20,4768177;-43,8424204;Perigosa;Sudeste;1 Trimestre
606576;2024.0;n;6.0;2024-06-10;SC;282;516;XAXIM;Frear bruscamente;Sem Vítimas;4;Céu Claro;Pleno dia;segunda-feira;Engavetamento;Simples;0;0;-26.930862;-52.499157;Segura;Sul;2 Trimestre
610773;2024.0;n;5.0;2024-05-12;MG;365;185;BURITIZEIRO;Ausência de reação do condutor;Com Vítimas Feridas;3;Céu Claro;Pleno dia;domingo;Colisão transversal;Simples;0;0;-17.42093999;-45.130373;Segura;Sudeste;2 Trimestre
589285;2024.0;n;3.0;2024-03-23;MT;70;131;GENERAL CARNEIRO;Velocidade Incompatível;Com Vítimas Feridas;3;Nublado;Pleno dia;sábado;Tombamento;Simples;0;0;-15.59942051;-53.20801222;Segura;Centro-Oeste;1 Trimestre
576186;2024.0;n;1.0;2024-01-21;MG;50;55;UBERLANDIA;Velocidade Incompatível;Com Vítimas Feridas;4;Céu Claro;Pleno dia;domingo;Tombamento;Dupla;0;0;-18.77290538;-48.24124319;Segura;Sudeste;1 Trimestre
606382;2024.0;n;6.0;2024-06-09;ES;262;186,3;IUNA;Transitar na contramão;Com Vítimas Fatais;2;Céu Claro;Plena Noite;domingo;Colisão frontal;Simples;1;0;-20.309915;-41.715498;Perigosa;Sudeste;2 Trimestre
670779;2025.0;n;3.0;2025-03-31;GO;153;86;SANTA TEREZA DE GOIAS;Reação tardia ou ineficiente do condutor;Com Vítimas Feridas;4;Garoa/Chuvisco;Pleno dia;segunda-feira;Colisão traseira;Simples;0;0;-13,55390748;-49,08047676;Segura;Centro-Oeste;1 Trimestre
661030;2025.0;n;2.0;2025-02-13;PE;101;118;ESCADA;Acesso irregular;Com Vítimas Fatais;2;Céu Claro;Plena Noite;quinta-feira;Atropelamento de Pedestre;Dupla;1;0;-8,35293357;-35,16028998;Perigosa;Nordeste;1 Trimestre
669917;2025.0;n;3.0;2025-03-27;ES;262;114;CONCEICAO DO CASTELO;Ultrapassagem Indevida;Com Vítimas Feridas;4;Céu Claro;Anoitecer;quinta-feira;Colisão frontal;Simples;0;1;-20,32286;-41,21502;Perigosa;Sudeste;1 Trimestre
589093;2024.0;n;3.0;2024-03-22;SC;470;52,6;BLUMENAU;Acessar a via sem observar a presença dos outros veículos;Com Vítimas Feridas;2;Céu Claro;Plena Noite;sexta-feira;Colisão transversal;Simples;0;0;-26.862286;-49.093903;Segura;Sul;1 Trimestre
654127;2025.0;n;1.0;2025-01-09;SP;116;512;CAJATI;Reação tardia ou ineficiente do condutor;Com Vítimas Fatais;2;Nublado;Plena Noite;quinta-feira;Tombamento;Dupla;1;0;-24,84304306;-48,22027915;Perigosa;Sudeste;1 Trimestre
670690;2025.0;n;3.0;2025-03-30;AC;317;145;CAPIXABA;Ingestão de álcool pelo condutor;Sem Vítimas;2;Céu Claro;Anoitecer;domingo;Colisão com objeto;Dupla;0;0;-10,5797712;-67,6802935;Segura;Norte;1 Trimestre
662639;2025.0;n;2.0;2025-02-20;MS;60;526,2;NIOAQUE;Manobra de mudança de faixa;Com Vítimas Feridas;4;Nublado;Plena Noite;quinta-feira;Colisão lateral sentido oposto;Simples;0;0;-21,13421845;-55,71165513;Segura;Centro-Oeste;1 Trimestre
586887;2024.0;n;3.0;2024-03-12;MG;381;791,8;SAO GONCALO DO SAPUCAI;Velocidade Incompatível;Com Vítimas Fatais;2;Céu Claro;Plena Noite;terça-feira;Tombamento;Dupla;1;0;-21.91694596;-45.58909701;Perigosa;Sudeste;1 Trimestre
618877;2024.0;n;8.0;2024-08-03;MG;251;365;PADRE CARVALHO;Acessar a via sem observar a presença dos outros veículos;Com Vítimas Feridas;3;Nublado;Anoitecer;sábado;Colisão transversal;Simples;0;1;-16.252354;-42.629025;Perigosa;Sudeste;3 Trimestre
611698;2024.0;n;7.0;2024-07-03;RS;290;243,9;CACHOEIRA DO SUL;Reação tardia ou ineficiente do condutor;Com Vítimas Feridas;3;Céu Claro;Pleno dia;quarta-feira;Colisão frontal;Simples;0;0;-30.22584832;-52.67429352;Segura;Sul;3 Trimestre
663828;2025.0;n;2.0;2025-02-26;MG;381;418;CAETE;Velocidade Incompatível;Com Vítimas Feridas;2;Céu Claro;Pleno dia;quarta-feira;Colisão traseira;Dupla;0;0;-19,74575412;-43,61782551;Segura;Sudeste;1 Trimestre
616002;2024.0;n;7.0;2024-07-02;RS;392;9,8;RIO GRANDE;Condutor deixou de manter distância do veículo da frente;Com Vítimas Feridas;4;Céu Claro;Pleno dia;terça-feira;Colisão lateral mesmo sentido;Dupla;0;0;-32.11610015;-52.12097891;Segura;Sul;3 Trimestre
575289;2024.0;n;1.0;2024-01-17;PR;376;236,9;APUCARANA;Velocidade Incompatível;Com Vítimas Feridas;3;Nublado;Pleno dia;quarta-feira;Tombamento;Dupla;0;0;-23.587315;-51.479771;Segura;Sul;1 Trimestre
574855;2024.0;n;1.0;2024-01-15;PE;101;68;RECIFE;Manobra de mudança de faixa;Com Vítimas Feridas;5;Céu Claro;Pleno dia;segunda-feira;Colisão lateral mesmo sentido;Dupla;0;0;-8.051295;-34.945959;Segura;Nordeste;1 Trimestre
590350;2024.0;n;3.0;2024-03-28;MG;381;938;EXTREMA;Estacionar ou parar em local proibido;Com Vítimas Feridas;3;Chuva;Plena Noite;quinta-feira;Colisão traseira;Dupla;0;0;-22.83909203;-46.32850893;Segura;Sudeste;1 Trimestre
653899;2025.0;n;1.0;2025-01-08;PI;316;1,1;TERESINA;Demais falhas mecânicas ou elétricas;Com Vítimas Feridas;3;Nublado;Pleno dia;quarta-feira;Colisão transversal;Simples;0;0;-5,12861853;-42,80706778;Segura;Nordeste;1 Trimestre
587150;2024.0;n;3.0;2024-03-14;BA;101;217;MURITIBA;Manobra de mudança de faixa;Com Vítimas Feridas;4;Céu Claro;Pleno dia;quinta-feira;Colisão lateral sentido oposto;Simples;0;1;-12.620522;-39.088215;Perigosa;Nordeste;1 Trimestre
657036;2025.0;n;1.0;2025-01-24;PR;277;280,7;PRUDENTOPOLIS;Ausência de reação do condutor;Sem Vítimas;1;Céu Claro;Pleno dia;sexta-feira;Saída de leito carroçável;Simples;0;0;-25,35860715;-50,91749114;Segura;Sul;1 Trimestre
652637;2025.0;y;1.0;2025-01-01;SC;280;102;SAO BENTO DO SUL;Chuva;Com Vítimas Feridas;1;Chuva;Pleno dia;quarta-feira;Queda de ocupante de veículo;Simples;0;1;-26,36381888;-49,34016753;Perigosa;Sul;1 Trimestre
655064;2025.0;n;1.0;2025-01-14;CE;222;163;IRAUCUBA;Velocidade Incompatível;Com Vítimas Feridas;1;Chuva;Pleno dia;terça-feira;Capotamento;Simples;0;0;-3,73219489;-39,90251996;Segura;Nordeste;1 Trimestre
668408;2025.0;n;3.0;2025-03-20;PE;104;68;CARUARU;Acessar a via sem observar a presença dos outros veículos;Com Vítimas Feridas;2;Céu Claro;Pleno dia;quinta-feira;Colisão lateral mesmo sentido;Dupla;0;0;-8,302386;-35,988715;Segura;Nordeste;1 Trimestre
591586;2024.0;n;4.0;2024-04-03;RO;364;713;PORTO VELHO;Acesso irregular;Com Vítimas Feridas;2;Céu Claro;Pleno dia;quarta-feira;Colisão transversal;Múltipla;0;0;-8.77150597;-63.88154984;Segura;Norte;2 Trimestre
619182;2024.0;n;8.0;2024-08-05;MG;381;365;SAO GONCALO DO RIO ABAIXO;Ausência de reação do condutor;Com Vítimas Feridas;4;Chuva;Amanhecer;segunda-feira;Colisão frontal;Simples;0;1;-19.854651;-43.261071;Perigosa;Sudeste;3 Trimestre
611457;2024.0;n;7.0;2024-07-02;SC;101;401;MARACAJA;Reação tardia ou ineficiente do condutor;Com Vítimas Feridas;1;Céu Claro;Pleno dia;terça-feira;Colisão com objeto;Dupla;0;1;-28.87594458;-49.4556427;Perigosa;Sul;3 Trimestre
593930;2024.0;n;4.0;2024-04-14;PR;476;314;PAULO FRONTIN;Velocidade Incompatível;Com Vítimas Feridas;4;Chuva;Amanhecer;domingo;Colisão lateral sentido oposto;Simples;0;0;-26.033367;-50.688385;Segura;Sul;2 Trimestre
589922;2024.0;n;3.0;2024-03-26;PE;407;118;PETROLINA;Acessar a via sem observar a presença dos outros veículos;Com Vítimas Feridas;2;Céu Claro;Anoitecer;terça-feira;Colisão transversal;Simples;0;0;-9.32245397;-40.56878794;Segura;Nordeste;1 Trimestre
579890;2024.0;n;2.0;2024-02-08;MA;10;314,5;ACAILANDIA;Condutor Dormindo;Com Vítimas Feridas;1;Céu Claro;Plena Noite;quinta-feira;Saída de leito carroçável;Simples;0;1;-4.997943;-47.531734;Perigosa;Nordeste;1 Trimestre
665781;2025.0;n;1.0;2025-01-02;RJ;101;384;RIO DE JANEIRO;Manobra de mudança de faixa;Com Vítimas Feridas;3;Céu Claro;Pleno dia;quinta-feira;Colisão lateral mesmo sentido;Dupla;0;0;-22,87911609;-43,62323999;Segura;Sudeste;1 Trimestre
661966;2025.0;n;2.0;2025-02-17;PR;153;15,5;JACAREZINHO;Velocidade Incompatível;Com Vítimas Feridas;2;Céu Claro;Pleno dia;segunda-feira;Tombamento;Simples;0;0;-23,1261823;-49,9440279;Segura;Sul;1 Trimestre
580989;2024.0;n;2.0;2024-02-13;MG;251;449;GRAO MOGOL;Velocidade Incompatível;Sem Vítimas;2;Céu Claro;Plena Noite;terça-feira;Colisão com objeto;Simples;0;0;-16.420528;-43.28967;Segura;Sudeste;1 Trimestre
606770;2024.0;n;6.0;2024-06-11;RJ;101;558;PARATY;Condutor deixou de manter distância do veículo da frente;Com Vítimas Feridas;2;Céu Claro;Pleno dia;terça-feira;Colisão traseira;Simples;0;0;-23.09727792;-44.70328307;Segura;Sudeste;2 Trimestre
608155;2024.0;n;6.0;2024-06-09;BA;116;777,9;PLANALTO;Transitar na contramão;Com Vítimas Fatais;3;Nevoeiro/Neblina;Pleno dia;domingo;Colisão frontal;Simples;1;1;-14.67172;-40.48183;Perigosa;Nordeste;2 Trimestre
608237;2024.0;n;6.0;2024-06-17;RS;290;90;PORTO ALEGRE;Ausência de reação do condutor;Com Vítimas Feridas;3;Nublado;Plena Noite;segunda-feira;Colisão traseira;Múltipla;0;0;-29.968319;-51.157398;Segura;Sul;2 Trimestre
591815;2024.0;n;4.0;2024-04-04;RO;364;517,9;ARIQUEMES;Acessar a via sem observar a presença dos outros veículos;Com Vítimas Feridas;3;Céu Claro;Pleno dia;quinta-feira;Colisão transversal;Simples;0;0;-9.90688101;-63.05581217;Segura;Norte;2 Trimestre
669070;2025.0;n;3.0;2025-03-23;MG;381;335;NOVA ERA;Velocidade Incompatível;Sem Vítimas;4;Céu Claro;Pleno dia;domingo;Colisão traseira;Simples;0;0;-19,78483613;-43,04421902;Segura;Sudeste;1 Trimestre
627113;2024.0;n;9.0;2024-09-10;CE;116;276,7;JAGUARIBARA;Manobra de mudança de faixa;Com Vítimas Feridas;2;Céu Claro;Pleno dia;terça-feira;Colisão frontal;Simples;0;1;-5.66554385;-38.45564334;Perigosa;Nordeste;3 Trimestre
590646;2024.0;n;3.0;2024-03-30;GO;364;310;MINEIROS;Ingestão de álcool pelo condutor;Com Vítimas Feridas;2;Céu Claro;Plena Noite;sábado;Colisão traseira;Simples;0;0;-17.488049;-52.553318;Segura;Centro-Oeste;1 Trimestre
616577;2024.0;n;7.0;2024-07-24;BA;101;294;VALENCA;Ausência de reação do condutor;Com Vítimas Feridas;3;Céu Claro;Pleno dia;quarta-feira;Colisão traseira;Simples;0;0;-13.3289761;-39.36492987;Segura;Nordeste;3 Trimestre
599523;2024.0;n;5.0;2024-05-10;TO;153;113,1;WANDERLANDIA;Ausência de reação do condutor;Com Vítimas Feridas;6;Céu Claro;Pleno dia;sexta-feira;Engavetamento;Simples;0;2;-6.975851;-48.09954403;Perigosa;Norte;2 Trimestre
589302;2024.0;n;3.0;2024-03-23;MS;163;481;CAMPO GRANDE;Pedestre andava na pista;Com Vítimas Feridas;5;Nublado;Plena Noite;sábado;Atropelamento de Pedestre;Simples;0;1;-20.46574669;-54.5582664;Perigosa;Centro-Oeste;1 Trimestre
620440;2024.0;n;8.0;2024-08-10;PE;423;103;CAETES;Ingestão de álcool pelo condutor;Com Vítimas Feridas;3;Céu Claro;Plena Noite;sábado;Colisão frontal;Simples;0;2;-8.87451577;-36.54667007;Perigosa;Nordeste;3 Trimestre
652667;2025.0;y;1.0;2025-01-01;SC;101;58;ARAQUARI;Reação tardia ou ineficiente do condutor;Com Vítimas Feridas;1;Chuva;Plena Noite;quarta-feira;Colisão com objeto;Múltipla;0;0;-26,44025049;-48,80129043;Segura;Sul;1 Trimestre
673798;2025.0;n;4.0;2025-04-15;BA;116;490;RAFAEL JAMBEIRO;Ausência de reação do condutor;Com Vítimas Feridas;6;Céu Claro;Pleno dia;terça-feira;Colisão traseira;Dupla;0;0;-12,566564;-39,485119;Segura;Nordeste;2 Trimestre
618077;2024.0;n;7.0;2024-07-31;MG;116;397,2;GOVERNADOR VALADARES;Acesso irregular;Com Vítimas Feridas;2;Céu Claro;Pleno dia;quarta-feira;Colisão transversal;Simples;0;0;-18.75570099;-41.98568765;Segura;Sudeste;3 Trimestre
607392;2024.0;n;6.0;2024-06-14;PE;232;63,1;POMBOS;Reação tardia ou ineficiente do condutor;Com Vítimas Feridas;4;Nublado;Amanhecer;sexta-feira;Colisão traseira;Dupla;0;1;-8.15842797;-35.43147902;Perigosa;Nordeste;2 Trimestre
575732;2024.0;n;1.0;2024-01-19;SC;101;71;ARAQUARI;Condutor deixou de manter distância do veículo da frente;Com Vítimas Feridas;2;Sol;Pleno dia;sexta-feira;Colisão traseira;Múltipla;0;0;-26.51864822;-48.71874636;Segura;Sul;1 Trimestre
586557;2024.0;n;3.0;2024-03-11;SC;101;203,4;SAO JOSE;Acessar a via sem observar a presença dos outros veículos;Com Vítimas Feridas;4;Céu Claro;Pleno dia;segunda-feira;Colisão transversal;Múltipla;0;1;-27.5650044;-48.61460082;Perigosa;Sul;1 Trimestre
614577;2024.0;n;7.0;2024-07-15;BA;101;236;CONCEICAO DO ALMEIDA;Reação tardia ou ineficiente do condutor;Com Vítimas Feridas;2;Céu Claro;Pleno dia;segunda-feira;Colisão traseira;Simples;0;0;-12.7678012;-39.182268;Segura;Nordeste;3 Trimestre
618593;2024.0;n;8.0;2024-08-02;BA;116;18,3;VITORIA DA CONQUISTA;Ingestão de álcool pelo condutor;Sem Vítimas;3;Nublado;Plena Noite;sexta-feira;Colisão lateral mesmo sentido;Simples;0;0;-14.89655407;-40.8300144;Segura;Nordeste;3 Trimestre
603108;2024.0;n;5.0;2024-05-26;PR;153;22;JACAREZINHO;Mal súbito do condutor;Com Vítimas Feridas;1;Céu Claro;Pleno dia;domingo;Colisão com objeto;Simples;0;1;-23.17225028;-49.96840286;Perigosa;Sul;2 Trimestre