id;ano;feriado;mes;data_inversa;uf;br;km;municipio;causa_acidente;classificacao_acidente;veiculos;condicao_metereologica;fase_dia;dia_semana;tipo_acidente;tipo_pista;mortos;feridos_graves;latitude;longitude;status;regiao;periodo
609943;2024.0;n;6.0;2024-06-25;MG;40;671;CARANDAI;Falta de acostamento;Com Vítimas Feridas;3;Céu Claro;Pleno dia;terça-feira;Saída de leito carroçável;Simples;0;1;-20.980681;-43.78116;Perigosa;Sudeste;2 Trimestre
653054;2025.0;n;1.0;2025-01-04;PR;277;345;GUARAPUAVA;Acessar a via sem observar a presença dos outros veículos;Com Vítimas Feridas;2;Céu Claro;Plena Noite;sábado;Colisão lateral mesmo sentido;Dupla;0;0;-25,33928412;-51,42880296;Segura;Sul;1 Trimestre
655491;2025.0;n;1.0;2025-01-16;SP;116;513;CAJATI;Reação tardia ou ineficiente do condutor;Com Vítimas Fatais;4;Garoa/Chuvisco;Anoitecer;quinta-feira;Saída de leito carroçável;Dupla;1;0;-24,85109616;-48,21802405;Perigosa;Sudeste;1 Trimestre
619241;2024.0;n;8.0;2024-08-05;PI;343;202;PIRIPIRI;Reação tardia ou ineficiente do condutor;Com Vítimas Feridas;3;Céu Claro;Pleno dia;segunda-feira;Colisão lateral sentido oposto;Simples;0;2;-4.395802;-41.859032;Perigosa;Nordeste;3 Trimestre
572699;2024.0;n;1.0;2024-01-05;ES;101;299;VIANA;Ultrapassagem Indevida;Com Vítimas Feridas;2;Céu Claro;Pleno dia;sexta-feira;Colisão lateral mesmo sentido;Dupla;0;0;-20.35860628;-40.42327504;Segura;Sudeste;1 Trimestre
594028;2024.0;n;4.0;2024-04-14;AL;101;39;FLEXEIRAS;Chuva;Sem Vítimas;2;Céu Claro;Pleno dia;domingo;Saída de leito carroçável;Dupla;0;0;-9.15664176;-35.76810669;Segura;Nordeste;2 Trimestre
666930;2025.0;n;2.0;2025-02-23;PR;476;14;ADRIANOPOLIS;Velocidade Incompatível;Com Vítimas Feridas;4;Céu Claro;Pleno dia;domingo;Colisão lateral sentido oposto;Simples;0;0;-24,73551;-48,984659;Segura;Sul;1 Trimestre
609961;2024.0;n;6.0;2024-06-25;MG;262;366;JUATUBA;Carga excessiva e/ou mal acondicionada;Sem Vítimas;2;Céu Claro;Pleno dia;terça-feira;Colisão com objeto;Dupla;0;0;-19.974217;-44.261798;Segura;Sudeste;2 Trimestre
599180;2024.0;n;5.0;2024-05-09;MA;316;238;BOM JARDIM;Condutor deixou de manter distância do veículo da frente;Com Vítimas Feridas;2;Nublado;Plena Noite;quinta-feira;Colisão traseira;Simples;0;1;-3.584501;-45.558907;Perigosa;Nordeste;2 Trimestre
653046;2025.0;n;1.0;2025-01-03;MG;40;495;ESMERALDAS;Demais falhas mecânicas ou elétricas;Sem Vítimas;1;Nevoeiro/Neblina;Plena Noite;sexta-feira;Incêndio;Dupla;0;0;-19,66258914;-44,19686822;Segura;Sudeste;1 Trimestre
610502;2024.0;n;6.0;2024-06-28;SP;116;224;GUARULHOS;Frear bruscamente;Com Vítimas Feridas;2;Céu Claro;Plena Noite;sexta-feira;Colisão traseira;Múltipla;0;0;-23.48071896;-46.53271603;Segura;Sudeste;2 Trimestre
653520;2025.0;n;1.0;2025-01-06;RS;285;202,3;LAGOA VERMELHA;Ultrapassagem Indevida;Com Vítimas Fatais;5;Céu Claro;Pleno dia;segunda-feira;Colisão frontal;Simples;1;1;-28,211273;-51,546356;Perigosa;Sul;1 Trimestre
602102;2024.0;n;5.0;2024-05-21;BA;101;525;BUERAREMA;Desrespeitar a preferência no cruzamento;Com Vítimas Feridas;2;Nublado;Anoitecer;terça-feira;Colisão transversal;Simples;0;1;-14.959458;-39.307725;Perigosa;Nordeste;2 Trimestre
628638;2024.0;n;9.0;2024-09-17;MG;381;921,3;CAMANDUCAIA;Velocidade Incompatível;Com Vítimas Feridas;2;Céu Claro;Plena Noite;terça-feira;Colisão com objeto;Dupla;0;0;-22.76273728;-46.1699152;Segura;Sudeste;3 Trimestre
663670;2025.0;n;2.0;2025-02-25;MA;10;320,1;ACAILANDIA;Acessar a via sem observar a presença dos outros veículos;Com Vítimas Feridas;2;Nublado;Anoitecer;terça-feira;Colisão transversal;Simples;0;0;-4,950763;-47,503347;Segura;Nordeste;1 Trimestre
653244;2025.0;n;1.0;2025-01-04;RJ;101;399;ITAGUAI;Condutor deixou de manter distância do veículo da frente;Com Vítimas Feridas;2;Céu Claro;Plena Noite;sábado;Colisão traseira;Dupla;0;0;-22,85921896;-43,75891497;Segura;Sudeste;1 Trimestre
666969;2025.0;n;3.0;2025-03-13;SC;282;424;VARGEM BONITA;Velocidade Incompatível;Com Vítimas Feridas;2;Céu Claro;Pleno dia;quinta-feira;Tombamento;Simples;0;0;-26,983402;-51,754258;Segura;Sul;1 Trimestre
607481;2024.0;n;6.0;2024-06-14;BA;101;105;ALAGOINHAS;Reação tardia ou ineficiente do condutor;Sem Vítimas;3;Céu Claro;Pleno dia;sexta-feira;Colisão transversal;Simples;0;0;-12.15963868;-38.41162324;Segura;Nordeste;2 Trimestre
622554;2024.0;n;8.0;2024-08-20;RS;287;355;JAGUARI;Reação tardia ou ineficiente do condutor;Com Vítimas Feridas;3;Nublado;Anoitecer;terça-feira;Tombamento;Simples;0;0;-29.48004395;-54.68516892;Segura;Sul;3 Trimestre
619483;2024.0;n;8.0;2024-08-06;BA;116;838,8;VITORIA DA CONQUISTA;Transitar na contramão;Com Vítimas Fatais;4;Nublado;Pleno dia;terça-feira;Colisão frontal;Simples;3;0;-14.97625949;-40.91598406;Perigosa;Nordeste;3 Trimestre
673478;2025.0;n;4.0;2025-04-13;MG;262;365;JUATUBA;Animais na Pista;Com Vítimas Feridas;2;Céu Claro;Anoitecer;domingo;Atropelamento de Animal;Dupla;0;1;-19,97225226;-44,30917842;Perigosa;Sudeste;2 Trimestre
575701;2024.0;n;1.0;2024-01-11;MT;364;349;SANTO ANTONIO DO LEVERGER;Reação tardia ou ineficiente do condutor;Com Vítimas Fatais;11;Nublado;Pleno dia;quinta-feira;Colisão traseira;Simples;1;1;-15.792835;-55.579763;Perigosa;Centro-Oeste;1 Trimestre
629674;2024.0;n;9.0;2024-09-21;SC;470;75,3;INDAIAL;Pedestre andava na pista;Com Vítimas Fatais;2;Céu Claro;Plena Noite;sábado;Atropelamento de Pedestre;Simples;1;0;-26.9275253;-49.2851533;Perigosa;Sul;3 Trimestre
599826;2024.0;n;5.0;2024-05-11;BA;242;872;LUIS EDUARDO MAGALHAES;Transitar na contramão;Com Vítimas Fatais;4;Céu Claro;Anoitecer;sábado;Colisão frontal;Simples;1;2;-12.07954714;-45.70585012;Perigosa;Nordeste;2 Trimestre
593654;2024.0;n;4.0;2024-04-13;PR;277;668,8;MEDIANEIRA;Velocidade Incompatível;Com Vítimas Fatais;3;Céu Claro;Plena Noite;sábado;Colisão traseira;Dupla;1;1;-25.27063805;-54.06252597;Perigosa;Sul;2 Trimestre
582168;2024.0;n;2.0;2024-02-20;PR;369;441,1;UBIRATA;Condutor Dormindo;Com Vítimas Feridas;1;Nevoeiro/Neblina;Pleno dia;terça-feira;Saída de leito carroçável;Simples;0;0;-24.5181;-52.9326;Segura;Sul;1 Trimestre
673681;2025.0;n;4.0;2025-04-14;SC;470;62;BLUMENAU;Acessar a via sem observar a presença dos outros veículos;Com Vítimas Feridas;2;Nublado;Pleno dia;segunda-feira;Colisão transversal;Simples;0;1;-26,88179432;-49,16375935;Perigosa;Sul;2 Trimestre
687115;2025.0;n;4.0;2025-04-13;MT;70;286;PRIMAVERA DO LESTE;Conversão proibida;Sem Vítimas;3;Céu Claro;Pleno dia;domingo;Colisão traseira;Simples;0;0;-15,575403;-54,344437;Segura;Centro-Oeste;2 Trimestre
579557;2024.0;n;2.0;2024-02-07;MG;381;432;SABARA;Velocidade Incompatível;Com Vítimas Feridas;2;Sol;Pleno dia;quarta-feira;Tombamento;Simples;0;0;-19.7872619;-43.7021304;Segura;Sudeste;1 Trimestre
598327;2024.0;n;5.0;2024-05-04;MT;70;561;NOSSA SENHORA DO LIVRAMENTO;Ultrapassagem Indevida;Com Vítimas Feridas;6;Céu Claro;Anoitecer;sábado;Colisão transversal;Simples;0;0;-15.70256664;-56.40612311;Segura;Centro-Oeste;2 Trimestre
666012;2025.0;n;3.0;2025-03-08;RS;386;306,6;POUSO NOVO;Velocidade Incompatível;Com Vítimas Feridas;2;Céu Claro;Plena Noite;sábado;Tombamento;Simples;0;1;-29,1983534;-52,18222618;Perigosa;Sul;1 Trimestre
588276;2024.0;n;3.0;2024-03-06;MG;50;27;ARAGUARI;Reação tardia ou ineficiente do condutor;Sem Vítimas;3;Nublado;Anoitecer;quarta-feira;Tombamento;Dupla;0;0;-18.61943321;-48.09375199;Segura;Sudeste;1 Trimestre
616407;2024.0;n;7.0;2024-07-23;PE;407;122,1;PETROLINA;Acessar a via sem observar a presença dos outros veículos;Com Vítimas Feridas;2;Céu Claro;Pleno dia;terça-feira;Colisão frontal;Simples;0;1;-9.356172;-40.549112;Perigosa;Nordeste;3 Trimestre
686595;2025.0;y;4.0;2025-04-21;PR;277;57;SAO JOSE DOS PINHAIS;Ausência de reação do condutor;Com Vítimas Feridas;4;Nevoeiro/Neblina;Plena Noite;segunda-feira;Colisão traseira;Dupla;0;0;-25,55204391;-49,0391922;Segura;Sul;2 Trimestre
665296;2025.0;n;3.0;2025-03-05;PR;277;347;GUARAPUAVA;Demais falhas mecânicas ou elétricas;Com Vítimas Feridas;1;Céu Claro;Pleno dia;quarta-feira;Eventos atípicos;Simples;0;0;-25,3772649;-51,5050048;Segura;Sul;1 Trimestre
666533;2025.0;n;3.0;2025-03-11;SC;282;1,1;FLORIANOPOLIS;Reação tardia ou ineficiente do condutor;Com Vítimas Feridas;2;Nublado;Pleno dia;terça-feira;Colisão traseira;Múltipla;0;0;-27,602854;-48,580285;Segura;Sul;1 Trimestre
667862;2025.0;n;3.0;2025-03-17;SC;282;68,5;RANCHO QUEIMADO;Problema com o freio;Com Vítimas Feridas;1;Céu Claro;Pleno dia;segunda-feira;Tombamento;Simples;0;1;-27,693467;-49,080683;Perigosa;Sul;1 Trimestre
626343;2024.0;y;9.0;2024-09-07;RJ;116;242;PIRAI;Mal súbito do condutor;Com Vítimas Feridas;1;Céu Claro;Pleno dia;sábado;Colisão com objeto;Dupla;0;0;-22.63522537;-43.90258636;Segura;Sudeste;3 Trimestre
598286;2024.0;n;5.0;2024-05-04;MG;40;612,1;CONGONHAS;Reação tardia ou ineficiente do condutor;Com Vítimas Feridas;3;Céu Claro;Pleno dia;sábado;Saída de leito carroçável;Simples;0;0;-20.5200894;-43.8324114;Segura;Sudeste;2 Trimestre
595111;2024.0;n;4.0;2024-04-20;RJ;116;229;PIRAI;Problema com o freio;Com Vítimas Feridas;1;Céu Claro;Plena Noite;sábado;Capotamento;Dupla;0;1;-22.65223367;-43.82992389;Perigosa;Sudeste;2 Trimestre
602413;2024.0;n;5.0;2024-05-23;MG;251;311;SALINAS;Demais falhas mecânicas ou elétricas;Sem Vítimas;13;Céu Claro;Pleno dia;quinta-feira;Incêndio;Simples;0;0;-16.16176156;-42.31423269;Segura;Sudeste;2 Trimestre
581624;2024.0;n;2.0;2024-02-17;SC;280;146;MAFRA;Velocidade Incompatível;Com Vítimas Feridas;2;Chuva;Plena Noite;sábado;Colisão frontal;Simples;0;1;-26.25487301;-49.66127724;Perigosa;Sul;1 Trimestre
629976;2024.0;n;9.0;2024-09-22;GO;153;284,3;NOVA GLORIA;Condutor deixou de manter distância do veículo da frente;Com Vítimas Feridas;5;Céu Claro;Plena Noite;domingo;Engavetamento;Simples;0;0;-15.162119;-49.5406;Segura;Centro-Oeste;3 Trimestre
596890;2024.0;n;4.0;2024-04-28;SC;101;32,7;JOINVILLE;Demais falhas mecânicas ou elétricas;Sem Vítimas;2;Céu Claro;Plena Noite;domingo;Colisão com objeto;Dupla;0;0;-26.25096909;-48.90806437;Segura;Sul;2 Trimestre
602140;2024.0;n;5.0;2024-05-22;PB;101;55,9;SANTA RITA;Condutor Dormindo;Com Vítimas Feridas;2;Nublado;Pleno dia;quarta-feira;Colisão traseira;Dupla;0;1;-6.96928265;-35.08273602;Perigosa;Nordeste;2 Trimestre
617277;2024.0;n;7.0;2024-07-27;MG;262;98;ABRE CAMPO;Transitar na contramão;Sem Vítimas;2;Céu Claro;Pleno dia;sábado;Colisão transversal;Simples;0;0;-20.29069669;-42.49704413;Segura;Sudeste;3 Trimestre
664407;2025.0;n;3.0;2025-03-01;PI;343;70;BURITI DOS LOPES;Ingestão de álcool pelo condutor;Sem Vítimas;4;Céu Claro;Amanhecer;sábado;Colisão frontal;Simples;0;0;-3,32348379;-41,74073426;Segura;Nordeste;1 Trimestre
577661;2024.0;n;1.0;2024-01-20;ES;101;4;PEDRO CANARIO;Demais falhas mecânicas ou elétricas;Com Vítimas Feridas;4;Céu Claro;Pleno dia;sábado;Colisão lateral sentido oposto;Simples;0;1;-18.2058992;-39.93492691;Perigosa;Sudeste;1 Trimestre
609902;2024.0;n;6.0;2024-06-25;BA;324;533;FEIRA DE SANTANA;Condutor deixou de manter distância do veículo da frente;Com Vítimas Feridas;2;Nublado;Pleno dia;terça-feira;Colisão traseira;Dupla;0;0;-12.34449694;-38.84017496;Segura;Nordeste;2 Trimestre
574345;2024.0;n;1.0;2024-01-13;MT;163;1013;TERRA NOVA DO NORTE;Ausência de reação do condutor;Com Vítimas Feridas;3;Céu Claro;Amanhecer;sábado;Saída de leito carroçável;Simples;0;1;-10.51022501;-55.07439093;Perigosa;Centro-Oeste;1 Trimestre
598559;2024.0;n;5.0;2024-05-05;PR;373;199,9;IPIRANGA;Desrespeitar a preferência no cruzamento;Com Vítimas Feridas;2;Nublado;Plena Noite;domingo;Colisão transversal;Simples;0;0;-25.08622077;-50.41078806;Segura;Sul;2 Trimestre
629006;2024.0;n;9.0;2024-09-18;GO;20;216,5;POSSE;Demais falhas mecânicas ou elétricas;Com Vítimas Feridas;2;Céu Claro;Plena Noite;quarta-feira;Tombamento;Simples;0;0;-14.230496;-46.344475;Segura;Centro-Oeste;3 Trimestre
618624;2024.0;n;8.0;2024-08-02;MS;163;493;CAMPO GRANDE;Condutor deixou de manter distância do veículo da frente;Com Vítimas Feridas;4;Céu Claro;Plena Noite;sexta-feira;Colisão traseira;Dupla;0;2;-20.37762705;-54.53752293;Perigosa;Centro-Oeste;3 Trimestre
672558;2025.0;n;4.0;2025-04-09;BA;415;19;ILHEUS;Velocidade Incompatível;Com Vítimas Fatais;2;Chuva;Pleno dia;quarta-feira;Colisão frontal;Simples;3;0;-14,804185;-39,146246;Perigosa;Nordeste;2 Trimestre
617632;2024.0;n;7.0;2024-07-29;SP;116;99;PINDAMONHANGABA;Reação tardia ou ineficiente do condutor;Com Vítimas Feridas;2;Nublado;Amanhecer;segunda-feira;Colisão lateral mesmo sentido;Simples;0;0;-22.98038216;-45.46359301;Segura;Sudeste;3 Trimestre
595979;2024.0;n;4.0;2024-04-24;BA;242;778;BARREIRAS;Transitar na contramão;Sem Vítimas;4;Céu Claro;Amanhecer;quarta-feira;Colisão lateral mesmo sentido;Simples;0;0;-12.15048602;-44.70085001;Segura;Nordeste;2 Trimestre
627335;2024.0;n;9.0;2024-09-11;MG;40;472,2;SETE LAGOAS;Ingestão de álcool pelo condutor;Com Vítimas Fatais;5;Céu Claro;Pleno dia;quarta-feira;Colisão transversal;Dupla;1;0;-19.47543632;-44.29066576;Perigosa;Sudeste;3 Trimestre
624452;2024.0;n;8.0;2024-08-29;RS;290;253,2;CACHOEIRA DO SUL;Transitar na contramão;Com Vítimas Feridas;4;Céu Claro;Plena Noite;quinta-feira;Colisão lateral sentido oposto;Simples;0;0;-30.244165;-52.754639;Segura;Sul;3 Trimestre
589806;2024.0;n;3.0;2024-03-26;MT;163;834;SINOP;Ausência de reação do condutor;Com Vítimas Feridas;3;Nublado;Pleno dia;terça-feira;Colisão lateral mesmo sentido;Dupla;0;0;-11.995863;-55.51709;Segura;Centro-Oeste;1 Trimestre
630349;2024.0;n;9.0;2024-09-24;BA;116;716;MANOEL VITORINO;Condutor Dormindo;Com Vítimas Feridas;2;Nublado;Plena Noite;terça-feira;Saída de leito carroçável;Simples;0;0;-14.199503;-40.271187;Segura;Nordeste;3 Trimestre
672243;2025.0;n;4.0;2025-04-07;PR;376;591;CURITIBA;Acessar a via sem observar a presença dos outros veículos;Com Vítimas Feridas;4;Céu Claro;Anoitecer;segunda-feira;Colisão transversal;Dupla;0;0;-25,43352012;-49,36530175;Segura;Sul;2 Trimestre
594918;2024.0;n;4.0;2024-04-19;SP;116;222;GUARULHOS;Reação tardia ou ineficiente do condutor;Com Vítimas Feridas;2;Céu Claro;Pleno dia;sexta-feira;Colisão lateral mesmo sentido;Dupla;0;1;-23.47093408;-46.51631097;Perigosa;Sudeste;2 Trimestre
580146;2024.0;n;2.0;2024-02-09;PA;10;70;ULIANOPOLIS;Deficiência do Sistema de Iluminação/Sinalização;Com Vítimas Feridas;2;Céu Claro;Plena Noite;sexta-feira;Colisão traseira;Simples;0;1;-3.8350438;-47.51638456;Perigosa;Norte;1 Trimestre
607867;2024.0;n;6.0;2024-06-16;MT;163;603,8;NOVA MUTUM;Acessar a via sem observar a presença dos outros veículos;Com Vítimas Fatais;2;Sol;Amanhecer;domingo;Colisão transversal;Simples;1;0;-13.77422803;-56.05831683;Perigosa;Centro-Oeste;2 Trimestre
599081;2024.0;n;5.0;2024-05-08;PR;116;68,9;CAMPINA GRANDE DO SUL;Ausência de reação do condutor;Com Vítimas Feridas;2;Céu Claro;Pleno dia;quarta-feira;Tombamento;Dupla;0;0;-25.32365502;-49.02531697;Segura;Sul;2 Trimestre
588713;2024.0;n;3.0;2024-03-21;PR;116;78,7;PIRAQUARA;Mal súbito do condutor;Com Vítimas Feridas;3;Céu Claro;Pleno dia;quinta-feira;Colisão traseira;Dupla;0;0;-25.39030098;-49.05511906;Segura;Sul;1 Trimestre
596718;2024.0;n;4.0;2024-04-27;PE;101;62,8;RECIFE;Trafegar com motocicleta (ou similar) entre as faixas;Com Vítimas Fatais;3;Sol;Pleno dia;sábado;Tombamento;Dupla;1;0;-8.00800604;-34.93756535;Perigosa;Nordeste;2 Trimestre
687981;2025.0;n;4.0;2025-04-29;MG;40;771,7;JUIZ DE FORA;Ausência de reação do condutor;Com Vítimas Feridas;4;Nublado;Pleno dia;terça-feira;Colisão transversal;Simples;0;0;-21,63062244;-43,44543457;Segura;Sudeste;2 Trimestre
590432;2024.0;n;3.0;2024-03-28;SP;381;65;MAIRIPORA;Ingestão de álcool pelo condutor;Sem Vítimas;2;Nublado;Plena Noite;quinta-feira;Colisão lateral mesmo sentido;Dupla;0;0;-23.316547;-46.58251;Segura;Sudeste;1 Trimestre
607424;2024.0;n;6.0;2024-06-14;PE;101;66;RECIFE;Trafegar com motocicleta (ou similar) entre as faixas;Com Vítimas Feridas;3;Chuva;Pleno dia;sexta-feira;Colisão traseira;Dupla;0;0;-8.03368534;-34.94184125;Segura;Nordeste;2 Trimestre
599792;2024.0;n;5.0;2024-05-11;RJ;101;252;SILVA JARDIM;Condutor deixou de manter distância do veículo da frente;Com Vítimas Feridas;2;Céu Claro;Pleno dia;sábado;Colisão traseira;Dupla;0;1;-22.68214756;-42.53377419;Perigosa;Sudeste;2 Trimestre
662331;2025.0;n;2.0;2025-02-19;MG;40;524;CONTAGEM;Pedestre andava na pista;Com Vítimas Feridas;4;Céu Claro;Pleno dia;quarta-feira;Colisão com objeto;Dupla;0;0;-19,8754469;-44,05345586;Segura;Sudeste;1 Trimestre
662321;2025.0;n;2.0;2025-02-19;SC;101;45;JOINVILLE;Velocidade Incompatível;Com Vítimas Feridas;3;Nublado;Pleno dia;quarta-feira;Engavetamento;Múltipla;0;2;-26,34588331;-48,85757446;Perigosa;Sul;1 Trimestre
669189;2025.0;n;3.0;2025-03-24;RS;116;232,5;ESTANCIA VELHA;Carga excessiva e/ou mal acondicionada;Com Vítimas Feridas;1;Céu Claro;Plena Noite;segunda-feira;Colisão com objeto;Simples;0;1;-29,628757;-51,143743;Perigosa;Sul;1 Trimestre
625249;2024.0;n;9.0;2024-09-02;MG;365;704;MONTE ALEGRE DE MINAS;Velocidade Incompatível;Com Vítimas Feridas;6;Céu Claro;Amanhecer;segunda-feira;Colisão com objeto;Dupla;0;0;-18.88107196;-49.03964281;Segura;Sudeste;3 Trimestre
605079;2024.0;n;6.0;2024-06-04;BA;324;6;FEIRA DE SANTANA;Pedestre cruzava a pista fora da faixa;Com Vítimas Feridas;3;Nublado;Amanhecer;terça-feira;Atropelamento de Pedestre;Dupla;0;1;-12.267113;-38.966988;Perigosa;Nordeste;2 Trimestre
575943;2024.0;n;1.0;2024-01-20;BA;116;761;POCOES;Ultrapassagem Indevida;Com Vítimas Fatais;5;Céu Claro;Pleno dia;sábado;Colisão frontal;Simples;2;0;-14.50481991;-40.35798409;Perigosa;Nordeste;1 Trimestre
666061;2025.0;n;3.0;2025-03-08;BA;116;443;FEIRA DE SANTANA;Ingestão de álcool pelo condutor;Sem Vítimas;1;Céu Claro;Plena Noite;sábado;Colisão com objeto;Dupla;0;0;-12,30538791;-39,04258688;Segura;Nordeste;1 Trimestre
596216;2024.0;n;4.0;2024-04-25;MS;262;521,5;AQUIDAUANA;Carga excessiva e/ou mal acondicionada;Com Vítimas Fatais;3;Céu Claro;Pleno dia;quinta-feira;Tombamento;Simples;1;1;-20.40192322;-56.08028022;Perigosa;Centro-Oeste;2 Trimestre
663476;2025.0;n;2.0;2025-02-24;RS;470;184;VERANOPOLIS;Ingestão de álcool pelo condutor;Com Vítimas Feridas;1;Céu Claro;Anoitecer;segunda-feira;Saída de leito carroçável;Simples;0;0;-28,9963455;-51,5585519;Segura;Sul;1 Trimestre
673361;2025.0;n;4.0;2025-04-13;RS;290;42;SANTO ANTONIO DA PATRULHA;Condutor Dormindo;Com Vítimas Feridas;1;Céu Claro;Pleno dia;domingo;Colisão com objeto;Múltipla;0;0;-29,888258;-50,676105;Segura;Sul;2 Trimestre
616928;2024.0;n;7.0;2024-07-26;CE;116;18;ITAITINGA;Acessar a via sem observar a presença dos outros veículos;Com Vítimas Feridas;3;Céu Claro;Pleno dia;sexta-feira;Atropelamento de Pedestre;Dupla;0;1;-3.90496605;-38.50518756;Perigosa;Nordeste;3 Trimestre
599402;2024.0;n;4.0;2024-04-24;PE;232;7;RECIFE;Condutor deixou de manter distância do veículo da frente;Com Vítimas Feridas;3;Céu Claro;Pleno dia;quarta-feira;Colisão traseira;Múltipla;0;0;-8.07333497;-34.96184301;Segura;Nordeste;2 Trimestre
653156;2025.0;n;1.0;2025-01-04;RJ;116;205;SEROPEDICA;Avarias e/ou desgaste excessivo no pneu;Com Vítimas Feridas;1;Céu Claro;Pleno dia;sábado;Tombamento;Dupla;0;0;-22,72746688;-43,64167998;Segura;Sudeste;1 Trimestre
688018;2025.0;n;4.0;2025-04-29;MA;10;253;IMPERATRIZ;Carga excessiva e/ou mal acondicionada;Sem Vítimas;2;Céu Claro;Pleno dia;terça-feira;Colisão transversal;Dupla;0;0;-5,51815744;-47,47132301;Segura;Nordeste;2 Trimestre
662312;2025.0;n;2.0;2025-02-19;SC;101;169;TIJUCAS;Entrada inopinada do pedestre;Com Vítimas Feridas;2;Nublado;Pleno dia;quarta-feira;Atropelamento de Pedestre;Dupla;0;1;-27,28790602;-48,63095745;Perigosa;Sul;1 Trimestre
607169;2024.0;n;6.0;2024-06-13;MS;262;464,3;ANASTACIO;Frear bruscamente;Sem Vítimas;2;Céu Claro;Pleno dia;quinta-feira;Colisão com objeto;Simples;0;0;-20.53327076;-55.57653879;Segura;Centro-Oeste;2 Trimestre
579574;2024.0;n;2.0;2024-02-07;RS;386;152,9;ALMIRANTE TAMANDARE DO SUL;Ausência de sinalização;Com Vítimas Fatais;2;Sol;Pleno dia;quarta-feira;Colisão frontal;Simples;1;3;-28.094997;-52.860783;Perigosa;Sul;1 Trimestre
584836;2024.0;n;3.0;2024-03-03;BA;407;183;PONTO NOVO;Ultrapassagem Indevida;Com Vítimas Feridas;3;Nublado;Plena Noite;domingo;Colisão lateral mesmo sentido;Simples;0;0;-10.95604399;-40.1043458;Segura;Nordeste;1 Trimestre
608841;2024.0;n;6.0;2024-06-20;PR;153;392,2;MALLET;Transitar na contramão;Com Vítimas Fatais;2;Céu Claro;Anoitecer;quinta-feira;Colisão frontal;Simples;1;0;-25.908131;-50.838938;Perigosa;Sul;2 Trimestre
672631;2025.0;n;4.0;2025-04-09;SC;158;106;CUNHA PORA;Transitar na contramão;Com Vítimas Feridas;4;Céu Claro;Plena Noite;quarta-feira;Colisão frontal;Simples;0;1;-26,86470108;-53,1643176;Perigosa;Sul;2 Trimestre
574372;2024.0;n;1.0;2024-01-13;MG;267;262,9;AIURUOCA;Problema com o freio;Com Vítimas Feridas;2;Nublado;Pleno dia;sábado;Tombamento;Simples;0;1;-21.935521;-44.574387;Perigosa;Sudeste;1 Trimestre
579195;2024.0;n;2.0;2024-02-05;SC;470;90;ASCURRA;Condutor Dormindo;Com Vítimas Feridas;3;Céu Claro;Pleno dia;segunda-feira;Colisão frontal;Simples;0;0;-26.969337;-49.367718;Segura;Sul;1 Trimestre
606065;2024.0;n;6.0;2024-06-08;PR;277;410;CANDOI;Condutor Dormindo;Sem Vítimas;1;Céu Claro;Plena Noite;sábado;Saída de leito carroçável;Simples;0;0;-25.43184986;-52.00714351;Segura;Sul;2 Trimestre
578034;2024.0;n;1.0;2024-01-30;GO;158;54;BOM JARDIM DE GOIAS;Velocidade Incompatível;Com Vítimas Fatais;4;Céu Claro;Pleno dia;terça-feira;Colisão lateral sentido oposto;Simples;1;2;-16.25924428;-52.04553823;Perigosa;Centro-Oeste;1 Trimestre
654911;2025.0;n;1.0;2025-01-13;SE;101;201,6;CRISTINAPOLIS;Chuva;Com Vítimas Feridas;2;Chuva;Plena Noite;segunda-feira;Colisão traseira;Simples;0;1;-11,49070496;-37,77641305;Perigosa;Nordeste;1 Trimestre
572266;2024.0;n;1.0;2024-01-02;SP;116;545;BARRA DO TURVO;Reação tardia ou ineficiente do condutor;Com Vítimas Feridas;2;Nublado;Plena Noite;terça-feira;Tombamento;Simples;0;0;-24.95016699;-48.42400302;Segura;Sudeste;1 Trimestre
585378;2024.0;n;3.0;2024-03-06;MG;50;194,8;DELTA;Chuva;Com Vítimas Feridas;1;Chuva;Pleno dia;quarta-feira;Saída de leito carroçável;Dupla;0;0;-19.887439;-47.848374;Segura;Sudeste;1 Trimestre
578264;2024.0;n;1.0;2024-01-31;MG;381;811,9;CAREACU;Reação tardia ou ineficiente do condutor;Com Vítimas Feridas;2;Nublado;Anoitecer;quarta-feira;Tombamento;Dupla;0;0;-22.05313393;-45.6960471;Segura;Sudeste;1 Trimestre
574195;2024.0;n;1.0;2024-01-12;PR;163;212,7;CASCAVEL;Afundamento ou ondulação no pavimento;Com Vítimas Feridas;2;Chuva;Pleno dia;sexta-feira;Saída de leito carroçável;Simples;0;0;-24.92573701;-53.53696393;Segura;Sul;1 Trimestre
581787;2024.0;n;2.0;2024-02-18;SP;116;172;JACAREI;Ausência de reação do condutor;Com Vítimas Feridas;2;Céu Claro;Plena Noite;domingo;Saída de leito carroçável;Dupla;0;0;-23.31527532;-46.07231796;Segura;Sudeste;1 Trimestre
606695;2024.0;n;6.0;2024-06-11;SE;101;147,5;ESTANCIA;Manobra de mudança de faixa;Com Vítimas Feridas;2;Céu Claro;Pleno dia;terça-feira;Colisão lateral mesmo sentido;Dupla;0;2;-11.22094463;-37.41933749;Perigosa;Nordeste;2 Trimestre
626259;2024.0;n;9.0;2024-09-06;GO;414;423;ABADIANIA;Transitar na contramão;Com Vítimas Feridas;2;Céu Claro;Plena Noite;sexta-feira;Colisão lateral sentido oposto;Simples;0;0;-16.14980894;-48.88957272;Segura;Centro-Oeste;3 Trimestre