id;ano;feriado;mes;data_inversa;uf;br;km;municipio;causa_acidente;classificacao_acidente;veiculos;condicao_metereologica;fase_dia;dia_semana;tipo_acidente;tipo_pista;mortos;feridos_graves;latitude;longitude;status;regiao;periodo
687688;2025.0;n;4.0;2025-04-27;BA;116;509;SANTA TERESINHA;Ultrapassagem Indevida;Com Vítimas Feridas;3;Céu Claro;Pleno dia;domingo;Colisão frontal;Simples;0;1;-12,60718961;-39,55731964;Perigosa;Nordeste;2 Trimestre
614873;2024.0;n;7.0;2024-07-16;SC;101;394;CRICIUMA;Demais falhas mecânicas ou elétricas;Sem Vítimas;1;Céu Claro;Pleno dia;terça-feira;Incêndio;Dupla;0;0;-28.81326275;-49.38911611;Segura;Sul;3 Trimestre
611909;2024.0;n;7.0;2024-07-04;PR;272;560;TERRA ROXA;Reação tardia ou ineficiente do condutor;Com Vítimas Fatais;2;Céu Claro;Amanhecer;quinta-feira;Colisão traseira;Simples;1;0;-24.08095;-54.152461;Perigosa;Sul;3 Trimestre
619458;2024.0;n;7.0;2024-07-03;GO;50;122;IPAMERI;Ausência de reação do condutor;Com Vítimas Feridas;2;Céu Claro;Plena Noite;quarta-feira;Colisão traseira;Dupla;0;1;-16.9417;-47.7264;Perigosa;Centro-Oeste;3 Trimestre
671707;2025.0;n;4.0;2025-04-05;BA;415;24;ILHEUS;Ausência de reação do condutor;Com Vítimas Feridas;2;Céu Claro;Pleno dia;sábado;Colisão transversal;Simples;0;0;-14,785682;-39,246461;Segura;Nordeste;2 Trimestre
589173;2024.0;n;3.0;2024-03-23;MG;40;245,9;SAO GONCALO DO ABAETE;Chuva;Com Vítimas Feridas;3;Chuva;Pleno dia;sábado;Colisão lateral sentido oposto;Simples;0;2;-18.0946169;-45.47580786;Perigosa;Sudeste;1 Trimestre
685341;2025.0;n;4.0;2025-04-17;PR;116;102,3;SAO JOSE DOS PINHAIS;Condutor deixou de manter distância do veículo da frente;Com Vítimas Feridas;3;Nublado;Pleno dia;quinta-feira;Engavetamento;Dupla;0;0;-25,569118;-49,181578;Segura;Sul;2 Trimestre
575367;2024.0;n;1.0;2024-01-17;MT;174;265;VALE DE SAO DOMINGOS;Transitar na contramão;Com Vítimas Feridas;4;Céu Claro;Pleno dia;quarta-feira;Colisão frontal;Simples;0;1;-15.387301;-59.1641;Perigosa;Centro-Oeste;1 Trimestre
590769;2024.0;n;3.0;2024-03-30;PR;376;674,5;GUARATUBA;Condutor deixou de manter distância do veículo da frente;Com Vítimas Feridas;4;Nublado;Pleno dia;sábado;Colisão traseira;Dupla;0;0;-25.90851198;-48.92070682;Segura;Sul;1 Trimestre
578544;2024.0;n;2.0;2024-02-02;MG;381;907;CAMBUI;Ausência de reação do condutor;Com Vítimas Feridas;3;Céu Claro;Pleno dia;sexta-feira;Colisão traseira;Dupla;0;0;-22.68549338;-46.08270467;Segura;Sudeste;1 Trimestre
583484;2024.0;n;2.0;2024-02-26;RJ;493;22;MAGE;Conversão proibida;Com Vítimas Feridas;2;Céu Claro;Pleno dia;segunda-feira;Colisão transversal;Simples;0;0;-22.659311;-43.053303;Segura;Sudeste;1 Trimestre
620791;2024.0;n;8.0;2024-08-12;PR;373;235;IMBITUVA;Condutor deixou de manter distância do veículo da frente;Com Vítimas Feridas;2;Céu Claro;Pleno dia;segunda-feira;Colisão traseira;Simples;0;0;-25.184593;-50.706793;Segura;Sul;3 Trimestre
578269;2024.0;n;1.0;2024-01-31;RJ;101;54;CAMPOS DOS GOYTACAZES;Ausência de reação do condutor;Com Vítimas Feridas;2;Céu Claro;Plena Noite;quarta-feira;Colisão traseira;Simples;0;1;-21.66937699;-41.31111673;Perigosa;Sudeste;1 Trimestre
652669;2025.0;y;1.0;2025-01-01;MT;163;753;SORRISO;Transitar na contramão;Com Vítimas Feridas;1;Céu Claro;Plena Noite;quarta-feira;Queda de ocupante de veículo;Dupla;0;0;-12,64601993;-55,78671414;Segura;Centro-Oeste;1 Trimestre
601332;2024.0;n;5.0;2024-05-18;ES;101;407,9;ITAPEMIRIM;Velocidade Incompatível;Com Vítimas Feridas;2;Sol;Pleno dia;sábado;Tombamento;Simples;0;1;-20.89068697;-41.03879708;Perigosa;Sudeste;2 Trimestre
609149;2024.0;n;6.0;2024-06-22;MG;381;404;BOM JESUS DO AMPARO;Reação tardia ou ineficiente do condutor;Com Vítimas Feridas;1;Céu Claro;Plena Noite;sábado;Saída de leito carroçável;Dupla;0;0;-19.7490622;-43.54398027;Segura;Sudeste;2 Trimestre
581333;2024.0;n;2.0;2024-02-15;PR;116;120,5;CURITIBA;Animais na Pista;Com Vítimas Feridas;5;Nublado;Pleno dia;quinta-feira;Engavetamento;Dupla;0;0;-25.55122256;-49.30503748;Segura;Sul;1 Trimestre
664405;2025.0;n;2.0;2025-02-28;PI;135;607,1;CORRENTE;Transitar na contramão;Com Vítimas Feridas;3;Céu Claro;Pleno dia;sexta-feira;Colisão frontal;Simples;0;0;-10,570163;-45,20443;Segura;Nordeste;1 Trimestre
672154;2025.0;n;4.0;2025-04-07;SP;116;215,5;GUARULHOS;Reação tardia ou ineficiente do condutor;Com Vítimas Feridas;3;Nublado;Pleno dia;segunda-feira;Engavetamento;Múltipla;0;0;-23,449072;-46,4597458;Segura;Sudeste;2 Trimestre
603724;2024.0;n;5.0;2024-05-29;RS;116;357,2;TAPES;Manobra de mudança de faixa;Com Vítimas Feridas;2;Sol;Pleno dia;quarta-feira;Colisão transversal;Dupla;0;1;-30.598012;-51.540005;Perigosa;Sul;2 Trimestre
669273;2025.0;n;3.0;2025-03-24;PR;476;227;LAPA;Reação tardia ou ineficiente do condutor;Com Vítimas Feridas;1;Céu Claro;Plena Noite;segunda-feira;Saída de leito carroçável;Simples;0;0;-25,78228867;-49,84453417;Segura;Sul;1 Trimestre
672785;2025.0;n;4.0;2025-04-10;MG;381;430;CAETE;Manobra de mudança de faixa;Com Vítimas Feridas;4;Céu Claro;Pleno dia;quinta-feira;Colisão lateral mesmo sentido;Simples;0;0;-19,78772342;-43,69317412;Segura;Sudeste;2 Trimestre
625191;2024.0;n;9.0;2024-09-01;RJ;101;18,4;CAMPOS DOS GOYTACAZES;Ausência de reação do condutor;Com Vítimas Feridas;4;Sol;Pleno dia;domingo;Colisão frontal;Simples;0;1;-21.36674798;-41.33782488;Perigosa;Sudeste;3 Trimestre
664552;2025.0;n;3.0;2025-03-01;RJ;393;114;SAPUCAIA;Ausência de reação do condutor;Sem Vítimas;4;Céu Claro;Pleno dia;sábado;Colisão traseira;Simples;0;0;-21,91055982;-42,74196625;Segura;Sudeste;1 Trimestre
578697;2024.0;n;2.0;2024-02-03;PR;116;91;PIRAQUARA;Reação tardia ou ineficiente do condutor;Com Vítimas Feridas;2;Céu Claro;Amanhecer;sábado;Colisão traseira;Dupla;0;0;-25.4915;-49.11344;Segura;Sul;1 Trimestre
581012;2024.0;n;2.0;2024-02-13;BA;116;476;SANTO ESTEVAO;Demais falhas mecânicas ou elétricas;Sem Vítimas;1;Céu Claro;Plena Noite;terça-feira;Saída de leito carroçável;Dupla;0;0;-12.49267041;-39.3355288;Segura;Nordeste;1 Trimestre
605154;2024.0;n;6.0;2024-06-04;SC;470;52,4;BLUMENAU;Reação tardia ou ineficiente do condutor;Com Vítimas Feridas;4;Nublado;Pleno dia;terça-feira;Colisão traseira;Simples;0;0;-26.86387261;-49.09792277;Segura;Sul;2 Trimestre
591503;2024.0;n;4.0;2024-04-03;CE;116;151,3;RUSSAS;Pista esburacada;Com Vítimas Feridas;1;Céu Claro;Plena Noite;quarta-feira;Capotamento;Simples;0;0;-4.84542142;-38.04195641;Segura;Nordeste;2 Trimestre
580222;2024.0;n;2.0;2024-02-10;SC;101;209,7;SAO JOSE;Velocidade Incompatível;Com Vítimas Feridas;4;Céu Claro;Pleno dia;sábado;Colisão traseira;Múltipla;0;0;-27.61000542;-48.63895057;Segura;Sul;1 Trimestre
586900;2024.0;n;3.0;2024-03-13;RN;226;130,3;CAMPO REDONDO;Reação tardia ou ineficiente do condutor;Com Vítimas Fatais;1;Céu Claro;Pleno dia;quarta-feira;Tombamento;Simples;1;0;-6.20134833;-36.15535833;Perigosa;Nordeste;1 Trimestre
666773;2025.0;n;2.0;2025-02-08;MG;365;430;PATOS DE MINAS;Ausência de reação do condutor;Sem Vítimas;3;Céu Claro;Pleno dia;sábado;Colisão traseira;Dupla;0;0;-18,75345328;-46,64905071;Segura;Sudeste;1 Trimestre
608566;2024.0;n;6.0;2024-06-19;MG;251;310,9;SALINAS;Desrespeitar a preferência no cruzamento;Com Vítimas Feridas;4;Sol;Pleno dia;quarta-feira;Colisão transversal;Simples;0;0;-16.13449793;-42.28064775;Segura;Sudeste;2 Trimestre
612479;2024.0;n;7.0;2024-07-06;RJ;393;157,9;TRES RIOS;Problema com o freio;Com Vítimas Feridas;2;Céu Claro;Pleno dia;sábado;Colisão traseira;Dupla;0;0;-22.10120617;-43.09433877;Segura;Sudeste;3 Trimestre
578144;2024.0;n;1.0;2024-01-31;BA;116;505;SANTA TERESINHA;Trafegar com motocicleta (ou similar) entre as faixas;Com Vítimas Fatais;3;Céu Claro;Amanhecer;quarta-feira;Colisão frontal;Simples;1;0;-12.61278659;-39.5685887;Perigosa;Nordeste;1 Trimestre
591933;2024.0;n;3.0;2024-03-04;BA;242;811;BARREIRAS;Reação tardia ou ineficiente do condutor;Com Vítimas Feridas;2;Chuva;Amanhecer;segunda-feira;Colisão frontal;Simples;0;1;-12.121;-45.145;Perigosa;Nordeste;1 Trimestre
618745;2024.0;n;8.0;2024-08-03;CE;20;202,9;BOA VIAGEM;Transitar no Acostamento;Com Vítimas Feridas;4;Céu Claro;Pleno dia;sábado;Colisão lateral mesmo sentido;Simples;0;1;-5.13728811;-39.73839081;Perigosa;Nordeste;3 Trimestre
611482;2024.0;n;7.0;2024-07-02;RJ;101;286;ITABORAI;Demais falhas mecânicas ou elétricas;Sem Vítimas;1;Céu Claro;Pleno dia;terça-feira;Incêndio;Dupla;0;0;-22.75409331;-42.82491696;Segura;Sudeste;3 Trimestre
671252;2025.0;n;3.0;2025-03-18;SP;116;220;GUARULHOS;Ausência de reação do condutor;Com Vítimas Feridas;3;Nublado;Pleno dia;terça-feira;Colisão traseira;Múltipla;0;0;-23,465913;-46,501367;Segura;Sudeste;1 Trimestre
607526;2024.0;n;6.0;2024-06-14;GO;153;357;JARAGUA;Desrespeitar a preferência no cruzamento;Com Vítimas Feridas;2;Céu Claro;Plena Noite;sexta-feira;Colisão transversal;Dupla;0;2;-15.725415;-49.327385;Perigosa;Centro-Oeste;2 Trimestre
658307;2025.0;n;1.0;2025-01-30;MT;364;397;CUIABA;Acumulo de água sobre o pavimento;Com Vítimas Feridas;1;Chuva;Plena Noite;quinta-feira;Saída de leito carroçável;Dupla;0;0;-15,68642489;-55,91347495;Segura;Centro-Oeste;1 Trimestre
616425;2024.0;n;7.0;2024-07-23;PR;376;181;MARINGA;Condutor deixou de manter distância do veículo da frente;Com Vítimas Feridas;2;Céu Claro;Plena Noite;terça-feira;Colisão traseira;Dupla;0;0;-23.43197477;-51.88671852;Segura;Sul;3 Trimestre
654362;2025.0;n;1.0;2025-01-10;MT;70;134;GENERAL CARNEIRO;Acostamento em desnível;Sem Vítimas;2;Nublado;Pleno dia;sexta-feira;Tombamento;Simples;0;0;-15,59538384;-53,22838001;Segura;Centro-Oeste;1 Trimestre
618530;2024.0;n;8.0;2024-08-02;MS;163;234;CAARAPO;Mal súbito do condutor;Com Vítimas Fatais;2;Céu Claro;Pleno dia;sexta-feira;Colisão traseira;Dupla;1;0;-22.43623981;-54.81995018;Perigosa;Centro-Oeste;3 Trimestre
606829;2024.0;n;6.0;2024-06-11;GO;414;420;ABADIANIA;Ultrapassagem Indevida;Com Vítimas Fatais;2;Céu Claro;Plena Noite;terça-feira;Colisão lateral mesmo sentido;Simples;1;0;-16.123541;-48.89446496;Perigosa;Centro-Oeste;2 Trimestre
654053;2025.0;n;1.0;2025-01-09;PA;316;195;SANTA LUZIA DO PARA;Entrada inopinada do pedestre;Com Vítimas Fatais;2;Nublado;Pleno dia;quinta-feira;Atropelamento de Pedestre;Simples;1;0;-1,50574836;-46,9155624;Perigosa;Norte;1 Trimestre
630153;2024.0;n;9.0;2024-09-23;SE;101;183,2;UMBAUBA;Manobra de mudança de faixa;Com Vítimas Feridas;3;Céu Claro;Plena Noite;segunda-feira;Colisão frontal;Simples;0;1;-11.37900039;-37.6630326;Perigosa;Nordeste;3 Trimestre
627970;2024.0;n;9.0;2024-09-14;GO;60;124;GOIANAPOLIS;Manobra de mudança de faixa;Com Vítimas Feridas;2;Céu Claro;Pleno dia;sábado;Colisão lateral sentido oposto;Dupla;0;0;-16.5243;-49.1313;Segura;Centro-Oeste;3 Trimestre
587984;2024.0;n;3.0;2024-03-17;PR;376;177;MARINGA;Manobra de mudança de faixa;Com Vítimas Feridas;6;Céu Claro;Plena Noite;domingo;Colisão lateral mesmo sentido;Dupla;0;0;-23.4113569;-51.9407767;Segura;Sul;1 Trimestre
628502;2024.0;n;9.0;2024-09-15;PA;222;56;DOM ELISEU;Curva acentuada;Sem Vítimas;2;Céu Claro;Pleno dia;domingo;Saída de leito carroçável;Simples;0;0;-4.454846;-47.800752;Segura;Norte;3 Trimestre
663753;2025.0;n;2.0;2025-02-26;SC;101;163;TIJUCAS;Desrespeitar a preferência no cruzamento;Com Vítimas Feridas;2;Céu Claro;Pleno dia;quarta-feira;Colisão transversal;Dupla;0;1;-27,23083996;-48,62985492;Perigosa;Sul;1 Trimestre
596677;2024.0;n;4.0;2024-04-27;MG;116;509,4;UBAPORANGA;Velocidade Incompatível;Com Vítimas Feridas;3;Céu Claro;Pleno dia;sábado;Colisão traseira;Simples;0;0;-19.63654904;-42.10593182;Segura;Sudeste;2 Trimestre
663176;2025.0;n;2.0;2025-02-23;MG;116;287,9;TEOFILO OTONI;Acessar a via sem observar a presença dos outros veículos;Com Vítimas Feridas;4;Céu Claro;Pleno dia;domingo;Colisão lateral mesmo sentido;Simples;0;0;-17,95146;-41,533298;Segura;Sudeste;1 Trimestre
652705;2025.0;n;1.0;2025-01-02;GO;40;2,9;VALPARAISO DE GOIAS;Acessar a via sem observar a presença dos outros veículos;Com Vítimas Feridas;2;Céu Claro;Pleno dia;quinta-feira;Colisão transversal;Dupla;0;0;-16,067129;-47,984235;Segura;Centro-Oeste;1 Trimestre
612251;2024.0;n;7.0;2024-07-05;SC;282;391;JOACABA;Demais falhas mecânicas ou elétricas;Sem Vítimas;1;Céu Claro;Plena Noite;sexta-feira;Incêndio;Simples;0;0;-27.170649;-51.559193;Segura;Sul;3 Trimestre
653834;2025.0;n;1.0;2025-01-08;SP;116;515;CAJATI;Velocidade Incompatível;Com Vítimas Feridas;2;Garoa/Chuvisco;Pleno dia;quarta-feira;Tombamento;Dupla;0;0;-24,86704083;-48,21738184;Segura;Sudeste;1 Trimestre
583837;2024.0;n;2.0;2024-02-28;GO;60;91,5;ANAPOLIS;Transitar no Acostamento;Com Vítimas Feridas;4;Céu Claro;Pleno dia;quarta-feira;Colisão lateral mesmo sentido;Dupla;0;0;-16.3491;-48.9095;Segura;Centro-Oeste;1 Trimestre
671466;2025.0;n;4.0;2025-04-04;MG;50;60;UBERLANDIA;Demais falhas mecânicas ou elétricas;Sem Vítimas;3;Céu Claro;Pleno dia;sexta-feira;Incêndio;Dupla;0;0;-18,813436;-48,248836;Segura;Sudeste;2 Trimestre
628016;2024.0;n;9.0;2024-09-14;RJ;116;284;BARRA MANSA;Manobra de mudança de faixa;Com Vítimas Feridas;3;Céu Claro;Pleno dia;sábado;Colisão lateral mesmo sentido;Dupla;0;0;-22.51174295;-44.21705393;Segura;Sudeste;3 Trimestre
605632;2024.0;n;6.0;2024-06-06;MT;174;271;PONTES E LACERDA;Demais falhas mecânicas ou elétricas;Sem Vítimas;6;Céu Claro;Pleno dia;quinta-feira;Colisão lateral sentido oposto;Simples;0;0;-15.35715686;-59.20664586;Segura;Centro-Oeste;2 Trimestre
606301;2024.0;n;6.0;2024-06-09;MS;262;531,7;MIRANDA;Demais falhas mecânicas ou elétricas;Sem Vítimas;3;Céu Claro;Pleno dia;domingo;Colisão com objeto;Simples;0;0;-20.3509359;-56.151453;Segura;Centro-Oeste;2 Trimestre
652977;2025.0;n;1.0;2025-01-03;PE;232;4,4;RECIFE;Acumulo de óleo sobre o pavimento;Com Vítimas Feridas;1;Céu Claro;Pleno dia;sexta-feira;Queda de ocupante de veículo;Simples;0;0;-8,064473;-34,936928;Segura;Nordeste;1 Trimestre
652888;2025.0;n;1.0;2025-01-03;PB;101;122,5;CAAPORA;Curva acentuada;Com Vítimas Feridas;1;Garoa/Chuvisco;Pleno dia;sexta-feira;Saída de leito carroçável;Dupla;0;0;-7,45814233;-34,98086929;Segura;Nordeste;1 Trimestre
618433;2024.0;n;7.0;2024-07-13;PR;376;3,1;MARINGA;Demais falhas mecânicas ou elétricas;Com Vítimas Feridas;2;Céu Claro;Pleno dia;sábado;Saída de leito carroçável;Dupla;0;0;-23.3886;-51.96809;Segura;Sul;3 Trimestre
615675;2024.0;n;7.0;2024-07-20;MG;365;814;SANTA VITORIA;Condutor Dormindo;Com Vítimas Feridas;3;Céu Claro;Amanhecer;sábado;Colisão lateral sentido oposto;Simples;0;1;-18.88508441;-50.03918205;Perigosa;Sudeste;3 Trimestre
589664;2024.0;n;3.0;2024-03-25;MT;364;209;RONDONOPOLIS;Pista Escorregadia;Com Vítimas Feridas;2;Chuva;Pleno dia;segunda-feira;Saída de leito carroçável;Dupla;0;0;-16.42894942;-54.6933816;Segura;Centro-Oeste;1 Trimestre
589841;2024.0;n;3.0;2024-03-26;PE;101;209;XEXEU;Ausência de reação do condutor;Com Vítimas Feridas;2;Céu Claro;Amanhecer;terça-feira;Saída de leito carroçável;Dupla;0;1;-8.83806024;-35.63692618;Perigosa;Nordeste;1 Trimestre
584737;2024.0;n;3.0;2024-03-03;RO;364;267,9;CACOAL;Velocidade Incompatível;Com Vítimas Feridas;7;Sol;Pleno dia;domingo;Colisão lateral mesmo sentido;Simples;0;0;-11.377221;-61.695249;Segura;Norte;1 Trimestre
671262;2025.0;n;4.0;2025-04-03;PE;101;46,8;IGARASSU;Condutor deixou de manter distância do veículo da frente;Com Vítimas Feridas;3;Céu Claro;Pleno dia;quinta-feira;Colisão lateral mesmo sentido;Dupla;0;0;-7,882398;-34,904688;Segura;Nordeste;2 Trimestre
578539;2024.0;n;2.0;2024-02-02;BA;324;464;TANQUINHO;Ultrapassagem Indevida;Com Vítimas Feridas;3;Céu Claro;Pleno dia;sexta-feira;Colisão traseira;Simples;0;0;-11.94687258;-39.19751621;Segura;Nordeste;1 Trimestre
659601;2025.0;n;2.0;2025-02-06;MG;381;396;BOM JESUS DO AMPARO;Velocidade Incompatível;Com Vítimas Feridas;1;Sol;Pleno dia;quinta-feira;Colisão com objeto;Dupla;0;1;-19,74873228;-43,48895304;Perigosa;Sudeste;1 Trimestre
617388;2024.0;n;7.0;2024-07-27;PA;230;584;VITORIA DO XINGU;Reação tardia ou ineficiente do condutor;Com Vítimas Feridas;3;Sol;Pleno dia;sábado;Tombamento;Simples;0;0;-3.12379;-51.791653;Segura;Norte;3 Trimestre
662138;2025.0;n;1.0;2025-01-18;SC;116;237,4;CORREIA PINTO;Ingestão de álcool pelo condutor;Com Vítimas Feridas;4;Nublado;Plena Noite;sábado;Colisão traseira;Simples;0;0;-27,73034899;-50,3359778;Segura;Sul;1 Trimestre
620190;2024.0;n;8.0;2024-08-09;BA;101;739,8;ITABELA;Condutor deixou de manter distância do veículo da frente;Com Vítimas Feridas;2;Céu Claro;Plena Noite;sexta-feira;Colisão traseira;Dupla;0;0;-16.689233;-39.480426;Segura;Nordeste;3 Trimestre
628816;2024.0;n;9.0;2024-09-17;MG;381;813;CAREACU;Ingestão de álcool pelo condutor;Com Vítimas Feridas;2;Céu Claro;Plena Noite;terça-feira;Saída de leito carroçável;Dupla;0;0;-22.0714422;-45.70245174;Segura;Sudeste;3 Trimestre
665819;2025.0;n;3.0;2025-03-07;PA;316;34;SANTA IZABEL DO PARA;Ausência de reação do condutor;Sem Vítimas;2;Céu Claro;Anoitecer;sexta-feira;Colisão traseira;Dupla;0;0;-1,28924465;-48,15428317;Segura;Norte;1 Trimestre
656356;2025.0;n;1.0;2025-01-20;SC;282;56;RANCHO QUEIMADO;Transitar na contramão;Com Vítimas Feridas;4;Garoa/Chuvisco;Plena Noite;segunda-feira;Colisão frontal;Simples;0;1;-27,691633;-48,991375;Perigosa;Sul;1 Trimestre
653276;2025.0;n;1.0;2025-01-05;PB;230;19,9;JOAO PESSOA;Ausência de reação do condutor;Com Vítimas Feridas;1;Chuva;Pleno dia;domingo;Tombamento;Dupla;0;0;-7,13716779;-34,85377908;Segura;Nordeste;1 Trimestre
619548;2024.0;n;7.0;2024-07-16;GO;452;80,1;MAURILANDIA;Acesso irregular;Com Vítimas Feridas;5;Céu Claro;Plena Noite;terça-feira;Colisão lateral sentido oposto;Simples;0;1;-18.05035676;-50.20362989;Perigosa;Centro-Oeste;3 Trimestre
582890;2024.0;n;2.0;2024-02-23;RS;101;5,5;TORRES;Transitar na contramão;Sem Vítimas;4;Céu Claro;Plena Noite;sexta-feira;Colisão lateral sentido oposto;Dupla;0;0;-29.34438977;-49.78934169;Segura;Sul;1 Trimestre
667096;2025.0;n;3.0;2025-03-13;RO;364;108;CHUPINGUAIA;Reação tardia ou ineficiente do condutor;Com Vítimas Feridas;3;Chuva;Plena Noite;quinta-feira;Colisão traseira;Simples;0;0;-12,20353834;-60,69960505;Segura;Norte;1 Trimestre
610736;2024.0;n;6.0;2024-06-29;SC;470;226,9;SAO CRISTOVAO DO SUL;Reação tardia ou ineficiente do condutor;Sem Vítimas;1;Céu Claro;Plena Noite;sábado;Saída de leito carroçável;Simples;0;0;-27.327692;-50.361202;Segura;Sul;2 Trimestre
615414;2024.0;n;7.0;2024-07-19;GO;40;49,8;LUZIANIA;Ultrapassagem Indevida;Com Vítimas Fatais;4;Céu Claro;Pleno dia;sexta-feira;Colisão frontal;Simples;1;0;-16.433945;-47.815178;Perigosa;Centro-Oeste;3 Trimestre
610148;2024.0;n;6.0;2024-06-26;MT;163;955;NOVA SANTA HELENA;Acessar a via sem observar a presença dos outros veículos;Com Vítimas Feridas;6;Céu Claro;Pleno dia;quarta-feira;Colisão transversal;Simples;0;0;-10.84874321;-55.18750191;Segura;Centro-Oeste;2 Trimestre
573483;2024.0;n;1.0;2024-01-09;GO;40;42,7;LUZIANIA;Condutor Dormindo;Com Vítimas Fatais;3;Chuva;Plena Noite;terça-feira;Colisão lateral sentido oposto;Simples;1;3;-16.382882;-47.826516;Perigosa;Centro-Oeste;1 Trimestre
658673;2025.0;n;2.0;2025-02-01;GO;153;679,1;PANAMA;Chuva;Sem Vítimas;1;Chuva;Anoitecer;sábado;Saída de leito carroçável;Dupla;0;0;-18,2169;-49,2707;Segura;Centro-Oeste;1 Trimestre
576049;2024.0;n;1.0;2024-01-20;GO;70;20;COCALZINHO DE GOIAS;Ingestão de álcool pelo condutor;Com Vítimas Feridas;3;Céu Claro;Plena Noite;sábado;Colisão transversal;Simples;0;0;-15.74242903;-48.37509426;Segura;Centro-Oeste;1 Trimestre
584083;2024.0;n;2.0;2024-02-29;PE;424;95;GARANHUNS;Demais falhas mecânicas ou elétricas;Com Vítimas Feridas;1;Chuva;Plena Noite;quinta-feira;Saída de leito carroçável;Simples;0;0;-8.92487901;-36.48949333;Segura;Nordeste;1 Trimestre
617356;2024.0;n;7.0;2024-07-28;MG;251;473,7;FRANCISCO SA;Velocidade Incompatível;Com Vítimas Feridas;1;Céu Claro;Plena Noite;domingo;Saída de leito carroçável;Simples;0;1;-16.46506081;-43.43616486;Perigosa;Sudeste;3 Trimestre
655607;2025.0;n;1.0;2025-01-17;PI;0;0;FLORIANO;Reação tardia ou ineficiente do condutor;Sem Vítimas;2;Nublado;Pleno dia;sexta-feira;Colisão com objeto;Simples;0;0;-6,788374;-43,044399;Segura;Nordeste;1 Trimestre
619482;2024.0;n;8.0;2024-08-06;SC;282;27,5;SANTO AMARO DA IMPERATRIZ;Ingestão de álcool pelo condutor;Com Vítimas Feridas;2;Nublado;Pleno dia;terça-feira;Saída de leito carroçável;Simples;0;0;-27.673981;-48.769676;Segura;Sul;3 Trimestre
589472;2024.0;n;3.0;2024-03-24;BA;101;536;SAO JOSE DA VITORIA;Reação tardia ou ineficiente do condutor;Com Vítimas Feridas;2;Céu Claro;Pleno dia;domingo;Colisão frontal;Simples;0;2;-15.16120642;-39.41897771;Perigosa;Nordeste;1 Trimestre
586332;2024.0;n;3.0;2024-03-10;RO;364;495;ARIQUEMES;Reação tardia ou ineficiente do condutor;Com Vítimas Feridas;2;Céu Claro;Pleno dia;domingo;Saída de leito carroçável;Simples;0;1;-10.07323798;-62.97343164;Perigosa;Norte;1 Trimestre
657279;2025.0;n;1.0;2025-01-25;MT;163;105,4;RONDONOPOLIS;Ausência de reação do condutor;Sem Vítimas;5;Céu Claro;Pleno dia;sábado;Colisão traseira;Dupla;0;0;-16,62007898;-54,69936693;Segura;Centro-Oeste;1 Trimestre
652660;2025.0;y;1.0;2025-01-01;SP;101;16,5;UBATUBA;Transitar no Acostamento;Com Vítimas Feridas;2;Céu Claro;Plena Noite;quarta-feira;Atropelamento de Pedestre;Simples;0;1;-23,32700315;-44,88452224;Perigosa;Sudeste;1 Trimestre
601235;2024.0;n;5.0;2024-05-18;RJ;101;59;CAMPOS DOS GOYTACAZES;Acessar a via sem observar a presença dos outros veículos;Com Vítimas Feridas;2;Céu Claro;Plena Noite;sábado;Colisão transversal;Simples;0;0;-21.71366497;-41.30861915;Segura;Sudeste;2 Trimestre
666489;2025.0;n;3.0;2025-03-11;SP;381;71;MAIRIPORA;Condutor Dormindo;Com Vítimas Feridas;3;Céu Claro;Amanhecer;terça-feira;Colisão traseira;Dupla;0;0;-23,35092419;-46,56023026;Segura;Sudeste;1 Trimestre
573519;2024.0;n;1.0;2024-01-09;SP;116;95,6;PINDAMONHANGABA;Reação tardia ou ineficiente do condutor;Com Vítimas Feridas;2;Céu Claro;Pleno dia;terça-feira;Saída de leito carroçável;Dupla;0;0;-22.96514512;-45.43013094;Segura;Sudeste;1 Trimestre
669964;2025.0;n;3.0;2025-03-27;RO;364;70;VILHENA;Acumulo de água sobre o pavimento;Com Vítimas Feridas;5;Chuva;Pleno dia;quinta-feira;Colisão frontal;Simples;0;0;-12,63377777;-60,33080579;Segura;Norte;1 Trimestre
598837;2024.0;n;5.0;2024-05-07;MT;70;285;PRIMAVERA DO LESTE;Demais falhas mecânicas ou elétricas;Sem Vítimas;2;Céu Claro;Pleno dia;terça-feira;Incêndio;Simples;0;0;-15.57491699;-54.340294;Segura;Centro-Oeste;2 Trimestre
576166;2024.0;n;1.0;2024-01-21;MG;153;5,8;ARAPORA;Reação tardia ou ineficiente do condutor;Com Vítimas Fatais;4;Nublado;Pleno dia;domingo;Saída de leito carroçável;Dupla;1;4;-18.46041004;-49.1880633;Perigosa;Sudeste;1 Trimestre
595192;2024.0;n;3.0;2024-03-16;BA;116;544;MILAGRES;Mal súbito do condutor;Sem Vítimas;3;Céu Claro;Pleno dia;sábado;Colisão frontal;Simples;0;0;-12.82137806;-39.82689376;Segura;Nordeste;1 Trimestre
620292;2024.0;n;8.0;2024-08-10;MG;381;877,5;ESTIVA;Manobra de mudança de faixa;Sem Vítimas;3;Chuva;Pleno dia;sábado;Colisão lateral mesmo sentido;Dupla;0;0;-22.48184;-46.010895;Segura;Sudeste;3 Trimestre