id;ano;feriado;mes;data_inversa;uf;br;km;municipio;causa_acidente;classificacao_acidente;veiculos;condicao_metereologica;fase_dia;dia_semana;tipo_acidente;tipo_pista;mortos;feridos_graves;latitude;longitude;status;regiao;periodo
597339;2024.0;n;4.0;2024-04-30;PR;373;417;CANDOI;Acessar a via sem observar a presença dos outros veículos;Sem Vítimas;2;Céu Claro;Plena Noite;terça-feira;Colisão transversal;Simples;0;0;-25.68053004;-52.13726597;Segura;Sul;2 Trimestre
592799;2024.0;n;4.0;2024-04-09;SP;116;227;GUARULHOS;Manobra de mudança de faixa;Com Vítimas Feridas;2;Sol;Amanhecer;terça-feira;Tombamento;Múltipla;0;1;-23.49659264;-46.55648754;Perigosa;Sudeste;2 Trimestre
658011;2025.0;n;1.0;2025-01-29;RJ;40;99;DUQUE DE CAXIAS;Afundamento ou ondulação no pavimento;Com Vítimas Feridas;1;Céu Claro;Plena Noite;quarta-feira;Saída de leito carroçável;Simples;0;0;-22,58585204;-43,27716391;Segura;Sudeste;1 Trimestre
581888;2024.0;n;2.0;2024-02-18;PA;155;261;ELDORADO DO CARAJAS;Reação tardia ou ineficiente do condutor;Sem Vítimas;8;Sol;Pleno dia;domingo;Colisão traseira;Simples;0;0;-6.041951;-49.286166;Segura;Norte;1 Trimestre
609558;2024.0;n;6.0;2024-06-23;RJ;40;85;PETROPOLIS;Velocidade Incompatível;Com Vítimas Feridas;2;Céu Claro;Plena Noite;domingo;Colisão lateral mesmo sentido;Dupla;0;0;-22.52850694;-43.2349802;Segura;Sudeste;2 Trimestre
671580;2025.0;n;4.0;2025-04-04;MG;50;178;UBERABA;Reação tardia ou ineficiente do condutor;Com Vítimas Fatais;5;Céu Claro;Plena Noite;sexta-feira;Colisão lateral mesmo sentido;Dupla;1;0;-19,7787;-47,93468;Perigosa;Sudeste;2 Trimestre
661267;2025.0;n;2.0;2025-02-14;PR;376;591,8;CURITIBA;Condutor deixou de manter distância do veículo da frente;Com Vítimas Feridas;2;Céu Claro;Pleno dia;sexta-feira;Colisão traseira;Dupla;0;0;-25,45999605;-49,35895013;Segura;Sul;1 Trimestre
575156;2024.0;n;1.0;2024-01-16;BA;324;614;SALVADOR;Ultrapassagem Indevida;Com Vítimas Fatais;2;Céu Claro;Plena Noite;terça-feira;Colisão frontal;Dupla;1;0;-12.87305463;-38.42778509;Perigosa;Nordeste;1 Trimestre
668977;2025.0;n;3.0;2025-03-23;MG;365;622,7;UBERLANDIA;Reação tardia ou ineficiente do condutor;Sem Vítimas;4;Céu Claro;Plena Noite;domingo;Colisão com objeto;Múltipla;0;0;-18,90269222;-48,27738809;Segura;Sudeste;1 Trimestre
666790;2025.0;n;3.0;2025-03-12;MG;40;683,9;RESSAQUINHA;Velocidade Incompatível;Com Vítimas Feridas;4;Céu Claro;Pleno dia;quarta-feira;Saída de leito carroçável;Simples;0;0;-21,073811;-43,766567;Segura;Sudeste;1 Trimestre
667673;2025.0;n;3.0;2025-03-16;MT;163;102;POXOREO;Acessar a via sem observar a presença dos outros veículos;Sem Vítimas;2;Nublado;Pleno dia;domingo;Colisão lateral mesmo sentido;Dupla;0;0;-16,2815;-54,3808;Segura;Centro-Oeste;1 Trimestre
630512;2024.0;n;9.0;2024-09-25;SC;282;524;XAXIM;Reação tardia ou ineficiente do condutor;Sem Vítimas;4;Céu Claro;Pleno dia;quarta-feira;Tombamento;Simples;0;0;-26.96601465;-52.55626375;Segura;Sul;3 Trimestre
622168;2024.0;n;8.0;2024-08-18;MT;364;39;ALTO GARCAS;Demais falhas mecânicas ou elétricas;Sem Vítimas;1;Céu Claro;Pleno dia;domingo;Incêndio;Simples;0;0;-17.09305394;-53.46622478;Segura;Centro-Oeste;3 Trimestre
588883;2024.0;n;3.0;2024-03-21;PI;316;2,7;TERESINA;Ausência de reação do condutor;Com Vítimas Fatais;2;Céu Claro;Plena Noite;quinta-feira;Colisão traseira;Múltipla;1;0;-5.1274162;-42.79340029;Perigosa;Nordeste;1 Trimestre
588474;2024.0;n;3.0;2024-03-20;GO;414;388,8;CORUMBA DE GOIAS;Condutor Dormindo;Com Vítimas Feridas;2;Céu Claro;Amanhecer;quarta-feira;Colisão lateral sentido oposto;Simples;0;1;-15.88575819;-48.79661256;Perigosa;Centro-Oeste;1 Trimestre
668475;2025.0;n;3.0;2025-03-20;RN;405;86;APODI;Acessar a via sem observar a presença dos outros veículos;Sem Vítimas;2;Céu Claro;Pleno dia;quinta-feira;Colisão transversal;Simples;0;0;-5,737377;-37,833137;Segura;Nordeste;1 Trimestre
573715;2024.0;n;1.0;2024-01-10;RS;392;3,5;RIO GRANDE;Ausência de reação do condutor;Com Vítimas Feridas;3;Céu Claro;Pleno dia;quarta-feira;Colisão transversal;Simples;0;1;-32.06221202;-52.08949696;Perigosa;Sul;1 Trimestre
613584;2024.0;n;7.0;2024-07-10;MT;163;925,7;ITAUBA;Ausência de reação do condutor;Sem Vítimas;2;Céu Claro;Anoitecer;quarta-feira;Saída de leito carroçável;Simples;0;0;-11.094695;-55.294598;Segura;Centro-Oeste;3 Trimestre
673166;2025.0;n;4.0;2025-04-11;BA;324;363;CAPIM GROSSO;Ultrapassagem Indevida;Com Vítimas Fatais;2;Chuva;Plena Noite;sexta-feira;Colisão lateral sentido oposto;Simples;1;0;-11,41676416;-39,91195679;Perigosa;Nordeste;2 Trimestre
664071;2025.0;n;2.0;2025-02-09;PE;232;531,6;TERRA NOVA;Demais falhas mecânicas ou elétricas;Sem Vítimas;3;Céu Claro;Pleno dia;domingo;Incêndio;Simples;0;0;-8,07649811;-39,32277899;Segura;Nordeste;1 Trimestre
619272;2024.0;n;8.0;2024-08-05;RS;285;195,9;LAGOA VERMELHA;Reação tardia ou ineficiente do condutor;Com Vítimas Feridas;5;Nublado;Pleno dia;segunda-feira;Colisão traseira;Simples;0;0;-28.234371;-51.50174;Segura;Sul;3 Trimestre
624242;2024.0;n;8.0;2024-08-28;SP;116;137;SAO JOSE DOS CAMPOS;Manobra de mudança de faixa;Com Vítimas Feridas;3;Céu Claro;Plena Noite;quarta-feira;Colisão lateral mesmo sentido;Dupla;0;0;-23.15300766;-45.78709317;Segura;Sudeste;3 Trimestre
608403;2024.0;n;6.0;2024-06-18;SC;101;130,4;CAMBORIU;Trafegar com motocicleta (ou similar) entre as faixas;Com Vítimas Feridas;4;Nublado;Pleno dia;terça-feira;Colisão traseira;Dupla;0;0;-26.98636433;-48.6663866;Segura;Sul;2 Trimestre
597942;2024.0;n;2.0;2024-02-13;MG;381;513,4;IGARAPE;Ingestão de álcool pelo condutor;Com Vítimas Feridas;3;Céu Claro;Plena Noite;terça-feira;Colisão com objeto;Dupla;0;1;-20.07842424;-44.30485725;Perigosa;Sudeste;1 Trimestre
659700;2025.0;n;2.0;2025-02-06;RS;468;63,4;CAMPO NOVO;Acessar a via sem observar a presença dos outros veículos;Com Vítimas Feridas;2;Garoa/Chuvisco;Plena Noite;quinta-feira;Colisão frontal;Simples;0;0;-27,766647;-53,8184;Segura;Sul;1 Trimestre
613006;2024.0;n;7.0;2024-07-08;PB;101;79,3;SANTA RITA;Condutor Dormindo;Com Vítimas Feridas;2;Céu Claro;Pleno dia;segunda-feira;Tombamento;Dupla;0;0;-7.1147526;-34.95793891;Segura;Nordeste;3 Trimestre
671545;2025.0;n;4.0;2025-04-04;AL;101;139;SAO MIGUEL DOS CAMPOS;Condutor deixou de manter distância do veículo da frente;Sem Vítimas;3;Céu Claro;Anoitecer;sexta-feira;Colisão lateral mesmo sentido;Simples;0;0;-9,80918747;-36,11639406;Segura;Nordeste;2 Trimestre
658893;2025.0;n;2.0;2025-02-02;GO;153;508;APARECIDA DE GOIANIA;Ingestão de álcool pelo condutor;Sem Vítimas;4;Nublado;Plena Noite;domingo;Colisão lateral mesmo sentido;Dupla;0;0;-16,7804;-49,2371;Segura;Centro-Oeste;1 Trimestre
602690;2024.0;n;5.0;2024-05-24;MG;381;942;EXTREMA;Ausência de reação do condutor;Com Vítimas Feridas;2;Chuva;Pleno dia;sexta-feira;Saída de leito carroçável;Dupla;0;0;-22.86605937;-46.34940386;Segura;Sudeste;2 Trimestre
625349;2024.0;n;9.0;2024-09-02;MS;262;477,6;ANASTACIO;Demais falhas mecânicas ou elétricas;Com Vítimas Feridas;2;Céu Claro;Pleno dia;segunda-feira;Saída de leito carroçável;Simples;0;0;-20.50719128;-55.69188702;Segura;Centro-Oeste;3 Trimestre
589659;2024.0;n;3.0;2024-03-25;PR;476;196;LAPA;Suicídio (presumido);Com Vítimas Feridas;3;Nublado;Pleno dia;segunda-feira;Atropelamento de Pedestre;Simples;0;0;-25.753437;-49.725754;Segura;Sul;1 Trimestre
630109;2024.0;n;9.0;2024-09-23;RS;386;215;TIO HUGO;Acessar a via sem observar a presença dos outros veículos;Com Vítimas Feridas;5;Nublado;Anoitecer;segunda-feira;Colisão transversal;Simples;0;0;-28.57666;-52.596031;Segura;Sul;3 Trimestre
581464;2024.0;n;2.0;2024-02-16;MG;50;54,2;ARAGUARI;Demais falhas mecânicas ou elétricas;Com Vítimas Feridas;2;Nublado;Pleno dia;sexta-feira;Tombamento;Dupla;0;0;-18.76664393;-48.24409132;Segura;Sudeste;1 Trimestre
668759;2025.0;n;3.0;2025-03-22;RJ;116;215;ITAGUAI;Ausência de reação do condutor;Com Vítimas Feridas;3;Céu Claro;Plena Noite;sábado;Colisão traseira;Simples;0;0;-22,69376661;-43,77310663;Segura;Sudeste;1 Trimestre
597872;2024.0;n;5.0;2024-05-02;RJ;116;264,6;VOLTA REDONDA;Acessar a via sem observar a presença dos outros veículos;Com Vítimas Feridas;2;Céu Claro;Plena Noite;quinta-feira;Colisão com objeto;Dupla;0;1;-22.59213864;-44.07723781;Perigosa;Sudeste;2 Trimestre
672247;2025.0;n;4.0;2025-04-07;MT;70;519;VARZEA GRANDE;Acessar a via sem observar a presença dos outros veículos;Com Vítimas Feridas;2;Céu Claro;Anoitecer;segunda-feira;Colisão transversal;Simples;0;1;-15,67696513;-56,17575645;Perigosa;Centro-Oeste;2 Trimestre
583766;2024.0;n;2.0;2024-02-28;SC;470;86,9;RODEIO;Demais falhas mecânicas ou elétricas;Com Vítimas Feridas;3;Céu Claro;Plena Noite;quarta-feira;Colisão com objeto;Simples;0;0;-26.949951;-49.357296;Segura;Sul;1 Trimestre
612859;2024.0;n;7.0;2024-07-07;CE;222;209,1;FORQUILHA;Pedestre cruzava a pista fora da faixa;Com Vítimas Fatais;3;Céu Claro;Plena Noite;domingo;Atropelamento de Pedestre;Simples;1;0;-3.79896571;-40.26528955;Perigosa;Nordeste;3 Trimestre
607667;2024.0;n;6.0;2024-06-15;PR;476;156;ARAUCARIA;Condutor deixou de manter distância do veículo da frente;Com Vítimas Feridas;2;Céu Claro;Pleno dia;sábado;Colisão traseira;Dupla;0;0;-25.599157;-49.417736;Segura;Sul;2 Trimestre
591794;2024.0;n;4.0;2024-04-04;PR;277;0;PARANAGUA;Transitar no Acostamento;Com Vítimas Feridas;4;Céu Claro;Plena Noite;quinta-feira;Colisão lateral sentido oposto;Simples;0;0;-25.51153808;-48.5329628;Segura;Sul;2 Trimestre
585679;2024.0;n;3.0;2024-03-07;MG;153;192,2;FRUTAL;Pista Escorregadia;Com Vítimas Feridas;1;Garoa/Chuvisco;Pleno dia;quinta-feira;Tombamento;Simples;0;0;-19.9039277;-48.967624;Segura;Sudeste;1 Trimestre
663504;2025.0;n;2.0;2025-02-24;BA;324;585;CANDEIAS;Manobra de mudança de faixa;Com Vítimas Feridas;2;Céu Claro;Plena Noite;segunda-feira;Saída de leito carroçável;Dupla;0;0;-12,6991099;-38,4631415;Segura;Nordeste;1 Trimestre
608684;2024.0;n;6.0;2024-06-19;MA;402;57;MORROS;Ultrapassagem Indevida;Sem Vítimas;2;Céu Claro;Pleno dia;quarta-feira;Colisão lateral mesmo sentido;Simples;0;0;-2.853502;-43.878452;Segura;Nordeste;2 Trimestre
575008;2024.0;n;1.0;2024-01-16;MT;364;392,2;CUIABA;Condutor Dormindo;Com Vítimas Feridas;1;Céu Claro;Plena Noite;terça-feira;Saída de leito carroçável;Dupla;0;0;-15.68824488;-55.91002464;Segura;Centro-Oeste;1 Trimestre
652850;2025.0;n;1.0;2025-01-02;PE;101;29,1;ITAPISSUMA;Velocidade Incompatível;Com Vítimas Feridas;2;Céu Claro;Plena Noite;quinta-feira;Colisão traseira;Múltipla;0;0;-7,72939697;-34,94185854;Segura;Nordeste;1 Trimestre
596112;2024.0;n;4.0;2024-04-06;PE;232;327;CUSTODIA;Ausência de reação do condutor;Com Vítimas Feridas;2;Céu Claro;Pleno dia;sábado;Tombamento;Simples;0;0;-8.09163115;-37.58865201;Segura;Nordeste;2 Trimestre
654135;2025.0;n;1.0;2025-01-10;SP;116;57;GUARATINGUETA;Ausência de reação do condutor;Sem Vítimas;4;Céu Claro;Plena Noite;sexta-feira;Colisão traseira;Dupla;0;0;-22,77454618;-45,13807087;Segura;Sudeste;1 Trimestre
671110;2025.0;n;4.0;2025-04-02;SC;101;207;SAO JOSE;Reação tardia ou ineficiente do condutor;Com Vítimas Feridas;2;Nublado;Pleno dia;quarta-feira;Colisão traseira;Múltipla;0;1;-27,6011;-48,6242;Perigosa;Sul;2 Trimestre
626964;2024.0;n;9.0;2024-09-09;MG;262;13,5;MARTINS SOARES;Pedestre cruzava a pista fora da faixa;Com Vítimas Feridas;3;Nublado;Pleno dia;segunda-feira;Atropelamento de Pedestre;Simples;0;1;-20.25771509;-41.86161294;Perigosa;Sudeste;3 Trimestre
629254;2024.0;n;8.0;2024-08-06;MG;381;401;BOM JESUS DO AMPARO;Estacionar ou parar em local proibido;Com Vítimas Feridas;4;Sol;Pleno dia;terça-feira;Colisão com objeto;Dupla;0;1;-19.74117714;-43.50567698;Perigosa;Sudeste;3 Trimestre
658758;2025.0;n;2.0;2025-02-02;MS;158;132,5;APARECIDA DO TABOADO;Transitar na contramão;Com Vítimas Feridas;3;Céu Claro;Amanhecer;domingo;Colisão lateral sentido oposto;Simples;0;0;-19,96357311;-51,10871267;Segura;Centro-Oeste;1 Trimestre
673720;2025.0;n;4.0;2025-04-14;PI;230;166,6;SAO JOAO DA VARJOTA;Reação tardia ou ineficiente do condutor;Com Vítimas Feridas;3;Céu Claro;Plena Noite;segunda-feira;Colisão traseira;Simples;0;1;-6,929953;-41,873882;Perigosa;Nordeste;2 Trimestre
608490;2024.0;n;6.0;2024-06-18;GO;80;7;PADRE BERNARDO;Transitar na contramão;Sem Vítimas;2;Céu Claro;Plena Noite;terça-feira;Colisão lateral sentido oposto;Simples;0;0;-15.20350257;-48.26721955;Segura;Centro-Oeste;2 Trimestre
593385;2024.0;n;4.0;2024-04-12;ES;101;369;ANCHIETA;Velocidade Incompatível;Com Vítimas Feridas;2;Chuva;Amanhecer;sexta-feira;Tombamento;Simples;0;1;-20.76055768;-40.75851633;Perigosa;Sudeste;2 Trimestre
595272;2024.0;n;4.0;2024-04-20;RS;285;457,1;IJUI;Acessar a via sem observar a presença dos outros veículos;Com Vítimas Feridas;2;Céu Claro;Plena Noite;sábado;Colisão transversal;Simples;0;0;-28.3979504;-53.89774561;Segura;Sul;2 Trimestre
613043;2024.0;n;7.0;2024-07-08;SC;101;182,1;BIGUACU;Demais falhas mecânicas ou elétricas;Sem Vítimas;2;Nublado;Pleno dia;segunda-feira;Incêndio;Dupla;0;0;-27.41613807;-48.6266443;Segura;Sul;3 Trimestre
608370;2024.0;n;6.0;2024-06-18;GO;50;235,8;CATALAO;Velocidade Incompatível;Com Vítimas Feridas;3;Sol;Pleno dia;terça-feira;Saída de leito carroçável;Dupla;0;1;-17.8451;-47.7721;Perigosa;Centro-Oeste;2 Trimestre
652862;2025.0;n;1.0;2025-01-03;SC;282;489,4;FAXINAL DOS GUEDES;Ultrapassagem Indevida;Com Vítimas Feridas;3;Céu Claro;Plena Noite;sexta-feira;Colisão frontal;Simples;0;0;-26,870375;-52,274731;Segura;Sul;1 Trimestre
582493;2024.0;n;2.0;2024-02-21;MG;40;603,6;CONGONHAS;Velocidade Incompatível;Com Vítimas Feridas;5;Céu Claro;Pleno dia;quarta-feira;Tombamento;Simples;0;1;-20.44326;-43.83981;Perigosa;Sudeste;1 Trimestre
624151;2024.0;n;8.0;2024-08-28;MG;365;447,5;PATROCINIO;Reação tardia ou ineficiente do condutor;Com Vítimas Feridas;3;Céu Claro;Pleno dia;quarta-feira;Saída de leito carroçável;Simples;0;1;-18.8244371;-46.78682327;Perigosa;Sudeste;3 Trimestre
671828;2025.0;n;4.0;2025-04-05;MA;230;420;BALSAS;Ausência de reação do condutor;Com Vítimas Feridas;2;Céu Claro;Plena Noite;sábado;Colisão traseira;Simples;0;0;-7,5146475;-46,0790049;Segura;Nordeste;2 Trimestre
658367;2025.0;n;1.0;2025-01-31;MS;163;680,7;RIO VERDE DE MATO GROSSO;Velocidade Incompatível;Com Vítimas Feridas;3;Céu Claro;Pleno dia;sexta-feira;Colisão transversal;Simples;0;0;-18,92417173;-54,83538529;Segura;Centro-Oeste;1 Trimestre
597083;2024.0;n;4.0;2024-04-28;PR;163;106,5;CAPANEMA;Velocidade Incompatível;Com Vítimas Feridas;2;Nublado;Plena Noite;domingo;Tombamento;Simples;0;0;-25.610612;-53.708613;Segura;Sul;2 Trimestre
672073;2025.0;n;4.0;2025-04-06;PR;369;28,2;CAMBARA;Ultrapassagem Indevida;Com Vítimas Fatais;4;Céu Claro;Plena Noite;domingo;Colisão frontal;Simples;4;0;-23,03714988;-50,163508;Perigosa;Sul;2 Trimestre
685428;2025.0;n;4.0;2025-04-17;MG;251;470;FRANCISCO SA;Condutor deixou de manter distância do veículo da frente;Com Vítimas Feridas;3;Chuva;Pleno dia;quinta-feira;Colisão traseira;Simples;0;0;-16,4765158;-43,5004788;Segura;Sudeste;2 Trimestre
604361;2024.0;n;5.0;2024-05-31;PR;376;444;IPIRANGA;Ausência de reação do condutor;Com Vítimas Feridas;3;Céu Claro;Plena Noite;sexta-feira;Colisão traseira;Dupla;0;0;-24.837234;-50.476498;Segura;Sul;2 Trimestre
620901;2024.0;n;8.0;2024-08-13;SP;116;380;MIRACATU;Ausência de reação do condutor;Com Vítimas Feridas;2;Nevoeiro/Neblina;Amanhecer;terça-feira;Colisão com objeto;Dupla;0;0;-24.21753686;-47.36651776;Segura;Sudeste;3 Trimestre
659064;2025.0;n;2.0;2025-02-03;MG;365;768;ITUIUTABA;Ausência de reação do condutor;Com Vítimas Feridas;3;Céu Claro;Pleno dia;segunda-feira;Engavetamento;Simples;0;0;-18,96224029;-49,59311301;Segura;Sudeste;1 Trimestre
626333;2024.0;n;9.0;2024-09-06;RO;429;44,3;PRESIDENTE MEDICI;Velocidade Incompatível;Com Vítimas Feridas;2;Céu Claro;Plena Noite;sexta-feira;Tombamento;Simples;0;0;-11.20048387;-61.92886201;Segura;Norte;3 Trimestre
656678;2025.0;n;1.0;2025-01-22;PE;101;72,5;RECIFE;Demais falhas mecânicas ou elétricas;Com Vítimas Feridas;3;Sol;Pleno dia;quarta-feira;Colisão traseira;Dupla;0;1;-8,08493106;-34,9450639;Perigosa;Nordeste;1 Trimestre
668172;2025.0;n;3.0;2025-03-18;RO;364;305;PRESIDENTE MEDICI;Ingestão de álcool pelo condutor;Sem Vítimas;3;Céu Claro;Plena Noite;terça-feira;Colisão frontal;Simples;0;0;-11,19628281;-61,90147508;Segura;Norte;1 Trimestre
578510;2024.0;n;2.0;2024-02-02;PR;277;117,5;CAMPO LARGO;Manobra de mudança de faixa;Com Vítimas Feridas;4;Nublado;Pleno dia;sexta-feira;Colisão lateral mesmo sentido;Dupla;0;0;-25.435;-49.524;Segura;Sul;1 Trimestre
602999;2024.0;n;5.0;2024-05-26;TO;153;132,3;ARAGUAINA;Ultrapassagem Indevida;Sem Vítimas;4;Céu Claro;Plena Noite;domingo;Colisão lateral sentido oposto;Simples;0;0;-7.110162;-48.184059;Segura;Norte;2 Trimestre
606491;2024.0;n;6.0;2024-06-10;MG;381;483;CONTAGEM;Ausência de reação do condutor;Com Vítimas Feridas;2;Sol;Pleno dia;segunda-feira;Colisão traseira;Dupla;0;0;-19.95594491;-44.10721699;Segura;Sudeste;2 Trimestre
670579;2025.0;n;3.0;2025-03-30;SC;280;3;SAO FRANCISCO DO SUL;Transitar na contramão;Sem Vítimas;4;Nublado;Plena Noite;domingo;Colisão lateral sentido oposto;Simples;0;0;-26,245652;-48,615331;Segura;Sul;1 Trimestre
658252;2025.0;n;1.0;2025-01-30;PR;116;115;CURITIBA;Reação tardia ou ineficiente do condutor;Com Vítimas Feridas;2;Céu Claro;Pleno dia;quinta-feira;Tombamento;Múltipla;0;0;-25,545275;-49,299917;Segura;Sul;1 Trimestre
620371;2024.0;n;8.0;2024-08-10;PR;376;450;TIBAGI;Reação tardia ou ineficiente do condutor;Com Vítimas Feridas;2;Céu Claro;Pleno dia;sábado;Tombamento;Dupla;0;0;-24.87694831;-50.44269294;Segura;Sul;3 Trimestre
594921;2024.0;n;4.0;2024-04-19;MT;364;349,7;SANTO ANTONIO DO LEVERGER;Ausência de reação do condutor;Com Vítimas Feridas;1;Céu Claro;Pleno dia;sexta-feira;Tombamento;Dupla;0;1;-15.80502622;-55.5546431;Perigosa;Centro-Oeste;2 Trimestre
608686;2024.0;n;6.0;2024-06-19;MA;222;541;BOM JESUS DAS SELVAS;Ausência de reação do condutor;Com Vítimas Feridas;2;Nublado;Plena Noite;quarta-feira;Saída de leito carroçável;Simples;0;1;-4.31053534;-46.56981113;Perigosa;Nordeste;2 Trimestre
580747;2024.0;n;2.0;2024-02-12;ES;101;229,5;FUNDAO;Condutor desrespeitou a iluminação vermelha do semáforo;Com Vítimas Feridas;4;Céu Claro;Pleno dia;segunda-feira;Colisão transversal;Dupla;0;0;-19.933467;-40.405019;Segura;Sudeste;1 Trimestre
578000;2024.0;n;1.0;2024-01-30;MG;365;2,6;MONTES CLAROS;Reação tardia ou ineficiente do condutor;Com Vítimas Feridas;3;Nublado;Pleno dia;terça-feira;Colisão traseira;Simples;0;0;-16.72627608;-43.88021191;Segura;Sudeste;1 Trimestre
656399;2025.0;n;1.0;2025-01-21;AL;101;30;JOAQUIM GOMES;Velocidade Incompatível;Com Vítimas Feridas;3;Céu Claro;Amanhecer;terça-feira;Tombamento;Simples;0;0;-9,0847746;-35,7468078;Segura;Nordeste;1 Trimestre
665338;2025.0;n;3.0;2025-03-05;PR;163;334;GUAIRA;Chuva;Com Vítimas Feridas;2;Chuva;Pleno dia;quarta-feira;Saída de leito carroçável;Simples;0;0;-24,16901036;-54,22197104;Segura;Sul;1 Trimestre
622223;2024.0;n;8.0;2024-08-19;ES;101;66;SAO MATEUS;Ingestão de álcool pelo condutor;Com Vítimas Feridas;2;Céu Claro;Amanhecer;segunda-feira;Colisão traseira;Dupla;0;0;-18.7165195;-39.87436378;Segura;Sudeste;3 Trimestre
592481;2024.0;n;4.0;2024-04-07;MG;262;587,5;CAMPOS ALTOS;Velocidade Incompatível;Com Vítimas Feridas;2;Céu Claro;Pleno dia;domingo;Tombamento;Simples;0;0;-19.6581073;-46.12884521;Segura;Sudeste;2 Trimestre
575208;2024.0;n;1.0;2024-01-12;TO;153;128;WANDERLANDIA;Ultrapassagem Indevida;Sem Vítimas;2;Céu Claro;Pleno dia;sexta-feira;Colisão lateral mesmo sentido;Simples;0;0;-7.08522898;-48.15467901;Segura;Norte;1 Trimestre
687084;2025.0;n;4.0;2025-04-24;PA;163;617;TRAIRAO;Reação tardia ou ineficiente do condutor;Com Vítimas Feridas;3;Céu Claro;Pleno dia;quinta-feira;Tombamento;Simples;0;1;-4,732686;-56,048033;Perigosa;Norte;2 Trimestre
657910;2025.0;n;1.0;2025-01-28;MG;381;492;BETIM;Ausência de reação do condutor;Com Vítimas Feridas;9;Céu Claro;Pleno dia;terça-feira;Engavetamento;Dupla;0;0;-19,97490091;-44,19004301;Segura;Sudeste;1 Trimestre
660318;2025.0;n;2.0;2025-02-09;MT;163;721;SORRISO;Ausência de reação do condutor;Com Vítimas Fatais;2;Chuva;Pleno dia;domingo;Tombamento;Simples;1;0;-12,801158;-55,832997;Perigosa;Centro-Oeste;1 Trimestre
620029;2024.0;n;8.0;2024-08-09;PR;116;95;SAO JOSE DOS PINHAIS;Conversão proibida;Com Vítimas Feridas;3;Chuva;Pleno dia;sexta-feira;Colisão transversal;Simples;0;0;-25.4971982;-49.11761871;Segura;Sul;3 Trimestre
653949;2025.0;n;1.0;2025-01-08;SC;101;426,9;SOMBRIO;Pedestre andava na pista;Com Vítimas Fatais;3;Nublado;Plena Noite;quarta-feira;Atropelamento de Pedestre;Múltipla;1;0;-29,03780487;-49,61011648;Perigosa;Sul;1 Trimestre
629101;2024.0;n;9.0;2024-09-19;RN;101;96,6;NATAL;Condutor deixou de manter distância do veículo da frente;Com Vítimas Feridas;3;Céu Claro;Pleno dia;quinta-feira;Colisão lateral mesmo sentido;Dupla;0;0;-5.84949622;-35.20890752;Segura;Nordeste;3 Trimestre
665527;2025.0;n;3.0;2025-03-06;RJ;493;3;ITABORAI;Condutor deixou de manter distância do veículo da frente;Com Vítimas Feridas;4;Céu Claro;Pleno dia;quinta-feira;Colisão traseira;Dupla;0;0;-22,75248038;-42,94180804;Segura;Sudeste;1 Trimestre
657304;2025.0;n;1.0;2025-01-25;MG;116;574,9;MANHUACU;Transitar na contramão;Com Vítimas Fatais;3;Céu Claro;Plena Noite;sábado;Colisão frontal;Simples;1;0;-20,14598091;-42,18538333;Perigosa;Sudeste;1 Trimestre
668776;2025.0;n;3.0;2025-03-22;GO;20;154,2;ALVORADA DO NORTE;Transitar na contramão;Com Vítimas Fatais;2;Céu Claro;Plena Noite;sábado;Colisão frontal;Simples;1;1;-14,681896;-46,647022;Perigosa;Centro-Oeste;1 Trimestre
630505;2024.0;n;9.0;2024-09-25;PR;116;98;SAO JOSE DOS PINHAIS;Frear bruscamente;Com Vítimas Feridas;3;Céu Claro;Plena Noite;quarta-feira;Colisão traseira;Dupla;0;0;-25.5587;-49.1505;Segura;Sul;3 Trimestre
578138;2024.0;n;1.0;2024-01-31;SP;116;335;JUQUITIBA;Reação tardia ou ineficiente do condutor;Com Vítimas Feridas;2;Céu Claro;Pleno dia;quarta-feira;Tombamento;Dupla;0;0;-23.96963408;-47.1337469;Segura;Sudeste;1 Trimestre
671236;2025.0;n;4.0;2025-04-03;RO;364;368,3;OURO PRETO DO OESTE;Falta de acostamento;Com Vítimas Feridas;4;Céu Claro;Plena Noite;quinta-feira;Colisão frontal;Simples;0;0;-10,766515;-62,121893;Segura;Norte;2 Trimestre
627984;2024.0;n;9.0;2024-09-14;MG;381;915,8;CAMANDUCAIA;Reação tardia ou ineficiente do condutor;Com Vítimas Feridas;3;Nublado;Pleno dia;sábado;Colisão traseira;Dupla;0;0;-22.73360072;-46.13483859;Segura;Sudeste;3 Trimestre
672634;2025.0;n;4.0;2025-04-09;RO;364;322;PRESIDENTE MEDICI;Ultrapassagem Indevida;Com Vítimas Feridas;3;Céu Claro;Pleno dia;quarta-feira;Colisão frontal;Simples;0;0;-11,049565;-61,929955;Segura;Norte;2 Trimestre
681983;2025.0;n;4.0;2025-04-16;MS;60;128,8;PARAISO DAS AGUAS;Ausência de reação do condutor;Com Vítimas Feridas;2;Céu Claro;Pleno dia;quarta-feira;Tombamento;Simples;0;0;-19,34559254;-53,49764313;Segura;Centro-Oeste;2 Trimestre
661312;2025.0;n;2.0;2025-02-14;PB;104;174,3;ALCANTIL;Transitar na contramão;Com Vítimas Feridas;4;Céu Claro;Pleno dia;sexta-feira;Colisão frontal;Simples;0;1;-7,60890492;-36,05502003;Perigosa;Nordeste;1 Trimestre
607542;2024.0;n;6.0;2024-06-14;PR;476;192;LAPA;Ausência de reação do condutor;Com Vítimas Feridas;3;Céu Claro;Plena Noite;sexta-feira;Tombamento;Dupla;0;0;-25.7293;-49.701283;Segura;Sul;2 Trimestre