id;ano;feriado;mes;data_inversa;uf;br;km;municipio;causa_acidente;classificacao_acidente;veiculos;condicao_metereologica;fase_dia;dia_semana;tipo_acidente;tipo_pista;mortos;feridos_graves;latitude;longitude;status;regiao;periodo
653469;2025.0;n;1.0;2025-01-06;RS;290;376,8;VILA NOVA DO SUL;Reação tardia ou ineficiente do condutor;Com Vítimas Feridas;3;Céu Claro;Pleno dia;segunda-feira;Colisão traseira;Simples;0;1;-30,339338;-53,87907;Perigosa;Sul;1 Trimestre
588438;2024.0;n;3.0;2024-03-19;BA;415;25;ILHEUS;Ausência de reação do condutor;Com Vítimas Feridas;3;Céu Claro;Plena Noite;terça-feira;Queda de ocupante de veículo;Simples;0;0;-14.8482;-39.281986;Segura;Nordeste;1 Trimestre
618659;2024.0;n;8.0;2024-08-03;GO;153;138;MARA ROSA;Condutor deixou de manter distância do veículo da frente;Sem Vítimas;3;Céu Claro;Plena Noite;sábado;Colisão lateral mesmo sentido;Simples;0;0;-13.976104;-49.090424;Segura;Centro-Oeste;3 Trimestre
626065;2024.0;n;9.0;2024-09-06;ES;259;53,2;COLATINA;Ausência de reação do condutor;Com Vítimas Feridas;2;Sol;Pleno dia;sexta-feira;Colisão lateral mesmo sentido;Simples;0;0;-19.49989886;-40.62939795;Segura;Sudeste;3 Trimestre
607587;2024.0;n;6.0;2024-06-15;MG;40;513;RIBEIRAO DAS NEVES;Ingestão de álcool pelo condutor;Sem Vítimas;3;Céu Claro;Amanhecer;sábado;Colisão traseira;Dupla;0;0;-19.7970544;-44.1080512;Segura;Sudeste;2 Trimestre
624689;2024.0;n;8.0;2024-08-30;PE;110;143;IBIMIRIM;Transitar na contramão;Com Vítimas Feridas;2;Céu Claro;Plena Noite;sexta-feira;Colisão frontal;Simples;0;1;-8.5129239;-37.65885004;Perigosa;Nordeste;3 Trimestre
594240;2024.0;n;4.0;2024-04-15;PR;376;373;ORTIGUEIRA;Acumulo de água sobre o pavimento;Com Vítimas Fatais;2;Chuva;Pleno dia;segunda-feira;Colisão transversal;Simples;1;0;-24.39914107;-50.78383753;Perigosa;Sul;2 Trimestre
661666;2025.0;n;2.0;2025-02-16;PR;277;345,5;GUARAPUAVA;Transitar na contramão;Com Vítimas Feridas;2;Nublado;Pleno dia;domingo;Colisão frontal;Dupla;0;1;-25,36619927;-51,49141788;Perigosa;Sul;1 Trimestre
624114;2024.0;n;7.0;2024-07-15;SC;101;105;PENHA;Manobra de mudança de faixa;Com Vítimas Feridas;2;Chuva;Anoitecer;segunda-feira;Colisão lateral mesmo sentido;Dupla;0;0;-26.80215497;-48.67891041;Segura;Sul;3 Trimestre
666857;2025.0;n;3.0;2025-03-12;MG;381;436;SABARA;Acessar a via sem observar a presença dos outros veículos;Com Vítimas Feridas;3;Céu Claro;Plena Noite;quarta-feira;Colisão transversal;Simples;0;0;-19,792011;-43,745495;Segura;Sudeste;1 Trimestre
652668;2025.0;y;1.0;2025-01-01;MT;364;580;DIAMANTINO;Reação tardia ou ineficiente do condutor;Sem Vítimas;1;Céu Claro;Plena Noite;quarta-feira;Saída de leito carroçável;Dupla;0;0;-14,65567222;-56,29443276;Segura;Centro-Oeste;1 Trimestre
685386;2025.0;n;4.0;2025-04-17;SC;163;71,1;SAO MIGUEL DO OESTE;Transitar no Acostamento;Com Vítimas Feridas;2;Céu Claro;Pleno dia;quinta-feira;Colisão transversal;Simples;0;1;-26,70880383;-53,51435065;Perigosa;Sul;2 Trimestre
624051;2024.0;n;8.0;2024-08-27;BA;135;28;FORMOSA DO RIO PRETO;Manobra de mudança de faixa;Com Vítimas Fatais;2;Céu Claro;Plena Noite;terça-feira;Colisão frontal;Simples;5;1;-11.06336098;-45.19219498;Perigosa;Nordeste;3 Trimestre
615883;2024.0;n;7.0;2024-07-13;PR;277;161;PALMEIRA;Reação tardia ou ineficiente do condutor;Com Vítimas Feridas;2;Chuva;Plena Noite;sábado;Saída de leito carroçável;Simples;0;1;-25.46367;-49.92734;Perigosa;Sul;3 Trimestre
578579;2024.0;n;2.0;2024-02-02;MG;40;546;NOVA LIMA;Velocidade Incompatível;Com Vítimas Feridas;2;Sol;Pleno dia;sexta-feira;Colisão transversal;Dupla;0;1;-20.01976644;-43.97157669;Perigosa;Sudeste;1 Trimestre
611831;2024.0;n;7.0;2024-07-03;SP;116;282;EMBU DAS ARTES;Manobra de mudança de faixa;Sem Vítimas;2;Céu Claro;Plena Noite;quarta-feira;Colisão lateral mesmo sentido;Dupla;0;0;-23.68570216;-46.85970975;Segura;Sudeste;3 Trimestre
688227;2025.0;n;4.0;2025-04-30;PR;376;664;GUARATUBA;Velocidade Incompatível;Com Vítimas Feridas;8;Céu Claro;Pleno dia;quarta-feira;Colisão lateral mesmo sentido;Dupla;0;1;-25,85590672;-48,95226566;Perigosa;Sul;2 Trimestre
596679;2024.0;n;4.0;2024-04-27;MT;364;316;CAMPO VERDE;Reação tardia ou ineficiente do condutor;Com Vítimas Feridas;5;Céu Claro;Amanhecer;sábado;Colisão traseira;Dupla;0;0;-15.80685716;-55.29215303;Segura;Centro-Oeste;2 Trimestre
578622;2024.0;n;2.0;2024-02-02;PR;277;595,5;CASCAVEL;Reação tardia ou ineficiente do condutor;Com Vítimas Feridas;3;Chuva;Pleno dia;sexta-feira;Colisão lateral mesmo sentido;Múltipla;0;0;-24.98154632;-53.50141969;Segura;Sul;1 Trimestre
616610;2024.0;n;7.0;2024-07-24;ES;101;257,5;SERRA;Acessar a via sem observar a presença dos outros veículos;Com Vítimas Feridas;2;Céu Claro;Plena Noite;quarta-feira;Colisão transversal;Dupla;0;0;-20.12455095;-40.30331881;Segura;Sudeste;3 Trimestre
580389;2024.0;n;2.0;2024-02-10;MT;158;624,5;NOVA XAVANTINA;Ultrapassagem Indevida;Com Vítimas Feridas;5;Nublado;Pleno dia;sábado;Colisão frontal;Simples;0;0;-14.4847019;-52.28140519;Segura;Centro-Oeste;1 Trimestre
606540;2024.0;n;6.0;2024-06-10;BA;101;227;CRUZ DAS ALMAS;Reação tardia ou ineficiente do condutor;Com Vítimas Feridas;2;Céu Claro;Pleno dia;segunda-feira;Saída de leito carroçável;Simples;0;0;-12.68382804;-39.14282537;Segura;Nordeste;2 Trimestre
653142;2025.0;n;1.0;2025-01-04;BA;324;537;AMELIA RODRIGUES;Acessar a via sem observar a presença dos outros veículos;Com Vítimas Feridas;2;Céu Claro;Pleno dia;sábado;Colisão lateral mesmo sentido;Dupla;0;0;-12,36902201;-38,81384601;Segura;Nordeste;1 Trimestre
665912;2025.0;n;3.0;2025-03-08;ES;101;268;SERRA;Acessar a via sem observar a presença dos outros veículos;Com Vítimas Feridas;2;Céu Claro;Pleno dia;sábado;Colisão lateral mesmo sentido;Dupla;0;0;-20,0488474;-40,3866959;Segura;Sudeste;1 Trimestre
610524;2024.0;n;6.0;2024-06-28;PR;163;293,4;MARECHAL CANDIDO RONDON;Velocidade Incompatível;Sem Vítimas;3;Céu Claro;Amanhecer;sexta-feira;Tombamento;Simples;0;0;-24.51605302;-54.11455929;Segura;Sul;2 Trimestre
590568;2024.0;y;3.0;2024-03-29;SC;163;104,3;SAO JOSE DO CEDRO;Ausência de reação do condutor;Com Vítimas Feridas;2;Céu Claro;Pleno dia;sexta-feira;Colisão frontal;Simples;0;1;-26.4517091;-53.51159334;Perigosa;Sul;1 Trimestre
617648;2024.0;n;7.0;2024-07-29;PR;376;87,9;PARANAVAI;Reação tardia ou ineficiente do condutor;Sem Vítimas;4;Nublado;Pleno dia;segunda-feira;Saída de leito carroçável;Simples;0;0;-22.99000238;-52.59635925;Segura;Sul;3 Trimestre
657996;2025.0;n;1.0;2025-01-29;GO;60;98,9;ANAPOLIS;Velocidade Incompatível;Com Vítimas Feridas;4;Chuva;Pleno dia;quarta-feira;Colisão traseira;Dupla;0;0;-16,3846;-48,9541;Segura;Centro-Oeste;1 Trimestre
673751;2025.0;n;4.0;2025-04-07;MG;381;769,3;CAMPANHA;Ausência de reação do condutor;Com Vítimas Feridas;2;Nublado;Plena Noite;segunda-feira;Colisão traseira;Dupla;0;0;-21,75723;-45,405709;Segura;Sudeste;2 Trimestre
621553;2024.0;n;8.0;2024-08-16;CE;116;13;FORTALEZA;Ausência de sinalização;Com Vítimas Feridas;2;Céu Claro;Pleno dia;sexta-feira;Colisão traseira;Múltipla;0;1;-3.86088501;-38.49715296;Perigosa;Nordeste;3 Trimestre
606590;2024.0;n;6.0;2024-06-10;RS;290;285,1;CACHOEIRA DO SUL;Transitar na contramão;Com Vítimas Fatais;3;Céu Claro;Pleno dia;segunda-feira;Colisão frontal;Simples;1;0;-30.25539;-53.073017;Perigosa;Sul;2 Trimestre
625009;2024.0;n;9.0;2024-09-01;BA;116;802,1;VITORIA DA CONQUISTA;Condutor Dormindo;Com Vítimas Feridas;4;Céu Claro;Pleno dia;domingo;Colisão lateral sentido oposto;Simples;0;0;-14.75761933;-40.69211483;Segura;Nordeste;3 Trimestre
614740;2024.0;n;7.0;2024-07-15;MS;262;618;MIRANDA;Condutor Dormindo;Com Vítimas Feridas;2;Céu Claro;Plena Noite;segunda-feira;Colisão com objeto;Simples;0;0;-19.96733704;-56.83601909;Segura;Centro-Oeste;3 Trimestre
686396;2025.0;y;4.0;2025-04-21;PR;373;172;PONTA GROSSA;Transitar na contramão;Com Vítimas Feridas;2;Céu Claro;Amanhecer;segunda-feira;Colisão frontal;Dupla;0;0;-25,0810286;-50,1926222;Segura;Sul;2 Trimestre
622504;2024.0;n;8.0;2024-08-20;TO;153;530;PUGMIL;Manobra de mudança de faixa;Com Vítimas Feridas;5;Céu Claro;Pleno dia;terça-feira;Colisão lateral sentido oposto;Simples;0;1;-10.47189695;-48.90333942;Perigosa;Norte;3 Trimestre
586994;2024.0;n;3.0;2024-03-13;CE;116;79,9;CHOROZINHO;Ausência de reação do condutor;Com Vítimas Feridas;3;Garoa/Chuvisco;Pleno dia;quarta-feira;Colisão traseira;Simples;0;0;-4.38873492;-38.4326269;Segura;Nordeste;1 Trimestre
610184;2024.0;n;6.0;2024-06-26;PE;232;29;MORENO;Animais na Pista;Com Vítimas Feridas;3;Céu Claro;Plena Noite;quarta-feira;Atropelamento de Animal;Dupla;0;3;-8.111269;-35.143135;Perigosa;Nordeste;2 Trimestre
606003;2024.0;n;6.0;2024-06-08;ES;101;270,4;SERRA;Acessar a via sem observar a presença dos outros veículos;Com Vítimas Feridas;3;Nublado;Pleno dia;sábado;Colisão lateral mesmo sentido;Múltipla;0;0;-20.22662056;-40.27075088;Segura;Sudeste;2 Trimestre
591268;2024.0;n;4.0;2024-04-01;PR;369;156;LONDRINA;Ausência de reação do condutor;Com Vítimas Feridas;4;Céu Claro;Plena Noite;segunda-feira;Engavetamento;Múltipla;0;0;-23.29230325;-51.21530056;Segura;Sul;2 Trimestre
573705;2024.0;n;1.0;2024-01-09;BA;116;382,4;SANTA BARBARA;Reação tardia ou ineficiente do condutor;Com Vítimas Feridas;3;Céu Claro;Pleno dia;terça-feira;Colisão frontal;Simples;0;1;-11.8732;-38.9788;Perigosa;Nordeste;1 Trimestre
621175;2024.0;n;8.0;2024-08-14;SC;470;356;CAMPOS NOVOS;Condutor Dormindo;Com Vítimas Feridas;2;Céu Claro;Pleno dia;quarta-feira;Tombamento;Simples;0;1;-27.59919429;-51.47358656;Perigosa;Sul;3 Trimestre
579043;2024.0;n;2.0;2024-02-04;ES;101;320,8;GUARAPARI;Reação tardia ou ineficiente do condutor;Com Vítimas Feridas;3;Céu Claro;Plena Noite;domingo;Colisão lateral mesmo sentido;Múltipla;0;0;-20.51234104;-40.47639192;Segura;Sudeste;1 Trimestre
621190;2024.0;n;8.0;2024-08-14;PR;369;75,2;SANTA MARIANA;Reação tardia ou ineficiente do condutor;Com Vítimas Fatais;6;Sol;Pleno dia;quarta-feira;Colisão frontal;Simples;1;0;-23.148969;-50.535791;Perigosa;Sul;3 Trimestre
653089;2025.0;n;1.0;2025-01-04;RJ;116;172;SAO JOAO DE MERITI;Ausência de reação do condutor;Com Vítimas Feridas;2;Céu Claro;Pleno dia;sábado;Colisão traseira;Dupla;0;0;-22,80188151;-43,35043673;Segura;Sudeste;1 Trimestre
593768;2024.0;n;4.0;2024-04-13;PE;424;70;CAETES;Transitar na contramão;Com Vítimas Fatais;2;Céu Claro;Plena Noite;sábado;Colisão frontal;Simples;1;0;-8.77912908;-36.62060205;Perigosa;Nordeste;2 Trimestre
652523;2025.0;y;1.0;2025-01-01;PB;230;4;CABEDELO;Ingestão de álcool pelo condutor;Com Vítimas Feridas;1;Céu Claro;Pleno dia;quarta-feira;Colisão com objeto;Simples;0;0;-7,0004;-34,8284;Segura;Nordeste;1 Trimestre
653663;2025.0;n;1.0;2025-01-07;ES;393;1,3;CACHOEIRO DE ITAPEMIRIM;Ausência de reação do condutor;Com Vítimas Feridas;3;Céu Claro;Pleno dia;terça-feira;Colisão traseira;Simples;0;1;-20,83723289;-41,16733095;Perigosa;Sudeste;1 Trimestre
686393;2025.0;y;4.0;2025-04-21;PR;277;110;CURITIBA;Manobra de mudança de faixa;Com Vítimas Feridas;4;Nublado;Pleno dia;segunda-feira;Colisão lateral mesmo sentido;Dupla;0;0;-25,42751518;-49,38647205;Segura;Sul;2 Trimestre
659029;2025.0;n;2.0;2025-02-03;PA;230;202;ITUPIRANGA;Condutor Dormindo;Com Vítimas Feridas;2;Céu Claro;Plena Noite;segunda-feira;Colisão com objeto;Simples;0;0;-4,90668999;-49,47822903;Segura;Norte;1 Trimestre
594267;2024.0;n;4.0;2024-04-16;SP;116;501;CAJATI;Demais falhas mecânicas ou elétricas;Sem Vítimas;2;Céu Claro;Plena Noite;terça-feira;Incêndio;Dupla;0;0;-24.77859381;-48.1923679;Segura;Sudeste;2 Trimestre
668284;2025.0;n;3.0;2025-03-19;MS;262;111;AGUA CLARA;Demais falhas mecânicas ou elétricas;Sem Vítimas;2;Céu Claro;Pleno dia;quarta-feira;Incêndio;Simples;0;0;-20,5273629;-52,5910365;Segura;Centro-Oeste;1 Trimestre
652777;2025.0;n;1.0;2025-01-02;SC;101;350;JAGUARUNA;Velocidade Incompatível;Com Vítimas Feridas;1;Céu Claro;Pleno dia;quinta-feira;Saída de leito carroçável;Múltipla;0;0;-28,58988203;-49,04517307;Segura;Sul;1 Trimestre
616915;2024.0;n;7.0;2024-07-26;TO;153;348;FORTALEZA DO TABOCAO;Ausência de reação do condutor;Com Vítimas Feridas;4;Céu Claro;Amanhecer;sexta-feira;Colisão traseira;Simples;0;0;-8.91782199;-48.50944146;Segura;Norte;3 Trimestre
583579;2024.0;n;2.0;2024-02-26;PR;373;445,3;CHOPINZINHO;Ultrapassagem Indevida;Com Vítimas Fatais;3;Céu Claro;Plena Noite;segunda-feira;Colisão frontal;Simples;1;0;-25.848435;-52.327398;Perigosa;Sul;1 Trimestre
595938;2024.0;n;4.0;2024-04-23;PE;423;97,1;GARANHUNS;Acesso irregular;Com Vítimas Feridas;2;Céu Claro;Plena Noite;terça-feira;Colisão frontal;Simples;0;1;-8.8796227;-36.49484286;Perigosa;Nordeste;2 Trimestre
673762;2025.0;n;4.0;2025-04-14;ES;101;372,5;ICONHA;Ultrapassagem Indevida;Sem Vítimas;4;Nublado;Plena Noite;segunda-feira;Colisão frontal;Simples;0;0;-20,77239177;-40,77697785;Segura;Sudeste;2 Trimestre
662316;2025.0;n;2.0;2025-02-11;MG;381;917,6;CAMANDUCAIA;Reação tardia ou ineficiente do condutor;Com Vítimas Feridas;3;Céu Claro;Plena Noite;terça-feira;Colisão com objeto;Dupla;0;2;-22,76700121;-46,17875277;Perigosa;Sudeste;1 Trimestre
662572;2025.0;n;2.0;2025-02-04;PE;101;10,2;GOIANA;Ausência de reação do condutor;Com Vítimas Feridas;4;Nublado;Plena Noite;terça-feira;Colisão traseira;Dupla;0;3;-7,58938878;-34,98707771;Perigosa;Nordeste;1 Trimestre
601121;2024.0;n;5.0;2024-05-17;PI;20;341;SANTO ANTONIO DE LISBOA;Demais falhas mecânicas ou elétricas;Sem Vítimas;2;Céu Claro;Pleno dia;sexta-feira;Incêndio;Simples;0;0;-6.96708789;-41.18068212;Segura;Nordeste;2 Trimestre
619279;2024.0;n;8.0;2024-08-05;PR;277;289;PRUDENTOPOLIS;Velocidade Incompatível;Com Vítimas Feridas;4;Céu Claro;Pleno dia;segunda-feira;Colisão lateral sentido oposto;Simples;0;0;-25.31841715;-50.99422008;Segura;Sul;3 Trimestre
652988;2025.0;n;1.0;2025-01-03;RJ;116;144;DUQUE DE CAXIAS;Condutor deixou de manter distância do veículo da frente;Com Vítimas Fatais;3;Céu Claro;Pleno dia;sexta-feira;Queda de ocupante de veículo;Dupla;1;0;-22,65737709;-43,24724694;Perigosa;Sudeste;1 Trimestre
607204;2024.0;n;6.0;2024-06-13;SC;282;82,2;ALFREDO WAGNER;Reação tardia ou ineficiente do condutor;Com Vítimas Feridas;3;Céu Claro;Pleno dia;quinta-feira;Colisão traseira;Simples;0;0;-27.662027;-49.178356;Segura;Sul;2 Trimestre
616592;2024.0;n;7.0;2024-07-24;MT;158;451;RIBEIRAO CASCALHEIRA;Carga excessiva e/ou mal acondicionada;Sem Vítimas;3;Céu Claro;Pleno dia;quarta-feira;Tombamento;Simples;0;0;-13.122924;-51.92276896;Segura;Centro-Oeste;3 Trimestre
579251;2024.0;n;2.0;2024-02-05;MG;262;604,1;CAMPOS ALTOS;Ausência de reação do condutor;Com Vítimas Feridas;1;Garoa/Chuvisco;Pleno dia;segunda-feira;Saída de leito carroçável;Simples;0;1;-19.64303802;-46.24914201;Perigosa;Sudeste;1 Trimestre
608630;2024.0;n;6.0;2024-06-19;RJ;493;19;MAGE;Ausência de reação do condutor;Com Vítimas Feridas;3;Céu Claro;Pleno dia;quarta-feira;Colisão traseira;Dupla;0;0;-22.66360097;-43.03361893;Segura;Sudeste;2 Trimestre
597092;2024.0;n;4.0;2024-04-28;PR;277;436,2;VIRMOND;Velocidade Incompatível;Com Vítimas Feridas;3;Céu Claro;Plena Noite;domingo;Tombamento;Simples;0;0;-25.3768424;-52.2542894;Segura;Sul;2 Trimestre
672723;2025.0;n;3.0;2025-03-31;SC;153;45;VARGEM BONITA;Demais falhas mecânicas ou elétricas;Sem Vítimas;2;Céu Claro;Plena Noite;segunda-feira;Incêndio;Simples;0;0;-26,900429;-51,77187;Segura;Sul;1 Trimestre
659602;2025.0;n;2.0;2025-02-06;PE;424;89,3;GARANHUNS;Demais falhas mecânicas ou elétricas;Com Vítimas Feridas;6;Nublado;Pleno dia;quinta-feira;Colisão lateral mesmo sentido;Simples;0;0;-8,89138375;-36,50571483;Segura;Nordeste;1 Trimestre
584034;2024.0;n;2.0;2024-02-02;PR;277;102,4;CAMPO LARGO;Pedestre andava na pista;Com Vítimas Fatais;5;Nublado;Plena Noite;sexta-feira;Atropelamento de Pedestre;Dupla;1;0;-25.42830532;-49.39031482;Perigosa;Sul;1 Trimestre
652838;2025.0;n;1.0;2025-01-02;GO;364;299;MINEIROS;Reação tardia ou ineficiente do condutor;Com Vítimas Fatais;3;Nublado;Plena Noite;quinta-feira;Colisão traseira;Simples;1;0;-17,559059;-52,528431;Perigosa;Centro-Oeste;1 Trimestre
607914;2024.0;n;6.0;2024-06-16;MG;381;828;SAO SEBASTIAO DA BELA VISTA;Problema com o freio;Sem Vítimas;2;Céu Claro;Pleno dia;domingo;Incêndio;Dupla;0;0;-22.12802668;-45.80183626;Segura;Sudeste;2 Trimestre
626943;2024.0;n;9.0;2024-09-09;PR;0;0;JANDAIA DO SUL;Velocidade Incompatível;Com Vítimas Fatais;5;Céu Claro;Pleno dia;segunda-feira;Colisão traseira;Dupla;1;0;-23.58538461;-51.63964748;Perigosa;Sul;3 Trimestre
624155;2024.0;n;8.0;2024-08-28;MT;70;217;GENERAL CARNEIRO;Reação tardia ou ineficiente do condutor;Com Vítimas Feridas;2;Sol;Pleno dia;quarta-feira;Tombamento;Simples;0;0;-15.6789381;-53.84949803;Segura;Centro-Oeste;3 Trimestre
586142;2024.0;n;3.0;2024-03-09;SP;381;85;SAO PAULO;Ausência de reação do condutor;Com Vítimas Fatais;2;Nublado;Pleno dia;sábado;Tombamento;Dupla;1;0;-23.45730871;-46.571433;Perigosa;Sudeste;1 Trimestre
673010;2025.0;n;4.0;2025-04-11;MG;40;598,9;OURO PRETO;Estacionar ou parar em local proibido;Com Vítimas Fatais;3;Céu Claro;Anoitecer;sexta-feira;Colisão com objeto;Simples;1;0;-20,42337;-43,86696;Perigosa;Sudeste;2 Trimestre
593213;2024.0;n;4.0;2024-04-11;SE;101;66;ROSARIO DO CATETE;Transitar na contramão;Com Vítimas Fatais;4;Chuva;Amanhecer;quinta-feira;Colisão frontal;Simples;1;2;-10.71207086;-37.05954216;Perigosa;Nordeste;2 Trimestre
580628;2024.0;n;2.0;2024-02-11;MT;364;1;ALTO ARAGUAIA;Ingestão de álcool pelo condutor;Sem Vítimas;3;Céu Claro;Plena Noite;domingo;Colisão lateral sentido oposto;Simples;0;0;-17.31077744;-53.22322369;Segura;Centro-Oeste;1 Trimestre
657448;2025.0;n;1.0;2025-01-26;PR;277;299,2;PRUDENTOPOLIS;Acessar a via sem observar a presença dos outros veículos;Com Vítimas Feridas;4;Céu Claro;Pleno dia;domingo;Colisão lateral mesmo sentido;Dupla;0;0;-25,3142531;-51,08912399;Segura;Sul;1 Trimestre
656333;2025.0;n;1.0;2025-01-20;BA;324;525;FEIRA DE SANTANA;Reação tardia ou ineficiente do condutor;Sem Vítimas;2;Céu Claro;Anoitecer;segunda-feira;Colisão lateral mesmo sentido;Dupla;0;0;-12,30106981;-38,8977869;Segura;Nordeste;1 Trimestre
603613;2024.0;n;5.0;2024-05-28;SC;101;38,2;JOINVILLE;Acessar a via sem observar a presença dos outros veículos;Com Vítimas Feridas;4;Sol;Pleno dia;terça-feira;Colisão lateral mesmo sentido;Dupla;0;0;-26.25472505;-48.90561309;Segura;Sul;2 Trimestre
670527;2025.0;n;3.0;2025-03-30;SC;282;454;PONTE SERRADA;Conversão proibida;Com Vítimas Feridas;3;Céu Claro;Pleno dia;domingo;Colisão transversal;Simples;0;0;-26,89256068;-51,98402837;Segura;Sul;1 Trimestre
658562;2025.0;n;2.0;2025-02-01;PR;376;494,1;PONTA GROSSA;Velocidade Incompatível;Com Vítimas Feridas;2;Nublado;Pleno dia;sábado;Colisão traseira;Dupla;0;1;-25,12819303;-50,1754096;Perigosa;Sul;1 Trimestre
617970;2024.0;n;7.0;2024-07-30;PR;277;609;SANTA TEREZA DO OESTE;Pedestre andava na pista;Com Vítimas Fatais;2;Céu Claro;Plena Noite;terça-feira;Atropelamento de Pedestre;Simples;1;0;-25.04783521;-53.61298988;Perigosa;Sul;3 Trimestre
670081;2025.0;n;3.0;2025-03-17;SP;116;112;TAUBATE;Reação tardia ou ineficiente do condutor;Com Vítimas Feridas;3;Céu Claro;Pleno dia;segunda-feira;Colisão com objeto;Dupla;0;0;-23,0414661;-45,56849957;Segura;Sudeste;1 Trimestre
599255;2024.0;n;5.0;2024-05-09;PR;153;116,9;IBAITI;Reação tardia ou ineficiente do condutor;Com Vítimas Feridas;5;Céu Claro;Pleno dia;quinta-feira;Colisão lateral sentido oposto;Simples;0;0;-23.9041462;-50.20573729;Segura;Sul;2 Trimestre
589665;2024.0;n;2.0;2024-02-07;MG;40;474;SETE LAGOAS;Pista Escorregadia;Com Vítimas Feridas;1;Chuva;Pleno dia;quarta-feira;Saída de leito carroçável;Dupla;0;0;-19.49804878;-44.27929974;Segura;Sudeste;1 Trimestre
615927;2024.0;n;7.0;2024-07-21;RS;101;21,9;TRES CACHOEIRAS;Condutor deixou de manter distância do veículo da frente;Com Vítimas Fatais;5;Céu Claro;Pleno dia;domingo;Colisão lateral mesmo sentido;Dupla;2;0;-29.440314;-49.90113887;Perigosa;Sul;3 Trimestre
583046;2024.0;n;2.0;2024-02-24;GO;60;29;ALEXANIA;Reação tardia ou ineficiente do condutor;Com Vítimas Feridas;2;Chuva;Pleno dia;sábado;Colisão traseira;Dupla;0;0;-16.0963;-48.5202;Segura;Centro-Oeste;1 Trimestre
615013;2024.0;n;7.0;2024-07-17;BA;324;326;FEIRA DE SANTANA;Desrespeitar a preferência no cruzamento;Com Vítimas Feridas;3;Céu Claro;Pleno dia;quarta-feira;Colisão lateral mesmo sentido;Dupla;0;0;-12.31613985;-38.87780797;Segura;Nordeste;3 Trimestre
660441;2025.0;n;2.0;2025-02-10;PR;369;468,7;CORBELIA;Retorno proibido;Com Vítimas Fatais;3;Céu Claro;Amanhecer;segunda-feira;Colisão transversal;Simples;1;0;-24,683172;-53,227572;Perigosa;Sul;1 Trimestre
664505;2025.0;n;3.0;2025-03-01;MG;381;915,5;CAMANDUCAIA;Ausência de reação do condutor;Com Vítimas Feridas;5;Céu Claro;Pleno dia;sábado;Colisão traseira;Dupla;0;0;-22,73354;-46,13486;Segura;Sudeste;1 Trimestre
653541;2025.0;n;1.0;2025-01-06;SE;235;1,9;ARACAJU;Condutor deixou de manter distância do veículo da frente;Com Vítimas Feridas;2;Céu Claro;Pleno dia;segunda-feira;Colisão traseira;Dupla;0;0;-10,9073;-37,0947;Segura;Nordeste;1 Trimestre
596267;2024.0;n;4.0;2024-04-25;RS;153;52;ERECHIM;Desrespeitar a preferência no cruzamento;Com Vítimas Feridas;2;Nublado;Pleno dia;quinta-feira;Colisão transversal;Simples;0;0;-27.66693813;-52.29069167;Segura;Sul;2 Trimestre
661908;2025.0;n;2.0;2025-02-17;MG;116;275;TEOFILO OTONI;Reação tardia ou ineficiente do condutor;Com Vítimas Feridas;3;Céu Claro;Pleno dia;segunda-feira;Atropelamento de Pedestre;Simples;0;1;-17,8719863;-41,5199827;Perigosa;Sudeste;1 Trimestre
622841;2024.0;n;7.0;2024-07-08;PA;230;1143;ITAITUBA;Reação tardia ou ineficiente do condutor;Com Vítimas Fatais;8;Céu Claro;Plena Noite;segunda-feira;Tombamento;Simples;1;0;-4.3238168;-55.95817566;Perigosa;Norte;3 Trimestre
606473;2024.0;n;6.0;2024-06-10;BA;116;40,3;CHORROCHO;Condutor Dormindo;Com Vítimas Fatais;6;Céu Claro;Amanhecer;segunda-feira;Colisão frontal;Simples;4;0;-8.96607014;-39.20683729;Perigosa;Nordeste;2 Trimestre
619631;2024.0;n;3.0;2024-03-04;SC;101;113;ITAJAI;Reação tardia ou ineficiente do condutor;Com Vítimas Feridas;4;Céu Claro;Pleno dia;segunda-feira;Colisão lateral mesmo sentido;Dupla;0;0;-26.85311393;-48.72689927;Segura;Sul;1 Trimestre
586304;2024.0;n;3.0;2024-03-10;MG;381;925,5;ITAPEVA;Velocidade Incompatível;Com Vítimas Feridas;2;Chuva;Pleno dia;domingo;Saída de leito carroçável;Dupla;0;0;-22.777207;-46.23911301;Segura;Sudeste;1 Trimestre
615132;2024.0;n;6.0;2024-06-03;PR;277;5;PARANAGUA;Manobra de mudança de faixa;Com Vítimas Feridas;9;Garoa/Chuvisco;Plena Noite;segunda-feira;Colisão traseira;Dupla;0;0;-25.55845156;-48.57315302;Segura;Sul;2 Trimestre
652872;2025.0;n;1.0;2025-01-03;PR;277;652,5;MATELANDIA;Ausência de reação do condutor;Com Vítimas Feridas;2;Céu Claro;Amanhecer;sexta-feira;Colisão traseira;Simples;0;0;-25,20838433;-53,95023292;Segura;Sul;1 Trimestre
606901;2024.0;n;6.0;2024-06-12;RJ;40;20;TRES RIOS;Reação tardia ou ineficiente do condutor;Com Vítimas Feridas;1;Céu Claro;Plena Noite;quarta-feira;Saída de leito carroçável;Simples;0;0;-22.10818608;-43.16514404;Segura;Sudeste;2 Trimestre
655206;2025.0;n;1.0;2025-01-15;CE;222;163;IRAUCUBA;Chuva;Com Vítimas Feridas;4;Chuva;Pleno dia;quarta-feira;Colisão frontal;Simples;0;1;-3,72962497;-39,91024017;Perigosa;Nordeste;1 Trimestre