id;ano;feriado;mes;data_inversa;uf;br;km;municipio;causa_acidente;classificacao_acidente;veiculos;condicao_metereologica;fase_dia;dia_semana;tipo_acidente;tipo_pista;mortos;feridos_graves;latitude;longitude;status;regiao;periodo
608387;2024.0;n;6.0;2024-06-18;SC;470;92,3;APIUNA;Velocidade Incompatível;Com Vítimas Feridas;3;Céu Claro;Pleno dia;terça-feira;Colisão com objeto;Simples;0;1;-26.98909863;-49.37424302;Perigosa;Sul;2 Trimestre
606204;2024.0;n;6.0;2024-06-09;SC;470;239;SAO CRISTOVAO DO SUL;Transitar na contramão;Com Vítimas Fatais;2;Nublado;Plena Noite;domingo;Colisão frontal;Simples;1;1;-27.306276;-50.480236;Perigosa;Sul;2 Trimestre
624558;2024.0;n;8.0;2024-08-30;PR;277;138,9;BALSA NOVA;Ausência de reação do condutor;Com Vítimas Fatais;3;Sol;Pleno dia;sexta-feira;Saída de leito carroçável;Dupla;1;0;-25.47519;-49.72049;Perigosa;Sul;3 Trimestre
617920;2024.0;n;7.0;2024-07-30;MG;381;942,3;EXTREMA;Manobra de mudança de faixa;Com Vítimas Fatais;5;Garoa/Chuvisco;Pleno dia;terça-feira;Colisão lateral mesmo sentido;Múltipla;1;0;-22.83552207;-46.32007599;Perigosa;Sudeste;3 Trimestre
599527;2024.0;n;5.0;2024-05-10;MA;10;263,7;IMPERATRIZ;Ultrapassagem Indevida;Com Vítimas Feridas;5;Céu Claro;Pleno dia;sexta-feira;Colisão frontal;Simples;0;0;-5.436281;-47.472649;Segura;Nordeste;2 Trimestre
604688;2024.0;n;6.0;2024-06-02;MG;365;282;JOAO PINHEIRO;Demais falhas mecânicas ou elétricas;Sem Vítimas;2;Céu Claro;Pleno dia;domingo;Incêndio;Simples;0;0;-18.03562817;-45.64362769;Segura;Sudeste;2 Trimestre
630437;2024.0;n;9.0;2024-09-25;MG;262;157,2;SAO DOMINGOS DO PRATA;Velocidade Incompatível;Com Vítimas Feridas;1;Céu Claro;Pleno dia;quarta-feira;Tombamento;Simples;0;0;-19.96304722;-42.81017502;Segura;Sudeste;3 Trimestre
574963;2024.0;n;1.0;2024-01-15;MS;158;221;SELVIRIA;Demais falhas mecânicas ou elétricas;Sem Vítimas;3;Céu Claro;Pleno dia;segunda-feira;Incêndio;Simples;0;0;-20.51786834;-51.5795013;Segura;Centro-Oeste;1 Trimestre
590755;2024.0;n;3.0;2024-03-30;RJ;40;12;COMENDADOR LEVY GASPARIAN;Condutor Dormindo;Com Vítimas Feridas;1;Nublado;Pleno dia;sábado;Saída de leito carroçável;Dupla;0;0;-22.05732477;-43.19811326;Segura;Sudeste;1 Trimestre
625260;2024.0;n;9.0;2024-09-02;SP;116;285;ITAPECERICA DA SERRA;Reação tardia ou ineficiente do condutor;Com Vítimas Feridas;3;Céu Claro;Pleno dia;segunda-feira;Colisão traseira;Dupla;0;1;-23.70407794;-46.87249709;Perigosa;Sudeste;3 Trimestre
625120;2024.0;n;9.0;2024-09-01;MA;316;422,9;PERITORO;Reação tardia ou ineficiente do condutor;Com Vítimas Fatais;5;Céu Claro;Pleno dia;domingo;Colisão frontal;Simples;1;1;-4.361037;-44.356178;Perigosa;Nordeste;3 Trimestre
673351;2025.0;n;4.0;2025-04-13;CE;20;316;CANINDE;Transitar na contramão;Sem Vítimas;2;Céu Claro;Plena Noite;domingo;Colisão lateral sentido oposto;Simples;0;0;-4,292486;-39,2517;Segura;Nordeste;2 Trimestre
582098;2024.0;n;2.0;2024-02-19;GO;452;102;BOM JESUS DE GOIAS;Condutor Dormindo;Com Vítimas Feridas;4;Garoa/Chuvisco;Pleno dia;segunda-feira;Colisão traseira;Simples;0;1;-18.1359721;-49.98210004;Perigosa;Centro-Oeste;1 Trimestre
661561;2025.0;n;2.0;2025-02-15;MA;222;661;ACAILANDIA;Mal súbito do condutor;Com Vítimas Feridas;3;Céu Claro;Pleno dia;sábado;Colisão frontal;Simples;0;1;-4,87587256;-47,35338025;Perigosa;Nordeste;1 Trimestre
654008;2025.0;n;1.0;2025-01-09;MG;40;805,6;MATIAS BARBOSA;Ausência de reação do condutor;Com Vítimas Feridas;4;Chuva;Pleno dia;quinta-feira;Colisão traseira;Dupla;0;1;-21,86675609;-43,3644104;Perigosa;Sudeste;1 Trimestre
667595;2025.0;n;3.0;2025-03-16;MG;381;338;NOVA ERA;Transitar na contramão;Com Vítimas Feridas;3;Céu Claro;Pleno dia;domingo;Colisão lateral sentido oposto;Simples;0;1;-19,795005;-43,053016;Perigosa;Sudeste;1 Trimestre
608711;2024.0;n;6.0;2024-06-20;RS;392;9,9;RIO GRANDE;Condutor deixou de manter distância do veículo da frente;Com Vítimas Feridas;2;Céu Claro;Amanhecer;quinta-feira;Colisão lateral mesmo sentido;Dupla;0;0;-32.11099;-52.112198;Segura;Sul;2 Trimestre
668311;2025.0;n;3.0;2025-03-19;MT;174;544;COMODORO;Chuva;Com Vítimas Feridas;3;Chuva;Anoitecer;quarta-feira;Tombamento;Simples;0;0;-13,23092636;-59,86505494;Segura;Centro-Oeste;1 Trimestre
587724;2024.0;n;3.0;2024-03-16;BA;242;849;BARREIRAS;Ingestão de álcool pelo condutor;Com Vítimas Feridas;2;Nublado;Plena Noite;sábado;Colisão traseira;Simples;0;0;-12.11105085;-45.27935098;Segura;Nordeste;1 Trimestre
614568;2024.0;n;7.0;2024-07-13;BA;242;305;IBIQUERA;Demais falhas mecânicas ou elétricas;Sem Vítimas;3;Céu Claro;Amanhecer;sábado;Derramamento de carga;Simples;0;0;-12.46295126;-40.92281914;Segura;Nordeste;3 Trimestre
604917;2024.0;n;6.0;2024-06-03;BA;324;623;SALVADOR;Demais falhas mecânicas ou elétricas;Com Vítimas Feridas;2;Céu Claro;Pleno dia;segunda-feira;Derramamento de carga;Múltipla;0;0;-12.940665;-38.471028;Segura;Nordeste;2 Trimestre
602433;2024.0;n;5.0;2024-05-23;DF;0;0;BRASILIA;Ausência de reação do condutor;Sem Vítimas;3;Céu Claro;Pleno dia;quinta-feira;Colisão lateral mesmo sentido;Dupla;0;0;-15.96626437;-48.02047312;Segura;Centro-Oeste;2 Trimestre
652992;2025.0;n;1.0;2025-01-03;MG;381;181;GOVERNADOR VALADARES;Transitar na contramão;Com Vítimas Feridas;3;Nublado;Pleno dia;sexta-feira;Colisão frontal;Simples;0;0;-19,04766095;-42,15522105;Segura;Sudeste;1 Trimestre
619459;2024.0;n;8.0;2024-08-06;ES;101;106;LINHARES;Carga excessiva e/ou mal acondicionada;Com Vítimas Feridas;4;Céu Claro;Pleno dia;terça-feira;Derramamento de carga;Simples;0;0;-19.02940988;-40.01887727;Segura;Sudeste;3 Trimestre
586824;2024.0;n;2.0;2024-02-22;PA;153;55;SAO DOMINGOS DO ARAGUAIA;Transitar na contramão;Com Vítimas Fatais;3;Céu Claro;Plena Noite;quinta-feira;Colisão frontal;Simples;1;0;-5.604073;-48.718838;Perigosa;Norte;1 Trimestre
672074;2025.0;n;4.0;2025-04-06;SE;101;155,2;ESTANCIA;Ausência de reação do condutor;Sem Vítimas;4;Céu Claro;Anoitecer;domingo;Tombamento;Simples;0;0;-11,289038;-37,468252;Segura;Nordeste;2 Trimestre
590845;2024.0;n;3.0;2024-03-31;ES;101;309;VIANA;Avarias e/ou desgaste excessivo no pneu;Com Vítimas Feridas;1;Céu Claro;Plena Noite;domingo;Saída de leito carroçável;Dupla;0;0;-20.417;-40.45984911;Segura;Sudeste;1 Trimestre
613684;2024.0;n;7.0;2024-07-11;BA;101;35,8;ESPLANADA;Conversão proibida;Com Vítimas Feridas;2;Céu Claro;Pleno dia;quinta-feira;Colisão transversal;Simples;0;0;-11.81933048;-37.97719212;Segura;Nordeste;3 Trimestre
588433;2024.0;n;3.0;2024-03-19;SC;280;29;ARAQUARI;Acessar a via sem observar a presença dos outros veículos;Sem Vítimas;2;Nublado;Plena Noite;terça-feira;Colisão transversal;Simples;0;0;-26.41066264;-48.75295628;Segura;Sul;1 Trimestre
605171;2024.0;n;6.0;2024-06-04;MT;163;959;NOVA SANTA HELENA;Reação tardia ou ineficiente do condutor;Sem Vítimas;4;Céu Claro;Pleno dia;terça-feira;Tombamento;Simples;0;0;-10.93976207;-55.21080884;Segura;Centro-Oeste;2 Trimestre
654736;2025.0;n;1.0;2025-01-12;PR;376;288,5;MAUA DA SERRA;Reação tardia ou ineficiente do condutor;Com Vítimas Fatais;3;Céu Claro;Plena Noite;domingo;Tombamento;Dupla;1;1;-23,884;-51,243;Perigosa;Sul;1 Trimestre
610670;2024.0;n;6.0;2024-06-28;AL;101;87,5;RIO LARGO;Ausência de reação do condutor;Sem Vítimas;1;Céu Claro;Anoitecer;sexta-feira;Derramamento de carga;Dupla;0;0;-9.48015866;-35.88544047;Segura;Nordeste;2 Trimestre
668731;2025.0;n;3.0;2025-03-21;SE;235;21;LARANJEIRAS;Problema com o freio;Sem Vítimas;1;Céu Claro;Plena Noite;sexta-feira;Incêndio;Simples;0;0;-10,83122908;-37,22540963;Segura;Nordeste;1 Trimestre
655548;2025.0;n;1.0;2025-01-17;SP;381;84;SAO PAULO;Manobra de mudança de faixa;Com Vítimas Feridas;3;Céu Claro;Amanhecer;sexta-feira;Colisão traseira;Múltipla;0;1;-23,43937;-46,56807;Perigosa;Sudeste;1 Trimestre
603474;2024.0;n;5.0;2024-05-27;PR;116;174;QUITANDINHA;Manobra de mudança de faixa;Sem Vítimas;2;Garoa/Chuvisco;Plena Noite;segunda-feira;Colisão lateral mesmo sentido;Simples;0;0;-25.899184;-49.560742;Segura;Sul;2 Trimestre
630248;2024.0;n;9.0;2024-09-24;RJ;495;1,5;TERESOPOLIS;Condutor deixou de manter distância do veículo da frente;Com Vítimas Feridas;2;Céu Claro;Pleno dia;terça-feira;Colisão lateral sentido oposto;Simples;0;0;-22.401231;-42.979873;Segura;Sudeste;3 Trimestre
624320;2024.0;n;8.0;2024-08-29;RS;448;21;CANOAS;Manobra de mudança de faixa;Com Vítimas Feridas;3;Nublado;Pleno dia;quinta-feira;Colisão traseira;Dupla;0;0;-29.96575411;-51.20222211;Segura;Sul;3 Trimestre
671315;2025.0;n;2.0;2025-02-28;PA;163;416;ITAITUBA;Pista Escorregadia;Com Vítimas Fatais;9;Chuva;Pleno dia;sexta-feira;Colisão frontal;Simples;1;0;-6,16064089;-55,62961578;Perigosa;Norte;1 Trimestre
624813;2024.0;n;8.0;2024-08-31;SP;488;3;APARECIDA;Ausência de reação do condutor;Sem Vítimas;2;Céu Claro;Pleno dia;sábado;Colisão traseira;Dupla;0;0;-22.855059;-45.243423;Segura;Sudeste;3 Trimestre
664334;2025.0;n;2.0;2025-02-28;PR;376;301,5;MAUA DA SERRA;Reação tardia ou ineficiente do condutor;Com Vítimas Feridas;3;Céu Claro;Plena Noite;sexta-feira;Colisão traseira;Dupla;0;2;-23,93554132;-51,15049839;Perigosa;Sul;1 Trimestre
620438;2024.0;n;8.0;2024-08-10;TO;153;566;FATIMA;Ultrapassagem Indevida;Com Vítimas Feridas;3;Céu Claro;Plena Noite;sábado;Colisão lateral sentido oposto;Simples;0;0;-10.79279603;-48.90213853;Segura;Norte;3 Trimestre
581874;2024.0;n;2.0;2024-02-18;PR;116;206;RIO NEGRO;Condutor Dormindo;Com Vítimas Feridas;2;Chuva;Pleno dia;domingo;Tombamento;Simples;0;0;-26.06325968;-49.73150253;Segura;Sul;1 Trimestre
609950;2024.0;n;6.0;2024-06-25;SC;101;74;ARAQUARI;Ingestão de álcool pelo condutor;Com Vítimas Feridas;4;Nublado;Pleno dia;terça-feira;Colisão lateral mesmo sentido;Dupla;0;0;-26.54446209;-48.71214452;Segura;Sul;2 Trimestre
627930;2024.0;n;9.0;2024-09-14;PR;163;140;CAPITAO LEONIDAS MARQUES;Ausência de reação do condutor;Com Vítimas Feridas;4;Chuva;Amanhecer;sábado;Colisão lateral sentido oposto;Simples;0;1;-25.49765306;-53.59938318;Perigosa;Sul;3 Trimestre
581972;2024.0;n;2.0;2024-02-19;RO;364;275;CACOAL;Ultrapassagem Indevida;Com Vítimas Feridas;4;Chuva;Amanhecer;segunda-feira;Colisão lateral sentido oposto;Simples;0;1;-11.388707;-61.76279;Perigosa;Norte;1 Trimestre
620989;2024.0;n;8.0;2024-08-13;MG;381;496;BETIM;Velocidade Incompatível;Com Vítimas Feridas;7;Nublado;Pleno dia;terça-feira;Tombamento;Múltipla;0;0;-19.97804133;-44.19873619;Segura;Sudeste;3 Trimestre
653375;2025.0;n;1.0;2025-01-05;MA;230;309;SAO RAIMUNDO DAS MANGABEIRAS;Ultrapassagem Indevida;Com Vítimas Feridas;2;Céu Claro;Pleno dia;domingo;Saída de leito carroçável;Simples;0;2;-7,00200409;-45,43621898;Perigosa;Nordeste;1 Trimestre
583448;2024.0;n;2.0;2024-02-26;MG;116;390,3;GOVERNADOR VALADARES;Conversão proibida;Com Vítimas Fatais;2;Céu Claro;Pleno dia;segunda-feira;Colisão transversal;Simples;1;0;-18.70114901;-41.98544802;Perigosa;Sudeste;1 Trimestre
673049;2025.0;n;4.0;2025-04-11;RS;290;297;CACHOEIRA DO SUL;Acostamento em desnível;Com Vítimas Feridas;2;Nublado;Plena Noite;sexta-feira;Tombamento;Dupla;0;0;-30,31192927;-53,18081595;Segura;Sul;2 Trimestre
670841;2025.0;n;4.0;2025-04-01;MG;381;519,1;IGARAPE;Velocidade Incompatível;Com Vítimas Fatais;2;Céu Claro;Plena Noite;terça-feira;Tombamento;Dupla;1;0;-20,109018;-44,316465;Perigosa;Sudeste;2 Trimestre
620068;2024.0;n;7.0;2024-07-08;GO;364;2;SAO SIMAO;Avarias e/ou desgaste excessivo no pneu;Sem Vítimas;2;Céu Claro;Pleno dia;segunda-feira;Incêndio;Simples;0;0;-19.03413;-50.515717;Segura;Centro-Oeste;3 Trimestre
653457;2025.0;n;1.0;2025-01-06;PR;277;21,6;MORRETES;Avarias e/ou desgaste excessivo no pneu;Com Vítimas Feridas;1;Nublado;Pleno dia;segunda-feira;Tombamento;Dupla;0;0;-25,529522;-48,722518;Segura;Sul;1 Trimestre
604932;2024.0;n;6.0;2024-06-03;CE;116;32;AQUIRAZ;Reação tardia ou ineficiente do condutor;Com Vítimas Fatais;3;Céu Claro;Pleno dia;segunda-feira;Colisão lateral mesmo sentido;Dupla;1;0;-4.02676186;-38.51392889;Perigosa;Nordeste;2 Trimestre
580767;2024.0;n;2.0;2024-02-12;RO;364;438;JARU;Objeto estático sobre o leito carroçável;Com Vítimas Feridas;6;Chuva;Pleno dia;segunda-feira;Saída de leito carroçável;Simples;0;0;-10.36530904;-62.56654003;Segura;Norte;1 Trimestre
572253;2024.0;n;1.0;2024-01-02;PR;376;503,5;PONTA GROSSA;Manobra de mudança de faixa;Com Vítimas Feridas;3;Nublado;Pleno dia;terça-feira;Colisão lateral mesmo sentido;Dupla;0;0;-25.22314697;-50.05150696;Segura;Sul;1 Trimestre
668860;2025.0;n;3.0;2025-03-22;MS;163;115;ITAQUIRAI;Transitar na contramão;Com Vítimas Fatais;6;Céu Claro;Pleno dia;sábado;Colisão lateral mesmo sentido;Simples;1;0;-23,14558;-54,197092;Perigosa;Centro-Oeste;1 Trimestre
595759;2024.0;n;4.0;2024-04-22;MG;251;472;FRANCISCO SA;Demais falhas mecânicas ou elétricas;Com Vítimas Feridas;2;Céu Claro;Plena Noite;segunda-feira;Colisão traseira;Simples;0;0;-16.4669101;-43.43947986;Segura;Sudeste;2 Trimestre
607907;2024.0;n;6.0;2024-06-16;MG;40;504,2;RIBEIRAO DAS NEVES;Manobra de mudança de faixa;Com Vítimas Feridas;3;Céu Claro;Pleno dia;domingo;Colisão lateral mesmo sentido;Dupla;0;2;-19.72987888;-44.15253368;Perigosa;Sudeste;2 Trimestre
616497;2024.0;n;7.0;2024-07-23;RJ;116;33;SAPUCAIA;Velocidade Incompatível;Com Vítimas Feridas;2;Céu Claro;Plena Noite;terça-feira;Colisão traseira;Simples;0;1;-22.0861171;-42.81208992;Perigosa;Sudeste;3 Trimestre
592719;2024.0;n;4.0;2024-04-08;BA;242;303;IBIQUERA;Reação tardia ou ineficiente do condutor;Sem Vítimas;3;Céu Claro;Pleno dia;segunda-feira;Tombamento;Simples;0;0;-12.463672;-40.903549;Segura;Nordeste;2 Trimestre
657503;2025.0;n;1.0;2025-01-26;PR;277;135;CAMPO LARGO;Ausência de reação do condutor;Sem Vítimas;3;Nublado;Pleno dia;domingo;Colisão traseira;Simples;0;0;-25,47;-49,599;Segura;Sul;1 Trimestre
592889;2024.0;n;3.0;2024-03-10;MG;251;333;RUBELITA;Afundamento ou ondulação no pavimento;Com Vítimas Fatais;2;Céu Claro;Pleno dia;domingo;Tombamento;Simples;1;0;-16.26255277;-42.40799904;Perigosa;Sudeste;1 Trimestre
591249;2024.0;n;4.0;2024-04-01;RJ;116;176;SAO JOAO DE MERITI;Trafegar com motocicleta (ou similar) entre as faixas;Com Vítimas Feridas;3;Céu Claro;Plena Noite;segunda-feira;Colisão lateral mesmo sentido;Dupla;0;0;-22.7839538;-43.38195488;Segura;Sudeste;2 Trimestre
667178;2025.0;n;3.0;2025-03-14;RS;290;13,6;SANTO ANTONIO DA PATRULHA;Acessar a via sem observar a presença dos outros veículos;Com Vítimas Feridas;2;Céu Claro;Pleno dia;sexta-feira;Colisão lateral mesmo sentido;Dupla;0;0;-29,87048;-50,398585;Segura;Sul;1 Trimestre
606360;2024.0;n;6.0;2024-06-09;SP;116;516;CAJATI;Velocidade Incompatível;Com Vítimas Feridas;2;Céu Claro;Plena Noite;domingo;Saída de leito carroçável;Simples;0;0;-24.87423036;-48.2190838;Segura;Sudeste;2 Trimestre
671284;2025.0;n;4.0;2025-04-03;SC;101;167,6;TIJUCAS;Transitar no Acostamento;Com Vítimas Feridas;2;Nublado;Pleno dia;quinta-feira;Atropelamento de Pedestre;Dupla;0;1;-27,27332;-48,63141;Perigosa;Sul;2 Trimestre
663368;2025.0;n;2.0;2025-02-24;BA;324;616,5;SALVADOR;Ausência de reação do condutor;Sem Vítimas;3;Céu Claro;Pleno dia;segunda-feira;Colisão traseira;Múltipla;0;0;-12,88788;-38,442537;Segura;Nordeste;1 Trimestre
602239;2024.0;n;5.0;2024-05-22;MA;10;211,5;RIBAMAR FIQUENE;Transitar na contramão;Com Vítimas Feridas;3;Céu Claro;Pleno dia;quarta-feira;Colisão frontal;Simples;0;1;-5.872023;-47.360218;Perigosa;Nordeste;2 Trimestre
630480;2024.0;n;9.0;2024-09-25;RN;304;24;MOSSORO;Ausência de reação do condutor;Com Vítimas Feridas;1;Céu Claro;Pleno dia;quarta-feira;Tombamento;Simples;0;0;-5.06488233;-37.33287055;Segura;Nordeste;3 Trimestre
655684;2025.0;n;1.0;2025-01-17;SP;116;138,8;SAO JOSE DOS CAMPOS;Entrada inopinada do pedestre;Com Vítimas Feridas;2;Céu Claro;Pleno dia;sexta-feira;Colisão com objeto;Dupla;0;0;-23,1572739;-45,79554605;Segura;Sudeste;1 Trimestre
608317;2024.0;n;6.0;2024-06-18;BA;235;349,9;JUAZEIRO;Manobra de mudança de faixa;Com Vítimas Feridas;2;Céu Claro;Plena Noite;terça-feira;Colisão traseira;Simples;0;0;-9.42503135;-40.50388907;Segura;Nordeste;2 Trimestre
583771;2024.0;n;2.0;2024-02-28;CE;222;199,7;FORQUILHA;Reação tardia ou ineficiente do condutor;Sem Vítimas;3;Chuva;Plena Noite;quarta-feira;Colisão traseira;Simples;0;0;-3.80233599;-40.191586;Segura;Nordeste;1 Trimestre
611927;2024.0;n;7.0;2024-07-04;PR;376;119,1;ALTO PARANA;Objeto estático sobre o leito carroçável;Sem Vítimas;3;Sol;Pleno dia;quinta-feira;Colisão com objeto;Dupla;0;0;-23.11770767;-52.32130785;Segura;Sul;3 Trimestre
660190;2025.0;n;2.0;2025-02-09;MT;70;278;PRIMAVERA DO LESTE;Acessar a via sem observar a presença dos outros veículos;Com Vítimas Feridas;2;Céu Claro;Plena Noite;domingo;Colisão lateral mesmo sentido;Simples;0;0;-15,55739918;-54,27981896;Segura;Centro-Oeste;1 Trimestre
585485;2024.0;n;3.0;2024-03-06;SC;101;192,9;BIGUACU;Manobra de mudança de faixa;Com Vítimas Feridas;2;Céu Claro;Pleno dia;quarta-feira;Colisão traseira;Múltipla;0;0;-27.48443781;-48.64765238;Segura;Sul;1 Trimestre
587127;2024.0;n;3.0;2024-03-14;SP;381;80;SAO PAULO;Reação tardia ou ineficiente do condutor;Com Vítimas Feridas;2;Céu Claro;Pleno dia;quinta-feira;Colisão traseira;Dupla;0;0;-23.40889686;-46.58095945;Segura;Sudeste;1 Trimestre
616484;2024.0;n;7.0;2024-07-24;MG;153;10,1;ARAPORA;Condutor Dormindo;Com Vítimas Feridas;3;Céu Claro;Plena Noite;quarta-feira;Saída de leito carroçável;Dupla;0;0;-18.50602699;-49.18897335;Segura;Sudeste;3 Trimestre
600379;2024.0;n;5.0;2024-05-14;SC;470;118;IBIRAMA;Velocidade Incompatível;Com Vítimas Feridas;2;Chuva;Plena Noite;terça-feira;Tombamento;Simples;0;0;-27.082176;-49.511818;Segura;Sul;2 Trimestre
671048;2025.0;n;4.0;2025-04-02;SP;116;465,1;PARIQUERA-ACU;Reação tardia ou ineficiente do condutor;Com Vítimas Feridas;2;Nublado;Pleno dia;quarta-feira;Queda de ocupante de veículo;Dupla;0;0;-24,64840002;-47,92368628;Segura;Sudeste;2 Trimestre
624020;2024.0;n;8.0;2024-08-27;MS;163;37,4;ELDORADO;Condutor deixou de manter distância do veículo da frente;Com Vítimas Feridas;5;Céu Claro;Plena Noite;terça-feira;Engavetamento;Simples;0;0;-23.80317571;-54.3038891;Segura;Centro-Oeste;3 Trimestre
663245;2025.0;n;2.0;2025-02-23;PE;232;251,8;ARCOVERDE;Transitar na contramão;Com Vítimas Feridas;2;Céu Claro;Plena Noite;domingo;Colisão transversal;Simples;0;1;-8,42928005;-37,06062332;Perigosa;Nordeste;1 Trimestre
611977;2024.0;n;7.0;2024-07-04;MA;222;672;ACAILANDIA;Transitar na contramão;Com Vítimas Feridas;2;Céu Claro;Pleno dia;quinta-feira;Colisão frontal;Simples;0;0;-4.94223449;-47.46752071;Segura;Nordeste;3 Trimestre
600570;2024.0;n;5.0;2024-05-14;PR;277;10;PARANAGUA;Condutor Dormindo;Com Vítimas Feridas;2;Chuva;Plena Noite;terça-feira;Saída de leito carroçável;Dupla;0;0;-25.568198;-48.615292;Segura;Sul;2 Trimestre
574858;2024.0;n;1.0;2024-01-15;RS;116;474,5;SAO LOURENCO DO SUL;Ausência de reação do condutor;Com Vítimas Feridas;3;Céu Claro;Pleno dia;segunda-feira;Colisão traseira;Simples;0;0;-31.37297804;-52.09946498;Segura;Sul;1 Trimestre
619490;2024.0;n;8.0;2024-08-06;MG;40;614,5;CONGONHAS;Velocidade Incompatível;Com Vítimas Fatais;2;Sol;Pleno dia;terça-feira;Colisão frontal;Simples;1;0;-20.536704;-43.820829;Perigosa;Sudeste;3 Trimestre
579572;2024.0;n;2.0;2024-02-07;GO;60;93,2;ANAPOLIS;Condutor deixou de manter distância do veículo da frente;Sem Vítimas;2;Céu Claro;Pleno dia;quarta-feira;Colisão traseira;Simples;0;0;-16.35363539;-48.92845284;Segura;Centro-Oeste;1 Trimestre
673848;2025.0;n;4.0;2025-04-15;RO;174;14;VILHENA;Acessar a via sem observar a presença dos outros veículos;Sem Vítimas;2;Sol;Pleno dia;terça-feira;Colisão transversal;Dupla;0;0;-12,73875612;-60,13139002;Segura;Norte;2 Trimestre
656419;2025.0;n;1.0;2025-01-21;BA;116;877;VITORIA DA CONQUISTA;Ultrapassagem Indevida;Com Vítimas Feridas;2;Céu Claro;Pleno dia;terça-feira;Colisão frontal;Simples;0;0;-15,18537576;-41,0722304;Segura;Nordeste;1 Trimestre
667868;2025.0;n;3.0;2025-03-17;RS;153;2;CACHOEIRA DO SUL;Acessar a via sem observar a presença dos outros veículos;Com Vítimas Feridas;3;Céu Claro;Pleno dia;segunda-feira;Colisão transversal;Simples;0;1;-30,02310412;-52,90419102;Perigosa;Sul;1 Trimestre
622612;2024.0;n;8.0;2024-08-21;RS;392;6,7;RIO GRANDE;Ingestão de álcool pelo condutor;Sem Vítimas;2;Chuva;Plena Noite;quarta-feira;Colisão com objeto;Simples;0;0;-32.0849901;-52.10592673;Segura;Sul;3 Trimestre
610129;2024.0;n;6.0;2024-06-26;PR;277;1,7;PARANAGUA;Trafegar com motocicleta (ou similar) entre as faixas;Com Vítimas Feridas;3;Sol;Pleno dia;quarta-feira;Colisão lateral mesmo sentido;Simples;0;0;-25.5100208;-48.53084498;Segura;Sul;2 Trimestre
615667;2024.0;n;7.0;2024-07-20;MG;381;624,6;OLIVEIRA;Reação tardia ou ineficiente do condutor;Com Vítimas Fatais;2;Sol;Pleno dia;sábado;Saída de leito carroçável;Dupla;1;0;-20.817322;-44.795982;Perigosa;Sudeste;3 Trimestre
619152;2024.0;n;8.0;2024-08-04;CE;222;211,7;FORQUILHA;Ultrapassagem Indevida;Com Vítimas Fatais;2;Céu Claro;Plena Noite;domingo;Colisão frontal;Simples;1;0;-3.794107;-40.275047;Perigosa;Nordeste;3 Trimestre
652482;2025.0;y;1.0;2025-01-01;PR;376;141,9;NOVA ESPERANCA;Ingestão de álcool pelo condutor;Com Vítimas Feridas;3;Céu Claro;Plena Noite;quarta-feira;Colisão traseira;Dupla;0;2;-23,24847;-52,168648;Perigosa;Sul;1 Trimestre
609793;2024.0;n;6.0;2024-06-24;SP;116;391,9;MIRACATU;Reação tardia ou ineficiente do condutor;Sem Vítimas;3;Nublado;Plena Noite;segunda-feira;Colisão traseira;Dupla;0;0;-24.27988597;-47.42392801;Segura;Sudeste;2 Trimestre
663793;2025.0;n;2.0;2025-02-25;SP;116;282;EMBU DAS ARTES;Reação tardia ou ineficiente do condutor;Com Vítimas Feridas;3;Nublado;Plena Noite;terça-feira;Colisão traseira;Dupla;0;1;-23,66697963;-46,85504794;Perigosa;Sudeste;1 Trimestre
601533;2024.0;n;5.0;2024-05-19;RS;116;4;VACARIA;Mal súbito do condutor;Com Vítimas Feridas;1;Chuva;Plena Noite;domingo;Eventos atípicos;Simples;0;0;-28.24064413;-50.77156966;Segura;Sul;2 Trimestre
660437;2025.0;n;2.0;2025-02-10;BA;407;98;JAGUARARI;Ingestão de álcool pelo condutor;Com Vítimas Feridas;5;Nublado;Plena Noite;segunda-feira;Colisão lateral sentido oposto;Simples;0;0;-10,22018224;-40,21285144;Segura;Nordeste;1 Trimestre
594146;2024.0;n;4.0;2024-04-15;ES;101;150;LINHARES;Condutor deixou de manter distância do veículo da frente;Com Vítimas Feridas;4;Céu Claro;Pleno dia;segunda-feira;Engavetamento;Simples;0;0;-19.40436634;-40.06078896;Segura;Sudeste;2 Trimestre
587630;2024.0;n;3.0;2024-03-16;AC;364;48;SENADOR GUIOMARD;Ausência de reação do condutor;Com Vítimas Fatais;2;Céu Claro;Plena Noite;sábado;Saída de leito carroçável;Simples;1;0;-9.98334098;-67.16174101;Perigosa;Norte;1 Trimestre
685868;2025.0;n;4.0;2025-04-19;BA;116;645;JAGUAQUARA;Condutor Dormindo;Com Vítimas Fatais;2;Céu Claro;Plena Noite;sábado;Colisão lateral sentido oposto;Simples;1;0;-13,614777;-40,09159;Perigosa;Nordeste;2 Trimestre
653405;2025.0;n;1.0;2025-01-05;GO;60;101,4;ANAPOLIS;Suicídio (presumido);Com Vítimas Feridas;3;Céu Claro;Plena Noite;domingo;Atropelamento de Pedestre;Dupla;0;1;-16,4022;-48,9745;Perigosa;Centro-Oeste;1 Trimestre
596637;2024.0;n;4.0;2024-04-26;RS;392;677,8;SAO PEDRO DO BUTIA;Reação tardia ou ineficiente do condutor;Com Vítimas Feridas;2;Céu Claro;Plena Noite;sexta-feira;Saída de leito carroçável;Simples;0;1;-28.12935189;-54.88692284;Perigosa;Sul;2 Trimestre