id;ano;feriado;mes;data_inversa;uf;br;km;municipio;causa_acidente;classificacao_acidente;veiculos;condicao_metereologica;fase_dia;dia_semana;tipo_acidente;tipo_pista;mortos;feridos_graves;latitude;longitude;status;regiao;periodo
668678;2025.0;n;3.0;2025-03-21;MG;381;368;JOAO MONLEVADE;Velocidade Incompatível;Com Vítimas Feridas;5;Nublado;Anoitecer;sexta-feira;Colisão transversal;Simples;0;0;-19,8390476;-43,19389578;Segura;Sudeste;1 Trimestre
671202;2025.0;n;4.0;2025-04-02;MG;262;553,2;LUZ;Velocidade Incompatível;Com Vítimas Fatais;5;Céu Claro;Plena Noite;quarta-feira;Colisão lateral sentido oposto;Simples;1;0;-19,70857277;-45,91605619;Perigosa;Sudeste;2 Trimestre
591414;2024.0;n;4.0;2024-04-02;MG;365;16,3;MONTES CLAROS;Velocidade Incompatível;Com Vítimas Feridas;2;Chuva;Pleno dia;terça-feira;Colisão com objeto;Simples;0;0;-16.87433198;-43.98487502;Segura;Sudeste;2 Trimestre
617674;2024.0;n;7.0;2024-07-29;RJ;116;186;NOVA IGUACU;Condutor deixou de manter distância do veículo da frente;Com Vítimas Feridas;3;Céu Claro;Pleno dia;segunda-feira;Colisão traseira;Dupla;0;0;-22.73962339;-43.46276495;Segura;Sudeste;3 Trimestre
575274;2024.0;n;1.0;2024-01-17;PR;153;481,5;PORTO VITORIA;Ultrapassagem Indevida;Com Vítimas Feridas;4;Chuva;Pleno dia;quarta-feira;Colisão lateral sentido oposto;Simples;0;0;-26.36639;-51.25867;Segura;Sul;1 Trimestre
580230;2024.0;n;1.0;2024-01-16;PR;376;185;SARANDI;Ultrapassagem Indevida;Com Vítimas Feridas;3;Céu Claro;Pleno dia;terça-feira;Colisão lateral mesmo sentido;Múltipla;0;0;-23.45147413;-51.85361808;Segura;Sul;1 Trimestre
607194;2024.0;n;6.0;2024-06-13;RJ;101;182;CASIMIRO DE ABREU;Condutor deixou de manter distância do veículo da frente;Com Vítimas Feridas;4;Céu Claro;Plena Noite;quinta-feira;Colisão traseira;Simples;0;0;-22.42331823;-42.0078668;Segura;Sudeste;2 Trimestre
574993;2024.0;n;1.0;2024-01-15;MA;135;415;JATOBA;Ausência de reação do condutor;Com Vítimas Fatais;3;Céu Claro;Pleno dia;segunda-feira;Colisão traseira;Simples;1;1;-5.90437707;-44.29721116;Perigosa;Nordeste;1 Trimestre
669956;2025.0;n;3.0;2025-03-27;GO;40;49,6;LUZIANIA;Reação tardia ou ineficiente do condutor;Com Vítimas Feridas;2;Nublado;Plena Noite;quinta-feira;Colisão traseira;Simples;0;0;-16,43731;-47,81475;Segura;Centro-Oeste;1 Trimestre
673704;2025.0;n;4.0;2025-04-14;MS;267;28;BATAGUASSU;Ausência de reação do condutor;Sem Vítimas;2;Céu Claro;Pleno dia;segunda-feira;Colisão traseira;Dupla;0;0;-21,721071;-52,414692;Segura;Centro-Oeste;2 Trimestre
613158;2024.0;n;7.0;2024-07-09;SP;381;47;ATIBAIA;Ausência de reação do condutor;Sem Vítimas;2;Chuva;Plena Noite;terça-feira;Colisão traseira;Dupla;0;0;-23.18904617;-46.58407757;Segura;Sudeste;3 Trimestre
667186;2025.0;n;3.0;2025-03-14;RJ;393;264,2;BARRA DO PIRAI;Reação tardia ou ineficiente do condutor;Com Vítimas Feridas;2;Céu Claro;Pleno dia;sexta-feira;Colisão frontal;Simples;0;0;-22,4881;-43,911202;Segura;Sudeste;1 Trimestre
574694;2024.0;n;1.0;2024-01-14;MG;262;72,3;MATIPO;Acessar a via sem observar a presença dos outros veículos;Sem Vítimas;3;Céu Claro;Pleno dia;domingo;Colisão transversal;Simples;0;0;-20.31052475;-42.31517791;Segura;Sudeste;1 Trimestre
606950;2024.0;n;6.0;2024-06-03;MS;262;487;ANASTACIO;Ausência de reação do condutor;Com Vítimas Feridas;5;Céu Claro;Pleno dia;segunda-feira;Colisão transversal;Dupla;0;0;-20.49896967;-55.78739397;Segura;Centro-Oeste;2 Trimestre
623906;2024.0;n;8.0;2024-08-27;RS;116;261;CANOAS;Manobra de mudança de faixa;Com Vítimas Feridas;2;Nublado;Pleno dia;terça-feira;Colisão lateral mesmo sentido;Dupla;0;0;-29.887983;-51.17901;Segura;Sul;3 Trimestre
582698;2024.0;n;2.0;2024-02-23;ES;101;210,5;IBIRACU;Ingestão de álcool pelo condutor;Com Vítimas Feridas;2;Nublado;Plena Noite;sexta-feira;Colisão frontal;Simples;0;0;-19.79987326;-40.36672073;Segura;Sudeste;1 Trimestre
653161;2025.0;n;1.0;2025-01-04;MG;116;419,4;ALPERCATA;Velocidade Incompatível;Com Vítimas Feridas;2;Céu Claro;Pleno dia;sábado;Saída de leito carroçável;Simples;0;0;-18,92044406;-41,94023945;Segura;Sudeste;1 Trimestre
583901;2024.0;n;2.0;2024-02-28;MG;381;917,4;CAMANDUCAIA;Reação tardia ou ineficiente do condutor;Com Vítimas Feridas;4;Céu Claro;Anoitecer;quarta-feira;Colisão lateral mesmo sentido;Dupla;0;0;-22.76700121;-46.17875277;Segura;Sudeste;1 Trimestre
669329;2025.0;n;3.0;2025-03-24;GO;60;107;GOIANAPOLIS;Problema com o freio;Com Vítimas Feridas;2;Vento;Anoitecer;segunda-feira;Colisão com objeto;Dupla;0;0;-16,438422;-49,019002;Segura;Centro-Oeste;1 Trimestre
661593;2025.0;n;2.0;2025-02-15;MG;153;144,8;CAMPO FLORIDO;Transitar na contramão;Com Vítimas Feridas;2;Céu Claro;Pleno dia;sábado;Colisão frontal;Simples;0;1;-19,59964093;-48,83389116;Perigosa;Sudeste;1 Trimestre
623667;2024.0;n;8.0;2024-08-26;SP;116;185;SANTA ISABEL;Reação tardia ou ineficiente do condutor;Com Vítimas Fatais;2;Céu Claro;Plena Noite;segunda-feira;Colisão traseira;Múltipla;1;0;-23.35176424;-46.18966001;Perigosa;Sudeste;3 Trimestre
618636;2024.0;n;8.0;2024-08-02;MS;163;233;CAARAPO;Demais falhas mecânicas ou elétricas;Sem Vítimas;1;Céu Claro;Plena Noite;sexta-feira;Incêndio;Dupla;0;0;-22.44263067;-54.82680831;Segura;Centro-Oeste;3 Trimestre
663064;2025.0;n;2.0;2025-02-23;GO;20;9,1;FORMOSA;Ausência de reação do condutor;Com Vítimas Feridas;3;Céu Claro;Plena Noite;domingo;Colisão traseira;Simples;0;0;-15,5562065;-47,27127743;Segura;Centro-Oeste;1 Trimestre
652961;2025.0;n;1.0;2025-01-03;SP;116;174;GUARAREMA;Demais falhas mecânicas ou elétricas;Com Vítimas Feridas;1;Céu Claro;Pleno dia;sexta-feira;Queda de ocupante de veículo;Dupla;0;0;-23,31710055;-46,08178719;Segura;Sudeste;1 Trimestre
663216;2025.0;n;2.0;2025-02-23;RS;158;96,5;PALMEIRA DAS MISSOES;Desrespeitar a preferência no cruzamento;Com Vítimas Feridas;3;Céu Claro;Pleno dia;domingo;Colisão transversal;Simples;0;0;-27,866867;-53,333138;Segura;Sul;1 Trimestre
663742;2025.0;n;2.0;2025-02-26;RJ;116;196;RIO DE JANEIRO;Ingestão de álcool pelo condutor;Sem Vítimas;2;Céu Claro;Pleno dia;quarta-feira;Colisão lateral mesmo sentido;Dupla;0;0;-22,8044457;-43,3451455;Segura;Sudeste;1 Trimestre
607052;2024.0;n;6.0;2024-06-12;SC;101;142;ITAPEMA;Trafegar com motocicleta (ou similar) entre as faixas;Com Vítimas Feridas;2;Céu Claro;Plena Noite;quarta-feira;Colisão traseira;Simples;0;0;-27.056089;-48.599449;Segura;Sul;2 Trimestre
627847;2024.0;n;9.0;2024-09-13;PE;423;38,3;CACHOEIRINHA;Acessar a via sem observar a presença dos outros veículos;Com Vítimas Feridas;2;Céu Claro;Plena Noite;sexta-feira;Colisão transversal;Simples;0;2;-8.48361315;-36.22574878;Perigosa;Nordeste;3 Trimestre
600523;2024.0;n;5.0;2024-05-02;PE;101;183;PALMARES;Ausência de reação do condutor;Com Vítimas Feridas;2;Céu Claro;Pleno dia;quinta-feira;Tombamento;Dupla;0;0;-8.66142762;-35.56549434;Segura;Nordeste;2 Trimestre
654904;2025.0;n;1.0;2025-01-13;MG;153;98;PRATA;Ausência de reação do condutor;Com Vítimas Feridas;5;Chuva;Pleno dia;segunda-feira;Colisão traseira;Simples;0;1;-19,21129908;-48,93783422;Perigosa;Sudeste;1 Trimestre
652994;2025.0;n;1.0;2025-01-03;RO;364;847;PORTO VELHO;Reação tardia ou ineficiente do condutor;Com Vítimas Fatais;1;Sol;Pleno dia;sexta-feira;Capotamento;Simples;2;1;-9,45071154;-64,73600631;Perigosa;Norte;1 Trimestre
620392;2024.0;n;8.0;2024-08-10;SC;101;368,2;ICARA;Reação tardia ou ineficiente do condutor;Com Vítimas Feridas;1;Céu Claro;Pleno dia;sábado;Tombamento;Múltipla;0;0;-28.69885072;-49.18959975;Segura;Sul;3 Trimestre
673781;2025.0;n;4.0;2025-04-15;RS;285;459,5;IJUI;Condutor deixou de manter distância do veículo da frente;Sem Vítimas;5;Céu Claro;Pleno dia;terça-feira;Colisão lateral mesmo sentido;Simples;0;0;-28,41252135;-53,90759468;Segura;Sul;2 Trimestre
611091;2024.0;n;6.0;2024-06-30;SC;101;57;ARAQUARI;Demais falhas mecânicas ou elétricas;Sem Vítimas;1;Céu Claro;Pleno dia;domingo;Incêndio;Dupla;0;0;-26.43646093;-48.81113029;Segura;Sul;2 Trimestre
572911;2024.0;n;1.0;2024-01-06;SC;116;218,5;CORREIA PINTO;Reação tardia ou ineficiente do condutor;Com Vítimas Feridas;2;Nublado;Pleno dia;sábado;Colisão traseira;Simples;0;0;-27.57407;-50.37174;Segura;Sul;1 Trimestre
687447;2025.0;n;4.0;2025-04-26;RJ;101;387;RIO DE JANEIRO;Ausência de reação do condutor;Com Vítimas Feridas;2;Céu Claro;Pleno dia;sábado;Colisão traseira;Dupla;0;0;-22,88679;-43,654108;Segura;Sudeste;2 Trimestre
586303;2024.0;n;3.0;2024-03-10;RN;406;170;SAO GONCALO DO AMARANTE;Manobra de mudança de faixa;Com Vítimas Feridas;3;Céu Claro;Pleno dia;domingo;Colisão lateral mesmo sentido;Dupla;0;0;-5.75872063;-35.29921986;Segura;Nordeste;1 Trimestre
608785;2024.0;n;6.0;2024-06-12;MT;364;346,7;SANTO ANTONIO DO LEVERGER;Carga excessiva e/ou mal acondicionada;Com Vítimas Fatais;1;Céu Claro;Plena Noite;quarta-feira;Saída de leito carroçável;Dupla;3;0;-15.81193889;-55.53981241;Perigosa;Centro-Oeste;2 Trimestre
574453;2024.0;n;1.0;2024-01-13;RO;364;79;VILHENA;Ausência de reação do condutor;Com Vítimas Feridas;5;Nublado;Pleno dia;sábado;Colisão lateral sentido oposto;Simples;0;0;-12.43655117;-60.5686841;Segura;Norte;1 Trimestre
652517;2025.0;y;1.0;2025-01-01;PR;277;445,1;LARANJEIRAS DO SUL;Acessar a via sem observar a presença dos outros veículos;Com Vítimas Feridas;2;Céu Claro;Pleno dia;quarta-feira;Colisão lateral mesmo sentido;Simples;0;1;-25,370514;-52,329772;Perigosa;Sul;1 Trimestre
655661;2025.0;n;1.0;2025-01-17;PE;101;38;IGARASSU;Condutor deixou de manter distância do veículo da frente;Com Vítimas Feridas;5;Nublado;Pleno dia;sexta-feira;Engavetamento;Dupla;0;0;-7,80600806;-34,92522908;Segura;Nordeste;1 Trimestre
673185;2025.0;n;4.0;2025-04-12;MG;381;932,7;ITAPEVA;Manobra de mudança de faixa;Com Vítimas Feridas;6;Céu Claro;Pleno dia;sábado;Colisão lateral mesmo sentido;Dupla;0;0;-22,7672064;-46,2159872;Segura;Sudeste;2 Trimestre
578772;2024.0;n;2.0;2024-02-03;PR;376;591;CURITIBA;Condutor deixou de manter distância do veículo da frente;Com Vítimas Feridas;6;Céu Claro;Pleno dia;sábado;Engavetamento;Dupla;0;0;-25.45999605;-49.35895013;Segura;Sul;1 Trimestre
673435;2025.0;n;4.0;2025-04-13;BA;116;654;JEQUIE;Condutor deixou de manter distância do veículo da frente;Sem Vítimas;7;Céu Claro;Pleno dia;domingo;Engavetamento;Simples;0;0;-13,69811096;-40,0965786;Segura;Nordeste;2 Trimestre
656172;2025.0;n;1.0;2025-01-20;PE;101;23,6;GOIANA;Demais falhas mecânicas ou elétricas;Com Vítimas Feridas;1;Céu Claro;Plena Noite;segunda-feira;Saída de leito carroçável;Dupla;0;0;-7,68357776;-34,92410458;Segura;Nordeste;1 Trimestre
582783;2024.0;n;2.0;2024-02-23;MG;40;616,7;CONGONHAS;Condutor deixou de manter distância do veículo da frente;Com Vítimas Feridas;3;Nublado;Pleno dia;sexta-feira;Colisão traseira;Simples;0;0;-20.55385774;-43.81437066;Segura;Sudeste;1 Trimestre
599448;2024.0;n;5.0;2024-05-10;SP;116;24,7;LAVRINHAS;Reação tardia ou ineficiente do condutor;Com Vítimas Feridas;2;Céu Claro;Pleno dia;sexta-feira;Colisão traseira;Dupla;0;0;-22.59895814;-44.88797962;Segura;Sudeste;2 Trimestre
588001;2024.0;n;3.0;2024-03-18;RJ;101;111;CAMPOS DOS GOYTACAZES;Ausência de reação do condutor;Com Vítimas Feridas;3;Céu Claro;Plena Noite;segunda-feira;Colisão traseira;Dupla;0;0;-21.962597;-41.648437;Segura;Sudeste;1 Trimestre
613009;2024.0;n;7.0;2024-07-08;MG;381;801,5;SAO GONCALO DO SAPUCAI;Condutor deixou de manter distância do veículo da frente;Com Vítimas Feridas;4;Céu Claro;Pleno dia;segunda-feira;Colisão traseira;Dupla;0;0;-21.94061782;-45.61711903;Segura;Sudeste;3 Trimestre
620803;2024.0;n;7.0;2024-07-21;MG;40;587,7;ITABIRITO;Reação tardia ou ineficiente do condutor;Com Vítimas Fatais;5;Céu Claro;Plena Noite;domingo;Tombamento;Simples;2;3;-20.34858326;-43.92200604;Perigosa;Sudeste;3 Trimestre
629133;2024.0;n;9.0;2024-09-19;RJ;101;331;RIO DE JANEIRO;Ausência de reação do condutor;Com Vítimas Feridas;2;Céu Claro;Pleno dia;quinta-feira;Colisão traseira;Dupla;0;1;-22.867662;-43.195337;Perigosa;Sudeste;3 Trimestre
610036;2024.0;n;6.0;2024-06-25;RO;364;425;JARU;Ausência de reação do condutor;Com Vítimas Feridas;2;Céu Claro;Pleno dia;terça-feira;Colisão traseira;Dupla;0;0;-10.43752488;-62.47169791;Segura;Norte;2 Trimestre
589168;2024.0;n;3.0;2024-03-23;PR;376;137,2;NOVA ESPERANCA;Entrada inopinada do pedestre;Com Vítimas Feridas;4;Céu Claro;Pleno dia;sábado;Atropelamento de Pedestre;Múltipla;0;0;-23.21631106;-52.18536405;Segura;Sul;1 Trimestre
619579;2024.0;n;8.0;2024-08-07;BA;116;692;JEQUIE;Condutor Dormindo;Com Vítimas Feridas;3;Garoa/Chuvisco;Amanhecer;quarta-feira;Tombamento;Simples;0;0;-13.95728489;-40.16715338;Segura;Nordeste;3 Trimestre
661884;2025.0;n;2.0;2025-02-17;MG;116;308,6;ITAMBACURI;Demais falhas mecânicas ou elétricas;Sem Vítimas;1;Céu Claro;Plena Noite;segunda-feira;Incêndio;Simples;0;0;-18,05506995;-41,66565241;Segura;Sudeste;1 Trimestre
653084;2025.0;n;1.0;2025-01-04;SC;101;40;JOINVILLE;Velocidade Incompatível;Com Vítimas Feridas;1;Nublado;Pleno dia;sábado;Colisão com objeto;Múltipla;0;0;-26,27176094;-48,89468382;Segura;Sul;1 Trimestre
610788;2024.0;n;6.0;2024-06-29;MG;40;568;ITABIRITO;Mal súbito do condutor;Com Vítimas Feridas;3;Céu Claro;Pleno dia;sábado;Colisão lateral sentido oposto;Simples;0;0;-20.19509609;-43.97360482;Segura;Sudeste;2 Trimestre
653426;2025.0;n;1.0;2025-01-06;RJ;40;79;PETROPOLIS;Reação tardia ou ineficiente do condutor;Com Vítimas Feridas;1;Nublado;Plena Noite;segunda-feira;Capotamento;Dupla;0;0;-22,49130098;-43,22294163;Segura;Sudeste;1 Trimestre
586318;2024.0;n;3.0;2024-03-10;MT;364;331;SANTO ANTONIO DO LEVERGER;Acumulo de água sobre o pavimento;Com Vítimas Feridas;2;Chuva;Pleno dia;domingo;Tombamento;Dupla;0;0;-15.822813;-55.419647;Segura;Centro-Oeste;1 Trimestre
625303;2024.0;n;9.0;2024-09-02;MT;364;579;NOBRES;Problema com o freio;Sem Vítimas;1;Sol;Pleno dia;segunda-feira;Colisão com objeto;Múltipla;0;0;-14.59950395;-56.24085546;Segura;Centro-Oeste;3 Trimestre
601471;2024.0;n;5.0;2024-05-19;SP;116;104;TAUBATE;Reação tardia ou ineficiente do condutor;Com Vítimas Feridas;2;Céu Claro;Plena Noite;domingo;Colisão traseira;Dupla;0;0;-23.00340176;-45.50626912;Segura;Sudeste;2 Trimestre
594330;2024.0;n;3.0;2024-03-11;GO;40;6,5;VALPARAISO DE GOIAS;Manobra de mudança de faixa;Com Vítimas Feridas;2;Céu Claro;Pleno dia;segunda-feira;Colisão lateral mesmo sentido;Dupla;0;0;-16.100814;-47.977351;Segura;Centro-Oeste;1 Trimestre
653069;2025.0;n;1.0;2025-01-04;PR;277;54;SAO JOSE DOS PINHAIS;Ausência de reação do condutor;Com Vítimas Feridas;3;Céu Claro;Plena Noite;sábado;Colisão traseira;Dupla;0;0;-25,58964707;-48,93537801;Segura;Sul;1 Trimestre
672535;2025.0;n;4.0;2025-04-09;SC;282;331,7;CAMPOS NOVOS;Mal súbito do condutor;Com Vítimas Feridas;2;Céu Claro;Pleno dia;quarta-feira;Colisão lateral sentido oposto;Simples;0;0;-27,39066856;-51,1259079;Segura;Sul;2 Trimestre
672470;2025.0;n;4.0;2025-04-09;SC;101;11,1;GARUVA;Avarias e/ou desgaste excessivo no pneu;Sem Vítimas;3;Céu Claro;Plena Noite;quarta-feira;Incêndio;Dupla;0;0;-26,08977994;-48,8627243;Segura;Sul;2 Trimestre
670979;2025.0;n;4.0;2025-04-01;MT;364;276;JACIARA;Reação tardia ou ineficiente do condutor;Com Vítimas Fatais;18;Céu Claro;Plena Noite;terça-feira;Colisão lateral mesmo sentido;Simples;1;0;-15,95007;-55,001481;Perigosa;Centro-Oeste;2 Trimestre
656588;2025.0;n;1.0;2025-01-22;SP;116;414;JUQUIA;Acessar a via sem observar a presença dos outros veículos;Com Vítimas Feridas;2;Céu Claro;Plena Noite;quarta-feira;Colisão transversal;Dupla;0;1;-24,33164;-47,632774;Perigosa;Sudeste;1 Trimestre
578170;2024.0;n;1.0;2024-01-31;PR;376;614;SAO JOSE DOS PINHAIS;Reação tardia ou ineficiente do condutor;Com Vítimas Feridas;5;Céu Claro;Pleno dia;quarta-feira;Colisão traseira;Dupla;0;0;-25.57084314;-49.19356398;Segura;Sul;1 Trimestre
597179;2024.0;n;4.0;2024-04-29;MG;116;138;PONTO DOS VOLANTES;Demais falhas mecânicas ou elétricas;Sem Vítimas;1;Céu Claro;Amanhecer;segunda-feira;Incêndio;Simples;0;0;-16.75731434;-41.49998809;Segura;Sudeste;2 Trimestre
657825;2025.0;n;1.0;2025-01-28;BA;116;862,4;VITORIA DA CONQUISTA;Condutor Dormindo;Com Vítimas Fatais;2;Céu Claro;Pleno dia;terça-feira;Saída de leito carroçável;Simples;1;0;-15,14539915;-41,04786428;Perigosa;Nordeste;1 Trimestre
593665;2024.0;n;4.0;2024-04-12;MG;40;276;TRES MARIAS;Acostamento em desnível;Sem Vítimas;1;Céu Claro;Plena Noite;sexta-feira;Tombamento;Simples;0;0;-18.20602828;-45.23123233;Segura;Sudeste;2 Trimestre
653945;2025.0;n;1.0;2025-01-08;RJ;493;1;ITABORAI;Reação tardia ou ineficiente do condutor;Com Vítimas Fatais;2;Chuva;Plena Noite;quarta-feira;Colisão traseira;Simples;1;0;-22,76937547;-42,9225111;Perigosa;Sudeste;1 Trimestre
597214;2024.0;n;4.0;2024-04-29;PR;277;198,2;PALMEIRA;Ausência de reação do condutor;Com Vítimas Feridas;1;Céu Claro;Pleno dia;segunda-feira;Saída de leito carroçável;Simples;0;0;-25.464914;-50.264629;Segura;Sul;2 Trimestre
582997;2024.0;n;2.0;2024-02-24;MG;262;643;IBIA;Condutor Dormindo;Com Vítimas Feridas;2;Céu Claro;Pleno dia;sábado;Colisão traseira;Simples;0;1;-19.57542719;-46.59495614;Perigosa;Sudeste;1 Trimestre
579510;2024.0;n;2.0;2024-02-07;MG;116;276,9;TEOFILO OTONI;Ausência de reação do condutor;Com Vítimas Feridas;3;Céu Claro;Pleno dia;quarta-feira;Colisão lateral mesmo sentido;Simples;0;0;-17.85105696;-41.51454492;Segura;Sudeste;1 Trimestre
622196;2024.0;n;8.0;2024-08-18;SC;470;80;RODEIO;Ausência de reação do condutor;Sem Vítimas;2;Céu Claro;Plena Noite;domingo;Tombamento;Simples;0;0;-26.948805;-49.316097;Segura;Sul;3 Trimestre
610480;2024.0;n;6.0;2024-06-27;MG;381;430;SABARA;Demais falhas na via;Com Vítimas Feridas;2;Céu Claro;Plena Noite;quinta-feira;Tombamento;Simples;0;0;-19.78885371;-43.70613892;Segura;Sudeste;2 Trimestre
626057;2024.0;n;9.0;2024-09-05;PI;135;511;GILBUES;Reação tardia ou ineficiente do condutor;Com Vítimas Fatais;5;Céu Claro;Plena Noite;quinta-feira;Colisão traseira;Simples;1;1;-9.80068508;-45.32791265;Perigosa;Nordeste;3 Trimestre
652753;2025.0;n;1.0;2025-01-02;SC;282;30;SANTO AMARO DA IMPERATRIZ;Velocidade Incompatível;Com Vítimas Feridas;3;Chuva;Pleno dia;quinta-feira;Colisão transversal;Simples;0;0;-27,687376;-48,79071;Segura;Sul;1 Trimestre
592673;2024.0;n;4.0;2024-04-08;RS;290;524,8;ALEGRETE;Manobra de mudança de faixa;Com Vítimas Feridas;1;Garoa/Chuvisco;Pleno dia;segunda-feira;Saída de leito carroçável;Simples;0;0;-30.064606;-55.29261;Segura;Sul;2 Trimestre
630328;2024.0;n;9.0;2024-09-24;SC;470;65,5;INDAIAL;Conversão proibida;Com Vítimas Fatais;3;Céu Claro;Plena Noite;terça-feira;Colisão frontal;Simples;1;0;-26.87086065;-49.21789169;Perigosa;Sul;3 Trimestre
606751;2024.0;n;4.0;2024-04-04;MG;381;169,8;GOVERNADOR VALADARES;Ausência de reação do condutor;Com Vítimas Feridas;5;Céu Claro;Anoitecer;quinta-feira;Colisão traseira;Simples;0;0;-18.96700208;-42.09033791;Segura;Sudeste;2 Trimestre
597531;2024.0;n;4.0;2024-04-30;PA;163;471;ITAITUBA;Demais falhas mecânicas ou elétricas;Sem Vítimas;3;Céu Claro;Anoitecer;terça-feira;Incêndio;Simples;0;0;-5.73564589;-55.74171953;Segura;Norte;2 Trimestre
586807;2024.0;n;3.0;2024-03-12;PR;277;203;PALMEIRA;Avarias e/ou desgaste excessivo no pneu;Com Vítimas Feridas;2;Céu Claro;Pleno dia;terça-feira;Colisão com objeto;Simples;0;0;-25.4645209;-50.23036303;Segura;Sul;1 Trimestre
581654;2024.0;n;2.0;2024-02-17;SC;101;120;ITAJAI;Condutor deixou de manter distância do veículo da frente;Com Vítimas Feridas;2;Céu Claro;Pleno dia;sábado;Colisão traseira;Dupla;0;0;-26.912758;-48.711998;Segura;Sul;1 Trimestre
666223;2025.0;n;3.0;2025-03-09;SC;282;416,2;CATANDUVAS;Velocidade Incompatível;Com Vítimas Feridas;4;Chuva;Pleno dia;domingo;Colisão frontal;Simples;0;0;-27,04031847;-51,70812696;Segura;Sul;1 Trimestre
590099;2024.0;n;3.0;2024-03-27;MG;40;447,5;PARAOPEBA;Ausência de reação do condutor;Com Vítimas Feridas;3;Céu Claro;Pleno dia;quarta-feira;Colisão lateral mesmo sentido;Dupla;0;1;-19.29359592;-44.38358492;Perigosa;Sudeste;1 Trimestre
597202;2024.0;n;4.0;2024-04-29;SC;101;46,6;JOINVILLE;Velocidade Incompatível;Com Vítimas Feridas;2;Nublado;Pleno dia;segunda-feira;Colisão traseira;Múltipla;0;0;-26.33150083;-48.86187762;Segura;Sul;2 Trimestre
672403;2025.0;n;4.0;2025-04-08;MS;163;781;COXIM;Demais falhas mecânicas ou elétricas;Sem Vítimas;2;Céu Claro;Pleno dia;terça-feira;Incêndio;Simples;0;0;-18,082;-54,693;Segura;Centro-Oeste;2 Trimestre
574409;2024.0;n;1.0;2024-01-13;BA;116;505,1;SANTA TERESINHA;Manobra de mudança de faixa;Com Vítimas Feridas;3;Céu Claro;Pleno dia;sábado;Colisão frontal;Simples;0;0;-12.6313742;-39.5974739;Segura;Nordeste;1 Trimestre
626166;2024.0;n;9.0;2024-09-06;PR;277;37,3;MORRETES;Problema com o freio;Com Vítimas Feridas;7;Nublado;Pleno dia;sexta-feira;Colisão traseira;Dupla;0;5;-25.574653;-48.848;Perigosa;Sul;3 Trimestre
618081;2024.0;n;7.0;2024-07-31;RJ;40;77;PETROPOLIS;Velocidade Incompatível;Com Vítimas Feridas;1;Céu Claro;Pleno dia;quarta-feira;Tombamento;Simples;0;0;-22.48005592;-43.23543994;Segura;Sudeste;3 Trimestre
576109;2024.0;n;1.0;2024-01-21;MG;40;69,9;PARACATU;Ausência de reação do condutor;Com Vítimas Feridas;3;Céu Claro;Plena Noite;domingo;Colisão traseira;Simples;0;0;-17.39371065;-46.73333352;Segura;Sudeste;1 Trimestre
601083;2024.0;n;5.0;2024-05-17;RS;285;240;CASEIROS;Acessar a via sem observar a presença dos outros veículos;Com Vítimas Feridas;2;Chuva;Pleno dia;sexta-feira;Colisão transversal;Simples;0;1;-28.25933211;-51.8863678;Perigosa;Sul;2 Trimestre
652599;2025.0;y;1.0;2025-01-01;CE;116;3,3;FORTALEZA;Condutor deixou de manter distância do veículo da frente;Com Vítimas Feridas;2;Céu Claro;Anoitecer;quarta-feira;Colisão traseira;Dupla;0;1;-3,77866493;-38,51490171;Perigosa;Nordeste;1 Trimestre
606977;2024.0;n;6.0;2024-06-12;ES;101;183,6;ARACRUZ;Curva acentuada;Sem Vítimas;2;Céu Claro;Pleno dia;quarta-feira;Tombamento;Simples;0;0;-19.64708421;-40.23286555;Segura;Sudeste;2 Trimestre
611597;2024.0;n;7.0;2024-07-02;MG;381;904;CAMBUI;Reação tardia ou ineficiente do condutor;Com Vítimas Feridas;2;Céu Claro;Plena Noite;terça-feira;Tombamento;Dupla;0;1;-22.68841562;-46.10648041;Perigosa;Sudeste;3 Trimestre
601838;2024.0;n;5.0;2024-05-20;MG;262;43,4;MANHUACU;Mal súbito do condutor;Com Vítimas Feridas;2;Céu Claro;Pleno dia;segunda-feira;Colisão transversal;Simples;0;1;-20.26409492;-42.07800593;Perigosa;Sudeste;2 Trimestre
672573;2025.0;n;4.0;2025-04-09;PA;222;68,5;DOM ELISEU;Demais falhas mecânicas ou elétricas;Com Vítimas Feridas;1;Sol;Pleno dia;quarta-feira;Saída de leito carroçável;Simples;0;1;-4,569918;-47,84088;Perigosa;Norte;2 Trimestre
616620;2024.0;n;7.0;2024-07-24;PE;101;185,6;PALMARES;Acessar a via sem observar a presença dos outros veículos;Com Vítimas Feridas;2;Céu Claro;Anoitecer;quarta-feira;Colisão lateral mesmo sentido;Dupla;0;0;-8.67427585;-35.57646077;Segura;Nordeste;3 Trimestre
630398;2024.0;n;9.0;2024-09-25;GO;153;513,3;APARECIDA DE GOIANIA;Reação tardia ou ineficiente do condutor;Sem Vítimas;2;Céu Claro;Pleno dia;quarta-feira;Colisão lateral mesmo sentido;Dupla;0;0;-16.8244;-49.2421;Segura;Centro-Oeste;3 Trimestre