id;ano;feriado;mes;data_inversa;uf;br;km;municipio;causa_acidente;classificacao_acidente;veiculos;condicao_metereologica;fase_dia;dia_semana;tipo_acidente;tipo_pista;mortos;feridos_graves;latitude;longitude;status;regiao;periodo
591173;2024.0;n;4.0;2024-04-01;CE;116;109,3;MORADA NOVA;Manobra de mudança de faixa;Com Vítimas Feridas;2;Céu Claro;Pleno dia;segunda-feira;Colisão lateral sentido oposto;Simples;0;1;-4.56533401;-38.251164;Perigosa;Nordeste;2 Trimestre
595438;2024.0;y;4.0;2024-04-21;RJ;40;114;DUQUE DE CAXIAS;Ausência de reação do condutor;Com Vítimas Feridas;2;Céu Claro;Pleno dia;domingo;Colisão traseira;Dupla;0;0;-22.71853604;-43.28993324;Segura;Sudeste;2 Trimestre
668104;2025.0;n;3.0;2025-03-18;MT;158;649;NOVA XAVANTINA;Ultrapassagem Indevida;Com Vítimas Fatais;4;Céu Claro;Plena Noite;terça-feira;Colisão frontal;Simples;2;5;-14,63525902;-52,35593367;Perigosa;Centro-Oeste;1 Trimestre
620152;2024.0;n;8.0;2024-08-09;ES;101;140,4;LINHARES;Condutor desrespeitou a iluminação vermelha do semáforo;Com Vítimas Feridas;3;Céu Claro;Plena Noite;sexta-feira;Colisão transversal;Múltipla;0;0;-19.32148797;-40.07412499;Segura;Sudeste;3 Trimestre
664967;2025.0;n;3.0;2025-03-03;RJ;116;169;RIO DE JANEIRO;Ausência de reação do condutor;Com Vítimas Feridas;4;Céu Claro;Pleno dia;segunda-feira;Tombamento;Dupla;0;0;-22,8176299;-43,32263231;Segura;Sudeste;1 Trimestre
621899;2024.0;n;8.0;2024-08-17;BA;110;38;SANTA BRIGIDA;Ausência de reação do condutor;Com Vítimas Fatais;2;Céu Claro;Anoitecer;sábado;Colisão traseira;Simples;1;0;-9.78851188;-38.25195153;Perigosa;Nordeste;3 Trimestre
589407;2024.0;n;3.0;2024-03-24;RN;304;144;ANGICOS;Condutor Dormindo;Sem Vítimas;2;Céu Claro;Amanhecer;domingo;Colisão frontal;Simples;0;0;-5.6723466;-36.64578493;Segura;Nordeste;1 Trimestre
575140;2024.0;n;1.0;2024-01-16;TO;153;129;WANDERLANDIA;Ultrapassagem Indevida;Com Vítimas Feridas;5;Céu Claro;Pleno dia;terça-feira;Colisão frontal;Simples;0;0;-7.09135326;-48.16831112;Segura;Norte;1 Trimestre
668228;2025.0;n;3.0;2025-03-19;PR;369;93,9;CORNELIO PROCOPIO;Condutor usando celular;Sem Vítimas;2;Céu Claro;Pleno dia;quarta-feira;Colisão lateral mesmo sentido;Dupla;0;0;-23,21869897;-50,6704222;Segura;Sul;1 Trimestre
662515;2025.0;n;2.0;2025-02-20;MG;381;929;EXTREMA;Reação tardia ou ineficiente do condutor;Com Vítimas Feridas;2;Céu Claro;Pleno dia;quinta-feira;Tombamento;Dupla;0;0;-22,79944905;-46,26113605;Segura;Sudeste;1 Trimestre
625642;2024.0;n;9.0;2024-09-04;SP;116;469,9;JACUPIRANGA;Condutor usando celular;Com Vítimas Feridas;14;Nublado;Pleno dia;quarta-feira;Colisão lateral mesmo sentido;Dupla;0;0;-24.65247192;-47.95005601;Segura;Sudeste;3 Trimestre
585815;2024.0;n;3.0;2024-03-08;MG;381;435,6;SABARA;Transitar na contramão;Com Vítimas Fatais;3;Céu Claro;Pleno dia;sexta-feira;Colisão frontal;Simples;1;0;-19.79302;-43.74624;Perigosa;Sudeste;1 Trimestre
605445;2024.0;n;6.0;2024-06-06;RJ;116;198;QUEIMADOS;Velocidade Incompatível;Com Vítimas Feridas;2;Céu Claro;Plena Noite;quinta-feira;Colisão traseira;Dupla;0;0;-22.72952183;-43.57481597;Segura;Sudeste;2 Trimestre
604481;2024.0;n;6.0;2024-06-01;GO;158;7;ARAGARCAS;Reação tardia ou ineficiente do condutor;Sem Vítimas;3;Céu Claro;Pleno dia;sábado;Tombamento;Simples;0;0;-15.94952813;-52.21089363;Segura;Centro-Oeste;2 Trimestre
665790;2025.0;n;3.0;2025-03-07;PI;343;346,8;TERESINA;Transitar na contramão;Com Vítimas Fatais;2;Nublado;Plena Noite;sexta-feira;Colisão frontal;Simples;1;0;-5,114692;-42,778288;Perigosa;Nordeste;1 Trimestre
594075;2024.0;n;4.0;2024-04-15;MT;70;67;GENERAL CARNEIRO;Problema com o freio;Com Vítimas Fatais;4;Céu Claro;Plena Noite;segunda-feira;Atropelamento de Pedestre;Simples;1;0;-15.70419346;-52.74052031;Perigosa;Centro-Oeste;2 Trimestre
572325;2024.0;n;1.0;2024-01-03;MT;364;204;RONDONOPOLIS;Reação tardia ou ineficiente do condutor;Com Vítimas Feridas;2;Nublado;Pleno dia;quarta-feira;Colisão transversal;Dupla;0;0;-16.467325;-54.657196;Segura;Centro-Oeste;1 Trimestre
626868;2024.0;n;9.0;2024-09-09;GO;80;139;BARRO ALTO;Condutor Dormindo;Com Vítimas Feridas;2;Céu Claro;Pleno dia;segunda-feira;Colisão com objeto;Simples;0;1;-14.94146775;-48.94134521;Perigosa;Centro-Oeste;3 Trimestre
671839;2025.0;n;4.0;2025-04-05;GO;153;211;URUACU;Ausência de reação do condutor;Com Vítimas Feridas;3;Garoa/Chuvisco;Plena Noite;sábado;Colisão transversal;Simples;0;0;-14,627848;-49,173548;Segura;Centro-Oeste;2 Trimestre
662473;2025.0;n;2.0;2025-02-20;PR;369;395,9;MAMBORE;Acessar a via sem observar a presença dos outros veículos;Com Vítimas Feridas;4;Céu Claro;Amanhecer;quinta-feira;Colisão transversal;Simples;0;1;-24,2881;-52,5756;Perigosa;Sul;1 Trimestre
657913;2025.0;n;1.0;2025-01-28;RS;285;129,4;VACARIA;Acessar a via sem observar a presença dos outros veículos;Com Vítimas Feridas;2;Céu Claro;Pleno dia;terça-feira;Colisão transversal;Simples;0;0;-28,456049;-50,984863;Segura;Sul;1 Trimestre
653709;2025.0;n;1.0;2025-01-07;RS;116;116,4;SAO MARCOS;Acessar a via sem observar a presença dos outros veículos;Com Vítimas Feridas;2;Céu Claro;Pleno dia;terça-feira;Colisão transversal;Simples;0;0;-28,97609141;-51,06640231;Segura;Sul;1 Trimestre
614701;2024.0;n;5.0;2024-05-30;RS;116;348,1;SENTINELA DO SUL;Ausência de reação do condutor;Com Vítimas Fatais;2;Nevoeiro/Neblina;Plena Noite;quinta-feira;Colisão traseira;Dupla;1;4;-30.525825;-51.49893;Perigosa;Sul;2 Trimestre
596446;2024.0;n;4.0;2024-04-26;AC;364;138;RIO BRANCO;Condutor Dormindo;Sem Vítimas;2;Céu Claro;Amanhecer;sexta-feira;Saída de leito carroçável;Dupla;0;0;-9.96050269;-67.85714149;Segura;Norte;2 Trimestre
686692;2025.0;n;4.0;2025-04-22;RJ;356;64;ITAPERUNA;Velocidade Incompatível;Com Vítimas Feridas;2;Céu Claro;Pleno dia;terça-feira;Tombamento;Simples;0;0;-21,2584497;-41,769131;Segura;Sudeste;2 Trimestre
620166;2024.0;n;8.0;2024-08-09;PE;316;246;BELEM DE SAO FRANCISCO;Acessar a via sem observar a presença dos outros veículos;Sem Vítimas;2;Céu Claro;Pleno dia;sexta-feira;Colisão traseira;Simples;0;0;-8.66143416;-39.00273108;Segura;Nordeste;3 Trimestre
584163;2024.0;n;2.0;2024-02-29;RJ;116;247;PIRAI;Manobra de mudança de faixa;Com Vítimas Feridas;3;Chuva;Plena Noite;quinta-feira;Colisão lateral mesmo sentido;Dupla;0;0;-22.60655103;-43.93505207;Segura;Sudeste;1 Trimestre
620402;2024.0;n;8.0;2024-08-10;MA;226;260;BARRA DO CORDA;Demais falhas mecânicas ou elétricas;Sem Vítimas;3;Céu Claro;Pleno dia;sábado;Incêndio;Simples;0;0;-5.41648481;-44.94183807;Segura;Nordeste;3 Trimestre
606054;2024.0;n;6.0;2024-06-08;RJ;116;296;BARRA MANSA;Condutor deixou de manter distância do veículo da frente;Com Vítimas Feridas;3;Céu Claro;Pleno dia;sábado;Colisão traseira;Dupla;0;0;-22.44937197;-44.32171194;Segura;Sudeste;2 Trimestre
620975;2024.0;n;8.0;2024-08-13;SC;101;98;BALNEARIO PICARRAS;Trafegar com motocicleta (ou similar) entre as faixas;Com Vítimas Feridas;3;Céu Claro;Pleno dia;terça-feira;Colisão traseira;Dupla;0;0;-26.73760897;-48.69918789;Segura;Sul;3 Trimestre
581725;2024.0;n;2.0;2024-02-17;SP;116;223;GUARULHOS;Ausência de reação do condutor;Sem Vítimas;2;Nublado;Plena Noite;sábado;Colisão traseira;Múltipla;0;0;-23.47559815;-46.5246609;Segura;Sudeste;1 Trimestre
587123;2024.0;n;3.0;2024-03-14;SC;280;34;ARAQUARI;Acessar a via sem observar a presença dos outros veículos;Com Vítimas Feridas;4;Céu Claro;Amanhecer;quinta-feira;Colisão transversal;Simples;0;0;-26.42993971;-48.79615614;Segura;Sul;1 Trimestre
669268;2025.0;n;3.0;2025-03-24;GO;40;3;VALPARAISO DE GOIAS;Condutor deixou de manter distância do veículo da frente;Sem Vítimas;2;Chuva;Pleno dia;segunda-feira;Colisão traseira;Dupla;0;0;-16,078796;-47,985911;Segura;Centro-Oeste;1 Trimestre
672519;2025.0;n;4.0;2025-04-09;PA;316;20,9;BENEVIDES;Acessar a via sem observar a presença dos outros veículos;Com Vítimas Fatais;2;Céu Claro;Pleno dia;quarta-feira;Colisão transversal;Dupla;1;0;-1,361354;-48,262952;Perigosa;Norte;2 Trimestre
596741;2024.0;n;4.0;2024-04-19;MS;262;75;TRES LAGOAS;Demais falhas mecânicas ou elétricas;Sem Vítimas;2;Céu Claro;Pleno dia;sexta-feira;Incêndio;Simples;0;0;-20.66010475;-52.2779289;Segura;Centro-Oeste;2 Trimestre
594427;2024.0;n;4.0;2024-04-16;MG;381;192,2;PERIQUITO;Transitar na contramão;Com Vítimas Feridas;3;Céu Claro;Plena Noite;terça-feira;Colisão lateral sentido oposto;Simples;0;1;-19.11835916;-42.21228485;Perigosa;Sudeste;2 Trimestre
665659;2025.0;n;3.0;2025-03-07;RJ;40;113;DUQUE DE CAXIAS;Demais falhas mecânicas ou elétricas;Sem Vítimas;1;Céu Claro;Amanhecer;sexta-feira;Incêndio;Simples;0;0;-22,71166798;-43,28994669;Segura;Sudeste;1 Trimestre
589236;2024.0;n;3.0;2024-03-23;RJ;40;80;PETROPOLIS;Pista Escorregadia;Com Vítimas Feridas;1;Chuva;Pleno dia;sábado;Colisão com objeto;Dupla;0;0;-22.49798597;-43.22878703;Segura;Sudeste;1 Trimestre
576613;2024.0;n;1.0;2024-01-23;SC;101;14,6;GARUVA;Condutor deixou de manter distância do veículo da frente;Sem Vítimas;3;Chuva;Pleno dia;terça-feira;Saída de leito carroçável;Dupla;0;0;-26.09803515;-48.86773972;Segura;Sul;1 Trimestre
615552;2024.0;n;7.0;2024-07-19;PR;277;637,6;CEU AZUL;Acessar a via sem observar a presença dos outros veículos;Com Vítimas Feridas;2;Céu Claro;Plena Noite;sexta-feira;Colisão transversal;Simples;0;0;-25.15127997;-53.84435289;Segura;Sul;3 Trimestre
574857;2024.0;n;1.0;2024-01-03;MG;40;589,4;ITABIRITO;Pista Escorregadia;Com Vítimas Fatais;5;Chuva;Pleno dia;quarta-feira;Colisão frontal;Simples;1;0;-20.36435247;-43.91016483;Perigosa;Sudeste;1 Trimestre
604305;2024.0;n;5.0;2024-05-31;RN;304;38;MOSSORO;Reação tardia ou ineficiente do condutor;Com Vítimas Fatais;2;Céu Claro;Plena Noite;sexta-feira;Colisão traseira;Dupla;1;0;-5.185076;-37.371358;Perigosa;Nordeste;2 Trimestre
628286;2024.0;n;9.0;2024-09-15;MS;262;187;RIBAS DO RIO PARDO;Reação tardia ou ineficiente do condutor;Com Vítimas Feridas;5;Nublado;Pleno dia;domingo;Colisão traseira;Simples;0;0;-20.43859011;-53.26376698;Segura;Centro-Oeste;3 Trimestre
596865;2024.0;n;4.0;2024-04-27;MT;174;514;COMODORO;Condutor Dormindo;Com Vítimas Feridas;2;Céu Claro;Plena Noite;sábado;Saída de leito carroçável;Simples;0;0;-13.41490694;-59.85083392;Segura;Centro-Oeste;2 Trimestre
594622;2024.0;n;4.0;2024-04-17;MG;381;905;CAMBUI;Demais falhas mecânicas ou elétricas;Com Vítimas Feridas;2;Céu Claro;Plena Noite;quarta-feira;Colisão com objeto;Dupla;0;2;-22.66018177;-46.08815289;Perigosa;Sudeste;2 Trimestre
575697;2024.0;n;1.0;2024-01-19;PR;116;162,2;QUITANDINHA;Avarias e/ou desgaste excessivo no pneu;Com Vítimas Fatais;2;Sol;Pleno dia;sexta-feira;Atropelamento de Pedestre;Simples;1;0;-25.86425407;-49.40958595;Perigosa;Sul;1 Trimestre
625289;2024.0;n;9.0;2024-09-02;SC;101;58,9;ARAQUARI;Demais falhas mecânicas ou elétricas;Sem Vítimas;1;Sol;Pleno dia;segunda-feira;Incêndio;Múltipla;0;0;-26.44025049;-48.80129043;Segura;Sul;3 Trimestre
598638;2024.0;n;5.0;2024-05-06;PA;316;24;BENEVIDES;Ausência de reação do condutor;Com Vítimas Feridas;2;Céu Claro;Plena Noite;segunda-feira;Colisão traseira;Dupla;0;1;-1.34599732;-48.25152822;Perigosa;Norte;2 Trimestre
655283;2025.0;n;1.0;2025-01-15;PB;230;159;CAMPINA GRANDE;Acessar a via sem observar a presença dos outros veículos;Com Vítimas Feridas;2;Céu Claro;Plena Noite;quarta-feira;Colisão transversal;Simples;0;0;-7,24400242;-35,93730927;Segura;Nordeste;1 Trimestre
617157;2024.0;n;7.0;2024-07-27;RS;116;251;SAPUCAIA DO SUL;Acessar a via sem observar a presença dos outros veículos;Com Vítimas Feridas;6;Nublado;Pleno dia;sábado;Colisão transversal;Dupla;0;0;-29.80035406;-51.16550365;Segura;Sul;3 Trimestre
620182;2024.0;n;8.0;2024-08-09;PA;155;339;MARABA;Reação tardia ou ineficiente do condutor;Com Vítimas Feridas;8;Céu Claro;Plena Noite;sexta-feira;Engavetamento;Simples;0;1;-5.416753;-49.076398;Perigosa;Norte;3 Trimestre
578698;2024.0;n;2.0;2024-02-02;GO;364;210,3;JATAI;Objeto estático sobre o leito carroçável;Com Vítimas Feridas;3;Céu Claro;Plena Noite;sexta-feira;Colisão com objeto;Simples;0;1;-17.891758;-51.840656;Perigosa;Centro-Oeste;1 Trimestre
588691;2024.0;n;3.0;2024-03-20;MG;381;885,5;CAMBUI;Ingestão de álcool pelo condutor;Com Vítimas Feridas;2;Nublado;Plena Noite;quarta-feira;Saída de leito carroçável;Dupla;0;0;-22.54388201;-46.03875199;Segura;Sudeste;1 Trimestre
601519;2024.0;n;5.0;2024-05-19;SE;101;108;SAO CRISTOVAO;Ausência de reação do condutor;Com Vítimas Feridas;3;Nublado;Plena Noite;domingo;Colisão traseira;Dupla;0;0;-10.96341297;-37.26196001;Segura;Nordeste;2 Trimestre
613298;2024.0;n;7.0;2024-07-09;RN;101;118;SAO JOSE DE MIPIBU;Manobra de mudança de faixa;Sem Vítimas;2;Céu Claro;Plena Noite;terça-feira;Colisão lateral mesmo sentido;Dupla;0;0;-6.018765;-35.252301;Segura;Nordeste;3 Trimestre
574639;2024.0;n;1.0;2024-01-14;SP;116;66;GUARATINGUETA;Reação tardia ou ineficiente do condutor;Com Vítimas Feridas;2;Nublado;Pleno dia;domingo;Colisão lateral mesmo sentido;Dupla;0;0;-22.82270215;-45.20193286;Segura;Sudeste;1 Trimestre
658426;2025.0;n;1.0;2025-01-31;RS;290;78;GRAVATAI;Demais falhas mecânicas ou elétricas;Sem Vítimas;2;Céu Claro;Pleno dia;sexta-feira;Colisão lateral mesmo sentido;Múltipla;0;0;-29,954178;-51,037735;Segura;Sul;1 Trimestre
660923;2025.0;n;2.0;2025-02-12;SP;381;44;ATIBAIA;Pedestre cruzava a pista fora da faixa;Com Vítimas Feridas;2;Céu Claro;Pleno dia;quarta-feira;Atropelamento de Pedestre;Dupla;0;1;-23,16458615;-46,57418959;Perigosa;Sudeste;1 Trimestre
583789;2024.0;n;2.0;2024-02-28;SC;101;141;BALNEARIO CAMBORIU;Manobra de mudança de faixa;Com Vítimas Feridas;4;Céu Claro;Pleno dia;quarta-feira;Colisão lateral mesmo sentido;Dupla;0;0;-27.04761729;-48.59995855;Segura;Sul;1 Trimestre
667144;2025.0;n;3.0;2025-03-14;MG;40;175,3;JOAO PINHEIRO;Demais falhas mecânicas ou elétricas;Com Vítimas Feridas;5;Céu Claro;Pleno dia;sexta-feira;Tombamento;Simples;0;2;-17,8951143;-46,12060547;Perigosa;Sudeste;1 Trimestre
602923;2024.0;n;5.0;2024-05-25;PA;10;323;SAO MIGUEL DO GUAMA;Ausência de reação do condutor;Com Vítimas Fatais;2;Céu Claro;Pleno dia;sábado;Colisão traseira;Simples;1;0;-1.61088202;-47.48281005;Perigosa;Norte;2 Trimestre
605192;2024.0;n;6.0;2024-06-04;BA;101;421;IBIRAPITANGA;Curva acentuada;Com Vítimas Fatais;3;Nublado;Pleno dia;terça-feira;Colisão frontal;Simples;1;0;-14.136708;-39.358192;Perigosa;Nordeste;2 Trimestre
575678;2024.0;n;1.0;2024-01-19;MG;116;776,9;LEOPOLDINA;Demais falhas mecânicas ou elétricas;Sem Vítimas;1;Céu Claro;Amanhecer;sexta-feira;Saída de leito carroçável;Simples;0;0;-21.59023796;-42.68715187;Segura;Sudeste;1 Trimestre
612511;2024.0;n;7.0;2024-07-06;RO;364;343;JI-PARANA;Ausência de reação do condutor;Sem Vítimas;2;Sol;Pleno dia;sábado;Colisão transversal;Dupla;0;0;-10.87878519;-61.94499012;Segura;Norte;3 Trimestre
576017;2024.0;n;1.0;2024-01-20;RJ;40;114;DUQUE DE CAXIAS;Reação tardia ou ineficiente do condutor;Com Vítimas Feridas;2;Chuva;Pleno dia;sábado;Colisão com objeto;Dupla;0;0;-22.71853604;-43.28993324;Segura;Sudeste;1 Trimestre
621204;2024.0;n;8.0;2024-08-14;MG;365;406;PATOS DE MINAS;Condutor deixou de manter distância do veículo da frente;Com Vítimas Feridas;3;Céu Claro;Pleno dia;quarta-feira;Colisão traseira;Múltipla;0;0;-18.63356874;-46.46943656;Segura;Sudeste;3 Trimestre
685784;2025.0;y;4.0;2025-04-18;SC;101;322,4;PESCARIA BRAVA;Condutor deixou de manter distância do veículo da frente;Com Vítimas Fatais;5;Céu Claro;Pleno dia;sexta-feira;Colisão traseira;Dupla;1;0;-28,429083;-48,9218516;Perigosa;Sul;2 Trimestre
659886;2025.0;n;2.0;2025-02-07;RS;386;439;CANOAS;Estacionar ou parar em local proibido;Com Vítimas Feridas;2;Céu Claro;Pleno dia;sexta-feira;Colisão traseira;Dupla;0;0;-29,87987821;-51,24062598;Segura;Sul;1 Trimestre
624887;2024.0;n;8.0;2024-08-31;MS;262;679;CORUMBA;Ausência de reação do condutor;Com Vítimas Feridas;8;Céu Claro;Pleno dia;sábado;Engavetamento;Simples;0;0;-19.56491365;-57.19149379;Segura;Centro-Oeste;3 Trimestre
578855;2024.0;n;2.0;2024-02-04;TO;153;408,7;MIRANORTE;Pedestre cruzava a pista fora da faixa;Com Vítimas Fatais;2;Céu Claro;Plena Noite;domingo;Atropelamento de Pedestre;Simples;1;0;-9.48122494;-48.58319433;Perigosa;Norte;1 Trimestre
622316;2024.0;n;8.0;2024-08-19;MT;163;754;SORRISO;Condutor deixou de manter distância do veículo da frente;Com Vítimas Feridas;2;Céu Claro;Pleno dia;segunda-feira;Colisão traseira;Dupla;0;1;-12.53830689;-55.70636099;Perigosa;Centro-Oeste;3 Trimestre
579738;2024.0;n;2.0;2024-02-08;RS;285;395,2;SANTA BARBARA DO SUL;Pista esburacada;Com Vítimas Feridas;3;Céu Claro;Pleno dia;quinta-feira;Colisão lateral mesmo sentido;Simples;0;0;-28.38855762;-53.27633142;Segura;Sul;1 Trimestre
658125;2025.0;n;1.0;2025-01-29;MG;153;98;PRATA;Chuva;Com Vítimas Feridas;9;Chuva;Anoitecer;quarta-feira;Colisão traseira;Simples;0;2;-19,21129908;-48,93783422;Perigosa;Sudeste;1 Trimestre
607935;2024.0;n;6.0;2024-06-16;PR;277;410,9;CANDOI;Ausência de reação do condutor;Com Vítimas Feridas;2;Céu Claro;Pleno dia;domingo;Tombamento;Simples;0;0;-25.43184986;-52.00714351;Segura;Sul;2 Trimestre
588264;2024.0;n;3.0;2024-03-18;MG;40;517,1;RIBEIRAO DAS NEVES;Acessar a via sem observar a presença dos outros veículos;Com Vítimas Fatais;3;Nublado;Plena Noite;segunda-feira;Atropelamento de Pedestre;Dupla;1;0;-19.82351202;-44.08438913;Perigosa;Sudeste;1 Trimestre
607340;2024.0;n;6.0;2024-06-13;SC;153;11;AGUA DOCE;Velocidade Incompatível;Com Vítimas Feridas;1;Céu Claro;Plena Noite;quinta-feira;Colisão com objeto;Simples;0;0;-26.678205;-51.554218;Segura;Sul;2 Trimestre
580647;2024.0;n;2.0;2024-02-11;MS;158;103;PARANAIBA;Ingestão de álcool pelo condutor;Com Vítimas Feridas;3;Céu Claro;Plena Noite;domingo;Colisão lateral mesmo sentido;Simples;0;0;-19.72704906;-51.13418411;Segura;Centro-Oeste;1 Trimestre
659044;2025.0;n;2.0;2025-02-03;RO;364;424,5;JARU;Reação tardia ou ineficiente do condutor;Com Vítimas Fatais;6;Sol;Pleno dia;segunda-feira;Tombamento;Múltipla;1;0;-10,44072124;-62,4684535;Perigosa;Norte;1 Trimestre
624529;2024.0;n;8.0;2024-08-30;GO;60;43;ALEXANIA;Condutor deixou de manter distância do veículo da frente;Sem Vítimas;4;Céu Claro;Pleno dia;sexta-feira;Engavetamento;Múltipla;0;0;-16.1164;-48.5892;Segura;Centro-Oeste;3 Trimestre
583300;2024.0;n;2.0;2024-02-25;GO;158;132;CAIAPONIA;Pista esburacada;Com Vítimas Feridas;4;Céu Claro;Pleno dia;domingo;Colisão traseira;Simples;0;0;-16.73657492;-51.68945021;Segura;Centro-Oeste;1 Trimestre
652941;2025.0;n;1.0;2025-01-03;SE;101;62;ROSARIO DO CATETE;Condutor deixou de manter distância do veículo da frente;Com Vítimas Feridas;2;Céu Claro;Pleno dia;sexta-feira;Colisão traseira;Dupla;0;0;-10,68457007;-37,03562689;Segura;Nordeste;1 Trimestre
673424;2025.0;n;4.0;2025-04-13;PI;316;166;ELESBAO VELOSO;Ingestão de álcool pelo condutor;Com Vítimas Fatais;2;Céu Claro;Pleno dia;domingo;Tombamento;Simples;1;0;-6,226842;-42,062442;Perigosa;Nordeste;2 Trimestre
576699;2024.0;n;1.0;2024-01-23;PR;153;461;UNIAO DA VITORIA;Problema com o freio;Com Vítimas Feridas;3;Garoa/Chuvisco;Pleno dia;terça-feira;Colisão frontal;Simples;0;3;-26.23663648;-51.15418777;Perigosa;Sul;1 Trimestre
664940;2025.0;n;3.0;2025-03-03;PR;376;645;TIJUCAS DO SUL;Manobra de mudança de faixa;Sem Vítimas;3;Nublado;Pleno dia;segunda-feira;Colisão lateral mesmo sentido;Dupla;0;0;-25,828125;-49,118258;Segura;Sul;1 Trimestre
661952;2025.0;n;2.0;2025-02-17;RN;304;300;MACAIBA;Manobra de mudança de faixa;Com Vítimas Feridas;3;Sol;Pleno dia;segunda-feira;Tombamento;Dupla;0;0;-5,8737673;-35,3150361;Segura;Nordeste;1 Trimestre
573626;2024.0;n;1.0;2024-01-09;BA;324;404;NOVA FATIMA;Condutor deixou de manter distância do veículo da frente;Sem Vítimas;3;Céu Claro;Pleno dia;terça-feira;Engavetamento;Simples;0;0;-11.60427899;-39.6312174;Segura;Nordeste;1 Trimestre
630165;2024.0;n;9.0;2024-09-23;SP;116;142;SAO JOSE DOS CAMPOS;Reação tardia ou ineficiente do condutor;Sem Vítimas;2;Céu Claro;Plena Noite;segunda-feira;Colisão lateral mesmo sentido;Dupla;0;0;-23.17426078;-45.82940111;Segura;Sudeste;3 Trimestre
615280;2024.0;n;7.0;2024-07-18;GO;364;279;MINEIROS;Ultrapassagem Indevida;Com Vítimas Feridas;3;Céu Claro;Pleno dia;quinta-feira;Saída de leito carroçável;Simples;0;0;-17.630621;-52.37748;Segura;Centro-Oeste;3 Trimestre
659035;2025.0;n;2.0;2025-02-03;PI;343;342;TERESINA;Demais falhas mecânicas ou elétricas;Sem Vítimas;2;Céu Claro;Pleno dia;segunda-feira;Colisão com objeto;Simples;0;0;-5,077812;-42,744255;Segura;Nordeste;1 Trimestre
658333;2025.0;n;1.0;2025-01-30;MG;116;554;MANHUACU;Ausência de reação do condutor;Com Vítimas Feridas;2;Nublado;Anoitecer;quinta-feira;Tombamento;Simples;0;0;-20,00117809;-42,14034158;Segura;Sudeste;1 Trimestre
652986;2025.0;n;1.0;2025-01-03;PB;101;84,4;BAYEUX;Acumulo de areia ou detritos sobre o pavimento;Com Vítimas Feridas;1;Céu Claro;Anoitecer;sexta-feira;Tombamento;Dupla;0;1;-7,13957906;-34,92312806;Perigosa;Nordeste;1 Trimestre
671826;2025.0;n;4.0;2025-04-05;AL;101;70;MESSIAS;Pedestre andava na pista;Com Vítimas Fatais;2;Céu Claro;Plena Noite;sábado;Atropelamento de Pedestre;Dupla;1;0;-9,368786;-35,83185;Perigosa;Nordeste;2 Trimestre
592107;2024.0;n;4.0;2024-04-05;PA;316;115;SANTA MARIA DO PARA;Ultrapassagem Indevida;Com Vítimas Feridas;3;Nublado;Pleno dia;sexta-feira;Colisão traseira;Simples;0;1;-1.31441706;-47.47771498;Perigosa;Norte;2 Trimestre
582101;2024.0;n;2.0;2024-02-19;RN;304;295,4;MACAIBA;Condutor deixou de manter distância do veículo da frente;Com Vítimas Feridas;4;Céu Claro;Anoitecer;segunda-feira;Engavetamento;Simples;0;1;-5.86673107;-35.36296248;Perigosa;Nordeste;1 Trimestre
627149;2024.0;n;9.0;2024-09-10;PR;373;231,9;IMBITUVA;Transitar na contramão;Com Vítimas Feridas;5;Céu Claro;Pleno dia;terça-feira;Colisão lateral sentido oposto;Simples;0;2;-25.181861;-50.673472;Perigosa;Sul;3 Trimestre
579678;2024.0;n;2.0;2024-02-07;MG;116;803;ALEM PARAIBA;Reação tardia ou ineficiente do condutor;Com Vítimas Feridas;1;Céu Claro;Plena Noite;quarta-feira;Tombamento;Simples;0;0;-21.7922616;-42.715434;Segura;Sudeste;1 Trimestre
607666;2024.0;n;6.0;2024-06-15;PR;277;53,4;SAO JOSE DOS PINHAIS;Demais falhas mecânicas ou elétricas;Sem Vítimas;3;Sol;Pleno dia;sábado;Incêndio;Dupla;0;0;-25.57634664;-48.97419691;Segura;Sul;2 Trimestre
578159;2024.0;n;1.0;2024-01-31;MG;381;341;BELA VISTA DE MINAS;Velocidade Incompatível;Com Vítimas Fatais;4;Nublado;Pleno dia;quarta-feira;Colisão frontal;Dupla;1;3;-19.84403064;-43.10352396;Perigosa;Sudeste;1 Trimestre
582280;2024.0;n;2.0;2024-02-20;MT;364;766;DIAMANTINO;Demais falhas mecânicas ou elétricas;Sem Vítimas;2;Céu Claro;Pleno dia;terça-feira;Incêndio;Simples;0;0;-14.21750319;-57.61723296;Segura;Centro-Oeste;1 Trimestre
581447;2024.0;n;2.0;2024-02-16;MG;381;532;ITATIAIUCU;Condutor Dormindo;Com Vítimas Fatais;3;Céu Claro;Plena Noite;sexta-feira;Tombamento;Dupla;1;0;-20.1904316;-44.38268793;Perigosa;Sudeste;1 Trimestre
585667;2024.0;n;3.0;2024-03-07;PR;163;140;CAPITAO LEONIDAS MARQUES;Chuva;Com Vítimas Feridas;5;Chuva;Pleno dia;quinta-feira;Colisão lateral sentido oposto;Simples;0;1;-25.49765306;-53.59938318;Perigosa;Sul;1 Trimestre
572870;2024.0;n;1.0;2024-01-06;GO;364;208;JATAI;Ausência de reação do condutor;Com Vítimas Feridas;1;Céu Claro;Plena Noite;sábado;Saída de leito carroçável;Simples;0;1;-17.904121;-51.828594;Perigosa;Centro-Oeste;1 Trimestre