id;ano;feriado;mes;data_inversa;uf;br;km;municipio;causa_acidente;classificacao_acidente;veiculos;condicao_metereologica;fase_dia;dia_semana;tipo_acidente;tipo_pista;mortos;feridos_graves;latitude;longitude;status;regiao;periodo
672607;2025.0;n;4.0;2025-04-09;GO;20;0,4;FORMOSA;Reação tardia ou ineficiente do condutor;Sem Vítimas;2;Chuva;Plena Noite;quarta-feira;Colisão lateral sentido oposto;Simples;0;0;-15,5804836399;-47,339807065;Segura;Centro-Oeste;2 Trimestre
606495;2024.0;n;6.0;2024-06-10;MG;116;413,7;GOVERNADOR VALADARES;Ausência de reação do condutor;Com Vítimas Feridas;3;Céu Claro;Pleno dia;segunda-feira;Colisão traseira;Simples;0;0;-18.88328724;-41.95224424;Segura;Sudeste;2 Trimestre
628472;2024.0;n;9.0;2024-09-16;PR;277;65;SAO JOSE DOS PINHAIS;Animais na Pista;Com Vítimas Feridas;4;Garoa/Chuvisco;Pleno dia;segunda-feira;Atropelamento de Animal;Dupla;0;1;-25.5530337;-49.03504085;Perigosa;Sul;3 Trimestre
656950;2025.0;n;1.0;2025-01-24;MG;50;189,5;UBERABA;Condutor Dormindo;Com Vítimas Feridas;2;Céu Claro;Plena Noite;sexta-feira;Colisão traseira;Dupla;0;0;-19,84808;-47,874971;Segura;Sudeste;1 Trimestre
620744;2024.0;n;8.0;2024-08-12;SC;280;28,7;ARAQUARI;Acessar a via sem observar a presença dos outros veículos;Sem Vítimas;2;Céu Claro;Pleno dia;segunda-feira;Colisão lateral mesmo sentido;Simples;0;0;-26.40450077;-48.74561031;Segura;Sul;3 Trimestre
600852;2024.0;n;5.0;2024-05-16;BA;116;773;PLANALTO;Condutor deixou de manter distância do veículo da frente;Com Vítimas Feridas;4;Céu Claro;Pleno dia;quinta-feira;Colisão traseira;Simples;0;0;-14.5744912;-40.42660279;Segura;Nordeste;2 Trimestre
671491;2025.0;n;4.0;2025-04-04;MG;381;480,9;CONTAGEM;Reação tardia ou ineficiente do condutor;Com Vítimas Fatais;3;Nublado;Pleno dia;sexta-feira;Colisão lateral mesmo sentido;Múltipla;1;0;-19,95852948;-44,0579857;Perigosa;Sudeste;2 Trimestre
652674;2025.0;y;1.0;2025-01-01;RJ;116;270;VOLTA REDONDA;Reação tardia ou ineficiente do condutor;Com Vítimas Feridas;4;Sol;Pleno dia;quarta-feira;Colisão com objeto;Múltipla;0;0;-22,56923335;-44,12024318;Segura;Sudeste;1 Trimestre
579695;2024.0;n;2.0;2024-02-08;RJ;101;71;CAMPOS DOS GOYTACAZES;Reação tardia ou ineficiente do condutor;Com Vítimas Feridas;6;Céu Claro;Plena Noite;quinta-feira;Engavetamento;Simples;0;0;-21.78577807;-41.38139396;Segura;Sudeste;1 Trimestre
667357;2025.0;n;3.0;2025-03-15;SC;470;86;RODEIO;Velocidade Incompatível;Com Vítimas Feridas;5;Nublado;Pleno dia;sábado;Colisão com objeto;Simples;0;1;-26,9476045;-49,3648749;Perigosa;Sul;1 Trimestre
653040;2025.0;n;1.0;2025-01-03;RJ;465;3;SEROPEDICA;Ausência de reação do condutor;Com Vítimas Feridas;2;Nublado;Plena Noite;sexta-feira;Colisão lateral mesmo sentido;Simples;0;0;-22,73427;-43,711994;Segura;Sudeste;1 Trimestre
629496;2024.0;n;9.0;2024-09-20;RJ;40;116;DUQUE DE CAXIAS;Reação tardia ou ineficiente do condutor;Com Vítimas Feridas;2;Céu Claro;Plena Noite;sexta-feira;Colisão traseira;Dupla;0;0;-22.73662299;-43.28858785;Segura;Sudeste;3 Trimestre
575388;2024.0;n;1.0;2024-01-17;BA;116;554;MILAGRES;Ultrapassagem Indevida;Com Vítimas Fatais;5;Céu Claro;Plena Noite;quarta-feira;Colisão frontal;Simples;5;0;-12.90392626;-39.86139056;Perigosa;Nordeste;1 Trimestre
627739;2024.0;n;9.0;2024-09-13;GO;60;174,5;ABADIA DE GOIAS;Entrada inopinada do pedestre;Com Vítimas Feridas;3;Céu Claro;Pleno dia;sexta-feira;Atropelamento de Pedestre;Dupla;0;0;-16.7474;-49.4238;Segura;Centro-Oeste;3 Trimestre
620996;2024.0;n;8.0;2024-08-13;MT;163;559;DIAMANTINO;Reação tardia ou ineficiente do condutor;Com Vítimas Fatais;8;Céu Claro;Plena Noite;terça-feira;Colisão lateral sentido oposto;Simples;1;0;-14.24293501;-56.12516399;Perigosa;Centro-Oeste;3 Trimestre
685667;2025.0;y;4.0;2025-04-18;MT;163;798;VERA;Ultrapassagem Indevida;Com Vítimas Fatais;2;Céu Claro;Pleno dia;sexta-feira;Colisão frontal;Simples;1;1;-12,18823563;-55,53091049;Perigosa;Centro-Oeste;2 Trimestre
592129;2024.0;n;4.0;2024-04-06;SE;235;1;ARACAJU;Estacionar ou parar em local proibido;Com Vítimas Feridas;2;Céu Claro;Pleno dia;sábado;Colisão com objeto;Dupla;0;0;-10.9073;-37.0947;Segura;Nordeste;2 Trimestre
597735;2024.0;n;5.0;2024-05-02;MG;381;486,8;BETIM;Reação tardia ou ineficiente do condutor;Com Vítimas Feridas;2;Céu Claro;Pleno dia;quinta-feira;Colisão traseira;Dupla;0;0;-19.95644414;-44.13611598;Segura;Sudeste;2 Trimestre
595762;2024.0;n;4.0;2024-04-22;RS;290;296,2;CACHOEIRA DO SUL;Reação tardia ou ineficiente do condutor;Com Vítimas Feridas;3;Céu Claro;Pleno dia;segunda-feira;Saída de leito carroçável;Simples;0;0;-30.31156978;-53.18001866;Segura;Sul;2 Trimestre
667198;2025.0;n;3.0;2025-03-14;SC;282;289,7;BRUNOPOLIS;Acessar a via sem observar a presença dos outros veículos;Com Vítimas Feridas;2;Céu Claro;Pleno dia;sexta-feira;Colisão frontal;Simples;0;0;-27,33548;-50,959917;Segura;Sul;1 Trimestre
655391;2025.0;n;1.0;2025-01-16;SC;101;199,5;BIGUACU;Problema com o freio;Com Vítimas Feridas;1;Chuva;Pleno dia;quinta-feira;Saída de leito carroçável;Dupla;0;1;-27,53413705;-48,63003205;Perigosa;Sul;1 Trimestre
686217;2025.0;n;4.0;2025-04-20;SP;116;389;MIRACATU;Estacionar ou parar em local proibido;Com Vítimas Feridas;4;Nublado;Pleno dia;domingo;Colisão traseira;Dupla;0;1;-24,2675689;-47,3932462;Perigosa;Sudeste;2 Trimestre
659591;2025.0;n;2.0;2025-02-06;SC;116;180,9;SAO CRISTOVAO DO SUL;Ausência de reação do condutor;Com Vítimas Feridas;3;Nublado;Pleno dia;quinta-feira;Tombamento;Simples;0;0;-27,2755343;-50,440979;Segura;Sul;1 Trimestre
590279;2024.0;n;3.0;2024-03-28;SC;101;384,6;ICARA;Condutor deixou de manter distância do veículo da frente;Com Vítimas Feridas;3;Céu Claro;Pleno dia;quinta-feira;Colisão traseira;Dupla;0;0;-28.76851141;-49.3025538;Segura;Sul;1 Trimestre
668294;2025.0;n;3.0;2025-03-19;RJ;40;71;PETROPOLIS;Chuva;Com Vítimas Feridas;1;Chuva;Pleno dia;quarta-feira;Saída de leito carroçável;Dupla;0;0;-22,5379795;-43,2231173;Segura;Sudeste;1 Trimestre
587543;2024.0;n;3.0;2024-03-15;SP;381;37,5;ATIBAIA;Condutor deixou de manter distância do veículo da frente;Com Vítimas Feridas;3;Céu Claro;Plena Noite;sexta-feira;Colisão traseira;Dupla;0;1;-23.09707232;-46.57180706;Perigosa;Sudeste;1 Trimestre
604466;2024.0;n;6.0;2024-06-01;MT;70;526;VARZEA GRANDE;Reação tardia ou ineficiente do condutor;Com Vítimas Feridas;2;Sol;Pleno dia;sábado;Saída de leito carroçável;Simples;0;0;-15.65512078;-56.20910536;Segura;Centro-Oeste;2 Trimestre
604260;2024.0;n;5.0;2024-05-31;PR;376;631;SAO JOSE DOS PINHAIS;Condutor deixou de manter distância do veículo da frente;Sem Vítimas;3;Céu Claro;Pleno dia;sexta-feira;Colisão traseira;Dupla;0;0;-25.70434399;-49.14198595;Segura;Sul;2 Trimestre
627152;2024.0;n;9.0;2024-09-10;ES;101;297,8;VIANA;Manobra de mudança de faixa;Sem Vítimas;2;Céu Claro;Pleno dia;terça-feira;Colisão lateral mesmo sentido;Dupla;0;0;-20.34529844;-40.41026774;Segura;Sudeste;3 Trimestre
623004;2024.0;n;8.0;2024-08-23;RO;364;248,7;CACOAL;Transitar na contramão;Com Vítimas Feridas;5;Céu Claro;Amanhecer;sexta-feira;Colisão lateral sentido oposto;Simples;0;1;-11.43857664;-61.54241798;Perigosa;Norte;3 Trimestre
652620;2025.0;y;1.0;2025-01-01;PB;230;115,3;INGA;Condutor deixou de manter distância do veículo da frente;Com Vítimas Feridas;2;Céu Claro;Pleno dia;quarta-feira;Colisão traseira;Dupla;0;1;-7,2296;-35,5998;Perigosa;Nordeste;1 Trimestre
624886;2024.0;n;8.0;2024-08-31;MG;381;690,2;LAVRAS;Condutor usando celular;Com Vítimas Feridas;1;Céu Claro;Pleno dia;sábado;Tombamento;Simples;0;0;-21.23347701;-45.13482496;Segura;Sudeste;3 Trimestre
665434;2025.0;n;3.0;2025-03-06;MG;40;477,3;SETE LAGOAS;Carga excessiva e/ou mal acondicionada;Com Vítimas Feridas;7;Céu Claro;Plena Noite;quinta-feira;Derramamento de carga;Dupla;0;0;-19,52213168;-44,2647869;Segura;Sudeste;1 Trimestre
617749;2024.0;n;7.0;2024-07-29;MA;135;5;SAO LUIS;Reação tardia ou ineficiente do condutor;Com Vítimas Feridas;4;Céu Claro;Pleno dia;segunda-feira;Colisão traseira;Dupla;0;0;-2.53073;-44.3068;Segura;Nordeste;3 Trimestre
669952;2025.0;n;3.0;2025-03-27;MG;365;793;GURINHATA;Objeto estático sobre o leito carroçável;Com Vítimas Feridas;7;Céu Claro;Plena Noite;quinta-feira;Colisão traseira;Simples;0;0;-18,928369;-49,846337;Segura;Sudeste;1 Trimestre
574966;2024.0;n;1.0;2024-01-15;MG;40;507;RIBEIRAO DAS NEVES;Transitar no Acostamento;Com Vítimas Feridas;2;Céu Claro;Plena Noite;segunda-feira;Colisão lateral mesmo sentido;Dupla;0;1;-19.75431705;-44.14152606;Perigosa;Sudeste;1 Trimestre
667035;2025.0;n;3.0;2025-03-13;PB;230;7,1;CABEDELO;Ausência de reação do condutor;Com Vítimas Feridas;2;Céu Claro;Plena Noite;quinta-feira;Colisão traseira;Múltipla;0;0;-7,02925027;-34,84002348;Segura;Nordeste;1 Trimestre
611872;2024.0;n;7.0;2024-07-04;MA;135;45;BACABEIRA;Animais na Pista;Com Vítimas Feridas;5;Céu Claro;Plena Noite;quinta-feira;Atropelamento de Animal;Dupla;0;0;-2.92373274;-44.34012671;Segura;Nordeste;3 Trimestre
623849;2024.0;n;8.0;2024-08-26;SC;101;331;TUBARAO;Acessar a via sem observar a presença dos outros veículos;Com Vítimas Feridas;3;Céu Claro;Plena Noite;segunda-feira;Colisão lateral mesmo sentido;Dupla;0;0;-28.45567521;-48.9812689;Segura;Sul;3 Trimestre
686185;2025.0;n;4.0;2025-04-20;MG;381;491,1;BETIM;Manobra de mudança de faixa;Com Vítimas Feridas;3;Céu Claro;Pleno dia;domingo;Colisão lateral mesmo sentido;Múltipla;0;0;-19,9591138;-44,1519383;Segura;Sudeste;2 Trimestre
685919;2025.0;n;4.0;2025-04-16;MG;365;96;JEQUITAI;Acumulo de água sobre o pavimento;Com Vítimas Feridas;3;Chuva;Pleno dia;quarta-feira;Colisão frontal;Simples;0;2;-17,21424769;-44,44836055;Perigosa;Sudeste;2 Trimestre
685892;2025.0;n;4.0;2025-04-19;MT;163;931;ITAUBA;Ingestão de álcool pelo condutor;Sem Vítimas;6;Céu Claro;Amanhecer;sábado;Colisão traseira;Simples;0;0;-11,07421703;-55,28071404;Segura;Centro-Oeste;2 Trimestre
611757;2024.0;n;7.0;2024-07-03;RS;290;147;ELDORADO DO SUL;Ausência de reação do condutor;Com Vítimas Feridas;3;Céu Claro;Pleno dia;quarta-feira;Colisão lateral sentido oposto;Simples;0;0;-30.10755;-51.675858;Segura;Sul;3 Trimestre
671256;2025.0;n;4.0;2025-04-03;SE;101;78,2;LARANJEIRAS;Demais falhas na via;Sem Vítimas;1;Céu Claro;Pleno dia;quinta-feira;Saída de leito carroçável;Dupla;0;0;-10,78240492;-37,14158893;Segura;Nordeste;2 Trimestre
611478;2024.0;n;7.0;2024-07-02;GO;452;6;RIO VERDE;Condutor deixou de manter distância do veículo da frente;Com Vítimas Feridas;4;Céu Claro;Pleno dia;terça-feira;Colisão traseira;Simples;0;1;-17.81478998;-50.85308299;Perigosa;Centro-Oeste;3 Trimestre
652856;2025.0;n;1.0;2025-01-02;SC;280;101;SAO BENTO DO SUL;Reação tardia ou ineficiente do condutor;Com Vítimas Feridas;1;Céu Claro;Plena Noite;quinta-feira;Tombamento;Simples;0;1;-26,3647522;-49,33526222;Perigosa;Sul;1 Trimestre
602723;2024.0;n;5.0;2024-05-24;ES;101;63;SAO MATEUS;Ausência de reação do condutor;Com Vítimas Feridas;2;Céu Claro;Plena Noite;sexta-feira;Colisão traseira;Simples;0;0;-18.69830807;-39.86481056;Segura;Sudeste;2 Trimestre
576428;2024.0;n;1.0;2024-01-22;SP;116;513,3;CAJATI;Reação tardia ou ineficiente do condutor;Com Vítimas Fatais;2;Nublado;Pleno dia;segunda-feira;Tombamento;Simples;1;0;-24.84870719;-48.21109772;Perigosa;Sudeste;1 Trimestre
619628;2024.0;n;8.0;2024-08-07;MG;40;551;NOVA LIMA;Reação tardia ou ineficiente do condutor;Com Vítimas Feridas;3;Céu Claro;Pleno dia;quarta-feira;Colisão lateral mesmo sentido;Dupla;0;0;-20.05411435;-43.97101875;Segura;Sudeste;3 Trimestre
607881;2024.0;n;6.0;2024-06-16;TO;153;646;ALIANCA DO TOCANTINS;Frear bruscamente;Com Vítimas Feridas;3;Céu Claro;Pleno dia;domingo;Saída de leito carroçável;Simples;0;0;-11.50048609;-49.00682672;Segura;Norte;2 Trimestre
621422;2024.0;n;8.0;2024-08-15;RJ;40;123;DUQUE DE CAXIAS;Reação tardia ou ineficiente do condutor;Com Vítimas Feridas;4;Céu Claro;Plena Noite;quinta-feira;Colisão traseira;Dupla;0;1;-22.79907687;-43.29015739;Perigosa;Sudeste;3 Trimestre
657463;2025.0;n;1.0;2025-01-26;BA;242;493;OLIVEIRA DOS BREJINHOS;Velocidade Incompatível;Com Vítimas Feridas;3;Céu Claro;Pleno dia;domingo;Tombamento;Simples;0;1;-12,39898;-42,39651;Perigosa;Nordeste;1 Trimestre
628430;2024.0;n;9.0;2024-09-16;RO;364;426,5;JARU;Estacionar ou parar em local proibido;Com Vítimas Feridas;5;Céu Claro;Plena Noite;segunda-feira;Colisão traseira;Simples;0;1;-10.42929416;-62.48410186;Perigosa;Norte;3 Trimestre
657366;2025.0;n;1.0;2025-01-25;SC;101;70;ARAQUARI;Reação tardia ou ineficiente do condutor;Com Vítimas Feridas;3;Garoa/Chuvisco;Anoitecer;sábado;Tombamento;Múltipla;0;0;-26,51082007;-48,72345612;Segura;Sul;1 Trimestre
585548;2024.0;n;3.0;2024-03-06;BA;116;849,5;VITORIA DA CONQUISTA;Ausência de reação do condutor;Com Vítimas Feridas;2;Nublado;Plena Noite;quarta-feira;Colisão traseira;Simples;0;1;-14.98358283;-40.92239221;Perigosa;Nordeste;1 Trimestre
581031;2024.0;n;2.0;2024-02-13;MT;364;523,5;ROSARIO OESTE;Manobra de mudança de faixa;Com Vítimas Feridas;4;Céu Claro;Plena Noite;terça-feira;Colisão lateral sentido oposto;Simples;0;0;-15.05826498;-56.51689234;Segura;Centro-Oeste;1 Trimestre
623672;2024.0;n;8.0;2024-08-26;ES;101;315,9;VILA VELHA;Velocidade Incompatível;Com Vítimas Feridas;1;Céu Claro;Amanhecer;segunda-feira;Tombamento;Dupla;0;1;-20.48575596;-40.47626411;Perigosa;Sudeste;3 Trimestre
669900;2025.0;n;3.0;2025-03-27;BA;101;374,5;GANDU;Problema com o freio;Com Vítimas Feridas;1;Céu Claro;Pleno dia;quinta-feira;Saída de leito carroçável;Simples;0;0;-13,818305;-39,49566;Segura;Nordeste;1 Trimestre
584369;2024.0;n;3.0;2024-03-02;RS;158;168,5;PANAMBI;Condutor Dormindo;Com Vítimas Fatais;3;Céu Claro;Plena Noite;sábado;Colisão frontal;Simples;2;0;-28.41638515;-53.54553272;Perigosa;Sul;1 Trimestre
627487;2024.0;n;7.0;2024-07-26;SC;282;16;PALHOCA;Manobra de mudança de faixa;Com Vítimas Feridas;3;Céu Claro;Pleno dia;sexta-feira;Colisão lateral mesmo sentido;Simples;0;0;-27.658611;-48.681847;Segura;Sul;3 Trimestre
583819;2024.0;n;2.0;2024-02-20;MS;262;369,9;TERENOS;Ausência de reação do condutor;Com Vítimas Feridas;3;Céu Claro;Pleno dia;terça-feira;Colisão frontal;Simples;0;0;-20.479548;-54.769619;Segura;Centro-Oeste;1 Trimestre
604749;2024.0;n;6.0;2024-06-02;MG;116;205,5;CATUJI;Animais na Pista;Com Vítimas Feridas;3;Chuva;Anoitecer;domingo;Atropelamento de Animal;Simples;0;1;-17.28377607;-41.51409092;Perigosa;Sudeste;2 Trimestre
608917;2024.0;n;5.0;2024-05-28;SC;101;202,3;SAO JOSE;Manobra de mudança de faixa;Com Vítimas Feridas;4;Céu Claro;Pleno dia;terça-feira;Colisão lateral mesmo sentido;Múltipla;0;0;-27.55711595;-48.61897889;Segura;Sul;2 Trimestre
588167;2024.0;n;3.0;2024-03-18;PR;116;142;MANDIRITUBA;Velocidade Incompatível;Sem Vítimas;2;Céu Claro;Pleno dia;segunda-feira;Tombamento;Simples;0;0;-25.746524;-49.31741923;Segura;Sul;1 Trimestre
593598;2024.0;n;4.0;2024-04-12;PI;316;298;PICOS;Reação tardia ou ineficiente do condutor;Com Vítimas Feridas;2;Céu Claro;Pleno dia;sexta-feira;Colisão com objeto;Simples;0;0;-7.02855707;-41.5570932;Segura;Nordeste;2 Trimestre
594938;2024.0;n;4.0;2024-04-19;MG;381;386,5;SAO GONCALO DO RIO ABAIXO;Velocidade Incompatível;Com Vítimas Feridas;4;Nublado;Pleno dia;sexta-feira;Colisão frontal;Simples;0;0;-19.822337;-43.387112;Segura;Sudeste;2 Trimestre
615887;2024.0;n;7.0;2024-07-21;ES;259;13,2;JOAO NEIVA;Ausência de reação do condutor;Com Vítimas Fatais;2;Céu Claro;Pleno dia;domingo;Colisão frontal;Simples;1;1;-19.64734368;-40.41206187;Perigosa;Sudeste;3 Trimestre
625905;2024.0;n;9.0;2024-09-05;PA;155;305;MARABA;Velocidade Incompatível;Com Vítimas Feridas;5;Sol;Pleno dia;quinta-feira;Colisão traseira;Simples;0;1;-5.69507797;-49.12021804;Perigosa;Norte;3 Trimestre
652873;2025.0;n;1.0;2025-01-03;BA;116;929,3;ENCRUZILHADA;Transitar na contramão;Com Vítimas Fatais;6;Céu Claro;Amanhecer;sexta-feira;Colisão frontal;Simples;5;0;-15,66638;-41,31508;Perigosa;Nordeste;1 Trimestre
661339;2025.0;n;1.0;2025-01-27;MA;222;671,8;ACAILANDIA;Conversão proibida;Com Vítimas Fatais;2;Sol;Pleno dia;segunda-feira;Tombamento;Simples;1;0;-4,94583;-47,473899;Perigosa;Nordeste;1 Trimestre
657964;2025.0;n;1.0;2025-01-28;SC;470;52,6;BLUMENAU;Ausência de reação do condutor;Com Vítimas Feridas;3;Céu Claro;Plena Noite;terça-feira;Colisão transversal;Simples;0;7;-26,862286;-49,093903;Perigosa;Sul;1 Trimestre
616262;2024.0;n;7.0;2024-07-22;PA;230;226;NOVO REPARTIMENTO;Velocidade Incompatível;Com Vítimas Fatais;2;Céu Claro;Pleno dia;segunda-feira;Saída de leito carroçável;Simples;1;0;-4.77194025;-49.59672982;Perigosa;Norte;3 Trimestre
664341;2025.0;n;2.0;2025-02-28;RS;285;456;IJUI;Acessar a via sem observar a presença dos outros veículos;Com Vítimas Feridas;3;Nublado;Plena Noite;sexta-feira;Colisão transversal;Simples;0;0;-28,38894637;-53,89240265;Segura;Sul;1 Trimestre
574913;2024.0;n;1.0;2024-01-15;PB;230;17,8;JOAO PESSOA;Reação tardia ou ineficiente do condutor;Com Vítimas Fatais;5;Céu Claro;Pleno dia;segunda-feira;Colisão lateral mesmo sentido;Dupla;1;0;-7.1121;-34.8426;Perigosa;Nordeste;1 Trimestre
612124;2024.0;n;7.0;2024-07-05;MT;364;263;SAO PEDRO DA CIPA;Condutor deixou de manter distância do veículo da frente;Com Vítimas Feridas;9;Céu Claro;Pleno dia;sexta-feira;Colisão lateral mesmo sentido;Dupla;0;0;-16.01673751;-54.90686447;Segura;Centro-Oeste;3 Trimestre
592711;2024.0;n;4.0;2024-04-08;RJ;101;407;ITAGUAI;Manobra de mudança de faixa;Com Vítimas Feridas;3;Céu Claro;Pleno dia;segunda-feira;Colisão traseira;Dupla;0;0;-22.87833705;-43.81994421;Segura;Sudeste;2 Trimestre
581128;2024.0;n;2.0;2024-02-14;SC;101;175;BIGUACU;Velocidade Incompatível;Com Vítimas Feridas;1;Garoa/Chuvisco;Pleno dia;quarta-feira;Saída de leito carroçável;Simples;0;0;-27.33963303;-48.62734885;Segura;Sul;1 Trimestre
615124;2024.0;n;7.0;2024-07-17;PR;116;90,9;PIRAQUARA;Reação tardia ou ineficiente do condutor;Com Vítimas Fatais;3;Céu Claro;Plena Noite;quarta-feira;Colisão traseira;Dupla;1;0;-25.49736;-49.117685;Perigosa;Sul;3 Trimestre
688016;2025.0;n;4.0;2025-04-29;ES;101;268,6;SERRA;Trafegar com motocicleta (ou similar) entre as faixas;Com Vítimas Feridas;2;Céu Claro;Pleno dia;terça-feira;Colisão lateral mesmo sentido;Dupla;0;1;-20,0507392;-40,3832832;Perigosa;Sudeste;2 Trimestre
574154;2024.0;n;1.0;2024-01-12;PA;316;35;SANTA IZABEL DO PARA;Acessar a via sem observar a presença dos outros veículos;Com Vítimas Feridas;4;Chuva;Pleno dia;sexta-feira;Colisão transversal;Dupla;0;0;-1.28956444;-48.15451813;Segura;Norte;1 Trimestre
621461;2024.0;n;8.0;2024-08-15;PR;116;126;FAZENDA RIO GRANDE;Reação tardia ou ineficiente do condutor;Com Vítimas Feridas;4;Céu Claro;Plena Noite;quinta-feira;Engavetamento;Dupla;0;0;-25.6407139;-49.31295991;Segura;Sul;3 Trimestre
601894;2024.0;n;5.0;2024-05-20;SC;116;251,3;LAGES;Mal súbito do condutor;Com Vítimas Fatais;4;Céu Claro;Pleno dia;segunda-feira;Colisão frontal;Simples;1;0;-27.84512201;-50.37880391;Perigosa;Sul;2 Trimestre
604980;2024.0;n;4.0;2024-04-24;MG;381;532,5;ITATIAIUCU;Demais falhas mecânicas ou elétricas;Com Vítimas Feridas;2;Céu Claro;Anoitecer;quarta-feira;Incêndio;Dupla;0;0;-20.1904316;-44.38268793;Segura;Sudeste;2 Trimestre
584919;2024.0;n;3.0;2024-03-04;MG;381;409,5;NOVA UNIAO;Velocidade Incompatível;Com Vítimas Fatais;2;Céu Claro;Pleno dia;segunda-feira;Colisão transversal;Dupla;1;1;-19.74087419;-43.55564117;Perigosa;Sudeste;1 Trimestre
606740;2024.0;n;6.0;2024-06-11;MG;262;423,1;IGARATINGA;Condutor Dormindo;Com Vítimas Feridas;2;Céu Claro;Pleno dia;terça-feira;Saída de leito carroçável;Dupla;0;0;-19.88411644;-44.73943306;Segura;Sudeste;2 Trimestre
623784;2024.0;n;8.0;2024-08-26;BA;324;565;SAO SEBASTIAO DO PASSE;Condutor deixou de manter distância do veículo da frente;Com Vítimas Feridas;4;Céu Claro;Pleno dia;segunda-feira;Colisão traseira;Dupla;0;0;-12.51921908;-38.61760506;Segura;Nordeste;3 Trimestre
663168;2025.0;n;2.0;2025-02-23;RS;392;93;PELOTAS;Acessar a via sem observar a presença dos outros veículos;Com Vítimas Feridas;4;Céu Claro;Pleno dia;domingo;Colisão transversal;Simples;0;0;-31,5794126;-52,5344653;Segura;Sul;1 Trimestre
659147;2025.0;n;2.0;2025-02-03;MG;381;734,1;CARMO DA CACHOEIRA;Ausência de reação do condutor;Com Vítimas Feridas;2;Céu Claro;Pleno dia;segunda-feira;Saída de leito carroçável;Dupla;0;0;-21,57173297;-45,24325979;Segura;Sudeste;1 Trimestre
597372;2024.0;n;4.0;2024-04-30;MG;381;532;ITATIAIUCU;Condutor Dormindo;Com Vítimas Feridas;2;Céu Claro;Pleno dia;terça-feira;Saída de leito carroçável;Dupla;0;0;-20.1674776;-44.37008858;Segura;Sudeste;2 Trimestre
654275;2025.0;n;1.0;2025-01-10;CE;222;40;SAO GONCALO DO AMARANTE;Condutor deixou de manter distância do veículo da frente;Com Vítimas Feridas;2;Céu Claro;Pleno dia;sexta-feira;Colisão traseira;Simples;0;0;-3,68690023;-38,90730706;Segura;Nordeste;1 Trimestre
606502;2024.0;n;6.0;2024-06-10;RS;470;225;GARIBALDI;Acessar a via sem observar a presença dos outros veículos;Com Vítimas Feridas;2;Céu Claro;Pleno dia;segunda-feira;Colisão transversal;Simples;0;0;-29.24660013;-51.51598155;Segura;Sul;2 Trimestre
627779;2024.0;n;9.0;2024-09-13;GO;50;273;CATALAO;Velocidade Incompatível;Com Vítimas Feridas;2;Céu Claro;Pleno dia;sexta-feira;Tombamento;Simples;0;0;-18.1302;-47.9047;Segura;Centro-Oeste;3 Trimestre
654284;2025.0;n;1.0;2025-01-10;MT;163;707;SORRISO;Ingestão de álcool pelo condutor;Sem Vítimas;5;Chuva;Pleno dia;sexta-feira;Colisão transversal;Simples;0;0;-13,02951905;-55,89811787;Segura;Centro-Oeste;1 Trimestre
661134;2025.0;n;1.0;2025-01-17;AM;319;472;TAPAUA;Reação tardia ou ineficiente do condutor;Com Vítimas Feridas;2;Garoa/Chuvisco;Pleno dia;sexta-feira;Saída de leito carroçável;Simples;0;0;-6,08030506;-62,55837191;Segura;Norte;1 Trimestre
584393;2024.0;n;3.0;2024-03-02;SP;116;513;CAJATI;Reação tardia ou ineficiente do condutor;Com Vítimas Feridas;1;Céu Claro;Amanhecer;sábado;Tombamento;Simples;0;0;-24.85109616;-48.21802405;Segura;Sudeste;1 Trimestre
579870;2024.0;n;2.0;2024-02-08;PI;316;69,2;MONSENHOR GIL;Entrada inopinada do pedestre;Com Vítimas Fatais;3;Sol;Pleno dia;quinta-feira;Atropelamento de Pedestre;Simples;1;0;-5.64919099;-42.59145462;Perigosa;Nordeste;1 Trimestre
687762;2025.0;n;4.0;2025-04-27;PE;232;396;SERRA TALHADA;Animais na Pista;Com Vítimas Feridas;3;Céu Claro;Plena Noite;domingo;Atropelamento de Animal;Simples;0;1;-7,9887397;-38,2559815;Perigosa;Nordeste;2 Trimestre
662487;2025.0;n;2.0;2025-02-20;PR;153;456;UNIAO DA VITORIA;Deficiência do Sistema de Iluminação/Sinalização;Com Vítimas Feridas;2;Céu Claro;Plena Noite;quinta-feira;Colisão lateral mesmo sentido;Simples;0;1;-26,20719853;-51,11251831;Perigosa;Sul;1 Trimestre
578177;2024.0;n;1.0;2024-01-31;MG;365;704;MONTE ALEGRE DE MINAS;Reação tardia ou ineficiente do condutor;Com Vítimas Feridas;5;Nublado;Pleno dia;quarta-feira;Colisão traseira;Dupla;0;0;-18.88169079;-49.03599797;Segura;Sudeste;1 Trimestre
657102;2025.0;n;1.0;2025-01-24;MT;163;691;LUCAS DO RIO VERDE;Ultrapassagem Indevida;Com Vítimas Fatais;3;Céu Claro;Pleno dia;sexta-feira;Colisão traseira;Simples;1;0;-13,15077404;-55,97136391;Perigosa;Centro-Oeste;1 Trimestre
589598;2024.0;n;3.0;2024-03-22;PR;476;273,9;SAO MATEUS DO SUL;Ausência de sinalização;Sem Vítimas;1;Céu Claro;Plena Noite;sexta-feira;Colisão com objeto;Simples;0;0;-25.8937721;-50.37742138;Segura;Sul;1 Trimestre