id;ano;feriado;mes;data_inversa;uf;br;km;municipio;causa_acidente;classificacao_acidente;veiculos;condicao_metereologica;fase_dia;dia_semana;tipo_acidente;tipo_pista;mortos;feridos_graves;latitude;longitude;status;regiao;periodo
664560;2025.0;n;3.0;2025-03-01;BA;101;718;EUNAPOLIS;Condutor deixou de manter distância do veículo da frente;Sem Vítimas;2;Nublado;Pleno dia;sábado;Colisão traseira;Múltipla;0;0;-16,37458448;-39,58111394;Segura;Nordeste;1 Trimestre
663923;2025.0;n;2.0;2025-02-26;RJ;116;222;SEROPEDICA;Reação tardia ou ineficiente do condutor;Com Vítimas Feridas;4;Céu Claro;Plena Noite;quarta-feira;Colisão traseira;Múltipla;0;0;-22,7147776;-43,7256192;Segura;Sudeste;1 Trimestre
591134;2024.0;n;4.0;2024-04-01;RS;472;423;SAO BORJA;Manobra de mudança de faixa;Com Vítimas Feridas;3;Céu Claro;Pleno dia;segunda-feira;Colisão lateral sentido oposto;Simples;0;0;-28.81296608;-56.05140871;Segura;Sul;2 Trimestre
622308;2024.0;n;8.0;2024-08-19;SC;101;430,2;SOMBRIO;Ingestão de álcool pelo condutor;Com Vítimas Feridas;4;Céu Claro;Pleno dia;segunda-feira;Colisão traseira;Dupla;0;0;-29.05466912;-49.62163925;Segura;Sul;3 Trimestre
594151;2024.0;n;4.0;2024-04-15;RS;471;560,4;SANTA VITORIA DO PALMAR;Avarias e/ou desgaste excessivo no pneu;Sem Vítimas;1;Garoa/Chuvisco;Pleno dia;segunda-feira;Incêndio;Simples;0;0;-32.910755;-52.736683;Segura;Sul;2 Trimestre
652790;2025.0;n;1.0;2025-01-02;RN;101;104;PARNAMIRIM;Condutor deixou de manter distância do veículo da frente;Com Vítimas Feridas;2;Sol;Anoitecer;quinta-feira;Colisão traseira;Dupla;0;1;-5,892745;-35,257225;Perigosa;Nordeste;1 Trimestre
585279;2024.0;n;3.0;2024-03-06;SP;262;321;CASTILHO;Reação tardia ou ineficiente do condutor;Com Vítimas Feridas;1;Céu Claro;Pleno dia;quarta-feira;Tombamento;Simples;0;0;-20.78935176;-51.61112808;Segura;Sudeste;1 Trimestre
581500;2024.0;n;2.0;2024-02-16;SE;101;24;MALHADA DOS BOIS;Reação tardia ou ineficiente do condutor;Sem Vítimas;2;Céu Claro;Pleno dia;sexta-feira;Saída de leito carroçável;Dupla;0;0;-10.39607118;-36.91721184;Segura;Nordeste;1 Trimestre
618311;2024.0;n;8.0;2024-08-01;MG;40;822;SIMAO PEREIRA;Ausência de reação do condutor;Com Vítimas Feridas;3;Céu Claro;Pleno dia;quinta-feira;Colisão traseira;Dupla;0;1;-21.95323782;-43.3008627;Perigosa;Sudeste;3 Trimestre
658531;2025.0;n;2.0;2025-02-01;RJ;101;49;CAMPOS DOS GOYTACAZES;Ultrapassagem Indevida;Com Vítimas Fatais;2;Céu Claro;Plena Noite;sábado;Colisão frontal;Simples;1;0;-21,62508006;-41,31411242;Perigosa;Sudeste;1 Trimestre
578661;2024.0;n;2.0;2024-02-02;PR;373;172,6;PONTA GROSSA;Ingestão de álcool pelo condutor;Com Vítimas Feridas;4;Céu Claro;Plena Noite;sexta-feira;Colisão lateral mesmo sentido;Dupla;0;0;-25.08139932;-50.19200981;Segura;Sul;1 Trimestre
574228;2024.0;n;1.0;2024-01-12;MG;381;421,2;CAETE;Demais falhas mecânicas ou elétricas;Sem Vítimas;1;Nublado;Pleno dia;sexta-feira;Incêndio;Dupla;0;0;-19.76304;-43.64115;Segura;Sudeste;1 Trimestre
620107;2024.0;n;8.0;2024-08-09;RJ;356;48;ITAPERUNA;Velocidade Incompatível;Sem Vítimas;3;Céu Claro;Pleno dia;sexta-feira;Capotamento;Simples;0;0;-21.24530018;-41.78413117;Segura;Sudeste;3 Trimestre
597978;2024.0;n;5.0;2024-05-03;MT;163;541,8;DIAMANTINO;Demais falhas mecânicas ou elétricas;Sem Vítimas;2;Céu Claro;Pleno dia;sexta-feira;Colisão com objeto;Simples;0;0;-14.37723896;-56.12799796;Segura;Centro-Oeste;2 Trimestre
584417;2024.0;n;3.0;2024-03-02;PR;369;243;BOM SUCESSO;Transitar na contramão;Com Vítimas Feridas;5;Céu Claro;Amanhecer;sábado;Colisão lateral sentido oposto;Simples;0;1;-23.69088853;-51.70022965;Perigosa;Sul;1 Trimestre
617212;2024.0;n;7.0;2024-07-27;GO;153;158,3;CAMPINORTE;Acessar a via sem observar a presença dos outros veículos;Com Vítimas Fatais;2;Céu Claro;Pleno dia;sábado;Colisão transversal;Simples;1;1;-14.151431;-49.119247;Perigosa;Centro-Oeste;3 Trimestre
686361;2025.0;y;4.0;2025-04-21;PB;104;133,4;QUEIMADAS;Ingestão de álcool pelo condutor;Com Vítimas Feridas;3;Céu Claro;Pleno dia;segunda-feira;Colisão frontal;Simples;0;2;-7,305995;-35,893075;Perigosa;Nordeste;2 Trimestre
625673;2024.0;n;9.0;2024-09-04;PR;116;110;CURITIBA;Manobra de mudança de faixa;Com Vítimas Feridas;5;Céu Claro;Pleno dia;quarta-feira;Colisão lateral mesmo sentido;Dupla;0;0;-25.56885181;-49.22724597;Segura;Sul;3 Trimestre
624419;2024.0;n;8.0;2024-08-29;PE;101;68;RECIFE;Reação tardia ou ineficiente do condutor;Com Vítimas Feridas;6;Céu Claro;Plena Noite;quinta-feira;Engavetamento;Dupla;0;1;-8.05074296;-34.94580619;Perigosa;Nordeste;3 Trimestre
594595;2024.0;n;4.0;2024-04-17;RS;386;145,4;SARANDI;Ausência de reação do condutor;Com Vítimas Fatais;2;Céu Claro;Plena Noite;quarta-feira;Saída de leito carroçável;Simples;1;0;-28.039812;-52.873158;Perigosa;Sul;2 Trimestre
623552;2024.0;n;8.0;2024-08-25;MG;40;526;CONTAGEM;Manobra de mudança de faixa;Com Vítimas Feridas;3;Céu Claro;Pleno dia;domingo;Colisão lateral mesmo sentido;Dupla;0;0;-19.89255399;-44.04985478;Segura;Sudeste;3 Trimestre
591904;2024.0;n;4.0;2024-04-02;RJ;493;59;NOVA IGUACU;Ausência de reação do condutor;Sem Vítimas;1;Céu Claro;Pleno dia;terça-feira;Saída de leito carroçável;Dupla;0;0;-22.68340032;-43.47564697;Segura;Sudeste;2 Trimestre
655055;2025.0;n;1.0;2025-01-14;SC;163;86,2;GUARACIABA;Condutor deixou de manter distância do veículo da frente;Com Vítimas Feridas;2;Chuva;Pleno dia;terça-feira;Colisão traseira;Simples;0;0;-26,59874014;-53,51491982;Segura;Sul;1 Trimestre
578089;2024.0;n;1.0;2024-01-30;PR;369;192,8;ARAPONGAS;Conversão proibida;Com Vítimas Fatais;3;Céu Claro;Plena Noite;terça-feira;Colisão transversal;Dupla;1;1;-23.47664;-51.42371;Perigosa;Sul;1 Trimestre
593220;2024.0;n;4.0;2024-04-11;PR;369;366,8;MAMBORE;Transitar na contramão;Com Vítimas Fatais;3;Céu Claro;Plena Noite;quinta-feira;Colisão frontal;Simples;1;0;-24.240592;-52.521767;Perigosa;Sul;2 Trimestre
615702;2024.0;n;7.0;2024-07-20;RO;364;141,5;PIMENTA BUENO;Transitar na contramão;Com Vítimas Feridas;3;Céu Claro;Amanhecer;sábado;Tombamento;Simples;0;0;-12.014562;-60.864445;Segura;Norte;3 Trimestre
654768;2025.0;n;1.0;2025-01-13;PB;230;70,5;SOBRADO;Ausência de reação do condutor;Com Vítimas Feridas;2;Nublado;Amanhecer;segunda-feira;Colisão lateral mesmo sentido;Dupla;0;0;-7,191693;-35,230508;Segura;Nordeste;1 Trimestre
612436;2024.0;n;7.0;2024-07-06;SP;116;283;ITAPECERICA DA SERRA;Reação tardia ou ineficiente do condutor;Com Vítimas Feridas;4;Nublado;Pleno dia;sábado;Colisão lateral mesmo sentido;Dupla;0;1;-23.69297005;-46.86352786;Perigosa;Sudeste;3 Trimestre
665633;2025.0;n;3.0;2025-03-07;MT;163;520;DIAMANTINO;Ausência de reação do condutor;Com Vítimas Feridas;3;Céu Claro;Plena Noite;sexta-feira;Tombamento;Dupla;0;0;-14,39344827;-56,1157608;Segura;Centro-Oeste;1 Trimestre
624255;2024.0;n;8.0;2024-08-28;SC;280;15;SAO FRANCISCO DO SUL;Acessar a via sem observar a presença dos outros veículos;Com Vítimas Feridas;4;Céu Claro;Plena Noite;quarta-feira;Colisão transversal;Simples;0;1;-26.33868901;-48.65489598;Perigosa;Sul;3 Trimestre
612139;2024.0;n;6.0;2024-06-07;SC;480;125,1;CHAPECO;Reação tardia ou ineficiente do condutor;Com Vítimas Feridas;2;Céu Claro;Pleno dia;sexta-feira;Colisão transversal;Simples;0;1;-27.01533884;-52.63820171;Perigosa;Sul;2 Trimestre
609826;2024.0;n;6.0;2024-06-24;PI;343;589;FLORIANO;Ausência de reação do condutor;Com Vítimas Feridas;2;Céu Claro;Plena Noite;segunda-feira;Colisão traseira;Simples;0;0;-6.776695;-43.009346;Segura;Nordeste;2 Trimestre
590735;2024.0;n;3.0;2024-03-30;ES;262;39;DOMINGOS MARTINS;Curva acentuada;Com Vítimas Feridas;3;Chuva;Pleno dia;sábado;Colisão lateral sentido oposto;Simples;0;0;-20.3802679;-40.63000864;Segura;Sudeste;1 Trimestre
612922;2024.0;n;7.0;2024-07-08;SC;282;17;PALHOCA;Condutor Dormindo;Com Vítimas Feridas;3;Nublado;Plena Noite;segunda-feira;Colisão traseira;Simples;0;0;-27.665707;-48.688065;Segura;Sul;3 Trimestre
609459;2024.0;n;6.0;2024-06-07;RJ;116;178;BELFORD ROXO;Condutor deixou de manter distância do veículo da frente;Sem Vítimas;5;Céu Claro;Pleno dia;sexta-feira;Colisão traseira;Múltipla;0;0;-22.77496393;-43.40081465;Segura;Sudeste;2 Trimestre
599978;2024.0;n;5.0;2024-05-12;GO;153;280;NOVA GLORIA;Ausência de reação do condutor;Com Vítimas Feridas;2;Céu Claro;Pleno dia;domingo;Saída de leito carroçável;Simples;0;0;-15.134809;-49.518436;Segura;Centro-Oeste;2 Trimestre
656658;2025.0;n;1.0;2025-01-22;SP;116;125,2;CACAPAVA;Problema com o freio;Com Vítimas Feridas;4;Sol;Pleno dia;quarta-feira;Colisão com objeto;Dupla;0;0;-23,09872598;-45,68608201;Segura;Sudeste;1 Trimestre
584390;2024.0;n;3.0;2024-03-02;SC;282;4,2;FLORIANOPOLIS;Condutor Dormindo;Com Vítimas Feridas;2;Céu Claro;Plena Noite;sábado;Colisão traseira;Múltipla;0;0;-27.592646;-48.604034;Segura;Sul;1 Trimestre
653340;2025.0;n;1.0;2025-01-05;PE;101;180;PALMARES;Acesso irregular;Com Vítimas Feridas;2;Céu Claro;Pleno dia;domingo;Colisão transversal;Dupla;0;1;-8,635238;-35,560932;Perigosa;Nordeste;1 Trimestre
652743;2025.0;n;1.0;2025-01-02;GO;60;325;ACREUNA;Ausência de reação do condutor;Com Vítimas Feridas;1;Nublado;Pleno dia;quinta-feira;Saída de leito carroçável;Dupla;0;1;-17,5204;-50,4872;Perigosa;Centro-Oeste;1 Trimestre
583753;2024.0;n;2.0;2024-02-27;SP;116;160,1;JACAREI;Ausência de reação do condutor;Com Vítimas Fatais;2;Nublado;Plena Noite;terça-feira;Colisão traseira;Dupla;1;0;-23.27101606;-45.96787896;Perigosa;Sudeste;1 Trimestre
611620;2024.0;n;7.0;2024-07-02;SP;116;39,6;CACHOEIRA PAULISTA;Condutor deixou de manter distância do veículo da frente;Com Vítimas Feridas;2;Céu Claro;Plena Noite;terça-feira;Colisão traseira;Dupla;0;0;-22.67527958;-44.99918431;Segura;Sudeste;3 Trimestre
628789;2024.0;n;9.0;2024-09-17;SP;381;58;MAIRIPORA;Ausência de reação do condutor;Sem Vítimas;4;Céu Claro;Plena Noite;terça-feira;Colisão traseira;Dupla;0;0;-23.27438497;-46.58530615;Segura;Sudeste;3 Trimestre
625769;2024.0;n;9.0;2024-09-04;PI;135;608;CORRENTE;Manobra de mudança de faixa;Com Vítimas Feridas;3;Céu Claro;Pleno dia;quarta-feira;Colisão lateral mesmo sentido;Simples;0;0;-10.58183666;-45.20665884;Segura;Nordeste;3 Trimestre
600561;2024.0;n;5.0;2024-05-14;SP;116;290;ITAPECERICA DA SERRA;Manobra de mudança de faixa;Sem Vítimas;3;Céu Claro;Plena Noite;terça-feira;Colisão lateral mesmo sentido;Dupla;0;0;-23.7303281;-46.89425963;Segura;Sudeste;2 Trimestre
591507;2024.0;n;4.0;2024-04-03;SC;282;591,9;SAUDADES;Ultrapassagem Indevida;Com Vítimas Feridas;1;Céu Claro;Plena Noite;quarta-feira;Saída de leito carroçável;Simples;0;0;-26.826925;-53.082031;Segura;Sul;2 Trimestre
619507;2024.0;n;8.0;2024-08-06;PE;232;227,3;PESQUEIRA;Ultrapassagem Indevida;Com Vítimas Feridas;3;Céu Claro;Pleno dia;terça-feira;Colisão lateral sentido oposto;Simples;0;0;-8.4000358;-36.84740424;Segura;Nordeste;3 Trimestre
621930;2024.0;n;8.0;2024-08-17;MA;10;249,6;IMPERATRIZ;Manobra de mudança de faixa;Com Vítimas Feridas;2;Sol;Pleno dia;sábado;Colisão lateral mesmo sentido;Múltipla;0;0;-5.558508;-47.45417;Segura;Nordeste;3 Trimestre
591433;2024.0;n;4.0;2024-04-02;MG;40;750,1;SANTOS DUMONT;Reação tardia ou ineficiente do condutor;Com Vítimas Feridas;2;Céu Claro;Pleno dia;terça-feira;Saída de leito carroçável;Simples;0;0;-21.45724301;-43.55822199;Segura;Sudeste;2 Trimestre
578572;2024.0;n;2.0;2024-02-02;GO;60;26;ALEXANIA;Velocidade Incompatível;Com Vítimas Feridas;2;Nublado;Pleno dia;sexta-feira;Saída de leito carroçável;Dupla;0;0;-16.0963;-48.5202;Segura;Centro-Oeste;1 Trimestre
609250;2024.0;n;6.0;2024-06-22;TO;153;118;WANDERLANDIA;Ausência de reação do condutor;Com Vítimas Fatais;8;Sol;Pleno dia;sábado;Colisão lateral sentido oposto;Simples;1;2;-7.01707444;-48.10074025;Perigosa;Norte;2 Trimestre
625993;2024.0;n;9.0;2024-09-05;RS;392;10,1;RIO GRANDE;Condutor deixou de manter distância do veículo da frente;Com Vítimas Feridas;8;Céu Claro;Pleno dia;quinta-feira;Colisão transversal;Dupla;0;0;-32.11610015;-52.12097891;Segura;Sul;3 Trimestre
671748;2025.0;n;4.0;2025-04-05;MS;262;476,8;ANASTACIO;Condutor Dormindo;Com Vítimas Feridas;6;Céu Claro;Pleno dia;sábado;Colisão frontal;Simples;0;0;-20,5074809;-55,68836689;Segura;Centro-Oeste;2 Trimestre
625657;2024.0;n;9.0;2024-09-04;RJ;116;147;DUQUE DE CAXIAS;Reação tardia ou ineficiente do condutor;Com Vítimas Feridas;2;Nublado;Pleno dia;quarta-feira;Colisão lateral mesmo sentido;Dupla;0;0;-22.66978425;-43.27286493;Segura;Sudeste;3 Trimestre
577935;2024.0;n;1.0;2024-01-29;PE;428;187;PETROLINA;Ausência de reação do condutor;Com Vítimas Feridas;3;Céu Claro;Pleno dia;segunda-feira;Colisão traseira;Múltipla;0;0;-9.35604301;-40.47854198;Segura;Nordeste;1 Trimestre
590133;2024.0;n;3.0;2024-03-27;MA;135;31;BACABEIRA;Transitar no Acostamento;Com Vítimas Feridas;2;Céu Claro;Pleno dia;quarta-feira;Tombamento;Dupla;0;0;-2.81307801;-44.37432281;Segura;Nordeste;1 Trimestre
588400;2024.0;n;3.0;2024-03-19;SC;280;125,7;RIO NEGRINHO;Ultrapassagem Indevida;Sem Vítimas;2;Céu Claro;Anoitecer;terça-feira;Colisão frontal;Simples;0;0;-26.23763684;-49.48434497;Segura;Sul;1 Trimestre
673754;2025.0;n;4.0;2025-04-14;SC;280;261,3;CANOINHAS;Ultrapassagem Indevida;Com Vítimas Fatais;2;Céu Claro;Anoitecer;segunda-feira;Colisão frontal;Simples;1;1;-26,2618124;-50,6417544;Perigosa;Sul;2 Trimestre
624690;2024.0;n;8.0;2024-08-30;RS;470;217,1;BENTO GONCALVES;Ingestão de álcool pelo condutor;Sem Vítimas;2;Céu Claro;Plena Noite;sexta-feira;Colisão lateral mesmo sentido;Simples;0;0;-29.16462512;-51.52551964;Segura;Sul;3 Trimestre
663263;2025.0;n;2.0;2025-02-23;TO;153;264,5;BRASILANDIA DO TOCANTINS;Iluminação deficiente;Com Vítimas Feridas;2;Chuva;Plena Noite;domingo;Atropelamento de Pedestre;Simples;0;1;-8,216412;-48,464197;Perigosa;Norte;1 Trimestre
615423;2024.0;n;7.0;2024-07-19;PR;153;3;IMBITUVA;Ultrapassagem Indevida;Com Vítimas Feridas;3;Nevoeiro/Neblina;Amanhecer;sexta-feira;Colisão frontal;Simples;0;0;-25.20894789;-50.598196;Segura;Sul;3 Trimestre
585274;2024.0;n;3.0;2024-03-06;PR;376;614;SAO JOSE DOS PINHAIS;Ausência de reação do condutor;Com Vítimas Feridas;2;Céu Claro;Plena Noite;quarta-feira;Colisão traseira;Dupla;0;1;-25.56660098;-49.18270111;Perigosa;Sul;1 Trimestre
670352;2025.0;n;3.0;2025-03-29;DF;20;3;BRASILIA;Ausência de reação do condutor;Com Vítimas Feridas;2;Céu Claro;Pleno dia;sábado;Colisão traseira;Dupla;0;1;-15,6810663;-47,8328149;Perigosa;Centro-Oeste;1 Trimestre
671096;2025.0;n;4.0;2025-04-02;CE;116;12;FORTALEZA;Manobra de mudança de faixa;Com Vítimas Feridas;2;Céu Claro;Pleno dia;quarta-feira;Colisão lateral mesmo sentido;Dupla;0;0;-3,8644497;-38,4981938;Segura;Nordeste;2 Trimestre
664017;2025.0;n;2.0;2025-02-27;RN;226;4,7;NATAL;Conversão proibida;Com Vítimas Feridas;2;Nublado;Pleno dia;quinta-feira;Queda de ocupante de veículo;Simples;0;0;-5,819978;-35,266763;Segura;Nordeste;1 Trimestre
662337;2025.0;n;2.0;2025-02-19;MG;50;31;ARAGUARI;Reação tardia ou ineficiente do condutor;Com Vítimas Feridas;1;Céu Claro;Pleno dia;quarta-feira;Saída de leito carroçável;Dupla;0;0;-18,62419107;-48,11705236;Segura;Sudeste;1 Trimestre
614581;2024.0;n;7.0;2024-07-14;MG;40;464;SETE LAGOAS;Velocidade Incompatível;Com Vítimas Feridas;4;Céu Claro;Pleno dia;domingo;Colisão traseira;Dupla;0;0;-19.43110896;-44.33657482;Segura;Sudeste;3 Trimestre
627560;2024.0;n;9.0;2024-09-12;BA;116;410;FEIRA DE SANTANA;Condutor Dormindo;Com Vítimas Feridas;2;Céu Claro;Pleno dia;quinta-feira;Colisão traseira;Dupla;0;1;-12.123967;-38.968175;Perigosa;Nordeste;3 Trimestre
613083;2024.0;n;7.0;2024-07-08;RS;392;352,6;SANTA MARIA;Acessar a via sem observar a presença dos outros veículos;Sem Vítimas;3;Nublado;Plena Noite;segunda-feira;Colisão transversal;Simples;0;0;-29.71651357;-53.80972624;Segura;Sul;3 Trimestre
617813;2024.0;n;7.0;2024-07-30;MG;116;280;TEOFILO OTONI;Ausência de reação do condutor;Com Vítimas Feridas;1;Céu Claro;Plena Noite;terça-feira;Saída de leito carroçável;Simples;0;0;-17.88475805;-41.52257715;Segura;Sudeste;3 Trimestre
652649;2025.0;y;1.0;2025-01-01;BA;367;23;PORTO SEGURO;Acesso irregular;Com Vítimas Feridas;2;Céu Claro;Plena Noite;quarta-feira;Colisão frontal;Simples;0;0;-16,43517732;-39,07201198;Segura;Nordeste;1 Trimestre
671724;2025.0;n;4.0;2025-04-05;GO;40;2,9;VALPARAISO DE GOIAS;Reação tardia ou ineficiente do condutor;Com Vítimas Feridas;4;Céu Claro;Pleno dia;sábado;Colisão traseira;Dupla;0;0;-16,0736817;-47,9847142;Segura;Centro-Oeste;2 Trimestre
572479;2024.0;n;1.0;2024-01-03;BA;116;277;TUCANO;Acessar a via sem observar a presença dos outros veículos;Com Vítimas Feridas;2;Céu Claro;Pleno dia;quarta-feira;Colisão transversal;Simples;0;1;-10.98605827;-38.80013655;Perigosa;Nordeste;1 Trimestre
584209;2024.0;n;3.0;2024-03-01;MG;262;423;IGARATINGA;Acessar a via sem observar a presença dos outros veículos;Com Vítimas Feridas;2;Céu Claro;Pleno dia;sexta-feira;Colisão lateral mesmo sentido;Múltipla;0;0;-19.88411644;-44.73943306;Segura;Sudeste;1 Trimestre
612631;2024.0;n;7.0;2024-07-06;SC;101;355,3;SANGAO;Demais falhas mecânicas ou elétricas;Com Vítimas Fatais;4;Chuva;Plena Noite;sábado;Colisão traseira;Dupla;1;0;-28.63088226;-49.08943534;Perigosa;Sul;3 Trimestre
595885;2024.0;n;4.0;2024-04-23;GO;20;39;FORMOSA;Afundamento ou ondulação no pavimento;Com Vítimas Feridas;7;Céu Claro;Pleno dia;terça-feira;Colisão lateral sentido oposto;Simples;0;0;-15.419437;-47.098999;Segura;Centro-Oeste;2 Trimestre
594238;2024.0;n;4.0;2024-04-08;MS;158;77,1;PARANAIBA;Suicídio (presumido);Com Vítimas Feridas;5;Nublado;Plena Noite;segunda-feira;Colisão lateral sentido oposto;Simples;0;0;-19.54270682;-51.25984774;Segura;Centro-Oeste;2 Trimestre
611612;2024.0;n;7.0;2024-07-02;MT;364;277;JACIARA;Ultrapassagem Indevida;Com Vítimas Feridas;8;Céu Claro;Plena Noite;terça-feira;Colisão lateral mesmo sentido;Dupla;0;0;-15.95076591;-54.99952397;Segura;Centro-Oeste;3 Trimestre
652478;2025.0;y;1.0;2025-01-01;SC;101;143;ITAPEMA;Demais falhas mecânicas ou elétricas;Sem Vítimas;1;Céu Claro;Plena Noite;quarta-feira;Incêndio;Dupla;0;0;-27,06436;-48,59599405;Segura;Sul;1 Trimestre
584067;2024.0;n;2.0;2024-02-29;PR;116;127,1;FAZENDA RIO GRANDE;Reação tardia ou ineficiente do condutor;Sem Vítimas;2;Sol;Pleno dia;quinta-feira;Colisão lateral mesmo sentido;Dupla;0;0;-25.645921;-49.312773;Segura;Sul;1 Trimestre
653328;2025.0;n;1.0;2025-01-05;SC;101;12,2;GARUVA;Ausência de reação do condutor;Com Vítimas Feridas;2;Nublado;Pleno dia;domingo;Colisão lateral mesmo sentido;Dupla;0;0;-26,08104399;-48,86175612;Segura;Sul;1 Trimestre
669555;2025.0;n;3.0;2025-03-25;MS;163;548;BANDEIRANTES;Transitar na contramão;Com Vítimas Feridas;3;Céu Claro;Plena Noite;terça-feira;Colisão lateral sentido oposto;Simples;0;1;-19,9257419;-54,36641151;Perigosa;Centro-Oeste;1 Trimestre
627664;2024.0;n;9.0;2024-09-13;GO;60;119;TEREZOPOLIS DE GOIAS;Reação tardia ou ineficiente do condutor;Sem Vítimas;3;Céu Claro;Plena Noite;sexta-feira;Colisão traseira;Dupla;0;0;-16.4914;-49.0999;Segura;Centro-Oeste;3 Trimestre
602618;2024.0;n;5.0;2024-05-24;SC;480;126,8;CHAPECO;Condutor deixou de manter distância do veículo da frente;Com Vítimas Feridas;4;Garoa/Chuvisco;Pleno dia;sexta-feira;Colisão traseira;Múltipla;0;0;-27.020083;-52.636024;Segura;Sul;2 Trimestre
575624;2024.0;n;1.0;2024-01-19;MG;381;607;OLIVEIRA;Condutor Dormindo;Com Vítimas Feridas;2;Nublado;Plena Noite;sexta-feira;Tombamento;Dupla;0;0;-20.66757503;-44.7378369;Segura;Sudeste;1 Trimestre
652639;2025.0;y;1.0;2025-01-01;RJ;101;512;ANGRA DOS REIS;Condutor deixou de manter distância do veículo da frente;Sem Vítimas;3;Nublado;Pleno dia;quarta-feira;Colisão traseira;Simples;0;0;-22,96909;-44,44151;Segura;Sudeste;1 Trimestre
625562;2024.0;n;9.0;2024-09-03;TO;10;463,5;PALMAS;Ausência de reação do condutor;Com Vítimas Fatais;2;Céu Claro;Anoitecer;terça-feira;Colisão frontal;Simples;1;0;-10.23735893;-48.31217408;Perigosa;Norte;3 Trimestre
581210;2024.0;n;2.0;2024-02-14;PR;373;382;CANDOI;Carga excessiva e/ou mal acondicionada;Com Vítimas Feridas;2;Chuva;Anoitecer;quarta-feira;Tombamento;Simples;0;0;-25.45986871;-51.95529605;Segura;Sul;1 Trimestre
607529;2024.0;n;6.0;2024-06-14;ES;101;408;ITAPEMIRIM;Velocidade Incompatível;Com Vítimas Feridas;2;Céu Claro;Plena Noite;sexta-feira;Tombamento;Simples;0;1;-20.88992827;-41.03814125;Perigosa;Sudeste;2 Trimestre
653361;2025.0;n;1.0;2025-01-05;ES;101;46,8;CONCEICAO DA BARRA;Chuva;Sem Vítimas;1;Chuva;Anoitecer;domingo;Queda de ocupante de veículo;Simples;0;0;-18,55144093;-39,90284075;Segura;Sudeste;1 Trimestre
629459;2024.0;n;9.0;2024-09-20;SP;116;555;BARRA DO TURVO;Reação tardia ou ineficiente do condutor;Com Vítimas Feridas;2;Chuva;Anoitecer;sexta-feira;Tombamento;Dupla;0;1;-24.97447301;-48.504597;Perigosa;Sudeste;3 Trimestre
664013;2025.0;n;2.0;2025-02-27;MG;262;644,6;IBIA;Condutor deixou de manter distância do veículo da frente;Sem Vítimas;2;Céu Claro;Pleno dia;quinta-feira;Colisão traseira;Simples;0;0;-19,581685;-46,608122;Segura;Sudeste;1 Trimestre
587313;2024.0;n;3.0;2024-03-14;MA;135;61;SANTA RITA;Acumulo de areia ou detritos sobre o pavimento;Sem Vítimas;1;Chuva;Pleno dia;quinta-feira;Colisão com objeto;Dupla;0;0;-3.06101506;-44.3210517;Segura;Nordeste;1 Trimestre
576773;2024.0;n;1.0;2024-01-24;SP;116;218;GUARULHOS;Ausência de reação do condutor;Com Vítimas Feridas;5;Sol;Pleno dia;quarta-feira;Engavetamento;Múltipla;0;0;-23.457972;-46.479927;Segura;Sudeste;1 Trimestre
659444;2025.0;n;2.0;2025-02-05;SP;116;488,8;CAJATI;Ausência de reação do condutor;Com Vítimas Fatais;5;Céu Claro;Pleno dia;quarta-feira;Colisão traseira;Dupla;1;1;-24,73464809;-48,11602794;Perigosa;Sudeste;1 Trimestre
616395;2024.0;n;7.0;2024-07-23;MG;40;514;RIBEIRAO DAS NEVES;Velocidade Incompatível;Com Vítimas Feridas;5;Céu Claro;Pleno dia;terça-feira;Colisão traseira;Dupla;0;1;-19.80151928;-44.10000333;Perigosa;Sudeste;3 Trimestre
620351;2024.0;n;8.0;2024-08-10;GO;20;209;POSSE;Acostamento em desnível;Sem Vítimas;5;Céu Claro;Pleno dia;sábado;Saída de leito carroçável;Simples;0;0;-14.270036;-46.386022;Segura;Centro-Oeste;3 Trimestre
666941;2025.0;n;3.0;2025-03-13;TO;153;625,6;ALIANCA DO TOCANTINS;Demais falhas mecânicas ou elétricas;Sem Vítimas;2;Céu Claro;Pleno dia;quinta-feira;Incêndio;Simples;0;0;-11,31435663;-48,94280434;Segura;Norte;1 Trimestre
665283;2025.0;n;3.0;2025-03-05;MG;381;668,3;PERDOES;Velocidade Incompatível;Com Vítimas Feridas;4;Céu Claro;Plena Noite;quarta-feira;Saída de leito carroçável;Dupla;0;0;-21,05506615;-45,02928972;Segura;Sudeste;1 Trimestre
623531;2024.0;n;8.0;2024-08-25;MG;381;907,5;CAMBUI;Velocidade Incompatível;Com Vítimas Feridas;5;Chuva;Pleno dia;domingo;Colisão lateral mesmo sentido;Dupla;0;0;-22.67462115;-46.09762001;Segura;Sudeste;3 Trimestre
594537;2024.0;n;4.0;2024-04-17;MT;364;495;JANGADA;Acesso irregular;Com Vítimas Feridas;2;Garoa/Chuvisco;Pleno dia;quarta-feira;Colisão transversal;Simples;0;0;-15.28421196;-56.43782994;Segura;Centro-Oeste;2 Trimestre
590087;2024.0;n;3.0;2024-03-27;BA;101;442;ITACARE;Curva acentuada;Com Vítimas Feridas;2;Chuva;Pleno dia;quarta-feira;Colisão lateral sentido oposto;Simples;0;0;-14.43233902;-39.32742089;Segura;Nordeste;1 Trimestre