id;ano;feriado;mes;data_inversa;uf;br;km;municipio;causa_acidente;classificacao_acidente;veiculos;condicao_metereologica;fase_dia;dia_semana;tipo_acidente;tipo_pista;mortos;feridos_graves;latitude;longitude;status;regiao;periodo
662830;2025.0;n;2.0;2025-02-22;SP;153;72,3;SAO JOSE DO RIO PRETO;Ausência de reação do condutor;Com Vítimas Fatais;4;Céu Claro;Plena Noite;sábado;Colisão traseira;Dupla;1;0;-20,871635;-49,41661;Perigosa;Sudeste;1 Trimestre
627013;2024.0;n;8.0;2024-08-22;ES;101;140,9;LINHARES;Condutor deixou de manter distância do veículo da frente;Com Vítimas Feridas;4;Nublado;Pleno dia;quinta-feira;Colisão lateral mesmo sentido;Múltipla;0;0;-19.31817306;-40.07552313;Segura;Sudeste;3 Trimestre
613946;2024.0;n;7.0;2024-07-12;MT;70;311;DOM AQUINO;Reação tardia ou ineficiente do condutor;Com Vítimas Feridas;2;Sol;Pleno dia;sexta-feira;Tombamento;Simples;0;0;-15.553928;-54.604352;Segura;Centro-Oeste;3 Trimestre
687299;2025.0;n;4.0;2025-04-25;PR;277;592,9;CASCAVEL;Condutor deixou de manter distância do veículo da frente;Com Vítimas Feridas;5;Garoa/Chuvisco;Pleno dia;sexta-feira;Colisão traseira;Simples;0;1;-24,98088359;-53,48248277;Perigosa;Sul;2 Trimestre
607749;2024.0;n;6.0;2024-06-15;PR;153;203;TIBAGI;Velocidade Incompatível;Com Vítimas Feridas;2;Céu Claro;Pleno dia;sábado;Tombamento;Simples;0;0;-24.50050476;-50.44458389;Segura;Sul;2 Trimestre
670532;2025.0;n;3.0;2025-03-30;MG;40;435,5;PARAOPEBA;Demais falhas mecânicas ou elétricas;Sem Vítimas;2;Céu Claro;Pleno dia;domingo;Incêndio;Dupla;0;0;-19,28392456;-44,41720963;Segura;Sudeste;1 Trimestre
600455;2024.0;n;5.0;2024-05-14;MG;381;360;JOAO MONLEVADE;Manobra de mudança de faixa;Com Vítimas Feridas;3;Céu Claro;Pleno dia;terça-feira;Colisão lateral mesmo sentido;Simples;0;0;-19.84345;-43.2023406;Segura;Sudeste;2 Trimestre
594375;2024.0;n;4.0;2024-04-16;RO;364;423;JARU;Ultrapassagem Indevida;Com Vítimas Feridas;3;Céu Claro;Pleno dia;terça-feira;Colisão lateral mesmo sentido;Dupla;0;0;-10.45220802;-62.46072003;Segura;Norte;2 Trimestre
616452;2024.0;n;7.0;2024-07-23;MT;364;600;DIAMANTINO;Demais falhas mecânicas ou elétricas;Sem Vítimas;3;Céu Claro;Plena Noite;terça-feira;Incêndio;Simples;0;0;-14.50980608;-56.2257026;Segura;Centro-Oeste;3 Trimestre
656823;2025.0;n;1.0;2025-01-23;SC;280;55,5;GUARAMIRIM;Acessar a via sem observar a presença dos outros veículos;Com Vítimas Feridas;2;Céu Claro;Pleno dia;quinta-feira;Colisão transversal;Dupla;0;0;-26,47584353;-48,9937858;Segura;Sul;1 Trimestre
653588;2025.0;n;1.0;2025-01-06;PB;230;151;CAMPINA GRANDE;Carga excessiva e/ou mal acondicionada;Com Vítimas Feridas;3;Céu Claro;Pleno dia;segunda-feira;Derramamento de carga;Simples;0;0;-7,2587;-35,8778;Segura;Nordeste;1 Trimestre
667249;2025.0;n;3.0;2025-03-14;PR;376;597,5;CURITIBA;Condutor deixou de manter distância do veículo da frente;Com Vítimas Feridas;5;Nublado;Anoitecer;sexta-feira;Colisão traseira;Dupla;0;0;-25,48197043;-49,34868835;Segura;Sul;1 Trimestre
593171;2024.0;n;4.0;2024-04-10;BA;242;517;OLIVEIRA DOS BREJINHOS;Chuva;Com Vítimas Feridas;4;Chuva;Amanhecer;quarta-feira;Colisão frontal;Simples;0;1;-12.31388574;-42.5969499;Perigosa;Nordeste;2 Trimestre
573658;2024.0;n;1.0;2024-01-09;BA;101;857;TEIXEIRA DE FREITAS;Ultrapassagem Indevida;Com Vítimas Feridas;4;Céu Claro;Plena Noite;terça-feira;Colisão lateral mesmo sentido;Simples;0;1;-17.57759187;-39.73659523;Perigosa;Nordeste;1 Trimestre
685388;2025.0;n;3.0;2025-03-16;PR;163;19;BOM JESUS DO SUL;Acessar a via sem observar a presença dos outros veículos;Sem Vítimas;3;Céu Claro;Pleno dia;domingo;Colisão transversal;Simples;0;0;-26,180047;-53,664167;Segura;Sul;1 Trimestre
653261;2025.0;n;1.0;2025-01-05;MS;262;169,9;RIBAS DO RIO PARDO;Avarias e/ou desgaste excessivo no pneu;Com Vítimas Feridas;1;Céu Claro;Plena Noite;domingo;Saída de leito carroçável;Simples;0;0;-20,42529281;-53,10442696;Segura;Centro-Oeste;1 Trimestre
576973;2024.0;n;1.0;2024-01-25;SP;116;560;BARRA DO TURVO;Reação tardia ou ineficiente do condutor;Com Vítimas Feridas;4;Garoa/Chuvisco;Pleno dia;quinta-feira;Colisão com objeto;Simples;0;0;-24.99813554;-48.51081848;Segura;Sudeste;1 Trimestre
618887;2024.0;n;8.0;2024-08-03;MG;40;692,8;ALFREDO VASCONCELOS;Suicídio (presumido);Com Vítimas Feridas;3;Chuva;Plena Noite;sábado;Atropelamento de Pedestre;Dupla;0;1;-21.11655499;-43.7587449;Perigosa;Sudeste;3 Trimestre
605167;2024.0;n;6.0;2024-06-04;ES;101;124,8;SOORETAMA;Carga excessiva e/ou mal acondicionada;Com Vítimas Feridas;5;Céu Claro;Pleno dia;terça-feira;Derramamento de carga;Simples;0;0;-19.17652792;-40.09118118;Segura;Sudeste;2 Trimestre
654367;2025.0;n;1.0;2025-01-11;PE;101;68;RECIFE;Condutor deixou de manter distância do veículo da frente;Com Vítimas Feridas;3;Céu Claro;Pleno dia;sábado;Colisão traseira;Múltipla;0;0;-8,05074296;-34,94580619;Segura;Nordeste;1 Trimestre
578590;2024.0;n;2.0;2024-02-02;MG;381;442,7;SANTA LUZIA;Ausência de reação do condutor;Com Vítimas Feridas;3;Céu Claro;Pleno dia;sexta-feira;Colisão lateral mesmo sentido;Simples;0;0;-19.8092926;-43.7790924;Segura;Sudeste;1 Trimestre
666745;2025.0;n;3.0;2025-03-09;PA;163;374,7;NOVO PROGRESSO;Reação tardia ou ineficiente do condutor;Com Vítimas Fatais;4;Nublado;Amanhecer;domingo;Colisão frontal;Simples;1;0;-6,52174436;-55,53458571;Perigosa;Norte;1 Trimestre
670088;2025.0;n;3.0;2025-03-28;BA;101;129,7;ARAMARI;Reação tardia ou ineficiente do condutor;Com Vítimas Feridas;7;Céu Claro;Pleno dia;sexta-feira;Colisão lateral sentido oposto;Simples;0;1;-12,177958;-38,577373;Perigosa;Nordeste;1 Trimestre
668809;2025.0;n;3.0;2025-03-22;PR;376;647,9;TIJUCAS DO SUL;Manobra de mudança de faixa;Sem Vítimas;5;Céu Claro;Pleno dia;sábado;Colisão lateral mesmo sentido;Dupla;0;0;-25,843608;-49,10062;Segura;Sul;1 Trimestre
592902;2024.0;n;4.0;2024-04-09;SP;116;315;SAO LOURENCO DA SERRA;Carga excessiva e/ou mal acondicionada;Sem Vítimas;3;Céu Claro;Pleno dia;terça-feira;Eventos atípicos;Dupla;0;0;-23.90251888;-46.99049317;Segura;Sudeste;2 Trimestre
664276;2025.0;n;2.0;2025-02-28;SP;381;41;ATIBAIA;Ausência de reação do condutor;Com Vítimas Feridas;2;Céu Claro;Pleno dia;sexta-feira;Colisão traseira;Múltipla;0;0;-23,16631509;-46,57556916;Segura;Sudeste;1 Trimestre
592697;2024.0;n;3.0;2024-03-31;MS;267;90,5;BATAGUASSU;Transitar na contramão;Com Vítimas Feridas;3;Céu Claro;Plena Noite;domingo;Colisão lateral sentido oposto;Simples;0;0;-21.86166145;-52.9554711;Segura;Centro-Oeste;1 Trimestre
613485;2024.0;n;7.0;2024-07-10;PR;376;303,1;MAUA DA SERRA;Ausência de reação do condutor;Com Vítimas Feridas;3;Chuva;Pleno dia;quarta-feira;Saída de leito carroçável;Dupla;0;1;-23.9360255;-51.13909364;Perigosa;Sul;3 Trimestre
624763;2024.0;n;8.0;2024-08-31;MG;365;148;PIRAPORA;Ultrapassagem Indevida;Com Vítimas Feridas;1;Céu Claro;Plena Noite;sábado;Tombamento;Simples;0;0;-17.2736065;-44.86318856;Segura;Sudeste;3 Trimestre
604138;2024.0;n;5.0;2024-05-30;SC;116;135,2;SANTA CECILIA;Transitar na contramão;Com Vítimas Fatais;5;Nublado;Plena Noite;quinta-feira;Colisão frontal;Simples;1;1;-26.92904296;-50.4345818;Perigosa;Sul;2 Trimestre
606519;2024.0;n;6.0;2024-06-10;MT;163;902,9;CLAUDIA;Velocidade Incompatível;Com Vítimas Feridas;7;Céu Claro;Pleno dia;segunda-feira;Colisão com objeto;Simples;0;0;-11.286561;-55.3177;Segura;Centro-Oeste;2 Trimestre
653424;2025.0;n;1.0;2025-01-06;PE;232;178;BELO JARDIM;Ultrapassagem Indevida;Com Vítimas Fatais;5;Céu Claro;Plena Noite;segunda-feira;Colisão frontal;Simples;1;1;-8,34353242;-36,4199731;Perigosa;Nordeste;1 Trimestre
619423;2024.0;n;8.0;2024-08-05;PE;101;65;RECIFE;Trafegar com motocicleta (ou similar) entre as faixas;Com Vítimas Feridas;2;Céu Claro;Plena Noite;segunda-feira;Colisão lateral mesmo sentido;Múltipla;0;0;-8.02731726;-34.94293928;Segura;Nordeste;3 Trimestre
652761;2025.0;n;1.0;2025-01-02;ES;262;73,2;MARECHAL FLORIANO;Reação tardia ou ineficiente do condutor;Com Vítimas Feridas;2;Céu Claro;Pleno dia;quinta-feira;Colisão com objeto;Simples;0;1;-20,41066352;-40,88380166;Perigosa;Sudeste;1 Trimestre
613387;2024.0;n;7.0;2024-07-10;GO;60;404;RIO VERDE;Demais falhas mecânicas ou elétricas;Sem Vítimas;3;Céu Claro;Plena Noite;quarta-feira;Incêndio;Dupla;0;0;-17.815665;-51.10903;Segura;Centro-Oeste;3 Trimestre
668078;2025.0;n;3.0;2025-03-18;GO;60;382;RIO VERDE;Acumulo de água sobre o pavimento;Com Vítimas Feridas;2;Chuva;Anoitecer;terça-feira;Colisão lateral mesmo sentido;Dupla;0;0;-17,78142731;-50,8960337;Segura;Centro-Oeste;1 Trimestre
618280;2024.0;n;7.0;2024-07-15;PR;376;659,9;TIJUCAS DO SUL;Velocidade Incompatível;Com Vítimas Feridas;4;Chuva;Pleno dia;segunda-feira;Colisão traseira;Simples;0;0;-25.8545188;-48.99854279;Segura;Sul;3 Trimestre
624513;2024.0;n;8.0;2024-08-30;SP;116;548;BARRA DO TURVO;Demais falhas mecânicas ou elétricas;Sem Vítimas;2;Céu Claro;Pleno dia;sexta-feira;Incêndio;Simples;0;0;-24.96835125;-48.44191074;Segura;Sudeste;3 Trimestre
659491;2025.0;n;2.0;2025-02-05;PB;230;36;SANTA RITA;Ausência de reação do condutor;Com Vítimas Feridas;2;Chuva;Plena Noite;quarta-feira;Colisão traseira;Dupla;0;1;-7,1246;-34,9473;Perigosa;Nordeste;1 Trimestre
659515;2025.0;n;2.0;2025-02-06;MG;153;53;MONTE ALEGRE DE MINAS;Condutor Dormindo;Com Vítimas Feridas;2;Céu Claro;Plena Noite;quinta-feira;Saída de leito carroçável;Dupla;0;0;-18,84716712;-49,09042109;Segura;Sudeste;1 Trimestre
654064;2025.0;n;1.0;2025-01-09;MS;163;478,6;CAMPO GRANDE;Carga excessiva e/ou mal acondicionada;Com Vítimas Feridas;2;Céu Claro;Pleno dia;quinta-feira;Derramamento de carga;Simples;0;0;-20,49082;-54,55919;Segura;Centro-Oeste;1 Trimestre
687957;2025.0;n;4.0;2025-04-28;MG;251;464,5;GRAO MOGOL;Velocidade Incompatível;Com Vítimas Feridas;3;Chuva;Plena Noite;segunda-feira;Colisão lateral sentido oposto;Simples;0;2;-16,439343;-43,39401;Perigosa;Sudeste;2 Trimestre
616750;2024.0;n;7.0;2024-07-25;RJ;40;115;DUQUE DE CAXIAS;Animais na Pista;Com Vítimas Feridas;2;Céu Claro;Plena Noite;quinta-feira;Colisão traseira;Múltipla;0;0;-22.72756999;-43.2891609;Segura;Sudeste;3 Trimestre
629768;2024.0;n;9.0;2024-09-22;PR;376;385;IMBAU;Ingestão de álcool pelo condutor;Com Vítimas Feridas;2;Nevoeiro/Neblina;Amanhecer;domingo;Colisão traseira;Dupla;0;1;-24.441;-50.762;Perigosa;Sul;3 Trimestre
654892;2025.0;n;1.0;2025-01-13;PR;280;293,5;FLOR DA SERRA DO SUL;Desrespeitar a preferência no cruzamento;Com Vítimas Feridas;6;Sol;Pleno dia;segunda-feira;Colisão transversal;Simples;0;2;-26,25026574;-53,33540044;Perigosa;Sul;1 Trimestre
653413;2025.0;n;1.0;2025-01-05;RS;116;465,3;SAO LOURENCO DO SUL;Deficiência do Sistema de Iluminação/Sinalização;Com Vítimas Fatais;2;Céu Claro;Plena Noite;domingo;Colisão traseira;Dupla;1;1;-31,322943;-52,031993;Perigosa;Sul;1 Trimestre
597127;2024.0;n;4.0;2024-04-29;AL;316;269;SATUBA;Transitar na contramão;Com Vítimas Feridas;3;Céu Claro;Pleno dia;segunda-feira;Colisão frontal;Simples;0;1;-9.57589005;-35.83163597;Perigosa;Nordeste;2 Trimestre
672996;2025.0;n;4.0;2025-04-11;ES;262;29;VIANA;Demais falhas mecânicas ou elétricas;Com Vítimas Feridas;2;Céu Claro;Pleno dia;sexta-feira;Eventos atípicos;Dupla;0;0;-20,377956;-40,560521;Segura;Sudeste;2 Trimestre
665627;2025.0;n;3.0;2025-03-07;RO;364;434;JARU;Curva acentuada;Com Vítimas Feridas;4;Céu Claro;Plena Noite;sexta-feira;Saída de leito carroçável;Simples;0;0;-10,37516001;-62,55499363;Segura;Norte;1 Trimestre
588428;2024.0;n;3.0;2024-03-19;RO;364;549;RIO CRESPO;Manobra de mudança de faixa;Com Vítimas Feridas;3;Sol;Pleno dia;terça-feira;Colisão lateral mesmo sentido;Simples;0;0;-9.65816258;-63.08250626;Segura;Norte;1 Trimestre
653065;2025.0;n;1.0;2025-01-04;MS;163;546,9;BANDEIRANTES;Condutor Dormindo;Sem Vítimas;1;Nublado;Plena Noite;sábado;Saída de leito carroçável;Simples;0;0;-19,931226;-54,365014;Segura;Centro-Oeste;1 Trimestre
660860;2025.0;n;2.0;2025-02-12;TO;153;112;WANDERLANDIA;Demais falhas mecânicas ou elétricas;Sem Vítimas;3;Céu Claro;Pleno dia;quarta-feira;Incêndio;Simples;0;0;-7,03807317;-48,10578463;Segura;Norte;1 Trimestre
671323;2025.0;n;4.0;2025-04-03;RS;448;0,1;SAPUCAIA DO SUL;Velocidade Incompatível;Com Vítimas Feridas;2;Nublado;Pleno dia;quinta-feira;Tombamento;Simples;0;0;-29,82705574;-51,17324352;Segura;Sul;2 Trimestre
659731;2025.0;n;2.0;2025-02-07;SC;116;109;MONTE CASTELO;Ausência de reação do condutor;Com Vítimas Feridas;2;Céu Claro;Plena Noite;sexta-feira;Colisão traseira;Simples;0;0;-26,7575178;-50,34172617;Segura;Sul;1 Trimestre
579037;2024.0;n;2.0;2024-02-04;SC;116;169,8;PONTE ALTA DO NORTE;Manobra de mudança de faixa;Com Vítimas Fatais;5;Garoa/Chuvisco;Plena Noite;domingo;Colisão frontal;Simples;1;1;-27.190528;-50.4636833;Perigosa;Sul;1 Trimestre
592782;2024.0;n;4.0;2024-04-08;MG;381;754;TRES CORACOES;Acessar a via sem observar a presença dos outros veículos;Sem Vítimas;2;Céu Claro;Pleno dia;segunda-feira;Colisão lateral mesmo sentido;Dupla;0;0;-21.68626885;-45.34601116;Segura;Sudeste;2 Trimestre
655329;2025.0;n;1.0;2025-01-15;MA;135;159;MATOES DO NORTE;Manobra de mudança de faixa;Com Vítimas Feridas;2;Chuva;Pleno dia;quarta-feira;Colisão frontal;Simples;0;0;-3,83869814;-44,50986831;Segura;Nordeste;1 Trimestre
590795;2024.0;n;3.0;2024-03-30;MG;262;48,6;MANHUACU;Transitar na contramão;Com Vítimas Feridas;2;Céu Claro;Pleno dia;sábado;Colisão lateral sentido oposto;Simples;0;0;-20.25373412;-42.12287611;Segura;Sudeste;1 Trimestre
663363;2025.0;n;2.0;2025-02-24;MG;116;222;CATUJI;Pista Escorregadia;Com Vítimas Feridas;5;Garoa/Chuvisco;Amanhecer;segunda-feira;Colisão lateral sentido oposto;Simples;0;0;-17,430725;-41,51466;Segura;Sudeste;1 Trimestre
573234;2024.0;n;1.0;2024-01-07;PR;376;181,9;MARINGA;Manobra de mudança de faixa;Com Vítimas Feridas;3;Céu Claro;Plena Noite;domingo;Colisão lateral mesmo sentido;Dupla;0;0;-23.43111902;-51.88842773;Segura;Sul;1 Trimestre
665351;2025.0;n;3.0;2025-03-05;PE;101;129;ESCADA;Condutor deixou de manter distância do veículo da frente;Com Vítimas Feridas;2;Garoa/Chuvisco;Pleno dia;quarta-feira;Colisão traseira;Dupla;0;0;-8,385798;-35,251018;Segura;Nordeste;1 Trimestre
600024;2024.0;n;5.0;2024-05-12;PA;316;119;SANTA MARIA DO PARA;Transitar no Acostamento;Com Vítimas Fatais;4;Céu Claro;Pleno dia;domingo;Colisão lateral mesmo sentido;Simples;1;0;-1.31062901;-47.443276;Perigosa;Norte;2 Trimestre
576338;2024.0;n;1.0;2024-01-21;RS;158;361;DILERMANDO DE AGUIAR;Transitar na contramão;Sem Vítimas;3;Céu Claro;Plena Noite;domingo;Colisão transversal;Simples;0;0;-29.78336289;-54.10892665;Segura;Sul;1 Trimestre
653258;2025.0;n;1.0;2025-01-05;RN;304;24;MOSSORO;Reação tardia ou ineficiente do condutor;Sem Vítimas;1;Céu Claro;Plena Noite;domingo;Saída de leito carroçável;Simples;0;0;-5,06488233;-37,33287055;Segura;Nordeste;1 Trimestre
619696;2024.0;n;8.0;2024-08-07;MT;174;457;COMODORO;Ausência de reação do condutor;Com Vítimas Feridas;3;Céu Claro;Pleno dia;quarta-feira;Saída de leito carroçável;Simples;0;0;-13.91213297;-59.76294011;Segura;Centro-Oeste;3 Trimestre
670028;2025.0;n;3.0;2025-03-28;ES;101;152,3;LINHARES;Transitar na contramão;Sem Vítimas;3;Céu Claro;Pleno dia;sexta-feira;Colisão lateral sentido oposto;Simples;0;0;-19,41944801;-40,07162762;Segura;Sudeste;1 Trimestre
582566;2024.0;n;2.0;2024-02-22;PR;476;130,5;CURITIBA;Faixas de trânsito com largura insuficiente;Sem Vítimas;2;Céu Claro;Pleno dia;quinta-feira;Colisão com objeto;Múltipla;0;0;-25.45294992;-49.24369991;Segura;Sul;1 Trimestre
574811;2024.0;n;1.0;2024-01-15;PR;277;117;CAMPO LARGO;Condutor Dormindo;Com Vítimas Feridas;5;Céu Claro;Amanhecer;segunda-feira;Colisão traseira;Dupla;0;0;-25.43500737;-49.52777803;Segura;Sul;1 Trimestre
673162;2025.0;n;4.0;2025-04-12;MG;251;306;SALINAS;Curva acentuada;Com Vítimas Feridas;2;Céu Claro;Plena Noite;sábado;Saída de leito carroçável;Simples;0;0;-16,132635;-42,231785;Segura;Sudeste;2 Trimestre
576727;2024.0;n;1.0;2024-01-23;RJ;101;205,5;CASIMIRO DE ABREU;Ausência de reação do condutor;Com Vítimas Fatais;3;Chuva;Plena Noite;terça-feira;Colisão traseira;Simples;1;2;-22.475714;-42.19184;Perigosa;Sudeste;1 Trimestre
625347;2024.0;n;9.0;2024-09-02;SE;101;48,8;JAPARATUBA;Demais falhas mecânicas ou elétricas;Com Vítimas Feridas;1;Céu Claro;Plena Noite;segunda-feira;Tombamento;Dupla;0;0;-10.58662416;-36.97002095;Segura;Nordeste;3 Trimestre
609370;2024.0;n;6.0;2024-06-23;PE;232;101;BEZERROS;Demais falhas mecânicas ou elétricas;Com Vítimas Feridas;2;Nublado;Amanhecer;domingo;Colisão traseira;Dupla;0;2;-8.24194679;-35.75097313;Perigosa;Nordeste;2 Trimestre
620773;2024.0;n;8.0;2024-08-12;RS;285;330;CARAZINHO;Ausência de reação do condutor;Com Vítimas Feridas;3;Céu Claro;Pleno dia;segunda-feira;Colisão traseira;Simples;0;1;-28.28824;-52.713528;Perigosa;Sul;3 Trimestre
603732;2024.0;n;5.0;2024-05-29;MG;381;273;CORONEL FABRICIANO;Condutor deixou de manter distância do veículo da frente;Sem Vítimas;4;Sol;Pleno dia;quarta-feira;Colisão traseira;Simples;0;0;-19.53930279;-42.6793246;Segura;Sudeste;2 Trimestre
591216;2024.0;n;4.0;2024-04-01;BA;324;568;SAO SEBASTIAO DO PASSE;Condutor deixou de manter distância do veículo da frente;Com Vítimas Feridas;4;Sol;Pleno dia;segunda-feira;Colisão traseira;Dupla;0;0;-12.53527699;-38.59595575;Segura;Nordeste;2 Trimestre
614863;2024.0;n;7.0;2024-07-16;RO;364;266;CACOAL;Condutor deixou de manter distância do veículo da frente;Sem Vítimas;3;Céu Claro;Pleno dia;terça-feira;Colisão traseira;Simples;0;0;-11.376355;-61.681082;Segura;Norte;3 Trimestre
582134;2024.0;n;2.0;2024-02-19;BA;101;143;TEODORO SAMPAIO;Acessar a via sem observar a presença dos outros veículos;Com Vítimas Feridas;3;Chuva;Anoitecer;segunda-feira;Colisão traseira;Simples;0;0;-12.28997937;-38.71181376;Segura;Nordeste;1 Trimestre
667633;2025.0;n;3.0;2025-03-16;BA;349;1012;CORRENTINA;Reação tardia ou ineficiente do condutor;Sem Vítimas;1;Céu Claro;Pleno dia;domingo;Tombamento;Simples;0;0;-13,61631868;-45,27550238;Segura;Nordeste;1 Trimestre
627867;2024.0;n;9.0;2024-09-13;SC;282;90,6;ALFREDO WAGNER;Velocidade Incompatível;Com Vítimas Fatais;4;Chuva;Anoitecer;sexta-feira;Colisão frontal;Simples;3;0;-27.68748467;-49.22674524;Perigosa;Sul;3 Trimestre
685671;2025.0;y;4.0;2025-04-18;RO;364;678;CANDEIAS DO JAMARI;Transitar na contramão;Com Vítimas Fatais;4;Céu Claro;Plena Noite;sexta-feira;Colisão frontal;Dupla;4;2;-8,7838467;-63,5710117;Perigosa;Norte;2 Trimestre
666461;2025.0;n;3.0;2025-03-10;MG;116;715;MURIAE;Chuva;Com Vítimas Feridas;1;Chuva;Plena Noite;segunda-feira;Colisão com objeto;Simples;0;1;-21,16775355;-42,37090241;Perigosa;Sudeste;1 Trimestre
666807;2025.0;n;3.0;2025-03-12;RO;364;237;CACOAL;Reação tardia ou ineficiente do condutor;Sem Vítimas;3;Céu Claro;Pleno dia;quarta-feira;Colisão lateral mesmo sentido;Simples;0;0;-11,44261266;-61,44856095;Segura;Norte;1 Trimestre
611631;2024.0;n;7.0;2024-07-03;MG;365;306,5;JOAO PINHEIRO;Condutor Dormindo;Com Vítimas Fatais;5;Céu Claro;Amanhecer;quarta-feira;Colisão frontal;Simples;1;0;-18.17906961;-45.80321109;Perigosa;Sudeste;3 Trimestre
577519;2024.0;n;1.0;2024-01-28;MG;251;472,9;FRANCISCO SA;Transitar na contramão;Com Vítimas Feridas;3;Chuva;Amanhecer;domingo;Colisão frontal;Simples;0;0;-16.4669101;-43.43947986;Segura;Sudeste;1 Trimestre
604272;2024.0;n;5.0;2024-05-31;SC;282;3;FLORIANOPOLIS;Trafegar com motocicleta (ou similar) entre as faixas;Com Vítimas Feridas;2;Céu Claro;Pleno dia;sexta-feira;Colisão lateral mesmo sentido;Múltipla;0;1;-27.600384;-48.599705;Perigosa;Sul;2 Trimestre
596314;2024.0;n;3.0;2024-03-06;GO;364;267;MINEIROS;Reação tardia ou ineficiente do condutor;Com Vítimas Feridas;4;Céu Claro;Pleno dia;quarta-feira;Colisão lateral mesmo sentido;Simples;0;1;-17.669401;-52.290935;Perigosa;Centro-Oeste;1 Trimestre
600904;2024.0;n;5.0;2024-05-16;SP;153;287;OCAUCU;Acessar a via sem observar a presença dos outros veículos;Sem Vítimas;2;Sol;Pleno dia;quinta-feira;Colisão transversal;Simples;0;0;-22.46683224;-49.88292673;Segura;Sudeste;2 Trimestre
691590;2025.0;n;3.0;2025-03-20;MG;381;525;BRUMADINHO;Demais falhas mecânicas ou elétricas;Com Vítimas Feridas;1;Céu Claro;Pleno dia;quinta-feira;Colisão com objeto;Dupla;0;0;-20,15033386;-44,32497717;Segura;Sudeste;1 Trimestre
585053;2024.0;n;3.0;2024-03-04;PR;277;504;GUARANIACU;Carga excessiva e/ou mal acondicionada;Com Vítimas Feridas;1;Garoa/Chuvisco;Pleno dia;segunda-feira;Tombamento;Simples;0;0;-25.13087;-52.72738;Segura;Sul;1 Trimestre
670120;2025.0;n;3.0;2025-03-28;SE;235;33;AREIA BRANCA;Transitar no Acostamento;Com Vítimas Fatais;2;Céu Claro;Pleno dia;sexta-feira;Tombamento;Simples;1;0;-10,762628;-37,304922;Perigosa;Nordeste;1 Trimestre
668254;2025.0;n;3.0;2025-03-19;GO;153;292;RIALMA;Condutor deixou de manter distância do veículo da frente;Com Vítimas Feridas;3;Céu Claro;Pleno dia;quarta-feira;Colisão transversal;Simples;0;0;-15,24642725;-49,55589294;Segura;Centro-Oeste;1 Trimestre
605078;2024.0;n;6.0;2024-06-04;SC;101;194;BIGUACU;Condutor deixou de manter distância do veículo da frente;Com Vítimas Feridas;2;Céu Claro;Plena Noite;terça-feira;Colisão traseira;Múltipla;0;1;-27.49815117;-48.65661236;Perigosa;Sul;2 Trimestre
668950;2025.0;n;3.0;2025-03-23;GO;40;21,1;LUZIANIA;Reação tardia ou ineficiente do condutor;Com Vítimas Feridas;3;Céu Claro;Plena Noite;domingo;Colisão com objeto;Dupla;0;0;-16,221396;-47,915122;Segura;Centro-Oeste;1 Trimestre
626864;2024.0;n;9.0;2024-09-09;MG;262;709,1;ARAXA;Demais falhas mecânicas ou elétricas;Sem Vítimas;2;Céu Claro;Plena Noite;segunda-feira;Incêndio;Simples;0;0;-19.59482628;-47.13714393;Segura;Sudeste;3 Trimestre
573882;2024.0;n;1.0;2024-01-11;BA;235;33,3;PEDRO ALEXANDRE;Ausência de reação do condutor;Com Vítimas Fatais;1;Garoa/Chuvisco;Plena Noite;quinta-feira;Saída de leito carroçável;Simples;1;0;-10.14946994;-37.96276994;Perigosa;Nordeste;1 Trimestre
652901;2025.0;n;1.0;2025-01-03;PB;230;56,4;CRUZ DO ESPIRITO SANTO;Demais falhas mecânicas ou elétricas;Com Vítimas Feridas;1;Céu Claro;Pleno dia;sexta-feira;Tombamento;Dupla;0;1;-7,2021;-35,1038;Perigosa;Nordeste;1 Trimestre
655210;2025.0;n;1.0;2025-01-15;DF;20;19;BRASILIA;Problema com o freio;Com Vítimas Feridas;5;Garoa/Chuvisco;Pleno dia;quarta-feira;Colisão traseira;Dupla;0;0;-15,612175;-47,700928;Segura;Centro-Oeste;1 Trimestre
670148;2025.0;n;3.0;2025-03-28;BA;116;16;VITORIA DA CONQUISTA;Ausência de reação do condutor;Com Vítimas Feridas;2;Céu Claro;Anoitecer;sexta-feira;Colisão traseira;Simples;0;0;-14,90243;-40,84413;Segura;Nordeste;1 Trimestre
589132;2024.0;n;3.0;2024-03-23;SC;101;166,9;TIJUCAS;Ausência de reação do condutor;Com Vítimas Feridas;2;Nublado;Plena Noite;sábado;Saída de leito carroçável;Dupla;0;0;-27.26147697;-48.63180349;Segura;Sul;1 Trimestre
688335;2025.0;n;4.0;2025-04-30;SP;116;175;GUARAREMA;Reação tardia ou ineficiente do condutor;Com Vítimas Feridas;4;Céu Claro;Plena Noite;quarta-feira;Colisão traseira;Dupla;0;0;-23,32176211;-46,10019684;Segura;Sudeste;2 Trimestre
589252;2024.0;n;3.0;2024-03-23;ES;262;95,2;DOMINGOS MARTINS;Acessar a via sem observar a presença dos outros veículos;Com Vítimas Feridas;3;Garoa/Chuvisco;Pleno dia;sábado;Colisão transversal;Simples;0;0;-20.3659225;-41.06040133;Segura;Sudeste;1 Trimestre