id;ano;feriado;mes;data_inversa;uf;br;km;municipio;causa_acidente;classificacao_acidente;veiculos;condicao_metereologica;fase_dia;dia_semana;tipo_acidente;tipo_pista;mortos;feridos_graves;latitude;longitude;status;regiao;periodo
670374;2025.0;n;3.0;2025-03-29;SC;470;164,5;TROMBUDO CENTRAL;Conversão proibida;Com Vítimas Feridas;2;Céu Claro;Plena Noite;sábado;Colisão frontal;Simples;0;1;-27,27651471;-49,84374577;Perigosa;Sul;1 Trimestre
602524;2024.0;n;5.0;2024-05-23;RS;392;186;SANTANA DA BOA VISTA;Ingestão de álcool pelo condutor;Sem Vítimas;2;Chuva;Plena Noite;quinta-feira;Saída de leito carroçável;Simples;0;0;-30.94965455;-53.05668292;Segura;Sul;2 Trimestre
652605;2025.0;y;1.0;2025-01-01;PR;476;161,1;ARAUCARIA;Acessar a via sem observar a presença dos outros veículos;Sem Vítimas;2;Nublado;Pleno dia;quarta-feira;Colisão frontal;Simples;0;0;-25,563601;-49,377041;Segura;Sul;1 Trimestre
588482;2024.0;n;3.0;2024-03-20;MG;40;599,9;CONGONHAS;Reação tardia ou ineficiente do condutor;Com Vítimas Feridas;3;Céu Claro;Pleno dia;quarta-feira;Colisão traseira;Simples;0;0;-20.42264639;-43.87103002;Segura;Sudeste;1 Trimestre
619976;2024.0;n;8.0;2024-08-09;PR;277;131;BALSA NOVA;Ausência de reação do condutor;Com Vítimas Feridas;3;Garoa/Chuvisco;Plena Noite;sexta-feira;Saída de leito carroçável;Dupla;0;0;-25.460998;-49.646162;Segura;Sul;3 Trimestre
606632;2024.0;n;6.0;2024-06-10;PE;101;11,1;GOIANA;Transitar no Acostamento;Com Vítimas Fatais;2;Céu Claro;Plena Noite;segunda-feira;Atropelamento de Pedestre;Dupla;1;0;-7.599837;-34.980827;Perigosa;Nordeste;2 Trimestre
622695;2024.0;n;8.0;2024-08-21;SC;470;9,5;ILHOTA;Ausência de reação do condutor;Com Vítimas Feridas;2;Nublado;Pleno dia;quarta-feira;Colisão traseira;Dupla;0;0;-26.833143;-48.727432;Segura;Sul;3 Trimestre
617136;2024.0;n;7.0;2024-07-27;GO;153;210;URUACU;Ausência de reação do condutor;Com Vítimas Feridas;2;Céu Claro;Plena Noite;sábado;Colisão traseira;Simples;0;0;-14.605865;-49.166637;Segura;Centro-Oeste;3 Trimestre
579228;2024.0;n;2.0;2024-02-05;RS;116;638;JAGUARAO;Ausência de reação do condutor;Com Vítimas Feridas;2;Céu Claro;Pleno dia;segunda-feira;Tombamento;Simples;0;0;-32.43814713;-53.25732287;Segura;Sul;1 Trimestre
612104;2024.0;n;7.0;2024-07-05;MG;40;532;CONTAGEM;Ausência de reação do condutor;Sem Vítimas;2;Céu Claro;Pleno dia;sexta-feira;Colisão traseira;Dupla;0;0;-19.92372561;-44.01700789;Segura;Sudeste;3 Trimestre
603448;2024.0;n;5.0;2024-05-27;MG;381;866,4;POUSO ALEGRE;Velocidade Incompatível;Com Vítimas Feridas;4;Nublado;Plena Noite;segunda-feira;Colisão traseira;Dupla;0;1;-22.36783696;-45.93277651;Perigosa;Sudeste;2 Trimestre
622311;2024.0;n;8.0;2024-08-19;PR;277;234;FERNANDES PINHEIRO;Reação tardia ou ineficiente do condutor;Com Vítimas Feridas;4;Céu Claro;Pleno dia;segunda-feira;Saída de leito carroçável;Simples;0;0;-25.46497435;-50.57487488;Segura;Sul;3 Trimestre
625398;2024.0;n;9.0;2024-09-02;BA;242;578;OLIVEIRA DOS BREJINHOS;Conversão proibida;Com Vítimas Feridas;4;Céu Claro;Pleno dia;segunda-feira;Colisão lateral mesmo sentido;Simples;0;1;-12.056888;-42.964415;Perigosa;Nordeste;3 Trimestre
653560;2025.0;n;1.0;2025-01-06;MG;116;702,9;MURIAE;Ultrapassagem Indevida;Com Vítimas Feridas;2;Nublado;Pleno dia;segunda-feira;Colisão lateral mesmo sentido;Simples;0;0;-21,11938311;-42,38006362;Segura;Sudeste;1 Trimestre
585567;2024.0;n;3.0;2024-03-07;SC;101;183,5;BIGUACU;Reação tardia ou ineficiente do condutor;Com Vítimas Feridas;2;Céu Claro;Plena Noite;quinta-feira;Colisão traseira;Dupla;0;0;-27.41150002;-48.62744093;Segura;Sul;1 Trimestre
593706;2024.0;n;4.0;2024-04-13;CE;116;73;CHOROZINHO;Condutor deixou de manter distância do veículo da frente;Com Vítimas Feridas;2;Céu Claro;Pleno dia;sábado;Colisão lateral mesmo sentido;Simples;0;0;-4.34762481;-38.46792477;Segura;Nordeste;2 Trimestre
613592;2024.0;n;7.0;2024-07-11;SC;101;182,5;GOVERNADOR CELSO RAMOS;Reação tardia ou ineficiente do condutor;Com Vítimas Fatais;4;Céu Claro;Plena Noite;quinta-feira;Colisão traseira;Múltipla;1;0;-27.40121054;-48.62955987;Perigosa;Sul;3 Trimestre
687965;2025.0;n;4.0;2025-04-28;ES;262;184,5;IUNA;Transitar na contramão;Com Vítimas Feridas;2;Nublado;Plena Noite;segunda-feira;Colisão lateral sentido oposto;Simples;0;0;-20,296857;-41,709423;Segura;Sudeste;2 Trimestre
594338;2024.0;n;4.0;2024-04-16;MG;381;865;POUSO ALEGRE;Condutor Dormindo;Com Vítimas Feridas;4;Sol;Pleno dia;terça-feira;Colisão lateral mesmo sentido;Múltipla;0;1;-22.39502394;-45.95810707;Perigosa;Sudeste;2 Trimestre
603141;2024.0;n;5.0;2024-05-26;MA;316;137;NOVA OLINDA DO MARANHAO;Condutor Dormindo;Com Vítimas Feridas;2;Céu Claro;Pleno dia;domingo;Colisão lateral sentido oposto;Simples;0;1;-2.738868;-45.722977;Perigosa;Nordeste;2 Trimestre
658429;2025.0;n;1.0;2025-01-31;GO;153;526;HIDROLANDIA;Reação tardia ou ineficiente do condutor;Com Vítimas Feridas;2;Chuva;Pleno dia;sexta-feira;Atropelamento de Pedestre;Dupla;0;1;-16,9376;-49,2532;Perigosa;Centro-Oeste;1 Trimestre
589677;2024.0;n;3.0;2024-03-25;PE;101;112;IPOJUCA;Ausência de reação do condutor;Com Vítimas Feridas;1;Nublado;Pleno dia;segunda-feira;Colisão com objeto;Dupla;0;0;-8.3278918;-35.119238;Segura;Nordeste;1 Trimestre
622494;2024.0;n;8.0;2024-08-19;PA;10;30;DOM ELISEU;Demais falhas mecânicas ou elétricas;Sem Vítimas;4;Céu Claro;Plena Noite;segunda-feira;Incêndio;Simples;0;0;-4.18883;-47.54502;Segura;Norte;3 Trimestre
578607;2024.0;n;2.0;2024-02-02;PE;101;59,3;RECIFE;Demais falhas mecânicas ou elétricas;Com Vítimas Feridas;2;Céu Claro;Plena Noite;sexta-feira;Colisão traseira;Dupla;0;1;-7.97708575;-34.92607318;Perigosa;Nordeste;1 Trimestre
591392;2024.0;n;4.0;2024-04-02;BA;324;490;SANTA BARBARA;Ausência de reação do condutor;Com Vítimas Fatais;2;Céu Claro;Pleno dia;terça-feira;Colisão traseira;Simples;1;0;-11.978092;-39.10112;Perigosa;Nordeste;2 Trimestre
672964;2025.0;n;4.0;2025-04-11;RO;174;14;VILHENA;Acessar a via sem observar a presença dos outros veículos;Com Vítimas Feridas;2;Chuva;Pleno dia;sexta-feira;Colisão transversal;Dupla;0;0;-12,73863185;-60,13140321;Segura;Norte;2 Trimestre
599053;2024.0;n;5.0;2024-05-08;SC;282;481,8;VARGEAO;Ultrapassagem Indevida;Com Vítimas Feridas;3;Céu Claro;Pleno dia;quarta-feira;Queda de ocupante de veículo;Simples;0;0;-26.865356;-52.209568;Segura;Sul;2 Trimestre
598419;2024.0;n;5.0;2024-05-05;PR;116;26;CAMPINA GRANDE DO SUL;Reação tardia ou ineficiente do condutor;Com Vítimas Feridas;2;Céu Claro;Pleno dia;domingo;Tombamento;Dupla;0;0;-25.1105582;-48.7852402;Segura;Sul;2 Trimestre
614944;2024.0;n;7.0;2024-07-17;PB;230;349;PATOS;Transitar na contramão;Com Vítimas Feridas;2;Céu Claro;Plena Noite;quarta-feira;Colisão lateral sentido oposto;Simples;0;0;-6.9548;-37.3764;Segura;Nordeste;3 Trimestre
608950;2024.0;y;5.0;2024-05-01;GO;50;105;CRISTALINA;Animais na Pista;Com Vítimas Feridas;2;Céu Claro;Plena Noite;quarta-feira;Tombamento;Dupla;0;0;-16.9309;-47.7117;Segura;Centro-Oeste;2 Trimestre
587003;2024.0;n;3.0;2024-03-13;MG;381;914,4;CAMANDUCAIA;Demais falhas mecânicas ou elétricas;Com Vítimas Fatais;3;Céu Claro;Pleno dia;quarta-feira;Colisão traseira;Dupla;1;0;-22.75611112;-46.15527895;Perigosa;Sudeste;1 Trimestre
577760;2024.0;n;1.0;2024-01-29;MG;40;747,7;SANTOS DUMONT;Conversão proibida;Com Vítimas Feridas;2;Céu Claro;Pleno dia;segunda-feira;Colisão lateral mesmo sentido;Simples;0;0;-21.4328731;-43.55221915;Segura;Sudeste;1 Trimestre
662332;2025.0;n;2.0;2025-02-19;MG;459;31,9;CALDAS;Velocidade Incompatível;Com Vítimas Feridas;2;Céu Claro;Pleno dia;quarta-feira;Saída de leito carroçável;Simples;0;0;-21,922933;-46,372623;Segura;Sudeste;1 Trimestre
629016;2024.0;n;9.0;2024-09-18;ES;101;352,4;ANCHIETA;Transitar na contramão;Com Vítimas Fatais;3;Céu Claro;Plena Noite;quarta-feira;Colisão frontal;Simples;1;1;-20.6729297;-40.66445589;Perigosa;Sudeste;3 Trimestre
663686;2025.0;n;2.0;2025-02-25;MG;40;672,7;CARANDAI;Chuva;Com Vítimas Fatais;3;Chuva;Anoitecer;terça-feira;Colisão frontal;Simples;1;0;-20,99473845;-43,77781391;Perigosa;Sudeste;1 Trimestre
624435;2024.0;n;7.0;2024-07-16;PE;101;52,4;PAULISTA;Ausência de reação do condutor;Com Vítimas Feridas;2;Céu Claro;Pleno dia;terça-feira;Colisão traseira;Dupla;0;1;-7.92358799;-34.89607201;Perigosa;Nordeste;3 Trimestre
666328;2025.0;n;3.0;2025-03-10;MG;116;277;TEOFILO OTONI;Ausência de reação do condutor;Sem Vítimas;2;Céu Claro;Pleno dia;segunda-feira;Colisão lateral mesmo sentido;Dupla;0;0;-17,85947301;-41,51508981;Segura;Sudeste;1 Trimestre
618104;2024.0;n;7.0;2024-07-31;MT;364;1252;COMODORO;Demais falhas mecânicas ou elétricas;Sem Vítimas;2;Sol;Pleno dia;quarta-feira;Incêndio;Simples;0;0;-13.67720214;-59.72778923;Segura;Centro-Oeste;3 Trimestre
615637;2024.0;n;7.0;2024-07-20;SP;116;213;GUARULHOS;Reação tardia ou ineficiente do condutor;Com Vítimas Feridas;6;Nevoeiro/Neblina;Amanhecer;sábado;Engavetamento;Dupla;0;0;-23.43971486;-46.43667806;Segura;Sudeste;3 Trimestre
577054;2024.0;n;1.0;2024-01-25;RJ;116;117;MAGE;Pista Escorregadia;Sem Vítimas;2;Chuva;Pleno dia;quinta-feira;Colisão traseira;Dupla;0;0;-22.60276206;-43.02514183;Segura;Sudeste;1 Trimestre
655467;2025.0;n;1.0;2025-01-16;GO;60;4,8;SANTO ANTONIO DO DESCOBERTO;Pista Escorregadia;Com Vítimas Feridas;2;Chuva;Pleno dia;quinta-feira;Saída de leito carroçável;Dupla;0;0;-16,090742;-48,27694;Segura;Centro-Oeste;1 Trimestre
664580;2025.0;n;3.0;2025-03-01;BA;116;410;FEIRA DE SANTANA;Deficiência do Sistema de Iluminação/Sinalização;Sem Vítimas;2;Nublado;Plena Noite;sábado;Colisão traseira;Dupla;0;0;-12,12035122;-38,96834729;Segura;Nordeste;1 Trimestre
687354;2025.0;n;4.0;2025-04-25;MT;163;555;DIAMANTINO;Manobra de mudança de faixa;Com Vítimas Feridas;2;Céu Claro;Plena Noite;sexta-feira;Colisão lateral sentido oposto;Simples;0;0;-14,21187372;-56,09138489;Segura;Centro-Oeste;2 Trimestre
583208;2024.0;n;2.0;2024-02-25;MT;163;1100;GUARANTA DO NORTE;Demais falhas mecânicas ou elétricas;Sem Vítimas;4;Céu Claro;Pleno dia;domingo;Incêndio;Simples;0;0;-9.6667967;-54.8801308;Segura;Centro-Oeste;1 Trimestre
619580;2024.0;n;8.0;2024-08-07;MT;163;784;SORRISO;Ausência de reação do condutor;Com Vítimas Feridas;4;Céu Claro;Plena Noite;quarta-feira;Saída de leito carroçável;Simples;0;0;-12.29607406;-55.56920147;Segura;Centro-Oeste;3 Trimestre
582422;2024.0;n;2.0;2024-02-21;MG;153;104;PRATA;Mal súbito do condutor;Com Vítimas Feridas;3;Céu Claro;Pleno dia;quarta-feira;Saída de leito carroçável;Simples;0;0;-19.26347485;-48.92260343;Segura;Sudeste;1 Trimestre
627321;2024.0;n;9.0;2024-09-11;PR;163;196;CASCAVEL;Acessar a via sem observar a presença dos outros veículos;Sem Vítimas;2;Céu Claro;Pleno dia;quarta-feira;Colisão com objeto;Dupla;0;0;-25.11915107;-53.58556566;Segura;Sul;3 Trimestre
670777;2025.0;n;3.0;2025-03-31;CE;116;43;HORIZONTE;Ausência de reação do condutor;Com Vítimas Feridas;2;Céu Claro;Pleno dia;segunda-feira;Colisão traseira;Dupla;0;1;-4,10037236;-38,50189094;Perigosa;Nordeste;1 Trimestre
626813;2024.0;n;9.0;2024-09-08;MG;381;716;CARMO DA CACHOEIRA;Reação tardia ou ineficiente do condutor;Com Vítimas Fatais;3;Céu Claro;Plena Noite;domingo;Colisão traseira;Dupla;2;0;-21.39713903;-45.20764589;Perigosa;Sudeste;3 Trimestre
657057;2025.0;n;1.0;2025-01-24;SC;280;128,7;RIO NEGRINHO;Ausência de reação do condutor;Com Vítimas Feridas;2;Chuva;Pleno dia;sexta-feira;Colisão traseira;Simples;0;0;-26,24317941;-49,51320018;Segura;Sul;1 Trimestre
652811;2025.0;n;1.0;2025-01-02;SC;101;218;PALHOCA;Acessar a via sem observar a presença dos outros veículos;Com Vítimas Feridas;2;Céu Claro;Plena Noite;quinta-feira;Colisão transversal;Dupla;0;0;-27,6758601;-48,67052525;Segura;Sul;1 Trimestre
624314;2024.0;n;8.0;2024-08-29;PE;232;245;ARCOVERDE;Condutor deixou de manter distância do veículo da frente;Com Vítimas Feridas;2;Céu Claro;Pleno dia;quinta-feira;Colisão traseira;Simples;0;2;-8.41869672;-37.00744604;Perigosa;Nordeste;3 Trimestre
580923;2024.0;n;2.0;2024-02-13;MG;40;720,8;BARBACENA;Condutor deixou de manter distância do veículo da frente;Com Vítimas Feridas;2;Céu Claro;Pleno dia;terça-feira;Colisão traseira;Dupla;0;0;-21.27884073;-43.64475887;Segura;Sudeste;1 Trimestre
665188;2025.0;n;3.0;2025-03-04;SP;116;544;BARRA DO TURVO;Velocidade Incompatível;Com Vítimas Feridas;1;Sol;Pleno dia;terça-feira;Tombamento;Simples;0;0;-24,964432;-48,425576;Segura;Sudeste;1 Trimestre
595875;2024.0;n;4.0;2024-04-23;PR;369;142,7;IBIPORA;Reação tardia ou ineficiente do condutor;Sem Vítimas;1;Céu Claro;Pleno dia;terça-feira;Saída de leito carroçável;Dupla;0;0;-23.29246785;-51.08991802;Segura;Sul;2 Trimestre
618296;2024.0;n;8.0;2024-08-01;MG;116;387,6;GOVERNADOR VALADARES;Transitar na contramão;Com Vítimas Fatais;2;Céu Claro;Pleno dia;quinta-feira;Colisão traseira;Simples;1;0;-18.66146249;-41.97536945;Perigosa;Sudeste;3 Trimestre
623410;2024.0;n;8.0;2024-08-24;MS;60;349,3;CAMPO GRANDE;Condutor Dormindo;Com Vítimas Feridas;2;Garoa/Chuvisco;Plena Noite;sábado;Colisão frontal;Simples;0;2;-20.426116;-54.735886;Perigosa;Centro-Oeste;3 Trimestre
629375;2024.0;n;9.0;2024-09-20;SE;101;155;ESTANCIA;Ausência de reação do condutor;Com Vítimas Feridas;1;Céu Claro;Pleno dia;sexta-feira;Tombamento;Simples;0;0;-11.28543839;-37.45485295;Segura;Nordeste;3 Trimestre
653325;2025.0;n;1.0;2025-01-05;SP;381;76;SAO PAULO;Velocidade Incompatível;Com Vítimas Feridas;2;Céu Claro;Pleno dia;domingo;Colisão lateral mesmo sentido;Dupla;0;0;-23,38372401;-46,56502116;Segura;Sudeste;1 Trimestre
572762;2024.0;n;1.0;2024-01-05;RJ;116;144;DUQUE DE CAXIAS;Ausência de reação do condutor;Com Vítimas Feridas;2;Garoa/Chuvisco;Pleno dia;sexta-feira;Colisão traseira;Dupla;0;0;-22.65737709;-43.24724694;Segura;Sudeste;1 Trimestre
574850;2024.0;n;1.0;2024-01-15;SC;282;45,8;AGUAS MORNAS;Manobra de mudança de faixa;Com Vítimas Feridas;3;Céu Claro;Pleno dia;segunda-feira;Colisão lateral sentido oposto;Simples;0;0;-27.719851;-48.916126;Segura;Sul;1 Trimestre
653227;2025.0;n;1.0;2025-01-04;PR;277;422,8;CANTAGALO;Ingestão de álcool pelo condutor;Com Vítimas Feridas;4;Céu Claro;Plena Noite;sábado;Colisão frontal;Simples;0;0;-25,39207098;-52,10673809;Segura;Sul;1 Trimestre
623389;2024.0;n;8.0;2024-08-24;MS;163;476;CAMPO GRANDE;Reação tardia ou ineficiente do condutor;Com Vítimas Fatais;6;Garoa/Chuvisco;Anoitecer;sábado;Colisão frontal;Simples;1;0;-20.50427591;-54.55557367;Perigosa;Centro-Oeste;3 Trimestre
591476;2024.0;n;4.0;2024-04-02;PI;135;82,9;SEBASTIAO LEAL;Ausência de reação do condutor;Com Vítimas Fatais;1;Céu Claro;Pleno dia;terça-feira;Saída de leito carroçável;Simples;1;0;-7.35411489;-43.74954313;Perigosa;Nordeste;2 Trimestre
685815;2025.0;y;4.0;2025-04-18;PA;155;285;ELDORADO DO CARAJAS;Ingestão de substâncias psicoativas pelo condutor;Sem Vítimas;3;Céu Claro;Pleno dia;sexta-feira;Saída de leito carroçável;Simples;0;0;-5,857305;-49,195978;Segura;Norte;2 Trimestre
578938;2024.0;n;2.0;2024-02-04;MG;381;484;BETIM;Reação tardia ou ineficiente do condutor;Com Vítimas Feridas;4;Nublado;Pleno dia;domingo;Tombamento;Dupla;0;0;-19.95531717;-44.11722196;Segura;Sudeste;1 Trimestre
672559;2025.0;n;4.0;2025-04-09;RN;101;100,1;NATAL;Reação tardia ou ineficiente do condutor;Sem Vítimas;1;Céu Claro;Pleno dia;quarta-feira;Colisão com objeto;Dupla;0;0;-5,88043457;-35,22509694;Segura;Nordeste;2 Trimestre
606998;2024.0;n;6.0;2024-06-12;MG;40;444;PARAOPEBA;Carga excessiva e/ou mal acondicionada;Sem Vítimas;1;Céu Claro;Anoitecer;quarta-feira;Tombamento;Dupla;0;0;-19.28815;-44.392;Segura;Sudeste;2 Trimestre
583002;2024.0;n;2.0;2024-02-24;PR;153;33;SANTO ANTONIO DA PLATINA;Demais falhas mecânicas ou elétricas;Com Vítimas Feridas;9;Céu Claro;Pleno dia;sábado;Colisão lateral sentido oposto;Simples;0;1;-23.23229394;-50.0364961;Perigosa;Sul;1 Trimestre
618566;2024.0;n;8.0;2024-08-02;SC;470;66,5;INDAIAL;Ausência de reação do condutor;Com Vítimas Feridas;2;Céu Claro;Anoitecer;sexta-feira;Colisão transversal;Simples;0;0;-26.87017851;-49.22745109;Segura;Sul;3 Trimestre
578499;2024.0;n;2.0;2024-02-01;SC;153;0,6;AGUA DOCE;Reação tardia ou ineficiente do condutor;Com Vítimas Feridas;1;Céu Claro;Plena Noite;quinta-feira;Saída de leito carroçável;Dupla;0;0;-26.61054;-51.485115;Segura;Sul;1 Trimestre
619465;2024.0;n;8.0;2024-08-06;PR;163;215,8;CASCAVEL;Velocidade Incompatível;Com Vítimas Feridas;3;Céu Claro;Pleno dia;terça-feira;Colisão lateral mesmo sentido;Dupla;0;0;-25.002954;-53.554954;Segura;Sul;3 Trimestre
660323;2025.0;n;2.0;2025-02-09;MG;40;175,9;JOAO PINHEIRO;Velocidade Incompatível;Com Vítimas Feridas;3;Céu Claro;Pleno dia;domingo;Tombamento;Simples;0;1;-17,94634903;-46,02505001;Perigosa;Sudeste;1 Trimestre
656917;2025.0;n;1.0;2025-01-23;RJ;393;255;BARRA DO PIRAI;Acessar a via sem observar a presença dos outros veículos;Com Vítimas Feridas;3;Nublado;Pleno dia;quinta-feira;Colisão transversal;Dupla;0;8;-22,45630908;-43,83881807;Perigosa;Sudeste;1 Trimestre
622421;2024.0;n;8.0;2024-08-20;PR;277;633;CEU AZUL;Acessar a via sem observar a presença dos outros veículos;Sem Vítimas;3;Céu Claro;Plena Noite;terça-feira;Colisão transversal;Simples;0;0;-25.12561603;-53.81847024;Segura;Sul;3 Trimestre
628925;2024.0;n;9.0;2024-09-18;ES;101;146,5;LINHARES;Reação tardia ou ineficiente do condutor;Com Vítimas Feridas;2;Nublado;Pleno dia;quarta-feira;Colisão traseira;Múltipla;0;0;-19.36990998;-40.06560718;Segura;Sudeste;3 Trimestre
598781;2024.0;n;5.0;2024-05-07;SC;470;62;INDAIAL;Trafegar com motocicleta (ou similar) entre as faixas;Com Vítimas Feridas;2;Céu Claro;Pleno dia;terça-feira;Colisão transversal;Dupla;0;1;-26.874521;-49.182938;Perigosa;Sul;2 Trimestre
666022;2025.0;n;3.0;2025-03-08;TO;153;677;GURUPI;Ultrapassagem Indevida;Com Vítimas Feridas;4;Céu Claro;Plena Noite;sábado;Colisão frontal;Dupla;0;2;-11,75712764;-49,09168741;Perigosa;Norte;1 Trimestre
658592;2025.0;n;1.0;2025-01-31;PA;163;147;ALTAMIRA;Transitar na contramão;Com Vítimas Fatais;5;Nublado;Plena Noite;sexta-feira;Colisão frontal;Simples;1;1;-8,41616187;-55,10111522;Perigosa;Norte;1 Trimestre
589925;2024.0;n;3.0;2024-03-16;RO;364;492;ARIQUEMES;Condutor deixou de manter distância do veículo da frente;Com Vítimas Fatais;2;Céu Claro;Plena Noite;sábado;Colisão traseira;Simples;1;0;-10.09560911;-62.96269506;Perigosa;Norte;1 Trimestre
625206;2024.0;n;9.0;2024-09-01;MG;116;561;MANHUACU;Transitar na contramão;Com Vítimas Feridas;3;Céu Claro;Plena Noite;domingo;Colisão frontal;Simples;0;1;-20.04079579;-42.17396159;Perigosa;Sudeste;3 Trimestre
573937;2024.0;n;1.0;2024-01-11;SC;101;97;BALNEARIO PICARRAS;Manobra de mudança de faixa;Com Vítimas Feridas;2;Sol;Pleno dia;quinta-feira;Colisão lateral sentido oposto;Múltipla;0;0;-26.72823703;-48.70224928;Segura;Sul;1 Trimestre
618250;2024.0;n;7.0;2024-07-24;PE;423;114,6;PARANATAMA;Ausência de sinalização;Sem Vítimas;2;Garoa/Chuvisco;Plena Noite;quarta-feira;Colisão traseira;Simples;0;0;-8.8998297;-36.64277108;Segura;Nordeste;3 Trimestre
605215;2024.0;n;6.0;2024-06-04;PA;163;671;ITAITUBA;Reação tardia ou ineficiente do condutor;Sem Vítimas;2;Céu Claro;Pleno dia;terça-feira;Colisão lateral mesmo sentido;Simples;0;0;-4.37670802;-55.78596133;Segura;Norte;2 Trimestre
688075;2025.0;n;4.0;2025-04-29;ES;101;438,9;PRESIDENTE KENNEDY;Acessar a via sem observar a presença dos outros veículos;Com Vítimas Feridas;2;Nublado;Pleno dia;terça-feira;Colisão transversal;Simples;0;0;-21,07210384;-41,22784281;Segura;Sudeste;2 Trimestre
590146;2024.0;n;3.0;2024-03-27;SC;101;41;JOINVILLE;Reação tardia ou ineficiente do condutor;Sem Vítimas;2;Céu Claro;Pleno dia;quarta-feira;Derramamento de carga;Múltipla;0;0;-26.31698544;-48.87319028;Segura;Sul;1 Trimestre
608710;2024.0;n;6.0;2024-06-20;MG;381;779,8;CAMPANHA;Velocidade Incompatível;Sem Vítimas;1;Nublado;Pleno dia;quinta-feira;Colisão com objeto;Dupla;0;0;-21.83682863;-45.50981014;Segura;Sudeste;2 Trimestre
618587;2024.0;n;8.0;2024-08-02;BA;101;849,7;ALCOBACA;Manobra de mudança de faixa;Com Vítimas Fatais;4;Nublado;Pleno dia;sexta-feira;Colisão lateral mesmo sentido;Simples;1;0;-17.327788;-39.631095;Perigosa;Nordeste;3 Trimestre
619596;2024.0;n;8.0;2024-08-06;MT;70;160;GENERAL CARNEIRO;Velocidade Incompatível;Com Vítimas Fatais;4;Céu Claro;Pleno dia;terça-feira;Capotamento;Simples;1;0;-15.554613;-53.45758;Perigosa;Centro-Oeste;3 Trimestre
589115;2024.0;n;3.0;2024-03-22;BA;242;898;LUIS EDUARDO MAGALHAES;Transitar na contramão;Com Vítimas Feridas;4;Céu Claro;Plena Noite;sexta-feira;Colisão frontal;Simples;0;1;-12.12138541;-46.01076683;Perigosa;Nordeste;1 Trimestre
672345;2025.0;n;4.0;2025-04-08;MS;262;239;RIBAS DO RIO PARDO;Desrespeitar a preferência no cruzamento;Com Vítimas Feridas;2;Céu Claro;Pleno dia;terça-feira;Colisão transversal;Simples;0;0;-20,457;-53,75;Segura;Centro-Oeste;2 Trimestre
583461;2024.0;n;2.0;2024-02-26;MG;381;453,8;SABARA;Mal súbito do condutor;Com Vítimas Feridas;4;Céu Claro;Pleno dia;segunda-feira;Colisão frontal;Simples;0;1;-19.84175157;-43.8628847;Perigosa;Sudeste;1 Trimestre
595261;2024.0;n;4.0;2024-04-20;BA;324;355;CAPIM GROSSO;Acessar a via sem observar a presença dos outros veículos;Com Vítimas Feridas;2;Nublado;Pleno dia;sábado;Colisão transversal;Simples;0;2;-11.38379287;-40.00006199;Perigosa;Nordeste;2 Trimestre
660587;2025.0;n;2.0;2025-02-10;RJ;116;271;VOLTA REDONDA;Reação tardia ou ineficiente do condutor;Com Vítimas Feridas;2;Sol;Pleno dia;segunda-feira;Colisão com objeto;Múltipla;0;0;-22,55785881;-44,13371086;Segura;Sudeste;1 Trimestre
588745;2024.0;n;3.0;2024-03-21;SP;116;138;SAO JOSE DOS CAMPOS;Reação tardia ou ineficiente do condutor;Com Vítimas Feridas;2;Céu Claro;Pleno dia;quinta-feira;Colisão traseira;Dupla;0;1;-23.1572739;-45.79554605;Perigosa;Sudeste;1 Trimestre
613840;2024.0;n;7.0;2024-07-12;RJ;101;255;RIO BONITO;Neblina;Com Vítimas Feridas;2;Nevoeiro/Neblina;Amanhecer;sexta-feira;Colisão traseira;Dupla;0;1;-22.69421578;-42.55904705;Perigosa;Sudeste;3 Trimestre
588550;2024.0;n;3.0;2024-03-20;MG;365;248;BURITIZEIRO;Condutor Dormindo;Com Vítimas Feridas;5;Céu Claro;Pleno dia;quarta-feira;Colisão frontal;Simples;0;1;-17.81227211;-45.44605062;Perigosa;Sudeste;1 Trimestre
609497;2024.0;n;6.0;2024-06-07;PE;408;26;TIMBAUBA;Ausência de reação do condutor;Com Vítimas Feridas;4;Nublado;Pleno dia;sexta-feira;Colisão lateral sentido oposto;Simples;0;0;-7.52257159;-35.29948406;Segura;Nordeste;2 Trimestre
615475;2024.0;n;7.0;2024-07-19;PE;101;92;CABO DE SANTO AGOSTINHO;Pista Escorregadia;Com Vítimas Feridas;3;Chuva;Pleno dia;sexta-feira;Colisão com objeto;Dupla;0;2;-8.23201792;-34.99778611;Perigosa;Nordeste;3 Trimestre
596005;2024.0;n;4.0;2024-04-24;RN;405;2;MOSSORO;Ausência de reação do condutor;Com Vítimas Feridas;2;Céu Claro;Pleno dia;quarta-feira;Colisão transversal;Dupla;0;1;-5.19282682;-37.37112402;Perigosa;Nordeste;2 Trimestre
583585;2024.0;n;1.0;2024-01-26;MG;116;411,4;GOVERNADOR VALADARES;Condutor Dormindo;Com Vítimas Feridas;2;Nublado;Plena Noite;sexta-feira;Colisão lateral mesmo sentido;Dupla;0;1;-18.87193533;-41.96834207;Perigosa;Sudeste;1 Trimestre
662200;2025.0;n;2.0;2025-02-18;PR;369;425,1;UBIRATA;Reação tardia ou ineficiente do condutor;Sem Vítimas;3;Nublado;Pleno dia;terça-feira;Colisão traseira;Simples;0;0;-24,52421;-52,94111;Segura;Sul;1 Trimestre