id;ano;feriado;mes;data_inversa;uf;br;km;municipio;causa_acidente;classificacao_acidente;veiculos;condicao_metereologica;fase_dia;dia_semana;tipo_acidente;tipo_pista;mortos;feridos_graves;latitude;longitude;status;regiao;periodo
575498;2024.0;n;1.0;2024-01-18;MG;381;592,3;CARMOPOLIS DE MINAS;Velocidade Incompatível;Com Vítimas Fatais;2;Céu Claro;Pleno dia;quinta-feira;Saída de leito carroçável;Dupla;2;1;-20.560258;-44.663513;Perigosa;Sudeste;1 Trimestre
608091;2024.0;n;6.0;2024-06-17;BA;415;52;ITABUNA;Conversão proibida;Com Vítimas Feridas;2;Garoa/Chuvisco;Pleno dia;segunda-feira;Colisão transversal;Simples;0;0;-14.81574494;-39.29612388;Segura;Nordeste;2 Trimestre
584072;2024.0;n;2.0;2024-02-29;RS;116;515;PELOTAS;Acessar a via sem observar a presença dos outros veículos;Com Vítimas Feridas;2;Céu Claro;Pleno dia;quinta-feira;Colisão traseira;Simples;0;0;-31.66114092;-52.3386834;Segura;Sul;1 Trimestre
579681;2024.0;n;2.0;2024-02-07;PR;376;323;ORTIGUEIRA;Reação tardia ou ineficiente do condutor;Com Vítimas Fatais;3;Céu Claro;Pleno dia;quarta-feira;Saída de leito carroçável;Simples;1;2;-24.043;-51.077;Perigosa;Sul;1 Trimestre
670725;2025.0;n;1.0;2025-01-13;MA;316;518;CAXIAS;Ingestão de álcool pelo condutor;Com Vítimas Feridas;2;Chuva;Plena Noite;segunda-feira;Tombamento;Simples;0;1;-4,767323;-43,61478;Perigosa;Nordeste;1 Trimestre
579409;2024.0;n;2.0;2024-02-06;PR;163;19,1;BOM JESUS DO SUL;Ausência de reação do condutor;Com Vítimas Feridas;3;Céu Claro;Pleno dia;terça-feira;Colisão lateral sentido oposto;Simples;0;0;-26.2185571;-53.63797285;Segura;Sul;1 Trimestre
661191;2025.0;n;2.0;2025-02-13;PR;376;660;TIJUCAS DO SUL;Velocidade Incompatível;Com Vítimas Feridas;2;Chuva;Pleno dia;quinta-feira;Saída de leito carroçável;Dupla;0;0;-25,8516758;-49,00332398;Segura;Sul;1 Trimestre
669195;2025.0;n;3.0;2025-03-24;PR;163;259;TOLEDO;Mal súbito do condutor;Com Vítimas Fatais;2;Céu Claro;Plena Noite;segunda-feira;Saída de leito carroçável;Dupla;1;0;-24,641012;-53,857046;Perigosa;Sul;1 Trimestre
669240;2025.0;n;3.0;2025-03-24;SP;153;268,8;VERA CRUZ;Reação tardia ou ineficiente do condutor;Sem Vítimas;3;Céu Claro;Pleno dia;segunda-feira;Colisão traseira;Simples;0;0;-22,33697;-49,89868;Segura;Sudeste;1 Trimestre
596030;2024.0;n;4.0;2024-04-24;MG;40;524;CONTAGEM;Ausência de reação do condutor;Com Vítimas Fatais;2;Céu Claro;Pleno dia;quarta-feira;Saída de leito carroçável;Dupla;1;0;-19.8754469;-44.05345586;Perigosa;Sudeste;2 Trimestre
616183;2024.0;n;7.0;2024-07-22;ES;101;268,4;SERRA;Trafegar com motocicleta (ou similar) entre as faixas;Com Vítimas Feridas;4;Sol;Pleno dia;segunda-feira;Colisão traseira;Múltipla;0;1;-20.20842;-40.269405;Perigosa;Sudeste;3 Trimestre
615152;2024.0;n;7.0;2024-07-17;MG;116;25,2;CACHOEIRA DE PAJEU;Ausência de reação do condutor;Com Vítimas Feridas;2;Céu Claro;Plena Noite;quarta-feira;Saída de leito carroçável;Simples;0;0;-15.87144601;-41.43021999;Segura;Sudeste;3 Trimestre
610049;2024.0;n;6.0;2024-06-25;ES;101;61,1;SAO MATEUS;Condutor deixou de manter distância do veículo da frente;Com Vítimas Feridas;2;Nublado;Plena Noite;terça-feira;Colisão traseira;Simples;0;0;-18.68153217;-39.86364755;Segura;Sudeste;2 Trimestre
658421;2025.0;n;1.0;2025-01-31;RJ;393;241;VASSOURAS;Manobra de mudança de faixa;Com Vítimas Feridas;2;Céu Claro;Pleno dia;sexta-feira;Colisão lateral mesmo sentido;Simples;0;0;-22,41971814;-43,68447089;Segura;Sudeste;1 Trimestre
622200;2024.0;n;8.0;2024-08-18;MG;50;71;UBERLANDIA;Carga excessiva e/ou mal acondicionada;Sem Vítimas;1;Céu Claro;Pleno dia;domingo;Derramamento de carga;Dupla;0;0;-18.85140204;-48.25345932;Segura;Sudeste;3 Trimestre
574823;2024.0;n;1.0;2024-01-15;SP;459;32;LORENA;Demais falhas mecânicas ou elétricas;Com Vítimas Feridas;2;Céu Claro;Pleno dia;segunda-feira;Capotamento;Simples;0;0;-22.74157511;-45.09206392;Segura;Sudeste;1 Trimestre
590239;2024.0;n;3.0;2024-03-27;RJ;356;64;ITAPERUNA;Velocidade Incompatível;Sem Vítimas;2;Nublado;Anoitecer;quarta-feira;Tombamento;Simples;0;0;-21.341824;-41.71171;Segura;Sudeste;1 Trimestre
587997;2024.0;n;3.0;2024-03-17;PA;230;740;MEDICILANDIA;Estacionar ou parar em local proibido;Com Vítimas Fatais;2;Céu Claro;Plena Noite;domingo;Colisão traseira;Simples;1;0;-3.442947;-52.84863;Perigosa;Norte;1 Trimestre
585777;2024.0;n;3.0;2024-03-08;MS;376;135,6;IVINHEMA;Transitar na contramão;Com Vítimas Feridas;3;Nublado;Amanhecer;sexta-feira;Colisão frontal;Simples;0;0;-22.36937018;-53.68990909;Segura;Centro-Oeste;1 Trimestre
626952;2024.0;n;9.0;2024-09-09;RJ;116;29;SAPUCAIA;Velocidade Incompatível;Com Vítimas Feridas;1;Céu Claro;Pleno dia;segunda-feira;Tombamento;Simples;0;0;-22.06368718;-42.79432297;Segura;Sudeste;3 Trimestre
577814;2024.0;n;1.0;2024-01-29;RJ;101;66;CAMPOS DOS GOYTACAZES;Manobra de mudança de faixa;Com Vítimas Feridas;2;Sol;Pleno dia;segunda-feira;Colisão lateral mesmo sentido;Dupla;0;0;-21.76090387;-41.34788959;Segura;Sudeste;1 Trimestre
624162;2024.0;n;8.0;2024-08-28;SP;116;220;GUARULHOS;Reação tardia ou ineficiente do condutor;Com Vítimas Feridas;2;Sol;Pleno dia;quarta-feira;Colisão com objeto;Múltipla;0;1;-23.46472809;-46.49793962;Perigosa;Sudeste;3 Trimestre
572289;2024.0;n;1.0;2024-01-03;MA;222;532;BOM JESUS DAS SELVAS;Ausência de reação do condutor;Sem Vítimas;2;Nublado;Plena Noite;quarta-feira;Saída de leito carroçável;Simples;0;0;-4.29916976;-46.49522097;Segura;Nordeste;1 Trimestre
589474;2024.0;n;3.0;2024-03-24;AM;174;1068;PRESIDENTE FIGUEIREDO;Condutor Dormindo;Sem Vítimas;1;Chuva;Amanhecer;domingo;Saída de leito carroçável;Simples;0;0;-1.44333999;-60.29811299;Segura;Norte;1 Trimestre
583050;2024.0;n;2.0;2024-02-24;BA;116;813;VITORIA DA CONQUISTA;Reação tardia ou ineficiente do condutor;Com Vítimas Feridas;4;Céu Claro;Pleno dia;sábado;Colisão transversal;Simples;0;0;-14.764626;-40.70569;Segura;Nordeste;1 Trimestre
584764;2024.0;n;3.0;2024-03-03;PR;369;508,2;CASCAVEL;Velocidade Incompatível;Com Vítimas Feridas;3;Sol;Pleno dia;domingo;Tombamento;Dupla;0;0;-24.96458394;-53.40042114;Segura;Sul;1 Trimestre
580306;2024.0;n;2.0;2024-02-10;RJ;356;107;CARDOSO MOREIRA;Afundamento ou ondulação no pavimento;Sem Vítimas;1;Sol;Pleno dia;sábado;Tombamento;Simples;0;0;-21.54542261;-41.4746409;Segura;Sudeste;1 Trimestre
629329;2024.0;n;9.0;2024-09-20;PR;277;7;PARANAGUA;Manobra de mudança de faixa;Com Vítimas Feridas;5;Nublado;Pleno dia;sexta-feira;Colisão lateral mesmo sentido;Dupla;0;0;-25.568198;-48.615292;Segura;Sul;3 Trimestre
581599;2024.0;n;2.0;2024-02-16;BA;135;155;RIACHAO DAS NEVES;Ausência de reação do condutor;Com Vítimas Fatais;2;Céu Claro;Plena Noite;sexta-feira;Saída de leito carroçável;Simples;1;0;-11.97308396;-44.92264505;Perigosa;Nordeste;1 Trimestre
573678;2024.0;n;1.0;2024-01-10;PB;101;42,2;MAMANGUAPE;Ausência de reação do condutor;Com Vítimas Fatais;2;Céu Claro;Plena Noite;quarta-feira;Saída de leito carroçável;Dupla;1;0;-6.85879418;-35.13429236;Perigosa;Nordeste;1 Trimestre
670932;2025.0;n;4.0;2025-04-01;RS;158;537;SANTANA DO LIVRAMENTO;Transtornos Mentais (exceto suicidio);Com Vítimas Feridas;6;Nublado;Pleno dia;terça-feira;Saída de leito carroçável;Simples;0;1;-30,799549;-55,242043;Perigosa;Sul;2 Trimestre
574106;2024.0;n;1.0;2024-01-12;PR;376;196,7;MARIALVA;Demais falhas mecânicas ou elétricas;Sem Vítimas;2;Céu Claro;Amanhecer;sexta-feira;Incêndio;Dupla;0;0;-23.50107252;-51.77839279;Segura;Sul;1 Trimestre
656773;2025.0;n;1.0;2025-01-23;PR;116;133;FAZENDA RIO GRANDE;Reação tardia ou ineficiente do condutor;Com Vítimas Feridas;3;Nevoeiro/Neblina;Amanhecer;quinta-feira;Colisão traseira;Dupla;0;0;-25,704212;-49,319861;Segura;Sul;1 Trimestre
655499;2025.0;n;1.0;2025-01-16;MT;163;533,1;DIAMANTINO;Avarias e/ou desgaste excessivo no pneu;Sem Vítimas;4;Céu Claro;Pleno dia;quinta-feira;Tombamento;Dupla;0;0;-14,35703148;-56,1504364;Segura;Centro-Oeste;1 Trimestre
604180;2024.0;n;5.0;2024-05-31;PE;232;9;JABOATAO DOS GUARARAPES;Ausência de reação do condutor;Com Vítimas Fatais;4;Céu Claro;Pleno dia;sexta-feira;Colisão lateral mesmo sentido;Dupla;1;1;-8.079102;-34.986223;Perigosa;Nordeste;2 Trimestre
688376;2025.0;n;4.0;2025-04-30;MS;359;55;COSTA RICA;Reação tardia ou ineficiente do condutor;Com Vítimas Feridas;3;Céu Claro;Pleno dia;quarta-feira;Tombamento;Simples;0;0;-18,407;-53,372;Segura;Centro-Oeste;2 Trimestre
603971;2024.0;n;5.0;2024-05-30;RS;392;245,3;CACAPAVA DO SUL;Ingestão de álcool pelo condutor;Com Vítimas Fatais;3;Nevoeiro/Neblina;Amanhecer;quinta-feira;Colisão frontal;Simples;1;0;-30.57918234;-53.39586683;Perigosa;Sul;2 Trimestre
614737;2024.0;n;7.0;2024-07-15;AL;101;200;SAO SEBASTIAO;Ingestão de álcool pelo condutor;Sem Vítimas;2;Céu Claro;Plena Noite;segunda-feira;Colisão traseira;Simples;0;0;-9.95081664;-36.54113619;Segura;Nordeste;3 Trimestre
618645;2024.0;n;8.0;2024-08-03;PR;376;254;CALIFORNIA;Reação tardia ou ineficiente do condutor;Com Vítimas Feridas;2;Céu Claro;Plena Noite;sábado;Saída de leito carroçável;Simples;0;0;-23.64015459;-51.37841105;Segura;Sul;3 Trimestre
579098;2024.0;n;2.0;2024-02-05;RS;293;14;CAPAO DO LEAO;Acessar a via sem observar a presença dos outros veículos;Sem Vítimas;2;Nublado;Plena Noite;segunda-feira;Colisão lateral mesmo sentido;Simples;0;0;-31.75233352;-52.4609969;Segura;Sul;1 Trimestre
585762;2024.0;n;3.0;2024-03-07;MG;116;641,4;FERVEDOURO;Velocidade Incompatível;Com Vítimas Feridas;2;Céu Claro;Plena Noite;quinta-feira;Colisão lateral sentido oposto;Simples;0;0;-20.65732166;-42.26225853;Segura;Sudeste;1 Trimestre
586915;2024.0;n;3.0;2024-03-12;PA;163;518,6;TRAIRAO;Manobra de mudança de faixa;Com Vítimas Feridas;8;Chuva;Pleno dia;terça-feira;Colisão frontal;Simples;0;1;-5.36932212;-55.88988638;Perigosa;Norte;1 Trimestre
613154;2024.0;n;7.0;2024-07-09;RS;386;444;CANOAS;Entrada inopinada do pedestre;Com Vítimas Fatais;3;Céu Claro;Plena Noite;terça-feira;Atropelamento de Pedestre;Múltipla;1;0;-29.892885;-51.192703;Perigosa;Sul;3 Trimestre
612849;2024.0;n;7.0;2024-07-07;BA;116;12,9;VITORIA DA CONQUISTA;Acessar a via sem observar a presença dos outros veículos;Com Vítimas Feridas;2;Céu Claro;Plena Noite;domingo;Colisão transversal;Simples;0;1;-14.87362135;-40.87145805;Perigosa;Nordeste;3 Trimestre
662846;2025.0;n;2.0;2025-02-22;SC;101;1,4;GARUVA;Problema com o freio;Sem Vítimas;2;Céu Claro;Plena Noite;sábado;Incêndio;Múltipla;0;0;-25,99325334;-48,88105452;Segura;Sul;1 Trimestre
669090;2025.0;n;3.0;2025-03-23;MG;50;194;DELTA;Estacionar ou parar em local proibido;Com Vítimas Feridas;6;Chuva;Pleno dia;domingo;Colisão traseira;Dupla;0;0;-19,89003;-47,84684;Segura;Sudeste;1 Trimestre
612659;2024.0;n;7.0;2024-07-06;PA;308;161,9;CAPANEMA;Ausência de reação do condutor;Com Vítimas Fatais;1;Céu Claro;Plena Noite;sábado;Saída de leito carroçável;Simples;1;0;-1.20786421;-47.09654994;Perigosa;Norte;3 Trimestre
619519;2024.0;n;8.0;2024-08-06;GO;414;311,3;VILA PROPICIO;Ausência de reação do condutor;Com Vítimas Feridas;4;Céu Claro;Anoitecer;terça-feira;Colisão traseira;Simples;0;1;-15.20091703;-48.70185812;Perigosa;Centro-Oeste;3 Trimestre
603169;2024.0;n;5.0;2024-05-26;PE;101;65,6;RECIFE;Reação tardia ou ineficiente do condutor;Com Vítimas Fatais;3;Céu Claro;Pleno dia;domingo;Colisão traseira;Múltipla;1;1;-8.02478597;-34.94276635;Perigosa;Nordeste;2 Trimestre
601253;2024.0;n;5.0;2024-05-18;BA;116;793;VITORIA DA CONQUISTA;Ultrapassagem Indevida;Com Vítimas Feridas;2;Nublado;Pleno dia;sábado;Colisão lateral sentido oposto;Simples;0;0;-14.6847133;-40.54154493;Segura;Nordeste;2 Trimestre
585523;2024.0;n;3.0;2024-03-06;RO;364;399;OURO PRETO DO OESTE;Ausência de reação do condutor;Sem Vítimas;2;Céu Claro;Pleno dia;quarta-feira;Colisão traseira;Simples;0;0;-10.61069397;-62.33724697;Segura;Norte;1 Trimestre
657986;2025.0;n;1.0;2025-01-29;RJ;116;292,5;BARRA MANSA;Objeto estático sobre o leito carroçável;Com Vítimas Feridas;1;Nublado;Amanhecer;quarta-feira;Tombamento;Dupla;0;0;-22,46511993;-44,28491095;Segura;Sudeste;1 Trimestre
580776;2024.0;n;2.0;2024-02-12;ES;262;33,6;DOMINGOS MARTINS;Problema com o freio;Com Vítimas Feridas;1;Céu Claro;Pleno dia;segunda-feira;Tombamento;Simples;0;0;-20.37535106;-40.58433127;Segura;Sudeste;1 Trimestre
578016;2024.0;n;1.0;2024-01-30;SC;101;295;IMBITUBA;Ausência de reação do condutor;Com Vítimas Feridas;3;Céu Claro;Pleno dia;terça-feira;Colisão traseira;Dupla;0;0;-28.29854333;-48.71633767;Segura;Sul;1 Trimestre
652629;2025.0;y;1.0;2025-01-01;PR;277;213;PALMEIRA;Velocidade Incompatível;Com Vítimas Feridas;1;Nublado;Pleno dia;quarta-feira;Saída de leito carroçável;Simples;0;0;-25,461229;-50,331289;Segura;Sul;1 Trimestre
604226;2024.0;n;5.0;2024-05-31;MG;251;262,7;SALINAS;Reação tardia ou ineficiente do condutor;Com Vítimas Feridas;3;Nublado;Pleno dia;sexta-feira;Saída de leito carroçável;Simples;0;0;-15.99562225;-41.96051204;Segura;Sudeste;2 Trimestre
666491;2025.0;n;3.0;2025-03-10;MG;40;103;ITAOBIM;Demais falhas mecânicas ou elétricas;Sem Vítimas;2;Céu Claro;Plena Noite;segunda-feira;Incêndio;Simples;0;0;-16,530578;-41,505431;Segura;Sudeste;1 Trimestre
593122;2024.0;n;4.0;2024-04-10;SP;116;205;ARUJA;Condutor deixou de manter distância do veículo da frente;Com Vítimas Feridas;3;Céu Claro;Anoitecer;quarta-feira;Colisão traseira;Múltipla;0;0;-23.41475243;-46.36600788;Segura;Sudeste;2 Trimestre
600143;2024.0;n;5.0;2024-05-13;PR;277;226;FERNANDES PINHEIRO;Reação tardia ou ineficiente do condutor;Com Vítimas Feridas;2;Céu Claro;Plena Noite;segunda-feira;Colisão frontal;Simples;0;1;-25.45787055;-50.43363476;Perigosa;Sul;2 Trimestre
617518;2024.0;n;7.0;2024-07-28;MG;381;477;CONTAGEM;Manobra de mudança de faixa;Com Vítimas Feridas;2;Céu Claro;Plena Noite;domingo;Colisão lateral mesmo sentido;Dupla;0;0;-19.96179268;-44.05041676;Segura;Sudeste;3 Trimestre
622294;2024.0;n;8.0;2024-08-19;MG;251;474;FRANCISCO SA;Reação tardia ou ineficiente do condutor;Com Vítimas Fatais;8;Céu Claro;Pleno dia;segunda-feira;Colisão traseira;Simples;5;8;-16.47130466;-43.45673904;Perigosa;Sudeste;3 Trimestre
587832;2024.0;n;3.0;2024-03-17;BA;101;445;AURELINO LEAL;Pedestre andava na pista;Com Vítimas Feridas;2;Céu Claro;Pleno dia;domingo;Atropelamento de Pedestre;Simples;0;1;-14.45733798;-39.32048009;Perigosa;Nordeste;1 Trimestre
664059;2025.0;n;2.0;2025-02-27;MG;381;864,7;POUSO ALEGRE;Carga excessiva e/ou mal acondicionada;Sem Vítimas;3;Céu Claro;Pleno dia;quinta-feira;Colisão com objeto;Dupla;0;0;-22,35187453;-45,92775015;Segura;Sudeste;1 Trimestre
607516;2024.0;n;6.0;2024-06-14;PE;232;271;SERTANIA;Demais falhas mecânicas ou elétricas;Com Vítimas Feridas;1;Garoa/Chuvisco;Plena Noite;sexta-feira;Saída de leito carroçável;Simples;0;0;-8.39671683;-37.22547891;Segura;Nordeste;2 Trimestre
617704;2024.0;n;7.0;2024-07-29;MG;50;136;UBERABA;Reação tardia ou ineficiente do condutor;Com Vítimas Feridas;3;Céu Claro;Pleno dia;segunda-feira;Colisão traseira;Dupla;0;0;-19.44189098;-48.06412595;Segura;Sudeste;3 Trimestre
628815;2024.0;n;9.0;2024-09-17;CE;116;401;UMARI;Demais falhas mecânicas ou elétricas;Sem Vítimas;2;Céu Claro;Plena Noite;terça-feira;Incêndio;Simples;0;0;-6.60370691;-38.8384497;Segura;Nordeste;3 Trimestre
628805;2024.0;n;9.0;2024-09-17;PA;163;518;TRAIRAO;Demais falhas mecânicas ou elétricas;Com Vítimas Feridas;4;Céu Claro;Pleno dia;terça-feira;Incêndio;Simples;0;0;-5.36932212;-55.88988638;Segura;Norte;3 Trimestre
593185;2024.0;n;4.0;2024-04-10;RS;116;309;GUAIBA;Reação tardia ou ineficiente do condutor;Com Vítimas Feridas;2;Nublado;Plena Noite;quarta-feira;Colisão transversal;Simples;0;1;-30.19187406;-51.39787181;Perigosa;Sul;2 Trimestre
603523;2024.0;n;5.0;2024-05-28;RS;116;244;SAO LEOPOLDO;Condutor deixou de manter distância do veículo da frente;Com Vítimas Feridas;2;Nublado;Pleno dia;terça-feira;Colisão traseira;Múltipla;0;0;-29.74933506;-51.15120649;Segura;Sul;2 Trimestre
656354;2025.0;n;1.0;2025-01-20;RO;364;5;VILHENA;Transitar no Acostamento;Com Vítimas Feridas;2;Céu Claro;Pleno dia;segunda-feira;Colisão traseira;Simples;0;1;-12,7863749;-60,0898697;Perigosa;Norte;1 Trimestre
623593;2024.0;n;8.0;2024-08-25;MG;251;316,9;SALINAS;Reação tardia ou ineficiente do condutor;Sem Vítimas;1;Céu Claro;Pleno dia;domingo;Tombamento;Simples;0;0;-16.16714237;-42.3231787;Segura;Sudeste;3 Trimestre
622739;2024.0;n;8.0;2024-08-21;MG;267;32;ARGIRITA;Ausência de reação do condutor;Com Vítimas Feridas;3;Céu Claro;Pleno dia;quarta-feira;Capotamento;Simples;0;0;-21.65213899;-42.85013179;Segura;Sudeste;3 Trimestre
653049;2025.0;n;1.0;2025-01-03;RS;158;329;SANTA MARIA;Entrada inopinada do pedestre;Com Vítimas Fatais;2;Céu Claro;Plena Noite;sexta-feira;Atropelamento de Pedestre;Dupla;1;0;-29,70285264;-53,83538961;Perigosa;Sul;1 Trimestre
608025;2024.0;n;6.0;2024-06-16;RJ;101;260;RIO BONITO;Reação tardia ou ineficiente do condutor;Com Vítimas Fatais;2;Céu Claro;Plena Noite;domingo;Saída de leito carroçável;Dupla;1;0;-22.70520044;-42.60578664;Perigosa;Sudeste;2 Trimestre
622594;2024.0;n;2.0;2024-02-06;MS;163;264;DOURADOS;Demais falhas mecânicas ou elétricas;Sem Vítimas;3;Céu Claro;Pleno dia;terça-feira;Incêndio;Dupla;0;0;-22.22742781;-54.7393301;Segura;Centro-Oeste;1 Trimestre
628565;2024.0;n;9.0;2024-09-16;PR;277;71;SAO JOSE DOS PINHAIS;Estacionar ou parar em local proibido;Sem Vítimas;3;Chuva;Pleno dia;segunda-feira;Colisão traseira;Dupla;0;0;-25.5099775;-49.1317293;Segura;Sul;3 Trimestre
576996;2024.0;n;1.0;2024-01-21;BA;101;657;ITAPEBI;Demais falhas mecânicas ou elétricas;Com Vítimas Feridas;2;Chuva;Pleno dia;domingo;Incêndio;Simples;0;0;-16.06028751;-39.61872714;Segura;Nordeste;1 Trimestre
685426;2025.0;n;4.0;2025-04-17;SC;101;73,7;ARAQUARI;Pedestre cruzava a pista fora da faixa;Com Vítimas Fatais;3;Céu Claro;Amanhecer;quinta-feira;Atropelamento de Pedestre;Dupla;1;0;-26,5423142;-48,712062;Perigosa;Sul;2 Trimestre
628847;2024.0;n;9.0;2024-09-18;MS;163;753;COXIM;Ausência de reação do condutor;Com Vítimas Feridas;2;Céu Claro;Pleno dia;quarta-feira;Saída de leito carroçável;Simples;0;0;-18.32026699;-54.66591553;Segura;Centro-Oeste;3 Trimestre
663842;2025.0;n;2.0;2025-02-26;BA;116;479,7;RAFAEL JAMBEIRO;Ausência de reação do condutor;Com Vítimas Feridas;3;Céu Claro;Pleno dia;quarta-feira;Saída de leito carroçável;Dupla;0;0;-12,5221;-39,3947;Segura;Nordeste;1 Trimestre
601766;2024.0;n;5.0;2024-05-20;GO;153;499;GOIANIA;Manobra de mudança de faixa;Com Vítimas Feridas;4;Céu Claro;Pleno dia;segunda-feira;Colisão lateral mesmo sentido;Múltipla;0;0;-16.7033;-49.2311;Segura;Centro-Oeste;2 Trimestre
613238;2024.0;n;7.0;2024-07-09;PA;316;32;SANTA IZABEL DO PARA;Ausência de reação do condutor;Com Vítimas Feridas;2;Céu Claro;Pleno dia;terça-feira;Colisão traseira;Dupla;0;2;-1.29833956;-48.18889696;Perigosa;Norte;3 Trimestre
611766;2024.0;n;7.0;2024-07-03;SE;101;97;SAO CRISTOVAO;Manobra de mudança de faixa;Sem Vítimas;4;Garoa/Chuvisco;Pleno dia;quarta-feira;Colisão lateral mesmo sentido;Dupla;0;0;-10.92296794;-37.17475104;Segura;Nordeste;3 Trimestre
673702;2025.0;n;4.0;2025-04-14;RS;392;352;SANTA MARIA;Pedestre - Ingestão de álcool/ substâncias psicoativas;Com Vítimas Feridas;3;Céu Claro;Pleno dia;segunda-feira;Queda de ocupante de veículo;Múltipla;0;1;-29,721437;-53,807078;Perigosa;Sul;2 Trimestre
622617;2024.0;n;8.0;2024-08-21;MG;381;579,1;CARMOPOLIS DE MINAS;Condutor Dormindo;Com Vítimas Feridas;2;Nublado;Plena Noite;quarta-feira;Saída de leito carroçável;Dupla;0;0;-20.478748;-44.585914;Segura;Sudeste;3 Trimestre
588142;2024.0;n;3.0;2024-03-18;MT;364;248,4;JUSCIMEIRA;Reação tardia ou ineficiente do condutor;Com Vítimas Feridas;4;Céu Claro;Pleno dia;segunda-feira;Colisão traseira;Dupla;0;0;-16.13033363;-54.83823376;Segura;Centro-Oeste;1 Trimestre
625504;2024.0;n;9.0;2024-09-03;SP;116;286;ITAPECERICA DA SERRA;Demais falhas mecânicas ou elétricas;Sem Vítimas;1;Céu Claro;Pleno dia;terça-feira;Incêndio;Dupla;0;0;-23.70925128;-46.87588966;Segura;Sudeste;3 Trimestre
572038;2024.0;n;1.0;2024-01-02;MS;158;56;PARANAIBA;Carga excessiva e/ou mal acondicionada;Sem Vítimas;4;Céu Claro;Plena Noite;terça-feira;Incêndio;Simples;0;0;-19.41028002;-51.39686402;Segura;Centro-Oeste;1 Trimestre
608479;2024.0;n;6.0;2024-06-19;PR;373;473;CORONEL VIVIDA;Transitar na contramão;Com Vítimas Feridas;3;Céu Claro;Plena Noite;quarta-feira;Colisão lateral sentido oposto;Simples;0;1;-25.96536316;-52.50330704;Perigosa;Sul;2 Trimestre
618294;2024.0;n;8.0;2024-08-01;BA;101;107;ALAGOINHAS;Reação tardia ou ineficiente do condutor;Sem Vítimas;3;Céu Claro;Pleno dia;quinta-feira;Colisão lateral mesmo sentido;Simples;0;0;-12.16492;-38.477026;Segura;Nordeste;3 Trimestre
607233;2024.0;n;6.0;2024-06-13;SC;101;134;BALNEARIO CAMBORIU;Reação tardia ou ineficiente do condutor;Com Vítimas Feridas;2;Nublado;Pleno dia;quinta-feira;Atropelamento de Pedestre;Múltipla;0;1;-27.00218;-48.636433;Perigosa;Sul;2 Trimestre
655771;2025.0;n;1.0;2025-01-18;MG;381;888;CAMBUI;Reação tardia ou ineficiente do condutor;Com Vítimas Feridas;2;Céu Claro;Plena Noite;sábado;Colisão traseira;Dupla;0;0;-22,52341926;-46,02378845;Segura;Sudeste;1 Trimestre
578326;2024.0;n;2.0;2024-02-01;RJ;101;158,2;MACAE;Transitar na contramão;Com Vítimas Feridas;2;Chuva;Plena Noite;quinta-feira;Colisão lateral sentido oposto;Simples;0;0;-22.26971348;-41.86750276;Segura;Sudeste;1 Trimestre
578001;2024.0;n;1.0;2024-01-30;SC;101;294;IMBITUBA;Ausência de reação do condutor;Sem Vítimas;4;Sol;Pleno dia;terça-feira;Colisão traseira;Dupla;0;0;-28.29220304;-48.71018095;Segura;Sul;1 Trimestre
652584;2025.0;y;1.0;2025-01-01;MG;381;408;NOVA UNIAO;Pista Escorregadia;Com Vítimas Feridas;1;Chuva;Pleno dia;quarta-feira;Saída de leito carroçável;Dupla;0;1;-19,72515688;-43,56957794;Perigosa;Sudeste;1 Trimestre
614450;2024.0;n;7.0;2024-07-14;MG;50;181;UBERABA;Condutor deixou de manter distância do veículo da frente;Com Vítimas Feridas;3;Céu Claro;Pleno dia;domingo;Colisão traseira;Dupla;0;0;-19.785967;-47.916336;Segura;Sudeste;3 Trimestre
590965;2024.0;n;3.0;2024-03-31;PB;116;9;CACHOEIRA DOS INDIOS;Demais falhas na via;Com Vítimas Feridas;2;Nublado;Pleno dia;domingo;Tombamento;Simples;0;0;-6.970903;-38.734009;Segura;Nordeste;1 Trimestre
580937;2024.0;n;2.0;2024-02-13;MG;116;688,6;MURIAE;Velocidade Incompatível;Com Vítimas Feridas;1;Céu Claro;Pleno dia;terça-feira;Tombamento;Simples;0;1;-21.00463422;-42.36667213;Perigosa;Sudeste;1 Trimestre
671571;2025.0;n;4.0;2025-04-04;RS;392;282;SAO SEPE;Demais falhas na via;Com Vítimas Feridas;4;Céu Claro;Plena Noite;sexta-feira;Colisão transversal;Simples;0;1;-30,29515822;-53,53823572;Perigosa;Sul;2 Trimestre
668767;2025.0;n;3.0;2025-03-22;PE;232;392,2;SERRA TALHADA;Ausência de reação do condutor;Com Vítimas Fatais;1;Céu Claro;Plena Noite;sábado;Colisão com objeto;Simples;1;0;-7,9887189;-38,2556437;Perigosa;Nordeste;1 Trimestre
625587;2024.0;n;9.0;2024-09-03;MG;381;948;EXTREMA;Reação tardia ou ineficiente do condutor;Com Vítimas Feridas;3;Céu Claro;Plena Noite;terça-feira;Queda de ocupante de veículo;Dupla;0;0;-22.87479042;-46.36655782;Segura;Sudeste;3 Trimestre
626207;2024.0;n;9.0;2024-09-06;SC;101;348,9;JAGUARUNA;Reação tardia ou ineficiente do condutor;Com Vítimas Fatais;6;Céu Claro;Pleno dia;sexta-feira;Colisão lateral mesmo sentido;Múltipla;1;0;-28.58872346;-49.04600501;Perigosa;Sul;3 Trimestre