id;ano;feriado;mes;data_inversa;uf;br;km;municipio;causa_acidente;classificacao_acidente;veiculos;condicao_metereologica;fase_dia;dia_semana;tipo_acidente;tipo_pista;mortos;feridos_graves;latitude;longitude;status;regiao;periodo
599940;2024.0;n;5.0;2024-05-11;BA;367;46;PORTO SEGURO;Acessar a via sem observar a presença dos outros veículos;Com Vítimas Feridas;2;Céu Claro;Plena Noite;sábado;Colisão traseira;Simples;0;1;-16.37147208;-39.26193802;Perigosa;Nordeste;2 Trimestre
656886;2025.0;n;1.0;2025-01-23;SP;116;218;GUARULHOS;Trafegar com motocicleta (ou similar) entre as faixas;Com Vítimas Feridas;2;Céu Claro;Pleno dia;quinta-feira;Colisão lateral mesmo sentido;Dupla;0;0;-23,457972;-46,479927;Segura;Sudeste;1 Trimestre
617669;2024.0;n;7.0;2024-07-29;PR;476;98;BOCAIUVA DO SUL;Transitar na contramão;Com Vítimas Fatais;4;Chuva;Pleno dia;segunda-feira;Colisão lateral sentido oposto;Simples;1;0;-25.23316685;-49.12787676;Perigosa;Sul;3 Trimestre
593682;2024.0;n;4.0;2024-04-13;MG;381;154;GOVERNADOR VALADARES;Acessar a via sem observar a presença dos outros veículos;Com Vítimas Feridas;4;Céu Claro;Pleno dia;sábado;Colisão lateral sentido oposto;Simples;0;1;-18.88190287;-41.99497022;Perigosa;Sudeste;2 Trimestre
687133;2025.0;n;4.0;2025-04-24;PR;376;345,5;ORTIGUEIRA;Velocidade Incompatível;Sem Vítimas;3;Chuva;Pleno dia;quinta-feira;Tombamento;Simples;0;0;-24,1739573;-50,96546888;Segura;Sul;2 Trimestre
623002;2024.0;n;8.0;2024-08-23;SP;116;215;GUARULHOS;Trafegar com motocicleta (ou similar) entre as faixas;Com Vítimas Feridas;4;Céu Claro;Amanhecer;sexta-feira;Colisão traseira;Múltipla;0;1;-23.44695693;-46.45394103;Perigosa;Sudeste;3 Trimestre
581542;2024.0;n;2.0;2024-02-16;ES;101;292;CARIACICA;Frear bruscamente;Com Vítimas Feridas;4;Nublado;Anoitecer;sexta-feira;Colisão traseira;Dupla;0;0;-20.30650512;-40.39488717;Segura;Sudeste;1 Trimestre
654540;2025.0;n;1.0;2025-01-11;MG;251;359,7;PADRE CARVALHO;Acessar a via sem observar a presença dos outros veículos;Com Vítimas Feridas;5;Nublado;Plena Noite;sábado;Colisão transversal;Simples;0;0;-16,26496;-42,58309;Segura;Sudeste;1 Trimestre
608420;2024.0;n;4.0;2024-04-06;PA;163;104;ALTAMIRA;Ausência de reação do condutor;Com Vítimas Feridas;6;Céu Claro;Anoitecer;sábado;Tombamento;Simples;0;1;-8.728298;-54.979658;Perigosa;Norte;2 Trimestre
586546;2024.0;n;3.0;2024-03-11;MG;40;567,2;NOVA LIMA;Reação tardia ou ineficiente do condutor;Com Vítimas Feridas;4;Céu Claro;Pleno dia;segunda-feira;Tombamento;Simples;0;1;-20.18749199;-43.96845002;Perigosa;Sudeste;1 Trimestre
611596;2024.0;n;7.0;2024-07-02;MG;381;507,9;SAO JOAQUIM DE BICAS;Animais na Pista;Com Vítimas Feridas;2;Céu Claro;Plena Noite;terça-feira;Atropelamento de Animal;Múltipla;0;0;-20.044142;-44.270616;Segura;Sudeste;3 Trimestre
619630;2024.0;n;7.0;2024-07-23;MG;262;103;ABRE CAMPO;Carga excessiva e/ou mal acondicionada;Com Vítimas Feridas;1;Céu Claro;Plena Noite;terça-feira;Tombamento;Simples;0;1;-20.28798201;-42.53964899;Perigosa;Sudeste;3 Trimestre
673357;2025.0;n;4.0;2025-04-13;PR;116;24,7;CAMPINA GRANDE DO SUL;Reação tardia ou ineficiente do condutor;Com Vítimas Feridas;3;Céu Claro;Plena Noite;domingo;Eventos atípicos;Dupla;0;0;-25,111698;-48,777113;Segura;Sul;2 Trimestre
656051;2025.0;n;1.0;2025-01-19;PR;277;135;BALSA NOVA;Velocidade Incompatível;Com Vítimas Feridas;2;Chuva;Pleno dia;domingo;Tombamento;Simples;0;0;-25,4713;-49,6205;Segura;Sul;1 Trimestre
653167;2025.0;n;1.0;2025-01-04;MG;116;429,9;ALPERCATA;Demais falhas mecânicas ou elétricas;Com Vítimas Feridas;1;Nublado;Pleno dia;sábado;Saída de leito carroçável;Simples;0;0;-18,998271;-41,977464;Segura;Sudeste;1 Trimestre
629392;2024.0;n;9.0;2024-09-20;SP;116;59;GUARATINGUETA;Ausência de reação do condutor;Com Vítimas Feridas;2;Sol;Pleno dia;sexta-feira;Colisão lateral mesmo sentido;Dupla;0;0;-22.78555649;-45.15339465;Segura;Sudeste;3 Trimestre
603543;2024.0;n;5.0;2024-05-28;MG;381;531,9;ITATIAIUCU;Velocidade Incompatível;Com Vítimas Feridas;3;Céu Claro;Pleno dia;terça-feira;Tombamento;Dupla;0;0;-20.16465568;-44.36428451;Segura;Sudeste;2 Trimestre
667092;2025.0;n;3.0;2025-03-14;RJ;101;333;RIO DE JANEIRO;Acessar a via sem observar a presença dos outros veículos;Com Vítimas Feridas;2;Nublado;Pleno dia;sexta-feira;Colisão traseira;Múltipla;0;0;-22,86889965;-43,19927216;Segura;Sudeste;1 Trimestre
588680;2024.0;n;3.0;2024-03-20;MG;116;587,5;MANHUACU;Transtornos Mentais (exceto suicidio);Com Vítimas Feridas;2;Céu Claro;Plena Noite;quarta-feira;Eventos atípicos;Simples;0;1;-20.24173903;-42.15868042;Perigosa;Sudeste;1 Trimestre
594604;2024.0;n;4.0;2024-04-17;SC;101;60,9;ARAQUARI;Reação tardia ou ineficiente do condutor;Com Vítimas Feridas;2;Céu Claro;Plena Noite;quarta-feira;Saída de leito carroçável;Dupla;0;0;-26.45072823;-48.78570317;Segura;Sul;2 Trimestre
577229;2024.0;n;1.0;2024-01-06;RJ;116;238;PIRAI;Reação tardia ou ineficiente do condutor;Com Vítimas Feridas;3;Céu Claro;Plena Noite;sábado;Colisão lateral mesmo sentido;Dupla;0;0;-22.66466911;-43.88337304;Segura;Sudeste;1 Trimestre
582766;2024.0;n;2.0;2024-02-14;RJ;116;130,9;MAGE;Reação tardia ou ineficiente do condutor;Com Vítimas Fatais;1;Céu Claro;Pleno dia;quarta-feira;Saída de leito carroçável;Dupla;1;0;-22.65949914;-43.11671944;Perigosa;Sudeste;1 Trimestre
622381;2024.0;n;8.0;2024-08-19;MT;158;630;NOVA XAVANTINA;Reação tardia ou ineficiente do condutor;Sem Vítimas;2;Sol;Pleno dia;segunda-feira;Colisão lateral sentido oposto;Simples;0;0;-14.53304688;-52.30721422;Segura;Centro-Oeste;3 Trimestre
653518;2025.0;n;1.0;2025-01-06;RJ;101;285;ITABORAI;Reação tardia ou ineficiente do condutor;Com Vítimas Feridas;3;Céu Claro;Pleno dia;segunda-feira;Colisão traseira;Dupla;0;0;-22,7498742;-42,81644087;Segura;Sudeste;1 Trimestre
593663;2024.0;n;4.0;2024-04-12;RJ;101;47,8;CAMPOS DOS GOYTACAZES;Acessar a via sem observar a presença dos outros veículos;Com Vítimas Fatais;2;Nublado;Plena Noite;sexta-feira;Colisão transversal;Simples;1;0;-21.60743504;-41.31655533;Perigosa;Sudeste;2 Trimestre
624962;2024.0;n;8.0;2024-08-31;MS;163;467;CAMPO GRANDE;Ausência de reação do condutor;Com Vítimas Feridas;2;Céu Claro;Plena Noite;sábado;Colisão traseira;Simples;0;0;-20.57932863;-54.57695024;Segura;Centro-Oeste;3 Trimestre
664425;2025.0;n;2.0;2025-02-28;RJ;116;302;PORTO REAL;Ausência de reação do condutor;Com Vítimas Feridas;3;Céu Claro;Pleno dia;sexta-feira;Colisão traseira;Dupla;0;0;-22,4534457;-44,3698319;Segura;Sudeste;1 Trimestre
586465;2024.0;n;3.0;2024-03-10;MG;116;123,6;ITAOBIM;Reação tardia ou ineficiente do condutor;Com Vítimas Feridas;1;Céu Claro;Plena Noite;domingo;Saída de leito carroçável;Simples;0;0;-16.62714205;-41.50269872;Segura;Sudeste;1 Trimestre
577929;2024.0;n;1.0;2024-01-30;MG;364;1;PLANURA;Pedestre andava na pista;Com Vítimas Fatais;2;Céu Claro;Pleno dia;terça-feira;Atropelamento de Pedestre;Simples;1;0;-20.13824;-48.702347;Perigosa;Sudeste;1 Trimestre
625621;2024.0;n;9.0;2024-09-04;SC;282;173,7;BOCAINA DO SUL;Transitar na contramão;Com Vítimas Fatais;2;Nublado;Plena Noite;quarta-feira;Colisão frontal;Simples;1;0;-27.74197959;-49.87929225;Perigosa;Sul;3 Trimestre
670892;2025.0;n;4.0;2025-04-01;CE;222;23,4;CAUCAIA;Condutor deixou de manter distância do veículo da frente;Com Vítimas Feridas;5;Céu Claro;Pleno dia;terça-feira;Colisão traseira;Dupla;0;1;-3,73112;-38,763357;Perigosa;Nordeste;2 Trimestre
583808;2024.0;n;2.0;2024-02-28;SC;101;120,7;ITAJAI;Condutor deixou de manter distância do veículo da frente;Com Vítimas Feridas;3;Sol;Pleno dia;quarta-feira;Colisão traseira;Múltipla;0;0;-26.912758;-48.711998;Segura;Sul;1 Trimestre
577318;2024.0;n;1.0;2024-01-27;PE;232;9,6;JABOATAO DOS GUARARAPES;Condutor deixou de manter distância do veículo da frente;Sem Vítimas;2;Céu Claro;Amanhecer;sábado;Incêndio;Dupla;0;0;-8.07764447;-34.97863609;Segura;Nordeste;1 Trimestre
593018;2024.0;n;4.0;2024-04-10;ES;262;49;MARECHAL FLORIANO;Acesso irregular;Com Vítimas Feridas;4;Céu Claro;Amanhecer;quarta-feira;Colisão transversal;Simples;0;0;-20.41251052;-40.69798571;Segura;Sudeste;2 Trimestre
614715;2024.0;n;7.0;2024-07-15;PA;230;93;SAO JOAO DO ARAGUAIA;Demais falhas mecânicas ou elétricas;Sem Vítimas;6;Céu Claro;Pleno dia;segunda-feira;Colisão traseira;Simples;0;0;-5.44787864;-48.90256682;Segura;Norte;3 Trimestre
655058;2025.0;n;1.0;2025-01-14;RJ;101;425;MANGARATIBA;Ausência de reação do condutor;Com Vítimas Feridas;2;Nublado;Pleno dia;terça-feira;Colisão transversal;Simples;0;0;-22,92618815;-43,96323294;Segura;Sudeste;1 Trimestre
604474;2024.0;n;6.0;2024-06-01;PR;277;410,9;CANDOI;Ultrapassagem Indevida;Com Vítimas Feridas;3;Céu Claro;Pleno dia;sábado;Colisão lateral sentido oposto;Simples;0;2;-25.41653205;-52.04901695;Perigosa;Sul;2 Trimestre
669496;2025.0;n;3.0;2025-03-25;SP;116;389;MIRACATU;Reação tardia ou ineficiente do condutor;Com Vítimas Feridas;3;Céu Claro;Pleno dia;terça-feira;Colisão lateral mesmo sentido;Dupla;0;0;-24,27289333;-47,40707582;Segura;Sudeste;1 Trimestre
609959;2024.0;n;6.0;2024-06-25;ES;101;418;ITAPEMIRIM;Acesso irregular;Com Vítimas Feridas;2;Céu Claro;Pleno dia;terça-feira;Colisão transversal;Simples;0;0;-20.95438035;-41.09327978;Segura;Sudeste;2 Trimestre
625134;2024.0;n;9.0;2024-09-01;GO;50;281,7;CATALAO;Velocidade Incompatível;Com Vítimas Fatais;8;Céu Claro;Plena Noite;domingo;Engavetamento;Simples;2;2;-18.1838;-47.9441;Perigosa;Centro-Oeste;3 Trimestre
604349;2024.0;n;5.0;2024-05-31;MG;356;280;EUGENOPOLIS;Curva acentuada;Com Vítimas Feridas;2;Céu Claro;Plena Noite;sexta-feira;Tombamento;Simples;0;0;-21.12697007;-42.24532702;Segura;Sudeste;2 Trimestre
599010;2024.0;n;5.0;2024-05-08;MG;50;73;UBERLANDIA;Manobra de mudança de faixa;Sem Vítimas;5;Sol;Pleno dia;quarta-feira;Colisão lateral mesmo sentido;Dupla;0;0;-18.85140204;-48.25345932;Segura;Sudeste;2 Trimestre
672600;2025.0;n;4.0;2025-04-09;SC;101;36;JOINVILLE;Condutor deixou de manter distância do veículo da frente;Com Vítimas Feridas;4;Chuva;Pleno dia;quarta-feira;Colisão traseira;Dupla;0;0;-26,27584794;-48,89327265;Segura;Sul;2 Trimestre
578275;2024.0;n;2.0;2024-02-01;PR;373;369;GUARAPUAVA;Reação tardia ou ineficiente do condutor;Com Vítimas Feridas;2;Céu Claro;Plena Noite;quinta-feira;Tombamento;Simples;0;0;-25.40730643;-51.68363571;Segura;Sul;1 Trimestre
653456;2025.0;n;1.0;2025-01-06;RJ;101;477;ANGRA DOS REIS;Velocidade Incompatível;Com Vítimas Feridas;1;Céu Claro;Pleno dia;segunda-feira;Colisão lateral mesmo sentido;Simples;0;0;-22,99820396;-44,26554599;Segura;Sudeste;1 Trimestre
621660;2024.0;n;8.0;2024-08-16;RJ;40;107;DUQUE DE CAXIAS;Transitar no Acostamento;Com Vítimas Feridas;2;Céu Claro;Anoitecer;sexta-feira;Atropelamento de Pedestre;Dupla;0;0;-22.65581497;-43.28378546;Segura;Sudeste;3 Trimestre
619353;2024.0;n;8.0;2024-08-05;PR;376;547;BALSA NOVA;Ausência de sinalização;Sem Vítimas;3;Céu Claro;Plena Noite;segunda-feira;Colisão traseira;Dupla;0;0;-25.47549518;-49.72062508;Segura;Sul;3 Trimestre
594540;2024.0;n;4.0;2024-04-17;SC;101;79;ARAQUARI;Problema com o freio;Sem Vítimas;3;Céu Claro;Pleno dia;quarta-feira;Colisão com objeto;Múltipla;0;0;-26.58559601;-48.72192112;Segura;Sul;2 Trimestre
655820;2025.0;n;1.0;2025-01-18;SP;116;525;CAJATI;Reação tardia ou ineficiente do condutor;Com Vítimas Feridas;3;Nublado;Pleno dia;sábado;Colisão traseira;Simples;0;1;-24,92563316;-48,26567292;Perigosa;Sudeste;1 Trimestre
626980;2024.0;n;9.0;2024-09-09;MT;70;373;CUIABA;Demais falhas mecânicas ou elétricas;Sem Vítimas;3;Céu Claro;Pleno dia;segunda-feira;Incêndio;Dupla;0;0;-15.70359859;-55.73850811;Segura;Centro-Oeste;3 Trimestre
606667;2024.0;n;6.0;2024-06-11;BA;101;928;NOVA VICOSA;Ultrapassagem Indevida;Com Vítimas Feridas;2;Céu Claro;Plena Noite;terça-feira;Colisão frontal;Simples;0;2;-17.95479574;-39.86189067;Perigosa;Nordeste;2 Trimestre
609687;2024.0;n;6.0;2024-06-24;SC;280;192,4;MAFRA;Condutor deixou de manter distância do veículo da frente;Com Vítimas Feridas;2;Chuva;Pleno dia;segunda-feira;Colisão traseira;Simples;0;0;-26.17893079;-49.99673293;Segura;Sul;2 Trimestre
582204;2024.0;n;2.0;2024-02-20;CE;116;15,9;EUSEBIO;Acessar a via sem observar a presença dos outros veículos;Com Vítimas Feridas;5;Nublado;Pleno dia;terça-feira;Engavetamento;Múltipla;0;0;-3.87839882;-38.50066893;Segura;Nordeste;1 Trimestre
663752;2025.0;n;2.0;2025-02-26;PE;101;62;RECIFE;Condutor deixou de manter distância do veículo da frente;Com Vítimas Feridas;3;Céu Claro;Pleno dia;quarta-feira;Engavetamento;Dupla;0;0;-7,99998634;-34,93872821;Segura;Nordeste;1 Trimestre
585733;2024.0;n;3.0;2024-03-07;SC;470;223,5;SAO CRISTOVAO DO SUL;Velocidade Incompatível;Com Vítimas Feridas;1;Chuva;Anoitecer;quinta-feira;Saída de leito carroçável;Simples;0;0;-27.319908;-50.336388;Segura;Sul;1 Trimestre
672576;2025.0;n;4.0;2025-04-09;MT;158;754,8;BARRA DO GARCAS;Demais falhas mecânicas ou elétricas;Sem Vítimas;4;Céu Claro;Pleno dia;quarta-feira;Incêndio;Simples;0;0;-15,530448;-52,204457;Segura;Centro-Oeste;2 Trimestre
577048;2024.0;n;1.0;2024-01-25;ES;101;69,7;SAO MATEUS;Acessar a via sem observar a presença dos outros veículos;Com Vítimas Feridas;2;Chuva;Plena Noite;quinta-feira;Colisão transversal;Simples;0;0;-18.73556097;-39.86069526;Segura;Sudeste;1 Trimestre
599903;2024.0;n;5.0;2024-05-12;MG;251;417,5;GRAO MOGOL;Ausência de reação do condutor;Com Vítimas Fatais;5;Céu Claro;Plena Noite;domingo;Engavetamento;Simples;1;0;-16.2964018;-43.04220808;Perigosa;Sudeste;2 Trimestre
603565;2024.0;n;5.0;2024-05-28;SP;116;475,4;JACUPIRANGA;Acesso irregular;Com Vítimas Feridas;2;Céu Claro;Pleno dia;terça-feira;Colisão transversal;Dupla;0;1;-24.68648001;-47.98910399;Perigosa;Sudeste;2 Trimestre
587276;2024.0;n;3.0;2024-03-14;RJ;393;127;SAPUCAIA;Velocidade Incompatível;Com Vítimas Feridas;3;Céu Claro;Pleno dia;quinta-feira;Colisão transversal;Simples;0;0;-21.95405281;-42.84509996;Segura;Sudeste;1 Trimestre
657002;2025.0;n;1.0;2025-01-24;MG;262;386,5;FLORESTAL;Manobra de mudança de faixa;Com Vítimas Feridas;2;Céu Claro;Pleno dia;sexta-feira;Tombamento;Dupla;0;0;-19,93407809;-44,42855871;Segura;Sudeste;1 Trimestre
580914;2024.0;n;2.0;2024-02-13;PR;376;650;TIJUCAS DO SUL;Manobra de mudança de faixa;Com Vítimas Feridas;3;Céu Claro;Pleno dia;terça-feira;Colisão lateral mesmo sentido;Dupla;0;0;-25.84564757;-49.08816197;Segura;Sul;1 Trimestre
585277;2024.0;n;3.0;2024-03-06;SP;116;201,7;ARUJA;Objeto estático sobre o leito carroçável;Com Vítimas Feridas;2;Céu Claro;Amanhecer;quarta-feira;Tombamento;Dupla;0;0;-23.40362877;-46.33050107;Segura;Sudeste;1 Trimestre
653763;2025.0;n;1.0;2025-01-07;SP;116;174,5;JACAREI;Reação tardia ou ineficiente do condutor;Com Vítimas Feridas;2;Céu Claro;Plena Noite;terça-feira;Colisão traseira;Dupla;0;0;-23,32057287;-46,09074403;Segura;Sudeste;1 Trimestre
663493;2025.0;n;2.0;2025-02-24;TO;153;401;MIRANORTE;Ausência de reação do condutor;Com Vítimas Feridas;2;Chuva;Plena Noite;segunda-feira;Colisão lateral sentido oposto;Dupla;0;0;-9,45195777;-48,57675205;Segura;Norte;1 Trimestre
652804;2025.0;n;1.0;2025-01-02;MG;40;754,6;EWBANK DA CAMARA;Chuva;Com Vítimas Feridas;3;Chuva;Anoitecer;quinta-feira;Colisão lateral sentido oposto;Simples;0;0;-21,47980333;-43,54250614;Segura;Sudeste;1 Trimestre
596265;2024.0;n;4.0;2024-04-25;MG;365;5,4;MONTES CLAROS;Velocidade Incompatível;Com Vítimas Feridas;3;Sol;Pleno dia;quinta-feira;Tombamento;Simples;0;0;-16.81045689;-43.91029358;Segura;Sudeste;2 Trimestre
605925;2024.0;n;6.0;2024-06-08;PE;232;8;RECIFE;Condutor deixou de manter distância do veículo da frente;Sem Vítimas;2;Nublado;Pleno dia;sábado;Colisão lateral mesmo sentido;Dupla;0;0;-8.07583727;-34.97015791;Segura;Nordeste;2 Trimestre
582448;2024.0;n;2.0;2024-02-21;RS;285;201,2;LAGOA VERMELHA;Desrespeitar a preferência no cruzamento;Com Vítimas Feridas;2;Céu Claro;Pleno dia;quarta-feira;Colisão transversal;Simples;0;0;-28.206482;-51.538555;Segura;Sul;1 Trimestre
653250;2025.0;n;1.0;2025-01-05;MG;50;188,6;UBERABA;Ausência de reação do condutor;Com Vítimas Feridas;3;Céu Claro;Plena Noite;domingo;Colisão traseira;Dupla;0;1;-19,84070819;-47,87993327;Perigosa;Sudeste;1 Trimestre
574814;2024.0;n;1.0;2024-01-14;RJ;465;22;RIO DE JANEIRO;Estacionar ou parar em local proibido;Com Vítimas Feridas;4;Nublado;Pleno dia;domingo;Colisão lateral mesmo sentido;Simples;0;0;-22.863579;-43.601479;Segura;Sudeste;1 Trimestre
686038;2025.0;n;4.0;2025-04-19;PR;376;388;IMBAU;Demais falhas mecânicas ou elétricas;Sem Vítimas;2;Céu Claro;Amanhecer;sábado;Incêndio;Dupla;0;0;-24,46965058;-50,74344635;Segura;Sul;2 Trimestre
606489;2024.0;n;6.0;2024-06-10;AL;316;264;SATUBA;Chuva;Com Vítimas Feridas;2;Chuva;Pleno dia;segunda-feira;Colisão frontal;Simples;0;0;-9.58847626;-35.8696781;Segura;Nordeste;2 Trimestre
662511;2025.0;n;2.0;2025-02-20;AP;156;799;OIAPOQUE;Acessar a via sem observar a presença dos outros veículos;Com Vítimas Feridas;2;Nublado;Pleno dia;quinta-feira;Colisão lateral mesmo sentido;Simples;0;1;3,83628657;-51,811409;Perigosa;Norte;1 Trimestre
658007;2025.0;n;1.0;2025-01-29;MG;40;567,7;NOVA LIMA;Ausência de reação do condutor;Com Vítimas Feridas;3;Nublado;Pleno dia;quarta-feira;Colisão lateral mesmo sentido;Simples;0;0;-20,19426426;-43,97320747;Segura;Sudeste;1 Trimestre
583294;2024.0;n;2.0;2024-02-25;PA;230;1113;ITAITUBA;Reação tardia ou ineficiente do condutor;Com Vítimas Feridas;3;Nublado;Anoitecer;domingo;Tombamento;Simples;0;0;-4.39860033;-55.91943523;Segura;Norte;1 Trimestre
576748;2024.0;n;1.0;2024-01-24;ES;101;125,4;SOORETAMA;Conversão proibida;Com Vítimas Feridas;4;Chuva;Pleno dia;quarta-feira;Colisão transversal;Simples;0;0;-19.18496498;-40.09429827;Segura;Sudeste;1 Trimestre
587763;2024.0;n;3.0;2024-03-17;BA;116;819;VITORIA DA CONQUISTA;Transitar na contramão;Com Vítimas Feridas;2;Nublado;Plena Noite;domingo;Colisão lateral sentido oposto;Simples;0;0;-14.82998268;-40.83120346;Segura;Nordeste;1 Trimestre
663667;2025.0;n;2.0;2025-02-25;PB;230;94,5;GURINHEM;Reação tardia ou ineficiente do condutor;Com Vítimas Feridas;1;Céu Claro;Plena Noite;terça-feira;Tombamento;Dupla;0;0;-7,18425502;-35,44325173;Segura;Nordeste;1 Trimestre
585394;2024.0;n;3.0;2024-03-06;MG;381;845;SAO SEBASTIAO DA BELA VISTA;Velocidade Incompatível;Com Vítimas Feridas;2;Chuva;Pleno dia;quarta-feira;Colisão traseira;Dupla;0;0;-22.20229313;-45.86056352;Segura;Sudeste;1 Trimestre
623829;2024.0;n;7.0;2024-07-30;MG;381;877;ESTIVA;Ausência de reação do condutor;Com Vítimas Feridas;2;Céu Claro;Pleno dia;terça-feira;Colisão com objeto;Dupla;0;1;-22.48184;-46.010895;Perigosa;Sudeste;3 Trimestre
597991;2024.0;n;5.0;2024-05-03;MG;251;298,3;SALINAS;Demais falhas mecânicas ou elétricas;Sem Vítimas;3;Céu Claro;Pleno dia;sexta-feira;Saída de leito carroçável;Simples;0;0;-16.08202187;-42.21530914;Segura;Sudeste;2 Trimestre
577087;2024.0;n;1.0;2024-01-25;RO;364;416;JARU;Demais falhas mecânicas ou elétricas;Sem Vítimas;3;Céu Claro;Pleno dia;quinta-feira;Incêndio;Simples;0;0;-10.497604;-62.421074;Segura;Norte;1 Trimestre
588772;2024.0;n;3.0;2024-03-21;PR;376;522,5;PONTA GROSSA;Manobra de mudança de faixa;Sem Vítimas;4;Céu Claro;Pleno dia;quinta-feira;Colisão lateral mesmo sentido;Dupla;0;0;-25.29555894;-49.89661593;Segura;Sul;1 Trimestre
604468;2024.0;n;6.0;2024-06-01;MG;40;368;FELIXLANDIA;Reação tardia ou ineficiente do condutor;Com Vítimas Feridas;5;Céu Claro;Pleno dia;sábado;Colisão traseira;Simples;0;0;-18.79958415;-44.79969134;Segura;Sudeste;2 Trimestre
578700;2024.0;n;2.0;2024-02-03;MS;262;209,2;RIBAS DO RIO PARDO;Manobra de mudança de faixa;Com Vítimas Fatais;2;Céu Claro;Amanhecer;sábado;Colisão frontal;Simples;1;0;-20.46560596;-53.471373;Perigosa;Centro-Oeste;1 Trimestre
630288;2024.0;n;9.0;2024-09-24;MS;60;340;CAMPO GRANDE;Acessar a via sem observar a presença dos outros veículos;Com Vítimas Feridas;4;Céu Claro;Pleno dia;terça-feira;Colisão lateral mesmo sentido;Simples;0;1;-20.395833;-54.685833;Perigosa;Centro-Oeste;3 Trimestre
670644;2025.0;n;3.0;2025-03-30;MA;222;649;ACAILANDIA;Reação tardia ou ineficiente do condutor;Sem Vítimas;5;Céu Claro;Plena Noite;domingo;Colisão lateral sentido oposto;Simples;0;0;-4,844245;-47,298444;Segura;Nordeste;1 Trimestre
658325;2025.0;n;1.0;2025-01-31;AM;174;1024;PRESIDENTE FIGUEIREDO;Condutor Dormindo;Sem Vítimas;1;Céu Claro;Plena Noite;sexta-feira;Saída de leito carroçável;Simples;0;0;-1,79753987;-60,14461348;Segura;Norte;1 Trimestre
589382;2024.0;n;3.0;2024-03-24;MT;364;211;RONDONOPOLIS;Reação tardia ou ineficiente do condutor;Sem Vítimas;1;Garoa/Chuvisco;Plena Noite;domingo;Colisão com objeto;Dupla;0;0;-16.41628416;-54.70728415;Segura;Centro-Oeste;1 Trimestre
615495;2024.0;n;7.0;2024-07-19;MG;116;577;MANHUACU;Ultrapassagem Indevida;Sem Vítimas;2;Céu Claro;Pleno dia;sexta-feira;Colisão lateral mesmo sentido;Simples;0;0;-20.161295;-42.189066;Segura;Sudeste;3 Trimestre
596673;2024.0;n;4.0;2024-04-27;SP;116;93;PINDAMONHANGABA;Ausência de reação do condutor;Com Vítimas Feridas;5;Céu Claro;Amanhecer;sábado;Colisão traseira;Dupla;0;0;-22.95653207;-45.41300297;Segura;Sudeste;2 Trimestre
652594;2025.0;y;1.0;2025-01-01;PE;101;46;IGARASSU;Trafegar com motocicleta (ou similar) entre as faixas;Com Vítimas Feridas;2;Céu Claro;Pleno dia;quarta-feira;Colisão lateral mesmo sentido;Múltipla;0;0;-7,87406004;-34,90588126;Segura;Nordeste;1 Trimestre
657736;2025.0;n;1.0;2025-01-27;MG;116;662,7;SAO FRANCISCO DO GLORIA;Velocidade Incompatível;Com Vítimas Feridas;4;Chuva;Pleno dia;segunda-feira;Colisão lateral sentido oposto;Simples;0;0;-20,79792691;-42,30837166;Segura;Sudeste;1 Trimestre
610050;2024.0;n;6.0;2024-06-25;PE;232;69,5;GRAVATA;Ausência de reação do condutor;Com Vítimas Feridas;2;Céu Claro;Plena Noite;terça-feira;Colisão traseira;Dupla;0;0;-8.17573193;-35.48519075;Segura;Nordeste;2 Trimestre
575733;2024.0;n;1.0;2024-01-19;SC;280;6,8;SAO FRANCISCO DO SUL;Ultrapassagem Indevida;Com Vítimas Feridas;4;Céu Claro;Pleno dia;sexta-feira;Colisão lateral mesmo sentido;Simples;0;1;-26.27041417;-48.64088416;Perigosa;Sul;1 Trimestre
685616;2025.0;y;4.0;2025-04-18;RN;101;129;NISIA FLORESTA;Condutor Dormindo;Com Vítimas Feridas;3;Céu Claro;Plena Noite;sexta-feira;Saída de leito carroçável;Dupla;0;0;-6,113743;-35,233195;Segura;Nordeste;2 Trimestre
609738;2024.0;n;6.0;2024-06-04;SC;282;100,3;ALFREDO WAGNER;Ausência de reação do condutor;Sem Vítimas;3;Céu Claro;Plena Noite;terça-feira;Saída de leito carroçável;Simples;0;0;-27.698915;-49.297039;Segura;Sul;2 Trimestre
669827;2025.0;n;3.0;2025-03-27;PR;369;188,9;ARAPONGAS;Avarias e/ou desgaste excessivo no pneu;Com Vítimas Feridas;2;Céu Claro;Pleno dia;quinta-feira;Saída de leito carroçável;Dupla;0;0;-23,440512;-51,422566;Segura;Sul;1 Trimestre
656285;2025.0;n;1.0;2025-01-20;MT;364;1253;COMODORO;Condutor deixou de manter distância do veículo da frente;Com Vítimas Feridas;5;Nublado;Pleno dia;segunda-feira;Colisão traseira;Simples;0;0;-13,67385362;-59,7369149;Segura;Centro-Oeste;1 Trimestre
587450;2024.0;n;3.0;2024-03-15;MT;163;1019;TERRA NOVA DO NORTE;Ultrapassagem Indevida;Com Vítimas Feridas;8;Céu Claro;Pleno dia;sexta-feira;Saída de leito carroçável;Simples;0;0;-10.331053;-55.03852;Segura;Centro-Oeste;1 Trimestre