id;ano;feriado;mes;data_inversa;uf;br;km;municipio;causa_acidente;classificacao_acidente;veiculos;condicao_metereologica;fase_dia;dia_semana;tipo_acidente;tipo_pista;mortos;feridos_graves;latitude;longitude;status;regiao;periodo
667089;2025.0;n;3.0;2025-03-14;PR;376;136,8;NOVA ESPERANCA;Reação tardia ou ineficiente do condutor;Com Vítimas Feridas;2;Céu Claro;Amanhecer;sexta-feira;Colisão lateral sentido oposto;Simples;0;0;-23,19014512;-52,20820338;Segura;Sul;1 Trimestre
614760;2024.0;n;7.0;2024-07-16;RO;364;648;CANDEIAS DO JAMARI;Reação tardia ou ineficiente do condutor;Com Vítimas Feridas;1;Céu Claro;Plena Noite;terça-feira;Saída de leito carroçável;Simples;0;1;-8.939251;-63.43127203;Perigosa;Norte;3 Trimestre
579841;2024.0;n;2.0;2024-02-08;GO;364;244;JATAI;Reação tardia ou ineficiente do condutor;Com Vítimas Feridas;4;Nublado;Pleno dia;quinta-feira;Saída de leito carroçável;Simples;0;0;-17.762192;-52.113304;Segura;Centro-Oeste;1 Trimestre
610488;2024.0;n;6.0;2024-06-27;GO;153;162;CAMPINORTE;Demais falhas mecânicas ou elétricas;Sem Vítimas;2;Céu Claro;Pleno dia;quinta-feira;Incêndio;Simples;0;0;-14.197886;-49.128728;Segura;Centro-Oeste;2 Trimestre
670315;2025.0;n;3.0;2025-03-28;BA;116;553;MILAGRES;Demais falhas mecânicas ou elétricas;Sem Vítimas;2;Céu Claro;Plena Noite;sexta-feira;Incêndio;Simples;0;0;-12,92018;-39,87476;Segura;Nordeste;1 Trimestre
610099;2024.0;n;6.0;2024-06-26;SC;470;114;IBIRAMA;Acessar a via sem observar a presença dos outros veículos;Com Vítimas Feridas;3;Nublado;Plena Noite;quarta-feira;Colisão lateral mesmo sentido;Simples;0;0;-27.086386;-49.478001;Segura;Sul;2 Trimestre
672871;2025.0;n;4.0;2025-04-11;MS;163;270;DOURADOS;Ausência de reação do condutor;Sem Vítimas;3;Céu Claro;Pleno dia;sexta-feira;Colisão traseira;Simples;0;0;-22,1954715;-54,69324589;Segura;Centro-Oeste;2 Trimestre
672644;2025.0;n;4.0;2025-04-09;GO;60;105;GOIANAPOLIS;Problema na suspensão;Com Vítimas Feridas;2;Nublado;Plena Noite;quarta-feira;Colisão com objeto;Dupla;0;1;-16,42526847;-49,01467245;Perigosa;Centro-Oeste;2 Trimestre
652500;2025.0;y;1.0;2025-01-01;MG;459;96;POUSO ALEGRE;Transitar na contramão;Sem Vítimas;2;Céu Claro;Plena Noite;quarta-feira;Colisão transversal;Simples;0;0;-22,196163;-45,978573;Segura;Sudeste;1 Trimestre
579274;2024.0;n;2.0;2024-02-05;PR;277;0,5;PARANAGUA;Transitar no Acostamento;Com Vítimas Fatais;2;Céu Claro;Plena Noite;segunda-feira;Colisão lateral mesmo sentido;Simples;1;0;-25.52471;-48.547464;Perigosa;Sul;1 Trimestre
604498;2024.0;n;6.0;2024-06-01;SP;116;221;GUARULHOS;Pedestre andava na pista;Com Vítimas Fatais;2;Céu Claro;Plena Noite;sábado;Atropelamento de Pedestre;Múltipla;1;0;-23.46802395;-46.50704901;Perigosa;Sudeste;2 Trimestre
663626;2025.0;n;2.0;2025-02-25;MS;267;668,6;PORTO MURTINHO;Manobra de mudança de faixa;Com Vítimas Feridas;5;Céu Claro;Pleno dia;terça-feira;Colisão lateral sentido oposto;Simples;0;1;-21,709801;-57,73449;Perigosa;Centro-Oeste;1 Trimestre
665120;2025.0;n;3.0;2025-03-04;RO;364;564;ALTO PARAISO;Desrespeitar a preferência no cruzamento;Com Vítimas Feridas;5;Garoa/Chuvisco;Pleno dia;terça-feira;Colisão transversal;Simples;0;2;-9,52643795;-63,07738066;Perigosa;Norte;1 Trimestre
625253;2024.0;n;9.0;2024-09-02;MG;40;667,4;CARANDAI;Entrada inopinada do pedestre;Com Vítimas Feridas;3;Céu Claro;Pleno dia;segunda-feira;Atropelamento de Pedestre;Simples;0;1;-20.94645319;-43.79932806;Perigosa;Sudeste;3 Trimestre
595407;2024.0;n;4.0;2024-04-20;MG;381;272;CORONEL FABRICIANO;Carga excessiva e/ou mal acondicionada;Com Vítimas Feridas;2;Céu Claro;Pleno dia;sábado;Colisão com objeto;Simples;0;0;-19.525764;-42.664117;Segura;Sudeste;2 Trimestre
653029;2025.0;n;1.0;2025-01-03;RS;386;222,9;SOLEDADE;Condutor Dormindo;Com Vítimas Feridas;2;Céu Claro;Plena Noite;sexta-feira;Colisão frontal;Simples;0;0;-28,64706364;-52,61398137;Segura;Sul;1 Trimestre
616445;2024.0;n;7.0;2024-07-23;MG;153;9;ARAPORA;Manobra de mudança de faixa;Com Vítimas Feridas;2;Céu Claro;Pleno dia;terça-feira;Colisão lateral mesmo sentido;Dupla;0;0;-18.49690399;-49.18880024;Segura;Sudeste;3 Trimestre
686165;2025.0;n;4.0;2025-04-16;RJ;116;137;MAGE;Reação tardia ou ineficiente do condutor;Com Vítimas Feridas;1;Céu Claro;Plena Noite;quarta-feira;Colisão com objeto;Múltipla;0;0;-22,64700692;-43,18928361;Segura;Sudeste;2 Trimestre
586022;2024.0;n;3.0;2024-03-09;MG;262;128;RIO CASCA;Demais falhas mecânicas ou elétricas;Sem Vítimas;1;Céu Claro;Plena Noite;sábado;Incêndio;Simples;0;0;-20.17258903;-42.69802405;Segura;Sudeste;1 Trimestre
672947;2025.0;n;4.0;2025-04-11;PA;316;29;SANTA IZABEL DO PARA;Condutor Dormindo;Com Vítimas Feridas;2;Sol;Pleno dia;sexta-feira;Colisão lateral mesmo sentido;Dupla;0;0;-1,30796;-48,213157;Segura;Norte;2 Trimestre
652903;2025.0;n;1.0;2025-01-03;MG;40;782,9;JUIZ DE FORA;Condutor Dormindo;Com Vítimas Feridas;1;Nublado;Pleno dia;sexta-feira;Colisão com objeto;Dupla;0;0;-21,69593719;-43,44982474;Segura;Sudeste;1 Trimestre
609431;2024.0;n;6.0;2024-06-11;PE;101;50;ABREU E LIMA;Reação tardia ou ineficiente do condutor;Com Vítimas Feridas;10;Céu Claro;Pleno dia;terça-feira;Colisão lateral mesmo sentido;Dupla;0;0;-7.90938602;-34.90123228;Segura;Nordeste;2 Trimestre
665302;2025.0;n;3.0;2025-03-05;MS;163;590;BANDEIRANTES;Reação tardia ou ineficiente do condutor;Com Vítimas Feridas;6;Chuva;Pleno dia;quarta-feira;Saída de leito carroçável;Dupla;0;3;-19,568351;-54,420365;Perigosa;Centro-Oeste;1 Trimestre
665656;2025.0;n;3.0;2025-03-07;GO;153;507,9;HIDROLANDIA;Ausência de reação do condutor;Com Vítimas Feridas;2;Céu Claro;Pleno dia;sexta-feira;Colisão traseira;Dupla;0;0;-16,9218327;-49,2525965;Segura;Centro-Oeste;1 Trimestre
594135;2024.0;n;4.0;2024-04-15;BA;20;54;CORRENTINA;Ausência de reação do condutor;Com Vítimas Fatais;1;Sol;Pleno dia;segunda-feira;Tombamento;Simples;1;0;-13.458948;-46.094025;Perigosa;Nordeste;2 Trimestre
579632;2024.0;n;2.0;2024-02-07;MG;381;922;CAMANDUCAIA;Manobra de mudança de faixa;Com Vítimas Feridas;3;Céu Claro;Pleno dia;quarta-feira;Colisão lateral mesmo sentido;Dupla;0;0;-22.76707833;-46.21789606;Segura;Sudeste;1 Trimestre
687883;2025.0;n;4.0;2025-04-28;BA;324;445;RIACHAO DO JACUIPE;Ausência de reação do condutor;Com Vítimas Fatais;3;Nublado;Pleno dia;segunda-feira;Colisão lateral sentido oposto;Simples;1;1;-11,85021;-39,33838;Perigosa;Nordeste;2 Trimestre
623378;2024.0;n;8.0;2024-08-24;MG;251;491;FRANCISCO SA;Demais falhas mecânicas ou elétricas;Sem Vítimas;2;Céu Claro;Pleno dia;sábado;Incêndio;Simples;0;0;-16.53766183;-43.58924621;Segura;Sudeste;3 Trimestre
669692;2025.0;n;3.0;2025-03-26;GO;40;77,2;CRISTALINA;Ausência de reação do condutor;Com Vítimas Fatais;2;Nublado;Pleno dia;quarta-feira;Colisão frontal;Simples;1;0;-16,6531;-47,73362;Perigosa;Centro-Oeste;1 Trimestre
666593;2025.0;n;3.0;2025-03-11;RN;226;117,2;SANTA CRUZ;Carga excessiva e/ou mal acondicionada;Com Vítimas Feridas;1;Céu Claro;Pleno dia;terça-feira;Tombamento;Simples;0;0;-6,192897;-36,053993;Segura;Nordeste;1 Trimestre
658529;2025.0;n;2.0;2025-02-01;SP;116;74;APARECIDA;Entrada inopinada do pedestre;Com Vítimas Feridas;4;Garoa/Chuvisco;Plena Noite;sábado;Colisão traseira;Dupla;0;0;-22,87353809;-45,25320023;Segura;Sudeste;1 Trimestre
597805;2024.0;n;5.0;2024-05-02;PR;163;238,8;TOLEDO;Pedestre andava na pista;Com Vítimas Fatais;2;Sol;Pleno dia;quinta-feira;Atropelamento de Pedestre;Dupla;1;0;-24.7316566;-53.7004722;Perigosa;Sul;2 Trimestre
603818;2024.0;n;5.0;2024-05-29;MG;381;894,1;CAMBUI;Reação tardia ou ineficiente do condutor;Com Vítimas Feridas;3;Céu Claro;Plena Noite;quarta-feira;Colisão lateral mesmo sentido;Dupla;0;0;-22.61659879;-46.0689412;Segura;Sudeste;2 Trimestre
653646;2025.0;n;1.0;2025-01-06;MG;40;311,5;TRES MARIAS;Ingestão de álcool pelo condutor;Sem Vítimas;3;Céu Claro;Pleno dia;segunda-feira;Colisão lateral mesmo sentido;Simples;0;0;-18,440416;-45,07127;Segura;Sudeste;1 Trimestre
575968;2024.0;n;1.0;2024-01-20;PR;277;476,6;NOVA LARANJEIRAS;Desrespeitar a preferência no cruzamento;Com Vítimas Feridas;3;Chuva;Pleno dia;sábado;Colisão transversal;Simples;0;1;-25.30570383;-52.55588296;Perigosa;Sul;1 Trimestre
686775;2025.0;n;4.0;2025-04-10;BA;324;532,7;CONCEICAO DO JACUIPE;Ausência de reação do condutor;Com Vítimas Feridas;7;Céu Claro;Plena Noite;quinta-feira;Colisão traseira;Dupla;0;0;-12,35313;-38,832005;Segura;Nordeste;2 Trimestre
608945;2024.0;n;6.0;2024-06-21;PA;163;653;ITAITUBA;Ausência de reação do condutor;Com Vítimas Feridas;3;Céu Claro;Amanhecer;sexta-feira;Tombamento;Simples;0;1;-4.50474;-55.866388;Perigosa;Norte;2 Trimestre
623269;2024.0;n;8.0;2024-08-23;MG;262;161,4;SAO DOMINGOS DO PRATA;Ingestão de álcool pelo condutor;Sem Vítimas;2;Céu Claro;Plena Noite;sexta-feira;Saída de leito carroçável;Simples;0;0;-19.96349991;-42.843382;Segura;Sudeste;3 Trimestre
595021;2024.0;n;4.0;2024-04-19;MA;135;18;SAO LUIS;Acessar a via sem observar a presença dos outros veículos;Com Vítimas Feridas;2;Nublado;Pleno dia;sexta-feira;Colisão transversal;Simples;0;1;-2.53073;-44.3068;Perigosa;Nordeste;2 Trimestre
652930;2025.0;n;1.0;2025-01-03;SP;381;63;MAIRIPORA;Reação tardia ou ineficiente do condutor;Com Vítimas Feridas;5;Nublado;Pleno dia;sexta-feira;Colisão traseira;Dupla;0;1;-23,302805;-46,572767;Perigosa;Sudeste;1 Trimestre
590639;2024.0;y;3.0;2024-03-29;SP;116;536,9;BARRA DO TURVO;Retorno proibido;Com Vítimas Feridas;2;Nublado;Plena Noite;sexta-feira;Colisão transversal;Dupla;0;0;-24.97138929;-48.3547251;Segura;Sudeste;1 Trimestre
589973;2024.0;n;3.0;2024-03-27;RS;158;230;CRUZ ALTA;Ausência de reação do condutor;Com Vítimas Feridas;4;Céu Claro;Amanhecer;quarta-feira;Colisão lateral sentido oposto;Simples;0;0;-28.94217381;-53.64650746;Segura;Sul;1 Trimestre
661086;2025.0;n;2.0;2025-02-13;SC;116;57;PAPANDUVA;Acessar a via sem observar a presença dos outros veículos;Com Vítimas Feridas;2;Céu Claro;Pleno dia;quinta-feira;Colisão transversal;Simples;0;2;-26,38204782;-50,18999277;Perigosa;Sul;1 Trimestre
685462;2025.0;n;4.0;2025-04-17;RJ;356;49;ITAPERUNA;Ausência de reação do condutor;Com Vítimas Feridas;2;Céu Claro;Pleno dia;quinta-feira;Tombamento;Simples;0;0;-21,25348;-41,78280093;Segura;Sudeste;2 Trimestre
579148;2024.0;n;2.0;2024-02-05;MG;364;32;FRUTAL;Desrespeitar a preferência no cruzamento;Com Vítimas Feridas;2;Céu Claro;Pleno dia;segunda-feira;Colisão transversal;Simples;0;1;-19.99890842;-48.95236373;Perigosa;Sudeste;1 Trimestre
607337;2024.0;n;6.0;2024-06-14;PE;232;62,2;POMBOS;Reação tardia ou ineficiente do condutor;Com Vítimas Feridas;2;Céu Claro;Amanhecer;sexta-feira;Saída de leito carroçável;Dupla;0;0;-8.157713;-35.428976;Segura;Nordeste;2 Trimestre
662325;2025.0;n;2.0;2025-02-19;PR;376;668;GUARATUBA;Velocidade Incompatível;Com Vítimas Feridas;1;Nublado;Pleno dia;quarta-feira;Tombamento;Dupla;0;0;-25,864159;-48,937538;Segura;Sul;1 Trimestre
572756;2024.0;n;1.0;2024-01-05;SC;282;151,3;BOM RETIRO;Conversão proibida;Com Vítimas Feridas;3;Céu Claro;Pleno dia;sexta-feira;Saída de leito carroçável;Simples;0;0;-27.7628;-49.669552;Segura;Sul;1 Trimestre
575987;2024.0;n;1.0;2024-01-20;RN;101;147;GOIANINHA;Carga excessiva e/ou mal acondicionada;Sem Vítimas;3;Céu Claro;Pleno dia;sábado;Tombamento;Dupla;0;0;-6.27024233;-35.20920753;Segura;Nordeste;1 Trimestre
612575;2024.0;n;7.0;2024-07-06;MT;163;107;RONDONOPOLIS;Ausência de reação do condutor;Com Vítimas Fatais;2;Céu Claro;Plena Noite;sábado;Colisão traseira;Dupla;1;0;-16.61130805;-54.70053179;Perigosa;Centro-Oeste;3 Trimestre
592901;2024.0;n;2.0;2024-02-16;RJ;101;325;NITEROI;Ausência de reação do condutor;Com Vítimas Feridas;2;Céu Claro;Pleno dia;sexta-feira;Colisão traseira;Múltipla;0;1;-22.87292569;-43.13625699;Perigosa;Sudeste;1 Trimestre
616634;2024.0;n;7.0;2024-07-24;MS;163;549,2;BANDEIRANTES;Acessar a via sem observar a presença dos outros veículos;Com Vítimas Feridas;2;Céu Claro;Plena Noite;quarta-feira;Colisão transversal;Simples;0;0;-19.91869106;-54.36860922;Segura;Centro-Oeste;3 Trimestre
620889;2024.0;n;8.0;2024-08-12;PR;277;639;CEU AZUL;Trafegar com motocicleta (ou similar) entre as faixas;Com Vítimas Feridas;2;Céu Claro;Plena Noite;segunda-feira;Colisão traseira;Simples;0;0;-25.1631072;-53.85896991;Segura;Sul;3 Trimestre
596281;2024.0;n;4.0;2024-04-08;RN;304;287;MACAIBA;Reação tardia ou ineficiente do condutor;Com Vítimas Feridas;7;Chuva;Pleno dia;segunda-feira;Engavetamento;Dupla;0;1;-5.8711714;-35.42930088;Perigosa;Nordeste;2 Trimestre
671108;2025.0;n;4.0;2025-04-02;MG;50;204;DELTA;Chuva;Com Vítimas Feridas;4;Chuva;Pleno dia;quarta-feira;Saída de leito carroçável;Dupla;0;0;-19,96418891;-47,79643491;Segura;Sudeste;2 Trimestre
582139;2024.0;n;2.0;2024-02-19;RJ;116;147;DUQUE DE CAXIAS;Reação tardia ou ineficiente do condutor;Com Vítimas Feridas;2;Chuva;Pleno dia;segunda-feira;Colisão traseira;Múltipla;0;0;-22.66978425;-43.27286493;Segura;Sudeste;1 Trimestre
583787;2024.0;n;2.0;2024-02-28;SC;101;198;BIGUACU;Ausência de reação do condutor;Com Vítimas Feridas;2;Céu Claro;Pleno dia;quarta-feira;Queda de ocupante de veículo;Dupla;0;0;-27.52658712;-48.63506019;Segura;Sul;1 Trimestre
613885;2024.0;n;7.0;2024-07-02;MS;60;426,5;SIDROLANDIA;Acessar a via sem observar a presença dos outros veículos;Com Vítimas Feridas;2;Céu Claro;Pleno dia;terça-feira;Colisão traseira;Dupla;0;0;-20.93616918;-54.96170372;Segura;Centro-Oeste;3 Trimestre
615953;2024.0;n;7.0;2024-07-21;MA;230;81,9;SAO JOAO DOS PATOS;Ausência de reação do condutor;Com Vítimas Feridas;1;Céu Claro;Plena Noite;domingo;Colisão com objeto;Simples;0;0;-6.48714235;-43.61077789;Segura;Nordeste;3 Trimestre
661038;2025.0;n;2.0;2025-02-13;RJ;116;278,6;BARRA MANSA;Reação tardia ou ineficiente do condutor;Com Vítimas Fatais;3;Nublado;Plena Noite;quinta-feira;Colisão traseira;Múltipla;1;0;-22,55271018;-44,17778004;Perigosa;Sudeste;1 Trimestre
656629;2025.0;n;1.0;2025-01-22;SC;470;133,5;RIO DO SUL;Conversão proibida;Com Vítimas Feridas;2;Céu Claro;Pleno dia;quarta-feira;Colisão transversal;Simples;0;1;-27,1770418;-49,59312201;Perigosa;Sul;1 Trimestre
666784;2025.0;n;3.0;2025-03-12;PE;116;26;SALGUEIRO;Acessar a via sem observar a presença dos outros veículos;Sem Vítimas;2;Céu Claro;Pleno dia;quarta-feira;Colisão transversal;Simples;0;0;-8,071177;-39,133686;Segura;Nordeste;1 Trimestre
576841;2024.0;n;1.0;2024-01-24;SP;381;88,5;GUARULHOS;Reação tardia ou ineficiente do condutor;Com Vítimas Feridas;3;Nublado;Pleno dia;quarta-feira;Colisão traseira;Múltipla;0;0;-23.48245;-46.56017;Segura;Sudeste;1 Trimestre
664133;2025.0;n;2.0;2025-02-28;PE;101;83;JABOATAO DOS GUARARAPES;Ausência de reação do condutor;Com Vítimas Feridas;1;Céu Claro;Plena Noite;sexta-feira;Saída de leito carroçável;Dupla;0;1;-8,1780821;-34,9487675;Perigosa;Nordeste;1 Trimestre
667464;2025.0;n;3.0;2025-03-15;MS;262;367;CAMPO GRANDE;Desrespeitar a preferência no cruzamento;Com Vítimas Feridas;2;Céu Claro;Plena Noite;sábado;Colisão transversal;Dupla;0;0;-20,47851175;-54,7598505;Segura;Centro-Oeste;1 Trimestre
670954;2025.0;n;4.0;2025-04-01;PI;343;305,8;ALTOS;Ultrapassagem Indevida;Com Vítimas Feridas;3;Sol;Pleno dia;terça-feira;Colisão lateral sentido oposto;Simples;0;1;-5,03524;-42,444362;Perigosa;Nordeste;2 Trimestre
623923;2024.0;n;8.0;2024-08-27;MG;381;873,8;ESTIVA;Velocidade Incompatível;Com Vítimas Fatais;2;Céu Claro;Pleno dia;terça-feira;Colisão com objeto;Dupla;1;0;-22.450796;-46.000139;Perigosa;Sudeste;3 Trimestre
660721;2025.0;n;2.0;2025-02-11;SC;101;206,2;SAO JOSE;Reação tardia ou ineficiente do condutor;Com Vítimas Feridas;3;Céu Claro;Pleno dia;terça-feira;Colisão lateral mesmo sentido;Múltipla;0;0;-27,59193546;-48,61824557;Segura;Sul;1 Trimestre
667018;2025.0;n;3.0;2025-03-13;SC;101;396,5;MARACAJA;Ingestão de álcool pelo condutor;Com Vítimas Feridas;3;Nublado;Pleno dia;quinta-feira;Colisão traseira;Dupla;0;0;-28,83263451;-49,41575289;Segura;Sul;1 Trimestre
611549;2024.0;n;7.0;2024-07-02;SC;153;52;VARGEM BONITA;Ausência de reação do condutor;Com Vítimas Feridas;2;Nublado;Amanhecer;terça-feira;Saída de leito carroçável;Simples;0;0;-26.920887;-51.808014;Segura;Sul;3 Trimestre
590503;2024.0;n;3.0;2024-03-02;MS;163;37;ELDORADO;Transitar na contramão;Com Vítimas Feridas;7;Céu Claro;Anoitecer;sábado;Engavetamento;Simples;0;0;-23.804863;-54.309286;Segura;Centro-Oeste;1 Trimestre
595400;2024.0;y;4.0;2024-04-21;PR;476;198,5;LAPA;Condutor Dormindo;Com Vítimas Fatais;4;Céu Claro;Amanhecer;domingo;Colisão lateral sentido oposto;Simples;1;0;-25.765606;-49.73917;Perigosa;Sul;2 Trimestre
572892;2024.0;n;1.0;2024-01-06;MG;116;199;CARAI;Pista Escorregadia;Com Vítimas Feridas;4;Garoa/Chuvisco;Pleno dia;sábado;Colisão traseira;Simples;0;0;-17.23536898;-41.49650703;Segura;Sudeste;1 Trimestre
585681;2024.0;n;2.0;2024-02-01;GO;364;296;MINEIROS;Ausência de reação do condutor;Com Vítimas Feridas;3;Nublado;Plena Noite;quinta-feira;Tombamento;Dupla;0;0;-17.578016;-52.518154;Segura;Centro-Oeste;1 Trimestre
668039;2025.0;n;3.0;2025-03-18;BA;116;499,3;SANTA TERESINHA;Reação tardia ou ineficiente do condutor;Com Vítimas Feridas;10;Chuva;Pleno dia;terça-feira;Saída de leito carroçável;Simples;0;0;-12,603922;-39,551028;Segura;Nordeste;1 Trimestre
582819;2024.0;n;2.0;2024-02-23;PE;232;73,6;GRAVATA;Manobra de mudança de faixa;Sem Vítimas;4;Céu Claro;Pleno dia;sexta-feira;Colisão lateral mesmo sentido;Dupla;0;0;-8.193337;-35.514858;Segura;Nordeste;1 Trimestre
671854;2025.0;n;4.0;2025-04-05;MG;50;119;UBERABA;Acessar a via sem observar a presença dos outros veículos;Com Vítimas Feridas;4;Nublado;Plena Noite;sábado;Colisão transversal;Dupla;0;0;-19,7142145;-47,9911305;Segura;Sudeste;2 Trimestre
582569;2024.0;n;2.0;2024-02-22;PR;376;602;CURITIBA;Ingestão de álcool pelo condutor;Com Vítimas Feridas;4;Nublado;Pleno dia;quinta-feira;Engavetamento;Dupla;0;0;-25.54329052;-49.30719981;Segura;Sul;1 Trimestre
609897;2024.0;n;6.0;2024-06-17;MS;163;618,5;SAO GABRIEL DO OESTE;Demais falhas mecânicas ou elétricas;Com Vítimas Fatais;3;Céu Claro;Plena Noite;segunda-feira;Eventos atípicos;Simples;1;0;-19.36667;-54.585557;Perigosa;Centro-Oeste;2 Trimestre
611209;2024.0;n;7.0;2024-07-01;BA;101;839,7;TEIXEIRA DE FREITAS;Ausência de reação do condutor;Com Vítimas Fatais;2;Céu Claro;Amanhecer;segunda-feira;Colisão frontal;Simples;1;0;-17.42806513;-39.6862617;Perigosa;Nordeste;3 Trimestre
602324;2024.0;n;5.0;2024-05-23;MT;163;643;NOVA MUTUM;Reação tardia ou ineficiente do condutor;Com Vítimas Feridas;4;Céu Claro;Plena Noite;quinta-feira;Tombamento;Simples;0;0;-13.53091506;-56.02609939;Segura;Centro-Oeste;2 Trimestre
614909;2024.0;n;7.0;2024-07-16;MG;262;477,9;BOM DESPACHO;Acessar a via sem observar a presença dos outros veículos;Com Vítimas Feridas;4;Céu Claro;Plena Noite;terça-feira;Colisão transversal;Simples;0;0;-19.78318046;-45.25989532;Segura;Sudeste;3 Trimestre
618492;2024.0;n;8.0;2024-08-02;PB;101;49,6;RIO TINTO;Condutor Dormindo;Sem Vítimas;2;Nublado;Pleno dia;sexta-feira;Saída de leito carroçável;Dupla;0;0;-6.91464699;-35.11263198;Segura;Nordeste;3 Trimestre
582114;2024.0;n;2.0;2024-02-19;RJ;101;542,3;PARATY;Ausência de reação do condutor;Com Vítimas Feridas;3;Chuva;Anoitecer;segunda-feira;Colisão transversal;Simples;0;0;-23.04128085;-44.59583503;Segura;Sudeste;1 Trimestre
598383;2024.0;n;5.0;2024-05-05;RS;285;287,3;PASSO FUNDO;Ausência de sinalização;Sem Vítimas;1;Garoa/Chuvisco;Plena Noite;domingo;Colisão com objeto;Simples;0;0;-28.240465;-52.31797;Segura;Sul;2 Trimestre
668581;2025.0;n;3.0;2025-03-21;RO;364;340;JI-PARANA;Condutor deixou de manter distância do veículo da frente;Com Vítimas Feridas;2;Céu Claro;Amanhecer;sexta-feira;Colisão traseira;Múltipla;0;1;-10,898802;-61,93046;Perigosa;Norte;1 Trimestre
616660;2024.0;n;7.0;2024-07-24;ES;262;171,4;IRUPI;Velocidade Incompatível;Com Vítimas Feridas;2;Nublado;Plena Noite;quarta-feira;Tombamento;Simples;0;1;-20.26434457;-41.59340179;Perigosa;Sudeste;3 Trimestre
664191;2025.0;n;2.0;2025-02-28;PE;101;86;JABOATAO DOS GUARARAPES;Acessar a via sem observar a presença dos outros veículos;Com Vítimas Feridas;3;Nublado;Pleno dia;sexta-feira;Colisão transversal;Dupla;0;0;-8,18452;-34,96705;Segura;Nordeste;1 Trimestre
614545;2024.0;n;7.0;2024-07-15;BA;101;295;VALENCA;Transitar na contramão;Com Vítimas Feridas;2;Céu Claro;Pleno dia;segunda-feira;Colisão frontal;Simples;0;1;-13.33360865;-39.37223319;Perigosa;Nordeste;3 Trimestre
616385;2024.0;n;7.0;2024-07-23;PE;232;103;BEZERROS;Acessar a via sem observar a presença dos outros veículos;Com Vítimas Feridas;4;Céu Claro;Pleno dia;terça-feira;Colisão lateral mesmo sentido;Dupla;0;0;-8.25219029;-35.76584983;Segura;Nordeste;3 Trimestre
616966;2024.0;n;7.0;2024-07-26;SC;470;65;INDAIAL;Ultrapassagem Indevida;Com Vítimas Feridas;2;Céu Claro;Pleno dia;sexta-feira;Colisão frontal;Simples;0;0;-26.87074581;-49.21505928;Segura;Sul;3 Trimestre
614115;2024.0;n;7.0;2024-07-13;CE;222;12;CAUCAIA;Reação tardia ou ineficiente do condutor;Com Vítimas Feridas;3;Céu Claro;Pleno dia;sábado;Colisão traseira;Simples;0;0;-3.76479979;-38.66897196;Segura;Nordeste;3 Trimestre
585242;2024.0;n;3.0;2024-03-05;ES;101;189;ARACRUZ;Acesso irregular;Com Vítimas Feridas;2;Céu Claro;Plena Noite;terça-feira;Colisão lateral sentido oposto;Múltipla;0;0;-19.68134019;-40.27051885;Segura;Sudeste;1 Trimestre
591073;2024.0;n;3.0;2024-03-31;BA;116;131;CANUDOS;Condutor deixou de manter distância do veículo da frente;Com Vítimas Feridas;3;Céu Claro;Plena Noite;domingo;Colisão traseira;Simples;0;1;-9.75824498;-39.1284111;Perigosa;Nordeste;1 Trimestre
626568;2024.0;n;9.0;2024-09-08;SP;116;132,4;CACAPAVA;Reação tardia ou ineficiente do condutor;Com Vítimas Feridas;3;Céu Claro;Plena Noite;domingo;Colisão traseira;Dupla;0;0;-23.13169757;-45.74481322;Segura;Sudeste;3 Trimestre
659949;2025.0;n;2.0;2025-02-08;SC;101;16,6;BIGUACU;Transitar na contramão;Com Vítimas Feridas;3;Céu Claro;Plena Noite;sábado;Colisão frontal;Dupla;0;1;-27,4946;-48,6561;Perigosa;Sul;1 Trimestre
652772;2025.0;n;1.0;2025-01-02;PA;10;337;SANTA MARIA DO PARA;Ultrapassagem Indevida;Com Vítimas Feridas;2;Céu Claro;Pleno dia;quinta-feira;Colisão frontal;Simples;0;0;-1,49330205;-47,5266692;Segura;Norte;1 Trimestre
687035;2025.0;n;4.0;2025-04-24;ES;101;288,8;CARIACICA;Condutor deixou de manter distância do veículo da frente;Com Vítimas Feridas;2;Céu Claro;Pleno dia;quinta-feira;Colisão traseira;Dupla;0;1;-20,28322004;-40,39303601;Perigosa;Sudeste;2 Trimestre
662722;2025.0;n;1.0;2025-01-18;RS;293;293;SANTANA DO LIVRAMENTO;Reação tardia ou ineficiente do condutor;Sem Vítimas;2;Céu Claro;Pleno dia;sábado;Colisão lateral sentido oposto;Simples;0;0;-30,83197607;-55,07435803;Segura;Sul;1 Trimestre
609081;2024.0;n;6.0;2024-06-21;RS;285;202,6;LAGOA VERMELHA;Reação tardia ou ineficiente do condutor;Sem Vítimas;2;Céu Claro;Plena Noite;sexta-feira;Saída de leito carroçável;Simples;0;0;-28.215328;-51.553638;Segura;Sul;2 Trimestre
591930;2024.0;y;3.0;2024-03-29;PA;163;110;ALTAMIRA;Mal súbito do condutor;Com Vítimas Fatais;3;Céu Claro;Pleno dia;sexta-feira;Eventos atípicos;Simples;1;0;-8.69664618;-55.0039584;Perigosa;Norte;1 Trimestre