id;ano;feriado;mes;data_inversa;uf;br;km;municipio;causa_acidente;classificacao_acidente;veiculos;condicao_metereologica;fase_dia;dia_semana;tipo_acidente;tipo_pista;mortos;feridos_graves;latitude;longitude;status;regiao;periodo
591801;2024.0;n;4.0;2024-04-04;SC;282;207,3;SAO JOSE;Trafegar com motocicleta (ou similar) entre as faixas;Com Vítimas Fatais;3;Céu Claro;Pleno dia;quinta-feira;Colisão lateral mesmo sentido;Múltipla;1;0;-27.6016948;-48.6269563;Perigosa;Sul;2 Trimestre
578628;2024.0;n;2.0;2024-02-02;MG;267;21,3;ARGIRITA;Demais falhas mecânicas ou elétricas;Com Vítimas Feridas;2;Nublado;Pleno dia;sexta-feira;Eventos atípicos;Simples;0;0;-21.59274447;-42.78538272;Segura;Sudeste;1 Trimestre
622536;2024.0;n;8.0;2024-08-20;PE;101;19;GOIANA;Reação tardia ou ineficiente do condutor;Com Vítimas Feridas;3;Garoa/Chuvisco;Pleno dia;terça-feira;Engavetamento;Dupla;0;0;-7.65403379;-34.94408281;Segura;Nordeste;3 Trimestre
606658;2024.0;n;6.0;2024-06-10;RS;158;130,5;CONDOR;Reação tardia ou ineficiente do condutor;Com Vítimas Feridas;2;Céu Claro;Plena Noite;segunda-feira;Saída de leito carroçável;Simples;0;0;-28.12428981;-53.43969941;Segura;Sul;2 Trimestre
657435;2025.0;n;1.0;2025-01-26;PA;230;117;MARABA;Ingestão de álcool pelo condutor;Sem Vítimas;2;Céu Claro;Pleno dia;domingo;Colisão transversal;Dupla;0;0;-5,35569904;-49,09047302;Segura;Norte;1 Trimestre
591345;2024.0;n;4.0;2024-04-02;SE;101;63;ROSARIO DO CATETE;Condutor deixou de manter distância do veículo da frente;Sem Vítimas;3;Céu Claro;Pleno dia;terça-feira;Colisão traseira;Simples;0;0;-10.6919344;-37.04082067;Segura;Nordeste;2 Trimestre
673043;2025.0;n;4.0;2025-04-11;MT;163;547;DIAMANTINO;Ausência de reação do condutor;Com Vítimas Feridas;3;Céu Claro;Plena Noite;sexta-feira;Saída de leito carroçável;Simples;0;0;-14,37881575;-56,13052368;Segura;Centro-Oeste;2 Trimestre
605745;2024.0;n;6.0;2024-06-07;BA;116;19,6;VITORIA DA CONQUISTA;Ultrapassagem Indevida;Com Vítimas Feridas;3;Céu Claro;Pleno dia;sexta-feira;Colisão frontal;Simples;0;1;-14.89546848;-40.82323194;Perigosa;Nordeste;2 Trimestre
578412;2024.0;n;1.0;2024-01-05;PA;230;117;MARABA;Reação tardia ou ineficiente do condutor;Com Vítimas Feridas;2;Céu Claro;Pleno dia;sexta-feira;Tombamento;Dupla;0;0;-5.35569904;-49.09047302;Segura;Norte;1 Trimestre
607882;2024.0;n;6.0;2024-06-16;MT;70;9;BARRA DO GARCAS;Ausência de reação do condutor;Com Vítimas Feridas;3;Céu Claro;Pleno dia;domingo;Colisão traseira;Simples;0;0;-15.87841343;-52.33485999;Segura;Centro-Oeste;2 Trimestre
619800;2024.0;n;8.0;2024-08-08;MT;163;1100;GUARANTA DO NORTE;Demais falhas mecânicas ou elétricas;Sem Vítimas;2;Céu Claro;Plena Noite;quinta-feira;Incêndio;Simples;0;0;-9.660841;-54.88064;Segura;Centro-Oeste;3 Trimestre
617016;2024.0;n;7.0;2024-07-26;PR;277;128;CAMPO LARGO;Reação tardia ou ineficiente do condutor;Com Vítimas Feridas;2;Céu Claro;Pleno dia;sexta-feira;Saída de leito carroçável;Dupla;0;0;-25.47194844;-49.62287307;Segura;Sul;3 Trimestre
663438;2025.0;n;2.0;2025-02-24;GO;153;688;PANAMA;Ausência de reação do condutor;Sem Vítimas;2;Céu Claro;Pleno dia;segunda-feira;Colisão traseira;Dupla;0;0;-18,16715856;-49,28868055;Segura;Centro-Oeste;1 Trimestre
672233;2025.0;n;4.0;2025-04-07;MG;116;275;TEOFILO OTONI;Demais falhas mecânicas ou elétricas;Sem Vítimas;1;Chuva;Anoitecer;segunda-feira;Incêndio;Simples;0;0;-17,8720154;-41,5199537;Segura;Sudeste;2 Trimestre
576578;2024.0;n;1.0;2024-01-23;SC;282;64;RANCHO QUEIMADO;Chuva;Com Vítimas Fatais;2;Garoa/Chuvisco;Pleno dia;terça-feira;Colisão frontal;Simples;1;0;-27.696323;-49.052456;Perigosa;Sul;1 Trimestre
579356;2024.0;n;2.0;2024-02-06;MT;364;524,6;ROSARIO OESTE;Ingestão de álcool pelo condutor;Sem Vítimas;4;Céu Claro;Plena Noite;terça-feira;Derramamento de carga;Simples;0;0;-15.05826498;-56.51689234;Segura;Centro-Oeste;1 Trimestre
622633;2024.0;n;8.0;2024-08-21;RJ;116;184;NOVA IGUACU;Condutor Dormindo;Com Vítimas Feridas;4;Céu Claro;Pleno dia;quarta-feira;Colisão lateral mesmo sentido;Dupla;0;0;-22.74647215;-43.44594311;Segura;Sudeste;3 Trimestre
603270;2024.0;n;5.0;2024-05-27;GO;60;442,5;JATAI;Neblina;Com Vítimas Feridas;2;Nevoeiro/Neblina;Plena Noite;segunda-feira;Saída de leito carroçável;Dupla;0;0;-17.8421;-51.4504;Segura;Centro-Oeste;2 Trimestre
581264;2024.0;n;2.0;2024-02-15;MG;40;801,4;MATIAS BARBOSA;Chuva;Com Vítimas Feridas;3;Chuva;Pleno dia;quinta-feira;Saída de leito carroçável;Dupla;0;0;-21.84672919;-43.37899486;Segura;Sudeste;1 Trimestre
616285;2024.0;n;7.0;2024-07-22;PB;101;51,8;RIO TINTO;Ausência de reação do condutor;Com Vítimas Feridas;1;Céu Claro;Plena Noite;segunda-feira;Saída de leito carroçável;Dupla;0;1;-6.93035382;-35.10376671;Perigosa;Nordeste;3 Trimestre
666349;2025.0;n;3.0;2025-03-10;SP;116;224,7;GUARULHOS;Manobra de mudança de faixa;Com Vítimas Feridas;2;Sol;Pleno dia;segunda-feira;Colisão lateral mesmo sentido;Múltipla;0;0;-23,48787696;-46,54460538;Segura;Sudeste;1 Trimestre
653567;2025.0;n;1.0;2025-01-06;BA;116;462;SANTO ESTEVAO;Acessar a via sem observar a presença dos outros veículos;Com Vítimas Feridas;2;Céu Claro;Plena Noite;segunda-feira;Colisão lateral mesmo sentido;Dupla;0;0;-12,45182;-39,253353;Segura;Nordeste;1 Trimestre
602751;2024.0;n;5.0;2024-05-24;RJ;101;334;RIO DE JANEIRO;Manobra de mudança de faixa;Com Vítimas Feridas;2;Céu Claro;Plena Noite;sexta-feira;Colisão lateral mesmo sentido;Múltipla;0;1;-22.88517902;-43.21704364;Perigosa;Sudeste;2 Trimestre
581645;2024.0;n;2.0;2024-02-15;SC;282;617;IRACEMINHA;Chuva;Com Vítimas Feridas;6;Chuva;Pleno dia;quinta-feira;Colisão lateral sentido oposto;Simples;0;0;-26.782682;-53.285789;Segura;Sul;1 Trimestre
584245;2024.0;n;3.0;2024-03-01;SP;116;228;SAO PAULO;Mal súbito do condutor;Com Vítimas Feridas;1;Céu Claro;Pleno dia;sexta-feira;Saída de leito carroçável;Múltipla;0;0;-23.50343484;-46.56638712;Segura;Sudeste;1 Trimestre
596203;2024.0;n;4.0;2024-04-25;PR;376;262,8;CALIFORNIA;Velocidade Incompatível;Com Vítimas Feridas;2;Céu Claro;Amanhecer;quinta-feira;Tombamento;Dupla;0;0;-23.71590684;-51.31665496;Segura;Sul;2 Trimestre
658877;2025.0;n;2.0;2025-02-02;PE;428;186,9;PETROLINA;Velocidade Incompatível;Com Vítimas Fatais;2;Céu Claro;Plena Noite;domingo;Atropelamento de Pedestre;Dupla;1;0;-9,36731601;-40,48443943;Perigosa;Nordeste;1 Trimestre
668298;2025.0;n;3.0;2025-03-19;BA;116;0;VITORIA DA CONQUISTA;Manobra de mudança de faixa;Com Vítimas Feridas;2;Céu Claro;Pleno dia;quarta-feira;Colisão frontal;Simples;0;0;-14,8259;-40,8322;Segura;Nordeste;1 Trimestre
594228;2024.0;n;4.0;2024-04-15;GO;70;379;MONTES CLAROS DE GOIAS;Demais falhas mecânicas ou elétricas;Sem Vítimas;3;Céu Claro;Pleno dia;segunda-feira;Incêndio;Simples;0;0;-15.89772;-51.434875;Segura;Centro-Oeste;2 Trimestre
664597;2025.0;n;3.0;2025-03-01;MT;364;472;VARZEA GRANDE;Reação tardia ou ineficiente do condutor;Com Vítimas Feridas;4;Sol;Pleno dia;sábado;Colisão frontal;Simples;0;1;-15,418824;-56,347241;Perigosa;Centro-Oeste;1 Trimestre
583152;2024.0;n;2.0;2024-02-25;MG;40;466;SETE LAGOAS;Objeto estático sobre o leito carroçável;Com Vítimas Feridas;1;Nublado;Plena Noite;domingo;Tombamento;Dupla;0;1;-19.44436025;-44.32384821;Perigosa;Sudeste;1 Trimestre
600329;2024.0;n;5.0;2024-05-13;RS;116;416;CAMAQUA;Reação tardia ou ineficiente do condutor;Com Vítimas Feridas;2;Nublado;Plena Noite;segunda-feira;Saída de leito carroçável;Dupla;0;1;-30.94398009;-51.94344096;Perigosa;Sul;2 Trimestre
608901;2024.0;n;6.0;2024-06-21;SP;116;330;JUQUITIBA;Acessar a via sem observar a presença dos outros veículos;Com Vítimas Feridas;2;Nevoeiro/Neblina;Amanhecer;sexta-feira;Colisão traseira;Dupla;0;0;-23.9442931;-47.09668891;Segura;Sudeste;2 Trimestre
623082;2024.0;n;6.0;2024-06-15;RS;472;522;URUGUAIANA;Carga excessiva e/ou mal acondicionada;Sem Vítimas;3;Céu Claro;Pleno dia;sábado;Colisão com objeto;Simples;0;0;-29.41545021;-56.69220979;Segura;Sul;2 Trimestre
590628;2024.0;y;3.0;2024-03-29;MT;158;491;CANARANA;Reação tardia ou ineficiente do condutor;Sem Vítimas;3;Céu Claro;Pleno dia;sexta-feira;Tombamento;Simples;0;0;-13.42352998;-51.94515074;Segura;Centro-Oeste;1 Trimestre
687196;2025.0;n;4.0;2025-04-25;RN;304;302;MACAIBA;Manobra de mudança de faixa;Com Vítimas Feridas;2;Céu Claro;Pleno dia;sexta-feira;Colisão traseira;Dupla;0;1;-5,8812744;-35,2912052;Perigosa;Nordeste;2 Trimestre
603394;2024.0;n;5.0;2024-05-27;MG;381;654;SANTO ANTONIO DO AMPARO;Velocidade Incompatível;Com Vítimas Feridas;3;Céu Claro;Pleno dia;segunda-feira;Colisão lateral mesmo sentido;Dupla;0;1;-20.99437964;-44.96041633;Perigosa;Sudeste;2 Trimestre
583202;2024.0;n;1.0;2024-01-08;MG;40;498,4;ESMERALDAS;Manobra de mudança de faixa;Com Vítimas Feridas;2;Nublado;Pleno dia;segunda-feira;Colisão traseira;Dupla;0;0;-19.68467685;-44.18191183;Segura;Sudeste;1 Trimestre
612875;2024.0;n;7.0;2024-07-07;SC;101;101;BALNEARIO PICARRAS;Ingestão de álcool pelo condutor;Com Vítimas Feridas;4;Chuva;Plena Noite;domingo;Colisão com objeto;Dupla;0;0;-26.76404198;-48.68657667;Segura;Sul;3 Trimestre
578741;2024.0;n;2.0;2024-02-03;MG;381;560;ITAGUARA;Demais falhas mecânicas ou elétricas;Com Vítimas Feridas;3;Céu Claro;Pleno dia;sábado;Saída de leito carroçável;Dupla;0;0;-20.38551554;-44.48916608;Segura;Sudeste;1 Trimestre
593508;2024.0;n;4.0;2024-04-12;MT;364;275;JACIARA;Demais falhas mecânicas ou elétricas;Com Vítimas Feridas;1;Nublado;Pleno dia;sexta-feira;Saída de leito carroçável;Simples;0;0;-15.95085604;-54.98237599;Segura;Centro-Oeste;2 Trimestre
622509;2024.0;n;8.0;2024-08-20;SC;280;24,6;ARAQUARI;Acessar a via sem observar a presença dos outros veículos;Sem Vítimas;2;Nublado;Pleno dia;terça-feira;Colisão transversal;Simples;0;0;-26.37724921;-48.71953282;Segura;Sul;3 Trimestre
615614;2024.0;n;7.0;2024-07-19;PR;163;34,7;SANTO ANTONIO DO SUDOESTE;Transitar na contramão;Com Vítimas Feridas;2;Céu Claro;Plena Noite;sexta-feira;Colisão lateral sentido oposto;Simples;0;0;-26.068084;-53.721076;Segura;Sul;3 Trimestre
614405;2024.0;n;7.0;2024-07-14;MG;116;380,7;MATHIAS LOBATO;Velocidade Incompatível;Com Vítimas Feridas;2;Céu Claro;Pleno dia;domingo;Tombamento;Simples;0;0;-18.62219904;-41.94238892;Segura;Sudeste;3 Trimestre
580484;2024.0;n;2.0;2024-02-11;MG;251;474,1;FRANCISCO SA;Velocidade Incompatível;Com Vítimas Fatais;6;Sol;Pleno dia;domingo;Engavetamento;Simples;1;1;-16.47130466;-43.45673904;Perigosa;Sudeste;1 Trimestre
589393;2024.0;n;3.0;2024-03-24;PR;277;5,6;PARANAGUA;Reação tardia ou ineficiente do condutor;Com Vítimas Fatais;4;Chuva;Amanhecer;domingo;Colisão traseira;Dupla;1;0;-25.55808376;-48.57216597;Perigosa;Sul;1 Trimestre
656953;2025.0;n;1.0;2025-01-23;BA;110;104;ANTAS;Problema com o freio;Com Vítimas Feridas;2;Céu Claro;Plena Noite;quinta-feira;Atropelamento de Pedestre;Simples;0;1;-10,33353685;-38,31563227;Perigosa;Nordeste;1 Trimestre
653598;2025.0;n;1.0;2025-01-06;MT;70;300;PRIMAVERA DO LESTE;Demais falhas mecânicas ou elétricas;Com Vítimas Feridas;2;Nevoeiro/Neblina;Plena Noite;segunda-feira;Eventos atípicos;Simples;0;0;-15,57911988;-54,47201099;Segura;Centro-Oeste;1 Trimestre
586854;2024.0;n;3.0;2024-03-12;BA;324;6;FEIRA DE SANTANA;Entrada inopinada do pedestre;Com Vítimas Feridas;2;Nublado;Plena Noite;terça-feira;Atropelamento de Pedestre;Dupla;0;1;-12.267113;-38.966988;Perigosa;Nordeste;1 Trimestre
590210;2024.0;n;3.0;2024-03-28;MG;381;927;ITAPEVA;Condutor Dormindo;Com Vítimas Feridas;3;Nublado;Plena Noite;quinta-feira;Saída de leito carroçável;Dupla;0;1;-22.79271225;-46.24636988;Perigosa;Sudeste;1 Trimestre
604930;2024.0;n;5.0;2024-05-24;RO;364;29;VILHENA;Condutor deixou de manter distância do veículo da frente;Com Vítimas Feridas;14;Céu Claro;Pleno dia;sexta-feira;Engavetamento;Simples;0;0;-12.71187186;-60.26932074;Segura;Norte;2 Trimestre
688287;2025.0;n;4.0;2025-04-30;MS;60;426;SIDROLANDIA;Condutor deixou de manter distância do veículo da frente;Com Vítimas Feridas;2;Céu Claro;Pleno dia;quarta-feira;Colisão traseira;Dupla;0;0;-20,9374717;-54,9624538;Segura;Centro-Oeste;2 Trimestre
609901;2024.0;n;6.0;2024-06-25;MS;262;573,1;MIRANDA;Reação tardia ou ineficiente do condutor;Com Vítimas Feridas;3;Nevoeiro/Neblina;Pleno dia;terça-feira;Colisão traseira;Simples;0;0;-20.19074674;-56.50542601;Segura;Centro-Oeste;2 Trimestre
663860;2025.0;n;2.0;2025-02-26;GO;452;16;RIO VERDE;Condutor deixou de manter distância do veículo da frente;Com Vítimas Feridas;2;Nublado;Pleno dia;quarta-feira;Colisão traseira;Simples;0;1;-17,84656845;-50,78297876;Perigosa;Centro-Oeste;1 Trimestre
578687;2024.0;n;2.0;2024-02-03;MG;251;523;MONTES CLAROS;Velocidade Incompatível;Com Vítimas Feridas;1;Chuva;Plena Noite;sábado;Tombamento;Simples;0;0;-16.682184;-43.803516;Segura;Sudeste;1 Trimestre
663238;2025.0;n;2.0;2025-02-23;MG;40;443,8;PARAOPEBA;Velocidade Incompatível;Sem Vítimas;2;Céu Claro;Plena Noite;domingo;Tombamento;Dupla;0;0;-19,2817;-44,409;Segura;Sudeste;1 Trimestre
590927;2024.0;n;3.0;2024-03-31;ES;262;136;BREJETUBA;Ausência de reação do condutor;Com Vítimas Feridas;2;Céu Claro;Pleno dia;domingo;Tombamento;Simples;0;0;-20.24110613;-41.33884311;Segura;Sudeste;1 Trimestre
621277;2024.0;n;8.0;2024-08-14;PE;232;236,4;PESQUEIRA;Ausência de reação do condutor;Com Vítimas Fatais;3;Céu Claro;Plena Noite;quarta-feira;Tombamento;Simples;1;0;-8.4130238;-36.92650506;Perigosa;Nordeste;3 Trimestre
668452;2025.0;n;3.0;2025-03-20;RS;116;354;SENTINELA DO SUL;Ausência de reação do condutor;Com Vítimas Feridas;1;Sol;Pleno dia;quinta-feira;Saída de leito carroçável;Dupla;0;0;-30,568515;-51,522468;Segura;Sul;1 Trimestre
627893;2024.0;n;9.0;2024-09-14;PR;376;489;PONTA GROSSA;Trafegar com motocicleta (ou similar) entre as faixas;Com Vítimas Fatais;4;Nublado;Plena Noite;sábado;Queda de ocupante de veículo;Dupla;1;0;-25.14172584;-50.1586859;Perigosa;Sul;3 Trimestre
612415;2024.0;n;7.0;2024-07-06;GO;60;339;SANTO ANTONIO DA BARRA;Ausência de reação do condutor;Sem Vítimas;1;Céu Claro;Amanhecer;sábado;Saída de leito carroçável;Dupla;0;0;-17.547;-50.5975;Segura;Centro-Oeste;3 Trimestre
628126;2024.0;n;9.0;2024-09-14;RS;470;61;CAPAO BONITO DO SUL;Retorno proibido;Sem Vítimas;2;Céu Claro;Plena Noite;sábado;Saída de leito carroçável;Simples;0;0;-28.097387;-51.478969;Segura;Sul;3 Trimestre
629300;2024.0;n;9.0;2024-09-20;GO;40;3;VALPARAISO DE GOIAS;Condutor Dormindo;Sem Vítimas;3;Céu Claro;Pleno dia;sexta-feira;Colisão lateral mesmo sentido;Dupla;0;0;-16.076081;-47.985671;Segura;Centro-Oeste;3 Trimestre
597213;2024.0;n;4.0;2024-04-29;MG;381;449,2;SANTA LUZIA;Ultrapassagem Indevida;Com Vítimas Feridas;3;Céu Claro;Pleno dia;segunda-feira;Colisão lateral mesmo sentido;Simples;0;0;-19.82497944;-43.83335441;Segura;Sudeste;2 Trimestre
602320;2024.0;n;5.0;2024-05-22;MG;50;2,5;ARAGUARI;Ausência de reação do condutor;Com Vítimas Feridas;5;Vento;Plena Noite;quarta-feira;Colisão traseira;Dupla;0;0;-18.43742886;-48.05720379;Segura;Sudeste;2 Trimestre
573157;2024.0;n;1.0;2024-01-07;GO;364;248;JATAI;Acostamento em desnível;Com Vítimas Feridas;3;Céu Claro;Pleno dia;domingo;Tombamento;Simples;0;0;-17.734665;-52.137199;Segura;Centro-Oeste;1 Trimestre
584497;2024.0;n;3.0;2024-03-02;ES;101;126;SOORETAMA;Ingestão de substâncias psicoativas pelo condutor;Sem Vítimas;3;Céu Claro;Pleno dia;sábado;Colisão lateral sentido oposto;Simples;0;0;-19.193953;-40.0951;Segura;Sudeste;1 Trimestre
620061;2024.0;n;8.0;2024-08-09;PR;116;40;CAMPINA GRANDE DO SUL;Reação tardia ou ineficiente do condutor;Com Vítimas Feridas;1;Chuva;Pleno dia;sexta-feira;Saída de leito carroçável;Dupla;0;0;-25.16445203;-48.86237697;Segura;Sul;3 Trimestre
574984;2024.0;n;1.0;2024-01-15;RS;290;549;ALEGRETE;Demais falhas mecânicas ou elétricas;Sem Vítimas;2;Céu Claro;Plena Noite;segunda-feira;Incêndio;Simples;0;0;-29.94013;-55.500866;Segura;Sul;1 Trimestre
613923;2024.0;n;7.0;2024-07-12;MG;40;505,2;RIBEIRAO DAS NEVES;Manobra de mudança de faixa;Com Vítimas Feridas;2;Céu Claro;Pleno dia;sexta-feira;Colisão traseira;Dupla;0;0;-19.73838088;-44.14935661;Segura;Sudeste;3 Trimestre
652490;2025.0;y;1.0;2025-01-01;PR;153;330;IRATI;Ausência de reação do condutor;Sem Vítimas;1;Céu Claro;Amanhecer;quarta-feira;Colisão com objeto;Simples;0;0;-25,45471011;-50,6196247;Segura;Sul;1 Trimestre
623300;2024.0;n;8.0;2024-08-24;RJ;101;156;MACAE;Ultrapassagem Indevida;Com Vítimas Feridas;7;Céu Claro;Pleno dia;sábado;Colisão lateral sentido oposto;Simples;0;1;-22.26234085;-41.85003207;Perigosa;Sudeste;3 Trimestre
596888;2024.0;n;4.0;2024-04-27;MA;10;99;ESTREITO;Condutor Dormindo;Com Vítimas Fatais;4;Céu Claro;Plena Noite;sábado;Colisão frontal;Simples;1;0;-6.79647253;-47.43338585;Perigosa;Nordeste;2 Trimestre
579564;2024.0;n;2.0;2024-02-07;MG;365;69,5;JEQUITAI;Velocidade Incompatível;Com Vítimas Feridas;2;Chuva;Pleno dia;quarta-feira;Tombamento;Simples;0;1;-17.07222805;-44.33952581;Perigosa;Sudeste;1 Trimestre
610752;2024.0;n;6.0;2024-06-29;PI;222;16,2;SAO JOAO DA FRONTEIRA;Condutor Dormindo;Com Vítimas Feridas;2;Céu Claro;Amanhecer;sábado;Saída de leito carroçável;Simples;0;1;-3.98143854;-41.35578717;Perigosa;Nordeste;2 Trimestre
586105;2024.0;n;3.0;2024-03-09;MG;381;525;BRUMADINHO;Velocidade Incompatível;Com Vítimas Feridas;2;Céu Claro;Pleno dia;sábado;Colisão com objeto;Dupla;0;0;-20.16710798;-44.33422398;Segura;Sudeste;1 Trimestre
620281;2024.0;n;8.0;2024-08-09;PA;10;105;PARAGOMINAS;Demais falhas mecânicas ou elétricas;Sem Vítimas;1;Céu Claro;Plena Noite;sexta-feira;Incêndio;Simples;0;0;-3.52251891;-47.48552431;Segura;Norte;3 Trimestre
670935;2025.0;n;4.0;2025-04-01;PR;116;164;QUITANDINHA;Reação tardia ou ineficiente do condutor;Sem Vítimas;4;Céu Claro;Pleno dia;terça-feira;Colisão traseira;Dupla;0;0;-25,875393;-49,470167;Segura;Sul;2 Trimestre
616667;2024.0;n;7.0;2024-07-14;MS;163;388;NOVA ALVORADA DO SUL;Reação tardia ou ineficiente do condutor;Com Vítimas Feridas;4;Céu Claro;Plena Noite;domingo;Colisão traseira;Simples;0;0;-21.27192709;-54.44313833;Segura;Centro-Oeste;3 Trimestre
578770;2024.0;n;2.0;2024-02-03;PI;316;42,4;LAGOA DO PIAUI;Reação tardia ou ineficiente do condutor;Com Vítimas Feridas;1;Nublado;Pleno dia;sábado;Saída de leito carroçável;Simples;0;0;-5.41952403;-42.64045707;Segura;Nordeste;1 Trimestre
599470;2024.0;n;5.0;2024-05-10;SC;470;153;AGRONOMICA;Desrespeitar a preferência no cruzamento;Com Vítimas Feridas;2;Nublado;Pleno dia;sexta-feira;Colisão transversal;Simples;0;1;-27.27541421;-49.74318624;Perigosa;Sul;2 Trimestre
666584;2025.0;n;1.0;2025-01-21;MT;163;1102;GUARANTA DO NORTE;Manobra de mudança de faixa;Com Vítimas Feridas;5;Céu Claro;Pleno dia;terça-feira;Colisão lateral sentido oposto;Simples;0;1;-9,78200529;-54,90867173;Perigosa;Centro-Oeste;1 Trimestre
596774;2024.0;n;4.0;2024-04-27;PR;163;23,9;SANTO ANTONIO DO SUDOESTE;Reação tardia ou ineficiente do condutor;Com Vítimas Feridas;2;Céu Claro;Pleno dia;sábado;Colisão traseira;Simples;0;1;-26.14311064;-53.68449926;Perigosa;Sul;2 Trimestre
624009;2024.0;n;8.0;2024-08-27;PA;316;30,3;SANTA IZABEL DO PARA;Chuva;Com Vítimas Feridas;1;Chuva;Pleno dia;terça-feira;Saída de leito carroçável;Dupla;0;0;-1.30604012;-48.20471397;Segura;Norte;3 Trimestre
615806;2024.0;n;7.0;2024-07-20;RJ;465;2;SEROPEDICA;Ultrapassagem Indevida;Com Vítimas Feridas;2;Céu Claro;Pleno dia;sábado;Atropelamento de Pedestre;Simples;0;1;-22.727266;-43.718712;Perigosa;Sudeste;3 Trimestre
619332;2024.0;n;8.0;2024-08-05;PR;116;116;CURITIBA;Trafegar com motocicleta (ou similar) entre as faixas;Com Vítimas Feridas;4;Céu Claro;Plena Noite;segunda-feira;Colisão traseira;Dupla;0;0;-25.54444239;-49.30321276;Segura;Sul;3 Trimestre
597443;2024.0;n;4.0;2024-04-11;RO;319;60;PORTO VELHO;Acessar a via sem observar a presença dos outros veículos;Sem Vítimas;4;Nublado;Pleno dia;quinta-feira;Colisão lateral mesmo sentido;Múltipla;0;0;-8.766685;-63.884052;Segura;Norte;2 Trimestre
604040;2024.0;n;5.0;2024-05-30;SC;282;644,1;SAO MIGUEL DO OESTE;Acessar a via sem observar a presença dos outros veículos;Com Vítimas Feridas;2;Céu Claro;Pleno dia;quinta-feira;Colisão transversal;Simples;0;1;-26.76771159;-53.4814775;Perigosa;Sul;2 Trimestre
607216;2024.0;n;6.0;2024-06-13;GO;153;645;MORRINHOS;Velocidade Incompatível;Com Vítimas Feridas;5;Céu Claro;Pleno dia;quinta-feira;Colisão transversal;Dupla;0;1;-17.9234;-49.2421;Perigosa;Centro-Oeste;2 Trimestre
626595;2024.0;n;9.0;2024-09-08;GO;153;199;URUACU;Ingestão de álcool pelo condutor;Com Vítimas Feridas;5;Céu Claro;Amanhecer;domingo;Colisão lateral sentido oposto;Simples;0;1;-14.524462;-49.15884;Perigosa;Centro-Oeste;3 Trimestre
664817;2025.0;n;3.0;2025-03-02;PR;277;108,7;CURITIBA;Trafegar com motocicleta (ou similar) entre as faixas;Com Vítimas Fatais;5;Céu Claro;Anoitecer;domingo;Colisão lateral mesmo sentido;Dupla;1;0;-25,42968573;-49,37854236;Perigosa;Sul;1 Trimestre
621453;2024.0;n;8.0;2024-08-15;BA;20;138;SAO DESIDERIO;Demais Fenômenos da natureza;Sem Vítimas;2;Céu Claro;Pleno dia;quinta-feira;Incêndio;Simples;0;0;-12.7380566;-45.9397066;Segura;Nordeste;3 Trimestre
622326;2024.0;n;8.0;2024-08-19;AC;364;77;PLACIDO DE CASTRO;Reação tardia ou ineficiente do condutor;Com Vítimas Feridas;7;Céu Claro;Pleno dia;segunda-feira;Colisão traseira;Simples;0;0;-10.0840559;-67.39982704;Segura;Norte;3 Trimestre
673925;2025.0;n;4.0;2025-04-15;RJ;40;110;DUQUE DE CAXIAS;Ausência de reação do condutor;Com Vítimas Feridas;2;Céu Claro;Plena Noite;terça-feira;Colisão traseira;Múltipla;0;0;-22,68319693;-43,28524048;Segura;Sudeste;2 Trimestre
685709;2025.0;y;4.0;2025-04-18;RO;364;104;CHUPINGUAIA;Demais falhas mecânicas ou elétricas;Sem Vítimas;4;Céu Claro;Plena Noite;sexta-feira;Incêndio;Simples;0;0;-12,25488698;-60,67036137;Segura;Norte;2 Trimestre
663120;2025.0;n;2.0;2025-02-22;BA;242;543;OLIVEIRA DOS BREJINHOS;Ultrapassagem Indevida;Com Vítimas Fatais;4;Nublado;Plena Noite;sábado;Colisão frontal;Simples;1;0;-12,192964;-42,82117;Perigosa;Nordeste;1 Trimestre
593702;2024.0;n;4.0;2024-04-13;MG;262;603,1;CAMPOS ALTOS;Condutor usando celular;Sem Vítimas;1;Céu Claro;Pleno dia;sábado;Saída de leito carroçável;Simples;0;0;-19.6468942;-46.24077508;Segura;Sudeste;2 Trimestre
611193;2024.0;n;7.0;2024-07-01;PI;343;259,9;CAMPO MAIOR;Manobra de mudança de faixa;Com Vítimas Feridas;2;Céu Claro;Plena Noite;segunda-feira;Saída de leito carroçável;Simples;0;0;-4.802398;-42.137829;Segura;Nordeste;3 Trimestre
686864;2025.0;n;4.0;2025-04-23;PB;101;41,7;MAMANGUAPE;Acessar a via sem observar a presença dos outros veículos;Com Vítimas Feridas;2;Céu Claro;Pleno dia;quarta-feira;Colisão traseira;Dupla;0;0;-6,853736;-35,1347628;Segura;Nordeste;2 Trimestre
661020;2025.0;n;2.0;2025-02-13;GO;20;3;FORMOSA;Velocidade Incompatível;Com Vítimas Feridas;5;Céu Claro;Plena Noite;quinta-feira;Colisão lateral mesmo sentido;Dupla;0;0;-15,567487;-47,320309;Segura;Centro-Oeste;1 Trimestre
608080;2024.0;n;6.0;2024-06-17;MG;262;97;ABRE CAMPO;Velocidade Incompatível;Com Vítimas Feridas;1;Céu Claro;Pleno dia;segunda-feira;Tombamento;Simples;0;0;-20.29066833;-42.48754605;Segura;Sudeste;2 Trimestre
614206;2024.0;n;7.0;2024-07-13;MT;163;922;ITAUBA;Condutor deixou de manter distância do veículo da frente;Com Vítimas Feridas;3;Céu Claro;Pleno dia;sábado;Colisão traseira;Simples;0;0;-11.23531706;-55.30483246;Segura;Centro-Oeste;3 Trimestre