id;ano;feriado;mes;data_inversa;uf;br;km;municipio;causa_acidente;classificacao_acidente;veiculos;condicao_metereologica;fase_dia;dia_semana;tipo_acidente;tipo_pista;mortos;feridos_graves;latitude;longitude;status;regiao;periodo
664623;2025.0;n;3.0;2025-03-01;PR;277;307;PRUDENTOPOLIS;Ausência de reação do condutor;Sem Vítimas;3;Céu Claro;Plena Noite;sábado;Saída de leito carroçável;Simples;0;0;-25,31599988;-51,19617476;Segura;Sul;1 Trimestre
616611;2024.0;n;7.0;2024-07-24;MA;222;344,8;MONCAO;Pista esburacada;Com Vítimas Fatais;5;Céu Claro;Pleno dia;quarta-feira;Colisão lateral mesmo sentido;Simples;1;0;-3.60982689;-45.12964406;Perigosa;Nordeste;3 Trimestre
603544;2024.0;n;5.0;2024-05-28;SC;282;520,7;XAXIM;Carga excessiva e/ou mal acondicionada;Sem Vítimas;2;Nublado;Pleno dia;terça-feira;Derramamento de carga;Simples;0;0;-26.950415;-52.526096;Segura;Sul;2 Trimestre
621426;2024.0;n;8.0;2024-08-15;RJ;101;272;RIO BONITO;Manobra de mudança de faixa;Com Vítimas Feridas;2;Céu Claro;Plena Noite;quinta-feira;Colisão lateral mesmo sentido;Dupla;0;0;-22.72935968;-42.70112512;Segura;Sudeste;3 Trimestre
662107;2025.0;n;2.0;2025-02-18;RS;386;426,8;MONTENEGRO;Ausência de reação do condutor;Com Vítimas Feridas;1;Nublado;Pleno dia;terça-feira;Colisão com objeto;Dupla;0;0;-29,819479;-51,36208;Segura;Sul;1 Trimestre
667496;2025.0;n;3.0;2025-03-15;PR;116;8,1;CAMPINA GRANDE DO SUL;Velocidade Incompatível;Com Vítimas Feridas;3;Garoa/Chuvisco;Plena Noite;sábado;Colisão lateral mesmo sentido;Dupla;0;1;-25,08112675;-48,6243172;Perigosa;Sul;1 Trimestre
686488;2025.0;y;4.0;2025-04-21;SC;282;424,4;VARGEM BONITA;Ausência de reação do condutor;Com Vítimas Feridas;3;Céu Claro;Pleno dia;segunda-feira;Colisão frontal;Dupla;0;1;-26,99225;-51,751907;Perigosa;Sul;2 Trimestre
590707;2024.0;n;3.0;2024-03-30;MG;40;596,6;CONGONHAS;Retorno proibido;Com Vítimas Feridas;3;Nublado;Pleno dia;sábado;Colisão transversal;Simples;0;0;-20.41181186;-43.89476664;Segura;Sudeste;1 Trimestre
596119;2024.0;n;4.0;2024-04-24;GO;153;128;ESTRELA DO NORTE;Demais falhas mecânicas ou elétricas;Com Vítimas Feridas;2;Céu Claro;Pleno dia;quarta-feira;Colisão com objeto;Simples;0;0;-13.892993;-49.057659;Segura;Centro-Oeste;2 Trimestre
629563;2024.0;n;9.0;2024-09-21;SP;116;498;CAJATI;Condutor Dormindo;Com Vítimas Feridas;2;Céu Claro;Pleno dia;sábado;Saída de leito carroçável;Simples;0;0;-24.77566399;-48.17082817;Segura;Sudeste;3 Trimestre
687496;2025.0;n;4.0;2025-04-26;SC;101;142,8;BALNEARIO CAMBORIU;Objeto estático sobre o leito carroçável;Com Vítimas Feridas;2;Sol;Pleno dia;sábado;Colisão com objeto;Dupla;0;0;-27,0492504;-48,59780638;Segura;Sul;2 Trimestre
621785;2024.0;n;8.0;2024-08-17;CE;116;21;ITAITINGA;Manobra de mudança de faixa;Sem Vítimas;2;Céu Claro;Pleno dia;sábado;Colisão lateral mesmo sentido;Dupla;0;0;-3.93175901;-38.50825087;Segura;Nordeste;3 Trimestre
625848;2024.0;n;9.0;2024-09-05;GO;60;385;RIO VERDE;Problema com o freio;Com Vítimas Feridas;6;Céu Claro;Pleno dia;quinta-feira;Colisão lateral mesmo sentido;Dupla;0;0;-17.7964;-50.914;Segura;Centro-Oeste;3 Trimestre
653058;2025.0;n;1.0;2025-01-04;RJ;116;313;RESENDE;Condutor Dormindo;Com Vítimas Feridas;1;Nublado;Plena Noite;sábado;Saída de leito carroçável;Dupla;0;1;-22,45998766;-44,46237202;Perigosa;Sudeste;1 Trimestre
603487;2024.0;n;5.0;2024-05-28;RS;392;300;SAO SEPE;Pedestre andava na pista;Com Vítimas Fatais;2;Garoa/Chuvisco;Plena Noite;terça-feira;Atropelamento de Pedestre;Simples;1;0;-30.14366128;-53.59959126;Perigosa;Sul;2 Trimestre
590651;2024.0;n;3.0;2024-03-30;SP;116;340,2;MIRACATU;Chuva;Com Vítimas Feridas;1;Garoa/Chuvisco;Amanhecer;sábado;Colisão com objeto;Dupla;0;0;-24.00328505;-47.15633198;Segura;Sudeste;1 Trimestre
668608;2025.0;n;3.0;2025-03-21;RJ;101;55;CAMPOS DOS GOYTACAZES;Acessar a via sem observar a presença dos outros veículos;Com Vítimas Feridas;3;Nublado;Pleno dia;sexta-feira;Colisão lateral mesmo sentido;Simples;0;0;-21,68547699;-41,31095388;Segura;Sudeste;1 Trimestre
592578;2024.0;n;4.0;2024-04-08;BA;324;561;SAO SEBASTIAO DO PASSE;Acessar a via sem observar a presença dos outros veículos;Com Vítimas Feridas;2;Nublado;Pleno dia;segunda-feira;Colisão transversal;Dupla;0;0;-12.509832;-38.630151;Segura;Nordeste;2 Trimestre
671498;2025.0;n;4.0;2025-04-04;PR;153;484;GENERAL CARNEIRO;Desrespeitar a preferência no cruzamento;Com Vítimas Feridas;3;Nublado;Pleno dia;sexta-feira;Colisão transversal;Simples;0;0;-26,38672627;-51,27215356;Segura;Sul;2 Trimestre
577893;2024.0;n;1.0;2024-01-29;SP;116;430,9;REGISTRO;Condutor deixou de manter distância do veículo da frente;Com Vítimas Feridas;6;Chuva;Pleno dia;segunda-feira;Colisão traseira;Dupla;0;2;-24.40730885;-47.7459871;Perigosa;Sudeste;1 Trimestre
594301;2024.0;n;4.0;2024-04-15;MA;316;269;BELA VISTA DO MARANHAO;Acessar a via sem observar a presença dos outros veículos;Sem Vítimas;3;Sol;Pleno dia;segunda-feira;Colisão transversal;Simples;0;0;-3.695966;-45.324039;Segura;Nordeste;2 Trimestre
593543;2024.0;n;4.0;2024-04-12;GO;60;388;RIO VERDE;Manobra de mudança de faixa;Com Vítimas Feridas;2;Céu Claro;Pleno dia;sexta-feira;Colisão transversal;Dupla;0;1;-17.8151;-50.9343;Perigosa;Centro-Oeste;2 Trimestre
573039;2024.0;n;1.0;2024-01-06;SP;116;513;CAJATI;Reação tardia ou ineficiente do condutor;Com Vítimas Feridas;2;Nublado;Plena Noite;sábado;Tombamento;Dupla;0;0;-24.85109616;-48.21802405;Segura;Sudeste;1 Trimestre
664414;2025.0;n;3.0;2025-03-01;AL;316;102,4;DOIS RIACHOS;Animais na Pista;Com Vítimas Feridas;3;Céu Claro;Plena Noite;sábado;Atropelamento de Animal;Simples;0;1;-9,390863;-37,039363;Perigosa;Nordeste;1 Trimestre
663943;2025.0;n;2.0;2025-02-26;BA;116;514;ITATIM;Ingestão de álcool pelo condutor;Com Vítimas Feridas;3;Nublado;Anoitecer;quarta-feira;Tombamento;Simples;0;0;-12,676927;-39,663561;Segura;Nordeste;1 Trimestre
627047;2024.0;n;9.0;2024-09-10;PR;376;475;PONTA GROSSA;Condutor Dormindo;Com Vítimas Feridas;3;Céu Claro;Plena Noite;terça-feira;Colisão traseira;Dupla;0;0;-25.039925;-50.292558;Segura;Sul;3 Trimestre
577035;2024.0;n;1.0;2024-01-25;SC;163;74;SAO MIGUEL DO OESTE;Reação tardia ou ineficiente do condutor;Com Vítimas Feridas;2;Céu Claro;Pleno dia;quinta-feira;Saída de leito carroçável;Simples;0;0;-26.70200479;-53.51350653;Segura;Sul;1 Trimestre
620102;2024.0;n;8.0;2024-08-09;PE;101;34;IGARASSU;Reação tardia ou ineficiente do condutor;Com Vítimas Feridas;5;Céu Claro;Pleno dia;sexta-feira;Colisão com objeto;Dupla;0;0;-7.781535;-34.931663;Segura;Nordeste;3 Trimestre
610054;2024.0;n;6.0;2024-06-25;PR;373;265,5;PRUDENTOPOLIS;Reação tardia ou ineficiente do condutor;Com Vítimas Feridas;2;Nublado;Plena Noite;terça-feira;Colisão traseira;Simples;0;0;-25.20214541;-50.98068237;Segura;Sul;2 Trimestre
604582;2024.0;n;6.0;2024-06-02;MT;174;4;PONTES E LACERDA;Ingestão de álcool pelo condutor;Com Vítimas Feridas;2;Céu Claro;Plena Noite;domingo;Colisão com objeto;Simples;0;0;-15.23576523;-59.34192181;Segura;Centro-Oeste;2 Trimestre
656868;2025.0;n;1.0;2025-01-23;MG;116;275;TEOFILO OTONI;Velocidade Incompatível;Com Vítimas Feridas;3;Céu Claro;Pleno dia;quinta-feira;Colisão lateral mesmo sentido;Simples;0;0;-17,84235093;-41,51410418;Segura;Sudeste;1 Trimestre
574160;2024.0;n;1.0;2024-01-12;MG;365;388,2;PATOS DE MINAS;Ultrapassagem Indevida;Com Vítimas Fatais;4;Sol;Pleno dia;sexta-feira;Colisão frontal;Simples;1;0;-18.61055297;-46.28857506;Perigosa;Sudeste;1 Trimestre
601454;2024.0;n;5.0;2024-05-18;PA;230;11,6;ALTAMIRA;Transitar na contramão;Com Vítimas Feridas;2;Chuva;Plena Noite;sábado;Colisão frontal;Simples;0;3;-3.19731341;-52.23572016;Perigosa;Norte;2 Trimestre
613974;2024.0;n;7.0;2024-07-12;ES;101;269;SERRA;Ausência de reação do condutor;Com Vítimas Feridas;2;Céu Claro;Anoitecer;sexta-feira;Colisão traseira;Múltipla;0;0;-20.21740496;-40.26990578;Segura;Sudeste;3 Trimestre
673733;2025.0;n;4.0;2025-04-14;SC;101;131,5;CAMBORIU;Condutor deixou de manter distância do veículo da frente;Com Vítimas Feridas;5;Céu Claro;Plena Noite;segunda-feira;Colisão traseira;Dupla;0;0;-26,99464;-48,65925;Segura;Sul;2 Trimestre
600339;2024.0;n;5.0;2024-05-13;ES;101;402,5;ITAPEMIRIM;Transitar na contramão;Com Vítimas Feridas;2;Céu Claro;Plena Noite;segunda-feira;Colisão frontal;Simples;0;1;-20.8893339;-40.99570334;Perigosa;Sudeste;2 Trimestre
584603;2024.0;n;3.0;2024-03-03;ES;262;29,8;DOMINGOS MARTINS;Ausência de sinalização;Com Vítimas Feridas;5;Céu Claro;Plena Noite;domingo;Queda de ocupante de veículo;Simples;0;0;-20.37744556;-40.56018274;Segura;Sudeste;1 Trimestre
622738;2024.0;n;8.0;2024-08-21;SP;116;111;TAUBATE;Manobra de mudança de faixa;Com Vítimas Feridas;3;Céu Claro;Pleno dia;quarta-feira;Colisão lateral mesmo sentido;Dupla;0;0;-23.03887149;-45.56097419;Segura;Sudeste;3 Trimestre
659418;2025.0;n;2.0;2025-02-05;RJ;393;179;PARAIBA DO SUL;Velocidade Incompatível;Com Vítimas Feridas;3;Céu Claro;Pleno dia;quarta-feira;Colisão traseira;Simples;0;0;-22,12695355;-43,23512967;Segura;Sudeste;1 Trimestre
603580;2024.0;n;5.0;2024-05-28;BA;110;87;JEREMOABO;Ultrapassagem Indevida;Com Vítimas Feridas;2;Céu Claro;Pleno dia;terça-feira;Colisão lateral mesmo sentido;Simples;0;1;-10.155765;-38.284415;Perigosa;Nordeste;2 Trimestre
670868;2025.0;n;4.0;2025-04-01;BA;324;598,8;SIMOES FILHO;Reação tardia ou ineficiente do condutor;Sem Vítimas;2;Nublado;Pleno dia;terça-feira;Colisão traseira;Múltipla;0;0;-12,75140874;-38,43162543;Segura;Nordeste;2 Trimestre
658380;2025.0;n;1.0;2025-01-31;PB;230;25,4;JOAO PESSOA;Ausência de reação do condutor;Com Vítimas Feridas;2;Céu Claro;Pleno dia;sexta-feira;Colisão com objeto;Múltipla;0;1;-7,16947372;-34,87385511;Perigosa;Nordeste;1 Trimestre
662615;2025.0;n;2.0;2025-02-20;PR;116;120;CURITIBA;Velocidade Incompatível;Com Vítimas Feridas;2;Garoa/Chuvisco;Plena Noite;quinta-feira;Saída de leito carroçável;Dupla;0;1;-25,588758;-49,315092;Perigosa;Sul;1 Trimestre
653739;2025.0;n;1.0;2025-01-07;PE;101;78;JABOATAO DOS GUARARAPES;Trafegar com motocicleta (ou similar) entre as faixas;Com Vítimas Fatais;4;Céu Claro;Anoitecer;terça-feira;Colisão lateral mesmo sentido;Dupla;1;0;-8,13496499;-34,94738614;Perigosa;Nordeste;1 Trimestre
600294;2024.0;n;5.0;2024-05-13;PR;163;139,9;CAPITAO LEONIDAS MARQUES;Transitar na contramão;Com Vítimas Feridas;3;Garoa/Chuvisco;Pleno dia;segunda-feira;Colisão frontal;Simples;0;0;-25.50497764;-53.59384574;Segura;Sul;2 Trimestre
672869;2025.0;n;4.0;2025-04-11;MG;40;783;JUIZ DE FORA;Demais falhas mecânicas ou elétricas;Sem Vítimas;2;Céu Claro;Amanhecer;sexta-feira;Incêndio;Dupla;0;0;-21,72609522;-43,43882561;Segura;Sudeste;2 Trimestre
616140;2024.0;n;7.0;2024-07-22;MG;116;540;SANTA RITA DE MINAS;Velocidade Incompatível;Com Vítimas Feridas;5;Nublado;Amanhecer;segunda-feira;Colisão transversal;Simples;0;0;-19.886814;-42.13777186;Segura;Sudeste;3 Trimestre
628157;2024.0;n;9.0;2024-09-15;MG;365;685,3;MONTE ALEGRE DE MINAS;Velocidade Incompatível;Com Vítimas Feridas;4;Céu Claro;Plena Noite;domingo;Colisão traseira;Múltipla;0;1;-18.86128507;-48.8629942;Perigosa;Sudeste;3 Trimestre
687483;2025.0;n;4.0;2025-04-26;PR;376;602;CURITIBA;Reação tardia ou ineficiente do condutor;Com Vítimas Feridas;2;Céu Claro;Pleno dia;sábado;Saída de leito carroçável;Dupla;0;0;-25,53144418;-49,32397842;Segura;Sul;2 Trimestre
669314;2025.0;n;3.0;2025-03-24;RS;472;560;URUGUAIANA;Manobra de mudança de faixa;Sem Vítimas;2;Céu Claro;Pleno dia;segunda-feira;Colisão lateral mesmo sentido;Simples;0;0;-29,6865718;-56,9106648;Segura;Sul;1 Trimestre
672234;2025.0;n;4.0;2025-04-07;SC;101;119,4;ITAJAI;Ausência de reação do condutor;Com Vítimas Fatais;3;Nublado;Anoitecer;segunda-feira;Colisão traseira;Múltipla;1;0;-26,908473;-48,713702;Perigosa;Sul;2 Trimestre
613582;2024.0;n;7.0;2024-07-10;MT;364;299,5;JACIARA;Condutor deixou de manter distância do veículo da frente;Com Vítimas Feridas;5;Céu Claro;Anoitecer;quarta-feira;Colisão lateral mesmo sentido;Dupla;0;4;-15.84691555;-55.14590671;Perigosa;Centro-Oeste;3 Trimestre
661207;2025.0;n;2.0;2025-02-13;MG;50;189;UBERABA;Reação tardia ou ineficiente do condutor;Com Vítimas Feridas;4;Céu Claro;Plena Noite;quinta-feira;Colisão traseira;Dupla;0;0;-19,84851283;-47,87469974;Segura;Sudeste;1 Trimestre
608874;2024.0;n;6.0;2024-06-20;SC;153;93,5;CONCORDIA;Demais falhas mecânicas ou elétricas;Com Vítimas Feridas;2;Chuva;Pleno dia;quinta-feira;Saída de leito carroçável;Simples;0;0;-27.192907;-51.936951;Segura;Sul;2 Trimestre
591076;2024.0;n;3.0;2024-03-31;PI;230;300,2;FLORIANO;Ausência de reação do condutor;Com Vítimas Feridas;1;Céu Claro;Plena Noite;domingo;Colisão com objeto;Simples;0;1;-6.82367854;-42.92114567;Perigosa;Nordeste;1 Trimestre
663862;2025.0;n;2.0;2025-02-26;RS;285;341,3;CARAZINHO;Acessar a via sem observar a presença dos outros veículos;Com Vítimas Feridas;4;Nublado;Pleno dia;quarta-feira;Colisão transversal;Simples;0;0;-28,3174544;-52,8066995;Segura;Sul;1 Trimestre
607248;2024.0;n;6.0;2024-06-13;SP;116;305;SAO LOURENCO DA SERRA;Demais falhas mecânicas ou elétricas;Sem Vítimas;5;Céu Claro;Pleno dia;quinta-feira;Incêndio;Dupla;0;0;-23.84287313;-46.93238591;Segura;Sudeste;2 Trimestre
587582;2024.0;n;3.0;2024-03-16;SC;101;151;ITAPEMA;Ingestão de álcool pelo condutor;Sem Vítimas;3;Céu Claro;Plena Noite;sábado;Colisão lateral mesmo sentido;Dupla;0;0;-27.126536;-48.609642;Segura;Sul;1 Trimestre
605129;2024.0;n;6.0;2024-06-04;PR;277;25,1;MORRETES;Condutor deixou de manter distância do veículo da frente;Com Vítimas Fatais;3;Nublado;Pleno dia;terça-feira;Colisão traseira;Dupla;1;0;-25.532702;-48.75471;Perigosa;Sul;2 Trimestre
607590;2024.0;n;6.0;2024-06-15;SP;116;173;JACAREI;Ausência de reação do condutor;Com Vítimas Feridas;2;Céu Claro;Anoitecer;sábado;Tombamento;Dupla;0;0;-23.31710055;-46.08178719;Segura;Sudeste;2 Trimestre
624538;2024.0;n;8.0;2024-08-30;PE;101;80,5;JABOATAO DOS GUARARAPES;Acessar a via sem observar a presença dos outros veículos;Sem Vítimas;5;Sol;Pleno dia;sexta-feira;Colisão transversal;Dupla;0;0;-8.15112589;-34.9428866;Segura;Nordeste;3 Trimestre
617033;2024.0;n;7.0;2024-07-26;SP;116;100;PINDAMONHANGABA;Ausência de reação do condutor;Com Vítimas Feridas;2;Sol;Pleno dia;sexta-feira;Colisão traseira;Dupla;0;0;-22.986552;-45.47276;Segura;Sudeste;3 Trimestre
600272;2024.0;n;5.0;2024-05-13;GO;40;109;CRISTALINA;Problema na suspensão;Sem Vítimas;1;Céu Claro;Pleno dia;segunda-feira;Incêndio;Dupla;0;0;-16.840271;-47.518688;Segura;Centro-Oeste;2 Trimestre
668613;2025.0;n;3.0;2025-03-21;MT;364;491;JANGADA;Reação tardia ou ineficiente do condutor;Com Vítimas Feridas;6;Céu Claro;Pleno dia;sexta-feira;Colisão traseira;Simples;0;0;-15,257126;-56,462234;Segura;Centro-Oeste;1 Trimestre
608465;2024.0;n;6.0;2024-06-18;MG;381;421;CAETE;Ausência de sinalização;Com Vítimas Feridas;2;Céu Claro;Plena Noite;terça-feira;Colisão traseira;Dupla;0;0;-19.783061;-43.66116123;Segura;Sudeste;2 Trimestre
659482;2025.0;n;2.0;2025-02-05;PR;369;234,5;JANDAIA DO SUL;Transitar na contramão;Com Vítimas Fatais;2;Nublado;Pleno dia;quarta-feira;Colisão frontal;Simples;1;0;-23,626436;-51,670105;Perigosa;Sul;1 Trimestre
672728;2025.0;n;4.0;2025-04-10;MG;50;192,5;DELTA;Ausência de reação do condutor;Com Vítimas Feridas;8;Céu Claro;Pleno dia;quinta-feira;Colisão traseira;Dupla;0;0;-19,92300385;-47,82443047;Segura;Sudeste;2 Trimestre
593181;2024.0;n;4.0;2024-04-10;MT;364;227;RONDONOPOLIS;Ausência de reação do condutor;Com Vítimas Feridas;3;Chuva;Plena Noite;quarta-feira;Saída de leito carroçável;Dupla;0;0;-16.29044795;-54.76386888;Segura;Centro-Oeste;2 Trimestre
663815;2025.0;n;2.0;2025-02-26;SC;470;128,2;LONTRAS;Transitar na contramão;Com Vítimas Fatais;7;Sol;Pleno dia;quarta-feira;Colisão frontal;Simples;1;0;-27,14668658;-49,55048561;Perigosa;Sul;1 Trimestre
588783;2024.0;n;3.0;2024-03-21;CE;222;34,4;CAUCAIA;Demais falhas mecânicas ou elétricas;Sem Vítimas;1;Céu Claro;Pleno dia;quinta-feira;Colisão com objeto;Dupla;0;0;-3.70296419;-38.85572805;Segura;Nordeste;1 Trimestre
593060;2024.0;n;4.0;2024-04-10;MT;364;257;JUSCIMEIRA;Ausência de reação do condutor;Com Vítimas Feridas;5;Céu Claro;Pleno dia;quarta-feira;Saída de leito carroçável;Dupla;0;0;-16.06185649;-54.87188101;Segura;Centro-Oeste;2 Trimestre
621548;2024.0;n;8.0;2024-08-16;PR;376;175,7;MARINGA;Trafegar com motocicleta (ou similar) entre as faixas;Sem Vítimas;2;Céu Claro;Pleno dia;sexta-feira;Colisão lateral mesmo sentido;Múltipla;0;0;-23.4113569;-51.9407767;Segura;Sul;3 Trimestre
602594;2024.0;n;5.0;2024-05-24;SP;116;213;GUARULHOS;Ausência de reação do condutor;Sem Vítimas;3;Céu Claro;Pleno dia;sexta-feira;Colisão traseira;Múltipla;0;0;-23.4426679;-46.4441531;Segura;Sudeste;2 Trimestre
658306;2025.0;n;1.0;2025-01-30;TO;153;758,8;ALVORADA;Acessar a via sem observar a presença dos outros veículos;Com Vítimas Feridas;2;Nublado;Plena Noite;quinta-feira;Colisão transversal;Simples;0;1;-12,45418101;-49,11937505;Perigosa;Norte;1 Trimestre
574498;2024.0;n;1.0;2024-01-13;MG;365;626;UBERLANDIA;Ausência de reação do condutor;Sem Vítimas;1;Céu Claro;Pleno dia;sábado;Colisão com objeto;Dupla;0;0;-18.90659356;-48.33469405;Segura;Sudeste;1 Trimestre
581772;2024.0;n;2.0;2024-02-17;GO;153;627;MORRINHOS;Ingestão de álcool pelo condutor;Com Vítimas Fatais;5;Nublado;Plena Noite;sábado;Colisão traseira;Dupla;1;0;-17.7792;-49.1788;Perigosa;Centro-Oeste;1 Trimestre
577123;2024.0;n;1.0;2024-01-26;MS;163;364,2;NOVA ALVORADA DO SUL;Velocidade Incompatível;Com Vítimas Feridas;3;Céu Claro;Pleno dia;sexta-feira;Colisão com objeto;Dupla;0;0;-21.47264252;-54.38623182;Segura;Centro-Oeste;1 Trimestre
583697;2024.0;n;2.0;2024-02-27;SC;101;141;BALNEARIO CAMBORIU;Reação tardia ou ineficiente do condutor;Com Vítimas Feridas;2;Chuva;Pleno dia;terça-feira;Colisão traseira;Dupla;0;0;-27.04761729;-48.59995855;Segura;Sul;1 Trimestre
585692;2024.0;n;3.0;2024-03-07;MG;116;257;TEOFILO OTONI;Reação tardia ou ineficiente do condutor;Com Vítimas Feridas;6;Céu Claro;Pleno dia;quinta-feira;Colisão lateral mesmo sentido;Simples;0;1;-17.70027116;-41.48347758;Perigosa;Sudeste;1 Trimestre
622202;2024.0;n;8.0;2024-08-18;PR;277;603,4;SANTA TEREZA DO OESTE;Conversão proibida;Com Vítimas Feridas;2;Céu Claro;Plena Noite;domingo;Colisão transversal;Simples;0;1;-25.02817;-53.55983;Perigosa;Sul;3 Trimestre
687443;2025.0;n;4.0;2025-04-26;ES;262;64;MARECHAL FLORIANO;Curva acentuada;Com Vítimas Feridas;2;Céu Claro;Pleno dia;sábado;Tombamento;Simples;0;0;-20,418668;-40,816593;Segura;Sudeste;2 Trimestre
616348;2024.0;n;7.0;2024-07-23;BA;116;11;VITORIA DA CONQUISTA;Condutor deixou de manter distância do veículo da frente;Sem Vítimas;2;Céu Claro;Pleno dia;terça-feira;Colisão lateral mesmo sentido;Simples;0;0;-14.87320657;-40.8715117;Segura;Nordeste;3 Trimestre
656305;2025.0;n;1.0;2025-01-20;SP;116;564;BARRA DO TURVO;Reação tardia ou ineficiente do condutor;Com Vítimas Feridas;2;Céu Claro;Pleno dia;segunda-feira;Tombamento;Dupla;0;1;-25,03458919;-48,53543877;Perigosa;Sudeste;1 Trimestre
611479;2024.0;n;7.0;2024-07-02;ES;262;158,2;IBATIBA;Condutor desrespeitou a iluminação vermelha do semáforo;Com Vítimas Feridas;3;Nublado;Pleno dia;terça-feira;Colisão transversal;Simples;0;1;-20.23111383;-41.49626094;Perigosa;Sudeste;3 Trimestre
573024;2024.0;n;1.0;2024-01-06;MA;316;567;CAXIAS;Ingestão de álcool pelo condutor;Sem Vítimas;3;Céu Claro;Plena Noite;sábado;Colisão lateral sentido oposto;Simples;0;0;-4.911043;-43.225277;Segura;Nordeste;1 Trimestre
613481;2024.0;n;7.0;2024-07-10;MS;262;206,9;RIBAS DO RIO PARDO;Demais falhas mecânicas ou elétricas;Sem Vítimas;3;Nublado;Pleno dia;quarta-feira;Incêndio;Simples;0;0;-20.46663531;-53.44262101;Segura;Centro-Oeste;3 Trimestre
593870;2024.0;n;4.0;2024-04-14;BA;116;206;EUCLIDES DA CUNHA;Manobra de mudança de faixa;Com Vítimas Feridas;2;Céu Claro;Plena Noite;domingo;Tombamento;Simples;0;0;-10.46887889;-39.02377669;Segura;Nordeste;2 Trimestre
599292;2024.0;n;5.0;2024-05-09;RS;158;314;ITAARA;Demais falhas mecânicas ou elétricas;Com Vítimas Feridas;1;Céu Claro;Pleno dia;quinta-feira;Tombamento;Simples;0;0;-29.642699;-53.758895;Segura;Sul;2 Trimestre
586351;2024.0;n;3.0;2024-03-10;SP;381;72;MAIRIPORA;Ausência de reação do condutor;Com Vítimas Feridas;3;Chuva;Pleno dia;domingo;Colisão traseira;Simples;0;0;-23.35761806;-46.54970281;Segura;Sudeste;1 Trimestre
667079;2025.0;n;3.0;2025-03-14;GO;60;134;GOIANIA;Demais falhas mecânicas ou elétricas;Com Vítimas Feridas;1;Nublado;Plena Noite;sexta-feira;Saída de leito carroçável;Dupla;0;0;-16,586613;-49,193841;Segura;Centro-Oeste;1 Trimestre
579482;2024.0;n;2.0;2024-02-06;MG;381;905,6;CAMBUI;Reação tardia ou ineficiente do condutor;Com Vítimas Feridas;12;Nublado;Pleno dia;terça-feira;Colisão lateral mesmo sentido;Dupla;0;1;-22.66343332;-46.0909026;Perigosa;Sudeste;1 Trimestre
673964;2025.0;n;4.0;2025-04-16;SC;101;216,5;PALHOCA;Velocidade Incompatível;Com Vítimas Feridas;3;Céu Claro;Plena Noite;quarta-feira;Colisão transversal;Múltipla;0;1;-27,664186;-48,675675;Perigosa;Sul;2 Trimestre
583719;2024.0;n;2.0;2024-02-27;DF;40;5,6;BRASILIA;Conversão proibida;Com Vítimas Feridas;2;Céu Claro;Plena Noite;terça-feira;Colisão lateral mesmo sentido;Dupla;0;0;-16.026221;-47.979169;Segura;Centro-Oeste;1 Trimestre
661709;2025.0;n;2.0;2025-02-16;BA;116;866;VITORIA DA CONQUISTA;Ingestão de álcool pelo condutor;Sem Vítimas;2;Nublado;Amanhecer;domingo;Colisão lateral sentido oposto;Simples;0;0;-15;-41;Segura;Nordeste;1 Trimestre
669588;2025.0;n;3.0;2025-03-25;PI;343;345;TERESINA;Desrespeitar a preferência no cruzamento;Sem Vítimas;2;Céu Claro;Plena Noite;terça-feira;Colisão transversal;Dupla;0;0;-5,10557407;-42,7680039;Segura;Nordeste;1 Trimestre
603358;2024.0;n;5.0;2024-05-12;PR;373;228;IMBITUVA;Transitar na contramão;Com Vítimas Feridas;3;Céu Claro;Pleno dia;domingo;Colisão frontal;Simples;0;0;-25.17742028;-50.64873069;Segura;Sul;2 Trimestre
666469;2025.0;n;3.0;2025-03-10;SC;101;105;PENHA;Iluminação deficiente;Com Vítimas Feridas;3;Nublado;Plena Noite;segunda-feira;Atropelamento de Pedestre;Múltipla;0;1;-26,80337388;-48,6786443;Perigosa;Sul;1 Trimestre
572671;2024.0;n;1.0;2024-01-04;PR;277;438;VIRMOND;Ausência de reação do condutor;Com Vítimas Feridas;2;Céu Claro;Plena Noite;quinta-feira;Colisão traseira;Simples;0;0;-25.37761487;-52.23805398;Segura;Sul;1 Trimestre
620022;2024.0;n;8.0;2024-08-09;PR;369;155;LONDRINA;Ausência de reação do condutor;Sem Vítimas;3;Nublado;Pleno dia;sexta-feira;Colisão lateral mesmo sentido;Dupla;0;0;-23.294;-51.211;Segura;Sul;3 Trimestre
616482;2024.0;n;7.0;2024-07-24;RS;116;0;PORTO ALEGRE;Ingestão de álcool pelo condutor;Sem Vítimas;2;Céu Claro;Plena Noite;quarta-feira;Colisão lateral mesmo sentido;Dupla;0;0;-29.96981846;-51.17635421;Segura;Sul;3 Trimestre
667430;2025.0;n;3.0;2025-03-15;BA;116;702;JEQUIE;Velocidade Incompatível;Sem Vítimas;3;Céu Claro;Pleno dia;sábado;Tombamento;Simples;0;0;-13,8765796;-40,13425827;Segura;Nordeste;1 Trimestre
670430;2025.0;n;3.0;2025-03-29;GO;153;290;RIALMA;Condutor deixou de manter distância do veículo da frente;Sem Vítimas;3;Céu Claro;Plena Noite;sábado;Colisão traseira;Simples;0;0;-15,23350853;-49,55537796;Segura;Centro-Oeste;1 Trimestre