id;ano;feriado;mes;data_inversa;uf;br;km;municipio;causa_acidente;classificacao_acidente;veiculos;condicao_metereologica;fase_dia;dia_semana;tipo_acidente;tipo_pista;mortos;feridos_graves;latitude;longitude;status;regiao;periodo
608919;2024.0;n;6.0;2024-06-21;RS;116;0,8;ESTEIO;Manobra de mudança de faixa;Com Vítimas Feridas;3;Chuva;Amanhecer;sexta-feira;Colisão traseira;Dupla;0;0;-29.83148605;-51.1771059;Segura;Sul;2 Trimestre
656206;2025.0;n;1.0;2025-01-20;RS;468;66,8;CAMPO NOVO;Transitar na contramão;Com Vítimas Feridas;2;Céu Claro;Pleno dia;segunda-feira;Colisão frontal;Simples;0;1;-27,74402797;-53,83268092;Perigosa;Sul;1 Trimestre
672939;2025.0;n;4.0;2025-04-11;CE;116;215;TABULEIRO DO NORTE;Reação tardia ou ineficiente do condutor;Com Vítimas Feridas;4;Sol;Pleno dia;sexta-feira;Colisão traseira;Simples;0;0;-5,299559;-38,171447;Segura;Nordeste;2 Trimestre
623020;2024.0;n;8.0;2024-08-23;TO;226;70;WANDERLANDIA;Conversão proibida;Com Vítimas Feridas;2;Céu Claro;Pleno dia;sexta-feira;Colisão lateral mesmo sentido;Simples;0;0;-6.847741;-47.961678;Segura;Norte;3 Trimestre
663154;2025.0;n;2.0;2025-02-23;BA;407;134,8;SENHOR DO BONFIM;Reação tardia ou ineficiente do condutor;Com Vítimas Feridas;5;Céu Claro;Pleno dia;domingo;Colisão lateral sentido oposto;Simples;0;0;-10,5233;-40,1394;Segura;Nordeste;1 Trimestre
610848;2024.0;n;6.0;2024-06-29;RS;386;122,3;SARANDI;Reação tardia ou ineficiente do condutor;Com Vítimas Feridas;2;Céu Claro;Pleno dia;sábado;Colisão lateral sentido oposto;Simples;0;0;-27.887949;-52.991646;Segura;Sul;2 Trimestre
576502;2024.0;n;1.0;2024-01-22;RJ;493;97;SEROPEDICA;Modificação proibida;Com Vítimas Feridas;2;Nublado;Pleno dia;segunda-feira;Colisão traseira;Dupla;0;0;-22.72116212;-43.70957851;Segura;Sudeste;1 Trimestre
658039;2025.0;n;1.0;2025-01-08;SE;235;29;LARANJEIRAS;Condutor deixou de manter distância do veículo da frente;Com Vítimas Feridas;2;Céu Claro;Pleno dia;quarta-feira;Colisão traseira;Simples;0;2;-10,790907;-37,284542;Perigosa;Nordeste;1 Trimestre
609270;2024.0;n;6.0;2024-06-22;RS;116;465,1;SAO LOURENCO DO SUL;Conversão proibida;Com Vítimas Fatais;2;Céu Claro;Pleno dia;sábado;Colisão transversal;Dupla;1;0;-31.32224393;-52.03089939;Perigosa;Sul;2 Trimestre
581883;2024.0;n;2.0;2024-02-18;MG;116;614,5;ORIZANIA;Manobra de mudança de faixa;Com Vítimas Feridas;2;Sol;Pleno dia;domingo;Colisão traseira;Simples;0;2;-20.46076099;-42.17499018;Perigosa;Sudeste;1 Trimestre
655474;2025.0;n;1.0;2025-01-16;MG;153;187,9;FRUTAL;Velocidade Incompatível;Com Vítimas Feridas;3;Chuva;Pleno dia;quinta-feira;Colisão lateral sentido oposto;Simples;0;0;-19,91509495;-48,96299388;Segura;Sudeste;1 Trimestre
597383;2024.0;n;4.0;2024-04-30;BA;116;912,7;CANDIDO SALES;Ausência de reação do condutor;Com Vítimas Fatais;2;Céu Claro;Pleno dia;terça-feira;Colisão transversal;Simples;1;0;-15.536068;-41.249653;Perigosa;Nordeste;2 Trimestre
588562;2024.0;n;3.0;2024-03-20;ES;101;68;SAO MATEUS;Condutor desrespeitou a iluminação vermelha do semáforo;Com Vítimas Feridas;5;Céu Claro;Pleno dia;quarta-feira;Colisão transversal;Simples;0;0;-18.726597;-39.85975;Segura;Sudeste;1 Trimestre
612735;2024.0;n;7.0;2024-07-07;MT;364;224;RONDONOPOLIS;Demais falhas mecânicas ou elétricas;Sem Vítimas;3;Céu Claro;Pleno dia;domingo;Incêndio;Dupla;0;0;-16.3154901;-54.75440328;Segura;Centro-Oeste;3 Trimestre
625041;2024.0;n;9.0;2024-09-01;PR;376;667,9;GUARATUBA;Reação tardia ou ineficiente do condutor;Com Vítimas Fatais;12;Céu Claro;Pleno dia;domingo;Engavetamento;Dupla;1;0;-25.86657722;-48.94676864;Perigosa;Sul;3 Trimestre
667227;2025.0;n;3.0;2025-03-14;SC;101;148;ITAPEMA;Condutor deixou de manter distância do veículo da frente;Sem Vítimas;4;Céu Claro;Pleno dia;sexta-feira;Colisão traseira;Múltipla;0;0;-27,09255086;-48,61705173;Segura;Sul;1 Trimestre
665897;2025.0;n;3.0;2025-03-08;MT;70;586;NOSSA SENHORA DO LIVRAMENTO;Transitar na contramão;Com Vítimas Fatais;3;Céu Claro;Plena Noite;sábado;Colisão frontal;Simples;1;1;-15,79505132;-56,68630958;Perigosa;Centro-Oeste;1 Trimestre
616358;2024.0;n;7.0;2024-07-23;MG;356;267,3;MURIAE;Falta de acostamento;Com Vítimas Feridas;2;Sol;Pleno dia;terça-feira;Colisão lateral mesmo sentido;Simples;0;0;-21.12544572;-42.35358976;Segura;Sudeste;3 Trimestre
617643;2024.0;n;7.0;2024-07-20;PR;277;725,5;FOZ DO IGUACU;Ultrapassagem Indevida;Com Vítimas Feridas;3;Céu Claro;Pleno dia;sábado;Colisão lateral mesmo sentido;Dupla;0;0;-25.51117694;-54.54994082;Segura;Sul;3 Trimestre
601563;2024.0;n;5.0;2024-05-19;MG;116;776,8;LEOPOLDINA;Velocidade Incompatível;Com Vítimas Feridas;2;Sol;Pleno dia;domingo;Tombamento;Simples;0;1;-21.59023796;-42.68715187;Perigosa;Sudeste;2 Trimestre
592868;2024.0;n;4.0;2024-04-09;GO;153;212;URUACU;Ultrapassagem Indevida;Com Vítimas Feridas;5;Céu Claro;Pleno dia;terça-feira;Colisão lateral mesmo sentido;Simples;0;0;-14.62512;-49.17255;Segura;Centro-Oeste;2 Trimestre
573762;2024.0;n;1.0;2024-01-10;RJ;101;323;NITEROI;Reação tardia ou ineficiente do condutor;Com Vítimas Feridas;3;Céu Claro;Pleno dia;quarta-feira;Colisão traseira;Múltipla;0;0;-22.87684786;-43.11728689;Segura;Sudeste;1 Trimestre
660410;2025.0;n;2.0;2025-02-09;SC;101;142,6;ITAPEMA;Condutor deixou de manter distância do veículo da frente;Com Vítimas Fatais;3;Céu Claro;Plena Noite;domingo;Colisão traseira;Múltipla;1;1;-27,0597326;-48,5966714;Perigosa;Sul;1 Trimestre
621169;2024.0;n;8.0;2024-08-14;RN;304;34,5;MOSSORO;Reação tardia ou ineficiente do condutor;Com Vítimas Feridas;4;Céu Claro;Pleno dia;quarta-feira;Colisão transversal;Simples;0;0;-5.15255798;-37.34873808;Segura;Nordeste;3 Trimestre
606944;2024.0;n;6.0;2024-06-12;RS;290;110;ELDORADO DO SUL;Entrada inopinada do pedestre;Com Vítimas Fatais;3;Céu Claro;Pleno dia;quarta-feira;Atropelamento de Pedestre;Dupla;1;0;-30.023552;-51.321091;Perigosa;Sul;2 Trimestre
625152;2024.0;n;9.0;2024-09-01;MG;381;557,8;ITAGUARA;Ingestão de álcool pelo condutor;Sem Vítimas;3;Céu Claro;Plena Noite;domingo;Colisão traseira;Dupla;0;0;-20.36904195;-44.46938756;Segura;Sudeste;3 Trimestre
627376;2024.0;n;9.0;2024-09-11;MG;459;57,5;SANTA RITA DE CALDAS;Condutor deixou de manter distância do veículo da frente;Com Vítimas Feridas;2;Céu Claro;Anoitecer;quarta-feira;Colisão traseira;Simples;0;0;-22.0805568;-46.2406525;Segura;Sudeste;3 Trimestre
621110;2024.0;n;8.0;2024-08-14;ES;101;138,7;LINHARES;Manobra de mudança de faixa;Com Vítimas Feridas;2;Céu Claro;Pleno dia;quarta-feira;Colisão transversal;Dupla;0;0;-19.30186109;-40.08371726;Segura;Sudeste;3 Trimestre
672266;2025.0;n;4.0;2025-04-07;GO;20;61;FORMOSA;Iluminação deficiente;Com Vítimas Feridas;3;Céu Claro;Plena Noite;segunda-feira;Colisão traseira;Simples;0;0;-15,237622;-47,170635;Segura;Centro-Oeste;2 Trimestre
599016;2024.0;n;5.0;2024-05-08;BA;116;817,5;VITORIA DA CONQUISTA;Pedestre cruzava a pista fora da faixa;Com Vítimas Feridas;3;Céu Claro;Pleno dia;quarta-feira;Atropelamento de Pedestre;Simples;0;0;-14.822;-40.815;Segura;Nordeste;2 Trimestre
653556;2025.0;n;1.0;2025-01-06;RN;304;51;MOSSORO;Ultrapassagem Indevida;Com Vítimas Feridas;2;Céu Claro;Pleno dia;segunda-feira;Colisão frontal;Simples;0;3;-5,25226212;-37,30878323;Perigosa;Nordeste;1 Trimestre
589335;2024.0;n;3.0;2024-03-23;MG;153;212,3;FRUTAL;Transitar na contramão;Com Vítimas Feridas;2;Chuva;Plena Noite;sábado;Colisão frontal;Simples;0;2;-20.08853093;-49.08270811;Perigosa;Sudeste;1 Trimestre
653496;2025.0;n;1.0;2025-01-06;RS;386;140;SARANDI;Ultrapassagem Indevida;Com Vítimas Feridas;3;Céu Claro;Pleno dia;segunda-feira;Colisão frontal;Simples;0;1;-28,000616;-52,894413;Perigosa;Sul;1 Trimestre
607633;2024.0;n;6.0;2024-06-15;PR;376;632,3;SAO JOSE DOS PINHAIS;Pedestre cruzava a pista fora da faixa;Com Vítimas Fatais;2;Céu Claro;Pleno dia;sábado;Atropelamento de Pedestre;Dupla;1;0;-25.722657;-49.136148;Perigosa;Sul;2 Trimestre
590093;2024.0;n;3.0;2024-03-27;PB;230;125;RIACHAO DO BACAMARTE;Velocidade Incompatível;Com Vítimas Feridas;1;Chuva;Pleno dia;quarta-feira;Saída de leito carroçável;Dupla;0;1;-7.2498;-35.6827;Perigosa;Nordeste;1 Trimestre
597891;2024.0;n;5.0;2024-05-02;DF;70;1,7;BRASILIA;Ausência de reação do condutor;Com Vítimas Feridas;2;Céu Claro;Plena Noite;quinta-feira;Tombamento;Dupla;0;0;-15.795264;-48.063801;Segura;Centro-Oeste;2 Trimestre
599072;2024.0;n;5.0;2024-05-08;MT;163;639;NOVA MUTUM;Problema com o freio;Sem Vítimas;4;Céu Claro;Pleno dia;quarta-feira;Incêndio;Simples;0;0;-13.56662999;-56.0289131;Segura;Centro-Oeste;2 Trimestre
626247;2024.0;n;9.0;2024-09-06;GO;153;513,4;APARECIDA DE GOIANIA;Manobra de mudança de faixa;Com Vítimas Feridas;5;Céu Claro;Plena Noite;sexta-feira;Colisão lateral mesmo sentido;Múltipla;0;0;-16.8244;-49.2421;Segura;Centro-Oeste;3 Trimestre
627586;2024.0;n;8.0;2024-08-23;SC;101;110,9;NAVEGANTES;Pedestre andava na pista;Com Vítimas Fatais;5;Nublado;Plena Noite;sexta-feira;Tombamento;Dupla;1;0;-26.8384807;-48.7132189;Perigosa;Sul;3 Trimestre
628035;2024.0;n;9.0;2024-09-14;TO;153;738;ALVORADA;Ausência de reação do condutor;Com Vítimas Fatais;6;Céu Claro;Pleno dia;sábado;Engavetamento;Simples;1;0;-12.28044701;-49.16045178;Perigosa;Norte;3 Trimestre
577537;2024.0;n;1.0;2024-01-28;BA;116;919,6;ENCRUZILHADA;Condutor Dormindo;Com Vítimas Fatais;2;Chuva;Pleno dia;domingo;Saída de leito carroçável;Simples;1;0;-15.588564;-41.280855;Perigosa;Nordeste;1 Trimestre
673696;2025.0;n;4.0;2025-04-14;MG;50;175,6;UBERABA;Condutor deixou de manter distância do veículo da frente;Sem Vítimas;2;Céu Claro;Pleno dia;segunda-feira;Colisão lateral mesmo sentido;Dupla;0;0;-19,7792384;-47,9649126;Segura;Sudeste;2 Trimestre
627514;2024.0;n;9.0;2024-09-12;MG;365;166;BURITIZEIRO;Ausência de reação do condutor;Com Vítimas Feridas;3;Céu Claro;Pleno dia;quinta-feira;Colisão traseira;Simples;0;0;-17.38199719;-44.97027099;Segura;Sudeste;3 Trimestre
594157;2024.0;n;4.0;2024-04-15;BA;135;171;BARREIRAS;Ultrapassagem Indevida;Com Vítimas Fatais;4;Céu Claro;Pleno dia;segunda-feira;Colisão frontal;Simples;1;0;-12.110154;-44.984898;Perigosa;Nordeste;2 Trimestre
575574;2024.0;n;1.0;2024-01-18;TO;153;520;PARAISO DO TOCANTINS;Ultrapassagem Indevida;Com Vítimas Feridas;3;Céu Claro;Plena Noite;quinta-feira;Saída de leito carroçável;Simples;0;0;-10.38023302;-48.89309787;Segura;Norte;1 Trimestre
627246;2024.0;n;9.0;2024-09-11;PR;277;75;SAO JOSE DOS PINHAIS;Trafegar com motocicleta (ou similar) entre as faixas;Com Vítimas Feridas;4;Céu Claro;Pleno dia;quarta-feira;Atropelamento de Pedestre;Dupla;0;1;-25.51327981;-49.12433291;Perigosa;Sul;3 Trimestre
593153;2024.0;n;4.0;2024-04-10;TO;153;412,4;MIRANORTE;Carga excessiva e/ou mal acondicionada;Com Vítimas Feridas;2;Céu Claro;Plena Noite;quarta-feira;Tombamento;Dupla;0;1;-9.51766651;-48.59046578;Perigosa;Norte;2 Trimestre
606806;2024.0;n;6.0;2024-06-11;PR;116;109;CURITIBA;Manobra de mudança de faixa;Sem Vítimas;2;Céu Claro;Anoitecer;terça-feira;Colisão lateral mesmo sentido;Dupla;0;0;-25.57140489;-49.20748999;Segura;Sul;2 Trimestre
621942;2024.0;n;8.0;2024-08-17;RS;285;341,5;CARAZINHO;Velocidade Incompatível;Com Vítimas Feridas;3;Céu Claro;Plena Noite;sábado;Colisão traseira;Simples;0;2;-28.317753;-52.806843;Perigosa;Sul;3 Trimestre
594501;2024.0;n;4.0;2024-04-17;RJ;393;282;VOLTA REDONDA;Reação tardia ou ineficiente do condutor;Sem Vítimas;5;Céu Claro;Pleno dia;quarta-feira;Colisão frontal;Simples;0;0;-22.4789339;-44.0630722;Segura;Sudeste;2 Trimestre
620821;2024.0;n;8.0;2024-08-12;SC;101;194;BIGUACU;Trafegar com motocicleta (ou similar) entre as faixas;Com Vítimas Feridas;2;Céu Claro;Pleno dia;segunda-feira;Colisão traseira;Dupla;0;1;-27.49815117;-48.65661236;Perigosa;Sul;3 Trimestre
598204;2024.0;n;5.0;2024-05-04;ES;101;209,9;IBIRACU;Condutor Dormindo;Com Vítimas Feridas;2;Sol;Pleno dia;sábado;Colisão lateral sentido oposto;Simples;0;0;-19.79673325;-40.37074864;Segura;Sudeste;2 Trimestre
587311;2024.0;n;3.0;2024-03-14;ES;259;15,7;JOAO NEIVA;Ausência de reação do condutor;Com Vítimas Fatais;2;Céu Claro;Plena Noite;quinta-feira;Colisão frontal;Simples;2;0;-19.65967081;-40.43165669;Perigosa;Sudeste;1 Trimestre
611690;2024.0;n;7.0;2024-07-03;MG;381;744;TRES CORACOES;Reação tardia ou ineficiente do condutor;Com Vítimas Feridas;2;Céu Claro;Pleno dia;quarta-feira;Tombamento;Dupla;0;0;-21.63153073;-45.27650319;Segura;Sudeste;3 Trimestre
628786;2024.0;n;9.0;2024-09-17;RJ;101;329;RIO DE JANEIRO;Ausência de reação do condutor;Com Vítimas Feridas;2;Nublado;Plena Noite;terça-feira;Colisão lateral mesmo sentido;Múltipla;0;0;-22.86939305;-43.175642;Segura;Sudeste;3 Trimestre
585497;2024.0;n;3.0;2024-03-06;CE;116;475;MILAGRES;Acessar a via sem observar a presença dos outros veículos;Com Vítimas Feridas;3;Céu Claro;Anoitecer;quarta-feira;Colisão transversal;Simples;0;1;-7.28554236;-38.86591487;Perigosa;Nordeste;1 Trimestre
622282;2024.0;n;8.0;2024-08-19;SC;101;234,7;PALHOCA;Manobra de mudança de faixa;Com Vítimas Feridas;2;Céu Claro;Pleno dia;segunda-feira;Colisão lateral mesmo sentido;Dupla;0;0;-27.81043812;-48.63537111;Segura;Sul;3 Trimestre
605680;2024.0;n;6.0;2024-06-07;BA;116;426,1;FEIRA DE SANTANA;Manobra de mudança de faixa;Com Vítimas Feridas;2;Céu Claro;Pleno dia;sexta-feira;Colisão lateral mesmo sentido;Dupla;0;0;-12.24420407;-38.98563987;Segura;Nordeste;2 Trimestre
594991;2024.0;n;4.0;2024-04-19;RS;386;423,9;MONTENEGRO;Ausência de reação do condutor;Sem Vítimas;2;Céu Claro;Pleno dia;sexta-feira;Colisão lateral mesmo sentido;Dupla;0;0;-29.816875;-51.392719;Segura;Sul;2 Trimestre
591908;2024.0;n;4.0;2024-04-04;SP;153;216,9;MARILIA;Ausência de reação do condutor;Sem Vítimas;2;Céu Claro;Pleno dia;quinta-feira;Colisão traseira;Simples;0;0;-21.96180388;-49.92179359;Segura;Sudeste;2 Trimestre
658160;2025.0;n;1.0;2025-01-30;BA;116;890;VITORIA DA CONQUISTA;Demais falhas mecânicas ou elétricas;Com Vítimas Feridas;2;Nublado;Plena Noite;quinta-feira;Tombamento;Simples;0;0;-15,28578591;-41,13352714;Segura;Nordeste;1 Trimestre
629276;2024.0;n;9.0;2024-09-20;BA;242;561;OLIVEIRA DOS BREJINHOS;Demais falhas mecânicas ou elétricas;Sem Vítimas;3;Céu Claro;Plena Noite;sexta-feira;Incêndio;Simples;0;0;-12.1336;-42.8842;Segura;Nordeste;3 Trimestre
653445;2025.0;n;1.0;2025-01-06;PR;116;125,7;FAZENDA RIO GRANDE;Demais falhas mecânicas ou elétricas;Com Vítimas Feridas;2;Céu Claro;Pleno dia;segunda-feira;Colisão lateral mesmo sentido;Dupla;0;0;-25,60389895;-49,31824423;Segura;Sul;1 Trimestre
653593;2025.0;n;1.0;2025-01-06;MG;153;129;PRATA;Chuva;Com Vítimas Feridas;2;Chuva;Plena Noite;segunda-feira;Colisão traseira;Dupla;0;0;-19,47713595;-48,86719852;Segura;Sudeste;1 Trimestre
665463;2025.0;n;3.0;2025-03-06;MG;40;487;SETE LAGOAS;Reação tardia ou ineficiente do condutor;Com Vítimas Feridas;3;Céu Claro;Pleno dia;quinta-feira;Colisão traseira;Dupla;0;0;-19,4744438;-44,2918789;Segura;Sudeste;1 Trimestre
671495;2025.0;n;4.0;2025-04-04;SC;470;69,2;INDAIAL;Reação tardia ou ineficiente do condutor;Com Vítimas Fatais;3;Céu Claro;Pleno dia;sexta-feira;Tombamento;Dupla;1;0;-26,8850435;-49,2489973;Perigosa;Sul;2 Trimestre
670589;2025.0;n;3.0;2025-03-30;GO;153;593;PIRACANJUBA;Velocidade Incompatível;Com Vítimas Feridas;1;Céu Claro;Pleno dia;domingo;Capotamento;Dupla;0;1;-17,4882118;-49,2110668;Perigosa;Centro-Oeste;1 Trimestre
604927;2024.0;n;6.0;2024-06-03;MA;316;318,4;OLHO DAGUA DAS CUNHAS;Acumulo de água sobre o pavimento;Com Vítimas Feridas;1;Chuva;Pleno dia;segunda-feira;Saída de leito carroçável;Simples;0;0;-4.05087;-45.090786;Segura;Nordeste;2 Trimestre
601503;2024.0;n;5.0;2024-05-18;PE;407;75,9;PETROLINA;Carga excessiva e/ou mal acondicionada;Com Vítimas Feridas;2;Céu Claro;Plena Noite;sábado;Tombamento;Simples;0;0;-8.98126872;-40.70800018;Segura;Nordeste;2 Trimestre
625955;2024.0;n;9.0;2024-09-05;SE;101;199;CRISTINAPOLIS;Velocidade Incompatível;Com Vítimas Fatais;5;Céu Claro;Anoitecer;quinta-feira;Colisão frontal;Simples;1;0;-11.48067309;-37.76331995;Perigosa;Nordeste;3 Trimestre
604194;2024.0;n;5.0;2024-05-31;BA;324;523;FEIRA DE SANTANA;Acessar a via sem observar a presença dos outros veículos;Com Vítimas Feridas;5;Céu Claro;Pleno dia;sexta-feira;Colisão lateral mesmo sentido;Dupla;0;0;-12.29007099;-38.91206799;Segura;Nordeste;2 Trimestre
582741;2024.0;n;2.0;2024-02-23;PA;230;121;MARABA;Suicídio (presumido);Com Vítimas Feridas;4;Céu Claro;Pleno dia;sexta-feira;Atropelamento de Pedestre;Dupla;0;1;-5.35297407;-49.12143673;Perigosa;Norte;1 Trimestre
606119;2024.0;n;6.0;2024-06-08;RS;285;253,7;AGUA SANTA;Manobra de mudança de faixa;Com Vítimas Feridas;3;Céu Claro;Plena Noite;sábado;Colisão lateral mesmo sentido;Simples;0;0;-28.292898;-52.000069;Segura;Sul;2 Trimestre
666798;2025.0;n;3.0;2025-03-12;DF;20;22,3;BRASILIA;Pista Escorregadia;Com Vítimas Feridas;1;Garoa/Chuvisco;Pleno dia;quarta-feira;Saída de leito carroçável;Dupla;0;0;-15,597182;-47,673465;Segura;Centro-Oeste;1 Trimestre
613042;2024.0;n;7.0;2024-07-08;MG;50;149,2;UBERABA;Velocidade Incompatível;Com Vítimas Feridas;5;Céu Claro;Pleno dia;segunda-feira;Colisão lateral mesmo sentido;Dupla;0;2;-19.55574501;-48.03471604;Perigosa;Sudeste;3 Trimestre
573418;2024.0;n;1.0;2024-01-08;RS;158;321;SANTA MARIA;Reação tardia ou ineficiente do condutor;Com Vítimas Feridas;5;Céu Claro;Pleno dia;segunda-feira;Colisão traseira;Dupla;0;0;-29.69618923;-53.77768993;Segura;Sul;1 Trimestre
669108;2025.0;n;3.0;2025-03-23;CE;116;54;PACAJUS;Ingestão de álcool pelo condutor;Com Vítimas Feridas;3;Céu Claro;Anoitecer;domingo;Colisão traseira;Simples;0;0;-4,2129075;-38,47321496;Segura;Nordeste;1 Trimestre
603849;2024.0;n;5.0;2024-05-29;PI;316;310,8;PICOS;Acessar a via sem observar a presença dos outros veículos;Sem Vítimas;2;Céu Claro;Pleno dia;quarta-feira;Colisão lateral mesmo sentido;Simples;0;0;-7.07594873;-41.46709728;Segura;Nordeste;2 Trimestre
660781;2025.0;n;2.0;2025-02-11;PR;153;1;JACAREZINHO;Condutor usando celular;Com Vítimas Feridas;4;Céu Claro;Pleno dia;terça-feira;Engavetamento;Dupla;0;0;-23,00348738;-49,90753055;Segura;Sul;1 Trimestre
667123;2025.0;n;3.0;2025-03-14;RS;386;346;LAJEADO;Trafegar com motocicleta (ou similar) entre as faixas;Com Vítimas Feridas;3;Sol;Pleno dia;sexta-feira;Colisão lateral mesmo sentido;Dupla;0;0;-29,447648;-51,973348;Segura;Sul;1 Trimestre
580736;2024.0;n;2.0;2024-02-12;SC;101;223;PALHOCA;Condutor deixou de manter distância do veículo da frente;Com Vítimas Feridas;2;Sol;Pleno dia;segunda-feira;Colisão traseira;Dupla;0;0;-27.71552634;-48.64881251;Segura;Sul;1 Trimestre
653166;2025.0;n;1.0;2025-01-04;GO;60;61;ABADIANIA;Reação tardia ou ineficiente do condutor;Com Vítimas Feridas;2;Céu Claro;Pleno dia;sábado;Colisão traseira;Dupla;0;1;-16,1903;-48,7114;Perigosa;Centro-Oeste;1 Trimestre
593699;2024.0;n;4.0;2024-04-13;GO;20;198,2;POSSE;Ausência de reação do condutor;Sem Vítimas;1;Céu Claro;Amanhecer;sábado;Saída de leito carroçável;Simples;0;0;-14.330847;-46.439438;Segura;Centro-Oeste;2 Trimestre
628041;2024.0;n;9.0;2024-09-14;MS;163;712;RIO VERDE DE MATO GROSSO;Carga excessiva e/ou mal acondicionada;Sem Vítimas;1;Vento;Pleno dia;sábado;Incêndio;Dupla;0;0;-18.65639609;-54.79588489;Segura;Centro-Oeste;3 Trimestre
593698;2024.0;n;4.0;2024-04-13;PE;101;67,6;RECIFE;Demais falhas mecânicas ou elétricas;Com Vítimas Feridas;3;Céu Claro;Pleno dia;sábado;Colisão lateral mesmo sentido;Múltipla;0;0;-8.042334;-34.943096;Segura;Nordeste;2 Trimestre
687191;2025.0;n;4.0;2025-04-25;TO;153;327,2;GUARAI;Condutor deixou de manter distância do veículo da frente;Com Vítimas Feridas;2;Céu Claro;Pleno dia;sexta-feira;Saída de leito carroçável;Simples;0;0;-8,771537;-48,510708;Segura;Norte;2 Trimestre
626178;2024.0;n;9.0;2024-09-06;PE;101;48,2;ABREU E LIMA;Manobra de mudança de faixa;Com Vítimas Feridas;3;Céu Claro;Anoitecer;sexta-feira;Colisão lateral mesmo sentido;Múltipla;0;0;-7.895523;-34.903116;Segura;Nordeste;3 Trimestre
655195;2025.0;n;1.0;2025-01-15;MG;40;421;CURVELO;Chuva;Com Vítimas Feridas;1;Chuva;Pleno dia;quarta-feira;Saída de leito carroçável;Simples;0;0;-19,15478812;-44,55712798;Segura;Sudeste;1 Trimestre
604739;2024.0;n;6.0;2024-06-02;BA;116;622,6;JAGUAQUARA;Transitar na contramão;Com Vítimas Feridas;4;Céu Claro;Pleno dia;domingo;Colisão frontal;Simples;0;0;-13.38310995;-40.02110227;Segura;Nordeste;2 Trimestre
667519;2025.0;n;3.0;2025-03-15;TO;153;157;ARAGUAINA;Condutor usando celular;Com Vítimas Fatais;4;Céu Claro;Plena Noite;sábado;Colisão lateral sentido oposto;Simples;1;0;-7,30020125;-48,29322835;Perigosa;Norte;1 Trimestre
622882;2024.0;n;8.0;2024-08-22;RS;470;10,2;BARRACAO;Carga excessiva e/ou mal acondicionada;Com Vítimas Feridas;2;Nublado;Pleno dia;quinta-feira;Tombamento;Simples;0;1;-27.66229079;-51.45618168;Perigosa;Sul;3 Trimestre
583639;2024.0;n;2.0;2024-02-27;SC;101;199;BIGUACU;Reação tardia ou ineficiente do condutor;Com Vítimas Feridas;4;Garoa/Chuvisco;Pleno dia;terça-feira;Colisão traseira;Dupla;0;0;-27.53413705;-48.63003205;Segura;Sul;1 Trimestre
576837;2024.0;n;1.0;2024-01-24;AM;174;982,9;RIO PRETO DA EVA;Carga excessiva e/ou mal acondicionada;Com Vítimas Feridas;2;Céu Claro;Pleno dia;quarta-feira;Tombamento;Simples;0;0;-2.11550492;-59.99098778;Segura;Norte;1 Trimestre
589015;2024.0;n;3.0;2024-03-22;SP;116;137;SAO JOSE DOS CAMPOS;Manobra de mudança de faixa;Com Vítimas Feridas;2;Chuva;Pleno dia;sexta-feira;Colisão lateral mesmo sentido;Dupla;0;0;-23.15300766;-45.78709317;Segura;Sudeste;1 Trimestre
655373;2025.0;n;1.0;2025-01-16;RJ;40;83;PETROPOLIS;Demais falhas mecânicas ou elétricas;Com Vítimas Feridas;1;Nublado;Amanhecer;quinta-feira;Saída de leito carroçável;Dupla;0;0;-22,51910302;-43,22873364;Segura;Sudeste;1 Trimestre
577711;2024.0;n;1.0;2024-01-28;SC;101;400,9;MARACAJA;Reação tardia ou ineficiente do condutor;Com Vítimas Feridas;2;Céu Claro;Plena Noite;domingo;Colisão traseira;Múltipla;0;0;-28.84846615;-49.4346268;Segura;Sul;1 Trimestre
672471;2025.0;n;4.0;2025-04-09;MG;381;495;BETIM;Entrada inopinada do pedestre;Com Vítimas Fatais;2;Céu Claro;Amanhecer;quarta-feira;Atropelamento de Pedestre;Múltipla;1;0;-19,97599521;-44,19649417;Perigosa;Sudeste;2 Trimestre
581518;2024.0;n;2.0;2024-02-16;PR;116;11;COLOMBO;Demais falhas mecânicas ou elétricas;Sem Vítimas;1;Nublado;Pleno dia;sexta-feira;Incêndio;Dupla;0;0;-25.3727;-49.1408;Segura;Sul;1 Trimestre
667029;2025.0;n;3.0;2025-03-13;MG;262;405;PARA DE MINAS;Ausência de reação do condutor;Com Vítimas Feridas;1;Céu Claro;Anoitecer;quinta-feira;Saída de leito carroçável;Dupla;0;0;-19,88921326;-44,58977508;Segura;Sudeste;1 Trimestre
670853;2025.0;n;3.0;2025-03-31;RJ;116;311;RESENDE;Ausência de reação do condutor;Com Vítimas Feridas;6;Garoa/Chuvisco;Plena Noite;segunda-feira;Colisão com objeto;Dupla;0;0;-22,46121772;-44,44413797;Segura;Sudeste;1 Trimestre
604936;2024.0;n;6.0;2024-06-03;SC;101;204;SAO JOSE;Manobra de mudança de faixa;Com Vítimas Feridas;3;Céu Claro;Pleno dia;segunda-feira;Colisão traseira;Múltipla;0;1;-27.57413014;-48.61363083;Perigosa;Sul;2 Trimestre
576441;2024.0;n;1.0;2024-01-22;BA;101;79;ALAGOINHAS;Ultrapassagem Indevida;Com Vítimas Feridas;5;Sol;Pleno dia;segunda-feira;Colisão lateral sentido oposto;Múltipla;0;0;-12.01196305;-38.26882996;Segura;Nordeste;1 Trimestre