id;ano;feriado;mes;data_inversa;uf;br;km;municipio;causa_acidente;classificacao_acidente;veiculos;condicao_metereologica;fase_dia;dia_semana;tipo_acidente;tipo_pista;mortos;feridos_graves;latitude;longitude;status;regiao;periodo
592922;2024.0;n;4.0;2024-04-09;GO;153;18;PORANGATU;Avarias e/ou desgaste excessivo no pneu;Com Vítimas Feridas;1;Céu Claro;Pleno dia;terça-feira;Saída de leito carroçável;Simples;0;1;-12.987399;-49.15126;Perigosa;Centro-Oeste;2 Trimestre
616668;2024.0;n;7.0;2024-07-24;RS;392;119;CANGUCU;Transitar na contramão;Com Vítimas Feridas;2;Garoa/Chuvisco;Plena Noite;quarta-feira;Colisão lateral sentido oposto;Dupla;0;0;-31.39884811;-52.68472032;Segura;Sul;3 Trimestre
582393;2024.0;n;2.0;2024-02-21;RS;290;414,7;SAO GABRIEL;Ausência de reação do condutor;Sem Vítimas;2;Céu Claro;Pleno dia;quarta-feira;Colisão traseira;Simples;0;0;-30.361057;-54.289551;Segura;Sul;1 Trimestre
589268;2024.0;n;3.0;2024-03-23;PE;101;122,8;ESCADA;Condutor Dormindo;Com Vítimas Feridas;1;Nublado;Pleno dia;sábado;Saída de leito carroçável;Múltipla;0;1;-8.35939636;-35.19500398;Perigosa;Nordeste;1 Trimestre
659730;2025.0;n;2.0;2025-02-07;SP;116;394;MIRACATU;Reação tardia ou ineficiente do condutor;Com Vítimas Feridas;3;Nublado;Plena Noite;sexta-feira;Colisão traseira;Dupla;0;0;-24,28717454;-47,45143994;Segura;Sudeste;1 Trimestre
658836;2025.0;n;2.0;2025-02-02;PR;277;419,9;CANTAGALO;Transitar na contramão;Com Vítimas Fatais;3;Céu Claro;Pleno dia;domingo;Colisão frontal;Simples;1;0;-25,37629077;-52,12978363;Perigosa;Sul;1 Trimestre
652764;2025.0;n;1.0;2025-01-02;MG;381;245;SANTANA DO PARAISO;Acessar a via sem observar a presença dos outros veículos;Com Vítimas Feridas;2;Chuva;Pleno dia;quinta-feira;Colisão transversal;Simples;0;0;-19,45135074;-42,51844723;Segura;Sudeste;1 Trimestre
588304;2024.0;n;3.0;2024-03-18;RJ;465;5,5;SEROPEDICA;Ausência de reação do condutor;Com Vítimas Feridas;2;Céu Claro;Pleno dia;segunda-feira;Colisão lateral mesmo sentido;Simples;0;0;-22.747673;-43.699196;Segura;Sudeste;1 Trimestre
575006;2024.0;n;1.0;2024-01-16;RN;101;129,8;SAO JOSE DE MIPIBU;Animais na Pista;Com Vítimas Feridas;2;Céu Claro;Plena Noite;terça-feira;Atropelamento de Animal;Dupla;0;0;-6.112119;-35.233627;Segura;Nordeste;1 Trimestre
594155;2024.0;n;4.0;2024-04-15;PA;10;176,2;PARAGOMINAS;Reação tardia ou ineficiente do condutor;Com Vítimas Feridas;2;Céu Claro;Pleno dia;segunda-feira;Tombamento;Simples;0;0;-2.89433295;-47.4335408;Segura;Norte;2 Trimestre
657900;2025.0;n;1.0;2025-01-28;RS;386;306,2;POUSO NOVO;Velocidade Incompatível;Com Vítimas Feridas;3;Chuva;Pleno dia;terça-feira;Colisão frontal;Simples;0;1;-29,194696;-52,185722;Perigosa;Sul;1 Trimestre
604110;2024.0;n;5.0;2024-05-30;PR;376;668;GUARATUBA;Problema com o freio;Sem Vítimas;3;Céu Claro;Plena Noite;quinta-feira;Colisão traseira;Dupla;0;0;-25.864159;-48.937538;Segura;Sul;2 Trimestre
665997;2025.0;n;3.0;2025-03-08;MG;381;849,2;POUSO ALEGRE;Demais falhas mecânicas ou elétricas;Sem Vítimas;2;Nublado;Pleno dia;sábado;Derramamento de carga;Dupla;0;0;-22,23201316;-45,87598199;Segura;Sudeste;1 Trimestre
624146;2024.0;n;8.0;2024-08-28;CE;116;12,9;FORTALEZA;Manobra de mudança de faixa;Com Vítimas Feridas;2;Sol;Pleno dia;quarta-feira;Colisão transversal;Múltipla;0;1;-3.85940231;-38.49693596;Perigosa;Nordeste;3 Trimestre
605066;2024.0;n;6.0;2024-06-03;PR;163;205;CASCAVEL;Demais falhas mecânicas ou elétricas;Sem Vítimas;1;Céu Claro;Plena Noite;segunda-feira;Incêndio;Dupla;0;0;-24.98548502;-53.55959925;Segura;Sul;2 Trimestre
656970;2025.0;n;1.0;2025-01-24;PR;277;442,2;LARANJEIRAS DO SUL;Reação tardia ou ineficiente do condutor;Com Vítimas Feridas;2;Céu Claro;Amanhecer;sexta-feira;Tombamento;Simples;0;0;-25,37458072;-52,2742009;Segura;Sul;1 Trimestre
653289;2025.0;n;1.0;2025-01-05;SC;101;195,2;BIGUACU;Transitar na contramão;Com Vítimas Feridas;2;Céu Claro;Pleno dia;domingo;Colisão transversal;Dupla;0;0;-27,5047092;-48,65010819;Segura;Sul;1 Trimestre
672796;2025.0;n;4.0;2025-04-10;RJ;101;23,9;CAMPOS DOS GOYTACAZES;Ultrapassagem Indevida;Com Vítimas Fatais;2;Céu Claro;Plena Noite;quinta-feira;Colisão frontal;Simples;1;0;-21,44848;-41,34404;Perigosa;Sudeste;2 Trimestre
658986;2025.0;n;2.0;2025-02-03;PB;101;83,7;BAYEUX;Manobra de mudança de faixa;Com Vítimas Feridas;2;Céu Claro;Pleno dia;segunda-feira;Colisão lateral mesmo sentido;Dupla;0;0;-7,1337703;-34,92963914;Segura;Nordeste;1 Trimestre
610205;2024.0;n;6.0;2024-06-26;RS;285;304,2;PASSO FUNDO;Ausência de reação do condutor;Com Vítimas Feridas;1;Nublado;Pleno dia;quarta-feira;Saída de leito carroçável;Simples;0;0;-28.22751831;-52.48057365;Segura;Sul;2 Trimestre
602499;2024.0;n;5.0;2024-05-23;RS;290;262;CACHOEIRA DO SUL;Ausência de reação do condutor;Com Vítimas Feridas;1;Chuva;Plena Noite;quinta-feira;Colisão com objeto;Simples;0;1;-30.26476456;-52.85408735;Perigosa;Sul;2 Trimestre
687962;2025.0;n;4.0;2025-04-28;MG;381;812;CAREACU;Velocidade Incompatível;Com Vítimas Feridas;2;Céu Claro;Plena Noite;segunda-feira;Saída de leito carroçável;Dupla;0;1;-22,00950663;-45,67781031;Perigosa;Sudeste;2 Trimestre
666060;2025.0;n;3.0;2025-03-08;RS;101;53,4;TERRA DE AREIA;Pedestre andava na pista;Com Vítimas Fatais;2;Céu Claro;Plena Noite;sábado;Atropelamento de Pedestre;Dupla;1;0;-29,637471;-50,103308;Perigosa;Sul;1 Trimestre
670545;2025.0;n;3.0;2025-03-30;BA;324;7,1;FEIRA DE SANTANA;Reação tardia ou ineficiente do condutor;Com Vítimas Feridas;5;Sol;Pleno dia;domingo;Colisão traseira;Dupla;0;1;-12,268421;-38,988667;Perigosa;Nordeste;1 Trimestre
616802;2024.0;n;7.0;2024-07-25;AM;319;318,3;BERURI;Fumaça;Com Vítimas Feridas;2;Céu Claro;Pleno dia;quinta-feira;Colisão frontal;Simples;0;0;-5.05690522;-61.65630381;Segura;Norte;3 Trimestre
610206;2024.0;n;6.0;2024-06-26;RS;290;289,7;CACHOEIRA DO SUL;Ultrapassagem Indevida;Com Vítimas Fatais;5;Nublado;Pleno dia;quarta-feira;Colisão lateral mesmo sentido;Simples;2;1;-30.274347;-53.108261;Perigosa;Sul;2 Trimestre
629047;2024.0;n;9.0;2024-09-19;MG;153;21;CENTRALINA;Condutor Dormindo;Com Vítimas Feridas;2;Céu Claro;Plena Noite;quinta-feira;Saída de leito carroçável;Dupla;0;0;-18.60599701;-49.19196328;Segura;Sudeste;3 Trimestre
669946;2025.0;n;3.0;2025-03-27;SC;470;86;RODEIO;Condutor Dormindo;Com Vítimas Feridas;2;Céu Claro;Plena Noite;quinta-feira;Colisão transversal;Simples;0;1;-26,94811534;-49,36608911;Perigosa;Sul;1 Trimestre
667845;2025.0;n;3.0;2025-03-17;MG;267;47;MARIPA DE MINAS;Acessar a via sem observar a presença dos outros veículos;Com Vítimas Feridas;3;Garoa/Chuvisco;Pleno dia;segunda-feira;Colisão transversal;Simples;0;1;-21,69554855;-42,9699629;Perigosa;Sudeste;1 Trimestre
663489;2025.0;n;2.0;2025-02-24;SC;282;2;FLORIANOPOLIS;Ingestão de substâncias psicoativas pelo condutor;Com Vítimas Feridas;3;Céu Claro;Pleno dia;segunda-feira;Colisão traseira;Múltipla;0;0;-27,6034998;-48,58758267;Segura;Sul;1 Trimestre
664332;2025.0;n;2.0;2025-02-28;PR;116;10;COLOMBO;Reação tardia ou ineficiente do condutor;Com Vítimas Feridas;2;Nublado;Plena Noite;sexta-feira;Colisão traseira;Dupla;0;1;-25,37221649;-49,13561761;Perigosa;Sul;1 Trimestre
629783;2024.0;n;9.0;2024-09-22;RS;290;67;GRAVATAI;Ausência de reação do condutor;Com Vítimas Feridas;5;Céu Claro;Pleno dia;domingo;Colisão traseira;Dupla;0;0;-29.94256;-50.925896;Segura;Sul;3 Trimestre
607376;2024.0;n;6.0;2024-06-14;GO;60;115,1;TEREZOPOLIS DE GOIAS;Ausência de reação do condutor;Com Vítimas Feridas;5;Céu Claro;Pleno dia;sexta-feira;Colisão traseira;Dupla;0;1;-16.4691;-49.0705;Perigosa;Centro-Oeste;2 Trimestre
662619;2025.0;n;2.0;2025-02-20;MG;262;42,7;MANHUACU;Mal súbito do condutor;Com Vítimas Feridas;2;Céu Claro;Plena Noite;quinta-feira;Colisão frontal;Simples;0;1;-20,26976316;-42,06894006;Perigosa;Sudeste;1 Trimestre
614833;2024.0;n;7.0;2024-07-16;PE;101;106;CABO DE SANTO AGOSTINHO;Transitar no Acostamento;Com Vítimas Fatais;2;Céu Claro;Pleno dia;terça-feira;Atropelamento de Pedestre;Dupla;1;0;-8.312402;-35.101525;Perigosa;Nordeste;3 Trimestre
594836;2024.0;n;4.0;2024-04-18;SC;116;254;LAGES;Velocidade Incompatível;Com Vítimas Feridas;2;Céu Claro;Plena Noite;quinta-feira;Tombamento;Simples;0;1;-27.86721884;-50.39576317;Perigosa;Sul;2 Trimestre
688140;2025.0;n;4.0;2025-04-29;MG;50;185,5;UBERABA;Ausência de reação do condutor;Sem Vítimas;3;Céu Claro;Plena Noite;terça-feira;Colisão traseira;Dupla;0;0;-19,820549;-47,893634;Segura;Sudeste;2 Trimestre
595888;2024.0;n;4.0;2024-04-23;MG;251;291;SALINAS;Demais falhas mecânicas ou elétricas;Sem Vítimas;2;Céu Claro;Pleno dia;terça-feira;Incêndio;Simples;0;0;-16.06341279;-42.20495019;Segura;Sudeste;2 Trimestre
618869;2024.0;n;8.0;2024-08-03;PR;476;266,1;SAO MATEUS DO SUL;Ausência de reação do condutor;Com Vítimas Feridas;3;Céu Claro;Plena Noite;sábado;Colisão lateral sentido oposto;Simples;0;0;-25.892092;-50.301876;Segura;Sul;3 Trimestre
586966;2024.0;n;3.0;2024-03-13;RJ;101;267;RIO BONITO;Demais falhas mecânicas ou elétricas;Com Vítimas Feridas;1;Céu Claro;Pleno dia;quarta-feira;Capotamento;Dupla;0;0;-22.70728329;-42.66059086;Segura;Sudeste;1 Trimestre
672449;2025.0;n;3.0;2025-03-23;SC;116;86,2;MONTE CASTELO;Transitar na contramão;Com Vítimas Fatais;2;Chuva;Plena Noite;domingo;Colisão frontal;Simples;1;0;-26,611012;-50,229744;Perigosa;Sul;1 Trimestre
596484;2024.0;n;4.0;2024-04-26;MT;163;117,7;RONDONOPOLIS;Acessar a via sem observar a presença dos outros veículos;Com Vítimas Feridas;6;Sol;Pleno dia;sexta-feira;Colisão transversal;Dupla;0;0;-16.52182818;-54.65882461;Segura;Centro-Oeste;2 Trimestre
615842;2024.0;n;7.0;2024-07-21;SC;158;102,1;CUNHA PORA;Ingestão de substâncias psicoativas pelo condutor;Com Vítimas Feridas;2;Céu Claro;Plena Noite;domingo;Colisão traseira;Simples;0;0;-26.84425606;-53.17106511;Segura;Sul;3 Trimestre
616804;2024.0;n;7.0;2024-07-25;MT;70;729;CACERES;Demais falhas mecânicas ou elétricas;Sem Vítimas;2;Sol;Pleno dia;quinta-feira;Incêndio;Simples;0;0;-16.16077399;-57.61215594;Segura;Centro-Oeste;3 Trimestre
665690;2025.0;n;3.0;2025-03-07;PR;277;46,9;MORRETES;Demais falhas mecânicas ou elétricas;Sem Vítimas;3;Nublado;Amanhecer;sexta-feira;Incêndio;Dupla;0;0;-25,5925224;-48,9135897;Segura;Sul;1 Trimestre
581052;2024.0;n;2.0;2024-02-14;SC;280;102,5;SAO BENTO DO SUL;Pista Escorregadia;Com Vítimas Feridas;2;Chuva;Plena Noite;quarta-feira;Colisão com objeto;Simples;0;0;-26.35991955;-49.34605837;Segura;Sul;1 Trimestre
670353;2025.0;n;3.0;2025-03-29;PR;369;22,2;CAMBARA;Acessar a via sem observar a presença dos outros veículos;Com Vítimas Feridas;3;Céu Claro;Pleno dia;sábado;Colisão transversal;Simples;0;0;-23,04312844;-50,10405064;Segura;Sul;1 Trimestre
669518;2025.0;n;3.0;2025-03-25;DF;70;11,9;BRASILIA;Acessar a via sem observar a presença dos outros veículos;Com Vítimas Fatais;2;Nublado;Pleno dia;terça-feira;Colisão transversal;Dupla;1;1;-15,793191;-48,160552;Perigosa;Centro-Oeste;1 Trimestre
600653;2024.0;n;5.0;2024-05-15;RJ;101;530;PARATY;Pista Escorregadia;Com Vítimas Fatais;2;Chuva;Pleno dia;quarta-feira;Colisão transversal;Simples;2;0;-23.0232454;-44.51684972;Perigosa;Sudeste;2 Trimestre
659686;2025.0;n;2.0;2025-02-06;MT;364;202;RONDONOPOLIS;Manobra de mudança de faixa;Com Vítimas Feridas;4;Céu Claro;Plena Noite;quinta-feira;Tombamento;Dupla;0;0;-16,479299;-54,651568;Segura;Centro-Oeste;1 Trimestre
654078;2025.0;n;1.0;2025-01-09;RS;386;298,8;POUSO NOVO;Condutor deixou de manter distância do veículo da frente;Com Vítimas Feridas;8;Céu Claro;Pleno dia;quinta-feira;Colisão traseira;Simples;0;0;-29,159327;-52,226838;Segura;Sul;1 Trimestre
627860;2024.0;n;9.0;2024-09-13;CE;222;14;CAUCAIA;Reação tardia ou ineficiente do condutor;Com Vítimas Feridas;5;Céu Claro;Plena Noite;sexta-feira;Colisão frontal;Simples;0;1;-3.76168497;-38.68641099;Perigosa;Nordeste;3 Trimestre
670096;2025.0;n;3.0;2025-03-28;MT;163;548;DIAMANTINO;Reação tardia ou ineficiente do condutor;Com Vítimas Feridas;4;Nublado;Pleno dia;sexta-feira;Saída de leito carroçável;Dupla;0;0;-14,240936;-56,122411;Segura;Centro-Oeste;1 Trimestre
621574;2024.0;n;2.0;2024-02-18;SP;116;564;BARRA DO TURVO;Velocidade Incompatível;Com Vítimas Feridas;3;Chuva;Pleno dia;domingo;Saída de leito carroçável;Simples;0;0;-25.03458919;-48.53543877;Segura;Sudeste;1 Trimestre
673526;2025.0;n;4.0;2025-04-13;RS;285;105,7;VACARIA;Pedestre andava na pista;Com Vítimas Fatais;2;Nublado;Plena Noite;domingo;Atropelamento de Pedestre;Simples;1;0;-28,533247;-50,801271;Perigosa;Sul;2 Trimestre
616759;2024.0;n;5.0;2024-05-10;MG;381;531,9;ITATIAIUCU;Velocidade Incompatível;Com Vítimas Feridas;2;Sol;Pleno dia;sexta-feira;Tombamento;Dupla;0;1;-20.1904316;-44.38268793;Perigosa;Sudeste;2 Trimestre
659270;2025.0;n;2.0;2025-02-04;PB;101;119,5;PEDRAS DE FOGO;Reação tardia ou ineficiente do condutor;Sem Vítimas;2;Chuva;Pleno dia;terça-feira;Saída de leito carroçável;Simples;0;0;-7,42897814;-34,96672977;Segura;Nordeste;1 Trimestre
598853;2024.0;n;5.0;2024-05-07;DF;70;16,4;BRASILIA;Desrespeitar a preferência no cruzamento;Com Vítimas Feridas;2;Céu Claro;Pleno dia;terça-feira;Colisão transversal;Dupla;0;0;-15.796144;-48.194225;Segura;Centro-Oeste;2 Trimestre
579941;2024.0;n;2.0;2024-02-09;SE;101;96;SAO CRISTOVAO;Acessar a via sem observar a presença dos outros veículos;Com Vítimas Fatais;3;Céu Claro;Pleno dia;sexta-feira;Colisão transversal;Dupla;1;0;-10.91774224;-37.16729183;Perigosa;Nordeste;1 Trimestre
653787;2025.0;n;1.0;2025-01-08;RS;386;110,1;SARANDI;Reação tardia ou ineficiente do condutor;Com Vítimas Feridas;2;Céu Claro;Pleno dia;quarta-feira;Tombamento;Simples;0;0;-27,809111;-53,051529;Segura;Sul;1 Trimestre
593579;2024.0;n;4.0;2024-04-12;RO;364;802;PORTO VELHO;Manobra de mudança de faixa;Com Vítimas Feridas;2;Céu Claro;Plena Noite;sexta-feira;Colisão frontal;Dupla;0;0;-9.25776124;-64.41284701;Segura;Norte;2 Trimestre
666983;2025.0;n;3.0;2025-03-13;MG;262;23,5;REDUTO;Demais falhas mecânicas ou elétricas;Com Vítimas Feridas;2;Céu Claro;Pleno dia;quinta-feira;Saída de leito carroçável;Simples;0;0;-20,247061;-41,935474;Segura;Sudeste;1 Trimestre
595181;2024.0;n;4.0;2024-04-20;GO;20;205,8;POSSE;Ausência de reação do condutor;Com Vítimas Fatais;15;Céu Claro;Pleno dia;sábado;Colisão frontal;Simples;2;0;-14.278563;-46.405285;Perigosa;Centro-Oeste;2 Trimestre
653791;2025.0;n;1.0;2025-01-08;SC;101;46,3;JOINVILLE;Velocidade Incompatível;Com Vítimas Feridas;2;Garoa/Chuvisco;Pleno dia;quarta-feira;Colisão traseira;Dupla;0;0;-26,36459827;-48,85838449;Segura;Sul;1 Trimestre
621491;2024.0;n;8.0;2024-08-16;MT;364;541;ROSARIO OESTE;Pedestre andava na pista;Com Vítimas Feridas;3;Céu Claro;Plena Noite;sexta-feira;Atropelamento de Pedestre;Simples;0;1;-14.92009078;-56.47771528;Perigosa;Centro-Oeste;3 Trimestre
668679;2025.0;n;3.0;2025-03-21;RJ;493;82;NOVA IGUACU;Reação tardia ou ineficiente do condutor;Com Vítimas Feridas;2;Nublado;Pleno dia;sexta-feira;Saída de leito carroçável;Dupla;0;0;-22,68696;-43,51846;Segura;Sudeste;1 Trimestre
617454;2024.0;n;6.0;2024-06-15;MG;153;80,5;PRATA;Manobra de mudança de faixa;Com Vítimas Fatais;4;Céu Claro;Amanhecer;sábado;Colisão frontal;Simples;1;1;-19.0706063;-49.00347944;Perigosa;Sudeste;2 Trimestre
591250;2024.0;n;4.0;2024-04-01;MS;163;539;BANDEIRANTES;Manobra de mudança de faixa;Com Vítimas Feridas;2;Nublado;Plena Noite;segunda-feira;Colisão frontal;Simples;0;2;-19.9982538;-54.39409247;Perigosa;Centro-Oeste;2 Trimestre
627340;2024.0;n;9.0;2024-09-11;BA;101;188;CONCEICAO DA FEIRA;Demais falhas mecânicas ou elétricas;Com Vítimas Feridas;3;Céu Claro;Pleno dia;quarta-feira;Colisão com objeto;Simples;0;1;-12.57664901;-38.98154193;Perigosa;Nordeste;3 Trimestre
603238;2024.0;n;5.0;2024-05-26;BA;101;384;IBIRAPITANGA;Reação tardia ou ineficiente do condutor;Com Vítimas Fatais;3;Céu Claro;Plena Noite;domingo;Colisão lateral sentido oposto;Simples;1;0;-13.896269;-39.478121;Perigosa;Nordeste;2 Trimestre
596796;2024.0;n;4.0;2024-04-27;BA;101;256;SANTO ANTONIO DE JESUS;Acumulo de água sobre o pavimento;Sem Vítimas;2;Chuva;Pleno dia;sábado;Colisão lateral sentido oposto;Simples;0;0;-13.03122697;-39.28868185;Segura;Nordeste;2 Trimestre
617850;2024.0;n;7.0;2024-07-30;PE;232;559;PARNAMIRIM;Ausência de reação do condutor;Com Vítimas Feridas;2;Céu Claro;Pleno dia;terça-feira;Saída de leito carroçável;Simples;0;1;-8.09321706;-39.56720299;Perigosa;Nordeste;3 Trimestre
607383;2024.0;n;6.0;2024-06-14;MG;50;134;UBERABA;Reação tardia ou ineficiente do condutor;Com Vítimas Fatais;2;Céu Claro;Plena Noite;sexta-feira;Colisão traseira;Dupla;1;1;-19.42456131;-48.06956773;Perigosa;Sudeste;2 Trimestre
667398;2025.0;n;3.0;2025-03-15;BA;116;604;IRAJUBA;Acessar a via sem observar a presença dos outros veículos;Com Vítimas Feridas;2;Céu Claro;Pleno dia;sábado;Colisão transversal;Simples;0;1;-13,2735;-40,0145;Perigosa;Nordeste;1 Trimestre
597787;2024.0;n;5.0;2024-05-02;TO;153;600;SANTA RITA DO TOCANTINS;Reação tardia ou ineficiente do condutor;Com Vítimas Feridas;4;Céu Claro;Pleno dia;quinta-feira;Colisão traseira;Simples;0;0;-11.095804;-48.91993901;Segura;Norte;2 Trimestre
673913;2025.0;n;4.0;2025-04-15;MG;381;481;CONTAGEM;Velocidade Incompatível;Com Vítimas Feridas;2;Céu Claro;Plena Noite;terça-feira;Colisão traseira;Múltipla;0;0;-19,958315;-44,058871;Segura;Sudeste;2 Trimestre
627030;2024.0;n;9.0;2024-09-09;ES;101;114,5;SOORETAMA;Ultrapassagem Indevida;Com Vítimas Fatais;7;Céu Claro;Plena Noite;segunda-feira;Colisão frontal;Simples;3;2;-19.09484877;-40.05095848;Perigosa;Sudeste;3 Trimestre
653032;2025.0;n;1.0;2025-01-03;BA;116;824;VITORIA DA CONQUISTA;Reação tardia ou ineficiente do condutor;Com Vítimas Feridas;2;Céu Claro;Plena Noite;sexta-feira;Colisão traseira;Dupla;0;1;-14,86391233;-40,85025972;Perigosa;Nordeste;1 Trimestre
594242;2024.0;n;4.0;2024-04-15;SC;101;220;PALHOCA;Chuva;Com Vítimas Feridas;2;Chuva;Plena Noite;segunda-feira;Colisão traseira;Dupla;0;1;-27.69198941;-48.66368358;Perigosa;Sul;2 Trimestre
629882;2024.0;n;9.0;2024-09-22;MS;262;423,2;TERENOS;Carga excessiva e/ou mal acondicionada;Sem Vítimas;3;Céu Claro;Pleno dia;domingo;Tombamento;Simples;0;0;-20.46271487;-55.23052892;Segura;Centro-Oeste;3 Trimestre
598316;2024.0;n;5.0;2024-05-04;ES;262;170,5;IBATIBA;Reação tardia ou ineficiente do condutor;Com Vítimas Feridas;2;Céu Claro;Plena Noite;sábado;Tombamento;Simples;0;0;-20.26465;-41.590612;Segura;Sudeste;2 Trimestre
620405;2024.0;n;8.0;2024-08-10;RJ;101;84;CAMPOS DOS GOYTACAZES;Reação tardia ou ineficiente do condutor;Sem Vítimas;3;Garoa/Chuvisco;Plena Noite;sábado;Colisão frontal;Simples;0;0;-21.82137091;-41.47023906;Segura;Sudeste;3 Trimestre
592948;2024.0;n;4.0;2024-04-09;GO;153;506;APARECIDA DE GOIANIA;Manobra de mudança de faixa;Com Vítimas Feridas;2;Chuva;Plena Noite;terça-feira;Colisão traseira;Múltipla;0;1;-16.7633;-49.24;Perigosa;Centro-Oeste;2 Trimestre
589956;2024.0;n;3.0;2024-03-26;MT;70;520;VARZEA GRANDE;Ausência de reação do condutor;Sem Vítimas;3;Chuva;Plena Noite;terça-feira;Colisão lateral sentido oposto;Simples;0;0;-15.678779;-56.174836;Segura;Centro-Oeste;1 Trimestre
577744;2024.0;n;1.0;2024-01-29;SP;116;287;ITAPECERICA DA SERRA;Acessar a via sem observar a presença dos outros veículos;Com Vítimas Feridas;3;Céu Claro;Pleno dia;segunda-feira;Colisão lateral mesmo sentido;Dupla;0;0;-23.71441779;-46.87929634;Segura;Sudeste;1 Trimestre
606600;2024.0;n;6.0;2024-06-10;RJ;40;110;DUQUE DE CAXIAS;Reação tardia ou ineficiente do condutor;Com Vítimas Feridas;3;Céu Claro;Anoitecer;segunda-feira;Queda de ocupante de veículo;Múltipla;0;0;-22.68289906;-43.28549346;Segura;Sudeste;2 Trimestre
574644;2024.0;n;1.0;2024-01-14;TO;153;302;PRESIDENTE KENNEDY;Problema na suspensão;Com Vítimas Feridas;2;Céu Claro;Pleno dia;domingo;Tombamento;Simples;0;0;-8.551863;-48.483192;Segura;Norte;1 Trimestre
629256;2024.0;n;9.0;2024-09-20;MG;381;523;BRUMADINHO;Demais falhas mecânicas ou elétricas;Sem Vítimas;3;Céu Claro;Plena Noite;sexta-feira;Incêndio;Dupla;0;0;-20.1530682;-44.32617552;Segura;Sudeste;3 Trimestre
588707;2024.0;n;3.0;2024-03-21;SP;116;230;SAO PAULO;Condutor Dormindo;Com Vítimas Fatais;5;Céu Claro;Amanhecer;quinta-feira;Colisão traseira;Múltipla;1;1;-23.52251783;-46.5855702;Perigosa;Sudeste;1 Trimestre
660833;2025.0;n;2.0;2025-02-12;SP;381;67,9;MAIRIPORA;Reação tardia ou ineficiente do condutor;Com Vítimas Feridas;3;Céu Claro;Plena Noite;quarta-feira;Colisão com objeto;Dupla;0;0;-23,33226094;-46,57675379;Segura;Sudeste;1 Trimestre
599151;2024.0;n;5.0;2024-05-08;PE;408;99;SAO LOURENCO DA MATA;Pedestre andava na pista;Com Vítimas Fatais;2;Céu Claro;Plena Noite;quarta-feira;Atropelamento de Pedestre;Dupla;1;0;-8.04133634;-35.02531212;Perigosa;Nordeste;2 Trimestre
589861;2024.0;n;3.0;2024-03-26;MA;135;104;ITAPECURU MIRIM;Acostamento em desnível;Com Vítimas Fatais;3;Céu Claro;Pleno dia;terça-feira;Queda de ocupante de veículo;Simples;1;0;-3.38911583;-44.4963842;Perigosa;Nordeste;1 Trimestre
573306;2024.0;n;1.0;2024-01-08;MG;354;710,6;CAXAMBU;Velocidade Incompatível;Com Vítimas Feridas;4;Nublado;Pleno dia;segunda-feira;Saída de leito carroçável;Simples;0;0;-22.03251698;-44.92520109;Segura;Sudeste;1 Trimestre
659572;2025.0;n;2.0;2025-02-06;PR;163;238,9;TOLEDO;Reação tardia ou ineficiente do condutor;Com Vítimas Fatais;7;Céu Claro;Pleno dia;quinta-feira;Colisão lateral mesmo sentido;Dupla;1;1;-24,68967215;-53,75789523;Perigosa;Sul;1 Trimestre
664050;2025.0;n;2.0;2025-02-27;PR;277;43;MORRETES;Demais falhas mecânicas ou elétricas;Sem Vítimas;1;Céu Claro;Pleno dia;quinta-feira;Incêndio;Dupla;0;0;-25,59229082;-48,88068259;Segura;Sul;1 Trimestre
589105;2024.0;n;3.0;2024-03-22;MT;163;464;VARZEA GRANDE;Ausência de reação do condutor;Com Vítimas Fatais;4;Chuva;Anoitecer;sexta-feira;Saída de leito carroçável;Simples;1;0;-15.4978417;-56.27305627;Perigosa;Centro-Oeste;1 Trimestre
652475;2025.0;y;1.0;2025-01-01;PB;230;35,9;SANTA RITA;Ausência de reação do condutor;Com Vítimas Feridas;1;Céu Claro;Plena Noite;quarta-feira;Tombamento;Dupla;0;0;-7,12664996;-34,95011855;Segura;Nordeste;1 Trimestre
608223;2024.0;n;6.0;2024-06-17;SC;101;45,9;JOINVILLE;Estacionar ou parar em local proibido;Com Vítimas Feridas;2;Céu Claro;Pleno dia;segunda-feira;Colisão traseira;Múltipla;0;1;-26.32214492;-48.8689509;Perigosa;Sul;2 Trimestre
584004;2024.0;n;2.0;2024-02-29;RJ;116;178;MESQUITA;Manobra de mudança de faixa;Com Vítimas Feridas;2;Céu Claro;Pleno dia;quinta-feira;Colisão traseira;Múltipla;0;0;-22.77496393;-43.40081465;Segura;Sudeste;1 Trimestre
670514;2025.0;n;3.0;2025-03-30;SP;116;358,8;MIRACATU;Demais falhas mecânicas ou elétricas;Sem Vítimas;3;Sol;Pleno dia;domingo;Colisão traseira;Dupla;0;0;-24,09385368;-47,25524103;Segura;Sudeste;1 Trimestre
687922;2025.0;n;4.0;2025-04-28;GO;60;433;RIO VERDE;Reação tardia ou ineficiente do condutor;Com Vítimas Feridas;1;Chuva;Pleno dia;segunda-feira;Saída de leito carroçável;Dupla;0;1;-17,82492766;-51,32452447;Perigosa;Centro-Oeste;2 Trimestre
653090;2025.0;n;1.0;2025-01-04;PE;101;7,4;GOIANA;Acessar a via sem observar a presença dos outros veículos;Com Vítimas Feridas;2;Céu Claro;Pleno dia;sábado;Colisão transversal;Dupla;0;0;-7,564785;-34,990213;Segura;Nordeste;1 Trimestre