id;ano;feriado;mes;data_inversa;uf;br;km;municipio;causa_acidente;classificacao_acidente;veiculos;condicao_metereologica;fase_dia;dia_semana;tipo_acidente;tipo_pista;mortos;feridos_graves;latitude;longitude;status;regiao;periodo
583487;2024.0;n;2.0;2024-02-26;MG;381;368;TIMOTEO;Demais falhas mecânicas ou elétricas;Sem Vítimas;2;Céu Claro;Pleno dia;segunda-feira;Incêndio;Simples;0;0;-19.52520113;-42.64657617;Segura;Sudeste;1 Trimestre
630488;2024.0;n;9.0;2024-09-25;PR;116;12;CAMPINA GRANDE DO SUL;Velocidade Incompatível;Com Vítimas Feridas;2;Céu Claro;Pleno dia;quarta-feira;Colisão com objeto;Dupla;0;1;-25.097733;-48.658361;Perigosa;Sul;3 Trimestre
622801;2024.0;n;8.0;2024-08-21;MG;365;312;SAO GONCALO DO ABAETE;Acostamento em desnível;Com Vítimas Feridas;2;Céu Claro;Plena Noite;quarta-feira;Tombamento;Simples;0;0;-18.21453533;-45.84155678;Segura;Sudeste;3 Trimestre
576910;2024.0;n;1.0;2024-01-24;MT;163;74,5;RONDONOPOLIS;Condutor Dormindo;Com Vítimas Feridas;1;Nublado;Plena Noite;quarta-feira;Saída de leito carroçável;Dupla;0;0;-16.86819309;-54.71048071;Segura;Centro-Oeste;1 Trimestre
663616;2025.0;n;1.0;2025-01-28;GO;452;127;BOM JESUS DE GOIAS;Transitar na contramão;Com Vítimas Feridas;8;Sol;Pleno dia;terça-feira;Colisão lateral sentido oposto;Simples;0;1;-18,20596184;-49,76484391;Perigosa;Centro-Oeste;1 Trimestre
611626;2024.0;n;7.0;2024-07-03;RJ;493;69;NOVA IGUACU;Animais na Pista;Sem Vítimas;1;Céu Claro;Pleno dia;quarta-feira;Atropelamento de Animal;Dupla;0;0;-22.68403385;-43.43204498;Segura;Sudeste;3 Trimestre
585566;2024.0;n;3.0;2024-03-07;MG;153;94;PRATA;Velocidade Incompatível;Com Vítimas Feridas;2;Céu Claro;Plena Noite;quinta-feira;Colisão traseira;Simples;0;0;-19.1790333;-48.9499711;Segura;Sudeste;1 Trimestre
661829;2025.0;n;2.0;2025-02-16;RS;153;50,9;ERECHIM;Desrespeitar a preferência no cruzamento;Sem Vítimas;2;Nublado;Plena Noite;domingo;Colisão transversal;Dupla;0;0;-27,65623359;-52,27554709;Segura;Sul;1 Trimestre
593335;2024.0;n;4.0;2024-04-11;RS;116;296;GUAIBA;Ausência de reação do condutor;Com Vítimas Feridas;3;Garoa/Chuvisco;Plena Noite;quinta-feira;Colisão transversal;Simples;0;0;-30.08861201;-51.34229993;Segura;Sul;2 Trimestre
659318;2025.0;n;2.0;2025-02-04;MG;40;766,7;JUIZ DE FORA;Reação tardia ou ineficiente do condutor;Sem Vítimas;2;Céu Claro;Plena Noite;terça-feira;Colisão com objeto;Simples;0;0;-21,5688431;-43,47868311;Segura;Sudeste;1 Trimestre
672623;2025.0;n;4.0;2025-04-09;RS;285;480,1;CORONEL BARROS;Velocidade Incompatível;Com Vítimas Feridas;2;Céu Claro;Plena Noite;quarta-feira;Tombamento;Simples;0;0;-28,37197;-54,105362;Segura;Sul;2 Trimestre
622416;2024.0;n;8.0;2024-08-19;SP;116;286,4;ITAPECERICA DA SERRA;Acessar a via sem observar a presença dos outros veículos;Com Vítimas Feridas;3;Céu Claro;Plena Noite;segunda-feira;Capotamento;Dupla;0;0;-23.70925128;-46.87588966;Segura;Sudeste;3 Trimestre
685340;2025.0;n;4.0;2025-04-16;MG;153;25;CENTRALINA;Demais falhas mecânicas ou elétricas;Com Vítimas Feridas;3;Céu Claro;Plena Noite;quarta-feira;Colisão traseira;Dupla;0;0;-18,642982;-49,177136;Segura;Sudeste;2 Trimestre
613061;2024.0;n;7.0;2024-07-08;CE;222;107;ITAPAJE;Animais na Pista;Com Vítimas Feridas;2;Céu Claro;Pleno dia;segunda-feira;Colisão traseira;Simples;0;0;-3.76154936;-39.47091565;Segura;Nordeste;3 Trimestre
606591;2024.0;n;6.0;2024-06-10;MS;376;170;NOVA ANDRADINA;Entrada inopinada do pedestre;Com Vítimas Feridas;3;Céu Claro;Plena Noite;segunda-feira;Atropelamento de Pedestre;Dupla;0;1;-22.27914519;-53.37393824;Perigosa;Centro-Oeste;2 Trimestre
617702;2024.0;n;7.0;2024-07-29;BA;324;618;SALVADOR;Entrada inopinada do pedestre;Com Vítimas Feridas;3;Céu Claro;Pleno dia;segunda-feira;Atropelamento de Pedestre;Dupla;0;1;-12.891109;-38.445374;Perigosa;Nordeste;3 Trimestre
588863;2024.0;n;3.0;2024-03-21;MT;70;233;POXOREO;Acostamento em desnível;Com Vítimas Feridas;2;Nublado;Pleno dia;quinta-feira;Tombamento;Simples;0;1;-15.63324793;-53.96682499;Perigosa;Centro-Oeste;1 Trimestre
667944;2025.0;n;3.0;2025-03-17;PR;476;198;LAPA;Reação tardia ou ineficiente do condutor;Sem Vítimas;2;Céu Claro;Plena Noite;segunda-feira;Colisão traseira;Simples;0;0;-25,76298063;-49,73680183;Segura;Sul;1 Trimestre
583645;2024.0;n;2.0;2024-02-27;SC;116;137,3;SANTA CECILIA;Ultrapassagem Indevida;Sem Vítimas;6;Chuva;Amanhecer;terça-feira;Colisão lateral mesmo sentido;Simples;0;0;-26.946361;-50.42928293;Segura;Sul;1 Trimestre
574206;2024.0;n;1.0;2024-01-12;MT;70;721;CACERES;Demais falhas mecânicas ou elétricas;Com Vítimas Feridas;2;Chuva;Pleno dia;sexta-feira;Saída de leito carroçável;Simples;0;0;-16.19990789;-57.57721185;Segura;Centro-Oeste;1 Trimestre
596585;2024.0;n;4.0;2024-04-26;RO;364;556;ALTO PARAISO;Transitar na contramão;Com Vítimas Feridas;5;Céu Claro;Pleno dia;sexta-feira;Colisão lateral sentido oposto;Simples;0;1;-9.59786298;-63.07294379;Perigosa;Norte;2 Trimestre
607219;2024.0;n;6.0;2024-06-13;RS;158;198,7;CRUZ ALTA;Demais falhas mecânicas ou elétricas;Sem Vítimas;3;Céu Claro;Anoitecer;quinta-feira;Incêndio;Simples;0;0;-28.66870493;-53.59154373;Segura;Sul;2 Trimestre
662925;2025.0;n;2.0;2025-02-22;ES;262;169,2;IBATIBA;Velocidade Incompatível;Com Vítimas Feridas;3;Garoa/Chuvisco;Pleno dia;sábado;Queda de ocupante de veículo;Simples;0;1;-20,265357;-41,57852;Perigosa;Sudeste;1 Trimestre
659328;2025.0;n;2.0;2025-02-04;MG;251;228,4;SANTA CRUZ DE SALINAS;Curva acentuada;Com Vítimas Feridas;3;Céu Claro;Plena Noite;terça-feira;Saída de leito carroçável;Simples;0;1;-15,95801106;-41,68965499;Perigosa;Sudeste;1 Trimestre
573922;2024.0;n;1.0;2024-01-06;SC;480;123,9;CHAPECO;Estacionar ou parar em local proibido;Com Vítimas Feridas;2;Céu Claro;Amanhecer;sábado;Colisão traseira;Dupla;0;1;-27.001992;-52.644768;Perigosa;Sul;1 Trimestre
611839;2024.0;n;7.0;2024-07-03;PR;376;90,7;PARANAVAI;Ausência de reação do condutor;Sem Vítimas;8;Céu Claro;Plena Noite;quarta-feira;Colisão lateral sentido oposto;Simples;0;0;-23.00236363;-52.5566649;Segura;Sul;3 Trimestre
661522;2025.0;n;2.0;2025-02-15;PE;232;32;MORENO;Manobra de mudança de faixa;Com Vítimas Feridas;6;Céu Claro;Pleno dia;sábado;Engavetamento;Dupla;0;0;-8,10541732;-35,1665671;Segura;Nordeste;1 Trimestre
610866;2024.0;n;6.0;2024-06-29;SC;101;2;GARUVA;Condutor Dormindo;Com Vítimas Feridas;3;Céu Claro;Pleno dia;sábado;Colisão com objeto;Dupla;0;0;-25.99699834;-48.87891655;Segura;Sul;2 Trimestre
624415;2024.0;n;8.0;2024-08-29;PB;101;86;JOAO PESSOA;Acessar a via sem observar a presença dos outros veículos;Com Vítimas Feridas;3;Nublado;Plena Noite;quinta-feira;Colisão traseira;Dupla;0;0;-7.15753628;-34.90663826;Segura;Nordeste;3 Trimestre
621446;2024.0;n;8.0;2024-08-15;SP;116;103,3;TAUBATE;Ingestão de álcool pelo condutor;Sem Vítimas;3;Céu Claro;Plena Noite;quinta-feira;Colisão traseira;Dupla;0;0;-22.99919465;-45.49788917;Segura;Sudeste;3 Trimestre
579307;2024.0;n;2.0;2024-02-06;PR;277;196;PALMEIRA;Reação tardia ou ineficiente do condutor;Com Vítimas Feridas;3;Céu Claro;Amanhecer;terça-feira;Saída de leito carroçável;Simples;0;0;-25.43726675;-50.16777812;Segura;Sul;1 Trimestre
628938;2024.0;n;9.0;2024-09-18;RS;386;247;SOLEDADE;Acessar a via sem observar a presença dos outros veículos;Com Vítimas Feridas;2;Céu Claro;Pleno dia;quarta-feira;Colisão transversal;Simples;0;0;-28.813179;-52.493595;Segura;Sul;3 Trimestre
660990;2025.0;n;2.0;2025-02-12;GO;158;88;PIRANHAS;Acessar a via sem observar a presença dos outros veículos;Com Vítimas Feridas;2;Céu Claro;Pleno dia;quarta-feira;Colisão lateral mesmo sentido;Simples;0;0;-16,4224458;-51,80141378;Segura;Centro-Oeste;1 Trimestre
577308;2024.0;n;1.0;2024-01-27;PR;476;267,1;SAO MATEUS DO SUL;Chuva;Com Vítimas Fatais;3;Chuva;Plena Noite;sábado;Colisão frontal;Simples;1;0;-25.891033;-50.282455;Perigosa;Sul;1 Trimestre
687887;2025.0;n;4.0;2025-04-28;PR;376;298,5;MAUA DA SERRA;Desrespeitar a preferência no cruzamento;Com Vítimas Feridas;2;Céu Claro;Pleno dia;segunda-feira;Colisão transversal;Dupla;0;0;-23,930786;-51,16943328;Segura;Sul;2 Trimestre
572670;2024.0;n;1.0;2024-01-04;MG;251;342,5;FRUTA DE LEITE;Reação tardia ou ineficiente do condutor;Com Vítimas Feridas;2;Nublado;Pleno dia;quinta-feira;Tombamento;Simples;0;0;-16.25627071;-42.49108406;Segura;Sudeste;1 Trimestre
593170;2024.0;n;4.0;2024-04-10;PR;163;145;CAPITAO LEONIDAS MARQUES;Ausência de reação do condutor;Com Vítimas Feridas;3;Céu Claro;Anoitecer;quarta-feira;Colisão transversal;Dupla;0;0;-25.460586;-53.582651;Segura;Sul;2 Trimestre
673067;2025.0;n;4.0;2025-04-11;MG;262;547;LUZ;Demais falhas mecânicas ou elétricas;Com Vítimas Feridas;1;Céu Claro;Plena Noite;sexta-feira;Queda de ocupante de veículo;Simples;0;0;-19,72666861;-45,86788059;Segura;Sudeste;2 Trimestre
585842;2024.0;n;3.0;2024-03-08;PR;476;145;CURITIBA;Pista Escorregadia;Com Vítimas Fatais;2;Chuva;Pleno dia;sexta-feira;Tombamento;Dupla;1;0;-25.5491797;-49.3247908;Perigosa;Sul;1 Trimestre
668782;2025.0;n;3.0;2025-03-22;MG;251;512,5;FRANCISCO SA;Transitar na contramão;Com Vítimas Fatais;2;Céu Claro;Pleno dia;sábado;Colisão frontal;Simples;2;0;-16,647395;-43,710057;Perigosa;Sudeste;1 Trimestre
624901;2024.0;n;8.0;2024-08-31;MG;381;492,9;BETIM;Ausência de reação do condutor;Com Vítimas Feridas;3;Céu Claro;Plena Noite;sábado;Colisão traseira;Múltipla;0;0;-19.963803;-44.16907;Segura;Sudeste;3 Trimestre
620947;2024.0;n;2.0;2024-02-07;MG;381;324;NOVA ERA;Reação tardia ou ineficiente do condutor;Com Vítimas Feridas;2;Nublado;Pleno dia;quarta-feira;Saída de leito carroçável;Simples;0;0;-19.759028;-43.028651;Segura;Sudeste;1 Trimestre
686689;2025.0;n;4.0;2025-04-22;TO;153;269;BRASILANDIA DO TOCANTINS;Transitar na contramão;Com Vítimas Feridas;3;Chuva;Pleno dia;terça-feira;Colisão frontal;Simples;0;0;-8,23382222;-48,46542388;Segura;Norte;2 Trimestre
572735;2024.0;n;1.0;2024-01-05;SC;101;114;ITAJAI;Ausência de reação do condutor;Com Vítimas Feridas;4;Céu Claro;Pleno dia;sexta-feira;Engavetamento;Múltipla;0;0;-26.86192886;-48.7286704;Segura;Sul;1 Trimestre
605094;2024.0;n;6.0;2024-06-04;MG;116;776,8;LEOPOLDINA;Ausência de reação do condutor;Com Vítimas Feridas;3;Céu Claro;Pleno dia;terça-feira;Tombamento;Simples;0;0;-21.57227131;-42.67920724;Segura;Sudeste;2 Trimestre
627668;2024.0;n;9.0;2024-09-13;PR;277;362;GUARAPUAVA;Ausência de reação do condutor;Com Vítimas Feridas;1;Céu Claro;Plena Noite;sexta-feira;Saída de leito carroçável;Simples;0;0;-25.42093219;-51.58063892;Segura;Sul;3 Trimestre
652725;2025.0;n;1.0;2025-01-02;SP;116;227;GUARULHOS;Estacionar ou parar em local proibido;Com Vítimas Feridas;2;Sol;Pleno dia;quinta-feira;Colisão traseira;Dupla;0;0;-23,49659264;-46,55648754;Segura;Sudeste;1 Trimestre
672819;2025.0;n;4.0;2025-04-10;RJ;101;393;RIO DE JANEIRO;Condutor deixou de manter distância do veículo da frente;Com Vítimas Feridas;2;Chuva;Plena Noite;quinta-feira;Colisão traseira;Dupla;0;0;-22,884415;-43,716795;Segura;Sudeste;2 Trimestre
574607;2024.0;n;1.0;2024-01-14;SP;116;22;LAVRINHAS;Velocidade Incompatível;Com Vítimas Feridas;2;Céu Claro;Amanhecer;domingo;Tombamento;Dupla;0;0;-22.58368521;-44.87772952;Segura;Sudeste;1 Trimestre
602492;2024.0;n;5.0;2024-05-23;RO;364;72;VILHENA;Reação tardia ou ineficiente do condutor;Com Vítimas Feridas;2;Céu Claro;Pleno dia;quinta-feira;Tombamento;Simples;0;1;-12.45355287;-60.51023987;Perigosa;Norte;2 Trimestre
580502;2024.0;n;1.0;2024-01-12;ES;101;239;FUNDAO;Pedestre cruzava a pista fora da faixa;Com Vítimas Feridas;4;Céu Claro;Anoitecer;sexta-feira;Atropelamento de Pedestre;Simples;0;0;-20.00782494;-40.40790907;Segura;Sudeste;1 Trimestre
591180;2024.0;n;4.0;2024-04-01;SC;470;118;IBIRAMA;Reação tardia ou ineficiente do condutor;Com Vítimas Feridas;5;Céu Claro;Pleno dia;segunda-feira;Colisão transversal;Simples;0;0;-27.082176;-49.511818;Segura;Sul;2 Trimestre
583348;2024.0;n;2.0;2024-02-26;MG;381;495;BETIM;Reação tardia ou ineficiente do condutor;Com Vítimas Feridas;5;Céu Claro;Plena Noite;segunda-feira;Colisão lateral mesmo sentido;Múltipla;0;0;-19.98722309;-44.17533875;Segura;Sudeste;1 Trimestre
686589;2025.0;y;4.0;2025-04-21;PB;230;516;CAJAZEIRAS;Ausência de reação do condutor;Com Vítimas Fatais;2;Céu Claro;Plena Noite;segunda-feira;Atropelamento de Pedestre;Simples;1;0;-6,874217;-38,6416;Perigosa;Nordeste;2 Trimestre
602168;2024.0;n;5.0;2024-05-22;GO;60;73,3;ABADIANIA;Restrição de visibilidade em curvas horizontais;Com Vítimas Feridas;15;Céu Claro;Pleno dia;quarta-feira;Colisão traseira;Dupla;0;0;-16.2759;-48.7774;Segura;Centro-Oeste;2 Trimestre
598021;2024.0;n;5.0;2024-05-03;PR;163;143;CAPITAO LEONIDAS MARQUES;Chuva;Sem Vítimas;1;Chuva;Pleno dia;sexta-feira;Saída de leito carroçável;Dupla;0;0;-25.47546601;-53.58833898;Segura;Sul;2 Trimestre
667585;2025.0;n;3.0;2025-03-16;CE;304;54,9;ARACATI;Ultrapassagem Indevida;Com Vítimas Feridas;3;Chuva;Pleno dia;domingo;Colisão traseira;Dupla;0;0;-4,5790708;-37,7310664;Segura;Nordeste;1 Trimestre
665624;2025.0;n;3.0;2025-03-07;RJ;116;64;TERESOPOLIS;Acumulo de areia ou detritos sobre o pavimento;Com Vítimas Fatais;3;Céu Claro;Plena Noite;sexta-feira;Saída de leito carroçável;Simples;1;0;-22,26330652;-42,92388912;Perigosa;Sudeste;1 Trimestre
590488;2024.0;y;3.0;2024-03-29;SC;101;10,1;GARUVA;Condutor deixou de manter distância do veículo da frente;Com Vítimas Feridas;3;Nublado;Pleno dia;sexta-feira;Colisão traseira;Dupla;0;0;-26.063011;-48.86020605;Segura;Sul;1 Trimestre
607056;2024.0;n;6.0;2024-06-12;MA;316;579,4;CAXIAS;Transtornos Mentais (exceto suicidio);Com Vítimas Feridas;5;Sol;Pleno dia;quarta-feira;Queda de ocupante de veículo;Simples;0;1;-4.957611;-43.128502;Perigosa;Nordeste;2 Trimestre
656452;2025.0;n;1.0;2025-01-21;PB;230;257,8;JUNCO DO SERIDO;Condutor deixou de manter distância do veículo da frente;Com Vítimas Feridas;5;Nublado;Pleno dia;terça-feira;Colisão traseira;Simples;0;3;-7,0114;-36,6808;Perigosa;Nordeste;1 Trimestre
600173;2024.0;n;5.0;2024-05-13;MG;50;36;ARAGUARI;Falta de acostamento;Com Vítimas Feridas;2;Céu Claro;Amanhecer;segunda-feira;Colisão lateral mesmo sentido;Dupla;0;1;-18.65453092;-48.14727203;Perigosa;Sudeste;2 Trimestre
688063;2025.0;n;4.0;2025-04-29;SE;101;49;JAPARATUBA;Velocidade Incompatível;Com Vítimas Feridas;1;Céu Claro;Pleno dia;terça-feira;Tombamento;Dupla;0;0;-10,59509305;-36,97512335;Segura;Nordeste;2 Trimestre
573136;2024.0;n;1.0;2024-01-07;MG;381;864,5;POUSO ALEGRE;Condutor Dormindo;Com Vítimas Feridas;2;Céu Claro;Pleno dia;domingo;Colisão traseira;Dupla;0;0;-22.38483528;-45.95062148;Segura;Sudeste;1 Trimestre
585680;2024.0;n;1.0;2024-01-18;SC;116;251,9;LAGES;Reação tardia ou ineficiente do condutor;Com Vítimas Feridas;3;Chuva;Pleno dia;quinta-feira;Colisão lateral sentido oposto;Simples;0;0;-27.8494545;-50.38042545;Segura;Sul;1 Trimestre
688100;2025.0;n;4.0;2025-04-29;AL;101;149,2;JEQUIA DA PRAIA;Velocidade Incompatível;Com Vítimas Fatais;2;Céu Claro;Pleno dia;terça-feira;Capotamento;Dupla;1;0;-9,88971644;-36,13493443;Perigosa;Nordeste;2 Trimestre
653568;2025.0;n;1.0;2025-01-06;SC;101;375,3;ICARA;Manobra de mudança de faixa;Com Vítimas Feridas;3;Céu Claro;Anoitecer;segunda-feira;Colisão lateral mesmo sentido;Múltipla;0;0;-28,72014713;-49,23508784;Segura;Sul;1 Trimestre
628927;2024.0;n;9.0;2024-09-18;PI;316;414,9;MARCOLANDIA;Condutor deixou de manter distância do veículo da frente;Com Vítimas Feridas;3;Sol;Pleno dia;quarta-feira;Colisão traseira;Simples;0;0;-7.42805464;-40.6903324;Segura;Nordeste;3 Trimestre
624560;2024.0;n;8.0;2024-08-30;MG;262;365;JUATUBA;Demais falhas mecânicas ou elétricas;Sem Vítimas;1;Céu Claro;Pleno dia;sexta-feira;Incêndio;Dupla;0;0;-19.97856934;-44.25336717;Segura;Sudeste;3 Trimestre
582775;2024.0;n;2.0;2024-02-23;ES;262;170;IBATIBA;Velocidade Incompatível;Sem Vítimas;1;Chuva;Amanhecer;sexta-feira;Saída de leito carroçável;Simples;0;0;-20.2647513;-41.58453796;Segura;Sudeste;1 Trimestre
585069;2024.0;n;3.0;2024-03-04;GO;60;427;RIO VERDE;Reação tardia ou ineficiente do condutor;Sem Vítimas;2;Nublado;Plena Noite;segunda-feira;Saída de leito carroçável;Dupla;0;0;-17.8186;-51.3027;Segura;Centro-Oeste;1 Trimestre
610230;2024.0;n;6.0;2024-06-26;MG;40;632,5;CONSELHEIRO LAFAIETE;Pedestre andava na pista;Com Vítimas Feridas;2;Céu Claro;Plena Noite;quarta-feira;Atropelamento de Pedestre;Simples;0;1;-20.68121518;-43.7943067;Perigosa;Sudeste;2 Trimestre
580928;2024.0;n;2.0;2024-02-13;MG;459;65,9;IPUIUNA;Velocidade Incompatível;Com Vítimas Feridas;1;Chuva;Pleno dia;terça-feira;Saída de leito carroçável;Simples;0;0;-22.109483;-46.178992;Segura;Sudeste;1 Trimestre
662957;2025.0;n;2.0;2025-02-22;MT;364;524;COMODORO;Mal súbito do condutor;Com Vítimas Feridas;5;Céu Claro;Pleno dia;sábado;Colisão lateral sentido oposto;Simples;0;1;-13,35257318;-59,87003167;Perigosa;Centro-Oeste;1 Trimestre
629851;2024.0;n;9.0;2024-09-22;PI;316;9,2;TERESINA;Transitar no Acostamento;Sem Vítimas;4;Sol;Pleno dia;domingo;Colisão lateral mesmo sentido;Múltipla;0;0;-5.17381686;-42.76624952;Segura;Nordeste;3 Trimestre
585269;2024.0;n;3.0;2024-03-06;PA;163;607;TRAIRAO;Reação tardia ou ineficiente do condutor;Com Vítimas Feridas;4;Céu Claro;Plena Noite;quarta-feira;Tombamento;Simples;0;0;-4.78803625;-56.11969281;Segura;Norte;1 Trimestre
585941;2024.0;n;3.0;2024-03-08;SC;282;147,8;BOM RETIRO;Condutor deixou de manter distância do veículo da frente;Com Vítimas Feridas;7;Chuva;Pleno dia;sexta-feira;Colisão traseira;Simples;0;0;-27.788177;-49.641987;Segura;Sul;1 Trimestre
611121;2024.0;n;6.0;2024-06-30;MT;163;827;SINOP;Ausência de reação do condutor;Sem Vítimas;4;Céu Claro;Pleno dia;domingo;Colisão lateral mesmo sentido;Simples;0;0;-11.929214;-55.513011;Segura;Centro-Oeste;2 Trimestre
664018;2025.0;n;2.0;2025-02-27;SP;116;545;BARRA DO TURVO;Reação tardia ou ineficiente do condutor;Com Vítimas Feridas;2;Céu Claro;Pleno dia;quinta-feira;Tombamento;Simples;0;0;-24,95016699;-48,42400302;Segura;Sudeste;1 Trimestre
593608;2024.0;n;4.0;2024-04-12;MS;60;421,8;SIDROLANDIA;Mal súbito do condutor;Com Vítimas Feridas;2;Céu Claro;Plena Noite;sexta-feira;Colisão lateral sentido oposto;Simples;0;1;-20.905735;-54.940905;Perigosa;Centro-Oeste;2 Trimestre
596863;2024.0;n;4.0;2024-04-28;GO;153;354;JARAGUA;Condutor Dormindo;Com Vítimas Fatais;1;Céu Claro;Plena Noite;domingo;Saída de leito carroçável;Simples;1;0;-15.699119;-49.334465;Perigosa;Centro-Oeste;2 Trimestre
597403;2024.0;n;4.0;2024-04-07;SC;282;615;MARAVILHA;Condutor Dormindo;Com Vítimas Feridas;3;Céu Claro;Plena Noite;domingo;Colisão frontal;Simples;0;0;-26.774349;-53.271767;Segura;Sul;2 Trimestre
655789;2025.0;n;1.0;2025-01-17;MG;381;403,5;BOM JESUS DO AMPARO;Demais falhas mecânicas ou elétricas;Com Vítimas Feridas;1;Nublado;Plena Noite;sexta-feira;Tombamento;Dupla;0;0;-19,75137942;-43,53638096;Segura;Sudeste;1 Trimestre
606508;2024.0;n;6.0;2024-06-10;MG;381;478;CONTAGEM;Reação tardia ou ineficiente do condutor;Sem Vítimas;4;Céu Claro;Pleno dia;segunda-feira;Engavetamento;Dupla;0;0;-19.95826094;-44.05921101;Segura;Sudeste;2 Trimestre
685729;2025.0;y;4.0;2025-04-18;SC;280;303,3;PORTO UNIAO;Transitar na contramão;Com Vítimas Feridas;2;Nublado;Plena Noite;sexta-feira;Colisão frontal;Simples;0;0;-26,278609;-51,052613;Segura;Sul;2 Trimestre
625158;2024.0;n;9.0;2024-09-01;BA;242;764;BARREIRAS;Reação tardia ou ineficiente do condutor;Com Vítimas Feridas;3;Céu Claro;Plena Noite;domingo;Tombamento;Simples;0;1;-12.16559035;-44.56501313;Perigosa;Nordeste;3 Trimestre
587857;2024.0;n;3.0;2024-03-17;SP;459;2,5;PIQUETE;Reação tardia ou ineficiente do condutor;Com Vítimas Feridas;2;Céu Claro;Pleno dia;domingo;Colisão com objeto;Simples;0;0;-22.568756;-45.21368;Segura;Sudeste;1 Trimestre
608029;2024.0;n;6.0;2024-06-16;PR;376;189;MARINGA;Trafegar com motocicleta (ou similar) entre as faixas;Com Vítimas Feridas;2;Céu Claro;Plena Noite;domingo;Colisão lateral mesmo sentido;Múltipla;0;0;-23.4174;-51.91827;Segura;Sul;2 Trimestre
687260;2025.0;n;4.0;2025-04-17;RO;364;162,7;PIMENTA BUENO;Reação tardia ou ineficiente do condutor;Com Vítimas Feridas;6;Céu Claro;Pleno dia;quinta-feira;Colisão lateral sentido oposto;Simples;0;0;-11,899675;-60,977777;Segura;Norte;2 Trimestre
628630;2024.0;n;9.0;2024-09-16;RS;116;64,2;CAMPESTRE DA SERRA;Reação tardia ou ineficiente do condutor;Com Vítimas Feridas;3;Céu Claro;Anoitecer;segunda-feira;Tombamento;Simples;0;0;-28.67070899;-51.06396104;Segura;Sul;3 Trimestre
609102;2024.0;n;6.0;2024-06-21;MA;10;250,2;IMPERATRIZ;Manobra de mudança de faixa;Sem Vítimas;2;Céu Claro;Plena Noite;sexta-feira;Colisão traseira;Simples;0;0;-5.550874;-47.459305;Segura;Nordeste;2 Trimestre
606704;2024.0;n;6.0;2024-06-11;BA;324;535;CONCEICAO DO JACUIPE;Condutor deixou de manter distância do veículo da frente;Com Vítimas Feridas;6;Céu Claro;Pleno dia;terça-feira;Colisão traseira;Dupla;0;0;-12.35775097;-38.82802597;Segura;Nordeste;2 Trimestre
591907;2024.0;n;4.0;2024-04-05;ES;101;15,7;SERRA;Reação tardia ou ineficiente do condutor;Sem Vítimas;1;Céu Claro;Pleno dia;sexta-feira;Colisão com objeto;Dupla;0;0;-20.129093;-40.308125;Segura;Sudeste;2 Trimestre
615719;2024.0;n;7.0;2024-07-20;CE;116;415,3;IPAUMIRIM;Transitar na contramão;Com Vítimas Fatais;4;Céu Claro;Pleno dia;sábado;Colisão frontal;Simples;1;0;-6.741557;-38.792576;Perigosa;Nordeste;3 Trimestre
617774;2024.0;n;7.0;2024-07-29;PB;101;90,9;JOAO PESSOA;Ausência de reação do condutor;Com Vítimas Feridas;2;Céu Claro;Plena Noite;segunda-feira;Colisão traseira;Dupla;0;1;-7.19026525;-34.90360254;Perigosa;Nordeste;3 Trimestre
596384;2024.0;n;4.0;2024-04-26;SC;282;639,8;DESCANSO;Transitar na contramão;Sem Vítimas;3;Céu Claro;Plena Noite;sexta-feira;Colisão frontal;Simples;0;0;-26.793066;-53.451859;Segura;Sul;2 Trimestre
609445;2024.0;n;6.0;2024-06-23;MG;40;440,8;PARAOPEBA;Reação tardia ou ineficiente do condutor;Com Vítimas Feridas;2;Sol;Pleno dia;domingo;Colisão traseira;Dupla;0;1;-19.23100428;-44.43562244;Perigosa;Sudeste;2 Trimestre
601222;2024.0;n;5.0;2024-05-18;CE;116;33;AQUIRAZ;Manobra de mudança de faixa;Sem Vítimas;3;Céu Claro;Plena Noite;sábado;Colisão com objeto;Dupla;0;0;-4.03469893;-38.51047275;Segura;Nordeste;2 Trimestre
672679;2025.0;n;4.0;2025-04-10;PR;163;274;QUATRO PONTES;Velocidade Incompatível;Com Vítimas Feridas;1;Céu Claro;Amanhecer;quinta-feira;Tombamento;Dupla;0;0;-24,58711778;-53,98131587;Segura;Sul;2 Trimestre
573400;2024.0;n;1.0;2024-01-08;MT;163;653;LUCAS DO RIO VERDE;Ultrapassagem Indevida;Com Vítimas Feridas;6;Chuva;Pleno dia;segunda-feira;Colisão traseira;Simples;0;0;-13.357991;-56.063093;Segura;Centro-Oeste;1 Trimestre
572379;2024.0;n;1.0;2024-01-03;MG;116;766,8;LEOPOLDINA;Ultrapassagem Indevida;Com Vítimas Feridas;2;Chuva;Pleno dia;quarta-feira;Colisão transversal;Simples;0;1;-21.5271992;-42.65302264;Perigosa;Sudeste;1 Trimestre
596064;2024.0;n;4.0;2024-04-24;RJ;393;207;VASSOURAS;Ultrapassagem Indevida;Com Vítimas Feridas;4;Sol;Pleno dia;quarta-feira;Colisão lateral mesmo sentido;Simples;0;0;-22.27409599;-43.46159297;Segura;Sudeste;2 Trimestre
585198;2024.0;n;3.0;2024-03-05;BA;116;640;JAGUAQUARA;Ultrapassagem Indevida;Com Vítimas Feridas;7;Céu Claro;Pleno dia;terça-feira;Colisão lateral sentido oposto;Simples;0;1;-13.53126279;-40.06433648;Perigosa;Nordeste;1 Trimestre