id;ano;feriado;mes;data_inversa;uf;br;km;municipio;causa_acidente;classificacao_acidente;veiculos;condicao_metereologica;fase_dia;dia_semana;tipo_acidente;tipo_pista;mortos;feridos_graves;latitude;longitude;status;regiao;periodo
590272;2024.0;n;3.0;2024-03-28;MG;262;368,1;JUATUBA;Reação tardia ou ineficiente do condutor;Com Vítimas Feridas;2;Nublado;Pleno dia;quinta-feira;Colisão traseira;Dupla;0;0;-19.96538448;-44.33379991;Segura;Sudeste;1 Trimestre
596885;2024.0;n;4.0;2024-04-27;MA;316;614;TIMON;Suicídio (presumido);Com Vítimas Fatais;3;Céu Claro;Pleno dia;sábado;Atropelamento de Pedestre;Simples;1;0;-5.079532;-42.842918;Perigosa;Nordeste;2 Trimestre
582470;2024.0;n;2.0;2024-02-21;SC;282;327;CAMPOS NOVOS;Reação tardia ou ineficiente do condutor;Com Vítimas Feridas;2;Céu Claro;Pleno dia;quarta-feira;Tombamento;Simples;0;1;-27.37542586;-51.06616974;Perigosa;Sul;1 Trimestre
656846;2025.0;n;1.0;2025-01-23;RJ;116;304,8;PORTO REAL;Reação tardia ou ineficiente do condutor;Com Vítimas Feridas;7;Nublado;Pleno dia;quinta-feira;Engavetamento;Dupla;0;0;-22,45478167;-44,38316833;Segura;Sudeste;1 Trimestre
585311;2024.0;n;3.0;2024-03-06;MG;365;614,5;UBERLANDIA;Ausência de reação do condutor;Com Vítimas Feridas;4;Céu Claro;Pleno dia;quarta-feira;Colisão traseira;Simples;0;0;-18.91230535;-48.21965933;Segura;Sudeste;1 Trimestre
615877;2024.0;n;7.0;2024-07-21;MG;381;615,8;OLIVEIRA;Reação tardia ou ineficiente do condutor;Com Vítimas Feridas;2;Céu Claro;Pleno dia;domingo;Tombamento;Dupla;0;0;-20.71983365;-44.76616859;Segura;Sudeste;3 Trimestre
628922;2024.0;n;9.0;2024-09-18;DF;70;6;BRASILIA;Ausência de sinalização;Com Vítimas Feridas;2;Céu Claro;Pleno dia;quarta-feira;Colisão frontal;Dupla;0;1;-15.791242;-48.105759;Perigosa;Centro-Oeste;3 Trimestre
575756;2024.0;n;1.0;2024-01-15;MG;381;450;SABARA;Demais falhas mecânicas ou elétricas;Sem Vítimas;1;Céu Claro;Plena Noite;segunda-feira;Tombamento;Simples;0;0;-19.84130639;-43.87176902;Segura;Sudeste;1 Trimestre
622427;2024.0;n;8.0;2024-08-20;MG;40;361,1;FELIXLANDIA;Acessar a via sem observar a presença dos outros veículos;Com Vítimas Fatais;6;Céu Claro;Plena Noite;terça-feira;Colisão transversal;Simples;1;0;-18.75430128;-44.84767628;Perigosa;Sudeste;3 Trimestre
588143;2024.0;n;3.0;2024-03-18;SC;282;427,8;VARGEM BONITA;Ausência de reação do condutor;Com Vítimas Feridas;3;Céu Claro;Pleno dia;segunda-feira;Saída de leito carroçável;Simples;0;1;-26.975946;-51.771011;Perigosa;Sul;1 Trimestre
661027;2025.0;n;2.0;2025-02-13;PR;116;82;PIRAQUARA;Reação tardia ou ineficiente do condutor;Com Vítimas Feridas;2;Céu Claro;Plena Noite;quinta-feira;Saída de leito carroçável;Dupla;0;0;-25,41529716;-49,0678198;Segura;Sul;1 Trimestre
604211;2024.0;n;5.0;2024-05-31;PE;232;68;GRAVATA;Demais falhas mecânicas ou elétricas;Sem Vítimas;1;Nublado;Pleno dia;sexta-feira;Incêndio;Dupla;0;0;-8.16728938;-35.47308397;Segura;Nordeste;2 Trimestre
607066;2024.0;n;6.0;2024-06-12;MG;381;250,7;IPATINGA;Condutor Dormindo;Com Vítimas Feridas;2;Céu Claro;Anoitecer;quarta-feira;Colisão lateral sentido oposto;Simples;0;0;-19.48378419;-42.55378491;Segura;Sudeste;2 Trimestre
664925;2025.0;n;3.0;2025-03-03;SC;101;64;BARRA VELHA;Ausência de reação do condutor;Com Vítimas Feridas;3;Céu Claro;Pleno dia;segunda-feira;Colisão lateral mesmo sentido;Dupla;0;0;-26,6207232;-48,726016;Segura;Sul;1 Trimestre
673109;2025.0;n;4.0;2025-04-12;BA;116;414;FEIRA DE SANTANA;Ingestão de álcool pelo condutor;Com Vítimas Feridas;3;Garoa/Chuvisco;Amanhecer;sábado;Colisão transversal;Dupla;0;0;-12,153243;-38,964882;Segura;Nordeste;2 Trimestre
621403;2024.0;n;8.0;2024-08-15;MG;40;612;CONGONHAS;Entrada inopinada do pedestre;Com Vítimas Feridas;3;Céu Claro;Plena Noite;quinta-feira;Atropelamento de Pedestre;Simples;0;1;-20.51778098;-43.83603641;Perigosa;Sudeste;3 Trimestre
672776;2025.0;n;4.0;2025-04-10;MA;135;4;SAO LUIS;Ausência de reação do condutor;Com Vítimas Feridas;3;Céu Claro;Pleno dia;quinta-feira;Colisão traseira;Dupla;0;0;-2,62684;-44,25445;Segura;Nordeste;2 Trimestre
656121;2025.0;n;1.0;2025-01-19;PE;101;46;IGARASSU;Manobra de mudança de faixa;Sem Vítimas;2;Céu Claro;Plena Noite;domingo;Colisão lateral mesmo sentido;Múltipla;0;0;-7,87406004;-34,90588126;Segura;Nordeste;1 Trimestre
653668;2025.0;n;1.0;2025-01-07;BA;116;493;RAFAEL JAMBEIRO;Acessar a via sem observar a presença dos outros veículos;Com Vítimas Feridas;4;Céu Claro;Pleno dia;terça-feira;Colisão traseira;Dupla;0;0;-12,56115018;-39,47426391;Segura;Nordeste;1 Trimestre
586560;2024.0;n;3.0;2024-03-11;MG;381;899,4;CAMBUI;Reação tardia ou ineficiente do condutor;Com Vítimas Feridas;2;Nublado;Pleno dia;segunda-feira;Colisão traseira;Dupla;0;0;-22.65351405;-46.08907579;Segura;Sudeste;1 Trimestre
655248;2025.0;n;1.0;2025-01-15;RO;364;437,6;JARU;Reação tardia ou ineficiente do condutor;Com Vítimas Feridas;1;Chuva;Pleno dia;quarta-feira;Saída de leito carroçável;Simples;0;0;-10,368047;-62,563125;Segura;Norte;1 Trimestre
595737;2024.0;n;4.0;2024-04-22;MS;376;167,2;NOVA ANDRADINA;Ultrapassagem Indevida;Sem Vítimas;4;Sol;Pleno dia;segunda-feira;Colisão lateral mesmo sentido;Simples;0;0;-22.30964917;-53.40001881;Segura;Centro-Oeste;2 Trimestre
575912;2024.0;n;1.0;2024-01-20;RJ;356;110;CARDOSO MOREIRA;Ausência de reação do condutor;Sem Vítimas;4;Céu Claro;Pleno dia;sábado;Tombamento;Simples;0;0;-21.55895006;-41.45319306;Segura;Sudeste;1 Trimestre
592615;2024.0;n;4.0;2024-04-08;BA;116;791,8;PLANALTO;Reação tardia ou ineficiente do condutor;Com Vítimas Fatais;1;Céu Claro;Pleno dia;segunda-feira;Saída de leito carroçável;Simples;1;1;-14.68084044;-40.5238199;Perigosa;Nordeste;2 Trimestre
594265;2024.0;n;4.0;2024-04-16;SP;381;76;SAO PAULO;Velocidade Incompatível;Sem Vítimas;1;Céu Claro;Plena Noite;terça-feira;Tombamento;Dupla;0;0;-23.38372401;-46.56502116;Segura;Sudeste;2 Trimestre
581335;2024.0;n;2.0;2024-02-15;MS;163;158;JUTI;Problema com o freio;Com Vítimas Feridas;3;Nublado;Pleno dia;quinta-feira;Colisão traseira;Simples;0;1;-22.92723393;-54.494378;Perigosa;Centro-Oeste;1 Trimestre
630357;2024.0;n;9.0;2024-09-25;GO;60;110;GOIANAPOLIS;Demais falhas mecânicas ou elétricas;Sem Vítimas;2;Céu Claro;Plena Noite;quarta-feira;Incêndio;Dupla;0;0;-16.45;-49.0316;Segura;Centro-Oeste;3 Trimestre
657100;2025.0;n;1.0;2025-01-24;MG;262;13,1;MARTINS SOARES;Acessar a via sem observar a presença dos outros veículos;Sem Vítimas;2;Céu Claro;Pleno dia;sexta-feira;Colisão transversal;Simples;0;0;-20,25771509;-41,86161294;Segura;Sudeste;1 Trimestre
657673;2025.0;n;1.0;2025-01-27;CE;116;494,4;MILAGRES;Acessar a via sem observar a presença dos outros veículos;Com Vítimas Feridas;3;Céu Claro;Pleno dia;segunda-feira;Colisão transversal;Simples;0;1;-7,39283437;-38,96067552;Perigosa;Nordeste;1 Trimestre
589772;2024.0;n;3.0;2024-03-26;SC;101;127,6;BALNEARIO CAMBORIU;Condutor deixou de manter distância do veículo da frente;Com Vítimas Feridas;2;Céu Claro;Plena Noite;terça-feira;Colisão traseira;Dupla;0;1;-26.9639319;-48.68328024;Perigosa;Sul;1 Trimestre
657220;2025.0;n;1.0;2025-01-25;PE;101;65,5;RECIFE;Condutor deixou de manter distância do veículo da frente;Sem Vítimas;1;Céu Claro;Pleno dia;sábado;Colisão com objeto;Dupla;0;0;-8,029612;-34,942948;Segura;Nordeste;1 Trimestre
616712;2024.0;n;6.0;2024-06-06;PR;376;190;MARIALVA;Transitar na contramão;Sem Vítimas;2;Céu Claro;Plena Noite;quinta-feira;Colisão frontal;Dupla;0;0;-23.46978108;-51.82216644;Segura;Sul;2 Trimestre
628729;2024.0;n;9.0;2024-09-05;SC;101;119,7;ITAJAI;Trafegar com motocicleta (ou similar) entre as faixas;Com Vítimas Feridas;5;Céu Claro;Pleno dia;quinta-feira;Colisão traseira;Dupla;0;0;-26.9043179;-48.71555481;Segura;Sul;3 Trimestre
616778;2024.0;n;7.0;2024-07-25;ES;101;270;SERRA;Ausência de reação do condutor;Com Vítimas Feridas;3;Céu Claro;Pleno dia;quinta-feira;Colisão lateral mesmo sentido;Dupla;0;0;-20.22662056;-40.27075088;Segura;Sudeste;3 Trimestre
596020;2024.0;n;4.0;2024-04-24;SP;116;142;SAO JOSE DOS CAMPOS;Reação tardia ou ineficiente do condutor;Com Vítimas Feridas;3;Céu Claro;Pleno dia;quarta-feira;Colisão lateral mesmo sentido;Dupla;0;1;-23.17426078;-45.82940111;Perigosa;Sudeste;2 Trimestre
620591;2024.0;n;8.0;2024-08-11;PA;163;618;TRAIRAO;Manobra de mudança de faixa;Com Vítimas Fatais;7;Chuva;Pleno dia;domingo;Colisão frontal;Dupla;1;4;-4.73343252;-56.04523015;Perigosa;Norte;3 Trimestre
623660;2024.0;n;8.0;2024-08-26;SP;116;510;CAJATI;Reação tardia ou ineficiente do condutor;Com Vítimas Feridas;2;Nublado;Plena Noite;segunda-feira;Tombamento;Simples;0;1;-24.82768986;-48.21855823;Perigosa;Sudeste;3 Trimestre
626265;2024.0;n;9.0;2024-09-06;RJ;101;159;MACAE;Condutor Dormindo;Com Vítimas Feridas;1;Céu Claro;Plena Noite;sexta-feira;Saída de leito carroçável;Simples;0;1;-22.27732291;-41.87226924;Perigosa;Sudeste;3 Trimestre
608987;2024.0;n;6.0;2024-06-21;MG;40;569;NOVA LIMA;Condutor deixou de manter distância do veículo da frente;Com Vítimas Feridas;3;Céu Claro;Pleno dia;sexta-feira;Colisão traseira;Simples;0;0;-20.20394093;-43.97409456;Segura;Sudeste;2 Trimestre
584449;2024.0;n;3.0;2024-03-02;GO;153;622;MORRINHOS;Demais falhas mecânicas ou elétricas;Com Vítimas Feridas;2;Nublado;Pleno dia;sábado;Saída de leito carroçável;Dupla;0;0;-17.7397;-49.1575;Segura;Centro-Oeste;1 Trimestre
622622;2024.0;n;8.0;2024-08-21;PE;101;73;RECIFE;Demais falhas mecânicas ou elétricas;Sem Vítimas;2;Sol;Pleno dia;quarta-feira;Incêndio;Dupla;0;0;-8.093369;-34.947464;Segura;Nordeste;3 Trimestre
653528;2025.0;n;1.0;2025-01-06;ES;101;173,8;ARACRUZ;Transitar na contramão;Com Vítimas Feridas;3;Nublado;Pleno dia;segunda-feira;Colisão frontal;Simples;0;1;-19,57221883;-40,18397327;Perigosa;Sudeste;1 Trimestre
662035;2025.0;n;2.0;2025-02-17;ES;262;89,7;DOMINGOS MARTINS;Transitar na contramão;Com Vítimas Fatais;3;Céu Claro;Pleno dia;segunda-feira;Colisão frontal;Simples;1;0;-20,38725617;-41,01746327;Perigosa;Sudeste;1 Trimestre
665385;2025.0;n;3.0;2025-03-05;BA;101;425;MARAU;Ultrapassagem Indevida;Com Vítimas Feridas;3;Céu Claro;Pleno dia;quarta-feira;Colisão lateral mesmo sentido;Simples;0;1;-14,151617;-39,344016;Perigosa;Nordeste;1 Trimestre
622513;2024.0;n;8.0;2024-08-10;SC;470;242;CURITIBANOS;Reação tardia ou ineficiente do condutor;Sem Vítimas;4;Céu Claro;Pleno dia;sábado;Colisão frontal;Simples;0;0;-27.311794;-50.498703;Segura;Sul;3 Trimestre
581299;2024.0;n;2.0;2024-02-15;SC;101;94,5;BARRA VELHA;Desrespeitar a preferência no cruzamento;Com Vítimas Feridas;3;Céu Claro;Pleno dia;quinta-feira;Colisão transversal;Simples;0;1;-26.69940401;-48.69902784;Perigosa;Sul;1 Trimestre
685863;2025.0;n;4.0;2025-04-19;RJ;116;282,8;BARRA MANSA;Pedestre andava na pista;Com Vítimas Feridas;3;Nublado;Plena Noite;sábado;Atropelamento de Pedestre;Dupla;0;1;-22,52541606;-44,19903396;Perigosa;Sudeste;2 Trimestre
606307;2024.0;n;6.0;2024-06-09;PR;376;390,9;IMBAU;Reação tardia ou ineficiente do condutor;Com Vítimas Fatais;3;Céu Claro;Pleno dia;domingo;Tombamento;Dupla;1;0;-24.483387;-50.734532;Perigosa;Sul;2 Trimestre
578902;2024.0;n;2.0;2024-02-04;PA;230;1126;ITAITUBA;Ingestão de álcool pelo condutor;Sem Vítimas;2;Céu Claro;Plena Noite;domingo;Colisão lateral sentido oposto;Simples;0;0;-4.31664891;-55.95736027;Segura;Norte;1 Trimestre
605004;2024.0;n;6.0;2024-06-03;PB;412;17;BOA VISTA;Ausência de sinalização;Sem Vítimas;1;Chuva;Pleno dia;segunda-feira;Colisão com objeto;Simples;0;0;-7.249509;-36.219105;Segura;Nordeste;2 Trimestre
579500;2024.0;n;2.0;2024-02-07;GO;60;31,4;ALEXANIA;Demais falhas mecânicas ou elétricas;Sem Vítimas;1;Céu Claro;Plena Noite;quarta-feira;Incêndio;Dupla;0;0;-16.0963;-48.5202;Segura;Centro-Oeste;1 Trimestre
673687;2025.0;n;4.0;2025-04-14;PA;155;329;MARABA;Reação tardia ou ineficiente do condutor;Com Vítimas Feridas;3;Céu Claro;Pleno dia;segunda-feira;Colisão transversal;Simples;0;1;-5,374508;-49,077132;Perigosa;Norte;2 Trimestre
592177;2024.0;n;4.0;2024-04-06;BA;101;85;ALAGOINHAS;Ultrapassagem Indevida;Com Vítimas Feridas;2;Chuva;Pleno dia;sábado;Colisão lateral mesmo sentido;Simples;0;0;-12.04992327;-38.30765953;Segura;Nordeste;2 Trimestre
664427;2025.0;n;2.0;2025-02-28;RJ;116;25;SAPUCAIA;Condutor usando celular;Com Vítimas Feridas;2;Sol;Pleno dia;sexta-feira;Colisão transversal;Simples;0;0;-22,03492126;-42,77958155;Segura;Sudeste;1 Trimestre
573559;2024.0;n;1.0;2024-01-09;SP;381;25;BRAGANCA PAULISTA;Ausência de reação do condutor;Com Vítimas Feridas;5;Céu Claro;Pleno dia;terça-feira;Engavetamento;Dupla;0;0;-23.02018004;-46.52966596;Segura;Sudeste;1 Trimestre
602519;2024.0;n;5.0;2024-05-23;PR;376;175;MARINGA;Manobra de mudança de faixa;Com Vítimas Feridas;3;Céu Claro;Plena Noite;quinta-feira;Colisão lateral mesmo sentido;Dupla;0;0;-23.4113569;-51.9407767;Segura;Sul;2 Trimestre
654021;2025.0;n;1.0;2025-01-09;PR;163;259;TOLEDO;Ausência de reação do condutor;Sem Vítimas;1;Céu Claro;Pleno dia;quinta-feira;Saída de leito carroçável;Dupla;0;0;-24,66605672;-53,81069279;Segura;Sul;1 Trimestre
652769;2025.0;n;1.0;2025-01-02;SP;116;102,5;PINDAMONHANGABA;Ausência de reação do condutor;Com Vítimas Feridas;3;Sol;Pleno dia;quinta-feira;Engavetamento;Dupla;0;0;-22,99497994;-45,48951403;Segura;Sudeste;1 Trimestre
671484;2025.0;n;4.0;2025-04-04;MG;40;572,9;ITABIRITO;Reação tardia ou ineficiente do condutor;Com Vítimas Feridas;2;Chuva;Pleno dia;sexta-feira;Colisão traseira;Simples;0;1;-20,25453527;-43,96169737;Perigosa;Sudeste;2 Trimestre
587395;2024.0;n;3.0;2024-03-15;MT;364;605;DIAMANTINO;Problema na suspensão;Com Vítimas Feridas;3;Céu Claro;Pleno dia;sexta-feira;Tombamento;Simples;0;0;-14.4194;-56.3052;Segura;Centro-Oeste;1 Trimestre
627361;2024.0;n;9.0;2024-09-11;PR;277;3,8;PARANAGUA;Condutor deixou de manter distância do veículo da frente;Com Vítimas Feridas;6;Sol;Pleno dia;quarta-feira;Colisão traseira;Simples;0;0;-25.548331;-48.560745;Segura;Sul;3 Trimestre
588816;2024.0;n;3.0;2024-03-21;PR;476;177,2;CONTENDA;Desrespeitar a preferência no cruzamento;Com Vítimas Feridas;2;Chuva;Pleno dia;quinta-feira;Colisão transversal;Simples;0;1;-25.696129;-49.563389;Perigosa;Sul;1 Trimestre
586952;2024.0;n;3.0;2024-03-13;MG;262;431,7;SAO GONCALO DO PARA;Reação tardia ou ineficiente do condutor;Com Vítimas Feridas;2;Céu Claro;Pleno dia;quarta-feira;Tombamento;Dupla;0;1;-19.89164437;-44.81493401;Perigosa;Sudeste;1 Trimestre
620079;2024.0;n;8.0;2024-08-09;SC;470;135,7;RIO DO SUL;Ausência de reação do condutor;Com Vítimas Feridas;3;Céu Claro;Pleno dia;sexta-feira;Colisão transversal;Simples;0;1;-27.1831023;-49.60198402;Perigosa;Sul;3 Trimestre
583101;2024.0;n;2.0;2024-02-24;ES;101;133;LINHARES;Ultrapassagem Indevida;Sem Vítimas;5;Céu Claro;Plena Noite;sábado;Colisão lateral sentido oposto;Simples;0;0;-19.25700702;-40.08983616;Segura;Sudeste;1 Trimestre
671815;2025.0;n;4.0;2025-04-05;SC;163;76,5;SAO MIGUEL DO OESTE;Ingestão de álcool pelo condutor;Sem Vítimas;2;Céu Claro;Plena Noite;sábado;Saída de leito carroçável;Simples;0;0;-26,67991376;-53,51502331;Segura;Sul;2 Trimestre
595236;2024.0;n;4.0;2024-04-20;MS;262;265;RIBAS DO RIO PARDO;Avarias e/ou desgaste excessivo no pneu;Com Vítimas Feridas;2;Céu Claro;Pleno dia;sábado;Colisão frontal;Simples;0;1;-20.4299829;-53.97832505;Perigosa;Centro-Oeste;2 Trimestre
584425;2024.0;n;3.0;2024-03-02;MA;135;5;SAO LUIS;Reação tardia ou ineficiente do condutor;Com Vítimas Feridas;2;Nublado;Pleno dia;sábado;Colisão lateral mesmo sentido;Dupla;0;2;-2.62145385;-44.25797421;Perigosa;Nordeste;1 Trimestre
666532;2025.0;n;3.0;2025-03-11;BA;242;804;BARREIRAS;Chuva;Com Vítimas Feridas;6;Chuva;Pleno dia;terça-feira;Colisão frontal;Simples;0;0;-12,15665564;-44,88128632;Segura;Nordeste;1 Trimestre
687815;2025.0;n;4.0;2025-04-28;BA;116;832,5;VITORIA DA CONQUISTA;Desrespeitar a preferência no cruzamento;Sem Vítimas;3;Sol;Pleno dia;segunda-feira;Colisão transversal;Simples;0;0;-14,92944275;-40,88643551;Segura;Nordeste;2 Trimestre
668878;2025.0;n;3.0;2025-03-22;AL;101;58,6;MESSIAS;Velocidade Incompatível;Sem Vítimas;2;Céu Claro;Pleno dia;sábado;Tombamento;Dupla;0;0;-9,34541494;-35,83431244;Segura;Nordeste;1 Trimestre
623762;2024.0;n;8.0;2024-08-06;PR;469;13;FOZ DO IGUACU;Manobra de mudança de faixa;Com Vítimas Feridas;2;Céu Claro;Pleno dia;terça-feira;Colisão lateral mesmo sentido;Simples;0;0;-25.5754;-54.5489;Segura;Sul;3 Trimestre
658585;2025.0;n;2.0;2025-02-01;SC;470;49,6;BLUMENAU;Manobra de mudança de faixa;Com Vítimas Feridas;2;Céu Claro;Pleno dia;sábado;Colisão transversal;Dupla;0;1;-26,860662;-49,065159;Perigosa;Sul;1 Trimestre
599637;2024.0;n;5.0;2024-05-10;RO;364;368;OURO PRETO DO OESTE;Reação tardia ou ineficiente do condutor;Sem Vítimas;8;Céu Claro;Pleno dia;sexta-feira;Colisão traseira;Simples;0;0;-10.76480193;-62.12786798;Segura;Norte;2 Trimestre
577242;2024.0;n;1.0;2024-01-26;MT;364;341,8;SANTO ANTONIO DO LEVERGER;Reação tardia ou ineficiente do condutor;Com Vítimas Feridas;5;Céu Claro;Pleno dia;sexta-feira;Colisão transversal;Dupla;0;0;-15.831818;-55.50162;Segura;Centro-Oeste;1 Trimestre
663788;2025.0;n;2.0;2025-02-26;MG;40;481;SETE LAGOAS;Demais falhas mecânicas ou elétricas;Com Vítimas Feridas;2;Céu Claro;Pleno dia;quarta-feira;Saída de leito carroçável;Dupla;0;0;-19,54860097;-44,2460451;Segura;Sudeste;1 Trimestre
594589;2024.0;n;3.0;2024-03-09;RJ;40;113;DUQUE DE CAXIAS;Acessar a via sem observar a presença dos outros veículos;Com Vítimas Feridas;4;Céu Claro;Pleno dia;sábado;Colisão lateral mesmo sentido;Simples;0;0;-22.70948502;-43.29040354;Segura;Sudeste;1 Trimestre
621401;2024.0;n;8.0;2024-08-15;MG;262;767;UBERABA;Reação tardia ou ineficiente do condutor;Com Vítimas Fatais;5;Sol;Pleno dia;quinta-feira;Colisão lateral sentido oposto;Simples;1;0;-19.68307963;-47.66693486;Perigosa;Sudeste;3 Trimestre
617938;2024.0;n;7.0;2024-07-30;BA;407;132,6;SENHOR DO BONFIM;Avarias e/ou desgaste excessivo no pneu;Com Vítimas Feridas;1;Sol;Pleno dia;terça-feira;Tombamento;Simples;0;0;-10.50991052;-40.14902852;Segura;Nordeste;3 Trimestre
582966;2024.0;n;2.0;2024-02-23;BA;407;199,9;CALDEIRAO GRANDE;Condutor Dormindo;Com Vítimas Fatais;4;Céu Claro;Plena Noite;sexta-feira;Colisão transversal;Simples;1;0;-11.09596912;-40.07383834;Perigosa;Nordeste;1 Trimestre
572563;2024.0;n;1.0;2024-01-04;BA;418;96;NOVA VICOSA;Reação tardia ou ineficiente do condutor;Com Vítimas Feridas;3;Céu Claro;Pleno dia;quinta-feira;Colisão frontal;Simples;0;2;-17.886432;-39.87806;Perigosa;Nordeste;1 Trimestre
621390;2024.0;n;8.0;2024-08-07;PE;428;189;PETROLINA;Acessar a via sem observar a presença dos outros veículos;Sem Vítimas;2;Céu Claro;Pleno dia;quarta-feira;Colisão traseira;Dupla;0;0;-9.37197508;-40.48679585;Segura;Nordeste;3 Trimestre
587222;2024.0;n;3.0;2024-03-14;SP;116;356;MIRACATU;Velocidade Incompatível;Sem Vítimas;5;Céu Claro;Pleno dia;quinta-feira;Colisão traseira;Dupla;0;0;-24.09650594;-47.25670436;Segura;Sudeste;1 Trimestre
652831;2025.0;n;1.0;2025-01-02;MG;381;7;BETIM;Reação tardia ou ineficiente do condutor;Com Vítimas Feridas;1;Nublado;Plena Noite;quinta-feira;Saída de leito carroçável;Múltipla;0;0;-19,98790871;-44,19956446;Segura;Sudeste;1 Trimestre
669557;2025.0;n;3.0;2025-03-25;PA;10;262,1;AURORA DO PARA;Conversão proibida;Com Vítimas Feridas;2;Sol;Pleno dia;terça-feira;Colisão transversal;Simples;0;0;-2,14252114;-47,56118774;Segura;Norte;1 Trimestre
572412;2024.0;n;1.0;2024-01-03;BA;242;690;CRISTOPOLIS;Reação tardia ou ineficiente do condutor;Com Vítimas Feridas;1;Nublado;Pleno dia;quarta-feira;Saída de leito carroçável;Simples;0;1;-12.223;-44.114;Perigosa;Nordeste;1 Trimestre
578930;2024.0;n;2.0;2024-02-04;RJ;101;69;CAMPOS DOS GOYTACAZES;Suicídio (presumido);Com Vítimas Feridas;4;Céu Claro;Pleno dia;domingo;Colisão lateral sentido oposto;Simples;0;0;-21.77624383;-41.3653321;Segura;Sudeste;1 Trimestre
599501;2024.0;n;5.0;2024-05-10;CE;116;432,5;IPAUMIRIM;Transitar na contramão;Sem Vítimas;3;Céu Claro;Pleno dia;sexta-feira;Colisão lateral sentido oposto;Simples;0;0;-6.85554194;-38.73651275;Segura;Nordeste;2 Trimestre
607615;2024.0;n;6.0;2024-06-15;MT;364;617,5;DIAMANTINO;Ultrapassagem Indevida;Com Vítimas Feridas;2;Céu Claro;Amanhecer;sábado;Saída de leito carroçável;Simples;0;1;-14.39526434;-56.34747887;Perigosa;Centro-Oeste;2 Trimestre
587864;2024.0;n;3.0;2024-03-13;SC;282;514,8;XAXIM;Demais falhas mecânicas ou elétricas;Sem Vítimas;1;Nublado;Plena Noite;quarta-feira;Incêndio;Simples;0;0;-26.91970124;-52.49462843;Segura;Sul;1 Trimestre
579365;2024.0;n;2.0;2024-02-06;PB;104;130;CAMPINA GRANDE;Transitar na contramão;Sem Vítimas;2;Sol;Pleno dia;terça-feira;Colisão lateral sentido oposto;Simples;0;0;-7.29013399;-35.89029705;Segura;Nordeste;1 Trimestre
577674;2024.0;n;1.0;2024-01-28;SC;282;507;XANXERE;Ingestão de álcool pelo condutor;Sem Vítimas;3;Sol;Pleno dia;domingo;Derramamento de carga;Dupla;0;0;-26.886171;-52.43911;Segura;Sul;1 Trimestre
630484;2024.0;n;9.0;2024-09-25;PR;376;101,9;PARANAVAI;Demais falhas mecânicas ou elétricas;Sem Vítimas;2;Céu Claro;Pleno dia;quarta-feira;Derramamento de carga;Dupla;0;0;-23.04143749;-52.47358046;Segura;Sul;3 Trimestre
659753;2025.0;n;2.0;2025-02-07;SC;282;423;VARGEM BONITA;Reação tardia ou ineficiente do condutor;Com Vítimas Feridas;3;Céu Claro;Amanhecer;sexta-feira;Colisão traseira;Simples;0;0;-26,99556;-51,752289;Segura;Sul;1 Trimestre
604621;2024.0;n;6.0;2024-06-02;SC;470;247;CURITIBANOS;Reação tardia ou ineficiente do condutor;Com Vítimas Feridas;2;Céu Claro;Pleno dia;domingo;Tombamento;Simples;0;0;-27.31298511;-50.56054115;Segura;Sul;2 Trimestre
661440;2025.0;n;2.0;2025-02-15;PR;373;176;PONTA GROSSA;Manobra de mudança de faixa;Com Vítimas Fatais;2;Céu Claro;Plena Noite;sábado;Colisão lateral mesmo sentido;Dupla;1;1;-25,05794954;-50,2235055;Perigosa;Sul;1 Trimestre
588279;2024.0;n;3.0;2024-03-19;PE;232;4,2;RECIFE;Manobra de mudança de faixa;Com Vítimas Feridas;2;Céu Claro;Pleno dia;terça-feira;Colisão traseira;Dupla;0;0;-8.064473;-34.936928;Segura;Nordeste;1 Trimestre
655582;2025.0;n;1.0;2025-01-17;SC;101;193,1;BIGUACU;Acumulo de água sobre o pavimento;Sem Vítimas;1;Chuva;Pleno dia;sexta-feira;Saída de leito carroçável;Múltipla;0;0;-27,489574;-48,655914;Segura;Sul;1 Trimestre
652896;2025.0;n;1.0;2025-01-03;SC;101;67,3;ARAQUARI;Reação tardia ou ineficiente do condutor;Com Vítimas Feridas;2;Sol;Pleno dia;sexta-feira;Colisão traseira;Dupla;0;0;-26,48645;-48,73483602;Segura;Sul;1 Trimestre
667486;2025.0;n;3.0;2025-03-15;PR;376;163;MARINGA;Demais falhas mecânicas ou elétricas;Com Vítimas Feridas;5;Céu Claro;Plena Noite;sábado;Colisão com objeto;Dupla;0;2;-23,37439395;-52,05221046;Perigosa;Sul;1 Trimestre
577285;2024.0;n;1.0;2024-01-26;MG;40;515;RIBEIRAO DAS NEVES;Ausência de reação do condutor;Com Vítimas Feridas;3;Nublado;Plena Noite;sexta-feira;Colisão lateral mesmo sentido;Dupla;0;0;-19.8090079;-44.09493479;Segura;Sudeste;1 Trimestre
630221;2024.0;n;9.0;2024-09-24;RJ;393;297;BARRA MANSA;Velocidade Incompatível;Com Vítimas Feridas;2;Céu Claro;Pleno dia;terça-feira;Colisão traseira;Simples;0;0;-22.5337622;-44.11657385;Segura;Sudeste;3 Trimestre