id;ano;feriado;mes;data_inversa;uf;br;km;municipio;causa_acidente;classificacao_acidente;veiculos;condicao_metereologica;fase_dia;dia_semana;tipo_acidente;tipo_pista;mortos;feridos_graves;latitude;longitude;status;regiao;periodo
577928;2024.0;n;1.0;2024-01-30;GO;80;134;BARRO ALTO;Acessar a via sem observar a presença dos outros veículos;Sem Vítimas;3;Céu Claro;Pleno dia;terça-feira;Colisão traseira;Simples;0;0;-14.96601325;-48.93447876;Segura;Centro-Oeste;1 Trimestre
666050;2025.0;n;3.0;2025-03-08;MS;267;66;BATAGUASSU;Animais na Pista;Com Vítimas Feridas;2;Céu Claro;Plena Noite;sábado;Atropelamento de Animal;Simples;0;0;-21,851108;-52,727529;Segura;Centro-Oeste;1 Trimestre
586161;2024.0;n;3.0;2024-03-09;RJ;393;140;SAPUCAIA;Problema com o freio;Com Vítimas Feridas;1;Céu Claro;Pleno dia;sábado;Saída de leito carroçável;Simples;0;0;-22.00993396;-42.94794103;Segura;Sudeste;1 Trimestre
611404;2024.0;n;7.0;2024-07-02;PE;101;69;RECIFE;Condutor deixou de manter distância do veículo da frente;Sem Vítimas;2;Céu Claro;Amanhecer;terça-feira;Colisão lateral mesmo sentido;Múltipla;0;0;-8.05951606;-34.94581024;Segura;Nordeste;3 Trimestre
663888;2025.0;n;2.0;2025-02-26;MG;40;611,4;CONGONHAS;Acessar a via sem observar a presença dos outros veículos;Com Vítimas Feridas;3;Céu Claro;Plena Noite;quarta-feira;Atropelamento de Pedestre;Simples;0;1;-20,4768105;-43,8424631;Perigosa;Sudeste;1 Trimestre
659796;2025.0;n;2.0;2025-02-07;BA;324;597;CANDEIAS;Reação tardia ou ineficiente do condutor;Com Vítimas Feridas;4;Sol;Pleno dia;sexta-feira;Colisão traseira;Dupla;0;0;-12,74194511;-38,43853918;Segura;Nordeste;1 Trimestre
625601;2024.0;n;9.0;2024-09-03;BA;135;11;FORMOSA DO RIO PRETO;Velocidade Incompatível;Com Vítimas Feridas;4;Céu Claro;Anoitecer;terça-feira;Tombamento;Simples;0;4;-10.92357016;-45.17961456;Perigosa;Nordeste;3 Trimestre
666088;2025.0;n;3.0;2025-03-09;SC;280;8;SAO FRANCISCO DO SUL;Manobra de mudança de faixa;Com Vítimas Feridas;2;Céu Claro;Pleno dia;domingo;Colisão frontal;Simples;0;1;-26,27887;-48,64732;Perigosa;Sul;1 Trimestre
656691;2025.0;n;1.0;2025-01-22;MT;163;897;CLAUDIA;Reação tardia ou ineficiente do condutor;Com Vítimas Feridas;3;Nublado;Pleno dia;quarta-feira;Colisão traseira;Múltipla;0;0;-11,339;-55,331;Segura;Centro-Oeste;1 Trimestre
599086;2024.0;n;5.0;2024-05-08;SC;280;52;GUARAMIRIM;Reação tardia ou ineficiente do condutor;Com Vítimas Feridas;2;Céu Claro;Pleno dia;quarta-feira;Colisão lateral mesmo sentido;Dupla;0;0;-26.4752632;-48.9880934;Segura;Sul;2 Trimestre
615993;2024.0;n;7.0;2024-07-21;MG;381;510;SAO JOAQUIM DE BICAS;Acessar a via sem observar a presença dos outros veículos;Com Vítimas Feridas;3;Céu Claro;Plena Noite;domingo;Colisão frontal;Múltipla;0;0;-20.07738209;-44.30434488;Segura;Sudeste;3 Trimestre
661268;2025.0;n;2.0;2025-02-14;MG;381;923;CAMANDUCAIA;Acesso irregular;Com Vítimas Feridas;3;Céu Claro;Pleno dia;sexta-feira;Colisão lateral mesmo sentido;Dupla;0;0;-22,7671484;-46,22667493;Segura;Sudeste;1 Trimestre
657467;2025.0;n;1.0;2025-01-26;SC;101;232,5;PALHOCA;Reação tardia ou ineficiente do condutor;Com Vítimas Feridas;2;Garoa/Chuvisco;Pleno dia;domingo;Colisão traseira;Dupla;0;0;-27,795666;-48,638153;Segura;Sul;1 Trimestre
620278;2024.0;n;8.0;2024-08-10;MS;163;410;SIDROLANDIA;Demais falhas mecânicas ou elétricas;Sem Vítimas;2;Céu Claro;Amanhecer;sábado;Incêndio;Simples;0;0;-21.07955992;-54.4923976;Segura;Centro-Oeste;3 Trimestre
617958;2024.0;n;7.0;2024-07-30;MG;40;560;NOVA LIMA;Demais falhas mecânicas ou elétricas;Sem Vítimas;1;Céu Claro;Plena Noite;terça-feira;Incêndio;Dupla;0;0;-20.12725188;-43.96512161;Segura;Sudeste;3 Trimestre
666301;2025.0;n;3.0;2025-03-10;AL;101;139;SAO MIGUEL DOS CAMPOS;Acessar a via sem observar a presença dos outros veículos;Sem Vítimas;2;Céu Claro;Pleno dia;segunda-feira;Colisão transversal;Simples;0;0;-9,80738578;-36,11560187;Segura;Nordeste;1 Trimestre
589790;2024.0;n;3.0;2024-03-26;MG;262;611,3;IBIA;Pista Escorregadia;Sem Vítimas;1;Chuva;Plena Noite;terça-feira;Saída de leito carroçável;Simples;0;0;-19.59794921;-46.2913541;Segura;Sudeste;1 Trimestre
592736;2024.0;n;4.0;2024-04-08;PR;277;496,9;GUARANIACU;Transitar na contramão;Com Vítimas Fatais;5;Garoa/Chuvisco;Pleno dia;segunda-feira;Colisão frontal;Simples;1;1;-25.16998969;-52.67691135;Perigosa;Sul;2 Trimestre
658143;2025.0;n;1.0;2025-01-30;SP;116;320;JUQUITIBA;Condutor deixou de manter distância do veículo da frente;Com Vítimas Feridas;3;Nublado;Plena Noite;quinta-feira;Engavetamento;Dupla;0;0;-23,93226;-47,00835;Segura;Sudeste;1 Trimestre
586624;2024.0;n;3.0;2024-03-11;GO;153;442,8;ANAPOLIS;Área urbana sem a presença de local apropriado para a travessia de pedestres;Com Vítimas Feridas;2;Céu Claro;Anoitecer;segunda-feira;Atropelamento de Pedestre;Dupla;0;0;-16.325272;-48.922024;Segura;Centro-Oeste;1 Trimestre
575180;2024.0;n;1.0;2024-01-16;BA;242;491;OLIVEIRA DOS BREJINHOS;Velocidade Incompatível;Com Vítimas Feridas;1;Céu Claro;Pleno dia;terça-feira;Saída de leito carroçável;Simples;0;1;-12.40158974;-42.37914499;Perigosa;Nordeste;1 Trimestre
605211;2024.0;n;6.0;2024-06-04;MA;135;12,9;SAO LUIS;Reação tardia ou ineficiente do condutor;Com Vítimas Feridas;1;Chuva;Anoitecer;terça-feira;Colisão com objeto;Múltipla;0;1;-2.67223553;-44.29173767;Perigosa;Nordeste;2 Trimestre
664000;2025.0;n;2.0;2025-02-27;SC;470;5,9;NAVEGANTES;Reação tardia ou ineficiente do condutor;Com Vítimas Feridas;4;Sol;Pleno dia;quinta-feira;Colisão traseira;Dupla;0;0;-26,85416861;-48,70556831;Segura;Sul;1 Trimestre
581465;2024.0;n;2.0;2024-02-16;RR;401;13;BOA VISTA;Reação tardia ou ineficiente do condutor;Com Vítimas Feridas;2;Céu Claro;Pleno dia;sexta-feira;Colisão transversal;Múltipla;0;0;2.827483;-60.591545;Segura;Norte;1 Trimestre
668567;2025.0;n;3.0;2025-03-21;GO;60;92;ANAPOLIS;Manobra de mudança de faixa;Com Vítimas Fatais;5;Céu Claro;Pleno dia;sexta-feira;Tombamento;Dupla;1;1;-16,35253996;-48,91671181;Perigosa;Centro-Oeste;1 Trimestre
656074;2025.0;n;1.0;2025-01-19;PA;10;156;PARAGOMINAS;Avarias e/ou desgaste excessivo no pneu;Com Vítimas Feridas;1;Céu Claro;Pleno dia;domingo;Tombamento;Simples;0;0;-3,07148295;-47,47564419;Segura;Norte;1 Trimestre
615536;2024.0;n;7.0;2024-07-19;MT;163;1025;TERRA NOVA DO NORTE;Ingestão de álcool pelo condutor;Sem Vítimas;4;Céu Claro;Pleno dia;sexta-feira;Tombamento;Simples;0;0;-10.40452201;-55.05355394;Segura;Centro-Oeste;3 Trimestre
623628;2024.0;n;8.0;2024-08-03;PB;230;453;APARECIDA;Estacionar ou parar em local proibido;Com Vítimas Fatais;2;Céu Claro;Plena Noite;sábado;Colisão com objeto;Simples;1;0;-6.7831;-38.1362;Perigosa;Nordeste;3 Trimestre
625624;2024.0;n;9.0;2024-09-03;MT;364;340;SANTO ANTONIO DO LEVERGER;Animais na Pista;Sem Vítimas;2;Céu Claro;Plena Noite;terça-feira;Atropelamento de Animal;Dupla;0;0;-15.83711384;-55.48560703;Segura;Centro-Oeste;3 Trimestre
653439;2025.0;n;1.0;2025-01-06;RJ;101;282,9;TANGUA;Acumulo de areia ou detritos sobre o pavimento;Com Vítimas Feridas;1;Sol;Pleno dia;segunda-feira;Queda de ocupante de veículo;Dupla;0;0;-22,7371391;-42,79664601;Segura;Sudeste;1 Trimestre
584148;2024.0;n;3.0;2024-03-01;SP;116;487,5;CAJATI;Velocidade Incompatível;Com Vítimas Feridas;3;Céu Claro;Plena Noite;sexta-feira;Colisão traseira;Dupla;0;0;-24.72633575;-48.08998415;Segura;Sudeste;1 Trimestre
572970;2024.0;n;1.0;2024-01-06;TO;235;187;TUPIRAMA;Conversão proibida;Com Vítimas Fatais;2;Nublado;Pleno dia;sábado;Colisão transversal;Simples;1;0;-8.97492336;-48.358959;Perigosa;Norte;1 Trimestre
580946;2024.0;n;2.0;2024-02-13;SP;381;89;GUARULHOS;Ausência de reação do condutor;Com Vítimas Feridas;2;Céu Claro;Pleno dia;terça-feira;Saída de leito carroçável;Dupla;0;0;-23.497294;-46.559729;Segura;Sudeste;1 Trimestre
595995;2024.0;n;4.0;2024-04-24;PB;101;107,8;ALHANDRA;Condutor deixou de manter distância do veículo da frente;Sem Vítimas;1;Chuva;Pleno dia;quarta-feira;Saída de leito carroçável;Dupla;0;0;-7.32549201;-34.94709877;Segura;Nordeste;2 Trimestre
579763;2024.0;n;1.0;2024-01-11;SC;101;130;BALNEARIO CAMBORIU;Trafegar com motocicleta (ou similar) entre as faixas;Com Vítimas Feridas;3;Chuva;Pleno dia;quinta-feira;Colisão lateral mesmo sentido;Dupla;0;0;-26.98407618;-48.66977107;Segura;Sul;1 Trimestre
586078;2024.0;n;3.0;2024-03-09;RJ;40;109;DUQUE DE CAXIAS;Ultrapassagem Indevida;Com Vítimas Feridas;2;Céu Claro;Pleno dia;sábado;Colisão lateral mesmo sentido;Dupla;0;0;-22.67374628;-43.28638368;Segura;Sudeste;1 Trimestre
601353;2024.0;n;5.0;2024-05-18;SC;101;265;PAULO LOPES;Ingestão de álcool pelo condutor;Sem Vítimas;2;Chuva;Pleno dia;sábado;Saída de leito carroçável;Múltipla;0;0;-28.06674895;-48.71534228;Segura;Sul;2 Trimestre
660548;2025.0;n;2.0;2025-02-10;ES;101;284,8;CARIACICA;Reação tardia ou ineficiente do condutor;Com Vítimas Feridas;2;Céu Claro;Pleno dia;segunda-feira;Colisão traseira;Dupla;0;0;-20,24334991;-40,3696926;Segura;Sudeste;1 Trimestre
597059;2024.0;n;4.0;2024-04-28;PI;135;485;MONTE ALEGRE DO PIAUI;Reação tardia ou ineficiente do condutor;Sem Vítimas;7;Céu Claro;Pleno dia;domingo;Colisão lateral mesmo sentido;Simples;0;0;-9.713868;-45.141532;Segura;Nordeste;2 Trimestre
673119;2025.0;n;4.0;2025-04-11;MT;163;624;NOVA MUTUM;Ausência de reação do condutor;Com Vítimas Feridas;3;Chuva;Plena Noite;sexta-feira;Engavetamento;Simples;0;0;-13,597475;-56,031478;Segura;Centro-Oeste;2 Trimestre
659603;2025.0;n;2.0;2025-02-06;PB;230;21;JOAO PESSOA;Trafegar com motocicleta (ou similar) entre as faixas;Com Vítimas Feridas;3;Nublado;Pleno dia;quinta-feira;Colisão lateral mesmo sentido;Dupla;0;1;-7,1415;-34,8519;Perigosa;Nordeste;1 Trimestre
687074;2025.0;n;4.0;2025-04-24;MG;40;468;CAETANOPOLIS;Acessar a via sem observar a presença dos outros veículos;Com Vítimas Feridas;2;Céu Claro;Pleno dia;quinta-feira;Colisão transversal;Dupla;0;0;-19,3905056;-44,33601379;Segura;Sudeste;2 Trimestre
576940;2024.0;n;1.0;2024-01-25;SP;116;140,3;SAO JOSE DOS CAMPOS;Condutor deixou de manter distância do veículo da frente;Com Vítimas Fatais;3;Nublado;Pleno dia;quinta-feira;Tombamento;Dupla;1;0;-23.16577714;-45.81246193;Perigosa;Sudeste;1 Trimestre
601100;2024.0;n;5.0;2024-05-17;PR;376;105;PARANAVAI;Demais falhas mecânicas ou elétricas;Sem Vítimas;4;Nublado;Pleno dia;sexta-feira;Incêndio;Dupla;0;0;-23.05727163;-52.43920671;Segura;Sul;2 Trimestre
668626;2025.0;n;3.0;2025-03-21;PR;158;535;PATO BRANCO;Acessar a via sem observar a presença dos outros veículos;Com Vítimas Feridas;3;Céu Claro;Pleno dia;sexta-feira;Colisão transversal;Simples;0;0;-26,23122241;-52,68997908;Segura;Sul;1 Trimestre
615298;2024.0;n;7.0;2024-07-18;MG;381;931,5;EXTREMA;Reação tardia ou ineficiente do condutor;Com Vítimas Feridas;2;Céu Claro;Plena Noite;quinta-feira;Tombamento;Dupla;0;0;-22.8076393;-46.27636971;Segura;Sudeste;3 Trimestre
656296;2025.0;n;1.0;2025-01-20;BA;242;840;BARREIRAS;Pista Escorregadia;Com Vítimas Feridas;2;Céu Claro;Amanhecer;segunda-feira;Saída de leito carroçável;Simples;0;1;-12,11858671;-45,19720999;Perigosa;Nordeste;1 Trimestre
585618;2024.0;n;3.0;2024-03-07;PE;232;9;RECIFE;Condutor deixou de manter distância do veículo da frente;Sem Vítimas;2;Céu Claro;Pleno dia;quinta-feira;Colisão traseira;Dupla;0;0;-8.07764447;-34.97863609;Segura;Nordeste;1 Trimestre
597667;2024.0;y;5.0;2024-05-01;PR;116;71;CAMPINA GRANDE DO SUL;Manobra de mudança de faixa;Com Vítimas Feridas;2;Céu Claro;Plena Noite;quarta-feira;Colisão lateral mesmo sentido;Simples;0;0;-25.34541756;-49.04488757;Segura;Sul;2 Trimestre
610476;2024.0;n;6.0;2024-06-27;SP;116;522;CAJATI;Pista Escorregadia;Sem Vítimas;2;Garoa/Chuvisco;Plena Noite;quinta-feira;Tombamento;Simples;0;0;-24.90632831;-48.25534344;Segura;Sudeste;2 Trimestre
659813;2025.0;n;2.0;2025-02-07;RJ;101;393,4;ITAGUAI;Mal súbito do condutor;Com Vítimas Feridas;2;Céu Claro;Pleno dia;sexta-feira;Colisão traseira;Dupla;0;0;-22,88924912;-43,70370205;Segura;Sudeste;1 Trimestre
669508;2025.0;n;3.0;2025-03-25;ES;101;152,9;LINHARES;Transitar na contramão;Com Vítimas Feridas;4;Céu Claro;Pleno dia;terça-feira;Colisão frontal;Simples;0;0;-19,42346258;-40,0788129;Segura;Sudeste;1 Trimestre
686700;2025.0;n;4.0;2025-04-22;PR;277;6,9;PARANAGUA;Desrespeitar a preferência no cruzamento;Com Vítimas Feridas;2;Nublado;Pleno dia;terça-feira;Colisão transversal;Simples;0;0;-25,51472367;-48,52241635;Segura;Sul;2 Trimestre
617748;2024.0;n;7.0;2024-07-29;PR;277;6,7;PARANAGUA;Transitar na contramão;Com Vítimas Feridas;3;Chuva;Anoitecer;segunda-feira;Colisão frontal;Dupla;0;1;-25.515849;-48.523231;Perigosa;Sul;3 Trimestre
604845;2024.0;n;6.0;2024-06-02;CE;116;322;JAGUARIBE;Ausência de reação do condutor;Com Vítimas Feridas;1;Céu Claro;Plena Noite;domingo;Saída de leito carroçável;Simples;0;1;-6.00698277;-38.63605254;Perigosa;Nordeste;2 Trimestre
655497;2025.0;n;1.0;2025-01-04;SP;381;89,7;GUARULHOS;Acessar a via sem observar a presença dos outros veículos;Com Vítimas Feridas;2;Céu Claro;Pleno dia;sábado;Colisão lateral mesmo sentido;Dupla;0;0;-23,49540226;-46,559524;Segura;Sudeste;1 Trimestre
578869;2024.0;n;2.0;2024-02-04;PE;232;439,8;SERRA TALHADA;Transitar na contramão;Com Vítimas Feridas;5;Nublado;Amanhecer;domingo;Colisão frontal;Simples;0;1;-8.012299;-38.556566;Perigosa;Nordeste;1 Trimestre
610576;2024.0;n;6.0;2024-06-28;PB;230;47;SANTA RITA;Manobra de mudança de faixa;Sem Vítimas;3;Céu Claro;Pleno dia;sexta-feira;Colisão lateral mesmo sentido;Dupla;0;0;-7.1685;-35.032;Segura;Nordeste;2 Trimestre
658989;2025.0;n;2.0;2025-02-03;PE;232;71,8;GRAVATA;Condutor Dormindo;Com Vítimas Feridas;2;Céu Claro;Amanhecer;segunda-feira;Colisão traseira;Dupla;0;0;-8,18344403;-35,49296599;Segura;Nordeste;1 Trimestre
662687;2025.0;n;2.0;2025-02-21;PR;153;330;IRATI;Estacionar ou parar em local proibido;Sem Vítimas;4;Céu Claro;Pleno dia;sexta-feira;Colisão traseira;Dupla;0;0;-25,46140879;-50,62177452;Segura;Sul;1 Trimestre
687214;2025.0;n;4.0;2025-04-25;RS;153;587;HULHA NEGRA;Modificação proibida;Com Vítimas Feridas;4;Nevoeiro/Neblina;Pleno dia;sexta-feira;Colisão frontal;Simples;0;1;-31,325453;-53,9855696;Perigosa;Sul;2 Trimestre
611197;2024.0;n;7.0;2024-07-01;GO;153;675;PANAMA;Problema com o freio;Com Vítimas Feridas;3;Céu Claro;Pleno dia;segunda-feira;Saída de leito carroçável;Dupla;0;1;-18.1855;-49.2895;Perigosa;Centro-Oeste;3 Trimestre
666393;2025.0;n;3.0;2025-03-10;RS;470;261;SAO JOSE DO SUL;Problema com o freio;Com Vítimas Feridas;4;Céu Claro;Pleno dia;segunda-feira;Colisão lateral mesmo sentido;Simples;0;0;-29,55157555;-51,48001581;Segura;Sul;1 Trimestre
585848;2024.0;n;3.0;2024-03-08;MG;116;418;GOVERNADOR VALADARES;Ausência de reação do condutor;Sem Vítimas;2;Céu Claro;Pleno dia;sexta-feira;Colisão com objeto;Simples;0;0;-18.91059296;-41.94156567;Segura;Sudeste;1 Trimestre
625115;2024.0;n;9.0;2024-09-01;MG;381;395,8;BOM JESUS DO AMPARO;Velocidade Incompatível;Com Vítimas Feridas;4;Nublado;Pleno dia;domingo;Saída de leito carroçável;Dupla;0;2;-19.766856;-43.4576479;Perigosa;Sudeste;3 Trimestre
618626;2024.0;n;8.0;2024-08-02;BA;116;814,8;VITORIA DA CONQUISTA;Ingestão de álcool pelo condutor;Com Vítimas Feridas;2;Nublado;Plena Noite;sexta-feira;Colisão traseira;Simples;0;1;-14.76880012;-40.71367294;Perigosa;Nordeste;3 Trimestre
658205;2025.0;n;1.0;2025-01-30;RJ;101;83;CAMPOS DOS GOYTACAZES;Reação tardia ou ineficiente do condutor;Com Vítimas Feridas;2;Céu Claro;Pleno dia;quinta-feira;Tombamento;Simples;0;0;-21,82162418;-41,46695137;Segura;Sudeste;1 Trimestre
577051;2024.0;n;1.0;2024-01-25;BA;101;854;TEIXEIRA DE FREITAS;Ingestão de álcool pelo condutor;Com Vítimas Feridas;1;Céu Claro;Anoitecer;quinta-feira;Saída de leito carroçável;Simples;0;0;-17.55373894;-39.7231981;Segura;Nordeste;1 Trimestre
592990;2024.0;n;4.0;2024-04-10;RS;392;38,2;RIO GRANDE;Condutor Dormindo;Com Vítimas Feridas;2;Nevoeiro/Neblina;Plena Noite;quarta-feira;Tombamento;Dupla;0;0;-31.98050196;-52.29603291;Segura;Sul;2 Trimestre
580835;2024.0;n;2.0;2024-02-12;ES;101;132,6;LINHARES;Pedestre andava na pista;Com Vítimas Fatais;2;Céu Claro;Plena Noite;segunda-feira;Atropelamento de Pedestre;Simples;1;0;-19.24798699;-40.09078893;Perigosa;Sudeste;1 Trimestre
659980;2025.0;n;2.0;2025-02-08;BA;242;851;BARREIRAS;Ultrapassagem Indevida;Sem Vítimas;2;Céu Claro;Plena Noite;sábado;Colisão lateral mesmo sentido;Simples;0;0;-12,10830458;-45,29749994;Segura;Nordeste;1 Trimestre
591898;2024.0;n;3.0;2024-03-13;CE;222;43,6;SAO GONCALO DO AMARANTE;Reação tardia ou ineficiente do condutor;Com Vítimas Fatais;2;Céu Claro;Plena Noite;quarta-feira;Colisão lateral sentido oposto;Simples;1;0;-3.67885144;-38.93266816;Perigosa;Nordeste;1 Trimestre
671264;2025.0;n;4.0;2025-04-03;GO;70;7;AGUAS LINDAS DE GOIAS;Ingestão de álcool pelo condutor;Sem Vítimas;2;Céu Claro;Pleno dia;quinta-feira;Colisão lateral mesmo sentido;Dupla;0;0;-15,73546431;-48,27997684;Segura;Centro-Oeste;2 Trimestre
620051;2024.0;n;8.0;2024-08-09;GO;153;378,2;SAO FRANCISCO DE GOIAS;Ausência de reação do condutor;Com Vítimas Feridas;1;Céu Claro;Pleno dia;sexta-feira;Tombamento;Simples;0;0;-15.892008;-49.238205;Segura;Centro-Oeste;3 Trimestre
614141;2024.0;n;7.0;2024-07-13;PE;232;20;MORENO;Manobra de mudança de faixa;Com Vítimas Feridas;3;Céu Claro;Pleno dia;sábado;Colisão traseira;Dupla;0;0;-8.096012;-35.069445;Segura;Nordeste;3 Trimestre
598156;2024.0;n;5.0;2024-05-04;SC;101;69;ARAQUARI;Problema com o freio;Sem Vítimas;4;Céu Claro;Pleno dia;sábado;Incêndio;Dupla;0;0;-26.50298009;-48.72814515;Segura;Sul;2 Trimestre
671648;2025.0;n;4.0;2025-04-05;PR;376;614;CURITIBA;Ausência de reação do condutor;Sem Vítimas;2;Garoa/Chuvisco;Plena Noite;sábado;Capotamento;Dupla;0;0;-25,4476288;-49,2437504;Segura;Sul;2 Trimestre
615740;2024.0;n;7.0;2024-07-20;PE;232;503;VERDEJANTE;Acessar a via sem observar a presença dos outros veículos;Com Vítimas Feridas;2;Céu Claro;Pleno dia;sábado;Colisão transversal;Simples;0;1;-8.051331;-39.083106;Perigosa;Nordeste;3 Trimestre
607122;2024.0;n;6.0;2024-06-13;MG;262;802;UBERABA;Ausência de reação do condutor;Com Vítimas Feridas;5;Céu Claro;Pleno dia;quinta-feira;Queda de ocupante de veículo;Dupla;0;0;-19.779234;-47.964844;Segura;Sudeste;2 Trimestre
685502;2025.0;n;4.0;2025-04-17;PE;101;136;ESCADA;Ausência de reação do condutor;Sem Vítimas;1;Céu Claro;Pleno dia;quinta-feira;Tombamento;Dupla;0;0;-8,41409;-35,30985;Segura;Nordeste;2 Trimestre
665859;2025.0;n;3.0;2025-03-08;PR;277;308,8;GUARAPUAVA;Reação tardia ou ineficiente do condutor;Com Vítimas Feridas;4;Céu Claro;Plena Noite;sábado;Colisão lateral sentido oposto;Simples;0;0;-25,31247133;-51,20378428;Segura;Sul;1 Trimestre
610776;2024.0;n;6.0;2024-06-26;RJ;116;227;PIRAI;Condutor deixou de manter distância do veículo da frente;Com Vítimas Feridas;3;Céu Claro;Amanhecer;quarta-feira;Colisão traseira;Simples;0;0;-22.66505586;-43.8208548;Segura;Sudeste;2 Trimestre
659213;2025.0;n;2.0;2025-02-04;PE;316;250;BELEM DE SAO FRANCISCO;Curva acentuada;Com Vítimas Feridas;1;Céu Claro;Pleno dia;terça-feira;Capotamento;Simples;0;1;-8,67841144;-38,97115513;Perigosa;Nordeste;1 Trimestre
584278;2024.0;n;3.0;2024-03-01;SC;280;238,5;CANOINHAS;Transitar na contramão;Com Vítimas Feridas;3;Sol;Pleno dia;sexta-feira;Colisão lateral sentido oposto;Simples;0;1;-26.20546585;-50.43870449;Perigosa;Sul;1 Trimestre
652729;2025.0;n;1.0;2025-01-02;MG;40;627,5;CONSELHEIRO LAFAIETE;Manobra de mudança de faixa;Sem Vítimas;2;Céu Claro;Pleno dia;quinta-feira;Colisão lateral mesmo sentido;Simples;0;0;-20,60236514;-43,80699874;Segura;Sudeste;1 Trimestre
616800;2024.0;n;7.0;2024-07-20;RJ;116;288,9;BARRA MANSA;Reação tardia ou ineficiente do condutor;Com Vítimas Feridas;7;Céu Claro;Pleno dia;sábado;Engavetamento;Dupla;0;0;-22.48686584;-44.25027602;Segura;Sudeste;3 Trimestre
620039;2024.0;n;8.0;2024-08-09;MS;163;75;ITAQUIRAI;Acesso irregular;Com Vítimas Feridas;2;Nublado;Pleno dia;sexta-feira;Tombamento;Simples;0;0;-23.50091105;-54.18729772;Segura;Centro-Oeste;3 Trimestre
661388;2025.0;n;2.0;2025-02-14;MG;364;17,9;FRUTAL;Reação tardia ou ineficiente do condutor;Com Vítimas Feridas;2;Céu Claro;Plena Noite;sexta-feira;Colisão frontal;Simples;0;1;-20,05946;-48,81415;Perigosa;Sudeste;1 Trimestre
599572;2024.0;n;5.0;2024-05-10;RS;285;289,2;PASSO FUNDO;Ausência de sinalização;Com Vítimas Feridas;4;Chuva;Plena Noite;sexta-feira;Colisão lateral sentido oposto;Simples;0;2;-28.23671;-52.336224;Perigosa;Sul;2 Trimestre
575009;2024.0;n;1.0;2024-01-16;ES;101;317,5;VILA VELHA;Condutor Dormindo;Com Vítimas Feridas;1;Céu Claro;Plena Noite;terça-feira;Tombamento;Dupla;0;0;-20.48575596;-40.47626411;Segura;Sudeste;1 Trimestre
595193;2024.0;n;4.0;2024-04-20;SC;282;179,2;BOCAINA DO SUL;Transitar no Acostamento;Com Vítimas Feridas;3;Céu Claro;Pleno dia;sábado;Colisão traseira;Simples;0;2;-27.740141;-49.930519;Perigosa;Sul;2 Trimestre
624511;2024.0;n;8.0;2024-08-30;MG;153;202;FRUTAL;Pista Escorregadia;Com Vítimas Feridas;2;Céu Claro;Pleno dia;sexta-feira;Colisão com objeto;Simples;0;0;-19.971495;-49.001196;Segura;Sudeste;3 Trimestre
616236;2024.0;n;7.0;2024-07-22;PR;376;644;TIJUCAS DO SUL;Condutor deixou de manter distância do veículo da frente;Com Vítimas Feridas;1;Nublado;Plena Noite;segunda-feira;Tombamento;Dupla;0;0;-25.81419584;-49.13167969;Segura;Sul;3 Trimestre
599749;2024.0;n;5.0;2024-05-11;MT;163;835;SINOP;Ausência de reação do condutor;Com Vítimas Feridas;3;Céu Claro;Pleno dia;sábado;Colisão lateral mesmo sentido;Dupla;0;0;-11.986895;-55.517033;Segura;Centro-Oeste;2 Trimestre
614870;2024.0;n;7.0;2024-07-16;DF;251;7;BRASILIA;Reação tardia ou ineficiente do condutor;Com Vítimas Feridas;2;Céu Claro;Plena Noite;terça-feira;Colisão lateral sentido oposto;Dupla;0;0;-15.998561;-47.565559;Segura;Centro-Oeste;3 Trimestre
589648;2024.0;n;3.0;2024-03-25;PR;116;163,5;QUITANDINHA;Reação tardia ou ineficiente do condutor;Com Vítimas Feridas;4;Nublado;Pleno dia;segunda-feira;Colisão traseira;Simples;0;0;-25.86442035;-49.41795105;Segura;Sul;1 Trimestre
615697;2024.0;n;6.0;2024-06-26;PI;343;243,7;NOSSA SENHORA DE NAZARE;Reação tardia ou ineficiente do condutor;Com Vítimas Feridas;5;Céu Claro;Pleno dia;quarta-feira;Engavetamento;Simples;0;1;-4.670867;-42.075726;Perigosa;Nordeste;2 Trimestre
589780;2024.0;n;3.0;2024-03-26;PR;476;111,8;COLOMBO;Transitar na contramão;Com Vítimas Fatais;3;Nublado;Plena Noite;terça-feira;Colisão frontal;Simples;1;0;-25.31672833;-49.15853345;Perigosa;Sul;1 Trimestre
670301;2025.0;n;3.0;2025-03-29;BA;135;146;RIACHAO DAS NEVES;Acostamento em desnível;Sem Vítimas;4;Céu Claro;Pleno dia;sábado;Tombamento;Simples;0;0;-11,88614;-44,85471;Segura;Nordeste;1 Trimestre
615742;2024.0;n;7.0;2024-07-20;RJ;116;252;PIRAI;Manobra de mudança de faixa;Com Vítimas Feridas;5;Céu Claro;Pleno dia;sábado;Colisão traseira;Dupla;0;0;-22.58294737;-43.96879302;Segura;Sudeste;3 Trimestre
626912;2024.0;n;9.0;2024-09-09;RJ;101;440;MANGARATIBA;Ausência de reação do condutor;Com Vítimas Feridas;2;Céu Claro;Pleno dia;segunda-feira;Colisão frontal;Simples;0;0;-22.95929215;-44.08787867;Segura;Sudeste;3 Trimestre
579620;2024.0;n;2.0;2024-02-07;SP;488;0,1;APARECIDA;Afundamento ou ondulação no pavimento;Sem Vítimas;5;Céu Claro;Pleno dia;quarta-feira;Eventos atípicos;Simples;0;0;-22.85856;-45.233116;Segura;Sudeste;1 Trimestre