id;ano;feriado;mes;data_inversa;uf;br;km;municipio;causa_acidente;classificacao_acidente;veiculos;condicao_metereologica;fase_dia;dia_semana;tipo_acidente;tipo_pista;mortos;feridos_graves;latitude;longitude;status;regiao;periodo
586741;2024.0;n;3.0;2024-03-12;SC;282;89,5;ALFREDO WAGNER;Manobra de mudança de faixa;Com Vítimas Feridas;4;Céu Claro;Pleno dia;terça-feira;Colisão lateral sentido oposto;Simples;0;1;-27.677973;-49.215893;Perigosa;Sul;1 Trimestre
670394;2025.0;n;3.0;2025-03-29;CE;116;194,2;LIMOEIRO DO NORTE;Curva acentuada;Com Vítimas Feridas;2;Céu Claro;Pleno dia;sábado;Tombamento;Simples;0;1;-5,15316771;-38,15371145;Perigosa;Nordeste;1 Trimestre
661283;2025.0;n;2.0;2025-02-14;PI;316;46;LAGOA DO PIAUI;Ultrapassagem Indevida;Com Vítimas Feridas;4;Sol;Pleno dia;sexta-feira;Colisão lateral mesmo sentido;Simples;0;0;-5,45656405;-42,6347776;Segura;Nordeste;1 Trimestre
607307;2024.0;n;6.0;2024-06-13;SP;381;31;ATIBAIA;Demais falhas mecânicas ou elétricas;Sem Vítimas;3;Céu Claro;Plena Noite;quinta-feira;Incêndio;Dupla;0;0;-23.0559669;-46.57063716;Segura;Sudeste;2 Trimestre
596066;2024.0;n;4.0;2024-04-24;RS;285;49,8;BOM JESUS;Mal súbito do condutor;Com Vítimas Feridas;4;Nublado;Pleno dia;quarta-feira;Colisão lateral mesmo sentido;Simples;0;0;-28.666346;-50.325451;Segura;Sul;2 Trimestre
671137;2025.0;n;4.0;2025-04-02;TO;230;80;CACHOEIRINHA;Ausência de reação do condutor;Com Vítimas Feridas;3;Céu Claro;Pleno dia;quarta-feira;Tombamento;Simples;0;0;-6,103208;-47,887032;Segura;Norte;2 Trimestre
669978;2025.0;n;3.0;2025-03-27;PR;376;671;GUARATUBA;Ausência de reação do condutor;Com Vítimas Feridas;3;Nublado;Plena Noite;quinta-feira;Colisão traseira;Dupla;0;0;-25,92187821;-48,9176712;Segura;Sul;1 Trimestre
629097;2024.0;n;9.0;2024-09-19;RJ;493;68;NOVA IGUACU;Reação tardia ou ineficiente do condutor;Com Vítimas Feridas;2;Céu Claro;Pleno dia;quinta-feira;Saída de leito carroçável;Dupla;0;0;-22.68188;-43.46986;Segura;Sudeste;3 Trimestre
583650;2024.0;n;2.0;2024-02-27;PB;101;122;CAAPORA;Condutor deixou de manter distância do veículo da frente;Com Vítimas Feridas;3;Céu Claro;Pleno dia;terça-feira;Colisão traseira;Dupla;0;1;-7.45038197;-34.97994215;Perigosa;Nordeste;1 Trimestre
612151;2024.0;n;7.0;2024-07-04;RO;364;282;PRESIDENTE MEDICI;Demais falhas na via;Com Vítimas Feridas;2;Céu Claro;Pleno dia;quinta-feira;Colisão lateral sentido oposto;Simples;0;1;-11.37476688;-61.82168795;Perigosa;Norte;3 Trimestre
654244;2025.0;n;1.0;2025-01-10;GO;414;356,7;COCALZINHO DE GOIAS;Transitar na contramão;Com Vítimas Fatais;6;Nublado;Pleno dia;sexta-feira;Colisão frontal;Simples;1;0;-15,67095314;-48,70053113;Perigosa;Centro-Oeste;1 Trimestre
588310;2024.0;n;3.0;2024-03-19;RS;290;173,6;BUTIA;Reação tardia ou ineficiente do condutor;Com Vítimas Feridas;4;Sol;Pleno dia;terça-feira;Colisão lateral mesmo sentido;Simples;0;0;-30.127287;-51.94133;Segura;Sul;1 Trimestre
601219;2024.0;n;5.0;2024-05-18;PB;101;88,7;JOAO PESSOA;Pedestre andava na pista;Com Vítimas Feridas;2;Céu Claro;Plena Noite;sábado;Atropelamento de Pedestre;Dupla;0;1;-7.16470016;-34.89993643;Perigosa;Nordeste;2 Trimestre
610500;2024.0;n;6.0;2024-06-28;RS;287;259,7;SANTA MARIA;Reação tardia ou ineficiente do condutor;Com Vítimas Fatais;5;Céu Claro;Plena Noite;sexta-feira;Colisão traseira;Simples;1;0;-29.67532944;-53.96720409;Perigosa;Sul;2 Trimestre
668995;2025.0;n;3.0;2025-03-23;MG;40;444;PARAOPEBA;Carga excessiva e/ou mal acondicionada;Com Vítimas Feridas;1;Céu Claro;Pleno dia;domingo;Tombamento;Dupla;0;0;-19,29050501;-44,4041419;Segura;Sudeste;1 Trimestre
579446;2024.0;n;2.0;2024-02-06;GO;20;232;POSSE;Velocidade Incompatível;Com Vítimas Feridas;2;Céu Claro;Pleno dia;terça-feira;Tombamento;Simples;0;1;-14.087328;-46.296154;Perigosa;Centro-Oeste;1 Trimestre
606930;2024.0;n;6.0;2024-06-12;GO;40;140;CRISTALINA;Ultrapassagem Indevida;Sem Vítimas;3;Céu Claro;Amanhecer;quarta-feira;Colisão lateral mesmo sentido;Simples;0;0;-16.953749;-47.279249;Segura;Centro-Oeste;2 Trimestre
619785;2024.0;n;8.0;2024-08-08;MS;163;32;MUNDO NOVO;Reação tardia ou ineficiente do condutor;Com Vítimas Feridas;1;Chuva;Plena Noite;quinta-feira;Saída de leito carroçável;Simples;0;1;-23.83294599;-54.33311204;Perigosa;Centro-Oeste;3 Trimestre
575134;2024.0;n;1.0;2024-01-16;PR;277;312,6;GUARAPUAVA;Condutor deixou de manter distância do veículo da frente;Sem Vítimas;4;Céu Claro;Pleno dia;terça-feira;Colisão lateral mesmo sentido;Simples;0;0;-25.32395317;-51.19272709;Segura;Sul;1 Trimestre
609088;2024.0;n;6.0;2024-06-21;ES;262;95;DOMINGOS MARTINS;Desrespeitar a preferência no cruzamento;Com Vítimas Feridas;2;Céu Claro;Plena Noite;sexta-feira;Colisão transversal;Simples;0;0;-20.3659225;-41.06040133;Segura;Sudeste;2 Trimestre
581143;2024.0;n;2.0;2024-02-14;PR;376;530,3;PONTA GROSSA;Ausência de reação do condutor;Com Vítimas Feridas;8;Chuva;Pleno dia;quarta-feira;Colisão lateral mesmo sentido;Dupla;0;0;-25.33411669;-49.85609969;Segura;Sul;1 Trimestre
668480;2025.0;n;3.0;2025-03-20;TO;153;187,4;NOVA OLINDA;Transitar na contramão;Com Vítimas Fatais;4;Céu Claro;Anoitecer;quinta-feira;Colisão frontal;Simples;1;0;-7,53042978;-48,40403315;Perigosa;Norte;1 Trimestre
687226;2025.0;n;4.0;2025-04-25;PI;316;9;TERESINA;Manobra de mudança de faixa;Com Vítimas Feridas;2;Sol;Pleno dia;sexta-feira;Colisão lateral mesmo sentido;Múltipla;0;0;-5,1773899;-42,7655358;Segura;Nordeste;2 Trimestre
664399;2025.0;n;3.0;2025-03-01;MG;381;504,3;BETIM;Reação tardia ou ineficiente do condutor;Sem Vítimas;2;Céu Claro;Amanhecer;sábado;Colisão lateral mesmo sentido;Dupla;0;0;-20,030854;-44,236879;Segura;Sudeste;1 Trimestre
584994;2024.0;n;3.0;2024-03-04;PA;163;622;TRAIRAO;Reação tardia ou ineficiente do condutor;Com Vítimas Feridas;2;Nublado;Pleno dia;segunda-feira;Tombamento;Simples;0;1;-4.71056414;-56.01142789;Perigosa;Norte;1 Trimestre
597677;2024.0;y;5.0;2024-05-01;PR;277;10,5;PARANAGUA;Ingestão de álcool pelo condutor;Sem Vítimas;4;Nublado;Plena Noite;quarta-feira;Colisão traseira;Dupla;0;0;-25.56722719;-48.61965716;Segura;Sul;2 Trimestre
626427;2024.0;n;7.0;2024-07-05;ES;262;119,9;CONCEICAO DO CASTELO;Avarias e/ou desgaste excessivo no pneu;Com Vítimas Feridas;2;Céu Claro;Pleno dia;sexta-feira;Tombamento;Simples;0;0;-20.30808632;-41.24087334;Segura;Sudeste;3 Trimestre
630479;2024.0;n;9.0;2024-09-25;MG;40;521;CONTAGEM;Acessar a via sem observar a presença dos outros veículos;Sem Vítimas;2;Sol;Pleno dia;quarta-feira;Colisão traseira;Dupla;0;0;-19.85651501;-44.07213222;Segura;Sudeste;3 Trimestre
600321;2024.0;n;5.0;2024-05-10;RJ;116;229,3;PARACAMBI;Carga excessiva e/ou mal acondicionada;Sem Vítimas;3;Céu Claro;Pleno dia;sexta-feira;Colisão com objeto;Simples;0;0;-22.65646622;-43.82206692;Segura;Sudeste;2 Trimestre
606669;2024.0;n;6.0;2024-06-11;PI;343;184;PIRIPIRI;Desrespeitar a preferência no cruzamento;Com Vítimas Feridas;3;Céu Claro;Amanhecer;terça-feira;Colisão transversal;Simples;0;0;-4.272144;-41.761505;Segura;Nordeste;2 Trimestre
582452;2024.0;n;2.0;2024-02-21;GO;60;180,1;ABADIA DE GOIAS;Demais falhas mecânicas ou elétricas;Com Vítimas Feridas;1;Céu Claro;Pleno dia;quarta-feira;Saída de leito carroçável;Dupla;0;0;-16.77534347;-49.48721062;Segura;Centro-Oeste;1 Trimestre
614986;2024.0;n;7.0;2024-07-17;MG;381;528;BRUMADINHO;Condutor deixou de manter distância do veículo da frente;Com Vítimas Feridas;5;Céu Claro;Pleno dia;quarta-feira;Colisão traseira;Dupla;0;0;-20.164665;-44.337003;Segura;Sudeste;3 Trimestre
661258;2025.0;n;2.0;2025-02-14;PR;376;4,2;JANDAIA DO SUL;Ultrapassagem Indevida;Com Vítimas Feridas;3;Céu Claro;Pleno dia;sexta-feira;Colisão lateral mesmo sentido;Dupla;0;1;-23,59157532;-51,62024975;Perigosa;Sul;1 Trimestre
630494;2024.0;n;9.0;2024-09-25;BA;242;323;ANDARAI;Reação tardia ou ineficiente do condutor;Com Vítimas Fatais;2;Céu Claro;Pleno dia;quarta-feira;Saída de leito carroçável;Simples;1;0;-12.46733959;-41.08997199;Perigosa;Nordeste;3 Trimestre
630209;2024.0;n;9.0;2024-09-24;PR;116;105;SAO JOSE DOS PINHAIS;Condutor deixou de manter distância do veículo da frente;Sem Vítimas;2;Céu Claro;Pleno dia;terça-feira;Colisão traseira;Dupla;0;0;-25.570465;-49.214748;Segura;Sul;3 Trimestre
628241;2024.0;n;9.0;2024-09-15;GO;80;3,8;PADRE BERNARDO;Velocidade Incompatível;Com Vítimas Feridas;4;Céu Claro;Amanhecer;domingo;Tombamento;Simples;0;0;-15.50047;-48.220239;Segura;Centro-Oeste;3 Trimestre
603584;2024.0;n;5.0;2024-05-28;CE;222;56;SAO GONCALO DO AMARANTE;Ausência de reação do condutor;Sem Vítimas;3;Sol;Pleno dia;terça-feira;Colisão lateral sentido oposto;Simples;0;0;-3.6696788;-39.04523401;Segura;Nordeste;2 Trimestre
577486;2024.0;n;1.0;2024-01-27;ES;101;278,8;SERRA;Condutor Dormindo;Sem Vítimas;2;Chuva;Plena Noite;sábado;Colisão com objeto;Múltipla;0;0;-20.21782167;-40.33571547;Segura;Sudeste;1 Trimestre
602256;2024.0;n;5.0;2024-05-22;TO;153;734;FIGUEIROPOLIS;Demais falhas mecânicas ou elétricas;Com Vítimas Feridas;2;Céu Claro;Pleno dia;quarta-feira;Colisão traseira;Simples;0;0;-12.24414003;-49.1585705;Segura;Norte;2 Trimestre
598118;2024.0;n;5.0;2024-05-03;PA;163;610,1;ITAITUBA;Velocidade Incompatível;Com Vítimas Feridas;6;Céu Claro;Pleno dia;sexta-feira;Colisão lateral sentido oposto;Simples;0;0;-4.77045576;-56.10263595;Segura;Norte;2 Trimestre
655701;2025.0;n;1.0;2025-01-17;MT;163;117;RONDONOPOLIS;Reação tardia ou ineficiente do condutor;Sem Vítimas;8;Nublado;Anoitecer;sexta-feira;Colisão transversal;Dupla;0;0;-16,50982618;-54,6535027;Segura;Centro-Oeste;1 Trimestre
662320;2025.0;n;2.0;2025-02-19;RJ;116;172;SAO JOAO DE MERITI;Ausência de reação do condutor;Com Vítimas Feridas;3;Céu Claro;Pleno dia;quarta-feira;Colisão traseira;Múltipla;0;0;-22,80188151;-43,35043673;Segura;Sudeste;1 Trimestre
617457;2024.0;n;6.0;2024-06-06;GO;364;19;PARANAIGUARA;Mal súbito do condutor;Com Vítimas Feridas;2;Céu Claro;Pleno dia;quinta-feira;Saída de leito carroçável;Simples;0;0;-18.937643;-50.641537;Segura;Centro-Oeste;2 Trimestre
657944;2025.0;n;1.0;2025-01-28;MG;40;771,9;JUIZ DE FORA;Demais falhas mecânicas ou elétricas;Com Vítimas Feridas;4;Chuva;Plena Noite;terça-feira;Saída de leito carroçável;Simples;0;0;-21,60932712;-43,45892723;Segura;Sudeste;1 Trimestre
653847;2025.0;n;1.0;2025-01-08;SC;101;100,8;BALNEARIO PICARRAS;Condutor deixou de manter distância do veículo da frente;Sem Vítimas;7;Nublado;Pleno dia;quarta-feira;Engavetamento;Dupla;0;0;-26,75482787;-48,68993675;Segura;Sul;1 Trimestre
666102;2025.0;n;3.0;2025-03-09;PA;163;83;ALTAMIRA;Pista esburacada;Com Vítimas Feridas;7;Céu Claro;Amanhecer;domingo;Colisão lateral sentido oposto;Simples;0;1;-8,81936443;-54,97001432;Perigosa;Norte;1 Trimestre
617802;2024.0;n;7.0;2024-07-30;MG;381;942;EXTREMA;Entrada inopinada do pedestre;Com Vítimas Feridas;2;Nublado;Plena Noite;terça-feira;Atropelamento de Pedestre;Dupla;0;1;-22.87318259;-46.36318153;Perigosa;Sudeste;3 Trimestre
596444;2024.0;n;4.0;2024-04-26;MT;70;563,3;NOSSA SENHORA DO LIVRAMENTO;Condutor Dormindo;Com Vítimas Feridas;4;Céu Claro;Plena Noite;sexta-feira;Colisão frontal;Simples;0;1;-15.70287044;-56.40895844;Perigosa;Centro-Oeste;2 Trimestre
658899;2025.0;n;2.0;2025-02-02;PE;116;29;SALGUEIRO;Retorno proibido;Com Vítimas Feridas;2;Céu Claro;Plena Noite;domingo;Colisão lateral sentido oposto;Simples;0;1;-8,09494;-39,124596;Perigosa;Nordeste;1 Trimestre
579139;2024.0;n;2.0;2024-02-03;PB;230;151,1;CAMPINA GRANDE;Condutor deixou de manter distância do veículo da frente;Com Vítimas Feridas;3;Céu Claro;Pleno dia;sábado;Colisão traseira;Simples;0;1;-7.2587;-35.8778;Perigosa;Nordeste;1 Trimestre
691010;2025.0;n;4.0;2025-04-27;MG;262;548;LUZ;Reação tardia ou ineficiente do condutor;Com Vítimas Feridas;4;Sol;Pleno dia;domingo;Saída de leito carroçável;Simples;0;0;-19,721241;-45,875793;Segura;Sudeste;2 Trimestre
594488;2024.0;n;4.0;2024-04-17;MG;381;600;CARMOPOLIS DE MINAS;Ausência de reação do condutor;Com Vítimas Feridas;1;Nublado;Plena Noite;quarta-feira;Colisão com objeto;Dupla;0;1;-20.604395;-44.722072;Perigosa;Sudeste;2 Trimestre
662238;2025.0;n;2.0;2025-02-18;BA;116;603;IRAJUBA;Falta de acostamento;Sem Vítimas;2;Céu Claro;Anoitecer;terça-feira;Saída de leito carroçável;Simples;0;0;-13,22540422;-40,01948918;Segura;Nordeste;1 Trimestre
688324;2025.0;n;4.0;2025-04-30;GO;80;15;PADRE BERNARDO;Demais falhas mecânicas ou elétricas;Com Vítimas Feridas;1;Céu Claro;Pleno dia;quarta-feira;Tombamento;Simples;0;0;-15,415496;-48,200243;Segura;Centro-Oeste;2 Trimestre
657069;2025.0;n;1.0;2025-01-24;BA;101;435;MARAU;Objeto estático sobre o leito carroçável;Com Vítimas Feridas;3;Garoa/Chuvisco;Amanhecer;sexta-feira;Colisão com objeto;Simples;0;0;-14,229733;-39,319136;Segura;Nordeste;1 Trimestre
653467;2025.0;n;1.0;2025-01-06;SC;101;119;ITAJAI;Reação tardia ou ineficiente do condutor;Com Vítimas Feridas;2;Nublado;Pleno dia;segunda-feira;Colisão traseira;Múltipla;0;0;-26,9043179;-48,71555481;Segura;Sul;1 Trimestre
576827;2024.0;n;1.0;2024-01-24;PR;277;482;NOVA LARANJEIRAS;Demais falhas mecânicas ou elétricas;Sem Vítimas;4;Nublado;Pleno dia;quarta-feira;Tombamento;Simples;0;0;-25.27437517;-52.59403497;Segura;Sul;1 Trimestre
603741;2024.0;n;5.0;2024-05-29;MT;70;0;PONTAL DO ARAGUAIA;Acessar a via sem observar a presença dos outros veículos;Sem Vítimas;2;Céu Claro;Pleno dia;quarta-feira;Colisão lateral mesmo sentido;Simples;0;0;-15.895538;-52.25599;Segura;Centro-Oeste;2 Trimestre
666675;2025.0;n;3.0;2025-03-12;MG;40;668,7;CARANDAI;Demais falhas mecânicas ou elétricas;Sem Vítimas;1;Céu Claro;Amanhecer;quarta-feira;Incêndio;Simples;0;0;-20,96196513;-43,7881726;Segura;Sudeste;1 Trimestre
629404;2024.0;n;9.0;2024-09-20;RS;290;111,1;ELDORADO DO SUL;Manobra de mudança de faixa;Com Vítimas Feridas;3;Céu Claro;Pleno dia;sexta-feira;Colisão lateral mesmo sentido;Dupla;0;3;-30.032066;-51.325138;Perigosa;Sul;3 Trimestre
652642;2025.0;y;1.0;2025-01-01;RN;101;85,7;NATAL;Reação tardia ou ineficiente do condutor;Com Vítimas Feridas;1;Céu Claro;Plena Noite;quarta-feira;Colisão com objeto;Dupla;0;0;-5,78457455;-35,2464956;Segura;Nordeste;1 Trimestre
670087;2025.0;n;3.0;2025-03-28;BA;407;230;CAPIM GROSSO;Faixas de trânsito com largura insuficiente;Com Vítimas Feridas;3;Sol;Pleno dia;sexta-feira;Colisão lateral mesmo sentido;Simples;0;1;-11,37332;-40,01155;Perigosa;Nordeste;1 Trimestre
611503;2024.0;n;7.0;2024-07-02;RS;392;110,5;CANGUCU;Ausência de reação do condutor;Com Vítimas Fatais;3;Céu Claro;Pleno dia;terça-feira;Colisão frontal;Simples;1;0;-31.46286685;-52.63497175;Perigosa;Sul;3 Trimestre
616070;2024.0;n;7.0;2024-07-21;PA;163;563;TRAIRAO;Transitar na contramão;Com Vítimas Fatais;5;Céu Claro;Pleno dia;domingo;Colisão frontal;Simples;2;0;-5.10264995;-56.13090197;Perigosa;Norte;3 Trimestre
652544;2025.0;y;1.0;2025-01-01;PR;116;74;CAMPINA GRANDE DO SUL;Reação tardia ou ineficiente do condutor;Com Vítimas Feridas;2;Céu Claro;Pleno dia;quarta-feira;Saída de leito carroçável;Dupla;0;0;-25,36517687;-49,04223028;Segura;Sul;1 Trimestre
608772;2024.0;n;5.0;2024-05-11;MG;365;52;CLARO DOS POCOES;Estacionar ou parar em local proibido;Com Vítimas Feridas;4;Céu Claro;Plena Noite;sábado;Colisão traseira;Simples;0;1;-16.95683423;-44.24911273;Perigosa;Sudeste;2 Trimestre
593273;2024.0;n;4.0;2024-04-11;MG;365;645;UBERLANDIA;Ausência de reação do condutor;Sem Vítimas;3;Céu Claro;Pleno dia;quinta-feira;Colisão traseira;Dupla;0;0;-18.87775999;-48.512251;Segura;Sudeste;2 Trimestre
599230;2024.0;n;5.0;2024-05-09;CE;116;392;ICO;Ausência de reação do condutor;Com Vítimas Feridas;2;Céu Claro;Amanhecer;quinta-feira;Tombamento;Simples;0;0;-6.528917;-38.861458;Segura;Nordeste;2 Trimestre
591222;2024.0;n;4.0;2024-04-01;PR;376;470,7;PONTA GROSSA;Objeto estático sobre o leito carroçável;Com Vítimas Fatais;3;Céu Claro;Anoitecer;segunda-feira;Colisão traseira;Dupla;1;1;-25.0409359;-50.27017496;Perigosa;Sul;2 Trimestre
662201;2025.0;n;2.0;2025-02-18;PA;155;324;MARABA;Demais falhas mecânicas ou elétricas;Com Vítimas Feridas;2;Céu Claro;Pleno dia;terça-feira;Saída de leito carroçável;Simples;0;0;-5,53989402;-49,07533638;Segura;Norte;1 Trimestre
675131;2025.0;n;4.0;2025-04-16;MG;116;488,9;INHAPIM;Estacionar ou parar em local proibido;Com Vítimas Feridas;4;Chuva;Pleno dia;quarta-feira;Engavetamento;Simples;0;0;-19,46771319;-42,13403065;Segura;Sudeste;2 Trimestre
585491;2024.0;n;3.0;2024-03-06;GO;414;301;VILA PROPICIO;Ingestão de álcool pelo condutor;Sem Vítimas;2;Céu Claro;Plena Noite;quarta-feira;Colisão lateral mesmo sentido;Simples;0;0;-15.20091703;-48.70185812;Segura;Centro-Oeste;1 Trimestre
687274;2025.0;n;4.0;2025-04-25;PE;101;83,6;JABOATAO DOS GUARARAPES;Ausência de reação do condutor;Sem Vítimas;2;Céu Claro;Anoitecer;sexta-feira;Colisão lateral mesmo sentido;Dupla;0;0;-8,178395;-34,947429;Segura;Nordeste;2 Trimestre
621935;2024.0;n;8.0;2024-08-17;MG;381;357;JOAO MONLEVADE;Ausência de reação do condutor;Com Vítimas Fatais;3;Céu Claro;Plena Noite;sábado;Atropelamento de Pedestre;Simples;1;0;-19.84245671;-43.17136431;Perigosa;Sudeste;3 Trimestre
609771;2024.0;n;6.0;2024-06-24;SE;235;51,3;ITABAIANA;Ingestão de álcool pelo condutor;Com Vítimas Feridas;2;Nublado;Plena Noite;segunda-feira;Colisão lateral mesmo sentido;Simples;0;0;-10.700226;-37.431423;Segura;Nordeste;2 Trimestre
618605;2024.0;n;8.0;2024-08-02;RJ;116;178;MESQUITA;Ausência de reação do condutor;Com Vítimas Feridas;2;Céu Claro;Plena Noite;sexta-feira;Colisão traseira;Simples;0;1;-22.77496393;-43.40081465;Perigosa;Sudeste;3 Trimestre
668482;2025.0;n;3.0;2025-03-20;PR;277;137;BALSA NOVA;Velocidade Incompatível;Com Vítimas Feridas;2;Céu Claro;Pleno dia;quinta-feira;Tombamento;Dupla;0;0;-25,473065;-49,634557;Segura;Sul;1 Trimestre
607674;2024.0;n;6.0;2024-06-15;RS;116;38,5;VACARIA;Reação tardia ou ineficiente do condutor;Sem Vítimas;2;Chuva;Pleno dia;sábado;Colisão lateral mesmo sentido;Simples;0;0;-28.50935201;-50.92969894;Segura;Sul;2 Trimestre
630017;2024.0;n;9.0;2024-09-23;MS;262;373;TERENOS;Condutor Dormindo;Com Vítimas Feridas;2;Céu Claro;Pleno dia;segunda-feira;Tombamento;Simples;0;0;-20.49006975;-54.81069446;Segura;Centro-Oeste;3 Trimestre
585722;2024.0;n;3.0;2024-03-07;PE;101;46;IGARASSU;Trafegar com motocicleta (ou similar) entre as faixas;Com Vítimas Fatais;3;Céu Claro;Plena Noite;quinta-feira;Colisão lateral mesmo sentido;Dupla;1;0;-7.87406004;-34.90588126;Perigosa;Nordeste;1 Trimestre
686856;2025.0;n;4.0;2025-04-23;SC;153;64,4;IRANI;Ultrapassagem Indevida;Com Vítimas Fatais;5;Céu Claro;Amanhecer;quarta-feira;Colisão lateral sentido oposto;Simples;2;2;-27,01277155;-51,87751718;Perigosa;Sul;2 Trimestre
584973;2024.0;n;3.0;2024-03-04;BA;116;371;SERRINHA;Velocidade Incompatível;Com Vítimas Fatais;4;Chuva;Pleno dia;segunda-feira;Colisão frontal;Simples;1;0;-11.77335389;-38.98582792;Perigosa;Nordeste;1 Trimestre
599891;2024.0;n;5.0;2024-05-11;SC;116;58;PAPANDUVA;Reação tardia ou ineficiente do condutor;Sem Vítimas;4;Nublado;Plena Noite;sábado;Colisão lateral mesmo sentido;Simples;0;0;-26.37772259;-50.19785907;Segura;Sul;2 Trimestre
685404;2025.0;n;4.0;2025-04-17;MG;40;530,8;BELO HORIZONTE;Reação tardia ou ineficiente do condutor;Com Vítimas Feridas;2;Céu Claro;Pleno dia;quinta-feira;Colisão traseira;Simples;0;1;-19,919052;-44,0253779;Perigosa;Sudeste;2 Trimestre
619923;2024.0;n;8.0;2024-08-08;SC;470;261;CURITIBANOS;Reação tardia ou ineficiente do condutor;Com Vítimas Feridas;3;Chuva;Pleno dia;quinta-feira;Colisão lateral sentido oposto;Simples;0;4;-27.30013427;-50.67894459;Perigosa;Sul;3 Trimestre
656141;2025.0;n;1.0;2025-01-19;RS;386;240;SOLEDADE;Transitar na contramão;Com Vítimas Feridas;3;Nublado;Plena Noite;domingo;Colisão lateral sentido oposto;Simples;0;0;-28,766171;-52,533092;Segura;Sul;1 Trimestre
585018;2024.0;n;3.0;2024-03-04;PR;376;348;ORTIGUEIRA;Chuva;Com Vítimas Fatais;2;Chuva;Pleno dia;segunda-feira;Colisão frontal;Simples;2;0;-24.19572637;-50.95467567;Perigosa;Sul;1 Trimestre
627842;2024.0;n;9.0;2024-09-13;SC;280;25,8;ARAQUARI;Manobra de mudança de faixa;Com Vítimas Feridas;5;Céu Claro;Plena Noite;sexta-feira;Colisão lateral sentido oposto;Simples;0;1;-26.38352781;-48.72677516;Perigosa;Sul;3 Trimestre
594907;2024.0;n;4.0;2024-04-19;MG;116;525,9;CARATINGA;Acessar a via sem observar a presença dos outros veículos;Sem Vítimas;3;Céu Claro;Pleno dia;sexta-feira;Colisão transversal;Simples;0;0;-19.76833785;-42.13105238;Segura;Sudeste;2 Trimestre
601933;2024.0;n;5.0;2024-05-20;SP;116;504;CAJATI;Problema com o freio;Sem Vítimas;2;Céu Claro;Plena Noite;segunda-feira;Incêndio;Simples;0;0;-24.78266496;-48.20865858;Segura;Sudeste;2 Trimestre
597239;2024.0;n;4.0;2024-04-29;PE;101;61;RECIFE;Ingestão de álcool pelo condutor;Sem Vítimas;3;Céu Claro;Pleno dia;segunda-feira;Colisão transversal;Dupla;0;0;-7.99097103;-34.93598295;Segura;Nordeste;2 Trimestre
597234;2024.0;n;4.0;2024-04-29;SP;116;542;BARRA DO TURVO;Reação tardia ou ineficiente do condutor;Com Vítimas Feridas;1;Céu Claro;Pleno dia;segunda-feira;Colisão com objeto;Dupla;0;0;-24.96898395;-48.40753695;Segura;Sudeste;2 Trimestre
655914;2025.0;n;1.0;2025-01-18;PR;153;455,3;UNIAO DA VITORIA;Ingestão de álcool pelo condutor;Sem Vítimas;3;Nublado;Plena Noite;sábado;Colisão lateral sentido oposto;Simples;0;0;-26,19868889;-51,11166;Segura;Sul;1 Trimestre
672257;2025.0;n;4.0;2025-04-07;BA;242;628;MUQUEM DE SAO FRANCISCO;Transitar na contramão;Com Vítimas Feridas;6;Nublado;Plena Noite;segunda-feira;Colisão frontal;Simples;0;2;-12,17462;-43,39267;Perigosa;Nordeste;2 Trimestre
664212;2025.0;n;2.0;2025-02-28;RS;116;42,8;VACARIA;Acessar a via sem observar a presença dos outros veículos;Sem Vítimas;2;Céu Claro;Pleno dia;sexta-feira;Colisão transversal;Simples;0;0;-28,53519485;-50,96142948;Segura;Sul;1 Trimestre
620258;2024.0;n;8.0;2024-08-10;SP;116;218;GUARULHOS;Reação tardia ou ineficiente do condutor;Com Vítimas Feridas;2;Chuva;Pleno dia;sábado;Tombamento;Múltipla;0;0;-23.457972;-46.479927;Segura;Sudeste;3 Trimestre
658591;2025.0;n;2.0;2025-02-01;SP;116;216;GUARULHOS;Manobra de mudança de faixa;Com Vítimas Feridas;2;Garoa/Chuvisco;Pleno dia;sábado;Colisão traseira;Múltipla;0;0;-23,45056589;-46,46258105;Segura;Sudeste;1 Trimestre
626807;2024.0;n;9.0;2024-09-08;MG;116;581,5;MANHUACU;Transitar na contramão;Com Vítimas Fatais;4;Céu Claro;Plena Noite;domingo;Colisão frontal;Simples;1;0;-20.20514103;-42.18239627;Perigosa;Sudeste;3 Trimestre
612990;2024.0;n;7.0;2024-07-08;MS;163;730;COXIM;Reação tardia ou ineficiente do condutor;Com Vítimas Feridas;5;Céu Claro;Pleno dia;segunda-feira;Colisão frontal;Simples;0;0;-18.50978886;-54.73602351;Segura;Centro-Oeste;3 Trimestre
573697;2024.0;n;1.0;2024-01-10;SP;116;276;EMBU DAS ARTES;Condutor deixou de manter distância do veículo da frente;Com Vítimas Feridas;3;Céu Claro;Pleno dia;quarta-feira;Colisão traseira;Dupla;0;0;-23.62643913;-46.81720734;Segura;Sudeste;1 Trimestre
599726;2024.0;n;5.0;2024-05-11;SC;101;202,8;SAO JOSE;Reação tardia ou ineficiente do condutor;Com Vítimas Feridas;4;Céu Claro;Pleno dia;sábado;Colisão lateral mesmo sentido;Múltipla;0;0;-27.55711595;-48.61897889;Segura;Sul;2 Trimestre
607601;2024.0;n;6.0;2024-06-15;MG;40;628,9;CONSELHEIRO LAFAIETE;Retorno proibido;Com Vítimas Feridas;3;Céu Claro;Pleno dia;sábado;Colisão transversal;Simples;0;0;-20.64410984;-43.81128176;Segura;Sudeste;2 Trimestre