id;ano;feriado;mes;data_inversa;uf;br;km;municipio;causa_acidente;classificacao_acidente;veiculos;condicao_metereologica;fase_dia;dia_semana;tipo_acidente;tipo_pista;mortos;feridos_graves;latitude;longitude;status;regiao;periodo
614671;2024.0;n;7.0;2024-07-15;GO;40;1;VALPARAISO DE GOIAS;Frear bruscamente;Com Vítimas Feridas;3;Céu Claro;Pleno dia;segunda-feira;Colisão traseira;Dupla;0;0;-16.058245;-47.982825;Segura;Centro-Oeste;3 Trimestre
624426;2024.0;n;8.0;2024-08-21;PE;101;9;GOIANA;Demais falhas mecânicas ou elétricas;Sem Vítimas;3;Céu Claro;Pleno dia;quarta-feira;Saída de leito carroçável;Dupla;0;0;-7.57788903;-34.98847822;Segura;Nordeste;3 Trimestre
691804;2025.0;n;3.0;2025-03-15;ES;101;67;SAO MATEUS;Condutor desrespeitou a iluminação vermelha do semáforo;Com Vítimas Feridas;4;Sol;Pleno dia;sábado;Colisão transversal;Simples;0;2;-18,72802869;-39,85997558;Perigosa;Sudeste;1 Trimestre
686160;2025.0;n;4.0;2025-04-16;SP;116;322;JUQUITIBA;Entrada inopinada do pedestre;Com Vítimas Fatais;3;Céu Claro;Plena Noite;quarta-feira;Atropelamento de Pedestre;Dupla;1;0;-23,936243;-47,035291;Perigosa;Sudeste;2 Trimestre
587062;2024.0;n;3.0;2024-03-13;BA;330;830;IPIAU;Acessar a via sem observar a presença dos outros veículos;Com Vítimas Feridas;2;Céu Claro;Pleno dia;quarta-feira;Colisão transversal;Simples;0;1;-14.08149106;-39.78114237;Perigosa;Nordeste;1 Trimestre
605110;2024.0;n;6.0;2024-06-04;BA;418;93,4;NOVA VICOSA;Acessar a via sem observar a presença dos outros veículos;Com Vítimas Feridas;2;Céu Claro;Pleno dia;terça-feira;Tombamento;Simples;0;1;-17.882168;-39.864103;Perigosa;Nordeste;2 Trimestre
586555;2024.0;n;3.0;2024-03-11;RS;116;264;CANOAS;Ingestão de álcool pelo condutor;Com Vítimas Feridas;1;Céu Claro;Pleno dia;segunda-feira;Colisão com objeto;Dupla;0;0;-29.9144350045;-51.1775449528;Segura;Sul;1 Trimestre
591510;2024.0;n;4.0;2024-04-03;PB;230;112,2;INGA;Manobra de mudança de faixa;Sem Vítimas;2;Céu Claro;Pleno dia;quarta-feira;Colisão lateral mesmo sentido;Dupla;0;0;-7.21671243;-35.59488773;Segura;Nordeste;2 Trimestre
669264;2025.0;n;3.0;2025-03-24;MG;381;515;IGARAPE;Ausência de reação do condutor;Com Vítimas Feridas;3;Chuva;Pleno dia;segunda-feira;Colisão traseira;Dupla;0;0;-20,09919202;-44,31770361;Segura;Sudeste;1 Trimestre
616309;2024.0;n;7.0;2024-07-23;ES;101;153;LINHARES;Manobra de mudança de faixa;Com Vítimas Feridas;3;Céu Claro;Pleno dia;terça-feira;Colisão lateral sentido oposto;Simples;0;0;-19.423338;-40.07872401;Segura;Sudeste;3 Trimestre
672613;2025.0;n;4.0;2025-04-09;MG;50;180;UBERABA;Reação tardia ou ineficiente do condutor;Sem Vítimas;4;Chuva;Anoitecer;quarta-feira;Engavetamento;Simples;0;0;-19,7778426;-47,92198674;Segura;Sudeste;2 Trimestre
653534;2025.0;n;1.0;2025-01-06;SC;470;54,1;BLUMENAU;Acessar a via sem observar a presença dos outros veículos;Sem Vítimas;2;Céu Claro;Pleno dia;segunda-feira;Colisão transversal;Simples;0;0;-26,87407627;-49,11412239;Segura;Sul;1 Trimestre
667163;2025.0;n;3.0;2025-03-14;PR;116;106,3;SAO JOSE DOS PINHAIS;Reação tardia ou ineficiente do condutor;Sem Vítimas;2;Nublado;Pleno dia;sexta-feira;Colisão traseira;Múltipla;0;0;-25,56987901;-49,21983177;Segura;Sul;1 Trimestre
671888;2025.0;n;4.0;2025-04-06;MS;163;477;CAMPO GRANDE;Ausência de reação do condutor;Sem Vítimas;4;Céu Claro;Plena Noite;domingo;Colisão lateral sentido oposto;Simples;0;0;-20,50522354;-54,55537666;Segura;Centro-Oeste;2 Trimestre
593379;2024.0;n;4.0;2024-04-11;MG;381;877,1;ESTIVA;Objeto estático sobre o leito carroçável;Com Vítimas Fatais;3;Nublado;Plena Noite;quinta-feira;Saída de leito carroçável;Dupla;1;0;-22.48184;-46.010895;Perigosa;Sudeste;2 Trimestre
627217;2024.0;n;9.0;2024-09-10;SC;116;36,5;ITAIOPOLIS;Demais falhas mecânicas ou elétricas;Sem Vítimas;2;Céu Claro;Plena Noite;terça-feira;Incêndio;Simples;0;0;-26.3385056;-50.01471809;Segura;Sul;3 Trimestre
593924;2024.0;n;4.0;2024-04-13;AM;174;940;MANAUS;Reação tardia ou ineficiente do condutor;Com Vítimas Fatais;2;Céu Claro;Amanhecer;sábado;Atropelamento de Pedestre;Simples;1;0;-2.48720599;-60.03295106;Perigosa;Norte;2 Trimestre
576668;2024.0;n;1.0;2024-01-23;PR;153;399;TIBAGI;Reação tardia ou ineficiente do condutor;Sem Vítimas;2;Nublado;Pleno dia;terça-feira;Saída de leito carroçável;Dupla;0;0;-24.54576529;-50.69091007;Segura;Sul;1 Trimestre
594235;2024.0;n;4.0;2024-04-15;PR;376;408,9;TIBAGI;Ausência de reação do condutor;Com Vítimas Feridas;2;Garoa/Chuvisco;Plena Noite;segunda-feira;Colisão traseira;Dupla;0;1;-24.61000061;-50.65722274;Perigosa;Sul;2 Trimestre
585138;2024.0;n;2.0;2024-02-14;PR;277;38;MORRETES;Acumulo de óleo sobre o pavimento;Com Vítimas Feridas;4;Chuva;Pleno dia;quarta-feira;Colisão traseira;Dupla;0;0;-25.5658447055;-48.8111626896;Segura;Sul;1 Trimestre
578514;2024.0;n;2.0;2024-02-02;MG;267;70;BICAS;Reação tardia ou ineficiente do condutor;Com Vítimas Feridas;4;Garoa/Chuvisco;Pleno dia;sexta-feira;Colisão frontal;Simples;0;0;-21.74480506;-43.13260598;Segura;Sudeste;1 Trimestre
595755;2024.0;n;4.0;2024-04-22;RJ;40;122;DUQUE DE CAXIAS;Ausência de reação do condutor;Com Vítimas Feridas;2;Céu Claro;Anoitecer;segunda-feira;Colisão traseira;Dupla;0;0;-22.79083113;-43.28611569;Segura;Sudeste;2 Trimestre
655041;2025.0;n;1.0;2025-01-14;PR;373;274;PRUDENTOPOLIS;Reação tardia ou ineficiente do condutor;Com Vítimas Feridas;1;Céu Claro;Pleno dia;terça-feira;Saída de leito carroçável;Simples;0;0;-25,25079972;-51,05699658;Segura;Sul;1 Trimestre
593037;2024.0;n;4.0;2024-04-10;MG;381;435;SABARA;Pedestre andava na pista;Com Vítimas Feridas;2;Céu Claro;Amanhecer;quarta-feira;Atropelamento de Pedestre;Simples;0;1;-19.80010099;-43.75771301;Perigosa;Sudeste;2 Trimestre
585673;2024.0;n;3.0;2024-03-07;MA;135;3,7;SAO LUIS;Acessar a via sem observar a presença dos outros veículos;Com Vítimas Feridas;2;Nublado;Pleno dia;quinta-feira;Colisão transversal;Dupla;0;1;-2.6101647;-44.2496717;Perigosa;Nordeste;1 Trimestre
604199;2024.0;n;5.0;2024-05-31;PE;232;257;ARCOVERDE;Transitar na contramão;Com Vítimas Fatais;2;Céu Claro;Pleno dia;sexta-feira;Colisão frontal;Simples;1;0;-8.40876559;-37.10231195;Perigosa;Nordeste;2 Trimestre
685690;2025.0;n;3.0;2025-03-17;PE;101;89;JABOATAO DOS GUARARAPES;Condutor Dormindo;Com Vítimas Feridas;1;Sol;Pleno dia;segunda-feira;Saída de leito carroçável;Dupla;0;0;-8,214015;-34,98701;Segura;Nordeste;1 Trimestre
686907;2025.0;n;4.0;2025-04-23;MG;356;272,1;MURIAE;Condutor Dormindo;Com Vítimas Feridas;2;Nublado;Pleno dia;quarta-feira;Colisão lateral sentido oposto;Simples;0;0;-21,135476;-42,315797;Segura;Sudeste;2 Trimestre
590457;2024.0;y;3.0;2024-03-29;SP;116;407;MIRACATU;Ausência de reação do condutor;Com Vítimas Feridas;3;Céu Claro;Plena Noite;sexta-feira;Colisão traseira;Dupla;0;0;-24.32689195;-47.56569901;Segura;Sudeste;1 Trimestre
658161;2025.0;n;1.0;2025-01-30;BA;116;864;VITORIA DA CONQUISTA;Reação tardia ou ineficiente do condutor;Com Vítimas Feridas;2;Céu Claro;Amanhecer;quinta-feira;Saída de leito carroçável;Simples;0;0;-15,0848343;-41,01118151;Segura;Nordeste;1 Trimestre
610198;2024.0;n;6.0;2024-06-26;MG;365;625,7;UBERLANDIA;Velocidade Incompatível;Com Vítimas Feridas;2;Céu Claro;Pleno dia;quarta-feira;Tombamento;Dupla;0;0;-18.90585472;-48.32526001;Segura;Sudeste;2 Trimestre
600470;2024.0;n;5.0;2024-05-14;PR;277;219;TEIXEIRA SOARES;Velocidade Incompatível;Com Vítimas Feridas;3;Chuva;Pleno dia;terça-feira;Tombamento;Simples;0;0;-25.46666689;-50.36874801;Segura;Sul;2 Trimestre
660158;2025.0;n;2.0;2025-02-08;RS;386;386;TABAI;Acessar a via sem observar a presença dos outros veículos;Com Vítimas Feridas;3;Céu Claro;Plena Noite;sábado;Colisão lateral mesmo sentido;Dupla;0;0;-29,688717;-51,717327;Segura;Sul;1 Trimestre
582971;2024.0;n;2.0;2024-02-24;MG;40;512;RIBEIRAO DAS NEVES;Velocidade Incompatível;Com Vítimas Feridas;5;Céu Claro;Pleno dia;sábado;Colisão lateral mesmo sentido;Simples;0;2;-19.78946999;-44.11290699;Perigosa;Sudeste;1 Trimestre
573225;2024.0;n;1.0;2024-01-07;MG;40;426;PARAOPEBA;Acessar a via sem observar a presença dos outros veículos;Com Vítimas Feridas;2;Nublado;Plena Noite;domingo;Colisão traseira;Dupla;0;1;-19.16811528;-44.51542722;Perigosa;Sudeste;1 Trimestre
603309;2024.0;n;5.0;2024-05-27;PE;101;54,8;PAULISTA;Reação tardia ou ineficiente do condutor;Com Vítimas Feridas;2;Céu Claro;Pleno dia;segunda-feira;Colisão traseira;Simples;0;1;-7.94806621;-34.9062148;Perigosa;Nordeste;2 Trimestre
587369;2024.0;n;3.0;2024-03-15;BA;324;612,4;SALVADOR;Trafegar com motocicleta (ou similar) entre as faixas;Com Vítimas Feridas;3;Céu Claro;Pleno dia;sexta-feira;Colisão lateral mesmo sentido;Dupla;0;0;-12.84664721;-38.41741648;Segura;Nordeste;1 Trimestre
598969;2024.0;n;5.0;2024-05-08;PA;163;617;TRAIRAO;Curva acentuada;Com Vítimas Feridas;2;Céu Claro;Plena Noite;quarta-feira;Tombamento;Simples;0;0;-4.73795095;-56.05091106;Segura;Norte;2 Trimestre
591891;2024.0;n;4.0;2024-04-05;PI;343;314,8;ALTOS;Manobra de mudança de faixa;Com Vítimas Feridas;2;Céu Claro;Pleno dia;sexta-feira;Colisão lateral mesmo sentido;Simples;0;0;-5.047346;-42.518414;Segura;Nordeste;2 Trimestre
672152;2025.0;n;4.0;2025-04-07;SC;470;104;APIUNA;Velocidade Incompatível;Com Vítimas Feridas;1;Chuva;Pleno dia;segunda-feira;Saída de leito carroçável;Simples;0;1;-27,061583;-49,413956;Perigosa;Sul;2 Trimestre
582972;2024.0;n;2.0;2024-02-24;SP;116;215;GUARULHOS;Reação tardia ou ineficiente do condutor;Com Vítimas Feridas;3;Céu Claro;Pleno dia;sábado;Colisão lateral mesmo sentido;Múltipla;0;2;-23.44695693;-46.45394103;Perigosa;Sudeste;1 Trimestre
687103;2025.0;n;4.0;2025-04-24;MG;40;660,4;CARANDAI;Ausência de reação do condutor;Sem Vítimas;2;Nublado;Plena Noite;quinta-feira;Colisão traseira;Simples;0;0;-20,90366049;-43,82767573;Segura;Sudeste;2 Trimestre
617561;2024.0;n;7.0;2024-07-28;MT;174;6;PONTES E LACERDA;Desrespeitar a preferência no cruzamento;Com Vítimas Feridas;2;Céu Claro;Plena Noite;domingo;Colisão transversal;Simples;0;1;-15.22684916;-59.34942484;Perigosa;Centro-Oeste;3 Trimestre
588839;2024.0;n;3.0;2024-03-21;RJ;116;229;PIRAI;Velocidade Incompatível;Com Vítimas Feridas;1;Céu Claro;Pleno dia;quinta-feira;Colisão com objeto;Simples;0;0;-22.66355363;-43.84062168;Segura;Sudeste;1 Trimestre
664977;2025.0;n;3.0;2025-03-03;MG;40;822,9;SIMAO PEREIRA;Ausência de reação do condutor;Com Vítimas Feridas;1;Céu Claro;Pleno dia;segunda-feira;Saída de leito carroçável;Dupla;0;0;-21,97456869;-43,28498483;Segura;Sudeste;1 Trimestre
673240;2025.0;n;4.0;2025-04-12;MG;40;461;SETE LAGOAS;Carga excessiva e/ou mal acondicionada;Com Vítimas Feridas;1;Céu Claro;Plena Noite;sábado;Tombamento;Dupla;0;0;-19,46173;-44,30399;Segura;Sudeste;2 Trimestre
607309;2024.0;n;6.0;2024-06-13;MT;70;523;VARZEA GRANDE;Ausência de reação do condutor;Com Vítimas Feridas;2;Céu Claro;Plena Noite;quinta-feira;Colisão traseira;Simples;0;1;-15.65780689;-56.18891716;Perigosa;Centro-Oeste;2 Trimestre
628009;2024.0;n;9.0;2024-09-04;GO;158;199,6;JATAI;Carga excessiva e/ou mal acondicionada;Com Vítimas Feridas;3;Céu Claro;Plena Noite;quarta-feira;Tombamento;Simples;0;0;-17.30699095;-51.88400189;Segura;Centro-Oeste;3 Trimestre
653147;2025.0;n;1.0;2025-01-04;BA;242;294;LAJEDINHO;Acessar a via sem observar a presença dos outros veículos;Com Vítimas Feridas;2;Céu Claro;Pleno dia;sábado;Colisão transversal;Simples;0;0;-12,43874222;-40,84106995;Segura;Nordeste;1 Trimestre
688297;2025.0;n;4.0;2025-04-30;CE;116;82,1;CASCAVEL;Ultrapassagem Indevida;Com Vítimas Fatais;2;Céu Claro;Pleno dia;quarta-feira;Colisão frontal;Simples;5;0;-4,414375;-38,410542;Perigosa;Nordeste;2 Trimestre
605858;2024.0;n;6.0;2024-06-07;PI;343;48,8;BURITI DOS LOPES;Ingestão de álcool pelo condutor;Sem Vítimas;2;Nublado;Plena Noite;sexta-feira;Colisão transversal;Simples;0;0;-3.17707107;-41.8657279;Segura;Nordeste;2 Trimestre
602486;2024.0;n;5.0;2024-05-03;ES;101;293;CARIACICA;Reação tardia ou ineficiente do condutor;Com Vítimas Feridas;2;Céu Claro;Plena Noite;sexta-feira;Colisão traseira;Dupla;0;0;-20.31526144;-40.39567044;Segura;Sudeste;2 Trimestre
596883;2024.0;n;4.0;2024-04-28;SP;116;47,3;CANAS;Condutor Dormindo;Com Vítimas Feridas;1;Céu Claro;Amanhecer;domingo;Saída de leito carroçável;Dupla;0;0;-22.71946606;-45.06109596;Segura;Sudeste;2 Trimestre
659816;2025.0;n;2.0;2025-02-07;PR;277;40,7;MORRETES;Demais falhas mecânicas ou elétricas;Com Vítimas Feridas;1;Sol;Pleno dia;sexta-feira;Saída de leito carroçável;Dupla;0;0;-25,5805709;-48,8755047;Segura;Sul;1 Trimestre
672923;2025.0;n;4.0;2025-04-11;MA;10;149;PORTO FRANCO;Reação tardia ou ineficiente do condutor;Com Vítimas Fatais;6;Céu Claro;Amanhecer;sexta-feira;Tombamento;Simples;1;0;-6,41037;-47,39246;Perigosa;Nordeste;2 Trimestre
576256;2024.0;n;1.0;2024-01-21;RS;386;100,4;SAO JOSE DAS MISSOES;Reação tardia ou ineficiente do condutor;Com Vítimas Feridas;2;Céu Claro;Pleno dia;domingo;Saída de leito carroçável;Simples;0;1;-27.75826924;-53.12028453;Perigosa;Sul;1 Trimestre
617530;2024.0;n;7.0;2024-07-28;PR;376;303,5;MAUA DA SERRA;Velocidade Incompatível;Com Vítimas Feridas;3;Céu Claro;Anoitecer;domingo;Tombamento;Dupla;0;0;-23.93470963;-51.13824606;Segura;Sul;3 Trimestre
596174;2024.0;n;4.0;2024-04-25;SP;381;86;SAO PAULO;Mal súbito do condutor;Com Vítimas Fatais;3;Céu Claro;Plena Noite;quinta-feira;Atropelamento de Pedestre;Múltipla;1;0;-23.45930499;-46.57161179;Perigosa;Sudeste;2 Trimestre
673381;2025.0;n;3.0;2025-03-29;BA;101;183;SAO GONCALO DOS CAMPOS;Ultrapassagem Indevida;Com Vítimas Feridas;4;Céu Claro;Pleno dia;sábado;Colisão lateral sentido oposto;Simples;0;0;-12,46178121;-38,93245697;Segura;Nordeste;1 Trimestre
584979;2024.0;n;2.0;2024-02-18;SC;101;58;ARAQUARI;Ausência de reação do condutor;Com Vítimas Feridas;5;Nublado;Amanhecer;domingo;Engavetamento;Múltipla;0;1;-26.44025049;-48.80129043;Perigosa;Sul;1 Trimestre
658572;2025.0;n;2.0;2025-02-01;MG;50;15;UBERLANDIA;Velocidade Incompatível;Com Vítimas Feridas;2;Nublado;Pleno dia;sábado;Tombamento;Simples;0;0;-18,9113;-48,2622;Segura;Sudeste;1 Trimestre
669148;2025.0;n;3.0;2025-03-23;SP;116;544;BARRA DO TURVO;Reação tardia ou ineficiente do condutor;Com Vítimas Feridas;2;Céu Claro;Plena Noite;domingo;Tombamento;Simples;0;0;-24,95016699;-48,42400302;Segura;Sudeste;1 Trimestre
601696;2024.0;n;5.0;2024-05-19;SC;101;417,1;ARARANGUA;Manobra de mudança de faixa;Com Vítimas Feridas;3;Garoa/Chuvisco;Plena Noite;domingo;Colisão lateral mesmo sentido;Múltipla;0;0;-28.978694;-49.535236;Segura;Sul;2 Trimestre
587609;2024.0;n;3.0;2024-03-16;AL;101;10,6;NOVO LINO;Condutor Dormindo;Com Vítimas Fatais;2;Céu Claro;Amanhecer;sábado;Atropelamento de Pedestre;Dupla;1;0;-8.9481489;-35.66640005;Perigosa;Nordeste;1 Trimestre
629739;2024.0;n;9.0;2024-09-22;GO;364;204;JATAI;Reação tardia ou ineficiente do condutor;Com Vítimas Feridas;4;Céu Claro;Plena Noite;domingo;Tombamento;Simples;0;0;-17.907591;-51.791985;Segura;Centro-Oeste;3 Trimestre
607338;2024.0;n;6.0;2024-06-14;BA;242;582;IBOTIRAMA;Reação tardia ou ineficiente do condutor;Com Vítimas Feridas;2;Céu Claro;Amanhecer;sexta-feira;Colisão traseira;Simples;0;0;-12.045217;-43.07932;Segura;Nordeste;2 Trimestre
578875;2024.0;n;1.0;2024-01-24;BA;242;405;SEABRA;Condutor deixou de manter distância do veículo da frente;Sem Vítimas;4;Céu Claro;Pleno dia;quarta-feira;Colisão traseira;Simples;0;0;-12.48810878;-41.72887312;Segura;Nordeste;1 Trimestre
580699;2024.0;n;2.0;2024-02-12;MG;267;148;LIMA DUARTE;Condutor Dormindo;Com Vítimas Feridas;1;Nublado;Plena Noite;segunda-feira;Saída de leito carroçável;Simples;0;0;-21.81126926;-43.73579976;Segura;Sudeste;1 Trimestre
602340;2024.0;n;5.0;2024-05-23;SP;116;513;CAJATI;Ausência de reação do condutor;Com Vítimas Feridas;2;Garoa/Chuvisco;Plena Noite;quinta-feira;Tombamento;Dupla;0;1;-24.85109616;-48.21802405;Perigosa;Sudeste;2 Trimestre
575277;2024.0;n;1.0;2024-01-06;CE;116;329;JAGUARIBE;Transitar na contramão;Com Vítimas Fatais;3;Céu Claro;Pleno dia;sábado;Colisão frontal;Simples;1;0;-6.06670189;-38.65279927;Perigosa;Nordeste;1 Trimestre
628173;2024.0;n;9.0;2024-09-15;DF;20;51;BRASILIA;Demais falhas mecânicas ou elétricas;Sem Vítimas;2;Céu Claro;Anoitecer;domingo;Incêndio;Dupla;0;0;-15.580705;-47.41259;Segura;Centro-Oeste;3 Trimestre
611849;2024.0;n;7.0;2024-07-03;MT;163;87;RONDONOPOLIS;Demais falhas mecânicas ou elétricas;Sem Vítimas;2;Céu Claro;Anoitecer;quarta-feira;Incêndio;Dupla;0;0;-16.76443595;-54.65835311;Segura;Centro-Oeste;3 Trimestre
580220;2024.0;n;2.0;2024-02-10;MG;381;636,9;SANTO ANTONIO DO AMPARO;Velocidade Incompatível;Com Vítimas Feridas;2;Nublado;Pleno dia;sábado;Saída de leito carroçável;Dupla;0;0;-20.89141186;-44.8525565;Segura;Sudeste;1 Trimestre
623814;2024.0;n;8.0;2024-08-26;TO;153;393;RIO DOS BOIS;Ausência de reação do condutor;Com Vítimas Feridas;4;Céu Claro;Pleno dia;segunda-feira;Colisão traseira;Simples;0;1;-9.35274923;-48.5436847;Perigosa;Norte;3 Trimestre
623128;2024.0;n;8.0;2024-08-23;MA;135;50;BACABEIRA;Acessar a via sem observar a presença dos outros veículos;Com Vítimas Feridas;4;Céu Claro;Pleno dia;sexta-feira;Colisão transversal;Dupla;0;1;-2.96378009;-44.32065224;Perigosa;Nordeste;3 Trimestre
602226;2024.0;n;5.0;2024-05-22;SP;116;161;JACAREI;Reação tardia ou ineficiente do condutor;Com Vítimas Feridas;3;Sol;Pleno dia;quarta-feira;Colisão lateral mesmo sentido;Dupla;0;0;-23.27617003;-45.97592098;Segura;Sudeste;2 Trimestre
664854;2025.0;n;3.0;2025-03-02;MT;163;1056;GUARANTA DO NORTE;Condutor deixou de manter distância do veículo da frente;Sem Vítimas;3;Céu Claro;Plena Noite;domingo;Colisão lateral mesmo sentido;Simples;0;0;-10,032408;-54,909714;Segura;Centro-Oeste;1 Trimestre
587135;2024.0;n;3.0;2024-03-13;PR;163;38,6;SANTO ANTONIO DO SUDOESTE;Ausência de reação do condutor;Com Vítimas Feridas;2;Céu Claro;Plena Noite;quarta-feira;Colisão frontal;Simples;0;1;-26.04074358;-53.72910976;Perigosa;Sul;1 Trimestre
619493;2024.0;n;8.0;2024-08-06;RS;386;356,6;ESTRELA;Acessar a via sem observar a presença dos outros veículos;Com Vítimas Feridas;2;Nublado;Pleno dia;terça-feira;Colisão transversal;Dupla;0;0;-29.522612;-51.935017;Segura;Sul;3 Trimestre
579516;2024.0;n;2.0;2024-02-07;RS;153;39,3;ERECHIM;Ultrapassagem Indevida;Com Vítimas Feridas;3;Céu Claro;Pleno dia;quarta-feira;Colisão lateral mesmo sentido;Simples;0;1;-27.58082872;-52.22808233;Perigosa;Sul;1 Trimestre
588771;2024.0;n;3.0;2024-03-21;AL;101;150;JEQUIA DA PRAIA;Velocidade Incompatível;Com Vítimas Feridas;3;Céu Claro;Pleno dia;quinta-feira;Colisão com objeto;Dupla;0;0;-9.89281265;-36.14986086;Segura;Nordeste;1 Trimestre
622865;2024.0;n;8.0;2024-08-22;SE;101;98,1;SAO CRISTOVAO;Reação tardia ou ineficiente do condutor;Com Vítimas Fatais;2;Céu Claro;Pleno dia;quinta-feira;Colisão traseira;Dupla;1;0;-10.92816408;-37.18223095;Perigosa;Nordeste;3 Trimestre
587001;2024.0;n;3.0;2024-03-13;MG;40;610,3;CONGONHAS;Conversão proibida;Com Vítimas Fatais;4;Sol;Pleno dia;quarta-feira;Colisão transversal;Simples;1;0;-20.507255;-43.838394;Perigosa;Sudeste;1 Trimestre
593164;2024.0;n;4.0;2024-04-10;PI;316;40;LAGOA DO PIAUI;Demais falhas mecânicas ou elétricas;Com Vítimas Feridas;5;Chuva;Anoitecer;quarta-feira;Colisão lateral sentido oposto;Simples;0;1;-5.40385598;-42.65110797;Perigosa;Nordeste;2 Trimestre
574971;2024.0;n;1.0;2024-01-15;MG;381;646;SANTO ANTONIO DO AMPARO;Ausência de reação do condutor;Com Vítimas Feridas;3;Chuva;Pleno dia;segunda-feira;Saída de leito carroçável;Dupla;0;0;-20.94471289;-44.88107085;Segura;Sudeste;1 Trimestre
603678;2024.0;n;5.0;2024-05-29;GO;153;31,7;PORANGATU;Reação tardia ou ineficiente do condutor;Com Vítimas Feridas;2;Céu Claro;Plena Noite;quarta-feira;Colisão lateral mesmo sentido;Simples;0;0;-13.103455;-49.199181;Segura;Centro-Oeste;2 Trimestre
587101;2024.0;n;3.0;2024-03-13;SP;116;85;PINDAMONHANGABA;Ausência de reação do condutor;Com Vítimas Feridas;2;Céu Claro;Plena Noite;quarta-feira;Colisão traseira;Dupla;0;0;-22.92211829;-45.34450085;Segura;Sudeste;1 Trimestre
605806;2024.0;n;6.0;2024-06-07;RS;116;153,4;CAXIAS DO SUL;Manobra de mudança de faixa;Com Vítimas Feridas;3;Céu Claro;Anoitecer;sexta-feira;Colisão lateral mesmo sentido;Simples;0;0;-29.1879477;-51.17968082;Segura;Sul;2 Trimestre
574477;2024.0;n;1.0;2024-01-13;MT;70;513;VARZEA GRANDE;Transitar na contramão;Com Vítimas Feridas;5;Céu Claro;Pleno dia;sábado;Colisão frontal;Simples;0;0;-15.70667126;-56.12434387;Segura;Centro-Oeste;1 Trimestre
653305;2025.0;n;1.0;2025-01-05;BA;101;128;ALAGOINHAS;Demais Fenômenos da natureza;Com Vítimas Feridas;1;Céu Claro;Pleno dia;domingo;Saída de leito carroçável;Simples;0;0;-12,20643979;-38,61527134;Segura;Nordeste;1 Trimestre
589341;2024.0;n;3.0;2024-03-23;PR;376;644;TIJUCAS DO SUL;Acesso irregular;Com Vítimas Feridas;3;Céu Claro;Plena Noite;sábado;Colisão transversal;Dupla;0;1;-25.81419584;-49.13167969;Perigosa;Sul;1 Trimestre
653615;2025.0;n;1.0;2025-01-07;SP;116;511;CAJATI;Reação tardia ou ineficiente do condutor;Com Vítimas Feridas;1;Garoa/Chuvisco;Plena Noite;terça-feira;Tombamento;Simples;0;1;-24,83558399;-48,2223738;Perigosa;Sudeste;1 Trimestre
600312;2024.0;n;5.0;2024-05-13;MT;364;251;JUSCIMEIRA;Condutor Dormindo;Com Vítimas Feridas;2;Céu Claro;Anoitecer;segunda-feira;Colisão traseira;Dupla;0;1;-16.11396214;-54.85939336;Perigosa;Centro-Oeste;2 Trimestre
616487;2024.0;n;7.0;2024-07-24;SP;116;567;BARRA DO TURVO;Reação tardia ou ineficiente do condutor;Com Vítimas Feridas;2;Céu Claro;Plena Noite;quarta-feira;Tombamento;Dupla;0;0;-25.0475499;-48.55355172;Segura;Sudeste;3 Trimestre
581615;2024.0;n;2.0;2024-02-16;RJ;40;67;PETROPOLIS;Demais falhas mecânicas ou elétricas;Sem Vítimas;1;Nublado;Plena Noite;sexta-feira;Incêndio;Simples;0;0;-22.43674775;-43.1756712;Segura;Sudeste;1 Trimestre
659508;2025.0;n;2.0;2025-02-05;MT;70;95;GENERAL CARNEIRO;Demais falhas mecânicas ou elétricas;Sem Vítimas;2;Nublado;Pleno dia;quarta-feira;Tombamento;Simples;0;0;-15,57483763;-52,90425902;Segura;Centro-Oeste;1 Trimestre
613469;2024.0;n;7.0;2024-07-10;PR;153;122;IBAITI;Velocidade Incompatível;Com Vítimas Feridas;3;Chuva;Pleno dia;quarta-feira;Tombamento;Simples;0;0;-23.93903221;-50.23779778;Segura;Sul;3 Trimestre
602307;2024.0;n;5.0;2024-05-22;MG;365;581;INDIANOPOLIS;Carga excessiva e/ou mal acondicionada;Sem Vítimas;2;Céu Claro;Pleno dia;quarta-feira;Incêndio;Dupla;0;0;-18.87146919;-47.96460406;Segura;Sudeste;2 Trimestre
621447;2024.0;n;8.0;2024-08-15;DF;70;18;BRASILIA;Condutor usando celular;Com Vítimas Feridas;3;Céu Claro;Plena Noite;quinta-feira;Colisão traseira;Múltipla;0;1;-15.791093;-48.21096;Perigosa;Centro-Oeste;3 Trimestre
589689;2024.0;n;3.0;2024-03-25;TO;153;335,9;GUARAI;Ultrapassagem Indevida;Com Vítimas Feridas;4;Céu Claro;Pleno dia;segunda-feira;Colisão lateral sentido oposto;Simples;0;1;-8.84481597;-48.5107318;Perigosa;Norte;1 Trimestre
656315;2025.0;n;1.0;2025-01-20;AC;364;271;SENA MADUREIRA;Demais falhas mecânicas ou elétricas;Sem Vítimas;3;Céu Claro;Pleno dia;segunda-feira;Incêndio;Simples;0;0;-9,08315803;-68,65043101;Segura;Norte;1 Trimestre