id;ano;feriado;mes;data_inversa;uf;br;km;municipio;causa_acidente;classificacao_acidente;veiculos;condicao_metereologica;fase_dia;dia_semana;tipo_acidente;tipo_pista;mortos;feridos_graves;latitude;longitude;status;regiao;periodo
690283;2025.0;n;4.0;2025-04-24;SC;101;438;SOMBRIO;Acessar a via sem observar a presença dos outros veículos;Sem Vítimas;2;Céu Claro;Pleno dia;quinta-feira;Colisão traseira;Dupla;0;0;-29,12373361;-49,65496151;Segura;Sul;2 Trimestre
589977;2024.0;n;1.0;2024-01-26;PR;476;334;PAULA FREITAS;Ausência de reação do condutor;Sem Vítimas;4;Nublado;Pleno dia;sexta-feira;Colisão traseira;Simples;0;0;-26.126154;-50.847866;Segura;Sul;1 Trimestre
594312;2024.0;n;4.0;2024-04-16;PR;376;158,1;MANDAGUACU;Velocidade Incompatível;Sem Vítimas;4;Chuva;Pleno dia;terça-feira;Saída de leito carroçável;Dupla;0;0;-23.36169997;-52.08593395;Segura;Sul;2 Trimestre
606843;2024.0;n;6.0;2024-06-11;RS;285;514,6;VITORIA DAS MISSOES;Demais falhas mecânicas ou elétricas;Sem Vítimas;4;Céu Claro;Anoitecer;terça-feira;Incêndio;Simples;0;0;-28.400376;-54.421218;Segura;Sul;2 Trimestre
665517;2025.0;n;3.0;2025-03-06;SE;235;69,3;FREI PAULO;Demais falhas mecânicas ou elétricas;Com Vítimas Fatais;4;Céu Claro;Pleno dia;quinta-feira;Colisão com objeto;Simples;1;2;-10,56558333;-37,51188889;Perigosa;Nordeste;1 Trimestre
590695;2024.0;n;3.0;2024-03-30;GO;40;92,6;CRISTALINA;Acessar a via sem observar a presença dos outros veículos;Com Vítimas Feridas;2;Céu Claro;Pleno dia;sábado;Colisão transversal;Simples;0;0;-16.730814;-47.626211;Segura;Centro-Oeste;1 Trimestre
626050;2024.0;n;9.0;2024-09-06;RS;116;154,9;CAXIAS DO SUL;Transitar na contramão;Com Vítimas Feridas;2;Céu Claro;Plena Noite;sexta-feira;Colisão frontal;Simples;0;0;-29.19803497;-51.17744923;Segura;Sul;3 Trimestre
608728;2024.0;n;6.0;2024-06-20;SP;116;223;GUARULHOS;Trafegar com motocicleta (ou similar) entre as faixas;Com Vítimas Feridas;2;Nublado;Pleno dia;quinta-feira;Colisão lateral mesmo sentido;Múltipla;0;0;-23.47559815;-46.5246609;Segura;Sudeste;2 Trimestre
601652;2024.0;n;5.0;2024-05-19;MT;163;1110;GUARANTA DO NORTE;Velocidade Incompatível;Com Vítimas Feridas;2;Céu Claro;Pleno dia;domingo;Tombamento;Simples;0;1;-9.71780888;-54.87808527;Perigosa;Centro-Oeste;2 Trimestre
618823;2024.0;n;8.0;2024-08-03;RS;116;13,4;VACARIA;Transitar na contramão;Com Vítimas Fatais;9;Céu Claro;Anoitecer;sábado;Colisão lateral sentido oposto;Simples;1;0;-28.31160804;-50.80299784;Perigosa;Sul;3 Trimestre
606832;2024.0;n;6.0;2024-06-11;PB;230;47,9;SANTA RITA;Pedestre andava na pista;Com Vítimas Fatais;2;Nublado;Plena Noite;terça-feira;Atropelamento de Pedestre;Dupla;1;0;-7.1685;-35.032;Perigosa;Nordeste;2 Trimestre
621280;2024.0;n;8.0;2024-08-14;SP;116;58;GUARATINGUETA;Condutor deixou de manter distância do veículo da frente;Com Vítimas Feridas;2;Céu Claro;Plena Noite;quarta-feira;Colisão traseira;Múltipla;0;0;-22.78005511;-45.14572791;Segura;Sudeste;3 Trimestre
616230;2024.0;n;7.0;2024-07-22;PR;116;28;CAMPINA GRANDE DO SUL;Ausência de reação do condutor;Com Vítimas Fatais;2;Céu Claro;Pleno dia;segunda-feira;Saída de leito carroçável;Dupla;1;0;-25.1121156;-48.8029839;Perigosa;Sul;3 Trimestre
617031;2024.0;n;7.0;2024-07-26;SC;470;114,6;IBIRAMA;Entrada inopinada do pedestre;Com Vítimas Fatais;2;Céu Claro;Pleno dia;sexta-feira;Atropelamento de Pedestre;Simples;1;0;-27.0822204;-49.4833052;Perigosa;Sul;3 Trimestre
601965;2024.0;n;5.0;2024-05-03;SC;470;223,4;SAO CRISTOVAO DO SUL;Transitar na contramão;Com Vítimas Feridas;4;Chuva;Plena Noite;sexta-feira;Colisão lateral mesmo sentido;Simples;0;1;-27.319908;-50.336388;Perigosa;Sul;2 Trimestre
687408;2025.0;n;4.0;2025-04-26;MG;365;640;UBERLANDIA;Reação tardia ou ineficiente do condutor;Com Vítimas Feridas;4;Nevoeiro/Neblina;Amanhecer;sábado;Colisão lateral mesmo sentido;Dupla;0;1;-18,88656846;-48,45791308;Perigosa;Sudeste;2 Trimestre
598825;2024.0;n;5.0;2024-05-07;BA;242;351;LENCOIS;Reação tardia ou ineficiente do condutor;Com Vítimas Fatais;1;Nublado;Pleno dia;terça-feira;Colisão com objeto;Simples;1;0;-12.49243908;-41.3280788;Perigosa;Nordeste;2 Trimestre
585077;2024.0;n;3.0;2024-03-04;MG;251;463,5;GRAO MOGOL;Neblina;Com Vítimas Feridas;4;Nevoeiro/Neblina;Plena Noite;segunda-feira;Colisão lateral mesmo sentido;Simples;0;1;-16.44126651;-43.3968844;Perigosa;Sudeste;1 Trimestre
599051;2024.0;n;5.0;2024-05-08;MT;163;603;NOVA MUTUM;Condutor deixou de manter distância do veículo da frente;Sem Vítimas;3;Céu Claro;Pleno dia;quarta-feira;Colisão traseira;Simples;0;0;-13.88122005;-56.08852761;Segura;Centro-Oeste;2 Trimestre
623623;2024.0;n;8.0;2024-08-25;TO;10;504;APARECIDA DO RIO NEGRO;Ausência de reação do condutor;Com Vítimas Fatais;4;Céu Claro;Plena Noite;domingo;Colisão traseira;Simples;1;0;-10.05259269;-48.15227151;Perigosa;Norte;3 Trimestre
653092;2025.0;n;1.0;2025-01-04;RJ;116;145;DUQUE DE CAXIAS;Ausência de reação do condutor;Com Vítimas Feridas;2;Céu Claro;Plena Noite;sábado;Colisão traseira;Múltipla;0;0;-22,66237951;-43,25529831;Segura;Sudeste;1 Trimestre
602510;2024.0;n;5.0;2024-05-23;PR;153;31,3;SANTO ANTONIO DA PLATINA;Acessar a via sem observar a presença dos outros veículos;Com Vítimas Feridas;3;Céu Claro;Plena Noite;quinta-feira;Colisão transversal;Simples;0;1;-23.22262134;-50.02015382;Perigosa;Sul;2 Trimestre
581682;2024.0;n;2.0;2024-02-17;RN;405;24;MOSSORO;Demais falhas mecânicas ou elétricas;Sem Vítimas;1;Céu Claro;Pleno dia;sábado;Incêndio;Simples;0;0;-5.269673;-37.53744;Segura;Nordeste;1 Trimestre
590281;2024.0;n;3.0;2024-03-28;RS;468;55,6;CORONEL BICACO;Reação tardia ou ineficiente do condutor;Com Vítimas Feridas;6;Sol;Pleno dia;quinta-feira;Engavetamento;Simples;0;0;-27.75322699;-53.74658601;Segura;Sul;1 Trimestre
606850;2024.0;n;6.0;2024-06-11;MG;381;667;PERDOES;Reação tardia ou ineficiente do condutor;Com Vítimas Feridas;2;Céu Claro;Plena Noite;terça-feira;Colisão lateral mesmo sentido;Dupla;0;0;-21.05931615;-45.04948174;Segura;Sudeste;2 Trimestre
665900;2025.0;n;3.0;2025-03-08;GO;70;6;AGUAS LINDAS DE GOIAS;Reação tardia ou ineficiente do condutor;Com Vítimas Feridas;2;Céu Claro;Pleno dia;sábado;Colisão com objeto;Múltipla;0;1;-15,74037033;-48,2714653;Perigosa;Centro-Oeste;1 Trimestre
615325;2024.0;n;4.0;2024-04-18;CE;0;0;CAUCAIA;Sinalização mal posicionada;Com Vítimas Feridas;2;Céu Claro;Pleno dia;quinta-feira;Queda de ocupante de veículo;Dupla;0;0;-3.71702646;-38.80534172;Segura;Nordeste;2 Trimestre
667854;2025.0;n;3.0;2025-03-17;RJ;116;180;NOVA IGUACU;Mal súbito do condutor;Sem Vítimas;3;Chuva;Pleno dia;segunda-feira;Colisão lateral mesmo sentido;Múltipla;0;0;-22,76355471;-43,41915563;Segura;Sudeste;1 Trimestre
662264;2025.0;n;2.0;2025-02-18;SC;470;54,5;BLUMENAU;Acessar a via sem observar a presença dos outros veículos;Sem Vítimas;4;Garoa/Chuvisco;Plena Noite;terça-feira;Colisão transversal;Simples;0;0;-26,87320293;-49,11417796;Segura;Sul;1 Trimestre
605198;2024.0;n;6.0;2024-06-04;MA;222;674;ACAILANDIA;Condutor deixou de manter distância do veículo da frente;Com Vítimas Feridas;3;Céu Claro;Pleno dia;terça-feira;Colisão transversal;Simples;0;0;-4.94199987;-47.46728897;Segura;Nordeste;2 Trimestre
608419;2024.0;n;6.0;2024-06-18;BA;324;527;FEIRA DE SANTANA;Reação tardia ou ineficiente do condutor;Sem Vítimas;3;Nublado;Anoitecer;terça-feira;Engavetamento;Dupla;0;0;-12.31183923;-38.88331817;Segura;Nordeste;2 Trimestre
652924;2025.0;n;1.0;2025-01-03;PB;230;19;JOAO PESSOA;Ausência de reação do condutor;Com Vítimas Feridas;2;Sol;Pleno dia;sexta-feira;Colisão traseira;Dupla;0;0;-7,1281;-34,8466;Segura;Nordeste;1 Trimestre
666500;2025.0;n;3.0;2025-03-11;PR;277;7,8;PARANAGUA;Ausência de reação do condutor;Com Vítimas Feridas;7;Nublado;Pleno dia;terça-feira;Colisão traseira;Dupla;0;1;-25,563248;-48,592802;Perigosa;Sul;1 Trimestre
608392;2024.0;n;6.0;2024-06-18;SP;381;20;BRAGANCA PAULISTA;Ingestão de álcool pelo condutor;Com Vítimas Feridas;4;Céu Claro;Pleno dia;terça-feira;Colisão traseira;Dupla;0;0;-22.98443766;-46.50352511;Segura;Sudeste;2 Trimestre
686829;2025.0;n;4.0;2025-04-23;BA;101;45;ESPLANADA;Transitar na contramão;Com Vítimas Feridas;3;Céu Claro;Pleno dia;quarta-feira;Colisão frontal;Simples;0;1;-11,84755761;-37,99275108;Perigosa;Nordeste;2 Trimestre
630464;2024.0;n;9.0;2024-09-25;SP;116;297;ITAPECERICA DA SERRA;Ausência de sinalização;Com Vítimas Feridas;9;Céu Claro;Pleno dia;quarta-feira;Colisão lateral mesmo sentido;Dupla;0;0;-23.78323219;-46.91437053;Segura;Sudeste;3 Trimestre
624398;2024.0;n;8.0;2024-08-29;SC;470;46,5;BLUMENAU;Ultrapassagem Indevida;Com Vítimas Feridas;2;Céu Claro;Plena Noite;quinta-feira;Colisão lateral mesmo sentido;Simples;0;1;-26.86275422;-49.0432477;Perigosa;Sul;3 Trimestre
663786;2025.0;n;2.0;2025-02-26;RS;287;401;SANTIAGO;Acessar a via sem observar a presença dos outros veículos;Sem Vítimas;2;Sol;Pleno dia;quarta-feira;Colisão transversal;Simples;0;0;-29,16166353;-54,87882598;Segura;Sul;1 Trimestre
608791;2024.0;n;5.0;2024-05-31;RS;116;72;CAMPESTRE DA SERRA;Reação tardia ou ineficiente do condutor;Com Vítimas Feridas;2;Céu Claro;Pleno dia;sexta-feira;Colisão traseira;Simples;0;1;-28.73470211;-51.09173176;Perigosa;Sul;2 Trimestre
653715;2025.0;n;1.0;2025-01-07;BA;101;148;TEODORO SAMPAIO;Frear bruscamente;Sem Vítimas;1;Céu Claro;Pleno dia;terça-feira;Saída de leito carroçável;Simples;0;0;-12,28365012;-38,69865417;Segura;Nordeste;1 Trimestre
593833;2024.0;n;4.0;2024-04-14;MG;251;285,2;SALINAS;Transitar na contramão;Com Vítimas Feridas;2;Céu Claro;Plena Noite;domingo;Colisão frontal;Simples;0;1;-16.03363597;-42.11428642;Perigosa;Sudeste;2 Trimestre
666434;2025.0;n;3.0;2025-03-10;MS;163;603,8;SAO GABRIEL DO OESTE;Reação tardia ou ineficiente do condutor;Com Vítimas Feridas;2;Nublado;Pleno dia;segunda-feira;Saída de leito carroçável;Dupla;0;0;-19,46918179;-54,50119972;Segura;Centro-Oeste;1 Trimestre
576436;2024.0;n;1.0;2024-01-02;AL;101;62,8;MESSIAS;Ultrapassagem Indevida;Com Vítimas Feridas;3;Céu Claro;Pleno dia;terça-feira;Saída de leito carroçável;Dupla;0;0;-9.30924999;-35.82452501;Segura;Nordeste;1 Trimestre
610525;2024.0;n;6.0;2024-06-28;PB;361;0;PATOS;Acessar a via sem observar a presença dos outros veículos;Sem Vítimas;2;Céu Claro;Pleno dia;sexta-feira;Colisão transversal;Simples;0;0;-7.0185995;-37.26078;Segura;Nordeste;2 Trimestre
672111;2025.0;n;4.0;2025-04-07;RJ;495;24;PETROPOLIS;Transitar na contramão;Com Vítimas Feridas;3;Garoa/Chuvisco;Plena Noite;segunda-feira;Colisão frontal;Simples;0;0;-22,2789632;-43,1259648;Segura;Sudeste;2 Trimestre
606466;2024.0;n;6.0;2024-06-10;PR;376;302,8;MAUA DA SERRA;Velocidade Incompatível;Com Vítimas Feridas;2;Céu Claro;Pleno dia;segunda-feira;Tombamento;Dupla;0;0;-23.93783962;-51.14217281;Segura;Sul;2 Trimestre
594886;2024.0;n;4.0;2024-04-19;ES;101;290,4;CARIACICA;Ultrapassagem Indevida;Com Vítimas Feridas;3;Céu Claro;Pleno dia;sexta-feira;Colisão lateral mesmo sentido;Dupla;0;1;-20.28927747;-40.39181575;Perigosa;Sudeste;2 Trimestre
613089;2024.0;n;7.0;2024-07-08;SC;101;151;ITAPEMA;Condutor deixou de manter distância do veículo da frente;Com Vítimas Feridas;4;Nublado;Plena Noite;segunda-feira;Colisão traseira;Dupla;0;0;-27.126536;-48.609642;Segura;Sul;3 Trimestre
618116;2024.0;n;7.0;2024-07-31;PA;10;147,9;PARAGOMINAS;Manobra de mudança de faixa;Com Vítimas Feridas;2;Sol;Pleno dia;quarta-feira;Colisão lateral sentido oposto;Simples;0;0;-3.14247298;-47.49195111;Segura;Norte;3 Trimestre
602589;2024.0;n;5.0;2024-05-17;BA;101;444;UBAITABA;Condutor deixou de manter distância do veículo da frente;Com Vítimas Feridas;4;Céu Claro;Pleno dia;sexta-feira;Engavetamento;Simples;0;0;-14.31133581;-39.31672096;Segura;Nordeste;2 Trimestre
627840;2024.0;n;9.0;2024-09-13;SP;116;223,1;GUARULHOS;Manobra de mudança de faixa;Com Vítimas Fatais;2;Nublado;Plena Noite;sexta-feira;Colisão traseira;Múltipla;1;0;-23.47559815;-46.5246609;Perigosa;Sudeste;3 Trimestre
593206;2024.0;n;4.0;2024-04-11;SP;116;39,4;CACHOEIRA PAULISTA;Ausência de reação do condutor;Com Vítimas Feridas;2;Céu Claro;Plena Noite;quinta-feira;Tombamento;Dupla;0;0;-22.67527958;-44.99918431;Segura;Sudeste;2 Trimestre
578711;2024.0;n;2.0;2024-02-02;AC;364;515;FEIJO;Transitar na contramão;Com Vítimas Fatais;2;Sol;Pleno dia;sexta-feira;Colisão frontal;Simples;2;0;-8.1903642269;-70.5572690194;Perigosa;Norte;1 Trimestre
622821;2024.0;n;8.0;2024-08-22;SC;282;401,9;JOACABA;Transitar na contramão;Sem Vítimas;3;Céu Claro;Pleno dia;quinta-feira;Colisão lateral sentido oposto;Simples;0;0;-27.123957;-51.630913;Segura;Sul;3 Trimestre
655003;2025.0;n;1.0;2025-01-14;CE;116;40;HORIZONTE;Demais falhas mecânicas ou elétricas;Sem Vítimas;1;Nublado;Pleno dia;terça-feira;Colisão com objeto;Dupla;0;0;-4,09496999;-38,50351984;Segura;Nordeste;1 Trimestre
685613;2025.0;y;4.0;2025-04-18;PR;277;130;CAMPO LARGO;Acesso irregular;Sem Vítimas;3;Céu Claro;Plena Noite;sexta-feira;Colisão transversal;Dupla;0;0;-25,4467;-49,5765;Segura;Sul;2 Trimestre
685900;2025.0;n;4.0;2025-04-16;RJ;116;185;RIO DE JANEIRO;Ultrapassagem Indevida;Com Vítimas Feridas;2;Céu Claro;Plena Noite;quarta-feira;Colisão lateral mesmo sentido;Dupla;0;1;-22,8044575;-43,3451779;Perigosa;Sudeste;2 Trimestre
618157;2024.0;n;7.0;2024-07-31;PR;116;106,1;SAO JOSE DOS PINHAIS;Acessar a via sem observar a presença dos outros veículos;Com Vítimas Feridas;3;Nublado;Plena Noite;quarta-feira;Colisão lateral mesmo sentido;Dupla;0;1;-25.56982673;-49.21959334;Perigosa;Sul;3 Trimestre
618163;2024.0;n;7.0;2024-07-31;PR;277;6,5;PARANAGUA;Estacionar ou parar em local proibido;Sem Vítimas;6;Céu Claro;Plena Noite;quarta-feira;Colisão lateral mesmo sentido;Dupla;0;0;-25.568198;-48.615292;Segura;Sul;3 Trimestre
620369;2024.0;n;8.0;2024-08-10;RJ;116;235,9;PIRAI;Pista Escorregadia;Com Vítimas Feridas;2;Chuva;Pleno dia;sábado;Colisão traseira;Dupla;0;1;-22.66934677;-43.85528603;Perigosa;Sudeste;3 Trimestre
660557;2025.0;n;2.0;2025-02-10;BA;116;911;CANDIDO SALES;Chuva;Sem Vítimas;3;Chuva;Pleno dia;segunda-feira;Colisão traseira;Simples;0;0;-15,44641305;-41,22614988;Segura;Nordeste;1 Trimestre
629283;2024.0;n;9.0;2024-09-20;PE;101;37;IGARASSU;Ultrapassagem Indevida;Com Vítimas Feridas;3;Céu Claro;Pleno dia;sexta-feira;Colisão lateral sentido oposto;Dupla;0;0;-7.79726705;-34.9274932;Segura;Nordeste;3 Trimestre
622734;2024.0;n;8.0;2024-08-21;PR;277;137;CAMPO LARGO;Pedestre cruzava a pista fora da faixa;Com Vítimas Fatais;2;Céu Claro;Plena Noite;quarta-feira;Atropelamento de Pedestre;Dupla;1;0;-25.47366429;-49.70241183;Perigosa;Sul;3 Trimestre
654005;2025.0;n;1.0;2025-01-09;PR;158;515,7;PATO BRANCO;Ultrapassagem Indevida;Com Vítimas Feridas;6;Céu Claro;Pleno dia;quinta-feira;Colisão frontal;Simples;0;0;-26,08083773;-52,63961792;Segura;Sul;1 Trimestre
603926;2024.0;n;5.0;2024-05-30;SP;116;499;CAJATI;Reação tardia ou ineficiente do condutor;Com Vítimas Fatais;2;Céu Claro;Plena Noite;quinta-feira;Tombamento;Simples;1;0;-24.78228753;-48.17695233;Perigosa;Sudeste;2 Trimestre
665520;2025.0;n;3.0;2025-03-06;CE;116;27,9;AQUIRAZ;Ausência de reação do condutor;Com Vítimas Feridas;3;Céu Claro;Pleno dia;quinta-feira;Colisão lateral mesmo sentido;Dupla;0;0;-3,99027928;-38,51596355;Segura;Nordeste;1 Trimestre
670348;2025.0;n;3.0;2025-03-29;GO;153;493;GOIANIA;Reação tardia ou ineficiente do condutor;Com Vítimas Feridas;5;Céu Claro;Pleno dia;sábado;Colisão lateral mesmo sentido;Dupla;0;0;-16,5871616;-49,152;Segura;Centro-Oeste;1 Trimestre
656255;2025.0;n;1.0;2025-01-20;MG;116;71,6;MEDINA;Ausência de reação do condutor;Com Vítimas Fatais;5;Céu Claro;Pleno dia;segunda-feira;Colisão lateral sentido oposto;Simples;1;1;-16,21131509;-41,47642769;Perigosa;Sudeste;1 Trimestre
671604;2025.0;n;4.0;2025-04-04;MG;116;72;MEDINA;Pedestre - Ingestão de álcool/ substâncias psicoativas;Com Vítimas Feridas;3;Céu Claro;Plena Noite;sexta-feira;Atropelamento de Pedestre;Simples;0;1;-16,22809676;-41,47096027;Perigosa;Sudeste;2 Trimestre
621600;2024.0;n;8.0;2024-08-05;GO;153;695;ITUMBIARA;Condutor Dormindo;Com Vítimas Feridas;4;Sol;Pleno dia;segunda-feira;Saída de leito carroçável;Dupla;0;0;-18.3517;-49.2189;Segura;Centro-Oeste;3 Trimestre
598917;2024.0;n;5.0;2024-05-07;SC;282;504,9;XANXERE;Desrespeitar a preferência no cruzamento;Com Vítimas Feridas;2;Céu Claro;Amanhecer;terça-feira;Colisão transversal;Simples;0;0;-26.884279;-52.408466;Segura;Sul;2 Trimestre
585170;2024.0;n;3.0;2024-03-05;RO;319;63;PORTO VELHO;Condutor deixou de manter distância do veículo da frente;Com Vítimas Feridas;3;Nublado;Pleno dia;terça-feira;Colisão traseira;Dupla;0;0;-8.766685;-63.884052;Segura;Norte;1 Trimestre
621273;2024.0;n;8.0;2024-08-14;MG;365;478;PATROCINIO;Reação tardia ou ineficiente do condutor;Sem Vítimas;4;Céu Claro;Pleno dia;quarta-feira;Colisão lateral sentido oposto;Simples;0;0;-18.90214507;-47.05494004;Segura;Sudeste;3 Trimestre
594574;2024.0;n;4.0;2024-04-17;MA;135;38;BACABEIRA;Retorno proibido;Com Vítimas Feridas;3;Nublado;Pleno dia;quarta-feira;Colisão transversal;Dupla;0;0;-2.876096;-44.37489;Segura;Nordeste;2 Trimestre
582926;2024.0;n;2.0;2024-02-24;BA;101;885;TEIXEIRA DE FREITAS;Velocidade Incompatível;Com Vítimas Feridas;1;Nublado;Plena Noite;sábado;Saída de leito carroçável;Simples;0;0;-17.6011007;-39.74859238;Segura;Nordeste;1 Trimestre
618630;2024.0;n;8.0;2024-08-02;MT;364;346;SANTO ANTONIO DO LEVERGER;Reação tardia ou ineficiente do condutor;Com Vítimas Feridas;5;Céu Claro;Plena Noite;sexta-feira;Colisão traseira;Dupla;0;0;-15.81193889;-55.53981241;Segura;Centro-Oeste;3 Trimestre
657140;2025.0;n;1.0;2025-01-24;BA;101;885;TEIXEIRA DE FREITAS;Reação tardia ou ineficiente do condutor;Com Vítimas Feridas;3;Céu Claro;Plena Noite;sexta-feira;Colisão frontal;Simples;0;0;-17,60163088;-39,74891716;Segura;Nordeste;1 Trimestre
656783;2025.0;n;1.0;2025-01-23;GO;364;259;JATAI;Velocidade Incompatível;Com Vítimas Feridas;4;Chuva;Amanhecer;quinta-feira;Saída de leito carroçável;Simples;0;0;-17,673866;-52,216778;Segura;Centro-Oeste;1 Trimestre
670160;2025.0;n;3.0;2025-03-28;PR;376;491;PONTA GROSSA;Condutor deixou de manter distância do veículo da frente;Com Vítimas Feridas;5;Sol;Pleno dia;sexta-feira;Colisão traseira;Dupla;0;0;-25,10697408;-50,19211292;Segura;Sul;1 Trimestre
653506;2025.0;n;1.0;2025-01-06;RJ;40;121;DUQUE DE CAXIAS;Ultrapassagem Indevida;Com Vítimas Feridas;2;Céu Claro;Pleno dia;segunda-feira;Colisão lateral mesmo sentido;Simples;0;0;-22,78185499;-43,28571273;Segura;Sudeste;1 Trimestre
572205;2024.0;n;1.0;2024-01-02;RS;290;188;MINAS DO LEAO;Demais falhas mecânicas ou elétricas;Sem Vítimas;1;Céu Claro;Pleno dia;terça-feira;Incêndio;Simples;0;0;-30.153578;-52.093895;Segura;Sul;1 Trimestre
652657;2025.0;y;1.0;2025-01-01;PR;277;12;PARANAGUA;Ausência de reação do condutor;Com Vítimas Feridas;1;Garoa/Chuvisco;Plena Noite;quarta-feira;Tombamento;Dupla;0;0;-25,563497;-48,63496;Segura;Sul;1 Trimestre
659075;2025.0;n;2.0;2025-02-03;RO;319;64;PORTO VELHO;Reação tardia ou ineficiente do condutor;Sem Vítimas;2;Céu Claro;Pleno dia;segunda-feira;Colisão com objeto;Múltipla;0;0;-8,766685;-63,884052;Segura;Norte;1 Trimestre
603385;2024.0;n;5.0;2024-05-27;ES;101;193;ARACRUZ;Transitar na contramão;Com Vítimas Fatais;4;Céu Claro;Pleno dia;segunda-feira;Colisão frontal;Simples;1;0;-19.69809864;-40.30350816;Perigosa;Sudeste;2 Trimestre
591409;2024.0;n;4.0;2024-04-02;PR;369;184;ARAPONGAS;Reação tardia ou ineficiente do condutor;Com Vítimas Feridas;2;Céu Claro;Pleno dia;terça-feira;Colisão traseira;Simples;0;0;-23.40583689;-51.42837524;Segura;Sul;2 Trimestre
664930;2025.0;n;2.0;2025-02-28;PR;116;124;FAZENDA RIO GRANDE;Manobra de mudança de faixa;Com Vítimas Feridas;2;Céu Claro;Amanhecer;sexta-feira;Colisão traseira;Dupla;0;0;-25,627023;-49,314547;Segura;Sul;1 Trimestre
592450;2024.0;n;4.0;2024-04-07;MG;262;790,5;UBERABA;Demais falhas mecânicas ou elétricas;Com Vítimas Feridas;6;Céu Claro;Pleno dia;domingo;Tombamento;Simples;0;0;-19.75979936;-47.79518088;Segura;Sudeste;2 Trimestre
624363;2024.0;n;8.0;2024-08-29;RS;116;135,3;CAXIAS DO SUL;Acessar a via sem observar a presença dos outros veículos;Com Vítimas Feridas;2;Céu Claro;Pleno dia;quinta-feira;Colisão traseira;Simples;0;0;-29.0695461;-51.09988566;Segura;Sul;3 Trimestre
613509;2024.0;n;7.0;2024-07-10;PE;232;62;POMBOS;Problema com o freio;Com Vítimas Feridas;3;Céu Claro;Pleno dia;quarta-feira;Colisão traseira;Dupla;0;1;-8.15598579;-35.42308007;Perigosa;Nordeste;3 Trimestre
667853;2025.0;n;3.0;2025-03-13;RJ;493;7;ITABORAI;Ausência de reação do condutor;Com Vítimas Feridas;4;Sol;Pleno dia;quinta-feira;Colisão traseira;Simples;0;0;-22,714104;-42,953145;Segura;Sudeste;1 Trimestre
615922;2024.0;n;7.0;2024-07-21;MG;116;220,6;CATUJI;Ausência de reação do condutor;Com Vítimas Fatais;5;Garoa/Chuvisco;Amanhecer;domingo;Colisão frontal;Simples;1;1;-17.40682777;-41.51524967;Perigosa;Sudeste;3 Trimestre
659107;2025.0;n;2.0;2025-02-03;MG;381;354,5;BETIM;Demais falhas mecânicas ou elétricas;Com Vítimas Feridas;4;Céu Claro;Pleno dia;segunda-feira;Colisão com objeto;Dupla;0;1;-19,98136044;-44,21149521;Perigosa;Sudeste;1 Trimestre
663810;2025.0;n;2.0;2025-02-04;MG;40;474;SETE LAGOAS;Ausência de reação do condutor;Com Vítimas Fatais;2;Céu Claro;Pleno dia;terça-feira;Saída de leito carroçável;Dupla;1;0;-19,49804878;-44,27929974;Perigosa;Sudeste;1 Trimestre
583701;2024.0;n;2.0;2024-02-27;MG;381;452;SABARA;Condutor deixou de manter distância do veículo da frente;Com Vítimas Feridas;2;Céu Claro;Pleno dia;terça-feira;Colisão traseira;Simples;0;1;-19.834718;-43.856966;Perigosa;Sudeste;1 Trimestre
598946;2024.0;n;5.0;2024-05-07;RJ;116;262;VOLTA REDONDA;Mal súbito do condutor;Com Vítimas Feridas;1;Céu Claro;Plena Noite;terça-feira;Colisão com objeto;Múltipla;0;0;-22.5876092;-44.05945791;Segura;Sudeste;2 Trimestre
670370;2025.0;n;3.0;2025-03-29;CE;116;502;BREJO SANTO;Pista esburacada;Com Vítimas Feridas;3;Céu Claro;Pleno dia;sábado;Colisão lateral sentido oposto;Simples;0;0;-7,491542;-38,984243;Segura;Nordeste;1 Trimestre
579955;2024.0;n;2.0;2024-02-09;MG;262;365;JUATUBA;Ausência de reação do condutor;Com Vítimas Feridas;2;Sol;Pleno dia;sexta-feira;Colisão traseira;Dupla;0;1;-19.97856934;-44.25336717;Perigosa;Sudeste;1 Trimestre
687159;2025.0;n;4.0;2025-04-25;SE;101;159;SAO CRISTOVAO;Velocidade Incompatível;Sem Vítimas;1;Céu Claro;Plena Noite;sexta-feira;Tombamento;Simples;0;0;-10,9579681;-37,2346443;Segura;Nordeste;2 Trimestre
581366;2024.0;n;2.0;2024-02-15;MG;251;522,3;MONTES CLAROS;Chuva;Com Vítimas Fatais;3;Chuva;Anoitecer;quinta-feira;Colisão frontal;Simples;3;6;-16.6754567;-43.7987724;Perigosa;Sudeste;1 Trimestre
668700;2025.0;n;3.0;2025-03-21;PR;277;12;PARANAGUA;Ausência de reação do condutor;Com Vítimas Feridas;5;Céu Claro;Plena Noite;sexta-feira;Colisão transversal;Dupla;0;0;-25,562992;-48,638528;Segura;Sul;1 Trimestre
617783;2024.0;n;7.0;2024-07-29;PR;376;323,3;ORTIGUEIRA;Velocidade Incompatível;Com Vítimas Feridas;2;Chuva;Pleno dia;segunda-feira;Saída de leito carroçável;Simples;0;0;-24.0677081;-51.0634941;Segura;Sul;3 Trimestre
609251;2024.0;n;2.0;2024-02-26;PR;467;109,8;CASCAVEL;Desrespeitar a preferência no cruzamento;Com Vítimas Feridas;2;Céu Claro;Pleno dia;segunda-feira;Colisão transversal;Dupla;0;1;-24.92789039;-53.45578194;Perigosa;Sul;1 Trimestre