id;ano;feriado;mes;data_inversa;uf;br;km;municipio;causa_acidente;classificacao_acidente;veiculos;condicao_metereologica;fase_dia;dia_semana;tipo_acidente;tipo_pista;mortos;feridos_graves;latitude;longitude;status;regiao;periodo
671536;2025.0;n;4.0;2025-04-04;MA;230;34;BARAO DE GRAJAU;Condutor Dormindo;Com Vítimas Feridas;2;Céu Claro;Pleno dia;sexta-feira;Saída de leito carroçável;Simples;0;0;-6,68250988;-43,29188347;Segura;Nordeste;2 Trimestre
653292;2025.0;n;1.0;2025-01-05;SC;101;123;ITAJAI;Desrespeitar a preferência no cruzamento;Com Vítimas Feridas;2;Nublado;Pleno dia;domingo;Colisão transversal;Dupla;0;0;-26,93668609;-48,69876905;Segura;Sul;1 Trimestre
572733;2024.0;n;1.0;2024-01-05;MT;364;587;DIAMANTINO;Velocidade Incompatível;Sem Vítimas;3;Céu Claro;Pleno dia;sexta-feira;Colisão traseira;Dupla;0;0;-14.5333676;-56.23046993;Segura;Centro-Oeste;1 Trimestre
584048;2024.0;n;2.0;2024-02-29;PR;277;3;PARANAGUA;Acesso irregular;Com Vítimas Feridas;4;Céu Claro;Pleno dia;quinta-feira;Colisão frontal;Dupla;0;0;-25.568198;-48.615292;Segura;Sul;1 Trimestre
671057;2025.0;n;4.0;2025-04-02;DF;20;0,8;BRASILIA;Condutor Dormindo;Com Vítimas Feridas;2;Sol;Pleno dia;quarta-feira;Saída de leito carroçável;Simples;0;0;-15,8138368;-47,972352;Segura;Centro-Oeste;2 Trimestre
582657;2024.0;n;2.0;2024-02-22;SC;470;97,1;APIUNA;Acessar a via sem observar a presença dos outros veículos;Com Vítimas Feridas;3;Nevoeiro/Neblina;Anoitecer;quinta-feira;Colisão transversal;Simples;0;1;-27.026621;-49.378124;Perigosa;Sul;1 Trimestre
627409;2024.0;n;9.0;2024-09-11;SC;101;122;ITAJAI;Ausência de reação do condutor;Com Vítimas Feridas;2;Nublado;Plena Noite;quarta-feira;Colisão lateral mesmo sentido;Múltipla;0;1;-26.92955916;-48.70499836;Perigosa;Sul;3 Trimestre
584917;2024.0;n;3.0;2024-03-04;MT;364;347;SANTO ANTONIO DO LEVERGER;Ausência de reação do condutor;Com Vítimas Feridas;4;Céu Claro;Amanhecer;segunda-feira;Colisão traseira;Dupla;0;5;-15.807347;-55.54692;Perigosa;Centro-Oeste;1 Trimestre
655116;2025.0;n;1.0;2025-01-07;BA;101;551;ARATACA;Condutor Dormindo;Com Vítimas Feridas;1;Céu Claro;Amanhecer;terça-feira;Saída de leito carroçável;Simples;0;0;-15,28039697;-39,4750951;Segura;Nordeste;1 Trimestre
616813;2024.0;n;7.0;2024-07-25;PA;10;21,6;DOM ELISEU;Conversão proibida;Com Vítimas Feridas;2;Céu Claro;Pleno dia;quinta-feira;Colisão transversal;Simples;0;1;-4.26636302;-47.56070012;Perigosa;Norte;3 Trimestre
587102;2024.0;n;2.0;2024-02-02;SC;101;106,1;PENHA;Ausência de reação do condutor;Com Vítimas Feridas;4;Nublado;Amanhecer;sexta-feira;Colisão traseira;Múltipla;0;0;-26.81031601;-48.68293896;Segura;Sul;1 Trimestre
578577;2024.0;n;2.0;2024-02-02;PR;376;4;APUCARANA;Manobra de mudança de faixa;Com Vítimas Feridas;3;Sol;Pleno dia;sexta-feira;Colisão lateral mesmo sentido;Simples;0;0;-23.5513;-51.461266;Segura;Sul;1 Trimestre
665223;2025.0;n;3.0;2025-03-04;PR;277;525,5;CANTAGALO;Condutor deixou de manter distância do veículo da frente;Com Vítimas Feridas;2;Céu Claro;Plena Noite;terça-feira;Colisão traseira;Dupla;0;0;-25,3850703;-52,16173053;Segura;Sul;1 Trimestre
662928;2025.0;n;2.0;2025-02-22;MS;158;79,9;PARANAIBA;Condutor deixou de manter distância do veículo da frente;Com Vítimas Feridas;3;Sol;Pleno dia;sábado;Tombamento;Simples;0;1;-19,57781059;-51,23342425;Perigosa;Centro-Oeste;1 Trimestre
599174;2024.0;n;5.0;2024-05-08;SP;381;74;SAO PAULO;Frear bruscamente;Com Vítimas Feridas;2;Céu Claro;Plena Noite;quarta-feira;Tombamento;Múltipla;0;0;-23.37208014;-46.55700294;Segura;Sudeste;2 Trimestre
659005;2025.0;n;2.0;2025-02-03;ES;101;232,1;FUNDAO;Reação tardia ou ineficiente do condutor;Com Vítimas Feridas;2;Céu Claro;Pleno dia;segunda-feira;Colisão com objeto;Simples;0;0;-19,95224103;-40,40879816;Segura;Sudeste;1 Trimestre
591657;2024.0;n;3.0;2024-03-27;RO;364;465;ARIQUEMES;Acumulo de água sobre o pavimento;Com Vítimas Feridas;4;Nublado;Pleno dia;quarta-feira;Colisão frontal;Simples;0;3;-10.22421333;-62.76233722;Perigosa;Norte;1 Trimestre
596058;2024.0;n;4.0;2024-04-24;MG;381;901,3;CAMBUI;Reação tardia ou ineficiente do condutor;Com Vítimas Feridas;4;Céu Claro;Pleno dia;quarta-feira;Colisão traseira;Dupla;0;0;-22.66922696;-46.09354146;Segura;Sudeste;2 Trimestre
574099;2024.0;n;1.0;2024-01-12;MG;262;466,6;BOM DESPACHO;Acumulo de água sobre o pavimento;Com Vítimas Feridas;1;Chuva;Plena Noite;sexta-feira;Saída de leito carroçável;Simples;0;0;-19.80696129;-45.12497507;Segura;Sudeste;1 Trimestre
620918;2024.0;n;8.0;2024-08-13;CE;226;133,3;MILHA;Acessar a via sem observar a presença dos outros veículos;Com Vítimas Fatais;3;Céu Claro;Pleno dia;terça-feira;Colisão transversal;Simples;1;0;-5.7231508;-39.13768678;Perigosa;Nordeste;3 Trimestre
573899;2024.0;n;1.0;2024-01-11;MG;262;430;SAO GONCALO DO PARA;Reação tardia ou ineficiente do condutor;Com Vítimas Feridas;3;Céu Claro;Pleno dia;quinta-feira;Colisão traseira;Dupla;0;0;-19.89011218;-44.80551997;Segura;Sudeste;1 Trimestre
578046;2024.0;n;1.0;2024-01-30;BA;415;58;ITABUNA;Demais falhas mecânicas ou elétricas;Sem Vítimas;1;Céu Claro;Pleno dia;terça-feira;Incêndio;Simples;0;0;-14.856288;-39.395367;Segura;Nordeste;1 Trimestre
595879;2024.0;n;4.0;2024-04-23;DF;20;19;BRASILIA;Velocidade Incompatível;Sem Vítimas;1;Nublado;Pleno dia;terça-feira;Saída de leito carroçável;Dupla;0;0;-15.612175;-47.700928;Segura;Centro-Oeste;2 Trimestre
625627;2024.0;n;9.0;2024-09-04;MG;116;708,3;MURIAE;Ausência de reação do condutor;Com Vítimas Feridas;2;Nublado;Plena Noite;quarta-feira;Colisão lateral sentido oposto;Simples;0;0;-21.16328873;-42.37968988;Segura;Sudeste;3 Trimestre
653692;2025.0;n;1.0;2025-01-07;BA;116;272;TUCANO;Transitar na contramão;Com Vítimas Fatais;2;Céu Claro;Pleno dia;terça-feira;Colisão frontal;Simples;1;0;-10,936705;-38,81187;Perigosa;Nordeste;1 Trimestre
625506;2024.0;n;7.0;2024-07-03;PR;376;242,1;APUCARANA;Reação tardia ou ineficiente do condutor;Com Vítimas Feridas;2;Céu Claro;Anoitecer;quarta-feira;Tombamento;Dupla;0;1;-23.58276543;-51.45245075;Perigosa;Sul;3 Trimestre
617471;2024.0;n;7.0;2024-07-28;BA;101;853;TEIXEIRA DE FREITAS;Carga excessiva e/ou mal acondicionada;Com Vítimas Feridas;2;Céu Claro;Pleno dia;domingo;Tombamento;Simples;0;0;-17.54578203;-39.71874195;Segura;Nordeste;3 Trimestre
659259;2025.0;n;2.0;2025-02-04;PR;369;86,1;CORNELIO PROCOPIO;Acessar a via sem observar a presença dos outros veículos;Com Vítimas Feridas;2;Chuva;Plena Noite;terça-feira;Colisão transversal;Simples;0;0;-23,17364255;-50,62049389;Segura;Sul;1 Trimestre
586106;2024.0;n;3.0;2024-03-09;TO;235;175;TUPIRAMA;Ausência de reação do condutor;Com Vítimas Feridas;8;Céu Claro;Pleno dia;sábado;Colisão frontal;Simples;0;2;-8.96918589;-48.26393399;Perigosa;Norte;1 Trimestre
626840;2024.0;n;9.0;2024-09-09;MG;251;475;GRAO MOGOL;Velocidade Incompatível;Com Vítimas Feridas;1;Céu Claro;Plena Noite;segunda-feira;Colisão com objeto;Simples;0;1;-16.29923091;-42.728431;Perigosa;Sudeste;3 Trimestre
605975;2024.0;n;6.0;2024-06-08;GO;40;8,7;LUZIANIA;Reação tardia ou ineficiente do condutor;Com Vítimas Feridas;3;Céu Claro;Pleno dia;sábado;Colisão transversal;Dupla;0;0;-16.116158;-47.96761;Segura;Centro-Oeste;2 Trimestre
652993;2025.0;n;1.0;2025-01-03;MG;50;8,3;UBERLANDIA;Manobra de mudança de faixa;Com Vítimas Feridas;3;Nublado;Pleno dia;sexta-feira;Colisão lateral mesmo sentido;Dupla;0;0;-18,9113;-48,2622;Segura;Sudeste;1 Trimestre
610461;2024.0;n;6.0;2024-06-27;PI;343;316;ALTOS;Condutor deixou de manter distância do veículo da frente;Com Vítimas Feridas;2;Céu Claro;Pleno dia;quinta-feira;Colisão traseira;Simples;0;0;-5.046231;-42.535843;Segura;Nordeste;2 Trimestre
615870;2024.0;n;7.0;2024-07-21;BA;116;693,8;JEQUIE;Reação tardia ou ineficiente do condutor;Com Vítimas Fatais;2;Céu Claro;Amanhecer;domingo;Tombamento;Simples;1;0;-14.017914;-40.189872;Perigosa;Nordeste;3 Trimestre
685712;2025.0;y;4.0;2025-04-18;RS;285;200,5;LAGOA VERMELHA;Pedestre cruzava a pista fora da faixa;Com Vítimas Feridas;3;Nublado;Pleno dia;sexta-feira;Atropelamento de Pedestre;Simples;0;1;-28,20642675;-51,53808832;Perigosa;Sul;2 Trimestre
592078;2024.0;n;4.0;2024-04-06;RJ;116;82;TERESOPOLIS;Reação tardia ou ineficiente do condutor;Sem Vítimas;3;Nublado;Amanhecer;sábado;Colisão lateral sentido oposto;Simples;0;0;-22.4065491;-42.95136745;Segura;Sudeste;2 Trimestre
669211;2025.0;n;3.0;2025-03-24;ES;101;261,3;SERRA;Manobra de mudança de faixa;Com Vítimas Feridas;8;Céu Claro;Amanhecer;segunda-feira;Engavetamento;Dupla;0;0;-20,1514333;-40,278725;Segura;Sudeste;1 Trimestre
601962;2024.0;n;5.0;2024-05-21;AL;423;76,8;AGUA BRANCA;Condutor Dormindo;Com Vítimas Feridas;2;Nublado;Amanhecer;terça-feira;Saída de leito carroçável;Simples;0;1;-9.31861528;-37.95146691;Perigosa;Nordeste;2 Trimestre
594145;2024.0;n;4.0;2024-04-15;PR;277;40,4;MORRETES;Condutor deixou de manter distância do veículo da frente;Com Vítimas Feridas;4;Nublado;Pleno dia;segunda-feira;Tombamento;Dupla;0;0;-25.58009859;-48.87202084;Segura;Sul;2 Trimestre
653444;2025.0;n;1.0;2025-01-06;MG;50;21;UBERLANDIA;Ausência de reação do condutor;Com Vítimas Feridas;2;Nublado;Pleno dia;segunda-feira;Colisão lateral mesmo sentido;Dupla;0;0;-18,9113;-48,2622;Segura;Sudeste;1 Trimestre
616829;2024.0;n;7.0;2024-07-25;RJ;116;3;SAPUCAIA;Problema com o freio;Com Vítimas Feridas;1;Céu Claro;Pleno dia;quinta-feira;Saída de leito carroçável;Simples;0;0;-21.887306;-42.679127;Segura;Sudeste;3 Trimestre
668789;2025.0;n;3.0;2025-03-22;PR;476;148;ARAUCARIA;Ausência de reação do condutor;Sem Vítimas;2;Céu Claro;Pleno dia;sábado;Colisão traseira;Dupla;0;0;-25,55763573;-49,35344744;Segura;Sul;1 Trimestre
625779;2024.0;n;9.0;2024-09-04;PR;116;101;SAO JOSE DOS PINHAIS;Condutor deixou de manter distância do veículo da frente;Sem Vítimas;2;Céu Claro;Plena Noite;quarta-feira;Colisão traseira;Dupla;0;0;-25.566593;-49.1693221;Segura;Sul;3 Trimestre
625391;2024.0;n;9.0;2024-09-02;SC;280;233;CANOINHAS;Pedestre andava na pista;Com Vítimas Feridas;2;Céu Claro;Plena Noite;segunda-feira;Atropelamento de Pedestre;Simples;0;1;-26.19146187;-50.39215;Perigosa;Sul;3 Trimestre
689932;2025.0;n;3.0;2025-03-13;SE;101;152,5;ESTANCIA;Manobra de mudança de faixa;Com Vítimas Feridas;5;Céu Claro;Pleno dia;quinta-feira;Colisão lateral mesmo sentido;Simples;0;0;-11,278644;-37,449116;Segura;Nordeste;1 Trimestre
687609;2025.0;n;4.0;2025-04-27;BA;116;522;ITATIM;Transitar na contramão;Com Vítimas Feridas;5;Céu Claro;Pleno dia;domingo;Colisão lateral sentido oposto;Simples;0;0;-12,71584396;-39,74423983;Segura;Nordeste;2 Trimestre
619174;2024.0;n;8.0;2024-08-05;MG;381;489;BETIM;Manobra de mudança de faixa;Com Vítimas Feridas;2;Céu Claro;Amanhecer;segunda-feira;Colisão lateral mesmo sentido;Múltipla;0;0;-19.96245618;-44.16455495;Segura;Sudeste;3 Trimestre
608321;2024.0;n;6.0;2024-06-18;PR;369;426,5;UBIRATA;Acessar a via sem observar a presença dos outros veículos;Sem Vítimas;2;Céu Claro;Pleno dia;terça-feira;Colisão transversal;Simples;0;0;-24.53544778;-52.94779837;Segura;Sul;2 Trimestre
612915;2024.0;n;7.0;2024-07-08;CE;116;485,7;MILAGRES;Reação tardia ou ineficiente do condutor;Com Vítimas Feridas;2;Nublado;Plena Noite;segunda-feira;Colisão traseira;Simples;0;0;-7.31766498;-38.93811773;Segura;Nordeste;3 Trimestre
592995;2024.0;n;4.0;2024-04-10;BA;324;487;FEIRA DE SANTANA;Ausência de reação do condutor;Com Vítimas Feridas;2;Nublado;Plena Noite;quarta-feira;Saída de leito carroçável;Simples;0;0;-12.03364074;-39.01582097;Segura;Nordeste;2 Trimestre
653608;2025.0;n;1.0;2025-01-07;SP;116;440;REGISTRO;Pedestre cruzava a pista fora da faixa;Com Vítimas Feridas;2;Céu Claro;Plena Noite;terça-feira;Atropelamento de Pedestre;Dupla;0;1;-24,46159507;-47,81713991;Perigosa;Sudeste;1 Trimestre
619406;2024.0;n;8.0;2024-08-06;ES;101;76;SAO MATEUS;Velocidade Incompatível;Com Vítimas Feridas;2;Céu Claro;Pleno dia;terça-feira;Colisão com objeto;Simples;0;0;-18.79220409;-39.88463988;Segura;Sudeste;3 Trimestre
620953;2024.0;n;8.0;2024-08-13;MG;153;46;CANAPOLIS;Velocidade Incompatível;Com Vítimas Feridas;5;Céu Claro;Pleno dia;terça-feira;Colisão lateral mesmo sentido;Dupla;0;0;-18.7877321;-49.08400664;Segura;Sudeste;3 Trimestre
672542;2025.0;n;4.0;2025-04-09;AL;101;141;SAO MIGUEL DOS CAMPOS;Objeto estático sobre o leito carroçável;Com Vítimas Feridas;2;Céu Claro;Pleno dia;quarta-feira;Atropelamento de Pedestre;Dupla;0;1;-9,82790075;-36,1287117;Perigosa;Nordeste;2 Trimestre
617155;2024.0;n;7.0;2024-07-27;MG;116;774,2;LEOPOLDINA;Curva acentuada;Com Vítimas Feridas;2;Céu Claro;Pleno dia;sábado;Tombamento;Simples;0;0;-21.57932128;-42.68264985;Segura;Sudeste;3 Trimestre
608983;2024.0;n;6.0;2024-06-21;MT;364;175;PEDRA PRETA;Reação tardia ou ineficiente do condutor;Com Vítimas Feridas;10;Sol;Pleno dia;sexta-feira;Engavetamento;Simples;0;0;-16.62200601;-54.45224701;Segura;Centro-Oeste;2 Trimestre
608227;2024.0;n;5.0;2024-05-28;PR;163;234;TOLEDO;Ausência de reação do condutor;Com Vítimas Feridas;2;Céu Claro;Pleno dia;terça-feira;Colisão frontal;Dupla;0;0;-24.717822;-53.711597;Segura;Sul;2 Trimestre
665366;2025.0;n;3.0;2025-03-05;ES;101;391;RIO NOVO DO SUL;Condutor Dormindo;Com Vítimas Feridas;2;Céu Claro;Anoitecer;quarta-feira;Tombamento;Simples;0;0;-20,86843613;-40,92750549;Segura;Sudeste;1 Trimestre
595304;2024.0;n;4.0;2024-04-20;MG;459;25,5;CALDAS;Velocidade Incompatível;Com Vítimas Feridas;2;Céu Claro;Pleno dia;sábado;Tombamento;Simples;0;0;-21.884323;-46.385551;Segura;Sudeste;2 Trimestre
625554;2024.0;n;9.0;2024-09-01;GO;50;202,8;CAMPO ALEGRE DE GOIAS;Demais falhas mecânicas ou elétricas;Sem Vítimas;1;Céu Claro;Plena Noite;domingo;Incêndio;Dupla;0;0;-17.5924;-47.806;Segura;Centro-Oeste;3 Trimestre
582891;2024.0;n;2.0;2024-02-23;GO;153;535;HIDROLANDIA;Desrespeitar a preferência no cruzamento;Com Vítimas Feridas;2;Nublado;Plena Noite;sexta-feira;Colisão lateral mesmo sentido;Dupla;0;0;-17.01;-49.2202;Segura;Centro-Oeste;1 Trimestre
618303;2024.0;n;8.0;2024-08-01;PR;116;152;MANDIRITUBA;Acessar a via sem observar a presença dos outros veículos;Sem Vítimas;3;Céu Claro;Pleno dia;quinta-feira;Colisão transversal;Dupla;0;0;-25.83236296;-49.33609707;Segura;Sul;3 Trimestre
600102;2024.0;n;5.0;2024-05-12;PA;10;27,8;DOM ELISEU;Transitar na contramão;Com Vítimas Feridas;4;Céu Claro;Anoitecer;domingo;Colisão lateral sentido oposto;Simples;0;4;-4.216738;-47.54512;Perigosa;Norte;2 Trimestre
619149;2024.0;n;8.0;2024-08-04;PI;135;542;SAO GONCALO DO GURGUEIA;Reação tardia ou ineficiente do condutor;Com Vítimas Feridas;1;Céu Claro;Pleno dia;domingo;Tombamento;Simples;0;0;-10.05360804;-45.28336399;Segura;Nordeste;3 Trimestre
666126;2025.0;n;3.0;2025-03-05;RJ;116;134,9;MAGE;Condutor deixou de manter distância do veículo da frente;Com Vítimas Feridas;2;Céu Claro;Plena Noite;quarta-feira;Colisão traseira;Dupla;0;0;-22,652759;-43,16023;Segura;Sudeste;1 Trimestre
653562;2025.0;n;1.0;2025-01-06;PA;316;151;CAPANEMA;Acessar a via sem observar a presença dos outros veículos;Com Vítimas Feridas;2;Nublado;Pleno dia;segunda-feira;Colisão transversal;Simples;0;0;-1,212873;-47,181547;Segura;Norte;1 Trimestre
614402;2024.0;n;7.0;2024-07-14;TO;153;653;DUERE;Ultrapassagem Indevida;Com Vítimas Feridas;2;Céu Claro;Pleno dia;domingo;Colisão lateral sentido oposto;Simples;0;0;-11.55957;-49.026588;Segura;Norte;3 Trimestre
653216;2025.0;n;1.0;2025-01-04;SC;101;118;ITAJAI;Demais falhas mecânicas ou elétricas;Sem Vítimas;1;Céu Claro;Plena Noite;sábado;Incêndio;Dupla;0;0;-26,895859;-48,71903;Segura;Sul;1 Trimestre
609914;2024.0;n;5.0;2024-05-06;MG;365;515;MONTE CARMELO;Fumaça;Com Vítimas Feridas;4;Céu Claro;Pleno dia;segunda-feira;Colisão traseira;Simples;0;0;-18.9145672;-47.35877801;Segura;Sudeste;2 Trimestre
652951;2025.0;n;1.0;2025-01-03;RJ;40;100;DUQUE DE CAXIAS;Demais falhas mecânicas ou elétricas;Sem Vítimas;1;Nublado;Pleno dia;sexta-feira;Incêndio;Simples;0;0;-22,59404803;-43,28079889;Segura;Sudeste;1 Trimestre
610493;2024.0;n;6.0;2024-06-28;TO;153;770,6;ALVORADA;Condutor Dormindo;Com Vítimas Feridas;2;Céu Claro;Plena Noite;sexta-feira;Colisão frontal;Simples;0;0;-12.5612064;-49.0867226;Segura;Norte;2 Trimestre
621526;2024.0;n;8.0;2024-08-16;GO;153;502,9;GOIANIA;Manobra de mudança de faixa;Com Vítimas Fatais;4;Céu Claro;Pleno dia;sexta-feira;Colisão lateral mesmo sentido;Dupla;1;0;-16.7287;-49.2424;Perigosa;Centro-Oeste;3 Trimestre
613762;2024.0;n;7.0;2024-07-11;SP;116;115;TAUBATE;Pedestre andava na pista;Com Vítimas Fatais;4;Céu Claro;Pleno dia;quinta-feira;Atropelamento de Pedestre;Dupla;1;0;-23.0496047;-45.59973712;Perigosa;Sudeste;3 Trimestre
602640;2024.0;n;5.0;2024-05-24;SP;116;122;TAUBATE;Condutor deixou de manter distância do veículo da frente;Com Vítimas Feridas;7;Nublado;Pleno dia;sexta-feira;Engavetamento;Dupla;0;2;-23.08192414;-45.66154591;Perigosa;Sudeste;2 Trimestre
655090;2025.0;n;1.0;2025-01-14;MG;365;740;ITUIUTABA;Frear bruscamente;Com Vítimas Feridas;1;Chuva;Pleno dia;terça-feira;Saída de leito carroçável;Simples;0;0;-18,91231121;-49,37306898;Segura;Sudeste;1 Trimestre
620883;2024.0;n;8.0;2024-08-12;BA;324;554;AMELIA RODRIGUES;Reação tardia ou ineficiente do condutor;Com Vítimas Feridas;2;Céu Claro;Plena Noite;segunda-feira;Saída de leito carroçável;Dupla;0;0;-12.46037726;-38.69681519;Segura;Nordeste;3 Trimestre
625541;2024.0;n;9.0;2024-09-03;GO;364;136;APARECIDA DO RIO DOCE;Manobra de mudança de faixa;Com Vítimas Feridas;3;Sol;Pleno dia;terça-feira;Tombamento;Simples;0;0;-18.2087;-51.317787;Segura;Centro-Oeste;3 Trimestre
589122;2024.0;n;3.0;2024-03-22;RJ;101;309;SAO GONCALO;Reação tardia ou ineficiente do condutor;Com Vítimas Feridas;2;Chuva;Plena Noite;sexta-feira;Colisão traseira;Dupla;0;0;-22.79498873;-43.03446105;Segura;Sudeste;1 Trimestre
585836;2024.0;n;3.0;2024-03-08;SP;116;308;SAO LOURENCO DA SERRA;Entrada inopinada do pedestre;Com Vítimas Feridas;3;Sol;Pleno dia;sexta-feira;Atropelamento de Pedestre;Dupla;0;1;-23.86213995;-46.94718508;Perigosa;Sudeste;1 Trimestre
653765;2025.0;n;1.0;2025-01-07;SC;101;3;GARUVA;Demais falhas mecânicas ou elétricas;Sem Vítimas;3;Chuva;Plena Noite;terça-feira;Incêndio;Dupla;0;0;-26,00380807;-48,87233005;Segura;Sul;1 Trimestre
579566;2024.0;n;2.0;2024-02-07;RS;386;36,2;FREDERICO WESTPHALEN;Acessar a via sem observar a presença dos outros veículos;Com Vítimas Feridas;2;Céu Claro;Pleno dia;quarta-feira;Colisão transversal;Simples;0;1;-27.373381;-53.39772;Perigosa;Sul;1 Trimestre
580790;2024.0;n;2.0;2024-02-12;PA;316;21,3;BENEVIDES;Manobra de mudança de faixa;Com Vítimas Feridas;5;Céu Claro;Pleno dia;segunda-feira;Colisão transversal;Dupla;0;0;-1.36097138;-48.26241527;Segura;Norte;1 Trimestre
623731;2024.0;n;8.0;2024-08-26;RS;468;82;CAMPO NOVO;Ausência de reação do condutor;Com Vítimas Feridas;2;Sol;Pleno dia;segunda-feira;Colisão frontal;Simples;0;0;-27.60903797;-53.86675895;Segura;Sul;3 Trimestre
583430;2024.0;n;2.0;2024-02-26;PR;116;185;CAMPO DO TENENTE;Reação tardia ou ineficiente do condutor;Sem Vítimas;2;Céu Claro;Pleno dia;segunda-feira;Colisão traseira;Simples;0;0;-25.9210664;-49.61779874;Segura;Sul;1 Trimestre
605289;2024.0;n;6.0;2024-06-05;RO;364;13;VILHENA;Acessar a via sem observar a presença dos outros veículos;Com Vítimas Feridas;2;Sol;Pleno dia;quarta-feira;Colisão transversal;Dupla;0;0;-12.74140004;-60.13026401;Segura;Norte;2 Trimestre
623944;2024.0;n;8.0;2024-08-27;RS;158;313;ITAARA;Velocidade Incompatível;Com Vítimas Feridas;3;Céu Claro;Pleno dia;terça-feira;Tombamento;Dupla;0;0;-29.63816702;-53.7664961;Segura;Sul;3 Trimestre
590103;2024.0;n;3.0;2024-03-27;SC;101;208,8;SAO JOSE;Condutor deixou de manter distância do veículo da frente;Com Vítimas Feridas;4;Céu Claro;Pleno dia;quarta-feira;Colisão traseira;Dupla;0;0;-27.60327979;-48.63201818;Segura;Sul;1 Trimestre
593209;2024.0;n;4.0;2024-04-11;SC;101;45,8;JOINVILLE;Ausência de reação do condutor;Com Vítimas Feridas;3;Céu Claro;Amanhecer;quinta-feira;Colisão traseira;Múltipla;0;0;-26.32214492;-48.8689509;Segura;Sul;2 Trimestre
585304;2024.0;n;2.0;2024-02-04;PA;163;104;ALTAMIRA;Curva acentuada;Com Vítimas Feridas;5;Céu Claro;Pleno dia;domingo;Saída de leito carroçável;Simples;0;0;-8.728298;-54.979658;Segura;Norte;1 Trimestre
572228;2024.0;n;1.0;2024-01-02;PE;101;46;IGARASSU;Trafegar com motocicleta (ou similar) entre as faixas;Com Vítimas Feridas;4;Céu Claro;Plena Noite;terça-feira;Colisão lateral mesmo sentido;Múltipla;0;1;-7.87347824;-34.90595698;Perigosa;Nordeste;1 Trimestre
600578;2024.0;n;5.0;2024-05-14;SP;116;145,2;SAO JOSE DOS CAMPOS;Manobra de mudança de faixa;Sem Vítimas;3;Céu Claro;Plena Noite;terça-feira;Colisão transversal;Dupla;0;0;-23.1869844;-45.8548078;Segura;Sudeste;2 Trimestre
586862;2024.0;n;3.0;2024-03-12;BA;116;514;ITATIM;Demais falhas mecânicas ou elétricas;Sem Vítimas;2;Céu Claro;Plena Noite;terça-feira;Incêndio;Simples;0;0;-12.66490997;-39.63832001;Segura;Nordeste;1 Trimestre
614237;2024.0;n;7.0;2024-07-13;PR;369;75;SANTA MARIANA;Reação tardia ou ineficiente do condutor;Com Vítimas Feridas;3;Céu Claro;Plena Noite;sábado;Saída de leito carroçável;Simples;0;0;-23.153862;-50.520845;Segura;Sul;3 Trimestre
667870;2025.0;n;3.0;2025-03-17;MG;262;602;CAMPOS ALTOS;Condutor Dormindo;Com Vítimas Feridas;2;Nublado;Pleno dia;segunda-feira;Saída de leito carroçável;Simples;0;0;-19,64590178;-46,24335408;Segura;Sudeste;1 Trimestre
593099;2024.0;n;4.0;2024-04-10;RS;468;67,2;SAO MARTINHO;Deficiência do Sistema de Iluminação/Sinalização;Com Vítimas Feridas;2;Céu Claro;Pleno dia;quarta-feira;Colisão transversal;Simples;0;1;-27.736906;-53.838505;Perigosa;Sul;2 Trimestre
671975;2025.0;n;4.0;2025-04-06;PE;101;131;ESCADA;Reação tardia ou ineficiente do condutor;Sem Vítimas;2;Nublado;Pleno dia;domingo;Tombamento;Dupla;0;0;-8,41439454;-35,3044618;Segura;Nordeste;2 Trimestre
579809;2024.0;n;2.0;2024-02-08;PB;104;55,6;BARRA DE SANTA ROSA;Condutor deixou de manter distância do veículo da frente;Com Vítimas Feridas;2;Céu Claro;Pleno dia;quinta-feira;Colisão traseira;Simples;0;0;-6.78424966;-35.98358004;Segura;Nordeste;1 Trimestre
601476;2024.0;n;5.0;2024-05-19;MG;262;190;BELA VISTA DE MINAS;Ausência de reação do condutor;Sem Vítimas;2;Céu Claro;Plena Noite;domingo;Colisão frontal;Simples;0;0;-19.88232457;-43.06905078;Segura;Sudeste;2 Trimestre
623993;2024.0;n;8.0;2024-08-27;MT;70;211;GENERAL CARNEIRO;Demais falhas mecânicas ou elétricas;Com Vítimas Feridas;1;Céu Claro;Pleno dia;terça-feira;Saída de leito carroçável;Simples;0;0;-15.72354777;-53.81652081;Segura;Centro-Oeste;3 Trimestre
653138;2025.0;n;1.0;2025-01-04;BA;116;784;PLANALTO;Acessar a via sem observar a presença dos outros veículos;Com Vítimas Feridas;3;Céu Claro;Pleno dia;sábado;Colisão transversal;Simples;0;0;-14,66603297;-40,46399803;Segura;Nordeste;1 Trimestre
606186;2024.0;n;6.0;2024-06-09;SP;116;449;REGISTRO;Carga excessiva e/ou mal acondicionada;Sem Vítimas;5;Céu Claro;Pleno dia;domingo;Tombamento;Dupla;0;0;-24.52913591;-47.85619324;Segura;Sudeste;2 Trimestre
629549;2024.0;n;9.0;2024-09-21;TO;153;357;FORTALEZA DO TABOCAO;Reação tardia ou ineficiente do condutor;Com Vítimas Feridas;6;Céu Claro;Pleno dia;sábado;Engavetamento;Simples;0;0;-9.03937809;-48.51007985;Segura;Norte;3 Trimestre