id;ano;feriado;mes;data_inversa;uf;br;km;municipio;causa_acidente;classificacao_acidente;veiculos;condicao_metereologica;fase_dia;dia_semana;tipo_acidente;tipo_pista;mortos;feridos_graves;latitude;longitude;status;regiao;periodo
606873;2024.0;n;6.0;2024-06-12;MG;262;896;CAMPO FLORIDO;Condutor Dormindo;Com Vítimas Feridas;2;Nublado;Plena Noite;quarta-feira;Saída de leito carroçável;Dupla;0;0;-19.71544346;-48.73062127;Segura;Sudeste;2 Trimestre
593949;2024.0;n;4.0;2024-04-14;PR;369;150;LONDRINA;Condutor deixou de manter distância do veículo da frente;Com Vítimas Feridas;4;Chuva;Pleno dia;domingo;Colisão traseira;Dupla;0;0;-23.29287739;-51.16284435;Segura;Sul;2 Trimestre
663723;2025.0;n;2.0;2025-02-25;RJ;393;231;VASSOURAS;Frear bruscamente;Sem Vítimas;2;Nublado;Plena Noite;terça-feira;Derramamento de carga;Simples;0;0;-22,39547542;-43,65623474;Segura;Sudeste;1 Trimestre
589171;2024.0;n;3.0;2024-03-04;PR;376;503;PONTA GROSSA;Reação tardia ou ineficiente do condutor;Com Vítimas Feridas;2;Céu Claro;Plena Noite;segunda-feira;Colisão traseira;Dupla;0;0;-25.22314697;-50.05150696;Segura;Sul;1 Trimestre
594483;2024.0;n;4.0;2024-04-17;RO;364;12;VILHENA;Demais falhas mecânicas ou elétricas;Com Vítimas Feridas;3;Céu Claro;Amanhecer;quarta-feira;Colisão lateral mesmo sentido;Dupla;0;0;-12.74370233;-60.12147609;Segura;Norte;2 Trimestre
659769;2025.0;n;2.0;2025-02-07;BA;324;525;FEIRA DE SANTANA;Suicídio (presumido);Com Vítimas Feridas;2;Céu Claro;Pleno dia;sexta-feira;Atropelamento de Pedestre;Dupla;0;0;-12,30106981;-38,8977869;Segura;Nordeste;1 Trimestre
584254;2024.0;n;3.0;2024-03-01;ES;101;419;CACHOEIRO DE ITAPEMIRIM;Avarias e/ou desgaste excessivo no pneu;Com Vítimas Fatais;2;Chuva;Pleno dia;sexta-feira;Colisão frontal;Simples;1;0;-20.95924919;-41.10118693;Perigosa;Sudeste;1 Trimestre
654953;2025.0;n;1.0;2025-01-13;MG;40;137,8;JOAO PINHEIRO;Velocidade Incompatível;Com Vítimas Feridas;3;Chuva;Plena Noite;segunda-feira;Colisão frontal;Simples;0;3;-17,72382989;-46,22254698;Perigosa;Sudeste;1 Trimestre
657044;2025.0;n;1.0;2025-01-24;PR;277;634;CEU AZUL;Condutor deixou de manter distância do veículo da frente;Com Vítimas Feridas;2;Céu Claro;Pleno dia;sexta-feira;Colisão traseira;Simples;0;0;-25,13216493;-53,8249287;Segura;Sul;1 Trimestre
593285;2024.0;n;4.0;2024-04-11;MT;163;730;SORRISO;Transitar na contramão;Com Vítimas Feridas;5;Céu Claro;Pleno dia;quinta-feira;Colisão lateral sentido oposto;Simples;0;2;-12.71956435;-55.8259213;Perigosa;Centro-Oeste;2 Trimestre
687833;2025.0;n;4.0;2025-04-28;SC;101;334,8;TUBARAO;Ausência de reação do condutor;Com Vítimas Feridas;3;Céu Claro;Pleno dia;segunda-feira;Colisão traseira;Múltipla;0;1;-28,47383133;-49,02577043;Perigosa;Sul;2 Trimestre
661247;2025.0;n;2.0;2025-02-14;SP;116;214,5;GUARULHOS;Manobra de mudança de faixa;Com Vítimas Feridas;3;Sol;Pleno dia;sexta-feira;Colisão lateral mesmo sentido;Múltipla;0;0;-23,44333014;-46,44531294;Segura;Sudeste;1 Trimestre
654066;2025.0;n;1.0;2025-01-09;PR;153;144,6;VENTANIA;Reação tardia ou ineficiente do condutor;Com Vítimas Feridas;3;Garoa/Chuvisco;Pleno dia;quinta-feira;Colisão lateral sentido oposto;Simples;0;1;-24,1186361;-50,24054206;Perigosa;Sul;1 Trimestre
671395;2025.0;n;4.0;2025-04-03;RJ;116;279;BARRA MANSA;Ausência de reação do condutor;Com Vítimas Feridas;6;Céu Claro;Plena Noite;quinta-feira;Engavetamento;Simples;0;0;-22,51643344;-44,20869872;Segura;Sudeste;2 Trimestre
662378;2025.0;n;2.0;2025-02-19;SC;101;156,8;PORTO BELO;Reação tardia ou ineficiente do condutor;Com Vítimas Feridas;4;Sol;Pleno dia;quarta-feira;Colisão traseira;Dupla;0;1;-27,172272;-48,61170204;Perigosa;Sul;1 Trimestre
627906;2024.0;n;9.0;2024-09-14;PR;116;24;CAMPINA GRANDE DO SUL;Condutor Dormindo;Com Vítimas Feridas;5;Céu Claro;Plena Noite;sábado;Colisão traseira;Dupla;0;0;-25.10885561;-48.76563896;Segura;Sul;3 Trimestre
619645;2024.0;n;8.0;2024-08-07;RJ;40;109;DUQUE DE CAXIAS;Demais falhas mecânicas ou elétricas;Sem Vítimas;2;Céu Claro;Pleno dia;quarta-feira;Incêndio;Múltipla;0;0;-22.67374628;-43.28638368;Segura;Sudeste;3 Trimestre
667834;2025.0;n;3.0;2025-03-17;SC;470;91;ASCURRA;Demais falhas mecânicas ou elétricas;Sem Vítimas;2;Nublado;Pleno dia;segunda-feira;Tombamento;Simples;0;0;-26,97112366;-49,36699033;Segura;Sul;1 Trimestre
652564;2025.0;y;1.0;2025-01-01;BA;101;31;ESPLANADA;Velocidade Incompatível;Com Vítimas Feridas;1;Céu Claro;Pleno dia;quarta-feira;Capotamento;Dupla;0;0;-11,79445617;-37,9546697;Segura;Nordeste;1 Trimestre
673989;2025.0;n;4.0;2025-04-16;MG;116;524,5;CARATINGA;Acessar a via sem observar a presença dos outros veículos;Com Vítimas Feridas;2;Garoa/Chuvisco;Pleno dia;quarta-feira;Colisão transversal;Simples;0;0;-19,7639766;-42,1320765;Segura;Sudeste;2 Trimestre
690228;2025.0;n;4.0;2025-04-16;SC;101;228,2;PALHOCA;Condutor usando celular;Com Vítimas Feridas;3;Céu Claro;Pleno dia;quarta-feira;Colisão traseira;Dupla;0;1;-27,76017;-48,63066;Perigosa;Sul;2 Trimestre
575423;2024.0;n;1.0;2024-01-17;BA;110;147;RIBEIRA DO POMBAL;Objeto estático sobre o leito carroçável;Com Vítimas Feridas;2;Céu Claro;Pleno dia;quarta-feira;Colisão com objeto;Simples;0;1;-10.67413598;-38.42456502;Perigosa;Nordeste;1 Trimestre
605910;2024.0;n;6.0;2024-06-08;SC;282;17,4;PALHOCA;Acessar a via sem observar a presença dos outros veículos;Com Vítimas Feridas;3;Céu Claro;Plena Noite;sábado;Colisão transversal;Simples;0;1;-27.665707;-48.688065;Perigosa;Sul;2 Trimestre
589872;2024.0;n;3.0;2024-03-26;BA;116;422;FEIRA DE SANTANA;Carga excessiva e/ou mal acondicionada;Sem Vítimas;2;Nublado;Pleno dia;terça-feira;Colisão com objeto;Dupla;0;0;-12.22064702;-38.96561131;Segura;Nordeste;1 Trimestre
662950;2025.0;n;2.0;2025-02-22;MG;116;533,2;SANTA RITA DE MINAS;Desrespeitar a preferência no cruzamento;Com Vítimas Feridas;4;Céu Claro;Pleno dia;sábado;Colisão transversal;Simples;0;0;-19,842031;-42,139517;Segura;Sudeste;1 Trimestre
572469;2024.0;n;1.0;2024-01-03;MG;267;31;ARGIRITA;Ausência de reação do condutor;Com Vítimas Feridas;2;Garoa/Chuvisco;Anoitecer;quarta-feira;Colisão frontal;Simples;0;1;-21.64465779;-42.8469463;Perigosa;Sudeste;1 Trimestre
577340;2024.0;n;1.0;2024-01-27;CE;116;3;FORTALEZA;Mal súbito do condutor;Sem Vítimas;2;Sol;Pleno dia;sábado;Saída de leito carroçável;Múltipla;0;0;-3.77866493;-38.51490171;Segura;Nordeste;1 Trimestre
687193;2025.0;n;4.0;2025-04-25;RJ;101;261;RIO BONITO;Pista Escorregadia;Com Vítimas Fatais;3;Nublado;Pleno dia;sexta-feira;Queda de ocupante de veículo;Simples;1;0;-22,71307449;-42,61978184;Perigosa;Sudeste;2 Trimestre
602222;2024.0;n;5.0;2024-05-22;GO;60;449;JATAI;Ausência de reação do condutor;Com Vítimas Fatais;6;Céu Claro;Pleno dia;quarta-feira;Colisão traseira;Dupla;1;0;-17.8514;-51.5158;Perigosa;Centro-Oeste;2 Trimestre
616149;2024.0;n;7.0;2024-07-22;SE;235;20;LARANJEIRAS;Chuva;Sem Vítimas;1;Chuva;Pleno dia;segunda-feira;Saída de leito carroçável;Simples;0;0;-10.834111;-37.221916;Segura;Nordeste;3 Trimestre
668062;2025.0;n;3.0;2025-03-18;RJ;101;405;ITAGUAI;Carga excessiva e/ou mal acondicionada;Com Vítimas Feridas;4;Sol;Pleno dia;terça-feira;Colisão transversal;Dupla;0;1;-22,868568;-43,804133;Perigosa;Sudeste;1 Trimestre
621467;2024.0;n;8.0;2024-08-15;SC;101;203,1;SAO JOSE;Reação tardia ou ineficiente do condutor;Com Vítimas Feridas;3;Céu Claro;Plena Noite;quinta-feira;Tombamento;Múltipla;0;0;-27.5650044;-48.61460082;Segura;Sul;3 Trimestre
591161;2024.0;n;4.0;2024-04-01;BA;242;323;ANDARAI;Velocidade Incompatível;Sem Vítimas;3;Céu Claro;Pleno dia;segunda-feira;Tombamento;Simples;0;0;-12.46733959;-41.08997199;Segura;Nordeste;2 Trimestre
581745;2024.0;n;2.0;2024-02-17;SC;153;111,2;CONCORDIA;Transitar na contramão;Com Vítimas Fatais;3;Céu Claro;Pleno dia;sábado;Colisão lateral mesmo sentido;Simples;1;0;-27.3271078;-51.9797747;Perigosa;Sul;1 Trimestre
586183;2024.0;n;3.0;2024-03-09;PR;376;297;MAUA DA SERRA;Reação tardia ou ineficiente do condutor;Com Vítimas Feridas;1;Céu Claro;Pleno dia;sábado;Saída de leito carroçável;Dupla;0;0;-23.92517528;-51.1742177;Segura;Sul;1 Trimestre
591155;2024.0;n;4.0;2024-04-01;RJ;101;83;CAMPOS DOS GOYTACAZES;Mal súbito do condutor;Sem Vítimas;3;Céu Claro;Pleno dia;segunda-feira;Saída de leito carroçável;Simples;0;0;-21.82198875;-41.46111095;Segura;Sudeste;2 Trimestre
594645;2024.0;n;4.0;2024-04-18;MG;381;495,1;BETIM;Reação tardia ou ineficiente do condutor;Com Vítimas Feridas;4;Céu Claro;Pleno dia;quinta-feira;Colisão traseira;Múltipla;0;1;-19.973784;-44.1849879;Perigosa;Sudeste;2 Trimestre
607748;2024.0;n;6.0;2024-06-15;SC;158;126,5;CAIBI;Ingestão de álcool pelo condutor;Com Vítimas Feridas;2;Nublado;Plena Noite;sábado;Colisão frontal;Simples;0;0;-27.04689545;-53.22738647;Segura;Sul;2 Trimestre
654426;2025.0;n;1.0;2025-01-10;MT;174;316;PONTES E LACERDA;Falta de elemento de contenção que evite a saída do leito carroçável;Sem Vítimas;1;Céu Claro;Pleno dia;sexta-feira;Saída de leito carroçável;Simples;0;0;-14,99867205;-59,28499483;Segura;Centro-Oeste;1 Trimestre
669489;2025.0;n;3.0;2025-03-25;BA;415;29;ILHEUS;Manobra de mudança de faixa;Com Vítimas Feridas;3;Sol;Pleno dia;terça-feira;Colisão lateral mesmo sentido;Dupla;0;0;-14,785726;-39,222999;Segura;Nordeste;1 Trimestre
612896;2024.0;n;7.0;2024-07-07;SC;282;497,9;XANXERE;Ingestão de álcool pelo condutor;Com Vítimas Fatais;4;Chuva;Pleno dia;domingo;Colisão frontal;Simples;1;0;-26.879157;-52.347801;Perigosa;Sul;3 Trimestre
590860;2024.0;n;3.0;2024-03-31;GO;20;24;FORMOSA;Avarias e/ou desgaste excessivo no pneu;Com Vítimas Feridas;2;Céu Claro;Plena Noite;domingo;Colisão lateral sentido oposto;Simples;0;0;-15.54017;-47.142769;Segura;Centro-Oeste;1 Trimestre
686869;2025.0;n;4.0;2025-04-23;MA;222;317;VITORIA DO MEARIM;Transitar na contramão;Com Vítimas Fatais;3;Céu Claro;Pleno dia;quarta-feira;Colisão frontal;Simples;2;0;-3,568683;-44,943525;Perigosa;Nordeste;2 Trimestre
589816;2024.0;n;3.0;2024-03-26;PR;376;629;SAO JOSE DOS PINHAIS;Acessar a via sem observar a presença dos outros veículos;Com Vítimas Feridas;4;Céu Claro;Pleno dia;terça-feira;Atropelamento de Pedestre;Simples;0;1;-25.68698314;-49.14684542;Perigosa;Sul;1 Trimestre
605480;2024.0;n;2.0;2024-02-03;SC;470;92;APIUNA;Transitar na contramão;Com Vítimas Feridas;3;Céu Claro;Pleno dia;sábado;Colisão frontal;Simples;0;3;-26.98592;-49.373047;Perigosa;Sul;1 Trimestre
671071;2025.0;n;4.0;2025-04-02;MG;262;800;UBERABA;Acessar a via sem observar a presença dos outros veículos;Com Vítimas Feridas;2;Céu Claro;Pleno dia;quarta-feira;Colisão lateral mesmo sentido;Dupla;0;0;-19,768365;-47,89126;Segura;Sudeste;2 Trimestre
593800;2024.0;n;4.0;2024-04-13;GO;158;55;BOM JARDIM DE GOIAS;Demais falhas mecânicas ou elétricas;Sem Vítimas;3;Céu Claro;Anoitecer;sábado;Incêndio;Simples;0;0;-16.2650969;-52.03842992;Segura;Centro-Oeste;2 Trimestre
591845;2024.0;n;4.0;2024-04-05;TO;153;616;ALIANCA DO TOCANTINS;Velocidade Incompatível;Com Vítimas Feridas;2;Chuva;Plena Noite;sexta-feira;Tombamento;Simples;0;0;-11.23830101;-48.93397192;Segura;Norte;2 Trimestre
593282;2024.0;n;4.0;2024-04-11;PR;116;125;FAZENDA RIO GRANDE;Trafegar com motocicleta (ou similar) entre as faixas;Com Vítimas Feridas;2;Nublado;Pleno dia;quinta-feira;Colisão lateral mesmo sentido;Múltipla;0;0;-25.63490463;-49.3132174;Segura;Sul;2 Trimestre
673844;2025.0;n;4.0;2025-04-15;SC;470;141;RIO DO SUL;Condutor deixou de manter distância do veículo da frente;Com Vítimas Feridas;4;Céu Claro;Pleno dia;terça-feira;Engavetamento;Simples;0;0;-27,2070171;-49,6483473;Segura;Sul;2 Trimestre
595872;2024.0;n;4.0;2024-04-23;GO;50;125;IPAMERI;Velocidade Incompatível;Com Vítimas Feridas;2;Sol;Pleno dia;terça-feira;Tombamento;Simples;0;0;-16.9654;-47.7396;Segura;Centro-Oeste;2 Trimestre
611195;2024.0;n;6.0;2024-06-22;MG;40;610;CONGONHAS;Retorno proibido;Com Vítimas Feridas;4;Céu Claro;Pleno dia;sábado;Colisão transversal;Simples;0;0;-20.5019758;-43.83840447;Segura;Sudeste;2 Trimestre
588239;2024.0;n;3.0;2024-03-18;SP;116;123;CACAPAVA;Ausência de reação do condutor;Com Vítimas Feridas;3;Garoa/Chuvisco;Plena Noite;segunda-feira;Colisão traseira;Dupla;0;1;-23.08754228;-45.66969781;Perigosa;Sudeste;1 Trimestre
592576;2024.0;n;4.0;2024-04-08;SC;101;75;ARAQUARI;Suicídio (presumido);Com Vítimas Fatais;2;Garoa/Chuvisco;Amanhecer;segunda-feira;Atropelamento de Pedestre;Dupla;1;0;-26.5519717;-48.71688324;Perigosa;Sul;2 Trimestre
582216;2024.0;n;2.0;2024-02-20;GO;20;182;SIMOLANDIA;Deficiência do Sistema de Iluminação/Sinalização;Sem Vítimas;3;Garoa/Chuvisco;Pleno dia;terça-feira;Tombamento;Dupla;0;0;-14.463847;-46.480179;Segura;Centro-Oeste;1 Trimestre
653350;2025.0;n;1.0;2025-01-05;PE;232;7,1;RECIFE;Condutor deixou de manter distância do veículo da frente;Sem Vítimas;2;Céu Claro;Pleno dia;domingo;Colisão traseira;Múltipla;0;0;-8,07333497;-34,96184301;Segura;Nordeste;1 Trimestre
624232;2024.0;n;8.0;2024-08-27;CE;20;7,5;PARAMBU;Demais falhas mecânicas ou elétricas;Com Vítimas Feridas;2;Céu Claro;Plena Noite;terça-feira;Tombamento;Simples;0;0;-6.47817697;-40.74776253;Segura;Nordeste;3 Trimestre
626069;2024.0;n;9.0;2024-09-06;GO;364;154,7;JATAI;Ausência de reação do condutor;Com Vítimas Feridas;2;Céu Claro;Plena Noite;sexta-feira;Colisão com objeto;Simples;0;0;-18.138138;-51.454224;Segura;Centro-Oeste;3 Trimestre
607570;2024.0;n;6.0;2024-06-15;ES;101;269,3;SERRA;Desrespeitar a preferência no cruzamento;Com Vítimas Feridas;3;Nublado;Plena Noite;sábado;Colisão transversal;Múltipla;0;1;-20.21740496;-40.26990578;Perigosa;Sudeste;2 Trimestre
603229;2024.0;n;5.0;2024-05-26;GO;60;173,9;GOIANIA;Manobra de mudança de faixa;Com Vítimas Feridas;3;Céu Claro;Plena Noite;domingo;Colisão lateral mesmo sentido;Dupla;0;0;-16.7423;-49.415;Segura;Centro-Oeste;2 Trimestre
585111;2024.0;n;3.0;2024-03-05;GO;153;657;GOIATUBA;Condutor Dormindo;Com Vítimas Fatais;2;Céu Claro;Amanhecer;terça-feira;Saída de leito carroçável;Dupla;1;0;-18.0277;-49.265;Perigosa;Centro-Oeste;1 Trimestre
605665;2024.0;n;6.0;2024-06-07;RS;290;485,8;ROSARIO DO SUL;Ausência de reação do condutor;Com Vítimas Feridas;2;Nevoeiro/Neblina;Plena Noite;sexta-feira;Colisão lateral sentido oposto;Simples;0;0;-30.238661;-55.013279;Segura;Sul;2 Trimestre
609214;2024.0;n;6.0;2024-06-22;SC;101;424,1;ARARANGUA;Reação tardia ou ineficiente do condutor;Com Vítimas Feridas;2;Céu Claro;Amanhecer;sábado;Tombamento;Dupla;0;0;-29.01601155;-49.58269226;Segura;Sul;2 Trimestre
600591;2024.0;n;5.0;2024-05-14;AL;101;45;FLEXEIRAS;Velocidade Incompatível;Com Vítimas Feridas;2;Chuva;Plena Noite;terça-feira;Tombamento;Dupla;0;0;-9.20251191;-35.78756691;Segura;Nordeste;2 Trimestre
626096;2024.0;n;9.0;2024-09-06;BA;407;182;PONTO NOVO;Reação tardia ou ineficiente do condutor;Com Vítimas Feridas;1;Céu Claro;Pleno dia;sexta-feira;Tombamento;Simples;0;0;-10.94704398;-40.10503263;Segura;Nordeste;3 Trimestre
591463;2024.0;n;4.0;2024-04-02;SC;282;4,5;SAO JOSE;Reação tardia ou ineficiente do condutor;Com Vítimas Feridas;2;Céu Claro;Plena Noite;terça-feira;Colisão com objeto;Múltipla;0;0;-27.592646;-48.604034;Segura;Sul;2 Trimestre
612463;2024.0;n;7.0;2024-07-06;MT;163;959;NOVA SANTA HELENA;Estacionar ou parar em local proibido;Com Vítimas Feridas;2;Céu Claro;Pleno dia;sábado;Colisão traseira;Simples;0;0;-10.93976207;-55.21080884;Segura;Centro-Oeste;3 Trimestre
596618;2024.0;n;4.0;2024-04-26;RS;392;99,5;MORRO REDONDO;Ausência de reação do condutor;Com Vítimas Fatais;5;Chuva;Plena Noite;sexta-feira;Colisão traseira;Simples;1;0;-31.53845642;-52.57095337;Perigosa;Sul;2 Trimestre
614900;2024.0;n;7.0;2024-07-16;PR;163;152,5;SANTA LUCIA;Velocidade Incompatível;Com Vítimas Feridas;2;Céu Claro;Plena Noite;terça-feira;Saída de leito carroçável;Dupla;0;0;-25.40191702;-53.57498103;Segura;Sul;3 Trimestre
586893;2024.0;n;3.0;2024-03-13;AL;101;59,5;MESSIAS;Velocidade Incompatível;Sem Vítimas;1;Céu Claro;Plena Noite;quarta-feira;Tombamento;Dupla;0;0;-9.28599114;-35.80320663;Segura;Nordeste;1 Trimestre
630135;2024.0;n;9.0;2024-09-23;MS;163;90,5;ITAQUIRAI;Ultrapassagem Indevida;Com Vítimas Feridas;5;Céu Claro;Plena Noite;segunda-feira;Colisão frontal;Simples;0;0;-23.37010706;-54.21356046;Segura;Centro-Oeste;3 Trimestre
624148;2024.0;n;8.0;2024-08-19;MG;40;255;SAO GONCALO DO ABAETE;Carga excessiva e/ou mal acondicionada;Sem Vítimas;3;Céu Claro;Plena Noite;segunda-feira;Colisão lateral sentido oposto;Simples;0;0;-18.13390293;-45.40096101;Segura;Sudeste;3 Trimestre
670975;2025.0;n;1.0;2025-01-14;CE;222;221;SOBRAL;Condutor deixou de manter distância do veículo da frente;Com Vítimas Feridas;2;Chuva;Plena Noite;terça-feira;Colisão traseira;Simples;0;0;-3,72703784;-40,32233965;Segura;Nordeste;1 Trimestre
686303;2025.0;n;4.0;2025-04-20;MS;163;564,7;BANDEIRANTES;Demais falhas mecânicas ou elétricas;Sem Vítimas;4;Nublado;Pleno dia;domingo;Incêndio;Simples;0;0;-19,7747946;-54,3628383;Segura;Centro-Oeste;2 Trimestre
615232;2024.0;n;7.0;2024-07-17;PA;230;575;VITORIA DO XINGU;Demais falhas mecânicas ou elétricas;Sem Vítimas;2;Céu Claro;Plena Noite;quarta-feira;Incêndio;Simples;0;0;-3.12930491;-51.72850295;Segura;Norte;3 Trimestre
653155;2025.0;n;1.0;2025-01-04;MG;262;401,5;PARA DE MINAS;Velocidade Incompatível;Com Vítimas Feridas;1;Nublado;Pleno dia;sábado;Saída de leito carroçável;Dupla;0;0;-19,90018759;-44,55287088;Segura;Sudeste;1 Trimestre
596688;2024.0;n;4.0;2024-04-27;BA;324;530;FEIRA DE SANTANA;Problema com o freio;Com Vítimas Feridas;2;Nublado;Pleno dia;sábado;Colisão traseira;Dupla;0;0;-12.32818491;-38.86174193;Segura;Nordeste;2 Trimestre
613884;2024.0;n;7.0;2024-07-12;AL;104;8,5;SAO JOSE DA LAJE;Condutor Dormindo;Com Vítimas Feridas;3;Garoa/Chuvisco;Pleno dia;sexta-feira;Colisão frontal;Simples;0;0;-8.96386265;-36.02023815;Segura;Nordeste;3 Trimestre
619428;2024.0;n;8.0;2024-08-06;SC;101;42;JOINVILLE;Reação tardia ou ineficiente do condutor;Com Vítimas Feridas;5;Céu Claro;Pleno dia;terça-feira;Colisão traseira;Múltipla;0;0;-26.31861067;-48.87168825;Segura;Sul;3 Trimestre
659229;2025.0;n;2.0;2025-02-04;PA;316;63;CASTANHAL;Ausência de reação do condutor;Com Vítimas Fatais;6;Céu Claro;Pleno dia;terça-feira;Tombamento;Dupla;1;0;-1,29679363;-47,92878096;Perigosa;Norte;1 Trimestre
656792;2025.0;n;1.0;2025-01-23;PR;376;628;SAO JOSE DOS PINHAIS;Manobra de mudança de faixa;Sem Vítimas;2;Céu Claro;Pleno dia;quinta-feira;Colisão lateral mesmo sentido;Dupla;0;0;-25,67832409;-49,14963231;Segura;Sul;1 Trimestre
659676;2025.0;n;2.0;2025-02-06;SC;153;93,7;CONCORDIA;Transitar na contramão;Com Vítimas Feridas;2;Céu Claro;Anoitecer;quinta-feira;Colisão frontal;Simples;0;0;-27,192907;-51,936951;Segura;Sul;1 Trimestre
661895;2025.0;n;2.0;2025-02-17;BA;101;232,5;SAPEACU;Ultrapassagem Indevida;Com Vítimas Feridas;2;Céu Claro;Amanhecer;segunda-feira;Colisão frontal;Simples;0;0;-12,73633099;-39,18434691;Segura;Nordeste;1 Trimestre
618300;2024.0;n;8.0;2024-08-01;RJ;101;210;CASIMIRO DE ABREU;Condutor deixou de manter distância do veículo da frente;Com Vítimas Fatais;6;Céu Claro;Pleno dia;quinta-feira;Engavetamento;Dupla;2;0;-22.48164701;-42.23710101;Perigosa;Sudeste;3 Trimestre
659715;2025.0;n;2.0;2025-02-06;SP;116;350;MIRACATU;Demais falhas mecânicas ou elétricas;Com Vítimas Feridas;2;Céu Claro;Plena Noite;quinta-feira;Incêndio;Dupla;0;0;-24,05853299;-47,21739301;Segura;Sudeste;1 Trimestre
628989;2024.0;n;9.0;2024-09-18;SP;153;285,6;OCAUCU;Condutor Dormindo;Com Vítimas Feridas;3;Céu Claro;Plena Noite;quarta-feira;Saída de leito carroçável;Simples;0;0;-22.45381704;-49.86982698;Segura;Sudeste;3 Trimestre
627852;2024.0;n;9.0;2024-09-13;MG;459;46;SANTA RITA DE CALDAS;Ingestão de álcool pelo condutor;Com Vítimas Feridas;3;Céu Claro;Plena Noite;sexta-feira;Colisão traseira;Simples;0;0;-22.014313;-46.312248;Segura;Sudeste;3 Trimestre
575546;2024.0;n;1.0;2024-01-18;RJ;116;207;SEROPEDICA;Manobra de mudança de faixa;Sem Vítimas;3;Nublado;Pleno dia;quinta-feira;Colisão lateral mesmo sentido;Dupla;0;0;-22.72454443;-43.66145706;Segura;Sudeste;1 Trimestre
656888;2025.0;n;1.0;2025-01-23;RJ;101;157;MACAE;Demais falhas mecânicas ou elétricas;Sem Vítimas;4;Céu Claro;Pleno dia;quinta-feira;Colisão lateral sentido oposto;Simples;0;0;-22,26664642;-41,85839687;Segura;Sudeste;1 Trimestre
687852;2025.0;n;4.0;2025-04-28;RJ;356;110;ITAPERUNA;Ausência de reação do condutor;Com Vítimas Feridas;2;Céu Claro;Pleno dia;segunda-feira;Tombamento;Simples;0;0;-21,2584541;-41,7691288;Segura;Sudeste;2 Trimestre
625052;2024.0;n;9.0;2024-09-01;SP;153;287,5;OCAUCU;Acesso irregular;Com Vítimas Feridas;2;Céu Claro;Pleno dia;domingo;Colisão transversal;Simples;0;1;-22.46683224;-49.88292673;Perigosa;Sudeste;3 Trimestre
593761;2024.0;n;4.0;2024-04-13;RS;116;529,5;CAPAO DO LEAO;Velocidade Incompatível;Com Vítimas Feridas;2;Chuva;Anoitecer;sábado;Tombamento;Simples;0;0;-31.75685038;-52.43372619;Segura;Sul;2 Trimestre
571789;2024.0;y;1.0;2024-01-01;ES;101;38;CONCEICAO DA BARRA;Ultrapassagem Indevida;Com Vítimas Feridas;3;Céu Claro;Plena Noite;segunda-feira;Colisão lateral sentido oposto;Simples;0;1;-18.48261;-39.92379;Perigosa;Sudeste;1 Trimestre
653212;2025.0;n;1.0;2025-01-04;SC;282;16,6;PALHOCA;Acesso irregular;Com Vítimas Feridas;2;Céu Claro;Plena Noite;sábado;Colisão frontal;Simples;0;1;-27,658611;-48,681847;Perigosa;Sul;1 Trimestre
669396;2025.0;n;3.0;2025-03-24;MG;251;218,8;CACHOEIRA DE PAJEU;Transitar na contramão;Com Vítimas Feridas;2;Céu Claro;Anoitecer;segunda-feira;Colisão frontal;Simples;0;0;-15,90520647;-41,54754639;Segura;Sudeste;1 Trimestre
619522;2024.0;n;8.0;2024-08-06;PI;343;323;ALTOS;Ultrapassagem Indevida;Com Vítimas Feridas;3;Céu Claro;Pleno dia;terça-feira;Saída de leito carroçável;Simples;0;2;-5.058037;-42.593838;Perigosa;Nordeste;3 Trimestre
598157;2024.0;n;5.0;2024-05-04;GO;20;251;GUARANI DE GOIAS;Carga excessiva e/ou mal acondicionada;Sem Vítimas;3;Céu Claro;Plena Noite;sábado;Derramamento de carga;Simples;0;0;-13.976036;-46.192558;Segura;Centro-Oeste;2 Trimestre
619864;2024.0;n;8.0;2024-08-08;ES;101;297,9;VIANA;Manobra de mudança de faixa;Com Vítimas Feridas;2;Céu Claro;Pleno dia;quinta-feira;Colisão lateral mesmo sentido;Dupla;0;0;-20.34529844;-40.41026774;Segura;Sudeste;3 Trimestre
578379;2024.0;n;2.0;2024-02-01;MS;163;739;COXIM;Reação tardia ou ineficiente do condutor;Com Vítimas Feridas;2;Céu Claro;Pleno dia;quinta-feira;Colisão traseira;Simples;0;0;-18.43652888;-54.69939724;Segura;Centro-Oeste;1 Trimestre
663850;2025.0;n;1.0;2025-01-14;AM;230;459;MANICORE;Pista Escorregadia;Sem Vítimas;1;Céu Claro;Amanhecer;terça-feira;Tombamento;Simples;0;0;-8,02355866;-61,86488628;Segura;Norte;1 Trimestre
575790;2024.0;n;1.0;2024-01-11;MT;364;348;SANTO ANTONIO DO LEVERGER;Reação tardia ou ineficiente do condutor;Com Vítimas Feridas;4;Chuva;Pleno dia;quinta-feira;Colisão traseira;Dupla;0;2;-15.80416834;-55.55429598;Perigosa;Centro-Oeste;1 Trimestre
673036;2025.0;n;4.0;2025-04-11;RN;304;123,3;ITAJA;Reação tardia ou ineficiente do condutor;Com Vítimas Feridas;2;Nublado;Plena Noite;sexta-feira;Saída de leito carroçável;Simples;0;0;-5,64672;-36,830255;Segura;Nordeste;2 Trimestre