id;ano;feriado;mes;data_inversa;uf;br;km;municipio;causa_acidente;classificacao_acidente;veiculos;condicao_metereologica;fase_dia;dia_semana;tipo_acidente;tipo_pista;mortos;feridos_graves;latitude;longitude;status;regiao;periodo
610564;2024.0;n;6.0;2024-06-28;MA;10;328;ACAILANDIA;Transitar na contramão;Com Vítimas Feridas;3;Céu Claro;Pleno dia;sexta-feira;Colisão lateral mesmo sentido;Simples;0;0;-4.882012;-47.513603;Segura;Nordeste;2 Trimestre
586156;2024.0;n;3.0;2024-03-09;MS;158;97;PARANAIBA;Manobra de mudança de faixa;Com Vítimas Feridas;3;Nublado;Anoitecer;sábado;Tombamento;Dupla;0;0;-19.69627676;-51.17701292;Segura;Centro-Oeste;1 Trimestre
612206;2024.0;n;7.0;2024-07-05;GO;153;430;ANAPOLIS;Demais falhas mecânicas ou elétricas;Com Vítimas Feridas;2;Céu Claro;Pleno dia;sexta-feira;Colisão transversal;Simples;0;1;-16.25157;-48.99474;Perigosa;Centro-Oeste;3 Trimestre
670215;2025.0;n;3.0;2025-03-28;MT;364;48;ALTO GARCAS;Transitar na contramão;Com Vítimas Fatais;3;Céu Claro;Plena Noite;sexta-feira;Colisão frontal;Simples;1;0;-17,02281059;-53,48985672;Perigosa;Centro-Oeste;1 Trimestre
611505;2024.0;n;7.0;2024-07-02;SP;116;116,6;TAUBATE;Ultrapassagem Indevida;Com Vítimas Feridas;3;Sol;Pleno dia;terça-feira;Colisão traseira;Dupla;0;0;-23.05376319;-45.6088049;Segura;Sudeste;3 Trimestre
652925;2025.0;n;1.0;2025-01-03;SC;280;33;ARAQUARI;Ausência de reação do condutor;Com Vítimas Feridas;1;Céu Claro;Pleno dia;sexta-feira;Queda de ocupante de veículo;Simples;0;0;-26,42576441;-48,78741376;Segura;Sul;1 Trimestre
669841;2025.0;n;3.0;2025-03-27;RS;290;679;URUGUAIANA;Reação tardia ou ineficiente do condutor;Com Vítimas Feridas;1;Chuva;Pleno dia;quinta-feira;Saída de leito carroçável;Simples;0;0;-29,906932;-56,683781;Segura;Sul;1 Trimestre
610940;2024.0;n;6.0;2024-06-29;MT;364;295,5;JACIARA;Reação tardia ou ineficiente do condutor;Com Vítimas Feridas;2;Céu Claro;Plena Noite;sábado;Colisão traseira;Dupla;0;2;-15.87116802;-55.12035603;Perigosa;Centro-Oeste;2 Trimestre
659295;2025.0;n;2.0;2025-02-04;BA;324;537;CONCEICAO DO JACUIPE;Acessar a via sem observar a presença dos outros veículos;Com Vítimas Fatais;3;Céu Claro;Plena Noite;terça-feira;Colisão transversal;Dupla;1;0;-12,36902201;-38,81384601;Perigosa;Nordeste;1 Trimestre
606967;2024.0;n;6.0;2024-06-12;SP;381;62;MAIRIPORA;Reação tardia ou ineficiente do condutor;Sem Vítimas;3;Sol;Pleno dia;quarta-feira;Colisão traseira;Dupla;0;0;-23.29346607;-46.57269716;Segura;Sudeste;2 Trimestre
580593;2024.0;n;2.0;2024-02-11;SC;282;588;SAUDADES;Velocidade Incompatível;Sem Vítimas;2;Sol;Pleno dia;domingo;Colisão lateral sentido oposto;Simples;0;0;-26.82600479;-53.07286978;Segura;Sul;1 Trimestre
581267;2024.0;n;2.0;2024-02-15;SC;101;114,3;ITAJAI;Ausência de reação do condutor;Com Vítimas Feridas;3;Nublado;Pleno dia;quinta-feira;Colisão lateral mesmo sentido;Dupla;0;0;-26.86192886;-48.7286704;Segura;Sul;1 Trimestre
668303;2025.0;n;3.0;2025-03-19;PR;277;411;CANDOI;Ausência de reação do condutor;Com Vítimas Feridas;2;Céu Claro;Pleno dia;quarta-feira;Tombamento;Simples;0;0;-25,41651752;-52,04835713;Segura;Sul;1 Trimestre
579636;2024.0;n;2.0;2024-02-07;SC;282;510;XANXERE;Acessar a via sem observar a presença dos outros veículos;Com Vítimas Feridas;4;Nublado;Pleno dia;quarta-feira;Colisão lateral mesmo sentido;Simples;0;1;-26.897114;-52.463585;Perigosa;Sul;1 Trimestre
606980;2024.0;n;6.0;2024-06-12;MG;153;147,9;CAMPO FLORIDO;Acessar a via sem observar a presença dos outros veículos;Com Vítimas Feridas;9;Céu Claro;Pleno dia;quarta-feira;Colisão transversal;Simples;0;0;-19.62432356;-48.84561218;Segura;Sudeste;2 Trimestre
599032;2024.0;n;5.0;2024-05-08;PR;373;464,1;CORONEL VIVIDA;Mal súbito do condutor;Com Vítimas Feridas;5;Céu Claro;Pleno dia;quarta-feira;Colisão lateral sentido oposto;Simples;0;1;-25.96044368;-52.41989011;Perigosa;Sul;2 Trimestre
606637;2024.0;n;6.0;2024-06-10;RS;116;53,7;VACARIA;Reação tardia ou ineficiente do condutor;Sem Vítimas;1;Céu Claro;Plena Noite;segunda-feira;Saída de leito carroçável;Simples;0;0;-28.58783208;-51.02776881;Segura;Sul;2 Trimestre
578234;2024.0;n;1.0;2024-01-31;SC;280;129;RIO NEGRINHO;Ausência de reação do condutor;Com Vítimas Feridas;2;Céu Claro;Pleno dia;quarta-feira;Colisão transversal;Simples;0;0;-26.24586437;-49.52284615;Segura;Sul;1 Trimestre
672929;2025.0;n;4.0;2025-04-11;RJ;116;180;NOVA IGUACU;Carga excessiva e/ou mal acondicionada;Com Vítimas Feridas;3;Céu Claro;Pleno dia;sexta-feira;Colisão com objeto;Dupla;0;0;-22,73919743;-43,46980311;Segura;Sudeste;2 Trimestre
653038;2025.0;n;1.0;2025-01-03;RJ;40;108;DUQUE DE CAXIAS;Condutor deixou de manter distância do veículo da frente;Com Vítimas Feridas;3;Céu Claro;Plena Noite;sexta-feira;Colisão traseira;Múltipla;0;0;-22,66476979;-43,28495144;Segura;Sudeste;1 Trimestre
660311;2025.0;n;2.0;2025-02-09;MG;381;539,8;ITATIAIUCU;Ausência de reação do condutor;Com Vítimas Feridas;3;Nublado;Pleno dia;domingo;Saída de leito carroçável;Dupla;0;0;-20,242548;-44,41251621;Segura;Sudeste;1 Trimestre
614643;2024.0;n;7.0;2024-07-15;MG;381;486;BETIM;Manobra de mudança de faixa;Com Vítimas Feridas;5;Céu Claro;Pleno dia;segunda-feira;Engavetamento;Dupla;0;0;-19.95644414;-44.13611598;Segura;Sudeste;3 Trimestre
615256;2024.0;n;7.0;2024-07-18;RS;472;147,5;SANTA ROSA;Suicídio (presumido);Com Vítimas Fatais;6;Céu Claro;Pleno dia;quinta-feira;Colisão frontal;Simples;1;0;-27.78075785;-54.37332493;Perigosa;Sul;3 Trimestre
603620;2024.0;n;3.0;2024-03-18;SC;101;119;ITAJAI;Transitar no Acostamento;Com Vítimas Feridas;2;Céu Claro;Pleno dia;segunda-feira;Colisão traseira;Dupla;0;1;-26.9043179;-48.71555481;Perigosa;Sul;1 Trimestre
670727;2025.0;n;3.0;2025-03-31;PI;343;2,7;TERESINA;Trafegar com motocicleta (ou similar) entre as faixas;Com Vítimas Feridas;2;Céu Claro;Pleno dia;segunda-feira;Colisão lateral mesmo sentido;Múltipla;0;1;-5,08154007;-42,77415626;Perigosa;Nordeste;1 Trimestre
653950;2025.0;n;1.0;2025-01-09;RS;290;164;BUTIA;Transitar na contramão;Com Vítimas Feridas;3;Céu Claro;Plena Noite;quinta-feira;Colisão lateral sentido oposto;Simples;0;0;-30,117533;-51,848679;Segura;Sul;1 Trimestre
592760;2024.0;n;4.0;2024-04-08;PR;376;8,6;MARINGA;Manobra de mudança de faixa;Com Vítimas Feridas;5;Céu Claro;Plena Noite;segunda-feira;Colisão lateral mesmo sentido;Dupla;0;3;-23.4273;-51.9375;Perigosa;Sul;2 Trimestre
654383;2025.0;n;1.0;2025-01-07;MG;50;54,9;UBERLANDIA;Condutor Dormindo;Com Vítimas Feridas;2;Nublado;Anoitecer;terça-feira;Tombamento;Dupla;0;0;-18,76664393;-48,24409132;Segura;Sudeste;1 Trimestre
615583;2024.0;n;7.0;2024-07-17;MT;364;638;DIAMANTINO;Ausência de reação do condutor;Sem Vítimas;4;Céu Claro;Pleno dia;quarta-feira;Saída de leito carroçável;Simples;0;0;-14.294159;-56.473251;Segura;Centro-Oeste;3 Trimestre
656387;2025.0;n;1.0;2025-01-21;SC;282;46;AGUAS MORNAS;Condutor Dormindo;Com Vítimas Feridas;2;Nublado;Plena Noite;terça-feira;Colisão frontal;Simples;0;3;-27,721041;-48,925152;Perigosa;Sul;1 Trimestre
661370;2025.0;n;2.0;2025-02-14;PA;10;329;SAO MIGUEL DO GUAMA;Acumulo de água sobre o pavimento;Com Vítimas Feridas;2;Chuva;Pleno dia;sexta-feira;Colisão lateral sentido oposto;Simples;0;0;-1,56351202;-47,50851908;Segura;Norte;1 Trimestre
672109;2025.0;n;4.0;2025-04-06;MG;262;460,2;NOVA SERRANA;Ausência de reação do condutor;Com Vítimas Fatais;2;Céu Claro;Anoitecer;domingo;Colisão com objeto;Simples;1;0;-19,81194702;-45,11041582;Perigosa;Sudeste;2 Trimestre
586814;2024.0;n;3.0;2024-03-12;MS;163;158;JUTI;Reação tardia ou ineficiente do condutor;Com Vítimas Feridas;3;Sol;Pleno dia;terça-feira;Saída de leito carroçável;Simples;0;0;-22.927175;-54.493871;Segura;Centro-Oeste;1 Trimestre
587689;2024.0;n;2.0;2024-02-23;PI;316;285;DOM EXPEDITO LOPES;Reação tardia ou ineficiente do condutor;Com Vítimas Feridas;2;Céu Claro;Pleno dia;sexta-feira;Colisão transversal;Simples;0;1;-6.96840473;-41.65280499;Perigosa;Nordeste;1 Trimestre
573764;2024.0;n;1.0;2024-01-10;PR;277;38;MORRETES;Demais falhas mecânicas ou elétricas;Com Vítimas Feridas;4;Céu Claro;Pleno dia;quarta-feira;Colisão lateral mesmo sentido;Dupla;0;0;-25.56584471;-48.81116269;Segura;Sul;1 Trimestre
652540;2025.0;y;1.0;2025-01-01;SC;280;20,2;ARAQUARI;Velocidade Incompatível;Com Vítimas Feridas;1;Céu Claro;Pleno dia;quarta-feira;Capotamento;Simples;0;3;-26,36990477;-48,68224301;Perigosa;Sul;1 Trimestre
673515;2025.0;n;4.0;2025-04-13;MG;116;576;MANHUACU;Reação tardia ou ineficiente do condutor;Sem Vítimas;2;Céu Claro;Pleno dia;domingo;Saída de leito carroçável;Simples;0;0;-20,22543572;-42,17775822;Segura;Sudeste;2 Trimestre
623010;2024.0;n;8.0;2024-08-23;PE;101;38;ITAPISSUMA;Manobra de mudança de faixa;Com Vítimas Feridas;3;Céu Claro;Pleno dia;sexta-feira;Colisão lateral mesmo sentido;Dupla;0;0;-7.80600806;-34.92522908;Segura;Nordeste;3 Trimestre
663976;2025.0;n;2.0;2025-02-27;MA;226;302;BARRA DO CORDA;Acessar a via sem observar a presença dos outros veículos;Com Vítimas Feridas;2;Nublado;Pleno dia;quinta-feira;Colisão transversal;Simples;0;1;-5,49646219;-45,26887536;Perigosa;Nordeste;1 Trimestre
608373;2024.0;n;5.0;2024-05-06;SC;101;142;BALNEARIO CAMBORIU;Manobra de mudança de faixa;Com Vítimas Feridas;2;Céu Claro;Plena Noite;segunda-feira;Colisão traseira;Simples;0;1;-27.056089;-48.599449;Perigosa;Sul;2 Trimestre
610266;2024.0;n;6.0;2024-06-26;SP;381;88;SAO PAULO;Reação tardia ou ineficiente do condutor;Sem Vítimas;3;Céu Claro;Plena Noite;quarta-feira;Colisão lateral mesmo sentido;Múltipla;0;0;-23.47469314;-46.56112919;Segura;Sudeste;2 Trimestre
596768;2024.0;n;4.0;2024-04-19;PE;101;68;RECIFE;Reação tardia ou ineficiente do condutor;Sem Vítimas;4;Céu Claro;Pleno dia;sexta-feira;Queda de ocupante de veículo;Dupla;0;0;-8.05074296;-34.94580619;Segura;Nordeste;2 Trimestre
628115;2024.0;n;9.0;2024-09-14;BA;116;566;BREJOES;Velocidade Incompatível;Com Vítimas Feridas;3;Nublado;Pleno dia;sábado;Colisão traseira;Simples;0;0;-12.97847221;-39.93906524;Segura;Nordeste;3 Trimestre
595769;2024.0;n;4.0;2024-04-22;AC;317;266;EPITACIOLANDIA;Ausência de reação do condutor;Com Vítimas Feridas;1;Céu Claro;Plena Noite;segunda-feira;Saída de leito carroçável;Simples;0;0;-10.91030889;-68.56648211;Segura;Norte;2 Trimestre
594314;2024.0;n;4.0;2024-04-16;PE;101;45,1;IGARASSU;Pedestre cruzava a pista fora da faixa;Com Vítimas Feridas;3;Céu Claro;Pleno dia;terça-feira;Atropelamento de Pedestre;Dupla;0;0;-7.86521297;-34.90715176;Segura;Nordeste;2 Trimestre
615042;2024.0;n;7.0;2024-07-17;CE;116;3,5;FORTALEZA;Manobra de mudança de faixa;Com Vítimas Fatais;3;Céu Claro;Pleno dia;quarta-feira;Colisão lateral mesmo sentido;Múltipla;1;0;-3.77866493;-38.51490171;Perigosa;Nordeste;3 Trimestre
619784;2024.0;n;8.0;2024-08-07;MG;40;565;NOVA LIMA;Ausência de reação do condutor;Com Vítimas Feridas;3;Céu Claro;Plena Noite;quarta-feira;Saída de leito carroçável;Simples;0;0;-20.16985101;-43.96554788;Segura;Sudeste;3 Trimestre
667251;2025.0;n;3.0;2025-03-14;SP;153;106,5;JOSE BONIFACIO;Acessar a via sem observar a presença dos outros veículos;Com Vítimas Feridas;4;Céu Claro;Anoitecer;sexta-feira;Colisão transversal;Simples;0;0;-21,05895375;-49,66011182;Segura;Sudeste;1 Trimestre
605140;2024.0;n;5.0;2024-05-10;PR;153;311;IMBITUVA;Manobra de mudança de faixa;Com Vítimas Fatais;2;Céu Claro;Amanhecer;sexta-feira;Colisão lateral sentido oposto;Simples;1;0;-25.29542504;-50.63715055;Perigosa;Sul;2 Trimestre
575086;2024.0;n;1.0;2024-01-16;CE;20;28,3;PARAMBU;Reação tardia ou ineficiente do condutor;Com Vítimas Feridas;5;Céu Claro;Pleno dia;terça-feira;Colisão lateral mesmo sentido;Simples;0;1;-6.33755995;-40.63091732;Perigosa;Nordeste;1 Trimestre
581653;2024.0;n;2.0;2024-02-17;PB;230;354,6;PATOS;Acesso irregular;Com Vítimas Fatais;2;Sol;Pleno dia;sábado;Colisão traseira;Simples;1;1;-6.9338;-37.4135;Perigosa;Nordeste;1 Trimestre
614868;2024.0;n;7.0;2024-07-16;BA;116;425;FEIRA DE SANTANA;Reação tardia ou ineficiente do condutor;Com Vítimas Feridas;4;Chuva;Plena Noite;terça-feira;Colisão traseira;Dupla;0;0;-12.23736613;-38.97999588;Segura;Nordeste;3 Trimestre
587509;2024.0;n;3.0;2024-03-15;RO;421;38;MONTE NEGRO;Manobra de mudança de faixa;Com Vítimas Feridas;2;Nublado;Pleno dia;sexta-feira;Colisão lateral mesmo sentido;Simples;0;0;-10.182835;-63.229015;Segura;Norte;1 Trimestre
652554;2025.0;y;1.0;2025-01-01;MG;381;428;CAETE;Acumulo de água sobre o pavimento;Com Vítimas Feridas;2;Nublado;Pleno dia;quarta-feira;Colisão lateral sentido oposto;Simples;0;0;-19,78885371;-43,70613892;Segura;Sudeste;1 Trimestre
630320;2024.0;n;9.0;2024-09-24;MS;163;238,9;CAARAPO;Transitar na contramão;Com Vítimas Feridas;6;Céu Claro;Pleno dia;terça-feira;Colisão lateral sentido oposto;Simples;0;0;-22.4077448;-54.79636528;Segura;Centro-Oeste;3 Trimestre
610842;2024.0;n;6.0;2024-06-29;RJ;393;280;VOLTA REDONDA;Ausência de reação do condutor;Com Vítimas Feridas;2;Sol;Pleno dia;sábado;Colisão traseira;Simples;0;0;-22.47750785;-44.01954402;Segura;Sudeste;2 Trimestre
626986;2024.0;n;9.0;2024-09-09;GO;153;371,4;SAO FRANCISCO DE GOIAS;Reação tardia ou ineficiente do condutor;Com Vítimas Feridas;2;Céu Claro;Pleno dia;segunda-feira;Colisão traseira;Simples;0;0;-15.835078;-49.275848;Segura;Centro-Oeste;3 Trimestre
626098;2024.0;n;9.0;2024-09-06;MG;251;267,3;SALINAS;Condutor Dormindo;Com Vítimas Fatais;1;Céu Claro;Plena Noite;sexta-feira;Saída de leito carroçável;Simples;1;0;-15.99788286;-41.97566986;Perigosa;Sudeste;3 Trimestre
596913;2024.0;n;4.0;2024-04-28;SP;116;169;JACAREI;Carga excessiva e/ou mal acondicionada;Sem Vítimas;2;Céu Claro;Pleno dia;domingo;Derramamento de carga;Dupla;0;0;-23.307652;-46.045128;Segura;Sudeste;2 Trimestre
578874;2024.0;n;2.0;2024-02-04;RS;101;67;MAQUINE;Reação tardia ou ineficiente do condutor;Sem Vítimas;2;Céu Claro;Pleno dia;domingo;Colisão com objeto;Dupla;0;0;-29.725468;-50.199816;Segura;Sul;1 Trimestre
590681;2024.0;n;3.0;2024-03-30;SE;101;70;MARUIM;Pista esburacada;Com Vítimas Feridas;1;Céu Claro;Pleno dia;sábado;Queda de ocupante de veículo;Dupla;0;0;-10.7356;-37.08768;Segura;Nordeste;1 Trimestre
572590;2024.0;n;1.0;2024-01-04;MG;267;31,5;ARGIRITA;Reação tardia ou ineficiente do condutor;Com Vítimas Feridas;3;Chuva;Pleno dia;quinta-feira;Colisão lateral sentido oposto;Simples;0;0;-21.64465779;-42.8469463;Segura;Sudeste;1 Trimestre
652711;2025.0;n;1.0;2025-01-02;RS;153;403;CACHOEIRA DO SUL;Condutor deixou de manter distância do veículo da frente;Com Vítimas Feridas;2;Céu Claro;Pleno dia;quinta-feira;Colisão traseira;Dupla;0;0;-30,03550492;-52,91456559;Segura;Sul;1 Trimestre
627602;2024.0;n;9.0;2024-09-12;SC;153;85,2;CONCORDIA;Velocidade Incompatível;Com Vítimas Fatais;2;Chuva;Pleno dia;quinta-feira;Colisão frontal;Simples;2;0;-27.1498285;-51.9115518;Perigosa;Sul;3 Trimestre
653316;2025.0;n;1.0;2025-01-05;ES;101;40,7;CONCEICAO DA BARRA;Chuva;Com Vítimas Feridas;1;Chuva;Pleno dia;domingo;Queda de ocupante de veículo;Simples;0;0;-18,49980697;-39,91851689;Segura;Sudeste;1 Trimestre
576160;2024.0;n;1.0;2024-01-21;RO;364;239,9;CACOAL;Reação tardia ou ineficiente do condutor;Com Vítimas Feridas;3;Céu Claro;Amanhecer;domingo;Colisão traseira;Simples;0;3;-11.43425083;-61.46267289;Perigosa;Norte;1 Trimestre
581685;2024.0;n;2.0;2024-02-17;PI;316;314;PICOS;Transitar na contramão;Com Vítimas Fatais;2;Céu Claro;Pleno dia;sábado;Colisão frontal;Dupla;1;0;-7.079291;-41.433616;Perigosa;Nordeste;1 Trimestre
668800;2025.0;n;3.0;2025-03-18;RJ;101;315;SAO GONCALO;Acessar a via sem observar a presença dos outros veículos;Sem Vítimas;2;Céu Claro;Pleno dia;terça-feira;Colisão lateral mesmo sentido;Dupla;0;0;-22,82112446;-43,08288574;Segura;Sudeste;1 Trimestre
673921;2025.0;n;4.0;2025-04-15;MT;70;523;VARZEA GRANDE;Pedestre cruzava a pista fora da faixa;Com Vítimas Feridas;3;Nublado;Anoitecer;terça-feira;Atropelamento de Pedestre;Simples;0;0;-15,6553628;-56,19085282;Segura;Centro-Oeste;2 Trimestre
688052;2025.0;n;4.0;2025-04-29;MS;267;59,7;BATAGUASSU;Ultrapassagem Indevida;Com Vítimas Feridas;5;Céu Claro;Pleno dia;terça-feira;Tombamento;Simples;0;1;-21,840174;-52,67266;Perigosa;Centro-Oeste;2 Trimestre
663656;2025.0;n;2.0;2025-02-25;PR;153;92,2;JAPIRA;Velocidade Incompatível;Com Vítimas Feridas;3;Céu Claro;Pleno dia;terça-feira;Tombamento;Simples;0;0;-23,70684448;-50,1743331;Segura;Sul;1 Trimestre
625148;2024.0;n;9.0;2024-09-01;MG;116;633,7;DIVINO;Velocidade Incompatível;Com Vítimas Feridas;4;Nublado;Pleno dia;domingo;Colisão lateral sentido oposto;Simples;0;2;-20.61019609;-42.21031063;Perigosa;Sudeste;3 Trimestre
584448;2024.0;n;3.0;2024-03-02;MS;163;138;NAVIRAI;Retorno proibido;Sem Vítimas;1;Céu Claro;Pleno dia;sábado;Saída de leito carroçável;Simples;0;0;-23.01078848;-54.32860009;Segura;Centro-Oeste;1 Trimestre
583559;2024.0;n;2.0;2024-02-26;MT;163;662;LUCAS DO RIO VERDE;Ultrapassagem Indevida;Com Vítimas Feridas;5;Nublado;Plena Noite;segunda-feira;Colisão lateral mesmo sentido;Simples;0;0;-13.28739685;-56.03130341;Segura;Centro-Oeste;1 Trimestre
629684;2024.0;n;9.0;2024-09-21;MS;158;98,9;PARANAIBA;Falta de acostamento;Com Vítimas Feridas;2;Chuva;Plena Noite;sábado;Saída de leito carroçável;Simples;0;0;-19.69914535;-51.16781244;Segura;Centro-Oeste;3 Trimestre
587831;2024.0;n;3.0;2024-03-17;SC;101;204;SAO JOSE;Ingestão de álcool pelo condutor;Sem Vítimas;3;Céu Claro;Pleno dia;domingo;Colisão lateral mesmo sentido;Múltipla;0;0;-27.57413014;-48.61363083;Segura;Sul;1 Trimestre
597851;2024.0;n;5.0;2024-05-02;ES;101;143,4;LINHARES;Manobra de mudança de faixa;Com Vítimas Feridas;2;Céu Claro;Anoitecer;quinta-feira;Colisão lateral mesmo sentido;Dupla;0;0;-19.34286596;-40.0638568;Segura;Sudeste;2 Trimestre
596382;2024.0;n;4.0;2024-04-26;SC;101;240,6;PALHOCA;Ausência de reação do condutor;Com Vítimas Feridas;2;Céu Claro;Plena Noite;sexta-feira;Saída de leito carroçável;Dupla;0;0;-27.85825092;-48.64383119;Segura;Sul;2 Trimestre
628708;2024.0;n;9.0;2024-09-17;MG;381;925;ITAPEVA;Demais falhas mecânicas ou elétricas;Sem Vítimas;2;Céu Claro;Pleno dia;terça-feira;Incêndio;Dupla;0;0;-22.771354;-46.198471;Segura;Sudeste;3 Trimestre
660206;2025.0;n;2.0;2025-02-09;GO;153;310;RIALMA;Ingestão de álcool pelo condutor;Sem Vítimas;3;Nublado;Plena Noite;domingo;Colisão lateral sentido oposto;Simples;0;0;-15,35173483;-49,56825256;Segura;Centro-Oeste;1 Trimestre
594150;2024.0;n;4.0;2024-04-15;ES;101;353;ANCHIETA;Ausência de reação do condutor;Com Vítimas Feridas;4;Céu Claro;Pleno dia;segunda-feira;Colisão frontal;Simples;0;1;-20.6835;-40.6685;Perigosa;Sudeste;2 Trimestre
594893;2024.0;n;4.0;2024-04-19;PR;376;174,6;MARINGA;Condutor deixou de manter distância do veículo da frente;Com Vítimas Feridas;3;Céu Claro;Pleno dia;sexta-feira;Colisão traseira;Múltipla;0;1;-23.41430102;-51.94984299;Perigosa;Sul;2 Trimestre
618440;2024.0;n;6.0;2024-06-28;MG;365;98;JEQUITAI;Objeto estático sobre o leito carroçável;Com Vítimas Feridas;4;Céu Claro;Pleno dia;sexta-feira;Colisão com objeto;Simples;0;0;-17.22330384;-44.50756306;Segura;Sudeste;2 Trimestre
617338;2024.0;n;7.0;2024-07-27;GO;40;52,8;LUZIANIA;Demais falhas mecânicas ou elétricas;Sem Vítimas;2;Céu Claro;Plena Noite;sábado;Incêndio;Dupla;0;0;-16.459224;-47.80724;Segura;Centro-Oeste;3 Trimestre
605787;2024.0;n;6.0;2024-06-07;SC;153;95,8;CONCORDIA;Acessar a via sem observar a presença dos outros veículos;Com Vítimas Feridas;2;Céu Claro;Anoitecer;sexta-feira;Colisão transversal;Simples;0;0;-27.217372;-51.950684;Segura;Sul;2 Trimestre
667482;2025.0;n;3.0;2025-03-15;PR;376;374;ORTIGUEIRA;Chuva;Com Vítimas Fatais;3;Chuva;Pleno dia;sábado;Colisão frontal;Simples;1;2;-24,3630772;-50,81042647;Perigosa;Sul;1 Trimestre
606878;2024.0;n;6.0;2024-06-12;MS;262;351;CAMPO GRANDE;Animais na Pista;Com Vítimas Feridas;2;Céu Claro;Amanhecer;quarta-feira;Tombamento;Dupla;0;0;-20.56994516;-54.64056096;Segura;Centro-Oeste;2 Trimestre
657807;2025.0;n;1.0;2025-01-27;RO;364;846;PORTO VELHO;Ausência de reação do condutor;Com Vítimas Feridas;2;Céu Claro;Plena Noite;segunda-feira;Colisão lateral mesmo sentido;Simples;0;1;-9,44578532;-64,72839082;Perigosa;Norte;1 Trimestre
602261;2024.0;n;5.0;2024-05-22;SC;101;198;BIGUACU;Ausência de reação do condutor;Com Vítimas Feridas;2;Céu Claro;Pleno dia;quarta-feira;Queda de ocupante de veículo;Dupla;0;0;-27.52658712;-48.63506019;Segura;Sul;2 Trimestre
673766;2025.0;n;4.0;2025-04-15;MS;163;120,5;NAVIRAI;Acessar a via sem observar a presença dos outros veículos;Com Vítimas Feridas;4;Céu Claro;Plena Noite;terça-feira;Colisão transversal;Simples;0;2;-23,1127191;-54,2199295;Perigosa;Centro-Oeste;2 Trimestre
656142;2025.0;n;1.0;2025-01-19;PR;376;100,3;PARANAVAI;Ausência de reação do condutor;Com Vítimas Feridas;3;Chuva;Plena Noite;domingo;Tombamento;Simples;0;0;-23,03210996;-52,4812603;Segura;Sul;1 Trimestre
665586;2025.0;n;2.0;2025-02-11;MT;364;636;DIAMANTINO;Acumulo de água sobre o pavimento;Sem Vítimas;3;Chuva;Pleno dia;terça-feira;Saída de leito carroçável;Simples;0;0;-14,37879592;-56,37227995;Segura;Centro-Oeste;1 Trimestre
622304;2024.0;n;8.0;2024-08-19;SC;280;8;SAO FRANCISCO DO SUL;Condutor deixou de manter distância do veículo da frente;Com Vítimas Feridas;2;Céu Claro;Pleno dia;segunda-feira;Colisão traseira;Simples;0;0;-26.27887292;-48.64668626;Segura;Sul;3 Trimestre
604727;2024.0;n;6.0;2024-06-02;RJ;101;209;CASIMIRO DE ABREU;Ausência de reação do condutor;Com Vítimas Feridas;7;Céu Claro;Plena Noite;domingo;Engavetamento;Dupla;0;7;-22.48133694;-42.22930101;Perigosa;Sudeste;2 Trimestre
609848;2024.0;n;6.0;2024-06-24;ES;259;9,4;JOAO NEIVA;Objeto estático sobre o leito carroçável;Com Vítimas Feridas;4;Céu Claro;Plena Noite;segunda-feira;Colisão com objeto;Simples;0;0;-19.67700279;-40.39977865;Segura;Sudeste;2 Trimestre
653514;2025.0;n;1.0;2025-01-06;MG;116;519,2;CARATINGA;Avarias e/ou desgaste excessivo no pneu;Com Vítimas Feridas;1;Céu Claro;Pleno dia;segunda-feira;Tombamento;Simples;0;1;-19,71798497;-42,12830605;Perigosa;Sudeste;1 Trimestre
609070;2024.0;n;6.0;2024-06-21;SC;470;94;APIUNA;Reação tardia ou ineficiente do condutor;Com Vítimas Feridas;4;Nublado;Pleno dia;sexta-feira;Engavetamento;Simples;0;0;-27.003345;-49.374668;Segura;Sul;2 Trimestre
590273;2024.0;n;3.0;2024-03-28;GO;153;306;RIALMA;Acessar a via sem observar a presença dos outros veículos;Com Vítimas Fatais;4;Nublado;Pleno dia;quinta-feira;Colisão transversal;Simples;1;1;-15.358748;-49.564375;Perigosa;Centro-Oeste;1 Trimestre
575389;2024.0;n;1.0;2024-01-17;RS;287;343;SAO VICENTE DO SUL;Objeto estático sobre o leito carroçável;Com Vítimas Feridas;4;Nublado;Plena Noite;quarta-feira;Colisão lateral mesmo sentido;Simples;0;0;-29.56983095;-54.68060641;Segura;Sul;1 Trimestre
600626;2024.0;n;5.0;2024-05-15;RJ;40;124;DUQUE DE CAXIAS;Trafegar com motocicleta (ou similar) entre as faixas;Com Vítimas Feridas;4;Nublado;Pleno dia;quarta-feira;Colisão transversal;Dupla;0;0;-22.807953;-43.289124;Segura;Sudeste;2 Trimestre
623240;2024.0;n;8.0;2024-08-24;MG;40;517;RIBEIRAO DAS NEVES;Acessar a via sem observar a presença dos outros veículos;Com Vítimas Feridas;2;Céu Claro;Plena Noite;sábado;Colisão transversal;Dupla;0;1;-19.82351202;-44.08438913;Perigosa;Sudeste;3 Trimestre