id;ano;feriado;mes;data_inversa;uf;br;km;municipio;causa_acidente;classificacao_acidente;veiculos;condicao_metereologica;fase_dia;dia_semana;tipo_acidente;tipo_pista;mortos;feridos_graves;latitude;longitude;status;regiao;periodo
628818;2024.0;n;9.0;2024-09-17;PR;376;671,5;GUARATUBA;Demais falhas mecânicas ou elétricas;Sem Vítimas;2;Nublado;Pleno dia;terça-feira;Incêndio;Dupla;0;0;-25.885323;-48.935154;Segura;Sul;3 Trimestre
655395;2025.0;n;1.0;2025-01-16;PR;277;463,2;LARANJEIRAS DO SUL;Demais Fenômenos da natureza;Com Vítimas Feridas;3;Céu Claro;Pleno dia;quinta-feira;Colisão traseira;Simples;0;0;-25,354804;-52,481168;Segura;Sul;1 Trimestre
669993;2025.0;n;3.0;2025-03-28;SC;116;120;SANTA CECILIA;Ingestão de álcool pelo condutor;Sem Vítimas;3;Céu Claro;Plena Noite;sexta-feira;Colisão transversal;Simples;0;0;-26,82724;-50,37585;Segura;Sul;1 Trimestre
653240;2025.0;n;1.0;2025-01-04;RS;116;91,9;CAMPESTRE DA SERRA;Demais falhas na via;Com Vítimas Feridas;1;Céu Claro;Plena Noite;sábado;Tombamento;Simples;0;0;-28,86918963;-51,11955903;Segura;Sul;1 Trimestre
622531;2024.0;n;8.0;2024-08-20;ES;101;293;CARIACICA;Manobra de mudança de faixa;Com Vítimas Feridas;4;Sol;Pleno dia;terça-feira;Colisão lateral mesmo sentido;Múltipla;0;1;-20.31526144;-40.39567044;Perigosa;Sudeste;3 Trimestre
653137;2025.0;n;1.0;2025-01-04;PI;343;261,5;CAMPO MAIOR;Ausência de reação do condutor;Com Vítimas Feridas;1;Nublado;Pleno dia;sábado;Saída de leito carroçável;Simples;0;0;-4,806726;-42,145878;Segura;Nordeste;1 Trimestre
666160;2025.0;n;3.0;2025-03-09;MG;381;383;SAO GONCALO DO RIO ABAIXO;Condutor Dormindo;Com Vítimas Feridas;4;Céu Claro;Pleno dia;domingo;Colisão frontal;Simples;0;1;-19,83267617;-43,35940892;Perigosa;Sudeste;1 Trimestre
655587;2025.0;n;1.0;2025-01-17;SP;381;7;VARGEM;Estacionar ou parar em local proibido;Sem Vítimas;3;Nublado;Pleno dia;sexta-feira;Colisão traseira;Dupla;0;0;-22,90533708;-46,42270582;Segura;Sudeste;1 Trimestre
602310;2024.0;n;5.0;2024-05-22;SP;381;66;MAIRIPORA;Reação tardia ou ineficiente do condutor;Com Vítimas Feridas;4;Céu Claro;Plena Noite;quarta-feira;Colisão lateral mesmo sentido;Dupla;0;0;-23.316547;-46.58251;Segura;Sudeste;2 Trimestre
665896;2025.0;n;3.0;2025-03-08;MS;163;151,2;JUTI;Reação tardia ou ineficiente do condutor;Com Vítimas Feridas;1;Céu Claro;Pleno dia;sábado;Saída de leito carroçável;Simples;0;1;-22,957601;-54,438889;Perigosa;Centro-Oeste;1 Trimestre
626910;2024.0;n;9.0;2024-09-09;PB;230;15,8;JOAO PESSOA;Trafegar com motocicleta (ou similar) entre as faixas;Com Vítimas Feridas;3;Sol;Pleno dia;segunda-feira;Queda de ocupante de veículo;Múltipla;0;0;-7.093;-34.8482;Segura;Nordeste;3 Trimestre
594721;2024.0;n;4.0;2024-04-18;SC;470;142;RIO DO SUL;Acessar a via sem observar a presença dos outros veículos;Com Vítimas Feridas;4;Sol;Pleno dia;quinta-feira;Colisão lateral sentido oposto;Simples;0;0;-27.229801;-49.6693;Segura;Sul;2 Trimestre
672421;2025.0;n;4.0;2025-04-08;PB;230;507,6;CAJAZEIRAS;Transtornos Mentais (exceto suicidio);Com Vítimas Feridas;2;Céu Claro;Plena Noite;terça-feira;Atropelamento de Pedestre;Simples;0;1;-6,891703;-38,582577;Perigosa;Nordeste;2 Trimestre
596506;2024.0;n;3.0;2024-03-21;MG;381;891,3;CAMBUI;Ausência de reação do condutor;Com Vítimas Feridas;2;Céu Claro;Plena Noite;quinta-feira;Saída de leito carroçável;Dupla;0;2;-22.59361712;-46.05563886;Perigosa;Sudeste;1 Trimestre
613482;2024.0;n;7.0;2024-07-10;ES;262;33,5;DOMINGOS MARTINS;Condutor deixou de manter distância do veículo da frente;Com Vítimas Feridas;4;Céu Claro;Pleno dia;quarta-feira;Colisão traseira;Simples;0;0;-20.37535106;-40.58433127;Segura;Sudeste;3 Trimestre
629261;2024.0;n;9.0;2024-09-20;PB;412;127,3;MONTEIRO;Demais falhas mecânicas ou elétricas;Sem Vítimas;2;Céu Claro;Plena Noite;sexta-feira;Incêndio;Simples;0;0;-7.780533;-37.00621;Segura;Nordeste;3 Trimestre
582554;2024.0;n;2.0;2024-02-22;RJ;116;63;TERESOPOLIS;Demais Fenômenos da natureza;Com Vítimas Feridas;1;Chuva;Amanhecer;quinta-feira;Colisão com objeto;Simples;0;2;-22.26074391;-42.92305911;Perigosa;Sudeste;1 Trimestre
617334;2024.0;n;7.0;2024-07-27;PI;316;216,4;VALENCA DO PIAUI;Reação tardia ou ineficiente do condutor;Com Vítimas Feridas;2;Céu Claro;Anoitecer;sábado;Tombamento;Simples;0;0;-6.43729834;-41.74969221;Segura;Nordeste;3 Trimestre
620213;2024.0;n;8.0;2024-08-09;GO;452;164,6;ITUMBIARA;Ultrapassagem Indevida;Com Vítimas Feridas;4;Céu Claro;Plena Noite;sexta-feira;Colisão lateral mesmo sentido;Simples;0;0;-18.32249395;-49.47512698;Segura;Centro-Oeste;3 Trimestre
671620;2025.0;n;4.0;2025-04-04;PR;277;602;CASCAVEL;Reação tardia ou ineficiente do condutor;Com Vítimas Feridas;3;Céu Claro;Pleno dia;sexta-feira;Colisão traseira;Múltipla;0;0;-25,0240137;-53,5508441;Segura;Sul;2 Trimestre
619961;2024.0;n;8.0;2024-08-08;MG;116;260;TEOFILO OTONI;Velocidade Incompatível;Com Vítimas Fatais;3;Céu Claro;Plena Noite;quinta-feira;Tombamento;Simples;1;0;-17.72379402;-41.49247099;Perigosa;Sudeste;3 Trimestre
657493;2025.0;n;1.0;2025-01-26;RO;364;710;PORTO VELHO;Entrada inopinada do pedestre;Com Vítimas Feridas;5;Nublado;Pleno dia;domingo;Atropelamento de Pedestre;Dupla;0;1;-8,78621576;-63,85712687;Perigosa;Norte;1 Trimestre
586285;2024.0;n;3.0;2024-03-10;MG;116;654,2;SAO FRANCISCO DO GLORIA;Demais falhas mecânicas ou elétricas;Sem Vítimas;2;Céu Claro;Pleno dia;domingo;Incêndio;Simples;0;0;-20.74986018;-42.29241383;Segura;Sudeste;1 Trimestre
672554;2025.0;n;4.0;2025-04-04;SC;282;216,4;LAGES;Acessar a via sem observar a presença dos outros veículos;Com Vítimas Feridas;2;Nublado;Pleno dia;sexta-feira;Colisão lateral mesmo sentido;Simples;0;0;-27,79760951;-50,29417634;Segura;Sul;2 Trimestre
673501;2025.0;n;4.0;2025-04-13;PR;476;255;ANTONIO OLINTO;Velocidade Incompatível;Com Vítimas Feridas;2;Chuva;Pleno dia;domingo;Tombamento;Simples;0;0;-25,88887858;-50,21318436;Segura;Sul;2 Trimestre
662120;2025.0;n;2.0;2025-02-18;DF;20;40;BRASILIA;Ausência de reação do condutor;Sem Vítimas;1;Céu Claro;Pleno dia;terça-feira;Tombamento;Dupla;0;0;-15,581853;-47,512711;Segura;Centro-Oeste;1 Trimestre
660694;2025.0;n;2.0;2025-02-11;RJ;393;3;VOLTA REDONDA;Condutor deixou de manter distância do veículo da frente;Com Vítimas Feridas;2;Céu Claro;Amanhecer;terça-feira;Colisão traseira;Simples;0;0;-22,51366701;-44,0546608;Segura;Sudeste;1 Trimestre
671619;2025.0;n;4.0;2025-04-04;MG;262;698,7;ARAXA;Problema com o freio;Sem Vítimas;4;Céu Claro;Plena Noite;sexta-feira;Incêndio;Simples;0;0;-19,570231;-47,015303;Segura;Sudeste;2 Trimestre
629992;2024.0;n;9.0;2024-09-22;BA;116;568;BREJOES;Reação tardia ou ineficiente do condutor;Com Vítimas Feridas;2;Céu Claro;Plena Noite;domingo;Saída de leito carroçável;Simples;0;0;-12.99271825;-39.95028884;Segura;Nordeste;3 Trimestre
618153;2024.0;n;7.0;2024-07-31;BA;242;755;ANGICAL;Transitar na contramão;Com Vítimas Fatais;4;Céu Claro;Plena Noite;quarta-feira;Colisão frontal;Simples;1;0;-12.15428;-44.693447;Perigosa;Nordeste;3 Trimestre
600397;2024.0;n;5.0;2024-05-14;SC;101;144,9;ITAPEMA;Reação tardia ou ineficiente do condutor;Com Vítimas Feridas;4;Garoa/Chuvisco;Amanhecer;terça-feira;Colisão traseira;Dupla;0;0;-27.0732659;-48.59672716;Segura;Sul;2 Trimestre
628897;2024.0;n;9.0;2024-09-18;PB;230;25,2;JOAO PESSOA;Conversão proibida;Com Vítimas Feridas;2;Céu Claro;Pleno dia;quarta-feira;Colisão frontal;Simples;0;1;-7.1706473;-34.87131;Perigosa;Nordeste;3 Trimestre
574407;2024.0;n;1.0;2024-01-13;MG;262;444;NOVA SERRANA;Condutor Dormindo;Com Vítimas Feridas;1;Céu Claro;Pleno dia;sábado;Colisão com objeto;Dupla;0;1;-19.881131;-44.931502;Perigosa;Sudeste;1 Trimestre
600936;2024.0;n;5.0;2024-05-16;RJ;493;77;JAPERI;Acesso irregular;Com Vítimas Feridas;2;Nublado;Plena Noite;quinta-feira;Colisão traseira;Dupla;0;0;-22.670579;-43.548345;Segura;Sudeste;2 Trimestre
625468;2024.0;n;9.0;2024-09-03;ES;101;217,1;IBIRACU;Ausência de reação do condutor;Com Vítimas Feridas;2;Céu Claro;Pleno dia;terça-feira;Colisão com objeto;Dupla;0;1;-19.847186;-40.384266;Perigosa;Sudeste;3 Trimestre
573511;2024.0;n;1.0;2024-01-09;GO;452;160;ITUMBIARA;Ausência de reação do condutor;Com Vítimas Feridas;3;Céu Claro;Plena Noite;terça-feira;Colisão traseira;Simples;0;0;-18.30930595;-49.50609398;Segura;Centro-Oeste;1 Trimestre
657382;2025.0;n;1.0;2025-01-26;AL;104;8;SAO JOSE DA LAJE;Velocidade Incompatível;Com Vítimas Fatais;1;Garoa/Chuvisco;Plena Noite;domingo;Saída de leito carroçável;Simples;2;0;-8,96386265;-36,02023815;Perigosa;Nordeste;1 Trimestre
670846;2025.0;n;4.0;2025-04-01;RJ;101;263,9;RIO BONITO;Condutor Dormindo;Com Vítimas Feridas;4;Céu Claro;Plena Noite;terça-feira;Colisão traseira;Dupla;0;0;-22,718127;-42,63523;Segura;Sudeste;2 Trimestre
593562;2024.0;n;4.0;2024-04-12;CE;116;198;LIMOEIRO DO NORTE;Acessar a via sem observar a presença dos outros veículos;Com Vítimas Feridas;3;Chuva;Plena Noite;sexta-feira;Colisão lateral mesmo sentido;Simples;0;0;-5.17331386;-38.17353112;Segura;Nordeste;2 Trimestre
597438;2024.0;n;4.0;2024-04-30;GO;60;333;SANTO ANTONIO DA BARRA;Demais falhas mecânicas ou elétricas;Sem Vítimas;1;Céu Claro;Pleno dia;terça-feira;Colisão com objeto;Dupla;0;0;-17.5502;-50.5451;Segura;Centro-Oeste;2 Trimestre
665568;2025.0;n;3.0;2025-03-06;RS;470;217;BENTO GONCALVES;Manobra de mudança de faixa;Sem Vítimas;2;Céu Claro;Pleno dia;quinta-feira;Colisão lateral mesmo sentido;Simples;0;0;-29,17641684;-51,52113676;Segura;Sul;1 Trimestre
575344;2024.0;n;1.0;2024-01-17;MG;116;665,4;SAO FRANCISCO DO GLORIA;Condutor deixou de manter distância do veículo da frente;Com Vítimas Feridas;2;Sol;Pleno dia;quarta-feira;Colisão traseira;Simples;0;0;-20.82713698;-42.32223579;Segura;Sudeste;1 Trimestre
657714;2025.0;n;1.0;2025-01-27;SC;101;134,3;BALNEARIO CAMBORIU;Demais falhas mecânicas ou elétricas;Sem Vítimas;2;Nublado;Pleno dia;segunda-feira;Incêndio;Dupla;0;0;-27,00218;-48,636433;Segura;Sul;1 Trimestre
624123;2024.0;n;7.0;2024-07-16;SC;280;259,9;CANOINHAS;Mal súbito do condutor;Com Vítimas Fatais;2;Nublado;Pleno dia;terça-feira;Colisão frontal;Simples;1;0;-26.26285061;-50.62826397;Perigosa;Sul;3 Trimestre
656322;2025.0;n;1.0;2025-01-20;GO;364;67,5;CACHOEIRA ALTA;Ausência de reação do condutor;Com Vítimas Feridas;2;Céu Claro;Pleno dia;segunda-feira;Colisão frontal;Simples;0;1;-18,67812;-50,983044;Perigosa;Centro-Oeste;1 Trimestre
609598;2024.0;n;6.0;2024-06-23;PI;316;95;BARRO DURO;Manobra de mudança de faixa;Com Vítimas Feridas;3;Céu Claro;Anoitecer;domingo;Colisão lateral sentido oposto;Simples;0;0;-5.81026323;-42.52112517;Segura;Nordeste;2 Trimestre
666122;2025.0;n;3.0;2025-03-09;MG;116;363,7;FREI INOCENCIO;Ausência de sinalização;Com Vítimas Feridas;2;Céu Claro;Pleno dia;domingo;Colisão lateral sentido oposto;Simples;0;0;-18,488895;-41,87132;Segura;Sudeste;1 Trimestre
602319;2024.0;n;5.0;2024-05-22;SC;116;71,6;MONTE CASTELO;Ingestão de álcool pelo condutor;Com Vítimas Fatais;5;Nublado;Plena Noite;quarta-feira;Colisão lateral sentido oposto;Simples;1;0;-26.4832019;-50.2325697;Perigosa;Sul;2 Trimestre
667711;2025.0;n;3.0;2025-03-16;MG;251;472,5;MONTES CLAROS;Velocidade Incompatível;Com Vítimas Feridas;1;Céu Claro;Plena Noite;domingo;Colisão com objeto;Simples;0;0;-16,6537054;-43,7179567;Segura;Sudeste;1 Trimestre
595835;2024.0;n;4.0;2024-04-23;SE;101;36,7;CAPELA;Chuva;Com Vítimas Feridas;1;Chuva;Pleno dia;terça-feira;Saída de leito carroçável;Dupla;0;0;-10.49230498;-36.94471029;Segura;Nordeste;2 Trimestre
595571;2024.0;y;4.0;2024-04-21;MG;153;10,8;ARAPORA;Ingestão de álcool pelo condutor;Sem Vítimas;5;Céu Claro;Plena Noite;domingo;Colisão transversal;Dupla;0;0;-18.50602699;-49.18897335;Segura;Sudeste;2 Trimestre
653503;2025.0;n;1.0;2025-01-06;MG;116;395;GOVERNADOR VALADARES;Ultrapassagem Indevida;Com Vítimas Feridas;3;Céu Claro;Pleno dia;segunda-feira;Colisão transversal;Simples;0;0;-18,72180716;-41,98905056;Segura;Sudeste;1 Trimestre
583444;2024.0;n;2.0;2024-02-26;SC;282;0,3;FLORIANOPOLIS;Manobra de mudança de faixa;Com Vítimas Feridas;2;Nublado;Pleno dia;segunda-feira;Colisão lateral mesmo sentido;Múltipla;0;0;-27.59845;-48.571995;Segura;Sul;1 Trimestre
600530;2024.0;n;5.0;2024-05-14;ES;101;143;LINHARES;Condutor deixou de manter distância do veículo da frente;Com Vítimas Feridas;3;Céu Claro;Plena Noite;terça-feira;Colisão traseira;Dupla;0;3;-19.3436;-40.064;Perigosa;Sudeste;2 Trimestre
582482;2024.0;n;2.0;2024-02-21;RN;110;108;UPANEMA;Animais na Pista;Com Vítimas Feridas;1;Chuva;Pleno dia;quarta-feira;Saída de leito carroçável;Simples;0;0;-5.70854281;-37.28422508;Segura;Nordeste;1 Trimestre
616799;2024.0;n;7.0;2024-07-25;PR;376;668;GUARATUBA;Condutor deixou de manter distância do veículo da frente;Com Vítimas Feridas;4;Céu Claro;Pleno dia;quinta-feira;Engavetamento;Dupla;0;0;-25.868399;-48.933698;Segura;Sul;3 Trimestre
611897;2024.0;n;7.0;2024-07-04;RS;386;350,8;ESTRELA;Condutor deixou de manter distância do veículo da frente;Sem Vítimas;3;Céu Claro;Pleno dia;quinta-feira;Colisão traseira;Dupla;0;0;-29.4743;-51.952923;Segura;Sul;3 Trimestre
598146;2024.0;n;5.0;2024-05-04;PE;104;23,8;TAQUARITINGA DO NORTE;Transitar na contramão;Com Vítimas Fatais;2;Céu Claro;Plena Noite;sábado;Colisão frontal;Simples;1;0;-7.97620338;-36.10431433;Perigosa;Nordeste;2 Trimestre
575869;2024.0;n;1.0;2024-01-20;RS;386;412;MONTENEGRO;Acessar a via sem observar a presença dos outros veículos;Com Vítimas Fatais;4;Garoa/Chuvisco;Plena Noite;sábado;Colisão transversal;Dupla;1;0;-29.807285;-51.499722;Perigosa;Sul;1 Trimestre
605434;2024.0;n;6.0;2024-06-05;PR;376;410,4;TIBAGI;Transitar na contramão;Com Vítimas Feridas;4;Céu Claro;Plena Noite;quarta-feira;Colisão frontal;Dupla;0;2;-24.673004;-50.601442;Perigosa;Sul;2 Trimestre
607328;2024.0;n;6.0;2024-06-14;PB;101;44,5;MAMANGUAPE;Condutor Dormindo;Com Vítimas Feridas;3;Céu Claro;Amanhecer;sexta-feira;Colisão com objeto;Dupla;0;1;-6.87451305;-35.13232736;Perigosa;Nordeste;2 Trimestre
591461;2024.0;n;4.0;2024-04-02;DF;70;6;BRASILIA;Acesso irregular;Com Vítimas Feridas;2;Céu Claro;Plena Noite;terça-feira;Colisão transversal;Múltipla;0;0;-15.791242;-48.105759;Segura;Centro-Oeste;2 Trimestre
613412;2024.0;n;6.0;2024-06-26;PA;316;61;CASTANHAL;Acessar a via sem observar a presença dos outros veículos;Com Vítimas Fatais;2;Céu Claro;Pleno dia;quarta-feira;Colisão transversal;Dupla;1;0;-1.29686015;-47.94639002;Perigosa;Norte;2 Trimestre
673706;2025.0;n;4.0;2025-04-14;BA;116;19,1;VITORIA DA CONQUISTA;Acessar a via sem observar a presença dos outros veículos;Com Vítimas Feridas;4;Nublado;Pleno dia;segunda-feira;Colisão transversal;Simples;0;0;-14,89645856;-40,82718379;Segura;Nordeste;2 Trimestre
630105;2024.0;n;9.0;2024-09-23;MT;364;214;RONDONOPOLIS;Problema com o freio;Sem Vítimas;4;Céu Claro;Pleno dia;segunda-feira;Incêndio;Múltipla;0;0;-16.39255604;-54.71407876;Segura;Centro-Oeste;3 Trimestre
622516;2024.0;n;8.0;2024-08-20;MG;381;384;SAO GONCALO DO RIO ABAIXO;Demais falhas mecânicas ou elétricas;Com Vítimas Feridas;3;Sol;Pleno dia;terça-feira;Colisão com objeto;Dupla;0;0;-19.83574977;-43.37024689;Segura;Sudeste;3 Trimestre
669831;2025.0;n;3.0;2025-03-27;MT;174;338;CONQUISTA DOESTE;Demais falhas mecânicas ou elétricas;Sem Vítimas;2;Sol;Amanhecer;quinta-feira;Saída de leito carroçável;Simples;0;0;-14,842124;-59,311155;Segura;Centro-Oeste;1 Trimestre
603456;2024.0;n;5.0;2024-05-27;SC;101;153;ITAPEMA;Ausência de reação do condutor;Com Vítimas Feridas;2;Chuva;Plena Noite;segunda-feira;Colisão traseira;Dupla;0;1;-27.144717;-48.61063935;Perigosa;Sul;2 Trimestre
606393;2024.0;n;6.0;2024-06-09;GO;414;357;COCALZINHO DE GOIAS;Velocidade Incompatível;Com Vítimas Fatais;3;Céu Claro;Plena Noite;domingo;Tombamento;Simples;1;1;-15.67064324;-48.69998932;Perigosa;Centro-Oeste;2 Trimestre
658860;2025.0;n;2.0;2025-02-02;SC;280;28;ARAQUARI;Acessar a via sem observar a presença dos outros veículos;Com Vítimas Feridas;3;Nublado;Pleno dia;domingo;Colisão transversal;Simples;0;0;-26,40450077;-48,74561031;Segura;Sul;1 Trimestre
619415;2024.0;n;8.0;2024-08-06;PR;369;70,5;SANTA MARIANA;Desrespeitar a preferência no cruzamento;Com Vítimas Fatais;4;Céu Claro;Pleno dia;terça-feira;Colisão transversal;Simples;2;1;-23.14638483;-50.4985553;Perigosa;Sul;3 Trimestre
670744;2025.0;n;3.0;2025-03-30;BA;116;729;BOA NOVA;Ausência de reação do condutor;Sem Vítimas;2;Céu Claro;Plena Noite;domingo;Saída de leito carroçável;Simples;0;0;-14,27364367;-40,29798031;Segura;Nordeste;1 Trimestre
654526;2025.0;n;1.0;2025-01-11;BA;415;26,2;VITORIA DA CONQUISTA;Ausência de reação do condutor;Com Vítimas Feridas;3;Chuva;Plena Noite;sábado;Colisão frontal;Simples;0;0;-14,85036;-40,80472;Segura;Nordeste;1 Trimestre
597106;2024.0;n;4.0;2024-04-28;MA;316;365,4;BACABAL;Ausência de reação do condutor;Com Vítimas Feridas;2;Céu Claro;Plena Noite;domingo;Colisão traseira;Simples;0;1;-4.221842;-44.751778;Perigosa;Nordeste;2 Trimestre
626266;2024.0;n;9.0;2024-09-06;AC;317;100;SENADOR GUIOMARD;Ultrapassagem Indevida;Sem Vítimas;4;Céu Claro;Plena Noite;sexta-feira;Colisão lateral mesmo sentido;Simples;0;0;-10.32899603;-67.68797014;Segura;Norte;3 Trimestre
618326;2024.0;n;8.0;2024-08-01;MT;163;560;DIAMANTINO;Reação tardia ou ineficiente do condutor;Sem Vítimas;7;Céu Claro;Pleno dia;quinta-feira;Colisão lateral sentido oposto;Simples;0;0;-14.23756178;-56.11786216;Segura;Centro-Oeste;3 Trimestre
666308;2025.0;n;3.0;2025-03-10;MS;262;365,6;CAMPO GRANDE;Ausência de reação do condutor;Com Vítimas Feridas;2;Céu Claro;Pleno dia;segunda-feira;Colisão traseira;Simples;0;0;-20,488031;-54,743489;Segura;Centro-Oeste;1 Trimestre
664350;2025.0;n;2.0;2025-02-28;MA;135;67;SANTA RITA;Transitar na contramão;Com Vítimas Feridas;5;Céu Claro;Plena Noite;sexta-feira;Colisão frontal;Dupla;0;0;-3,114607;-44,32343;Segura;Nordeste;1 Trimestre
657055;2025.0;n;1.0;2025-01-24;SP;116;220;GUARULHOS;Ingestão de álcool pelo condutor;Sem Vítimas;3;Céu Claro;Pleno dia;sexta-feira;Colisão traseira;Múltipla;0;0;-23,46472809;-46,49793962;Segura;Sudeste;1 Trimestre
685568;2025.0;n;4.0;2025-04-17;PR;277;661,3;MATELANDIA;Reação tardia ou ineficiente do condutor;Com Vítimas Feridas;2;Céu Claro;Pleno dia;quinta-feira;Colisão traseira;Dupla;0;1;-25,2524921;-54,00262702;Perigosa;Sul;2 Trimestre
589280;2024.0;n;3.0;2024-03-23;MA;135;248,9;CAPINZAL DO NORTE;Transitar na contramão;Com Vítimas Fatais;3;Céu Claro;Pleno dia;sábado;Colisão frontal;Simples;1;0;-4.55556397;-44.34678315;Perigosa;Nordeste;1 Trimestre
590142;2024.0;n;3.0;2024-03-27;GO;153;500;GOIANIA;Manobra de mudança de faixa;Sem Vítimas;2;Garoa/Chuvisco;Anoitecer;quarta-feira;Colisão lateral mesmo sentido;Dupla;0;0;-16.7118;-49.2324;Segura;Centro-Oeste;1 Trimestre
654685;2025.0;n;1.0;2025-01-12;BA;116;242;QUIJINGUE;Acostamento em desnível;Com Vítimas Feridas;2;Nublado;Pleno dia;domingo;Saída de leito carroçável;Simples;0;0;-10,71037475;-38,92531448;Segura;Nordeste;1 Trimestre
605657;2024.0;n;6.0;2024-06-07;RS;290;80;GRAVATAI;Condutor Dormindo;Sem Vítimas;2;Céu Claro;Plena Noite;sexta-feira;Colisão lateral mesmo sentido;Dupla;0;0;-29.95343;-51.058449;Segura;Sul;2 Trimestre
622798;2024.0;n;8.0;2024-08-22;RS;386;151,6;ALMIRANTE TAMANDARE DO SUL;Acessar a via sem observar a presença dos outros veículos;Com Vítimas Fatais;3;Céu Claro;Amanhecer;quinta-feira;Colisão transversal;Simples;1;0;-28.08919;-52.867329;Perigosa;Sul;3 Trimestre
616732;2024.0;n;3.0;2024-03-28;BA;110;85;JEREMOABO;Condutor Dormindo;Com Vítimas Feridas;5;Céu Claro;Plena Noite;quinta-feira;Colisão lateral sentido oposto;Simples;0;0;-10.16830091;-38.27897047;Segura;Nordeste;1 Trimestre
629844;2024.0;n;9.0;2024-09-22;ES;262;75,8;DOMINGOS MARTINS;Velocidade Incompatível;Com Vítimas Feridas;2;Céu Claro;Pleno dia;domingo;Tombamento;Simples;0;1;-20.41504648;-40.90256283;Perigosa;Sudeste;3 Trimestre
673700;2025.0;n;2.0;2025-02-21;MG;381;2;BETIM;Ausência de reação do condutor;Com Vítimas Feridas;2;Céu Claro;Pleno dia;sexta-feira;Saída de leito carroçável;Dupla;0;0;-19,98967868;-44,1898831;Segura;Sudeste;1 Trimestre
620294;2024.0;n;8.0;2024-08-10;MG;40;502,2;ESMERALDAS;Transitar no Acostamento;Com Vítimas Fatais;3;Céu Claro;Amanhecer;sábado;Colisão com objeto;Dupla;1;0;-19.714002;-44.160929;Perigosa;Sudeste;3 Trimestre
582634;2024.0;n;2.0;2024-02-22;RS;392;349;SANTA MARIA;Demais falhas mecânicas ou elétricas;Com Vítimas Feridas;1;Céu Claro;Pleno dia;quinta-feira;Eventos atípicos;Dupla;0;1;-29.74276702;-53.79342377;Perigosa;Sul;1 Trimestre
664881;2025.0;n;3.0;2025-03-03;PR;116;136;MANDIRITUBA;Reação tardia ou ineficiente do condutor;Com Vítimas Feridas;3;Nevoeiro/Neblina;Plena Noite;segunda-feira;Colisão traseira;Dupla;0;0;-25,72777117;-49,31774139;Segura;Sul;1 Trimestre
625474;2024.0;n;9.0;2024-09-03;MG;356;264;MURIAE;Ausência de reação do condutor;Com Vítimas Feridas;2;Céu Claro;Pleno dia;terça-feira;Colisão traseira;Simples;0;0;-21.12552649;-42.37547729;Segura;Sudeste;3 Trimestre
595906;2024.0;n;4.0;2024-04-23;GO;50;275,3;CATALAO;Velocidade Incompatível;Com Vítimas Feridas;2;Céu Claro;Plena Noite;terça-feira;Saída de leito carroçável;Simples;0;0;-18.1483;-47.907;Segura;Centro-Oeste;2 Trimestre
598812;2024.0;n;5.0;2024-05-07;MG;40;797;JUIZ DE FORA;Mal súbito do condutor;Com Vítimas Feridas;2;Céu Claro;Pleno dia;terça-feira;Colisão traseira;Múltipla;0;0;-21.81520106;-43.38621008;Segura;Sudeste;2 Trimestre
602908;2024.0;n;5.0;2024-05-25;RS;290;92;PORTO ALEGRE;Acesso irregular;Com Vítimas Feridas;2;Céu Claro;Pleno dia;sábado;Colisão transversal;Dupla;0;0;-29.971916;-51.176838;Segura;Sul;2 Trimestre
653107;2025.0;n;1.0;2025-01-04;RJ;116;198;QUEIMADOS;Reação tardia ou ineficiente do condutor;Com Vítimas Feridas;2;Sol;Pleno dia;sábado;Colisão traseira;Dupla;0;0;-22,72952183;-43,57481597;Segura;Sudeste;1 Trimestre
603546;2024.0;n;5.0;2024-05-27;BA;110;310;INHAMBUPE;Carga excessiva e/ou mal acondicionada;Sem Vítimas;2;Céu Claro;Anoitecer;segunda-feira;Derramamento de carga;Simples;0;0;-11.954184;-38.371199;Segura;Nordeste;2 Trimestre
670005;2025.0;n;3.0;2025-03-28;BA;116;18;VITORIA DA CONQUISTA;Acessar a via sem observar a presença dos outros veículos;Com Vítimas Feridas;3;Céu Claro;Pleno dia;sexta-feira;Colisão transversal;Simples;0;1;-14,95101356;-40,80479516;Perigosa;Nordeste;1 Trimestre
673419;2025.0;n;4.0;2025-04-08;BA;101;895;CARAVELAS;Ingestão de álcool pelo condutor;Com Vítimas Feridas;3;Chuva;Plena Noite;terça-feira;Colisão frontal;Simples;0;0;-17,688271;-39,773173;Segura;Nordeste;2 Trimestre
575178;2024.0;n;1.0;2024-01-16;MG;262;479,8;BOM DESPACHO;Reação tardia ou ineficiente do condutor;Com Vítimas Feridas;2;Sol;Pleno dia;terça-feira;Colisão frontal;Simples;0;0;-19.78628062;-45.23887303;Segura;Sudeste;1 Trimestre
579398;2024.0;n;2.0;2024-02-06;RN;101;97,9;NATAL;Acumulo de areia ou detritos sobre o pavimento;Com Vítimas Feridas;2;Céu Claro;Pleno dia;terça-feira;Colisão traseira;Múltipla;0;0;-5.85758898;-35.21271205;Segura;Nordeste;1 Trimestre
583071;2024.0;n;2.0;2024-02-24;RS;290;364,1;VILA NOVA DO SUL;Ultrapassagem Indevida;Sem Vítimas;2;Céu Claro;Pleno dia;sábado;Colisão lateral mesmo sentido;Simples;0;0;-30.367632;-53.811005;Segura;Sul;1 Trimestre