id;ano;feriado;mes;data_inversa;uf;br;km;municipio;causa_acidente;classificacao_acidente;veiculos;condicao_metereologica;fase_dia;dia_semana;tipo_acidente;tipo_pista;mortos;feridos_graves;latitude;longitude;status;regiao;periodo
592835;2024.0;n;4.0;2024-04-09;RS;293;75;PIRATINI;Transitar na contramão;Com Vítimas Fatais;4;Céu Claro;Pleno dia;terça-feira;Colisão frontal;Simples;1;0;-31.67583782;-53.07442688;Perigosa;Sul;2 Trimestre
668115;2025.0;n;3.0;2025-03-18;SC;280;153,5;MAFRA;Ultrapassagem Indevida;Com Vítimas Feridas;6;Garoa/Chuvisco;Pleno dia;terça-feira;Colisão lateral sentido oposto;Simples;0;2;-26,23190811;-49,70103264;Perigosa;Sul;1 Trimestre
602061;2024.0;n;5.0;2024-05-21;ES;101;285,3;CARIACICA;Ausência de reação do condutor;Sem Vítimas;2;Céu Claro;Plena Noite;terça-feira;Colisão traseira;Dupla;0;0;-20.25148171;-40.37270066;Segura;Sudeste;2 Trimestre
613384;2024.0;n;7.0;2024-07-10;PE;101;1,5;GOIANA;Demais falhas mecânicas ou elétricas;Sem Vítimas;1;Céu Claro;Plena Noite;quarta-feira;Incêndio;Dupla;0;0;-7.50897414;-34.98748949;Segura;Nordeste;3 Trimestre
595713;2024.0;n;4.0;2024-04-22;MT;174;125;MIRASSOL DOESTE;Acessar a via sem observar a presença dos outros veículos;Com Vítimas Feridas;5;Céu Claro;Pleno dia;segunda-feira;Colisão transversal;Simples;0;0;-15.81678972;-58.0834468;Segura;Centro-Oeste;2 Trimestre
612016;2024.0;n;7.0;2024-07-04;MG;40;42;PARACATU;Acessar a via sem observar a presença dos outros veículos;Com Vítimas Feridas;2;Céu Claro;Anoitecer;quinta-feira;Tombamento;Simples;0;1;-17.223262;-46.86503;Perigosa;Sudeste;3 Trimestre
609199;2024.0;n;6.0;2024-06-22;SC;282;478,9;VARGEAO;Transitar na contramão;Com Vítimas Fatais;2;Nublado;Plena Noite;sábado;Colisão frontal;Simples;1;0;-26.8831971;-52.1778083;Perigosa;Sul;2 Trimestre
614834;2024.0;n;7.0;2024-07-08;SC;101;99,1;BALNEARIO PICARRAS;Reação tardia ou ineficiente do condutor;Com Vítimas Feridas;3;Nublado;Pleno dia;segunda-feira;Colisão traseira;Múltipla;0;6;-26.7471002;-48.69654831;Perigosa;Sul;3 Trimestre
628677;2024.0;n;9.0;2024-09-17;SP;116;550;BARRA DO TURVO;Reação tardia ou ineficiente do condutor;Com Vítimas Feridas;2;Garoa/Chuvisco;Pleno dia;terça-feira;Tombamento;Dupla;0;1;-24.95749618;-48.46440871;Perigosa;Sudeste;3 Trimestre
658710;2025.0;n;2.0;2025-02-01;MG;381;438;SABARA;Ingestão de álcool pelo condutor;Com Vítimas Fatais;4;Nublado;Plena Noite;sábado;Colisão lateral sentido oposto;Simples;1;10;-19,79944368;-43,76157045;Perigosa;Sudeste;1 Trimestre
608991;2024.0;n;6.0;2024-06-21;SP;116;416;JUQUIA;Manobra de mudança de faixa;Com Vítimas Feridas;3;Céu Claro;Pleno dia;sexta-feira;Colisão lateral mesmo sentido;Dupla;0;0;-24.34184089;-47.64612417;Segura;Sudeste;2 Trimestre
626416;2024.0;y;9.0;2024-09-07;GO;153;77;PORANGATU;Ausência de reação do condutor;Com Vítimas Feridas;6;Céu Claro;Pleno dia;sábado;Engavetamento;Simples;0;1;-13.495361;-49.132575;Perigosa;Centro-Oeste;3 Trimestre
586615;2024.0;n;3.0;2024-03-11;MG;40;39,3;PARACATU;Condutor deixou de manter distância do veículo da frente;Sem Vítimas;2;Céu Claro;Pleno dia;segunda-feira;Colisão traseira;Simples;0;0;-17.21128483;-46.89011999;Segura;Sudeste;1 Trimestre
630489;2024.0;n;9.0;2024-09-25;PR;376;3,4;MARINGA;Ausência de reação do condutor;Sem Vítimas;5;Céu Claro;Pleno dia;quarta-feira;Saída de leito carroçável;Dupla;0;0;-23.4273;-51.9375;Segura;Sul;3 Trimestre
592613;2024.0;n;4.0;2024-04-08;SP;116;168,3;JACAREI;Pedestre cruzava a pista fora da faixa;Com Vítimas Fatais;2;Céu Claro;Pleno dia;segunda-feira;Atropelamento de Pedestre;Dupla;1;0;-23.30545902;-46.03567599;Perigosa;Sudeste;2 Trimestre
617968;2024.0;n;7.0;2024-07-23;MS;163;729;COXIM;Acessar a via sem observar a presença dos outros veículos;Com Vítimas Feridas;2;Céu Claro;Pleno dia;terça-feira;Colisão transversal;Simples;0;0;-18.5185741;-54.73823162;Segura;Centro-Oeste;3 Trimestre
669726;2025.0;n;3.0;2025-03-26;SC;101;216,5;PALHOCA;Manobra de mudança de faixa;Com Vítimas Feridas;3;Céu Claro;Pleno dia;quarta-feira;Colisão transversal;Múltipla;0;1;-27,664041;-48,675199;Perigosa;Sul;1 Trimestre
653333;2025.0;n;1.0;2025-01-05;SC;101;220;PALHOCA;Condutor deixou de manter distância do veículo da frente;Com Vítimas Feridas;2;Céu Claro;Pleno dia;domingo;Colisão traseira;Dupla;0;0;-27,69198941;-48,66368358;Segura;Sul;1 Trimestre
597112;2024.0;n;4.0;2024-04-29;PE;232;6,2;RECIFE;Manobra de mudança de faixa;Sem Vítimas;3;Garoa/Chuvisco;Plena Noite;segunda-feira;Colisão lateral mesmo sentido;Dupla;0;0;-8.07079525;-34.9535389;Segura;Nordeste;2 Trimestre
579410;2024.0;n;2.0;2024-02-06;MG;381;766;CAMPANHA;Reação tardia ou ineficiente do condutor;Com Vítimas Feridas;4;Céu Claro;Pleno dia;terça-feira;Colisão traseira;Dupla;0;0;-21.76294597;-45.41241603;Segura;Sudeste;1 Trimestre
670007;2025.0;n;3.0;2025-03-27;SP;381;28;ATIBAIA;Ausência de reação do condutor;Sem Vítimas;2;Céu Claro;Pleno dia;quinta-feira;Colisão lateral mesmo sentido;Dupla;0;0;-23,035581;-46,549877;Segura;Sudeste;1 Trimestre
579412;2024.0;n;2.0;2024-02-06;MS;163;610,7;SAO GABRIEL DO OESTE;Acessar a via sem observar a presença dos outros veículos;Com Vítimas Feridas;7;Nublado;Pleno dia;terça-feira;Colisão transversal;Simples;0;0;-19.42512336;-54.54549909;Segura;Centro-Oeste;1 Trimestre
600230;2024.0;n;5.0;2024-05-13;RJ;101;179,4;MACAE;Reação tardia ou ineficiente do condutor;Com Vítimas Feridas;3;Céu Claro;Pleno dia;segunda-feira;Colisão transversal;Simples;0;0;-22.40006602;-41.99621581;Segura;Sudeste;2 Trimestre
668355;2025.0;n;3.0;2025-03-20;GO;60;7;SANTO ANTONIO DO DESCOBERTO;Reação tardia ou ineficiente do condutor;Com Vítimas Feridas;3;Céu Claro;Amanhecer;quinta-feira;Tombamento;Dupla;0;0;-16,10303;-48,289857;Segura;Centro-Oeste;1 Trimestre
602139;2024.0;n;5.0;2024-05-22;PE;232;398;SERRA TALHADA;Condutor Dormindo;Com Vítimas Feridas;2;Nublado;Plena Noite;quarta-feira;Saída de leito carroçável;Simples;0;0;-8.01412703;-38.20813901;Segura;Nordeste;2 Trimestre
665978;2025.0;n;3.0;2025-03-08;MS;158;97,3;PARANAIBA;Acessar a via sem observar a presença dos outros veículos;Com Vítimas Feridas;4;Céu Claro;Pleno dia;sábado;Colisão lateral mesmo sentido;Dupla;0;0;-19,69533446;-51,18014568;Segura;Centro-Oeste;1 Trimestre
673723;2025.0;n;4.0;2025-04-14;MG;40;447,3;CAETANOPOLIS;Desrespeitar a preferência no cruzamento;Com Vítimas Feridas;3;Nublado;Plena Noite;segunda-feira;Colisão frontal;Simples;0;1;-19,29665;-44,38161;Perigosa;Sudeste;2 Trimestre
600757;2024.0;n;5.0;2024-05-15;MT;174;91,8;CACERES;Condutor Dormindo;Sem Vítimas;2;Céu Claro;Anoitecer;quarta-feira;Colisão traseira;Simples;0;0;-15.89916998;-57.81388698;Segura;Centro-Oeste;2 Trimestre
584105;2024.0;n;2.0;2024-02-29;RJ;40;115;DUQUE DE CAXIAS;Manobra de mudança de faixa;Com Vítimas Feridas;3;Céu Claro;Pleno dia;quinta-feira;Colisão lateral mesmo sentido;Múltipla;0;0;-22.72756999;-43.2891609;Segura;Sudeste;1 Trimestre
664164;2025.0;n;2.0;2025-02-28;RS;470;217;BENTO GONCALVES;Manobra de mudança de faixa;Sem Vítimas;3;Céu Claro;Pleno dia;sexta-feira;Colisão lateral mesmo sentido;Dupla;0;0;-29,17485903;-51,52388871;Segura;Sul;1 Trimestre
603402;2024.0;n;5.0;2024-05-27;RS;471;191,4;PANTANO GRANDE;Manobra de mudança de faixa;Com Vítimas Fatais;3;Chuva;Pleno dia;segunda-feira;Colisão frontal;Simples;1;1;-30.13711082;-52.37010956;Perigosa;Sul;2 Trimestre
673796;2025.0;n;4.0;2025-04-15;SC;280;115,4;SAO BENTO DO SUL;Velocidade Incompatível;Com Vítimas Feridas;2;Céu Claro;Plena Noite;terça-feira;Tombamento;Simples;0;0;-26,282513;-49,411706;Segura;Sul;2 Trimestre
655016;2025.0;n;1.0;2025-01-14;RJ;101;294;ITABORAI;Ausência de reação do condutor;Com Vítimas Feridas;2;Nublado;Pleno dia;terça-feira;Colisão lateral mesmo sentido;Dupla;0;0;-22,7584434;-42,89502344;Segura;Sudeste;1 Trimestre
583008;2024.0;n;2.0;2024-02-24;SC;101;253,1;PAULO LOPES;Condutor Dormindo;Com Vítimas Feridas;1;Céu Claro;Pleno dia;sábado;Saída de leito carroçável;Dupla;0;0;-27.96492999;-48.67962057;Segura;Sul;1 Trimestre
597550;2024.0;n;4.0;2024-04-30;MT;70;358,2;CAMPO VERDE;Reação tardia ou ineficiente do condutor;Com Vítimas Feridas;3;Céu Claro;Plena Noite;terça-feira;Colisão lateral sentido oposto;Simples;0;0;-15.46914502;-54.93796301;Segura;Centro-Oeste;2 Trimestre
580800;2024.0;n;1.0;2024-01-18;PR;376;178;MARINGA;Manobra de mudança de faixa;Com Vítimas Feridas;3;Nublado;Pleno dia;quinta-feira;Colisão transversal;Múltipla;0;0;-23.4192146;-51.91293985;Segura;Sul;1 Trimestre
653531;2025.0;n;1.0;2025-01-06;PE;232;443;SAO JOSE DO BELMONTE;Reação tardia ou ineficiente do condutor;Com Vítimas Feridas;3;Céu Claro;Pleno dia;segunda-feira;Colisão lateral sentido oposto;Simples;0;0;-8,01087223;-38,58501511;Segura;Nordeste;1 Trimestre
664147;2025.0;n;2.0;2025-02-28;SC;101;158;PORTO BELO;Condutor Dormindo;Sem Vítimas;6;Céu Claro;Amanhecer;sexta-feira;Colisão lateral mesmo sentido;Dupla;0;0;-27,19413635;-48,6128615;Segura;Sul;1 Trimestre
573073;2024.0;n;1.0;2024-01-07;PR;163;294,5;MARECHAL CANDIDO RONDON;Condutor Dormindo;Com Vítimas Feridas;3;Céu Claro;Pleno dia;domingo;Colisão transversal;Simples;0;1;-24.500189;-54.125806;Perigosa;Sul;1 Trimestre
622302;2024.0;n;8.0;2024-08-19;MG;116;106,9;ITAOBIM;Ausência de reação do condutor;Com Vítimas Feridas;1;Céu Claro;Pleno dia;segunda-feira;Saída de leito carroçável;Simples;0;1;-16.479493;-41.507347;Perigosa;Sudeste;3 Trimestre
671831;2025.0;n;4.0;2025-04-05;BA;242;595;IBOTIRAMA;Ingestão de álcool pelo condutor;Sem Vítimas;2;Céu Claro;Pleno dia;sábado;Saída de leito carroçável;Simples;0;0;-12,129535;-43,176885;Segura;Nordeste;2 Trimestre
628277;2024.0;n;9.0;2024-09-15;MT;163;558;DIAMANTINO;Reação tardia ou ineficiente do condutor;Com Vítimas Feridas;2;Sol;Pleno dia;domingo;Saída de leito carroçável;Simples;0;0;-14.2483042;-56.13246685;Segura;Centro-Oeste;3 Trimestre
588214;2024.0;n;3.0;2024-03-18;MG;40;509,9;RIBEIRAO DAS NEVES;Reação tardia ou ineficiente do condutor;Com Vítimas Feridas;4;Chuva;Anoitecer;segunda-feira;Engavetamento;Dupla;0;0;-19.777348;-44.121027;Segura;Sudeste;1 Trimestre
616472;2024.0;n;7.0;2024-07-24;SC;101;216,4;PALHOCA;Ingestão de álcool pelo condutor;Com Vítimas Feridas;5;Céu Claro;Plena Noite;quarta-feira;Colisão traseira;Múltipla;0;0;-27.65981409;-48.67747798;Segura;Sul;3 Trimestre
615041;2024.0;n;7.0;2024-07-17;PR;277;309,4;GUARAPUAVA;Reação tardia ou ineficiente do condutor;Com Vítimas Feridas;4;Céu Claro;Pleno dia;quarta-feira;Tombamento;Simples;0;0;-25.30744633;-51.21083736;Segura;Sul;3 Trimestre
595678;2024.0;n;4.0;2024-04-22;PR;153;391;MALLET;Reação tardia ou ineficiente do condutor;Com Vítimas Fatais;3;Céu Claro;Pleno dia;segunda-feira;Colisão frontal;Simples;2;0;-25.88959241;-50.83779273;Perigosa;Sul;2 Trimestre
616570;2024.0;n;7.0;2024-07-24;RS;116;32,8;VACARIA;Ingestão de álcool pelo condutor;Sem Vítimas;3;Céu Claro;Pleno dia;quarta-feira;Colisão traseira;Simples;0;0;-28.46215208;-50.88891686;Segura;Sul;3 Trimestre
653326;2025.0;n;1.0;2025-01-05;SP;116;283;EMBU DAS ARTES;Conversão proibida;Com Vítimas Feridas;2;Céu Claro;Pleno dia;domingo;Colisão transversal;Dupla;0;0;-23,69297005;-46,86352786;Segura;Sudeste;1 Trimestre
672934;2025.0;n;4.0;2025-04-11;BA;116;833,7;VITORIA DA CONQUISTA;Acessar a via sem observar a presença dos outros veículos;Com Vítimas Feridas;3;Céu Claro;Pleno dia;sexta-feira;Colisão lateral mesmo sentido;Simples;0;1;-14,95224827;-40,90054122;Perigosa;Nordeste;2 Trimestre
687308;2025.0;n;4.0;2025-04-25;ES;484;98;AFONSO CLAUDIO;Ausência de reação do condutor;Com Vítimas Feridas;2;Nublado;Pleno dia;sexta-feira;Colisão transversal;Simples;0;1;-20,01336196;-41,03200468;Perigosa;Sudeste;2 Trimestre
657131;2025.0;n;1.0;2025-01-24;PR;376;383,9;IMBAU;Acessar a via sem observar a presença dos outros veículos;Com Vítimas Fatais;2;Nublado;Plena Noite;sexta-feira;Colisão frontal;Dupla;1;0;-24,43001144;-50,76598763;Perigosa;Sul;1 Trimestre
669660;2025.0;n;3.0;2025-03-26;GO;50;113,7;CRISTALINA;Chuva;Com Vítimas Feridas;2;Chuva;Pleno dia;quarta-feira;Capotamento;Dupla;0;0;-16,888188;-47,6802;Segura;Centro-Oeste;1 Trimestre
620096;2024.0;n;8.0;2024-08-09;BA;116;530;ITATIM;Condutor deixou de manter distância do veículo da frente;Com Vítimas Feridas;2;Céu Claro;Pleno dia;sexta-feira;Colisão traseira;Simples;0;0;-12.72182285;-39.76161404;Segura;Nordeste;3 Trimestre
626348;2024.0;y;9.0;2024-09-07;MG;381;929;ITAPEVA;Velocidade Incompatível;Com Vítimas Feridas;2;Céu Claro;Pleno dia;sábado;Tombamento;Dupla;0;1;-22.79911462;-46.26123692;Perigosa;Sudeste;3 Trimestre
618269;2024.0;n;8.0;2024-08-01;GO;153;105;SANTA TEREZA DE GOIAS;Ausência de reação do condutor;Com Vítimas Feridas;3;Céu Claro;Pleno dia;quinta-feira;Colisão frontal;Simples;0;0;-13.693473;-49.022247;Segura;Centro-Oeste;3 Trimestre
580715;2024.0;n;2.0;2024-02-09;SC;101;307,7;LAGUNA;Condutor Dormindo;Com Vítimas Feridas;2;Céu Claro;Plena Noite;sexta-feira;Colisão traseira;Múltipla;0;0;-28.39199505;-48.77826295;Segura;Sul;1 Trimestre
573192;2024.0;n;1.0;2024-01-07;RJ;393;151;TRES RIOS;Velocidade Incompatível;Com Vítimas Feridas;2;Céu Claro;Pleno dia;domingo;Tombamento;Simples;0;0;-22.06019504;-43.02885795;Segura;Sudeste;1 Trimestre
662122;2025.0;n;2.0;2025-02-18;ES;101;264;SERRA;Trafegar com motocicleta (ou similar) entre as faixas;Com Vítimas Feridas;4;Céu Claro;Pleno dia;terça-feira;Engavetamento;Dupla;0;0;-20,17292791;-40,26736384;Segura;Sudeste;1 Trimestre
607136;2024.0;n;6.0;2024-06-13;RS;293;180;BAGE;Ausência de reação do condutor;Sem Vítimas;3;Céu Claro;Pleno dia;quinta-feira;Colisão traseira;Simples;0;0;-31.29858439;-54.05057917;Segura;Sul;2 Trimestre
596493;2024.0;n;4.0;2024-04-26;RJ;40;90;PETROPOLIS;Demais falhas mecânicas ou elétricas;Com Vítimas Feridas;5;Nublado;Pleno dia;sexta-feira;Colisão traseira;Simples;0;0;-22.550738;-43.236397;Segura;Sudeste;2 Trimestre
657995;2025.0;n;1.0;2025-01-28;RJ;116;269,5;BARRA MANSA;Reação tardia ou ineficiente do condutor;Com Vítimas Feridas;1;Nublado;Plena Noite;terça-feira;Tombamento;Dupla;0;0;-22,57510092;-44,11542461;Segura;Sudeste;1 Trimestre
579259;2024.0;n;1.0;2024-01-28;MG;153;135;PRATA;Reação tardia ou ineficiente do condutor;Com Vítimas Feridas;2;Céu Claro;Pleno dia;domingo;Saída de leito carroçável;Simples;0;0;-19.52339386;-48.83222564;Segura;Sudeste;1 Trimestre
668888;2025.0;n;3.0;2025-03-22;RS;386;2;IRAI;Afundamento ou ondulação no pavimento;Com Vítimas Feridas;1;Nublado;Anoitecer;sábado;Tombamento;Simples;0;0;-27,18154665;-53,2442522;Segura;Sul;1 Trimestre
627123;2024.0;n;9.0;2024-09-10;SC;470;259,4;CURITIBANOS;Reação tardia ou ineficiente do condutor;Com Vítimas Feridas;3;Céu Claro;Pleno dia;terça-feira;Tombamento;Simples;0;0;-27.301584;-50.671352;Segura;Sul;3 Trimestre
582229;2024.0;n;2.0;2024-02-20;SC;282;283,4;SAO JOSE DO CERRITO;Transitar na contramão;Com Vítimas Feridas;3;Nublado;Pleno dia;terça-feira;Colisão frontal;Simples;0;4;-27.574697;-50.783157;Perigosa;Sul;1 Trimestre
685522;2025.0;n;4.0;2025-04-17;PA;163;503;ITAITUBA;Transitar na contramão;Com Vítimas Feridas;7;Garoa/Chuvisco;Pleno dia;quinta-feira;Colisão frontal;Simples;0;2;-5,477112;-55,844935;Perigosa;Norte;2 Trimestre
575537;2024.0;n;1.0;2024-01-18;SP;116;210;GUARULHOS;Manobra de mudança de faixa;Sem Vítimas;2;Céu Claro;Pleno dia;quinta-feira;Colisão lateral mesmo sentido;Dupla;0;0;-23.42870023;-46.41085991;Segura;Sudeste;1 Trimestre
669453;2025.0;n;3.0;2025-03-25;SE;101;93,4;NOSSA SENHORA DO SOCORRO;Demais falhas mecânicas ou elétricas;Sem Vítimas;3;Céu Claro;Pleno dia;terça-feira;Colisão lateral mesmo sentido;Dupla;0;0;-10,90428955;-37,14811206;Segura;Nordeste;1 Trimestre
572558;2024.0;n;1.0;2024-01-04;RO;364;701;PORTO VELHO;Chuva;Sem Vítimas;1;Chuva;Pleno dia;quinta-feira;Saída de leito carroçável;Dupla;0;0;-8.80049198;-63.777876;Segura;Norte;1 Trimestre
615565;2024.0;n;7.0;2024-07-19;MG;40;191;JOAO PINHEIRO;Ultrapassagem Indevida;Sem Vítimas;4;Céu Claro;Pleno dia;sexta-feira;Saída de leito carroçável;Simples;0;0;-18.00157606;-45.88832201;Segura;Sudeste;3 Trimestre
587237;2024.0;n;3.0;2024-03-14;TO;153;678;GURUPI;Condutor Dormindo;Com Vítimas Feridas;4;Céu Claro;Pleno dia;quinta-feira;Colisão lateral sentido oposto;Simples;0;0;-11.77460203;-49.10744996;Segura;Norte;1 Trimestre
627223;2024.0;n;9.0;2024-09-10;BA;101;672;ITAPEBI;Demais falhas mecânicas ou elétricas;Sem Vítimas;1;Nublado;Plena Noite;terça-feira;Incêndio;Simples;0;0;-16.010108;-39.603248;Segura;Nordeste;3 Trimestre
577932;2024.0;n;1.0;2024-01-30;AM;230;612;HUMAITA;Reação tardia ou ineficiente do condutor;Com Vítimas Feridas;2;Céu Claro;Plena Noite;terça-feira;Tombamento;Simples;0;0;-7.51704445;-63.03054929;Segura;Norte;1 Trimestre
657545;2025.0;n;1.0;2025-01-26;MG;381;515,9;IGARAPE;Velocidade Incompatível;Com Vítimas Feridas;1;Nublado;Plena Noite;domingo;Saída de leito carroçável;Dupla;0;1;-20,09734;-44,3159;Perigosa;Sudeste;1 Trimestre
598494;2024.0;n;5.0;2024-05-05;MG;262;479,5;BOM DESPACHO;Demais falhas mecânicas ou elétricas;Com Vítimas Feridas;3;Céu Claro;Pleno dia;domingo;Capotamento;Simples;0;0;-19.78628062;-45.23887303;Segura;Sudeste;2 Trimestre
588059;2024.0;n;3.0;2024-03-18;MG;40;824,9;SIMAO PEREIRA;Velocidade Incompatível;Com Vítimas Feridas;2;Céu Claro;Pleno dia;segunda-feira;Tombamento;Dupla;0;0;-21.96689732;-43.29126511;Segura;Sudeste;1 Trimestre
621074;2024.0;n;8.0;2024-08-13;SC;282;513;XANXERE;Ultrapassagem Indevida;Sem Vítimas;5;Céu Claro;Plena Noite;terça-feira;Colisão lateral mesmo sentido;Simples;0;0;-26.914485;-52.478322;Segura;Sul;3 Trimestre
652676;2025.0;y;1.0;2025-01-01;RJ;40;123,8;DUQUE DE CAXIAS;Reação tardia ou ineficiente do condutor;Com Vítimas Feridas;2;Céu Claro;Plena Noite;quarta-feira;Colisão lateral mesmo sentido;Múltipla;0;0;-22,79907687;-43,29015739;Segura;Sudeste;1 Trimestre
577725;2024.0;n;1.0;2024-01-28;MG;365;761,4;ITUIUTABA;Ingestão de álcool pelo condutor;Com Vítimas Feridas;2;Céu Claro;Pleno dia;domingo;Colisão lateral sentido oposto;Simples;0;0;-18.965055;-49.5192;Segura;Sudeste;1 Trimestre
599589;2024.0;n;5.0;2024-05-10;SE;101;92;NOSSA SENHORA DO SOCORRO;Ingestão de álcool pelo condutor;Sem Vítimas;3;Nublado;Plena Noite;sexta-feira;Colisão lateral mesmo sentido;Dupla;0;0;-10.90172951;-37.13564515;Segura;Nordeste;2 Trimestre
590801;2024.0;n;3.0;2024-03-30;GO;40;144,8;CRISTALINA;Condutor Dormindo;Com Vítimas Feridas;3;Nublado;Plena Noite;sábado;Colisão traseira;Simples;0;0;-16.979743;-47.256078;Segura;Centro-Oeste;1 Trimestre
629880;2024.0;n;9.0;2024-09-22;MG;262;474;BOM DESPACHO;Ausência de reação do condutor;Sem Vítimas;4;Céu Claro;Pleno dia;domingo;Colisão com objeto;Simples;0;0;-19.79064386;-45.19331799;Segura;Sudeste;3 Trimestre
626088;2024.0;n;7.0;2024-07-06;ES;262;60;MARECHAL FLORIANO;Ausência de reação do condutor;Com Vítimas Feridas;10;Céu Claro;Pleno dia;sábado;Tombamento;Simples;0;0;-20.42818717;-40.79167114;Segura;Sudeste;3 Trimestre
623120;2024.0;n;8.0;2024-08-23;PR;373;459,5;MANGUEIRINHA;Condutor Dormindo;Com Vítimas Feridas;3;Nublado;Pleno dia;sexta-feira;Colisão lateral sentido oposto;Simples;0;0;-25.92746907;-52.39908749;Segura;Sul;3 Trimestre
618264;2024.0;n;8.0;2024-08-01;CE;222;23,5;CAUCAIA;Demais falhas mecânicas ou elétricas;Sem Vítimas;1;Céu Claro;Pleno dia;quinta-feira;Incêndio;Dupla;0;0;-3.73178984;-38.75974197;Segura;Nordeste;3 Trimestre
621441;2024.0;n;8.0;2024-08-15;RR;174;466,8;BOA VISTA;Condutor deixou de manter distância do veículo da frente;Com Vítimas Feridas;2;Céu Claro;Plena Noite;quinta-feira;Colisão traseira;Simples;0;0;2.581366;-60.876972;Segura;Norte;3 Trimestre
594690;2024.0;n;4.0;2024-04-18;PR;376;598;CURITIBA;Trafegar com motocicleta (ou similar) entre as faixas;Com Vítimas Feridas;3;Céu Claro;Pleno dia;quinta-feira;Colisão lateral mesmo sentido;Dupla;0;1;-25.5188802;-49.33506947;Perigosa;Sul;2 Trimestre
656671;2025.0;n;1.0;2025-01-22;SC;101;283;IMBITUBA;Demais falhas mecânicas ou elétricas;Com Vítimas Feridas;2;Céu Claro;Pleno dia;quarta-feira;Capotamento;Múltipla;0;0;-28,20457404;-48,6984006;Segura;Sul;1 Trimestre
592380;2024.0;n;3.0;2024-03-30;PE;104;66;CARUARU;Acumulo de água sobre o pavimento;Com Vítimas Feridas;2;Chuva;Plena Noite;sábado;Colisão traseira;Simples;0;0;-8.2937;-35.9864;Segura;Nordeste;1 Trimestre
615010;2024.0;n;7.0;2024-07-17;PE;101;73,1;RECIFE;Acessar a via sem observar a presença dos outros veículos;Com Vítimas Feridas;2;Céu Claro;Pleno dia;quarta-feira;Colisão lateral mesmo sentido;Dupla;0;1;-8.094235;-34.948371;Perigosa;Nordeste;3 Trimestre
628177;2024.0;n;9.0;2024-09-15;RJ;493;108;ITAGUAI;Transitar na contramão;Com Vítimas Feridas;3;Céu Claro;Plena Noite;domingo;Colisão traseira;Dupla;0;1;-22.81036482;-43.79905701;Perigosa;Sudeste;3 Trimestre
653266;2025.0;n;1.0;2025-01-05;PR;476;216;LAPA;Ausência de reação do condutor;Sem Vítimas;1;Nublado;Plena Noite;domingo;Saída de leito carroçável;Simples;0;0;-25,79723;-49,894169;Segura;Sul;1 Trimestre
597544;2024.0;y;5.0;2024-05-01;RS;470;163;NOVA PRATA;Transitar na contramão;Sem Vítimas;4;Chuva;Plena Noite;quarta-feira;Colisão lateral sentido oposto;Simples;0;0;-28.82755543;-51.58058532;Segura;Sul;2 Trimestre
668718;2025.0;n;3.0;2025-03-21;PR;376;138,5;NOVA ESPERANCA;Ausência de reação do condutor;Com Vítimas Feridas;4;Céu Claro;Plena Noite;sexta-feira;Colisão traseira;Dupla;0;1;-23,21639143;-52,18546629;Perigosa;Sul;1 Trimestre
579859;2024.0;n;2.0;2024-02-08;PR;376;597;CURITIBA;Trafegar com motocicleta (ou similar) entre as faixas;Com Vítimas Feridas;3;Céu Claro;Anoitecer;quinta-feira;Colisão lateral mesmo sentido;Dupla;0;0;-25.51058917;-49.33889151;Segura;Sul;1 Trimestre
660935;2025.0;n;2.0;2025-02-12;BA;116;902;CANDIDO SALES;Ausência de reação do condutor;Com Vítimas Feridas;3;Nublado;Pleno dia;quarta-feira;Colisão lateral sentido oposto;Simples;0;0;-15,4527768;-41,2286815;Segura;Nordeste;1 Trimestre
623767;2024.0;n;8.0;2024-08-26;CE;222;300;TIANGUA;Problema com o freio;Com Vítimas Feridas;1;Céu Claro;Pleno dia;segunda-feira;Tombamento;Simples;0;0;-3.65653078;-40.9347551;Segura;Nordeste;3 Trimestre
586678;2024.0;n;3.0;2024-03-11;RJ;101;151;MACAE;Velocidade Incompatível;Com Vítimas Fatais;1;Nublado;Plena Noite;segunda-feira;Saída de leito carroçável;Simples;1;0;-22.249205;-41.813891;Perigosa;Sudeste;1 Trimestre
606350;2024.0;n;6.0;2024-06-09;MG;354;735;POUSO ALTO;Pedestre - Ingestão de álcool/ substâncias psicoativas;Com Vítimas Feridas;2;Céu Claro;Plena Noite;domingo;Atropelamento de Pedestre;Simples;0;0;-22.189812;-44.97624;Segura;Sudeste;2 Trimestre
607313;2024.0;n;6.0;2024-06-13;PB;104;56,5;BARRA DE SANTA ROSA;Reação tardia ou ineficiente do condutor;Com Vítimas Feridas;1;Nublado;Plena Noite;quinta-feira;Saída de leito carroçável;Simples;0;1;-6.78237255;-35.97482701;Perigosa;Nordeste;2 Trimestre
687044;2025.0;n;4.0;2025-04-24;RJ;116;266,5;BARRA MANSA;Desvio temporário;Com Vítimas Fatais;3;Céu Claro;Pleno dia;quinta-feira;Atropelamento de Pedestre;Dupla;1;0;-22,5379048;-44,1823157;Perigosa;Sudeste;2 Trimestre
584248;2024.0;n;3.0;2024-03-01;SC;280;153,8;MAFRA;Reação tardia ou ineficiente do condutor;Sem Vítimas;3;Céu Claro;Pleno dia;sexta-feira;Colisão com objeto;Simples;0;0;-26.22099817;-49.71288041;Segura;Sul;1 Trimestre