id;ano;feriado;mes;data_inversa;uf;br;km;municipio;causa_acidente;classificacao_acidente;veiculos;condicao_metereologica;fase_dia;dia_semana;tipo_acidente;tipo_pista;mortos;feridos_graves;latitude;longitude;status;regiao;periodo
582589;2024.0;n;2.0;2024-02-22;MG;251;473,9;FRANCISCO SA;Velocidade Incompatível;Com Vítimas Feridas;3;Chuva;Pleno dia;quinta-feira;Saída de leito carroçável;Simples;0;0;-16.471274;-43.425573;Segura;Sudeste;1 Trimestre
620493;2024.0;n;8.0;2024-08-11;GO;158;27;BOM JARDIM DE GOIAS;Reação tardia ou ineficiente do condutor;Com Vítimas Feridas;5;Céu Claro;Pleno dia;domingo;Colisão lateral sentido oposto;Simples;0;0;-16.09242202;-52.16609506;Segura;Centro-Oeste;3 Trimestre
619010;2024.0;n;8.0;2024-08-04;BA;116;632;JAGUAQUARA;Pedestre - Ingestão de álcool/ substâncias psicoativas;Com Vítimas Fatais;3;Céu Claro;Pleno dia;domingo;Atropelamento de Pedestre;Simples;1;0;-13.46756485;-40.03652534;Perigosa;Nordeste;3 Trimestre
591630;2024.0;n;4.0;2024-04-03;SC;280;81;CORUPA;Reação tardia ou ineficiente do condutor;Com Vítimas Feridas;2;Céu Claro;Pleno dia;quarta-feira;Atropelamento de Pedestre;Simples;0;0;-26.44057489;-49.217056;Segura;Sul;2 Trimestre
669479;2025.0;n;3.0;2025-03-17;RJ;116;180;BELFORD ROXO;Ausência de reação do condutor;Com Vítimas Feridas;3;Chuva;Pleno dia;segunda-feira;Colisão com objeto;Dupla;0;0;-22,765117;-43,415723;Segura;Sudeste;1 Trimestre
593958;2024.0;n;4.0;2024-04-14;PR;277;309,2;GUARAPUAVA;Reação tardia ou ineficiente do condutor;Com Vítimas Feridas;5;Chuva;Pleno dia;domingo;Colisão frontal;Simples;0;0;-25.31181659;-51.17135527;Segura;Sul;2 Trimestre
653896;2025.0;n;1.0;2025-01-08;PA;230;128;MARABA;Condutor deixou de manter distância do veículo da frente;Com Vítimas Feridas;4;Chuva;Pleno dia;quarta-feira;Colisão traseira;Simples;0;0;-5,3732012;-49,16779803;Segura;Norte;1 Trimestre
668710;2025.0;n;3.0;2025-03-21;MT;163;1023;PEIXOTO DE AZEVEDO;Ingestão de álcool pelo condutor;Sem Vítimas;6;Céu Claro;Pleno dia;sexta-feira;Colisão lateral sentido oposto;Simples;0;0;-10,29335;-55,029543;Segura;Centro-Oeste;1 Trimestre
578483;2024.0;n;2.0;2024-02-02;PR;163;335;TERRA ROXA;Condutor Dormindo;Com Vítimas Feridas;4;Nublado;Plena Noite;sexta-feira;Colisão lateral sentido oposto;Simples;0;0;-24.222785;-54.199508;Segura;Sul;1 Trimestre
582994;2024.0;n;2.0;2024-02-24;SP;116;561;BARRA DO TURVO;Reação tardia ou ineficiente do condutor;Com Vítimas Feridas;2;Céu Claro;Pleno dia;sábado;Tombamento;Dupla;0;0;-25.018987;-48.51311;Segura;Sudeste;1 Trimestre
580874;2024.0;n;2.0;2024-02-13;MG;116;426,2;ALPERCATA;Condutor Dormindo;Com Vítimas Feridas;1;Céu Claro;Plena Noite;terça-feira;Saída de leito carroçável;Simples;0;0;-18.97008195;-41.97635605;Segura;Sudeste;1 Trimestre
591538;2024.0;n;4.0;2024-04-03;ES;101;62;SAO MATEUS;Ultrapassagem Indevida;Sem Vítimas;3;Chuva;Pleno dia;quarta-feira;Colisão lateral sentido oposto;Simples;0;0;-18.69020499;-39.86154403;Segura;Sudeste;2 Trimestre
579021;2024.0;n;2.0;2024-02-04;RO;364;559;ALTO PARAISO;Transitar na contramão;Com Vítimas Feridas;5;Chuva;Pleno dia;domingo;Colisão frontal;Simples;0;1;-9.57083902;-63.07461536;Perigosa;Norte;1 Trimestre
665429;2025.0;n;3.0;2025-03-06;MS;163;358,2;NOVA ALVORADA DO SUL;Ausência de reação do condutor;Com Vítimas Feridas;1;Céu Claro;Plena Noite;quinta-feira;Saída de leito carroçável;Simples;0;1;-21,52305835;-54,40391659;Perigosa;Centro-Oeste;1 Trimestre
575682;2024.0;n;1.0;2024-01-19;BA;116;719,3;MANOEL VITORINO;Ausência de reação do condutor;Com Vítimas Fatais;3;Céu Claro;Pleno dia;sexta-feira;Colisão frontal;Simples;1;0;-14.1888825;-40.26532343;Perigosa;Nordeste;1 Trimestre
580329;2024.0;n;2.0;2024-02-10;MG;381;430;SABARA;Velocidade Incompatível;Com Vítimas Feridas;2;Céu Claro;Anoitecer;sábado;Saída de leito carroçável;Simples;0;0;-19.78831547;-43.73175712;Segura;Sudeste;1 Trimestre
669680;2025.0;n;3.0;2025-03-26;PR;116;42;CAMPINA GRANDE DO SUL;Velocidade Incompatível;Com Vítimas Feridas;3;Garoa/Chuvisco;Pleno dia;quarta-feira;Tombamento;Simples;0;0;-25,18454871;-48,88028556;Segura;Sul;1 Trimestre
582005;2024.0;n;2.0;2024-02-19;RJ;493;6;ITABORAI;Ultrapassagem Indevida;Com Vítimas Feridas;3;Céu Claro;Pleno dia;segunda-feira;Colisão lateral mesmo sentido;Simples;0;0;-22.73124198;-42.95145305;Segura;Sudeste;1 Trimestre
655272;2025.0;n;1.0;2025-01-09;AC;317;207;XAPURI;Ausência de sinalização;Com Vítimas Fatais;5;Céu Claro;Plena Noite;quinta-feira;Atropelamento de Pedestre;Simples;1;0;-10,70209372;-68,164876;Perigosa;Norte;1 Trimestre
667872;2025.0;n;3.0;2025-03-17;MG;381;451;SABARA;Mal súbito do condutor;Com Vítimas Feridas;3;Céu Claro;Pleno dia;segunda-feira;Colisão frontal;Simples;0;1;-19,83143022;-43,84497643;Perigosa;Sudeste;1 Trimestre
597698;2024.0;y;5.0;2024-05-01;MA;10;148,9;PORTO FRANCO;Acostamento em desnível;Com Vítimas Feridas;3;Céu Claro;Pleno dia;quarta-feira;Colisão transversal;Simples;0;1;-6.424912;-47.397282;Perigosa;Nordeste;2 Trimestre
596902;2024.0;n;4.0;2024-04-28;BA;116;415,2;FEIRA DE SANTANA;Reação tardia ou ineficiente do condutor;Com Vítimas Feridas;3;Céu Claro;Pleno dia;domingo;Colisão traseira;Dupla;0;0;-12.1679;-38.9649;Segura;Nordeste;2 Trimestre
667361;2025.0;n;3.0;2025-03-15;MT;70;516,8;VARZEA GRANDE;Condutor deixou de manter distância do veículo da frente;Com Vítimas Feridas;4;Céu Claro;Amanhecer;sábado;Colisão traseira;Simples;0;1;-15,703974;-56,14902;Perigosa;Centro-Oeste;1 Trimestre
664242;2025.0;n;2.0;2025-02-28;RO;364;381,2;OURO PRETO DO OESTE;Reação tardia ou ineficiente do condutor;Sem Vítimas;2;Céu Claro;Pleno dia;sexta-feira;Saída de leito carroçável;Simples;0;0;-10,727823;-62,230608;Segura;Norte;1 Trimestre
652827;2025.0;n;1.0;2025-01-02;RS;116;149,1;CAXIAS DO SUL;Reação tardia ou ineficiente do condutor;Com Vítimas Feridas;3;Céu Claro;Plena Noite;quinta-feira;Colisão traseira;Múltipla;0;0;-29,15996905;-51,15645292;Segura;Sul;1 Trimestre
577978;2024.0;n;1.0;2024-01-30;RS;290;94;PORTO ALEGRE;Demais falhas mecânicas ou elétricas;Sem Vítimas;3;Céu Claro;Pleno dia;terça-feira;Tombamento;Dupla;0;0;-29.973856;-51.197853;Segura;Sul;1 Trimestre
614981;2024.0;n;7.0;2024-07-17;PR;116;8;CAMPINA GRANDE DO SUL;Velocidade Incompatível;Com Vítimas Fatais;2;Nevoeiro/Neblina;Pleno dia;quarta-feira;Saída de leito carroçável;Dupla;1;0;-25.08123277;-48.62449108;Perigosa;Sul;3 Trimestre
597120;2024.0;n;4.0;2024-04-29;RJ;116;136;MAGE;Ultrapassagem Indevida;Com Vítimas Feridas;2;Céu Claro;Plena Noite;segunda-feira;Colisão traseira;Dupla;0;0;-22.64988985;-43.17250297;Segura;Sudeste;2 Trimestre
595188;2024.0;n;4.0;2024-04-20;MG;381;908,2;CAMBUI;Reação tardia ou ineficiente do condutor;Com Vítimas Feridas;2;Céu Claro;Pleno dia;sábado;Colisão com objeto;Múltipla;0;0;-22.71744092;-46.12652111;Segura;Sudeste;2 Trimestre
610851;2024.0;n;6.0;2024-06-29;MG;116;762,8;LEOPOLDINA;Desrespeitar a preferência no cruzamento;Com Vítimas Feridas;2;Céu Claro;Anoitecer;sábado;Colisão transversal;Simples;0;1;-21.52207278;-42.61775334;Perigosa;Sudeste;2 Trimestre
583391;2024.0;n;2.0;2024-02-26;RO;364;732;PORTO VELHO;Ultrapassagem Indevida;Com Vítimas Feridas;3;Chuva;Pleno dia;segunda-feira;Colisão frontal;Simples;0;1;-8.91228369;-63.96547549;Perigosa;Norte;1 Trimestre
630176;2024.0;n;9.0;2024-09-24;PE;101;48;ABREU E LIMA;Pedestre cruzava a pista fora da faixa;Com Vítimas Feridas;2;Nublado;Plena Noite;terça-feira;Atropelamento de Pedestre;Múltipla;0;1;-7.89174705;-34.9033493;Perigosa;Nordeste;3 Trimestre
671538;2025.0;n;4.0;2025-04-04;PA;316;94;SAO FRANCISCO DO PARA;Transitar na contramão;Com Vítimas Fatais;6;Chuva;Pleno dia;sexta-feira;Colisão frontal;Simples;1;4;-1,32728153;-47,65377044;Perigosa;Norte;2 Trimestre
603866;2024.0;n;5.0;2024-05-29;TO;153;377;FORTALEZA DO TABOCAO;Objeto estático sobre o leito carroçável;Sem Vítimas;5;Céu Claro;Plena Noite;quarta-feira;Colisão traseira;Simples;0;0;-9.21621199;-48.54307707;Segura;Norte;2 Trimestre
666879;2025.0;n;3.0;2025-03-13;MG;40;729,1;OLIVEIRA FORTES;Ausência de reação do condutor;Com Vítimas Feridas;3;Céu Claro;Amanhecer;quinta-feira;Colisão traseira;Dupla;0;1;-21,3461837;-43,5827674;Perigosa;Sudeste;1 Trimestre
576740;2024.0;n;1.0;2024-01-23;MG;116;507,7;UBAPORANGA;Ingestão de álcool pelo condutor;Com Vítimas Feridas;3;Nublado;Plena Noite;terça-feira;Colisão lateral sentido oposto;Simples;0;0;-19.61953715;-42.10872923;Segura;Sudeste;1 Trimestre
656590;2025.0;n;1.0;2025-01-22;PE;232;44;VITORIA DE SANTO ANTAO;Chuva;Com Vítimas Feridas;1;Garoa/Chuvisco;Pleno dia;quarta-feira;Tombamento;Dupla;0;0;-8,12337542;-35,27098583;Segura;Nordeste;1 Trimestre
584353;2024.0;n;3.0;2024-03-01;MS;267;591,7;CARACOL;Ausência de reação do condutor;Com Vítimas Fatais;2;Céu Claro;Plena Noite;sexta-feira;Tombamento;Simples;1;0;-21.726464;-57.040133;Perigosa;Centro-Oeste;1 Trimestre
582953;2024.0;n;2.0;2024-02-24;GO;60;170;GOIANIA;Reação tardia ou ineficiente do condutor;Com Vítimas Feridas;1;Céu Claro;Pleno dia;sábado;Tombamento;Dupla;0;0;-16.7305;-49.3908;Segura;Centro-Oeste;1 Trimestre
573575;2024.0;n;1.0;2024-01-09;RJ;493;52;DUQUE DE CAXIAS;Condutor deixou de manter distância do veículo da frente;Com Vítimas Feridas;3;Céu Claro;Pleno dia;terça-feira;Colisão traseira;Dupla;0;0;-22.66882828;-43.31325531;Segura;Sudeste;1 Trimestre
657168;2025.0;n;1.0;2025-01-24;PA;230;767;MEDICILANDIA;Transitar na contramão;Com Vítimas Fatais;2;Céu Claro;Plena Noite;sexta-feira;Colisão frontal;Simples;1;0;-3,4961764;-53,09979789;Perigosa;Norte;1 Trimestre
612134;2024.0;n;7.0;2024-07-05;BA;324;516;FEIRA DE SANTANA;Conversão proibida;Com Vítimas Feridas;2;Nublado;Pleno dia;sexta-feira;Colisão transversal;Dupla;0;1;-12.2417119;-38.93768485;Perigosa;Nordeste;3 Trimestre
610055;2024.0;n;6.0;2024-06-25;RJ;116;14;SAPUCAIA;Velocidade Incompatível;Com Vítimas Feridas;1;Céu Claro;Plena Noite;terça-feira;Tombamento;Simples;0;1;-21.96021372;-42.7364942;Perigosa;Sudeste;2 Trimestre
618681;2024.0;n;8.0;2024-08-03;SP;116;225;GUARULHOS;Reação tardia ou ineficiente do condutor;Sem Vítimas;3;Céu Claro;Amanhecer;sábado;Colisão lateral mesmo sentido;Múltipla;0;0;-23.48586772;-46.54075317;Segura;Sudeste;3 Trimestre
605684;2024.0;n;6.0;2024-06-07;SC;101;214,5;PALHOCA;Reação tardia ou ineficiente do condutor;Com Vítimas Feridas;2;Céu Claro;Pleno dia;sexta-feira;Colisão traseira;Múltipla;0;1;-27.64443;-48.67057;Perigosa;Sul;2 Trimestre
656622;2025.0;n;1.0;2025-01-22;MG;40;38,8;PARACATU;Condutor deixou de manter distância do veículo da frente;Com Vítimas Feridas;3;Céu Claro;Pleno dia;quarta-feira;Colisão traseira;Simples;0;0;-17,21050388;-46,89942099;Segura;Sudeste;1 Trimestre
666290;2025.0;n;3.0;2025-03-10;GO;153;659,5;GOIATUBA;Entrada inopinada do pedestre;Com Vítimas Fatais;3;Céu Claro;Plena Noite;segunda-feira;Atropelamento de Pedestre;Dupla;1;0;-18,04106322;-49,26695466;Perigosa;Centro-Oeste;1 Trimestre
609976;2024.0;n;6.0;2024-06-25;GO;40;22;LUZIANIA;Acessar a via sem observar a presença dos outros veículos;Com Vítimas Feridas;2;Céu Claro;Pleno dia;terça-feira;Colisão transversal;Dupla;0;0;-16.227484;-47.914109;Segura;Centro-Oeste;2 Trimestre
611768;2024.0;n;7.0;2024-07-03;PA;153;75;SAO DOMINGOS DO ARAGUAIA;Ausência de reação do condutor;Com Vítimas Fatais;8;Céu Claro;Pleno dia;quarta-feira;Colisão traseira;Simples;1;1;-5.772652;-48.668179;Perigosa;Norte;3 Trimestre
582567;2024.0;n;2.0;2024-02-22;ES;101;205;JOAO NEIVA;Acumulo de água sobre o pavimento;Com Vítimas Feridas;3;Chuva;Pleno dia;quinta-feira;Colisão lateral sentido oposto;Simples;0;0;-19.75823196;-40.3795009;Segura;Sudeste;1 Trimestre
685406;2025.0;n;4.0;2025-04-17;RS;290;180,8;MINAS DO LEAO;Reação tardia ou ineficiente do condutor;Com Vítimas Feridas;4;Sol;Pleno dia;quinta-feira;Colisão traseira;Simples;0;1;-30,13971719;-52,02148307;Perigosa;Sul;2 Trimestre
587415;2024.0;n;3.0;2024-03-15;PR;376;451;TIBAGI;Velocidade Incompatível;Com Vítimas Feridas;2;Céu Claro;Pleno dia;sexta-feira;Tombamento;Dupla;0;0;-24.87712547;-50.44211894;Segura;Sul;1 Trimestre
654307;2025.0;n;1.0;2025-01-10;SE;101;20;MALHADA DOS BOIS;Manobra de mudança de faixa;Sem Vítimas;3;Céu Claro;Plena Noite;sexta-feira;Colisão traseira;Dupla;0;0;-10,36128499;-36,90821202;Segura;Nordeste;1 Trimestre
626055;2024.0;n;9.0;2024-09-06;MT;364;434;VARZEA GRANDE;Acessar a via sem observar a presença dos outros veículos;Com Vítimas Feridas;2;Nublado;Plena Noite;sexta-feira;Colisão transversal;Dupla;0;0;-15.64915561;-56.19584084;Segura;Centro-Oeste;3 Trimestre
617942;2024.0;n;7.0;2024-07-30;SC;282;328;CAMPOS NOVOS;Condutor deixou de manter distância do veículo da frente;Com Vítimas Feridas;3;Céu Claro;Plena Noite;terça-feira;Colisão traseira;Simples;0;0;-27.37558;-51.088852;Segura;Sul;3 Trimestre
620014;2024.0;n;8.0;2024-08-09;PR;376;615,8;SAO JOSE DOS PINHAIS;Pista Escorregadia;Com Vítimas Feridas;3;Chuva;Amanhecer;sexta-feira;Colisão traseira;Dupla;0;0;-25.569237;-49.183735;Segura;Sul;3 Trimestre
619000;2024.0;n;8.0;2024-08-04;SE;101;37;CAPELA;Reação tardia ou ineficiente do condutor;Sem Vítimas;2;Céu Claro;Pleno dia;domingo;Saída de leito carroçável;Dupla;0;0;-10.50122699;-36.94528014;Segura;Nordeste;3 Trimestre
653184;2025.0;n;1.0;2025-01-04;ES;101;391,9;RIO NOVO DO SUL;Acessar a via sem observar a presença dos outros veículos;Com Vítimas Feridas;2;Céu Claro;Anoitecer;sábado;Colisão traseira;Simples;0;0;-20,8657929;-40,89634385;Segura;Sudeste;1 Trimestre
627873;2024.0;n;9.0;2024-09-13;MS;163;837;SONORA;Acesso irregular;Com Vítimas Feridas;5;Céu Claro;Plena Noite;sexta-feira;Colisão transversal;Simples;0;1;-17.59391683;-54.74543095;Perigosa;Centro-Oeste;3 Trimestre
656986;2025.0;n;1.0;2025-01-20;PE;232;62,8;GRAVATA;Demais falhas mecânicas ou elétricas;Sem Vítimas;2;Sol;Pleno dia;segunda-feira;Saída de leito carroçável;Dupla;0;0;-8,15598579;-35,42308007;Segura;Nordeste;1 Trimestre
655188;2025.0;n;1.0;2025-01-07;PR;376;326,5;ORTIGUEIRA;Velocidade Incompatível;Com Vítimas Feridas;6;Céu Claro;Pleno dia;terça-feira;Colisão lateral sentido oposto;Simples;0;2;-24,09427565;-51,04402976;Perigosa;Sul;1 Trimestre
662729;2025.0;n;2.0;2025-02-09;MT;163;606;NOVA MUTUM;Transitar na contramão;Com Vítimas Fatais;4;Céu Claro;Anoitecer;domingo;Colisão frontal;Simples;2;2;-13,745972;-56,052046;Perigosa;Centro-Oeste;1 Trimestre
627098;2024.0;n;9.0;2024-09-10;RJ;101;207;CASIMIRO DE ABREU;Velocidade Incompatível;Com Vítimas Feridas;3;Céu Claro;Pleno dia;terça-feira;Colisão traseira;Simples;0;0;-22.4776458;-42.21127001;Segura;Sudeste;3 Trimestre
686247;2025.0;n;4.0;2025-04-20;PR;153;349;REBOUCAS;Acessar a via sem observar a presença dos outros veículos;Com Vítimas Feridas;2;Sol;Pleno dia;domingo;Colisão transversal;Simples;0;0;-25,60702;-50,69737;Segura;Sul;2 Trimestre
599423;2024.0;n;5.0;2024-05-10;MT;364;210;RONDONOPOLIS;Velocidade Incompatível;Com Vítimas Feridas;2;Céu Claro;Pleno dia;sexta-feira;Tombamento;Dupla;0;0;-16.42744104;-54.69596028;Segura;Centro-Oeste;2 Trimestre
664199;2025.0;n;2.0;2025-02-28;PR;369;359;MAMBORE;Problema com o freio;Com Vítimas Feridas;1;Céu Claro;Pleno dia;sexta-feira;Incêndio;Simples;0;0;-24,24027323;-52,52170801;Segura;Sul;1 Trimestre
658809;2025.0;n;2.0;2025-02-02;SC;282;605,9;MARAVILHA;Ausência de reação do condutor;Com Vítimas Feridas;2;Sol;Pleno dia;domingo;Colisão frontal;Simples;0;1;-26,786951;-53,195248;Perigosa;Sul;1 Trimestre
618103;2024.0;n;6.0;2024-06-14;RJ;101;299;SAO GONCALO;Demais falhas mecânicas ou elétricas;Sem Vítimas;1;Nevoeiro/Neblina;Amanhecer;sexta-feira;Incêndio;Dupla;0;0;-22.77432673;-42.93823207;Segura;Sudeste;2 Trimestre
586899;2024.0;n;3.0;2024-03-13;RN;406;72;JANDAIRA;Animais na Pista;Com Vítimas Feridas;1;Céu Claro;Amanhecer;quarta-feira;Atropelamento de Animal;Simples;0;0;-5.39308454;-36.04747925;Segura;Nordeste;1 Trimestre
663316;2025.0;n;2.0;2025-02-24;BA;324;521;FEIRA DE SANTANA;Condutor deixou de manter distância do veículo da frente;Sem Vítimas;3;Céu Claro;Pleno dia;segunda-feira;Engavetamento;Dupla;0;0;-12,2828006;-38,9215758;Segura;Nordeste;1 Trimestre
661403;2025.0;n;2.0;2025-02-14;MG;459;97,9;POUSO ALEGRE;Ausência de reação do condutor;Com Vítimas Feridas;3;Nublado;Plena Noite;sexta-feira;Colisão traseira;Simples;0;0;-22,196163;-45,978573;Segura;Sudeste;1 Trimestre
627000;2024.0;n;9.0;2024-09-09;MS;163;263;DOURADOS;Desrespeitar a preferência no cruzamento;Com Vítimas Feridas;2;Céu Claro;Plena Noite;segunda-feira;Colisão transversal;Simples;0;1;-22.2316424;-54.7478208;Perigosa;Centro-Oeste;3 Trimestre
653545;2025.0;n;1.0;2025-01-06;PB;101;88;JOAO PESSOA;Condutor deixou de manter distância do veículo da frente;Com Vítimas Feridas;2;Céu Claro;Pleno dia;segunda-feira;Colisão traseira;Múltipla;0;0;-7,16470016;-34,89993643;Segura;Nordeste;1 Trimestre
616062;2024.0;n;7.0;2024-07-21;BA;116;815,9;VITORIA DA CONQUISTA;Avarias e/ou desgaste excessivo no pneu;Com Vítimas Feridas;3;Nublado;Plena Noite;domingo;Colisão lateral sentido oposto;Simples;0;1;-14.81446642;-40.80114126;Perigosa;Nordeste;3 Trimestre
576351;2024.0;n;1.0;2024-01-22;SP;116;545;BARRA DO TURVO;Velocidade Incompatível;Com Vítimas Feridas;2;Céu Claro;Pleno dia;segunda-feira;Tombamento;Simples;0;0;-24.95016699;-48.42400302;Segura;Sudeste;1 Trimestre
612778;2024.0;n;7.0;2024-07-07;MG;50;145;UBERABA;Fumaça;Com Vítimas Feridas;7;Céu Claro;Pleno dia;domingo;Engavetamento;Dupla;0;0;-19.51997196;-48.03997088;Segura;Sudeste;3 Trimestre
653555;2025.0;n;1.0;2025-01-06;RS;116;264;CANOAS;Ausência de reação do condutor;Com Vítimas Feridas;1;Céu Claro;Pleno dia;segunda-feira;Queda de ocupante de veículo;Dupla;0;0;-29,914435;-51,17754495;Segura;Sul;1 Trimestre
588323;2024.0;n;3.0;2024-03-04;RJ;116;247;PIRAI;Ausência de reação do condutor;Sem Vítimas;1;Nublado;Pleno dia;segunda-feira;Colisão com objeto;Dupla;0;0;-22.60655103;-43.93505207;Segura;Sudeste;1 Trimestre
670386;2025.0;n;3.0;2025-03-29;RJ;493;19;MAGE;Acessar a via sem observar a presença dos outros veículos;Com Vítimas Feridas;2;Céu Claro;Plena Noite;sábado;Colisão transversal;Simples;0;0;-22,6658004;-43,02886358;Segura;Sudeste;1 Trimestre
660794;2025.0;n;2.0;2025-02-11;SP;153;306;CAMPOS NOVOS PAULISTA;Ingestão de álcool pelo condutor;Com Vítimas Feridas;1;Céu Claro;Pleno dia;terça-feira;Saída de leito carroçável;Simples;0;0;-22,633725;-49,88953974;Segura;Sudeste;1 Trimestre
577852;2024.0;n;1.0;2024-01-29;RJ;101;485;ANGRA DOS REIS;Acessar a via sem observar a presença dos outros veículos;Com Vítimas Fatais;2;Céu Claro;Pleno dia;segunda-feira;Colisão lateral mesmo sentido;Dupla;1;0;-22.98573526;-44.29709764;Perigosa;Sudeste;1 Trimestre
581105;2024.0;n;2.0;2024-02-14;PR;163;33,3;SANTO ANTONIO DO SUDOESTE;Reação tardia ou ineficiente do condutor;Com Vítimas Feridas;2;Nublado;Pleno dia;quarta-feira;Queda de ocupante de veículo;Simples;0;0;-26.08292;-53.716543;Segura;Sul;1 Trimestre
666055;2025.0;n;3.0;2025-03-08;PR;153;107,8;IBAITI;Ingestão de álcool pelo condutor;Com Vítimas Feridas;3;Céu Claro;Plena Noite;sábado;Colisão transversal;Simples;0;1;-23,8396789;-50,1929224;Perigosa;Sul;1 Trimestre
604422;2024.0;n;5.0;2024-05-08;PR;476;162;ARAUCARIA;Transitar na contramão;Com Vítimas Feridas;5;Céu Claro;Anoitecer;quarta-feira;Colisão lateral sentido oposto;Simples;0;0;-25.627626;-49.454449;Segura;Sul;2 Trimestre
653484;2025.0;n;1.0;2025-01-06;GO;20;108,7;FLORES DE GOIAS;Demais falhas mecânicas ou elétricas;Sem Vítimas;1;Céu Claro;Pleno dia;segunda-feira;Incêndio;Simples;0;0;-14,908743;-46,931419;Segura;Centro-Oeste;1 Trimestre
593991;2024.0;n;4.0;2024-04-14;MG;365;158;PIRAPORA;Ingestão de álcool pelo condutor;Com Vítimas Feridas;2;Sol;Pleno dia;domingo;Saída de leito carroçável;Simples;0;0;-17.348135;-44.907223;Segura;Sudeste;2 Trimestre
588340;2024.0;n;3.0;2024-03-19;MG;381;302;ANTONIO DIAS;Mal súbito do condutor;Sem Vítimas;2;Céu Claro;Pleno dia;terça-feira;Saída de leito carroçável;Dupla;0;0;-19.64614211;-42.91069811;Segura;Sudeste;1 Trimestre
602294;2024.0;n;5.0;2024-05-22;TO;153;752;ALVORADA;Ausência de reação do condutor;Com Vítimas Feridas;2;Céu Claro;Plena Noite;quarta-feira;Colisão lateral mesmo sentido;Simples;0;0;-12.40052515;-49.12924947;Segura;Norte;2 Trimestre
654104;2025.0;n;1.0;2025-01-09;RJ;493;88;SEROPEDICA;Reação tardia ou ineficiente do condutor;Com Vítimas Feridas;5;Chuva;Pleno dia;quinta-feira;Colisão traseira;Dupla;0;0;-22,67012919;-43,64843488;Segura;Sudeste;1 Trimestre
602753;2024.0;n;5.0;2024-05-24;PR;373;237,4;GUAMIRANGA;Velocidade Incompatível;Com Vítimas Fatais;2;Nublado;Plena Noite;sexta-feira;Tombamento;Dupla;1;0;-25.1801849;-50.72816849;Perigosa;Sul;2 Trimestre
655537;2025.0;n;1.0;2025-01-17;PE;116;64,1;CABROBO;Transitar na contramão;Com Vítimas Fatais;5;Nublado;Plena Noite;sexta-feira;Colisão frontal;Simples;1;0;-8,395157;-39,161707;Perigosa;Nordeste;1 Trimestre
583838;2024.0;n;2.0;2024-02-28;SP;116;96;PINDAMONHANGABA;Condutor deixou de manter distância do veículo da frente;Com Vítimas Feridas;2;Céu Claro;Pleno dia;quarta-feira;Colisão traseira;Dupla;0;0;-22.96945055;-45.43869623;Segura;Sudeste;1 Trimestre
581971;2024.0;n;2.0;2024-02-19;GO;60;370;RIO VERDE;Ausência de reação do condutor;Com Vítimas Feridas;2;Nublado;Amanhecer;segunda-feira;Colisão traseira;Dupla;0;1;-17.689506;-50.837766;Perigosa;Centro-Oeste;1 Trimestre
662585;2025.0;n;2.0;2025-02-20;PR;376;662,5;GUARATUBA;Velocidade Incompatível;Com Vítimas Feridas;3;Chuva;Pleno dia;quinta-feira;Colisão lateral mesmo sentido;Dupla;0;0;-25,8546345;-48,98523394;Segura;Sul;1 Trimestre
573783;2024.0;n;1.0;2024-01-10;MT;163;640;NOVA MUTUM;Velocidade Incompatível;Com Vítimas Feridas;5;Céu Claro;Pleno dia;quarta-feira;Colisão lateral mesmo sentido;Simples;0;1;-13.557704;-56.02814897;Perigosa;Centro-Oeste;1 Trimestre
657797;2025.0;n;1.0;2025-01-27;MG;116;591;MANHUACU;Reação tardia ou ineficiente do condutor;Com Vítimas Feridas;2;Nublado;Pleno dia;segunda-feira;Tombamento;Simples;0;0;-20,26350393;-42,14180594;Segura;Sudeste;1 Trimestre
613665;2024.0;n;7.0;2024-07-11;MG;381;160,5;GOVERNADOR VALADARES;Velocidade Incompatível;Com Vítimas Feridas;3;Céu Claro;Pleno dia;quinta-feira;Saída de leito carroçável;Simples;0;0;-18.92253529;-42.02800895;Segura;Sudeste;3 Trimestre
614095;2024.0;n;7.0;2024-07-13;SC;282;573,3;NOVA ERECHIM;Ausência de reação do condutor;Com Vítimas Fatais;2;Nevoeiro/Neblina;Plena Noite;sábado;Colisão frontal;Simples;1;2;-26.872942;-52.956654;Perigosa;Sul;3 Trimestre
657117;2025.0;n;1.0;2025-01-24;SC;280;187,2;MAFRA;Ausência de reação do condutor;Com Vítimas Fatais;2;Chuva;Plena Noite;sexta-feira;Colisão com objeto;Simples;1;0;-26,16790438;-49,95451995;Perigosa;Sul;1 Trimestre
612064;2024.0;n;7.0;2024-07-04;MG;267;43,2;MARIPA DE MINAS;Carga excessiva e/ou mal acondicionada;Com Vítimas Feridas;1;Céu Claro;Pleno dia;quinta-feira;Tombamento;Simples;0;0;-21.6829444;-42.92900685;Segura;Sudeste;3 Trimestre
575821;2024.0;n;1.0;2024-01-19;MG;50;7;ARAGUARI;Demais falhas mecânicas ou elétricas;Sem Vítimas;2;Céu Claro;Plena Noite;sexta-feira;Incêndio;Dupla;0;0;-18.47978714;-48.04875045;Segura;Sudeste;1 Trimestre