id;ano;feriado;mes;data_inversa;uf;br;km;municipio;causa_acidente;classificacao_acidente;veiculos;condicao_metereologica;fase_dia;dia_semana;tipo_acidente;tipo_pista;mortos;feridos_graves;latitude;longitude;status;regiao;periodo
574194;2024.0;n;1.0;2024-01-12;RS;293;2;PELOTAS;Reação tardia ou ineficiente do condutor;Com Vítimas Feridas;2;Céu Claro;Pleno dia;sexta-feira;Colisão lateral mesmo sentido;Simples;0;1;-31.750426;-52.35999499;Perigosa;Sul;1 Trimestre
628175;2024.0;n;9.0;2024-09-15;PE;423;129,4;SALOA;Curva acentuada;Com Vítimas Feridas;3;Céu Claro;Plena Noite;domingo;Colisão com objeto;Simples;0;0;-8.96151209;-36.74044906;Segura;Nordeste;3 Trimestre
665631;2025.0;n;3.0;2025-03-06;MT;364;494;JANGADA;Ausência de reação do condutor;Com Vítimas Feridas;2;Céu Claro;Plena Noite;quinta-feira;Atropelamento de Pedestre;Simples;0;1;-15,23599296;-56,49272919;Perigosa;Centro-Oeste;1 Trimestre
660070;2025.0;n;2.0;2025-02-08;RJ;493;85;SEROPEDICA;Problema na suspensão;Com Vítimas Feridas;2;Céu Claro;Pleno dia;sábado;Colisão lateral mesmo sentido;Dupla;0;0;-22,66629385;-43,63529205;Segura;Sudeste;1 Trimestre
612770;2024.0;n;7.0;2024-07-07;RJ;393;258;BARRA DO PIRAI;Ausência de reação do condutor;Com Vítimas Feridas;2;Céu Claro;Pleno dia;domingo;Saída de leito carroçável;Simples;0;0;-22.4514837;-43.82691483;Segura;Sudeste;3 Trimestre
579606;2024.0;n;2.0;2024-02-07;SC;282;525;XAXIM;Manobra de mudança de faixa;Sem Vítimas;5;Céu Claro;Pleno dia;quarta-feira;Saída de leito carroçável;Simples;0;0;-26.965441;-52.566383;Segura;Sul;1 Trimestre
673759;2025.0;n;4.0;2025-04-15;DF;20;35;BRASILIA;Condutor Dormindo;Com Vítimas Feridas;1;Céu Claro;Plena Noite;terça-feira;Saída de leito carroçável;Dupla;0;0;-15,58206779;-47,55537271;Segura;Centro-Oeste;2 Trimestre
658981;2025.0;n;2.0;2025-02-02;MT;364;347,9;SANTO ANTONIO DO LEVERGER;Demais falhas mecânicas ou elétricas;Sem Vítimas;1;Céu Claro;Plena Noite;domingo;Saída de leito carroçável;Dupla;0;0;-15,807347;-55,54692;Segura;Centro-Oeste;1 Trimestre
610193;2024.0;n;6.0;2024-06-26;GO;153;514,3;APARECIDA DE GOIANIA;Reação tardia ou ineficiente do condutor;Sem Vítimas;3;Céu Claro;Pleno dia;quarta-feira;Colisão com objeto;Múltipla;0;0;-16.8315;-49.2434;Segura;Centro-Oeste;2 Trimestre
587733;2024.0;n;3.0;2024-03-16;SC;280;25,5;ARAQUARI;Acessar a via sem observar a presença dos outros veículos;Com Vítimas Feridas;2;Nublado;Plena Noite;sábado;Colisão transversal;Simples;0;0;-26.38352781;-48.72677516;Segura;Sul;1 Trimestre
603685;2024.0;n;5.0;2024-05-29;ES;101;349,1;GUARAPARI;Acessar a via sem observar a presença dos outros veículos;Com Vítimas Feridas;4;Nublado;Pleno dia;quarta-feira;Colisão lateral mesmo sentido;Simples;0;0;-20.6527553;-40.64346758;Segura;Sudeste;2 Trimestre
582378;2024.0;n;2.0;2024-02-11;MS;262;229;RIBAS DO RIO PARDO;Demais falhas mecânicas ou elétricas;Sem Vítimas;2;Céu Claro;Plena Noite;domingo;Incêndio;Simples;0;0;-20.4723977;-53.66251193;Segura;Centro-Oeste;1 Trimestre
627195;2024.0;n;8.0;2024-08-29;BA;324;614,5;SALVADOR;Condutor deixou de manter distância do veículo da frente;Com Vítimas Feridas;4;Chuva;Pleno dia;quinta-feira;Engavetamento;Múltipla;0;0;-12.876264;-38.429848;Segura;Nordeste;3 Trimestre
666683;2025.0;n;3.0;2025-03-12;SP;153;302;CAMPOS NOVOS PAULISTA;Demais falhas mecânicas ou elétricas;Sem Vítimas;4;Céu Claro;Pleno dia;quarta-feira;Incêndio;Simples;0;0;-22,60902481;-49,88944465;Segura;Sudeste;1 Trimestre
609391;2024.0;n;6.0;2024-06-22;TO;153;241,7;COLINAS DO TOCANTINS;Ausência de reação do condutor;Com Vítimas Feridas;2;Céu Claro;Pleno dia;sábado;Tombamento;Simples;0;0;-8.00311201;-48.46495374;Segura;Norte;2 Trimestre
610185;2024.0;n;6.0;2024-06-26;RN;101;95;NATAL;Ausência de reação do condutor;Sem Vítimas;2;Céu Claro;Pleno dia;quarta-feira;Colisão traseira;Dupla;0;0;-5.84076841;-35.21035949;Segura;Nordeste;2 Trimestre
659977;2025.0;n;2.0;2025-02-08;PR;373;196,9;IPIRANGA;Demais falhas mecânicas ou elétricas;Com Vítimas Feridas;3;Nublado;Plena Noite;sábado;Colisão traseira;Dupla;0;1;-25,07461142;-50,39246772;Perigosa;Sul;1 Trimestre
587076;2024.0;n;3.0;2024-03-13;SE;101;74,5;MARUIM;Demais falhas mecânicas ou elétricas;Sem Vítimas;3;Chuva;Plena Noite;quarta-feira;Incêndio;Dupla;0;0;-10.76273662;-37.11145231;Segura;Nordeste;1 Trimestre
657267;2025.0;n;1.0;2025-01-25;MG;116;6;DIVISA ALEGRE;Demais falhas na via;Com Vítimas Feridas;1;Céu Claro;Pleno dia;sábado;Colisão com objeto;Simples;0;0;-15,74952994;-41,33072084;Segura;Sudeste;1 Trimestre
573523;2024.0;n;1.0;2024-01-09;MG;381;486;BETIM;Manobra de mudança de faixa;Com Vítimas Feridas;3;Nublado;Pleno dia;terça-feira;Colisão lateral mesmo sentido;Dupla;0;0;-19.95644414;-44.13611598;Segura;Sudeste;1 Trimestre
596190;2024.0;n;4.0;2024-04-25;SP;116;208;GUARULHOS;Ausência de reação do condutor;Com Vítimas Fatais;2;Céu Claro;Pleno dia;quinta-feira;Colisão traseira;Dupla;1;0;-23.42222263;-46.3932771;Perigosa;Sudeste;2 Trimestre
609904;2024.0;n;6.0;2024-06-25;RJ;40;111,8;DUQUE DE CAXIAS;Ausência de reação do condutor;Com Vítimas Fatais;3;Céu Claro;Plena Noite;terça-feira;Colisão traseira;Dupla;1;0;-22.691868;-43.287453;Perigosa;Sudeste;2 Trimestre
653139;2025.0;n;1.0;2025-01-04;SP;381;31;ATIBAIA;Avarias e/ou desgaste excessivo no pneu;Com Vítimas Feridas;1;Céu Claro;Pleno dia;sábado;Queda de ocupante de veículo;Dupla;0;0;-23,0559669;-46,57063716;Segura;Sudeste;1 Trimestre
589736;2024.0;n;3.0;2024-03-25;MG;267;51,3;MARIPA DE MINAS;Problema na suspensão;Com Vítimas Feridas;1;Céu Claro;Pleno dia;segunda-feira;Tombamento;Simples;0;0;-21.70228417;-42.98867684;Segura;Sudeste;1 Trimestre
673745;2025.0;n;4.0;2025-04-14;SC;116;181,4;SAO CRISTOVAO DO SUL;Transitar na contramão;Com Vítimas Fatais;3;Nublado;Plena Noite;segunda-feira;Colisão frontal;Simples;1;0;-27,276957;-50,436276;Perigosa;Sul;2 Trimestre
659248;2025.0;n;2.0;2025-02-04;MG;40;750,1;SANTOS DUMONT;Velocidade Incompatível;Com Vítimas Feridas;1;Céu Claro;Pleno dia;terça-feira;Tombamento;Simples;0;0;-21,49074111;-43,53555411;Segura;Sudeste;1 Trimestre
592161;2024.0;n;4.0;2024-04-06;MT;163;724;SORRISO;Problema com o freio;Sem Vítimas;3;Sol;Pleno dia;sábado;Incêndio;Simples;0;0;-12.72664942;-55.82981586;Segura;Centro-Oeste;2 Trimestre
590607;2024.0;y;3.0;2024-03-29;MT;70;95;GENERAL CARNEIRO;Ausência de reação do condutor;Com Vítimas Feridas;3;Nublado;Plena Noite;sexta-feira;Capotamento;Simples;0;1;-15.57483763;-52.90425902;Perigosa;Centro-Oeste;1 Trimestre
603595;2024.0;n;5.0;2024-05-28;SC;280;179;MAFRA;Carga excessiva e/ou mal acondicionada;Sem Vítimas;2;Sol;Pleno dia;terça-feira;Tombamento;Simples;0;0;-26.17768641;-49.87831496;Segura;Sul;2 Trimestre
578182;2024.0;n;1.0;2024-01-31;SC;101;142;BALNEARIO CAMBORIU;Condutor deixou de manter distância do veículo da frente;Com Vítimas Feridas;4;Céu Claro;Pleno dia;quarta-feira;Colisão traseira;Dupla;0;1;-27.056089;-48.599449;Perigosa;Sul;1 Trimestre
595981;2024.0;n;4.0;2024-04-24;MG;251;492;FRANCISCO SA;Estacionar ou parar em local proibido;Com Vítimas Feridas;5;Sol;Amanhecer;quarta-feira;Colisão traseira;Simples;0;1;-16.54433804;-43.59543496;Perigosa;Sudeste;2 Trimestre
666732;2025.0;n;3.0;2025-03-12;SC;101;275,8;IMBITUBA;Avarias e/ou desgaste excessivo no pneu;Com Vítimas Feridas;2;Chuva;Pleno dia;quarta-feira;Colisão com objeto;Múltipla;0;0;-28,155487;-48,69277;Segura;Sul;1 Trimestre
661014;2025.0;n;2.0;2025-02-12;MT;174;496;COMODORO;Demais falhas mecânicas ou elétricas;Com Vítimas Feridas;7;Nublado;Anoitecer;quarta-feira;Colisão traseira;Simples;0;0;-13,568004;-59,80716659;Segura;Centro-Oeste;1 Trimestre
653403;2025.0;n;1.0;2025-01-05;RJ;465;6;SEROPEDICA;Acessar a via sem observar a presença dos outros veículos;Com Vítimas Feridas;2;Céu Claro;Plena Noite;domingo;Colisão transversal;Simples;0;0;-22,754314;-43,692879;Segura;Sudeste;1 Trimestre
624116;2024.0;n;6.0;2024-06-28;RJ;40;122;DUQUE DE CAXIAS;Reação tardia ou ineficiente do condutor;Com Vítimas Feridas;3;Céu Claro;Pleno dia;sexta-feira;Saída de leito carroçável;Múltipla;0;1;-22.79083113;-43.28611569;Perigosa;Sudeste;2 Trimestre
580105;2024.0;n;2.0;2024-02-09;GO;40;11,9;LUZIANIA;Transitar no Acostamento;Com Vítimas Fatais;3;Chuva;Plena Noite;sexta-feira;Atropelamento de Pedestre;Dupla;1;0;-16.145123;-47.945382;Perigosa;Centro-Oeste;1 Trimestre
588786;2024.0;n;3.0;2024-03-21;AL;101;172;TEOTONIO VILELA;Reação tardia ou ineficiente do condutor;Com Vítimas Feridas;3;Céu Claro;Pleno dia;quinta-feira;Colisão traseira;Dupla;0;0;-9.90891928;-36.34223292;Segura;Nordeste;1 Trimestre
652839;2025.0;n;1.0;2025-01-02;RO;364;425;JARU;Desrespeitar a preferência no cruzamento;Com Vítimas Feridas;2;Céu Claro;Anoitecer;quinta-feira;Colisão transversal;Simples;0;0;-10,43752488;-62,47169791;Segura;Norte;1 Trimestre
656962;2025.0;n;1.0;2025-01-23;GO;452;19,8;RIO VERDE;Ausência de reação do condutor;Sem Vítimas;4;Céu Claro;Plena Noite;quinta-feira;Saída de leito carroçável;Simples;0;0;-17,8687406;-50,73337771;Segura;Centro-Oeste;1 Trimestre
605326;2024.0;n;4.0;2024-04-28;PA;316;180;SANTA LUZIA DO PARA;Ultrapassagem Indevida;Com Vítimas Fatais;4;Garoa/Chuvisco;Plena Noite;domingo;Colisão frontal;Simples;1;1;-1.40583911;-47.00639613;Perigosa;Norte;2 Trimestre
652824;2025.0;n;1.0;2025-01-02;PR;376;432;TIBAGI;Velocidade Incompatível;Com Vítimas Feridas;1;Chuva;Pleno dia;quinta-feira;Saída de leito carroçável;Dupla;0;0;-24,82838892;-50,47874774;Segura;Sul;1 Trimestre
577011;2024.0;n;1.0;2024-01-25;SP;116;222;GUARULHOS;Ausência de reação do condutor;Com Vítimas Feridas;3;Nublado;Pleno dia;quinta-feira;Colisão lateral mesmo sentido;Múltipla;0;0;-23.474442;-46.522883;Segura;Sudeste;1 Trimestre
662070;2025.0;n;2.0;2025-02-17;MG;381;447;SANTA LUZIA;Velocidade Incompatível;Com Vítimas Feridas;4;Céu Claro;Plena Noite;segunda-feira;Colisão lateral sentido oposto;Simples;0;0;-19,82312;-43,814164;Segura;Sudeste;1 Trimestre
597700;2024.0;y;5.0;2024-05-01;RO;364;541;ALTO PARAISO;Ausência de reação do condutor;Com Vítimas Feridas;5;Céu Claro;Anoitecer;quarta-feira;Colisão lateral mesmo sentido;Simples;0;0;-9.716742;-63.11815;Segura;Norte;2 Trimestre
660880;2025.0;n;2.0;2025-02-12;MT;364;260,4;JUSCIMEIRA;Reação tardia ou ineficiente do condutor;Com Vítimas Feridas;2;Céu Claro;Pleno dia;quarta-feira;Colisão traseira;Dupla;0;0;-16,04010381;-54,89074656;Segura;Centro-Oeste;1 Trimestre
662918;2025.0;n;2.0;2025-02-22;MG;251;473,9;FRANCISCO SA;Velocidade Incompatível;Com Vítimas Feridas;1;Céu Claro;Pleno dia;sábado;Tombamento;Simples;0;0;-16,4735435;-43,4793755;Segura;Sudeste;1 Trimestre
604808;2024.0;n;6.0;2024-06-02;RS;290;326;CACAPAVA DO SUL;Reação tardia ou ineficiente do condutor;Sem Vítimas;3;Céu Claro;Plena Noite;domingo;Colisão traseira;Simples;0;0;-30.361158;-53.444572;Segura;Sul;2 Trimestre
584470;2024.0;n;3.0;2024-03-02;PR;376;672;GUARATUBA;Demais falhas mecânicas ou elétricas;Sem Vítimas;2;Céu Claro;Pleno dia;sábado;Incêndio;Dupla;0;0;-25.89358488;-48.93146782;Segura;Sul;1 Trimestre
596582;2024.0;n;4.0;2024-04-26;SP;116;347;MIRACATU;Problema com o freio;Com Vítimas Feridas;3;Nublado;Plena Noite;sexta-feira;Colisão traseira;Múltipla;0;0;-24.05155872;-47.2025013;Segura;Sudeste;2 Trimestre
672127;2025.0;n;4.0;2025-04-07;SC;101;201,7;SAO JOSE;Manobra de mudança de faixa;Com Vítimas Feridas;2;Chuva;Pleno dia;segunda-feira;Tombamento;Múltipla;0;1;-27,55361296;-48,61947276;Perigosa;Sul;2 Trimestre
577942;2024.0;n;1.0;2024-01-30;MG;381;938;EXTREMA;Demais falhas mecânicas ou elétricas;Com Vítimas Feridas;5;Céu Claro;Amanhecer;terça-feira;Eventos atípicos;Dupla;0;0;-22.81742326;-46.29383902;Segura;Sudeste;1 Trimestre
667306;2025.0;n;3.0;2025-03-14;RN;101;167;BAIA FORMOSA;Animais na Pista;Com Vítimas Feridas;3;Nublado;Plena Noite;sexta-feira;Saída de leito carroçável;Dupla;0;0;-6,44259705;-35,11164925;Segura;Nordeste;1 Trimestre
654449;2025.0;n;1.0;2025-01-11;RS;290;322;CACAPAVA DO SUL;Transitar na contramão;Com Vítimas Feridas;6;Céu Claro;Pleno dia;sábado;Colisão frontal;Simples;0;2;-30,37702194;-53,41166496;Perigosa;Sul;1 Trimestre
653975;2025.0;n;1.0;2025-01-09;DF;20;13;BRASILIA;Chuva;Sem Vítimas;2;Chuva;Pleno dia;quinta-feira;Saída de leito carroçável;Dupla;0;0;-15,63700583;-47,74559498;Segura;Centro-Oeste;1 Trimestre
621634;2024.0;n;8.0;2024-08-16;MG;40;525;CONTAGEM;Condutor deixou de manter distância do veículo da frente;Com Vítimas Feridas;4;Céu Claro;Plena Noite;sexta-feira;Colisão lateral mesmo sentido;Dupla;0;0;-19.88361702;-44.05039336;Segura;Sudeste;3 Trimestre
621559;2024.0;n;8.0;2024-08-16;SP;116;305,1;SAO LOURENCO DA SERRA;Demais falhas mecânicas ou elétricas;Com Vítimas Feridas;2;Céu Claro;Pleno dia;sexta-feira;Incêndio;Múltipla;0;0;-23.84287313;-46.93238591;Segura;Sudeste;3 Trimestre
627049;2024.0;n;9.0;2024-09-10;RJ;393;252,5;BARRA DO PIRAI;Acessar a via sem observar a presença dos outros veículos;Sem Vítimas;2;Céu Claro;Plena Noite;terça-feira;Colisão transversal;Simples;0;0;-22.43422023;-43.77561487;Segura;Sudeste;3 Trimestre
658500;2025.0;n;1.0;2025-01-31;MG;262;558;CORREGO DANTA;Reação tardia ou ineficiente do condutor;Com Vítimas Feridas;3;Chuva;Plena Noite;sexta-feira;Colisão lateral sentido oposto;Simples;0;0;-19,72243801;-45,93499096;Segura;Sudeste;1 Trimestre
616753;2024.0;n;7.0;2024-07-25;PR;116;122;CURITIBA;Trafegar com motocicleta (ou similar) entre as faixas;Com Vítimas Feridas;2;Céu Claro;Pleno dia;quinta-feira;Colisão traseira;Dupla;0;0;-25.60676605;-49.31872666;Segura;Sul;3 Trimestre
687865;2025.0;n;3.0;2025-03-21;SC;101;108;PENHA;Demais falhas mecânicas ou elétricas;Sem Vítimas;1;Céu Claro;Plena Noite;sexta-feira;Incêndio;Dupla;0;0;-26,83248156;-48,69443715;Segura;Sul;1 Trimestre
653380;2025.0;n;1.0;2025-01-05;PR;376;355;ORTIGUEIRA;Condutor deixou de manter distância do veículo da frente;Sem Vítimas;2;Céu Claro;Pleno dia;domingo;Colisão traseira;Simples;0;0;-24,278906;-50,885281;Segura;Sul;1 Trimestre
656335;2025.0;n;1.0;2025-01-20;MT;70;159;GENERAL CARNEIRO;Ausência de reação do condutor;Com Vítimas Feridas;3;Céu Claro;Pleno dia;segunda-feira;Tombamento;Simples;0;0;-15,57575008;-53,42308044;Segura;Centro-Oeste;1 Trimestre
573571;2024.0;n;1.0;2024-01-09;MG;381;175,5;GOVERNADOR VALADARES;Acessar a via sem observar a presença dos outros veículos;Com Vítimas Feridas;4;Céu Claro;Pleno dia;terça-feira;Colisão transversal;Simples;0;0;-19.00400926;-42.12942879;Segura;Sudeste;1 Trimestre
611623;2024.0;n;7.0;2024-07-02;PA;163;503,6;ITAITUBA;Reação tardia ou ineficiente do condutor;Com Vítimas Feridas;3;Céu Claro;Pleno dia;terça-feira;Colisão lateral sentido oposto;Simples;0;1;-5.47679022;-55.84504008;Perigosa;Norte;3 Trimestre
574976;2024.0;n;1.0;2024-01-15;ES;262;63;MARECHAL FLORIANO;Velocidade Incompatível;Sem Vítimas;4;Céu Claro;Pleno dia;segunda-feira;Tombamento;Simples;0;0;-20.418443;-40.816225;Segura;Sudeste;1 Trimestre
594124;2024.0;n;4.0;2024-04-15;PR;277;584,4;CASCAVEL;Ausência de reação do condutor;Sem Vítimas;2;Garoa/Chuvisco;Pleno dia;segunda-feira;Saída de leito carroçável;Dupla;0;0;-24.9646423;-53.40572119;Segura;Sul;2 Trimestre
669870;2025.0;n;3.0;2025-03-16;PR;277;297,5;PRUDENTOPOLIS;Transitar na contramão;Com Vítimas Fatais;4;Nublado;Plena Noite;domingo;Colisão lateral sentido oposto;Simples;2;0;-25,313954;-51,076928;Perigosa;Sul;1 Trimestre
653302;2025.0;n;1.0;2025-01-05;BA;101;762;ITABELA;Avarias e/ou desgaste excessivo no pneu;Com Vítimas Feridas;2;Céu Claro;Pleno dia;domingo;Colisão frontal;Simples;0;1;-16,851176;-39,49120135;Perigosa;Nordeste;1 Trimestre
614911;2024.0;n;7.0;2024-07-16;SP;116;385;MIRACATU;Pedestre andava na pista;Com Vítimas Fatais;2;Nublado;Plena Noite;terça-feira;Atropelamento de Pedestre;Dupla;1;0;-24.25550304;-47.3758066;Perigosa;Sudeste;3 Trimestre
577807;2024.0;n;1.0;2024-01-29;PR;277;3;PARANAGUA;Conversão proibida;Com Vítimas Feridas;3;Céu Claro;Pleno dia;segunda-feira;Colisão lateral mesmo sentido;Simples;0;1;-25.544272;-48.559775;Perigosa;Sul;1 Trimestre
669138;2025.0;n;3.0;2025-03-23;PR;153;497;PORTO VITORIA;Acumulo de óleo sobre o pavimento;Com Vítimas Feridas;3;Céu Claro;Plena Noite;domingo;Colisão frontal;Simples;0;2;-26,313205;-51,2186435;Perigosa;Sul;1 Trimestre
652943;2025.0;n;1.0;2025-01-03;MG;267;185,5;OLARIA;Ultrapassagem Indevida;Com Vítimas Feridas;2;Céu Claro;Pleno dia;sexta-feira;Colisão frontal;Simples;0;0;-21,88971907;-43,94989589;Segura;Sudeste;1 Trimestre
653102;2025.0;n;1.0;2025-01-04;BA;324;404;NOVA FATIMA;Condutor deixou de manter distância do veículo da frente;Com Vítimas Feridas;2;Céu Claro;Pleno dia;sábado;Colisão traseira;Simples;0;0;-11,60427899;-39,6312174;Segura;Nordeste;1 Trimestre
653465;2025.0;n;1.0;2025-01-06;BA;415;31;ILHEUS;Manobra de mudança de faixa;Com Vítimas Feridas;2;Céu Claro;Pleno dia;segunda-feira;Colisão lateral mesmo sentido;Dupla;0;0;-14,8482;-39,281986;Segura;Nordeste;1 Trimestre
579893;2024.0;n;2.0;2024-02-08;RS;386;380,7;TABAI;Ausência de reação do condutor;Com Vítimas Feridas;3;Céu Claro;Plena Noite;quinta-feira;Colisão traseira;Dupla;0;1;-29.650621;-51.759407;Perigosa;Sul;1 Trimestre
655028;2025.0;n;1.0;2025-01-14;BA;116;683;JEQUIE;Manobra de mudança de faixa;Com Vítimas Feridas;5;Céu Claro;Pleno dia;terça-feira;Colisão lateral sentido oposto;Simples;0;0;-13,87769527;-40,13464153;Segura;Nordeste;1 Trimestre
608879;2024.0;n;6.0;2024-06-20;PR;153;88,8;JAPIRA;Demais falhas mecânicas ou elétricas;Sem Vítimas;2;Céu Claro;Plena Noite;quinta-feira;Incêndio;Simples;0;0;-23.67245519;-50.16169279;Segura;Sul;2 Trimestre
599768;2024.0;n;5.0;2024-05-11;RO;364;293,8;PRESIDENTE MEDICI;Ultrapassagem Indevida;Com Vítimas Feridas;5;Sol;Pleno dia;sábado;Colisão lateral mesmo sentido;Simples;0;1;-11.30051155;-61.89216614;Perigosa;Norte;2 Trimestre
589636;2024.0;n;3.0;2024-03-25;SP;381;50,1;ATIBAIA;Demais falhas mecânicas ou elétricas;Sem Vítimas;2;Céu Claro;Pleno dia;segunda-feira;Incêndio;Dupla;0;0;-23.21359807;-46.59367981;Segura;Sudeste;1 Trimestre
591515;2024.0;n;4.0;2024-04-03;SC;153;25;AGUA DOCE;Ingestão de álcool pelo condutor;Sem Vítimas;2;Nublado;Plena Noite;quarta-feira;Saída de leito carroçável;Simples;0;0;-26.763589;-51.668524;Segura;Sul;2 Trimestre
663254;2025.0;n;2.0;2025-02-23;MG;40;467,9;SETE LAGOAS;Condutor deixou de manter distância do veículo da frente;Com Vítimas Feridas;2;Céu Claro;Plena Noite;domingo;Colisão traseira;Dupla;0;0;-19,46628292;-44,29640579;Segura;Sudeste;1 Trimestre
583627;2024.0;n;2.0;2024-02-27;SC;101;222;PALHOCA;Acessar a via sem observar a presença dos outros veículos;Com Vítimas Feridas;2;Nublado;Pleno dia;terça-feira;Colisão com objeto;Dupla;0;0;-27.70865409;-48.65586407;Segura;Sul;1 Trimestre
653229;2025.0;n;1.0;2025-01-04;MS;163;80,4;ITAQUIRAI;Ausência de reação do condutor;Com Vítimas Feridas;1;Céu Claro;Plena Noite;sábado;Tombamento;Simples;0;2;-23,45800218;-54,1957354;Perigosa;Centro-Oeste;1 Trimestre
660525;2025.0;n;2.0;2025-02-10;PR;376;547;PALMEIRA;Reação tardia ou ineficiente do condutor;Com Vítimas Feridas;2;Nublado;Pleno dia;segunda-feira;Colisão traseira;Dupla;0;0;-25,40128626;-49,78795767;Segura;Sul;1 Trimestre
613120;2024.0;n;7.0;2024-07-02;RJ;116;245;PIRAI;Ausência de reação do condutor;Com Vítimas Feridas;2;Céu Claro;Pleno dia;terça-feira;Tombamento;Dupla;0;0;-22.62040692;-43.92593694;Segura;Sudeste;3 Trimestre
590560;2024.0;y;3.0;2024-03-29;RJ;116;197;QUEIMADOS;Reação tardia ou ineficiente do condutor;Com Vítimas Feridas;3;Céu Claro;Pleno dia;sexta-feira;Saída de leito carroçável;Simples;0;0;-22.72980637;-43.56512004;Segura;Sudeste;1 Trimestre
668208;2025.0;n;3.0;2025-03-19;MA;10;319;ACAILANDIA;Manobra de mudança de faixa;Com Vítimas Feridas;3;Céu Claro;Amanhecer;quarta-feira;Colisão frontal;Simples;0;6;-4,96702943;-47,51173485;Perigosa;Nordeste;1 Trimestre
656218;2025.0;n;1.0;2025-01-20;RS;290;418,5;SAO GABRIEL;Ausência de reação do condutor;Com Vítimas Feridas;3;Céu Claro;Pleno dia;segunda-feira;Colisão traseira;Simples;0;0;-30,354879;-54,328896;Segura;Sul;1 Trimestre
665637;2025.0;n;3.0;2025-03-07;PE;232;57;POMBOS;Reação tardia ou ineficiente do condutor;Com Vítimas Feridas;2;Nublado;Pleno dia;sexta-feira;Saída de leito carroçável;Dupla;0;1;-8,1407064;-35,3811903;Perigosa;Nordeste;1 Trimestre
656391;2025.0;n;1.0;2025-01-21;RS;116;504;PELOTAS;Reação tardia ou ineficiente do condutor;Sem Vítimas;2;Chuva;Plena Noite;terça-feira;Saída de leito carroçável;Dupla;0;0;-31,58165781;-52,27291518;Segura;Sul;1 Trimestre
669499;2025.0;n;3.0;2025-03-21;MS;267;233;NOVA ALVORADA DO SUL;Reação tardia ou ineficiente do condutor;Sem Vítimas;3;Céu Claro;Pleno dia;sexta-feira;Colisão com objeto;Simples;0;0;-21,516445;-54,238086;Segura;Centro-Oeste;1 Trimestre
575492;2024.0;n;1.0;2024-01-18;MG;381;592;CARMOPOLIS DE MINAS;Velocidade Incompatível;Sem Vítimas;4;Céu Claro;Pleno dia;quinta-feira;Colisão lateral mesmo sentido;Dupla;0;0;-20.57880683;-44.6872411;Segura;Sudeste;1 Trimestre
589963;2024.0;n;3.0;2024-03-27;BA;101;0,2;RIO REAL;Falta de acostamento;Com Vítimas Feridas;2;Nublado;Plena Noite;quarta-feira;Saída de leito carroçável;Dupla;0;0;-11.54423305;-37.86395083;Segura;Nordeste;1 Trimestre
577721;2024.0;n;1.0;2024-01-28;RS;386;215,6;TIO HUGO;Condutor Dormindo;Com Vítimas Fatais;3;Céu Claro;Pleno dia;domingo;Colisão frontal;Simples;1;2;-28.588412;-52.600226;Perigosa;Sul;1 Trimestre
591138;2024.0;n;4.0;2024-04-01;BA;116;531;ITATIM;Ultrapassagem Indevida;Com Vítimas Feridas;3;Nublado;Pleno dia;segunda-feira;Colisão frontal;Simples;0;0;-12.72404513;-39.77034297;Segura;Nordeste;2 Trimestre
628417;2024.0;n;9.0;2024-09-15;PR;369;19;CAMBARA;Condutor desrespeitou a iluminação vermelha do semáforo;Com Vítimas Feridas;5;Chuva;Plena Noite;domingo;Colisão transversal;Simples;0;0;-23.03690844;-50.07544756;Segura;Sul;3 Trimestre
620335;2024.0;n;8.0;2024-08-10;ES;262;102;VENDA NOVA DO IMIGRANTE;Transitar na contramão;Com Vítimas Feridas;3;Céu Claro;Pleno dia;sábado;Colisão frontal;Simples;0;0;-20.3415936;-41.1155158;Segura;Sudeste;3 Trimestre
606916;2024.0;n;6.0;2024-06-12;ES;101;297;VIANA;Acesso irregular;Com Vítimas Feridas;3;Céu Claro;Pleno dia;quarta-feira;Atropelamento de Pedestre;Simples;0;1;-20.34529844;-40.41026774;Perigosa;Sudeste;2 Trimestre
663380;2025.0;n;1.0;2025-01-31;RO;364;669;CANDEIAS DO JAMARI;Ingestão de substâncias psicoativas pelo condutor;Com Vítimas Feridas;9;Céu Claro;Plena Noite;sexta-feira;Colisão frontal;Simples;0;4;-8,7753;-63,4933;Perigosa;Norte;1 Trimestre
619956;2024.0;n;8.0;2024-08-08;RJ;116;242;PIRAI;Pedestre andava na pista;Com Vítimas Fatais;3;Céu Claro;Plena Noite;quinta-feira;Atropelamento de Pedestre;Dupla;1;0;-22.633;-43.907;Perigosa;Sudeste;3 Trimestre
673250;2025.0;n;4.0;2025-04-12;PR;376;128;ALTO PARANA;Velocidade Incompatível;Com Vítimas Feridas;3;Céu Claro;Plena Noite;sábado;Colisão traseira;Dupla;0;0;-23,160175;-52,260316;Segura;Sul;2 Trimestre
590767;2024.0;n;3.0;2024-03-30;MG;381;516,3;IGARAPE;Ausência de reação do condutor;Com Vítimas Feridas;2;Chuva;Anoitecer;sábado;Colisão traseira;Dupla;0;0;-20.10866993;-44.31488799;Segura;Sudeste;1 Trimestre
630324;2024.0;n;9.0;2024-09-24;RJ;465;17;SEROPEDICA;Ausência de reação do condutor;Com Vítimas Feridas;3;Céu Claro;Pleno dia;terça-feira;Colisão lateral sentido oposto;Simples;0;0;-22.823448;-43.619843;Segura;Sudeste;3 Trimestre