id;ano;feriado;mes;data_inversa;uf;br;km;municipio;causa_acidente;classificacao_acidente;veiculos;condicao_metereologica;fase_dia;dia_semana;tipo_acidente;tipo_pista;mortos;feridos_graves;latitude;longitude;status;regiao;periodo
582871;2024.0;n;2.0;2024-02-23;MT;364;364;SANTO ANTONIO DO LEVERGER;Manobra de mudança de faixa;Sem Vítimas;6;Garoa/Chuvisco;Pleno dia;sexta-feira;Colisão lateral mesmo sentido;Dupla;0;0;-15.76687492;-55.6552047;Segura;Centro-Oeste;1 Trimestre
657623;2025.0;n;1.0;2025-01-27;SP;116;545;BARRA DO TURVO;Reação tardia ou ineficiente do condutor;Com Vítimas Feridas;2;Nublado;Plena Noite;segunda-feira;Colisão com objeto;Simples;0;0;-24,97035013;-48,49691597;Segura;Sudeste;1 Trimestre
618503;2024.0;n;8.0;2024-08-02;BA;101;718;EUNAPOLIS;Acessar a via sem observar a presença dos outros veículos;Com Vítimas Feridas;2;Céu Claro;Pleno dia;sexta-feira;Colisão transversal;Simples;0;1;-16.37318;-39.58069324;Perigosa;Nordeste;3 Trimestre
607967;2024.0;n;6.0;2024-06-16;PR;116;131;FAZENDA RIO GRANDE;Manobra de mudança de faixa;Com Vítimas Feridas;3;Céu Claro;Plena Noite;domingo;Colisão lateral mesmo sentido;Dupla;0;0;-25.684885;-49.316472;Segura;Sul;2 Trimestre
609874;2024.0;n;6.0;2024-06-25;PR;373;236;GUAMIRANGA;Reação tardia ou ineficiente do condutor;Com Vítimas Feridas;4;Garoa/Chuvisco;Amanhecer;terça-feira;Colisão traseira;Simples;0;1;-25.18059403;-50.72520901;Perigosa;Sul;2 Trimestre
598935;2024.0;n;5.0;2024-05-07;SC;470;93;ASCURRA;Transitar na contramão;Com Vítimas Feridas;3;Céu Claro;Plena Noite;terça-feira;Colisão frontal;Simples;0;0;-26.994484;-49.375908;Segura;Sul;2 Trimestre
671327;2025.0;n;4.0;2025-04-03;RS;392;4,7;RIO GRANDE;Transitar no Acostamento;Com Vítimas Feridas;3;Céu Claro;Pleno dia;quinta-feira;Colisão transversal;Simples;0;0;-32,07169686;-52,09748799;Segura;Sul;2 Trimestre
574260;2024.0;n;1.0;2024-01-12;MG;50;86;UBERLANDIA;Ausência de reação do condutor;Com Vítimas Feridas;1;Nublado;Anoitecer;sexta-feira;Saída de leito carroçável;Dupla;0;0;-19.02282907;-48.20486654;Segura;Sudeste;1 Trimestre
663483;2025.0;n;2.0;2025-02-24;PR;277;382;CANDOI;Ausência de reação do condutor;Com Vítimas Feridas;2;Céu Claro;Pleno dia;segunda-feira;Tombamento;Simples;0;1;-25,45902251;-51,95818122;Perigosa;Sul;1 Trimestre
628990;2024.0;n;9.0;2024-09-18;MG;251;485;FRANCISCO SA;Mal súbito do condutor;Com Vítimas Feridas;3;Céu Claro;Plena Noite;quarta-feira;Colisão lateral mesmo sentido;Simples;0;0;-16.50714948;-43.54451367;Segura;Sudeste;3 Trimestre
613338;2024.0;n;7.0;2024-07-09;PE;232;143;SAO CAITANO;Reação tardia ou ineficiente do condutor;Com Vítimas Feridas;2;Nublado;Plena Noite;terça-feira;Colisão traseira;Dupla;0;1;-8.323634;-36.10404;Perigosa;Nordeste;3 Trimestre
589737;2024.0;n;3.0;2024-03-25;RS;293;157;HULHA NEGRA;Condutor Dormindo;Com Vítimas Feridas;2;Céu Claro;Plena Noite;segunda-feira;Saída de leito carroçável;Simples;0;0;-31.39528237;-53.78696899;Segura;Sul;1 Trimestre
596737;2024.0;n;4.0;2024-04-08;PE;101;203;XEXEU;Ausência de reação do condutor;Com Vítimas Feridas;1;Céu Claro;Amanhecer;segunda-feira;Tombamento;Dupla;0;0;-8.79726501;-35.62641334;Segura;Nordeste;2 Trimestre
612498;2024.0;n;7.0;2024-07-06;CE;226;203,5;PEDRA BRANCA;Carga excessiva e/ou mal acondicionada;Com Vítimas Feridas;2;Céu Claro;Pleno dia;sábado;Tombamento;Simples;0;1;-5.52435814;-39.60757006;Perigosa;Nordeste;3 Trimestre
620144;2024.0;n;8.0;2024-08-09;MG;381;489,4;BETIM;Condutor deixou de manter distância do veículo da frente;Com Vítimas Feridas;2;Céu Claro;Plena Noite;sexta-feira;Colisão lateral mesmo sentido;Dupla;0;0;-19.96245618;-44.16455495;Segura;Sudeste;3 Trimestre
598412;2024.0;n;5.0;2024-05-05;MG;381;665,5;PERDOES;Ausência de reação do condutor;Com Vítimas Feridas;2;Céu Claro;Pleno dia;domingo;Capotamento;Dupla;0;0;-21.05493912;-45.03103599;Segura;Sudeste;2 Trimestre
662095;2025.0;n;2.0;2025-02-18;PR;116;18,9;ANTONINA;Ausência de reação do condutor;Com Vítimas Feridas;2;Céu Claro;Plena Noite;terça-feira;Colisão traseira;Dupla;0;0;-25,10263528;-48,72115731;Segura;Sul;1 Trimestre
669390;2025.0;n;3.0;2025-03-24;RJ;116;202;SEROPEDICA;Ausência de reação do condutor;Com Vítimas Feridas;3;Nublado;Plena Noite;segunda-feira;Colisão traseira;Dupla;0;0;-22,72264067;-43,67428064;Segura;Sudeste;1 Trimestre
611450;2024.0;n;7.0;2024-07-02;GO;452;17;RIO VERDE;Ausência de reação do condutor;Com Vítimas Fatais;4;Céu Claro;Amanhecer;terça-feira;Saída de leito carroçável;Simples;1;0;-17.85575304;-50.75816802;Perigosa;Centro-Oeste;3 Trimestre
621236;2024.0;n;8.0;2024-08-07;RO;364;483;ARIQUEMES;Reação tardia ou ineficiente do condutor;Com Vítimas Feridas;6;Céu Claro;Plena Noite;quarta-feira;Colisão traseira;Simples;0;0;-10.124862;-62.89193;Segura;Norte;3 Trimestre
573909;2024.0;n;1.0;2024-01-11;PE;232;9,2;JABOATAO DOS GUARARAPES;Ausência de reação do condutor;Sem Vítimas;2;Nublado;Pleno dia;quinta-feira;Colisão traseira;Múltipla;0;0;-8.07764447;-34.97863609;Segura;Nordeste;1 Trimestre
668647;2025.0;n;3.0;2025-03-21;RS;285;128,4;VACARIA;Acessar a via sem observar a presença dos outros veículos;Com Vítimas Feridas;2;Céu Claro;Pleno dia;sexta-feira;Colisão transversal;Simples;0;0;-28,45792427;-50,98259026;Segura;Sul;1 Trimestre
622839;2024.0;n;8.0;2024-08-22;RS;116;233;ESTANCIA VELHA;Conversão proibida;Com Vítimas Feridas;3;Nublado;Pleno dia;quinta-feira;Colisão lateral sentido oposto;Simples;0;0;-29.64206007;-51.14268362;Segura;Sul;3 Trimestre
625956;2024.0;n;9.0;2024-09-05;PE;232;62,2;POMBOS;Reação tardia ou ineficiente do condutor;Com Vítimas Feridas;3;Céu Claro;Pleno dia;quinta-feira;Colisão lateral mesmo sentido;Simples;0;0;-8.16085647;-35.43580055;Segura;Nordeste;3 Trimestre
588517;2024.0;n;3.0;2024-03-20;RS;392;55,8;RIO GRANDE;Manobra de mudança de faixa;Sem Vítimas;4;Nublado;Pleno dia;quarta-feira;Colisão lateral mesmo sentido;Dupla;0;0;-31.82930395;-52.32858415;Segura;Sul;1 Trimestre
670632;2025.0;n;3.0;2025-03-30;MG;381;351;JOAO MONLEVADE;Ingestão de álcool pelo condutor;Com Vítimas Feridas;2;Céu Claro;Plena Noite;domingo;Saída de leito carroçável;Simples;0;0;-19,8440227;-43,1783391;Segura;Sudeste;1 Trimestre
618171;2024.0;n;8.0;2024-08-01;PE;232;413;SERRA TALHADA;Ausência de reação do condutor;Com Vítimas Feridas;2;Nublado;Plena Noite;quinta-feira;Colisão traseira;Simples;0;0;-7.98735636;-38.32744902;Segura;Nordeste;3 Trimestre
590006;2024.0;n;2.0;2024-02-07;PR;116;116;CURITIBA;Manobra de mudança de faixa;Com Vítimas Feridas;3;Céu Claro;Pleno dia;quarta-feira;Engavetamento;Múltipla;0;0;-25.5566319;-49.30597544;Segura;Sul;1 Trimestre
602977;2024.0;n;5.0;2024-05-25;SC;101;207,4;SAO JOSE;Ausência de reação do condutor;Com Vítimas Feridas;4;Céu Claro;Plena Noite;sábado;Colisão traseira;Múltipla;0;0;-27.60001226;-48.6226467;Segura;Sul;2 Trimestre
667206;2025.0;n;3.0;2025-03-14;SP;116;164;JACAREI;Entrada inopinada do pedestre;Com Vítimas Feridas;2;Céu Claro;Pleno dia;sexta-feira;Atropelamento de Pedestre;Dupla;0;0;-23,29204704;-46,0004425;Segura;Sudeste;1 Trimestre
652967;2025.0;n;1.0;2025-01-03;RO;364;422;JARU;Retorno proibido;Sem Vítimas;2;Céu Claro;Pleno dia;sexta-feira;Colisão transversal;Simples;0;0;-10,4597532;-62,4558043;Segura;Norte;1 Trimestre
653047;2025.0;n;1.0;2025-01-03;SC;101;142;BALNEARIO CAMBORIU;Avarias e/ou desgaste excessivo no pneu;Com Vítimas Feridas;1;Nublado;Plena Noite;sexta-feira;Tombamento;Dupla;0;0;-27,056089;-48,599449;Segura;Sul;1 Trimestre
658069;2025.0;n;1.0;2025-01-29;ES;262;157;IBATIBA;Reação tardia ou ineficiente do condutor;Com Vítimas Feridas;2;Céu Claro;Pleno dia;quarta-feira;Colisão frontal;Simples;0;1;-20,23102878;-41,48810903;Perigosa;Sudeste;1 Trimestre
669538;2025.0;n;3.0;2025-03-25;ES;101;285,3;CARIACICA;Acessar a via sem observar a presença dos outros veículos;Com Vítimas Feridas;3;Céu Claro;Anoitecer;terça-feira;Colisão lateral mesmo sentido;Dupla;0;1;-20,2520592;-40,3729313;Perigosa;Sudeste;1 Trimestre
595073;2024.0;n;4.0;2024-04-03;MG;381;609,8;OLIVEIRA;Demais falhas mecânicas ou elétricas;Com Vítimas Feridas;1;Céu Claro;Plena Noite;quarta-feira;Eventos atípicos;Dupla;0;1;-20.677914;-44.738605;Perigosa;Sudeste;2 Trimestre
588782;2024.0;n;3.0;2024-03-21;PE;232;362;FLORES;Avarias e/ou desgaste excessivo no pneu;Com Vítimas Feridas;1;Céu Claro;Pleno dia;quinta-feira;Capotamento;Simples;0;1;-8.04421701;-37.894719;Perigosa;Nordeste;1 Trimestre
583509;2024.0;n;2.0;2024-02-26;SP;116;61;GUARATINGUETA;Ausência de reação do condutor;Com Vítimas Feridas;2;Chuva;Anoitecer;segunda-feira;Colisão traseira;Dupla;0;0;-22.79763613;-45.1674588;Segura;Sudeste;1 Trimestre
624984;2024.0;n;9.0;2024-09-01;MG;50;184;UBERABA;Condutor Dormindo;Com Vítimas Feridas;4;Céu Claro;Plena Noite;domingo;Colisão traseira;Dupla;0;1;-19.80945315;-47.90078523;Perigosa;Sudeste;3 Trimestre
613678;2024.0;n;4.0;2024-04-18;PB;230;145,4;CAMPINA GRANDE;Estacionar ou parar em local proibido;Com Vítimas Feridas;6;Céu Claro;Plena Noite;quinta-feira;Colisão traseira;Dupla;0;0;-7.2512;-35.8399;Segura;Nordeste;2 Trimestre
662766;2025.0;n;2.0;2025-02-21;BA;20;21;CORRENTINA;Reação tardia ou ineficiente do condutor;Com Vítimas Feridas;1;Céu Claro;Pleno dia;sexta-feira;Saída de leito carroçável;Simples;0;0;-13,79576926;-46,16410828;Segura;Nordeste;1 Trimestre
657708;2025.0;n;1.0;2025-01-27;SC;116;212;CORREIA PINTO;Reação tardia ou ineficiente do condutor;Com Vítimas Feridas;2;Céu Claro;Pleno dia;segunda-feira;Tombamento;Simples;0;0;-27,51804376;-50,36466561;Segura;Sul;1 Trimestre
577872;2024.0;n;1.0;2024-01-29;PR;376;601;CURITIBA;Trafegar com motocicleta (ou similar) entre as faixas;Com Vítimas Feridas;2;Céu Claro;Pleno dia;segunda-feira;Tombamento;Dupla;0;1;-25.537054;-49.31404;Perigosa;Sul;1 Trimestre
599918;2024.0;n;5.0;2024-05-12;MT;163;1013;TERRA NOVA DO NORTE;Demais falhas mecânicas ou elétricas;Sem Vítimas;4;Céu Claro;Plena Noite;domingo;Tombamento;Simples;0;0;-10.51022501;-55.07439093;Segura;Centro-Oeste;2 Trimestre
623176;2024.0;n;8.0;2024-08-23;SC;101;308,5;LAGUNA;Ausência de reação do condutor;Com Vítimas Feridas;3;Chuva;Plena Noite;sexta-feira;Tombamento;Múltipla;0;1;-28.399616;-48.7854;Perigosa;Sul;3 Trimestre
626173;2024.0;n;9.0;2024-09-06;SP;116;172;JACAREI;Ausência de reação do condutor;Sem Vítimas;2;Nublado;Pleno dia;sexta-feira;Colisão lateral mesmo sentido;Dupla;0;0;-23.31527532;-46.07231796;Segura;Sudeste;3 Trimestre
607361;2024.0;y;3.0;2024-03-29;SC;101;138,6;BALNEARIO CAMBORIU;Ingestão de álcool pelo condutor;Com Vítimas Feridas;4;Nublado;Plena Noite;sexta-feira;Colisão lateral mesmo sentido;Múltipla;0;0;-27.02397426;-48.60761649;Segura;Sul;1 Trimestre
623833;2024.0;n;8.0;2024-08-26;MA;135;4;SAO LUIS;Ausência de reação do condutor;Com Vítimas Feridas;4;Céu Claro;Pleno dia;segunda-feira;Colisão traseira;Dupla;0;0;-2.61424881;-44.25257023;Segura;Nordeste;3 Trimestre
610691;2024.0;n;6.0;2024-06-28;PE;232;335,2;CUSTODIA;Transitar na contramão;Com Vítimas Feridas;2;Céu Claro;Plena Noite;sexta-feira;Colisão frontal;Simples;0;1;-8.082358;-37.666647;Perigosa;Nordeste;2 Trimestre
657313;2025.0;n;1.0;2025-01-25;SP;381;86;SAO PAULO;Reação tardia ou ineficiente do condutor;Com Vítimas Feridas;3;Chuva;Plena Noite;sábado;Colisão traseira;Dupla;0;0;-23,45930499;-46,57161179;Segura;Sudeste;1 Trimestre
602986;2024.0;n;5.0;2024-05-25;MG;50;31;ARAGUARI;Velocidade Incompatível;Com Vítimas Feridas;1;Céu Claro;Plena Noite;sábado;Tombamento;Dupla;0;0;-18.62396607;-48.11699737;Segura;Sudeste;2 Trimestre
654701;2025.0;n;1.0;2025-01-12;MS;267;566,1;CARACOL;Objeto estático sobre o leito carroçável;Com Vítimas Feridas;3;Céu Claro;Pleno dia;domingo;Colisão com objeto;Simples;0;0;-21,71244716;-56,85395384;Segura;Centro-Oeste;1 Trimestre
587873;2024.0;n;3.0;2024-03-17;SP;116;282;EMBU DAS ARTES;Reação tardia ou ineficiente do condutor;Com Vítimas Feridas;2;Céu Claro;Pleno dia;domingo;Colisão traseira;Simples;0;0;-23.68570216;-46.85970975;Segura;Sudeste;1 Trimestre
617571;2024.0;n;7.0;2024-07-28;MG;50;136;UBERABA;Condutor Dormindo;Com Vítimas Feridas;4;Céu Claro;Plena Noite;domingo;Saída de leito carroçável;Dupla;0;0;-19.44189098;-48.06412595;Segura;Sudeste;3 Trimestre
608878;2024.0;n;6.0;2024-06-20;MG;116;221,7;CATUJI;Velocidade Incompatível;Com Vítimas Feridas;1;Céu Claro;Pleno dia;quinta-feira;Tombamento;Simples;0;1;-17.41543302;-41.51420574;Perigosa;Sudeste;2 Trimestre
668623;2025.0;n;3.0;2025-03-21;MG;381;677,7;PERDOES;Ausência de reação do condutor;Com Vítimas Feridas;2;Céu Claro;Pleno dia;sexta-feira;Colisão traseira;Simples;0;0;-21,10787561;-45,08976988;Segura;Sudeste;1 Trimestre
617176;2024.0;n;7.0;2024-07-27;MT;163;535;DIAMANTINO;Condutor deixou de manter distância do veículo da frente;Sem Vítimas;5;Céu Claro;Pleno dia;sábado;Colisão traseira;Simples;0;0;-14.42375691;-56.11354441;Segura;Centro-Oeste;3 Trimestre
668561;2025.0;n;3.0;2025-03-21;PI;343;47;BURITI DOS LOPES;Ausência de reação do condutor;Com Vítimas Feridas;1;Céu Claro;Pleno dia;sexta-feira;Saída de leito carroçável;Simples;0;1;-3,17925259;-41,86271667;Perigosa;Nordeste;1 Trimestre
661682;2025.0;n;2.0;2025-02-16;BA;116;928;ENCRUZILHADA;Ultrapassagem Indevida;Com Vítimas Feridas;2;Nublado;Plena Noite;domingo;Saída de leito carroçável;Simples;0;0;-15,656705;-41,30996;Segura;Nordeste;1 Trimestre
606486;2024.0;n;6.0;2024-06-10;MG;40;532,5;BELO HORIZONTE;Trafegar com motocicleta (ou similar) entre as faixas;Com Vítimas Feridas;4;Céu Claro;Pleno dia;segunda-feira;Tombamento;Dupla;0;1;-19.92372561;-44.01700789;Perigosa;Sudeste;2 Trimestre
595814;2024.0;n;4.0;2024-04-23;SP;381;30;ATIBAIA;Condutor deixou de manter distância do veículo da frente;Com Vítimas Feridas;3;Céu Claro;Pleno dia;terça-feira;Engavetamento;Dupla;0;0;-23.04885102;-46.56482797;Segura;Sudeste;2 Trimestre
625826;2024.0;n;9.0;2024-09-05;SC;282;16,3;PALHOCA;Acessar a via sem observar a presença dos outros veículos;Com Vítimas Feridas;2;Chuva;Pleno dia;quinta-feira;Colisão transversal;Simples;0;0;-27.658611;-48.681847;Segura;Sul;3 Trimestre
667287;2025.0;n;3.0;2025-03-14;BA;349;867;SAO FELIX DO CORIBE;Reação tardia ou ineficiente do condutor;Sem Vítimas;3;Céu Claro;Plena Noite;sexta-feira;Tombamento;Simples;0;0;-13,40069879;-44,14622495;Segura;Nordeste;1 Trimestre
652702;2025.0;n;1.0;2025-01-02;PE;407;110;PETROLINA;Reação tardia ou ineficiente do condutor;Com Vítimas Feridas;2;Céu Claro;Pleno dia;quinta-feira;Colisão transversal;Simples;0;0;-9,25998286;-40,60533876;Segura;Nordeste;1 Trimestre
659652;2025.0;n;2.0;2025-02-06;MG;50;66,7;UBERLANDIA;Acessar a via sem observar a presença dos outros veículos;Com Vítimas Feridas;2;Céu Claro;Anoitecer;quinta-feira;Colisão lateral mesmo sentido;Dupla;0;0;-18,86139712;-48,25422764;Segura;Sudeste;1 Trimestre
669480;2025.0;n;3.0;2025-03-25;BA;242;291;LAJEDINHO;Ultrapassagem Indevida;Com Vítimas Feridas;4;Céu Claro;Pleno dia;terça-feira;Colisão traseira;Simples;0;0;-12,44410749;-40,82663298;Segura;Nordeste;1 Trimestre
628967;2024.0;n;9.0;2024-09-18;MG;381;479;CONTAGEM;Manobra de mudança de faixa;Com Vítimas Feridas;2;Céu Claro;Anoitecer;quarta-feira;Colisão transversal;Múltipla;0;0;-19.95889605;-44.069202;Segura;Sudeste;3 Trimestre
584774;2024.0;n;3.0;2024-03-03;GO;153;207;URUACU;Transitar na contramão;Sem Vítimas;3;Céu Claro;Plena Noite;domingo;Colisão frontal;Simples;0;0;-14.592965;-49.163066;Segura;Centro-Oeste;1 Trimestre
591608;2024.0;n;4.0;2024-04-03;MG;50;133;UBERABA;Reação tardia ou ineficiente do condutor;Com Vítimas Feridas;4;Céu Claro;Pleno dia;quarta-feira;Saída de leito carroçável;Dupla;0;0;-19.42009458;-48.07115078;Segura;Sudeste;2 Trimestre
624687;2024.0;n;8.0;2024-08-30;PR;376;535;PALMEIRA;Acessar a via sem observar a presença dos outros veículos;Sem Vítimas;7;Céu Claro;Plena Noite;sexta-feira;Colisão transversal;Dupla;0;0;-25.32363;-49.86681;Segura;Sul;3 Trimestre
590222;2024.0;n;3.0;2024-03-27;PR;376;326,7;ORTIGUEIRA;Velocidade Incompatível;Com Vítimas Feridas;4;Céu Claro;Pleno dia;quarta-feira;Tombamento;Simples;0;1;-24.09427565;-51.04402976;Perigosa;Sul;1 Trimestre
666492;2025.0;n;3.0;2025-03-11;SP;116;391,9;MIRACATU;Reação tardia ou ineficiente do condutor;Com Vítimas Fatais;3;Céu Claro;Amanhecer;terça-feira;Atropelamento de Pedestre;Dupla;1;0;-24,28143995;-47,43206913;Perigosa;Sudeste;1 Trimestre
603682;2024.0;n;5.0;2024-05-29;MG;251;382,1;GRAO MOGOL;Condutor Dormindo;Com Vítimas Feridas;4;Nevoeiro/Neblina;Amanhecer;quarta-feira;Saída de leito carroçável;Simples;0;0;-16.28985227;-42.79190313;Segura;Sudeste;2 Trimestre
673647;2025.0;n;4.0;2025-04-14;PB;101;84,3;BAYEUX;Reação tardia ou ineficiente do condutor;Com Vítimas Feridas;6;Sol;Pleno dia;segunda-feira;Colisão traseira;Dupla;0;0;-7,14138081;-34,92091175;Segura;Nordeste;2 Trimestre
587677;2024.0;n;3.0;2024-03-16;PE;101;51;PAULISTA;Acesso irregular;Sem Vítimas;4;Céu Claro;Pleno dia;sábado;Colisão lateral mesmo sentido;Dupla;0;0;-7.9169968;-34.89689272;Segura;Nordeste;1 Trimestre
586981;2024.0;n;3.0;2024-03-13;PR;277;430,3;VIRMOND;Desrespeitar a preferência no cruzamento;Com Vítimas Feridas;2;Sol;Pleno dia;quarta-feira;Colisão transversal;Simples;0;0;-25.3784;-52.202767;Segura;Sul;1 Trimestre
583296;2024.0;n;2.0;2024-02-25;MG;153;77;PRATA;Velocidade Incompatível;Com Vítimas Feridas;1;Chuva;Plena Noite;domingo;Saída de leito carroçável;Simples;0;0;-19.03944921;-49.01083952;Segura;Sudeste;1 Trimestre
658454;2025.0;n;1.0;2025-01-31;PR;153;240;TIBAGI;Velocidade Incompatível;Com Vítimas Feridas;2;Nublado;Pleno dia;sexta-feira;Tombamento;Simples;0;1;-24,78994494;-50,46670675;Perigosa;Sul;1 Trimestre
660065;2025.0;n;2.0;2025-02-08;ES;101;294;CARIACICA;Velocidade Incompatível;Com Vítimas Feridas;12;Sol;Pleno dia;sábado;Colisão traseira;Múltipla;0;0;-20,32415948;-40,3952903;Segura;Sudeste;1 Trimestre
689460;2025.0;n;3.0;2025-03-08;ES;101;100,3;JAGUARE;Acessar a via sem observar a presença dos outros veículos;Com Vítimas Feridas;2;Céu Claro;Plena Noite;sábado;Colisão transversal;Simples;0;1;-18,99038863;-40,00019073;Perigosa;Sudeste;1 Trimestre
617018;2024.0;n;7.0;2024-07-26;RS;472;136,3;TRES DE MAIO;Desrespeitar a preferência no cruzamento;Com Vítimas Feridas;2;Céu Claro;Pleno dia;sexta-feira;Colisão transversal;Simples;0;0;-27.76660989;-54.27491106;Segura;Sul;3 Trimestre
667955;2025.0;n;3.0;2025-03-17;MG;365;433;PATOS DE MINAS;Chuva;Com Vítimas Feridas;1;Chuva;Plena Noite;segunda-feira;Tombamento;Simples;0;1;-18,7653;-46,6759;Perigosa;Sudeste;1 Trimestre
603260;2024.0;n;5.0;2024-05-27;RJ;101;16,7;CAMPOS DOS GOYTACAZES;Velocidade Incompatível;Com Vítimas Feridas;2;Céu Claro;Amanhecer;segunda-feira;Tombamento;Simples;0;0;-21.35038601;-41.33532577;Segura;Sudeste;2 Trimestre
621549;2024.0;n;8.0;2024-08-16;RJ;393;122,9;SAPUCAIA;Demais falhas mecânicas ou elétricas;Com Vítimas Feridas;4;Céu Claro;Amanhecer;sexta-feira;Eventos atípicos;Simples;0;0;-21.94207027;-42.81774402;Segura;Sudeste;3 Trimestre
662366;2025.0;n;2.0;2025-02-19;PR;277;728,6;FOZ DO IGUACU;Acesso irregular;Sem Vítimas;3;Céu Claro;Pleno dia;quarta-feira;Colisão lateral mesmo sentido;Múltipla;0;0;-25,51138316;-54,54982281;Segura;Sul;1 Trimestre
594730;2024.0;n;4.0;2024-04-18;PR;376;667,1;GUARATUBA;Problema com o freio;Com Vítimas Fatais;2;Céu Claro;Pleno dia;quinta-feira;Saída de leito carroçável;Dupla;1;0;-25.86386;-48.93743;Perigosa;Sul;2 Trimestre
600042;2024.0;n;5.0;2024-05-12;RS;101;76;OSORIO;Pedestre cruzava a pista fora da faixa;Com Vítimas Fatais;3;Chuva;Pleno dia;domingo;Atropelamento de Pedestre;Dupla;1;0;-29.797214;-50.232099;Perigosa;Sul;2 Trimestre
673656;2025.0;n;2.0;2025-02-01;PA;163;380;NOVO PROGRESSO;Pista Escorregadia;Sem Vítimas;2;Chuva;Pleno dia;sábado;Colisão lateral sentido oposto;Simples;0;0;-6,47115969;-55,55424752;Segura;Norte;1 Trimestre
611635;2024.0;n;7.0;2024-07-03;RJ;116;233;PIRAI;Velocidade Incompatível;Com Vítimas Feridas;2;Céu Claro;Anoitecer;quarta-feira;Tombamento;Simples;0;1;-22.66355363;-43.84062168;Perigosa;Sudeste;3 Trimestre
661711;2025.0;n;2.0;2025-02-16;PR;277;107;CURITIBA;Condutor deixou de manter distância do veículo da frente;Com Vítimas Feridas;3;Nublado;Pleno dia;domingo;Colisão traseira;Dupla;0;1;-25,47157895;-49,35341791;Perigosa;Sul;1 Trimestre
594714;2024.0;n;4.0;2024-04-18;MS;60;594,8;JARDIM;Acessar a via sem observar a presença dos outros veículos;Com Vítimas Feridas;3;Céu Claro;Pleno dia;quinta-feira;Colisão transversal;Simples;0;0;-21.495362;-56.161846;Segura;Centro-Oeste;2 Trimestre
613687;2024.0;n;7.0;2024-07-11;ES;101;284,9;CARIACICA;Acessar a via sem observar a presença dos outros veículos;Com Vítimas Feridas;3;Céu Claro;Pleno dia;quinta-feira;Colisão lateral mesmo sentido;Dupla;0;0;-20.24334991;-40.3696926;Segura;Sudeste;3 Trimestre
627122;2024.0;n;9.0;2024-09-10;MT;70;268;PRIMAVERA DO LESTE;Falta de acostamento;Com Vítimas Feridas;2;Céu Claro;Pleno dia;terça-feira;Saída de leito carroçável;Simples;0;1;-15.53676818;-54.19777526;Perigosa;Centro-Oeste;3 Trimestre
662303;2025.0;n;2.0;2025-02-19;MT;364;365;SANTO ANTONIO DO LEVERGER;Condutor Dormindo;Com Vítimas Feridas;1;Céu Claro;Pleno dia;quarta-feira;Saída de leito carroçável;Dupla;0;0;-15,73039588;-55,66817093;Segura;Centro-Oeste;1 Trimestre
653062;2025.0;n;1.0;2025-01-03;RS;158;419,5;SAO GABRIEL;Ausência de reação do condutor;Com Vítimas Fatais;3;Céu Claro;Plena Noite;sexta-feira;Colisão traseira;Simples;1;1;-30,03993268;-54,5918013;Perigosa;Sul;1 Trimestre
616377;2024.0;n;7.0;2024-07-19;BA;242;352,4;LENCOIS;Reação tardia ou ineficiente do condutor;Com Vítimas Feridas;4;Céu Claro;Pleno dia;sexta-feira;Colisão lateral sentido oposto;Simples;0;1;-12.49857081;-41.33159186;Perigosa;Nordeste;3 Trimestre
622402;2024.0;n;8.0;2024-08-19;RS;287;355;JAGUARI;Acessar a via sem observar a presença dos outros veículos;Com Vítimas Feridas;4;Garoa/Chuvisco;Plena Noite;segunda-feira;Colisão transversal;Simples;0;0;-29.48075627;-54.68567083;Segura;Sul;3 Trimestre
657901;2025.0;n;1.0;2025-01-28;GO;60;133;GOIANIA;Ausência de reação do condutor;Com Vítimas Feridas;4;Sol;Pleno dia;terça-feira;Colisão traseira;Dupla;0;0;-16,5815;-49,1772;Segura;Centro-Oeste;1 Trimestre
613809;2024.0;n;7.0;2024-07-11;MG;381;295;ANTONIO DIAS;Ausência de reação do condutor;Sem Vítimas;2;Céu Claro;Plena Noite;quinta-feira;Colisão com objeto;Dupla;0;0;-19.6380615;-42.82722473;Segura;Sudeste;3 Trimestre
670658;2025.0;n;3.0;2025-03-31;PR;376;674;GUARATUBA;Reação tardia ou ineficiente do condutor;Sem Vítimas;2;Nublado;Plena Noite;segunda-feira;Colisão traseira;Dupla;0;0;-25,893192;-48,930514;Segura;Sul;1 Trimestre
594359;2024.0;n;4.0;2024-04-16;SE;101;67,8;MARUIM;Demais falhas mecânicas ou elétricas;Com Vítimas Feridas;3;Céu Claro;Pleno dia;terça-feira;Colisão com objeto;Simples;0;0;-10.71880732;-37.0657947;Segura;Nordeste;2 Trimestre
673234;2025.0;n;4.0;2025-04-12;GO;60;81;ANAPOLIS;Ingestão de álcool pelo condutor;Sem Vítimas;2;Céu Claro;Pleno dia;sábado;Colisão lateral mesmo sentido;Dupla;0;0;-16,31360941;-48,83527994;Segura;Centro-Oeste;2 Trimestre