id;ano;feriado;mes;data_inversa;uf;br;km;municipio;causa_acidente;classificacao_acidente;veiculos;condicao_metereologica;fase_dia;dia_semana;tipo_acidente;tipo_pista;mortos;feridos_graves;latitude;longitude;status;regiao;periodo
586841;2024.0;n;3.0;2024-03-12;RJ;101;437;MANGARATIBA;Avarias e/ou desgaste excessivo no pneu;Com Vítimas Feridas;2;Chuva;Plena Noite;terça-feira;Colisão frontal;Simples;0;0;-22.9488121;-44.062687;Segura;Sudeste;1 Trimestre
687892;2025.0;n;4.0;2025-04-28;BA;242;515;OLIVEIRA DOS BREJINHOS;Demais falhas mecânicas ou elétricas;Sem Vítimas;2;Céu Claro;Pleno dia;segunda-feira;Incêndio;Simples;0;0;-12,34505164;-42,51217738;Segura;Nordeste;2 Trimestre
584218;2024.0;n;3.0;2024-03-01;RJ;101;114;CAMPOS DOS GOYTACAZES;Mal súbito do condutor;Com Vítimas Feridas;3;Céu Claro;Pleno dia;sexta-feira;Colisão traseira;Dupla;0;0;-21.98517176;-41.66261143;Segura;Sudeste;1 Trimestre
621181;2024.0;n;8.0;2024-08-14;RJ;116;296;PORTO REAL;Acessar a via sem observar a presença dos outros veículos;Com Vítimas Feridas;2;Céu Claro;Pleno dia;quarta-feira;Colisão transversal;Simples;0;0;-22.44937197;-44.32171194;Segura;Sudeste;3 Trimestre
605263;2024.0;n;6.0;2024-06-05;GO;20;68;FORMOSA;Ausência de reação do condutor;Com Vítimas Feridas;2;Céu Claro;Plena Noite;quarta-feira;Saída de leito carroçável;Simples;0;0;-15.187145;-47.149361;Segura;Centro-Oeste;2 Trimestre
592007;2024.0;n;4.0;2024-04-05;RS;285;151,5;MUITOS CAPOES;Acostamento em desnível;Com Vítimas Feridas;2;Nublado;Pleno dia;sexta-feira;Tombamento;Simples;0;0;-28.34070421;-51.15313768;Segura;Sul;2 Trimestre
616894;2024.0;n;7.0;2024-07-25;PE;232;277;SERTANIA;Demais falhas mecânicas ou elétricas;Com Vítimas Feridas;1;Céu Claro;Plena Noite;quinta-feira;Tombamento;Simples;0;0;-8.36441811;-37.26769611;Segura;Nordeste;3 Trimestre
672141;2025.0;n;4.0;2025-04-07;MT;163;1066;GUARANTA DO NORTE;Ultrapassagem Indevida;Com Vítimas Feridas;4;Céu Claro;Pleno dia;segunda-feira;Colisão frontal;Simples;0;0;-9,936412;-54,903598;Segura;Centro-Oeste;2 Trimestre
659068;2025.0;n;1.0;2025-01-17;MG;381;485,5;BETIM;Manobra de mudança de faixa;Com Vítimas Feridas;2;Céu Claro;Pleno dia;sexta-feira;Colisão lateral mesmo sentido;Dupla;0;0;-19,95624622;-44,09946442;Segura;Sudeste;1 Trimestre
614802;2024.0;n;7.0;2024-07-16;SC;116;90,9;MONTE CASTELO;Reação tardia ou ineficiente do condutor;Com Vítimas Feridas;2;Garoa/Chuvisco;Plena Noite;terça-feira;Saída de leito carroçável;Simples;0;0;-26.63695731;-50.25471279;Segura;Sul;3 Trimestre
583988;2024.0;n;2.0;2024-02-24;BA;101;389;IBIRAPITANGA;Curva acentuada;Com Vítimas Feridas;1;Chuva;Pleno dia;sábado;Tombamento;Simples;0;1;-14.025008;-39.423384;Perigosa;Nordeste;1 Trimestre
585192;2024.0;n;3.0;2024-03-05;PI;316;330;GEMINIANO;Ingestão de álcool pelo condutor;Sem Vítimas;1;Sol;Pleno dia;terça-feira;Saída de leito carroçável;Simples;0;0;-7.10366323;-41.29901302;Segura;Nordeste;1 Trimestre
601512;2024.0;n;5.0;2024-05-19;MT;163;56;RONDONOPOLIS;Estacionar ou parar em local proibido;Com Vítimas Feridas;5;Nevoeiro/Neblina;Amanhecer;domingo;Colisão lateral mesmo sentido;Dupla;0;0;-17.02147497;-54.76233709;Segura;Centro-Oeste;2 Trimestre
667256;2025.0;n;3.0;2025-03-14;PE;407;122;PETROLINA;Ausência de reação do condutor;Com Vítimas Feridas;3;Céu Claro;Plena Noite;sexta-feira;Colisão traseira;Dupla;0;1;-9,3523295;-40,5515097;Perigosa;Nordeste;1 Trimestre
585398;2024.0;n;3.0;2024-03-06;BA;20;144;SAO DESIDERIO;Reação tardia ou ineficiente do condutor;Com Vítimas Feridas;2;Céu Claro;Pleno dia;quarta-feira;Saída de leito carroçável;Simples;0;1;-12.6861195;-45.92994118;Perigosa;Nordeste;1 Trimestre
585778;2024.0;n;3.0;2024-03-08;BA;324;523,5;FEIRA DE SANTANA;Condutor deixou de manter distância do veículo da frente;Com Vítimas Feridas;3;Nublado;Pleno dia;sexta-feira;Colisão traseira;Dupla;0;0;-12.29007099;-38.91206799;Segura;Nordeste;1 Trimestre
665537;2025.0;n;3.0;2025-03-06;RS;448;10;CANOAS;Transitar no Acostamento;Com Vítimas Feridas;3;Céu Claro;Pleno dia;quinta-feira;Colisão traseira;Simples;0;0;-29,88308526;-51,23834074;Segura;Sul;1 Trimestre
671119;2025.0;n;4.0;2025-04-02;TO;153;294,7;PRESIDENTE KENNEDY;Velocidade Incompatível;Com Vítimas Fatais;3;Céu Claro;Pleno dia;quarta-feira;Tombamento;Simples;1;1;-8,48328347;-48,4895467;Perigosa;Norte;2 Trimestre
587396;2024.0;n;3.0;2024-03-15;RS;116;526;PELOTAS;Velocidade Incompatível;Com Vítimas Feridas;3;Céu Claro;Pleno dia;sexta-feira;Colisão traseira;Simples;0;0;-31.74307729;-52.39966642;Segura;Sul;1 Trimestre
591140;2024.0;n;4.0;2024-04-01;SC;470;39;GASPAR;Condutor deixou de manter distância do veículo da frente;Com Vítimas Feridas;5;Céu Claro;Pleno dia;segunda-feira;Engavetamento;Dupla;0;0;-26.897341;-48.986881;Segura;Sul;2 Trimestre
671706;2025.0;n;4.0;2025-04-05;GO;20;13;FORMOSA;Reação tardia ou ineficiente do condutor;Com Vítimas Feridas;2;Chuva;Pleno dia;sábado;Colisão traseira;Múltipla;0;1;-15,56599376;-47,22569704;Perigosa;Centro-Oeste;2 Trimestre
672411;2025.0;n;3.0;2025-03-09;RJ;40;13;TRES RIOS;Velocidade Incompatível;Com Vítimas Feridas;5;Céu Claro;Pleno dia;domingo;Colisão traseira;Dupla;0;2;-22,0627333;-43,1975657;Perigosa;Sudeste;1 Trimestre
665244;2025.0;n;3.0;2025-03-05;PR;116;33;CAMPINA GRANDE DO SUL;Reação tardia ou ineficiente do condutor;Com Vítimas Feridas;2;Céu Claro;Plena Noite;quarta-feira;Colisão com objeto;Dupla;0;0;-25,1068163;-48,8493208;Segura;Sul;1 Trimestre
652658;2025.0;y;1.0;2025-01-01;SP;101;46;UBATUBA;Acesso irregular;Com Vítimas Feridas;2;Céu Claro;Pleno dia;quarta-feira;Colisão transversal;Simples;0;0;-23,42403383;-45,07492113;Segura;Sudeste;1 Trimestre
587601;2024.0;n;2.0;2024-02-09;PR;163;225,4;CASCAVEL;Acesso irregular;Com Vítimas Feridas;3;Céu Claro;Pleno dia;sexta-feira;Colisão traseira;Dupla;0;0;-24.897235;-53.533793;Segura;Sul;1 Trimestre
664215;2025.0;n;2.0;2025-02-28;BA;101;241;CONCEICAO DO ALMEIDA;Ultrapassagem Indevida;Com Vítimas Fatais;3;Chuva;Pleno dia;sexta-feira;Colisão frontal;Simples;1;1;-12,80911634;-39,19964433;Perigosa;Nordeste;1 Trimestre
623675;2024.0;n;8.0;2024-08-26;RS;290;166,2;BUTIA;Manobra de mudança de faixa;Com Vítimas Feridas;3;Céu Claro;Pleno dia;segunda-feira;Colisão lateral sentido oposto;Simples;0;0;-30.122547;-51.868572;Segura;Sul;3 Trimestre
653275;2025.0;n;1.0;2025-01-05;PR;277;180;PALMEIRA;Ultrapassagem Indevida;Com Vítimas Fatais;2;Nublado;Pleno dia;domingo;Colisão frontal;Simples;2;1;-25,429011;-50,032296;Perigosa;Sul;1 Trimestre
667654;2025.0;n;3.0;2025-03-16;SC;470;241,7;CURITIBANOS;Condutor Dormindo;Com Vítimas Feridas;3;Céu Claro;Pleno dia;domingo;Colisão frontal;Simples;0;1;-27,31458138;-50,50468147;Perigosa;Sul;1 Trimestre
614751;2024.0;n;7.0;2024-07-16;PR;277;1;PARANAGUA;Reação tardia ou ineficiente do condutor;Com Vítimas Feridas;4;Chuva;Plena Noite;terça-feira;Colisão transversal;Simples;0;1;-25.507511;-48.516953;Perigosa;Sul;3 Trimestre
608418;2024.0;n;6.0;2024-06-18;PR;369;152,7;LONDRINA;Trafegar com motocicleta (ou similar) entre as faixas;Com Vítimas Feridas;3;Céu Claro;Anoitecer;terça-feira;Colisão lateral mesmo sentido;Dupla;0;0;-23.29342373;-51.18718212;Segura;Sul;2 Trimestre
582834;2024.0;n;2.0;2024-02-23;SP;381;38;ATIBAIA;Chuva;Com Vítimas Fatais;2;Chuva;Anoitecer;sexta-feira;Colisão traseira;Dupla;1;0;-23.1133221;-46.57174974;Perigosa;Sudeste;1 Trimestre
608918;2024.0;n;6.0;2024-06-21;ES;101;287,5;CARIACICA;Acessar a via sem observar a presença dos outros veículos;Com Vítimas Feridas;3;Céu Claro;Pleno dia;sexta-feira;Colisão transversal;Dupla;0;1;-20.26493528;-40.38471702;Perigosa;Sudeste;2 Trimestre
625853;2024.0;n;9.0;2024-09-05;RS;285;295;PASSO FUNDO;Acessar a via sem observar a presença dos outros veículos;Com Vítimas Feridas;4;Céu Claro;Pleno dia;quinta-feira;Colisão lateral mesmo sentido;Simples;0;0;-28.231071;-52.394299;Segura;Sul;3 Trimestre
655397;2025.0;n;1.0;2025-01-16;SP;116;443;REGISTRO;Ausência de reação do condutor;Com Vítimas Feridas;3;Nublado;Pleno dia;quinta-feira;Colisão traseira;Dupla;0;0;-24,48336513;-47,8324358;Segura;Sudeste;1 Trimestre
686751;2025.0;n;4.0;2025-04-22;SC;280;57;GUARAMIRIM;Transitar na contramão;Com Vítimas Feridas;4;Céu Claro;Pleno dia;terça-feira;Colisão frontal;Simples;0;1;-26,476544;-48,9947136;Perigosa;Sul;2 Trimestre
655125;2025.0;n;1.0;2025-01-14;RS;290;119;ELDORADO DO SUL;Pedestre andava na pista;Com Vítimas Feridas;2;Céu Claro;Plena Noite;terça-feira;Atropelamento de Pedestre;Simples;0;0;-30,049431;-51,398045;Segura;Sul;1 Trimestre
654042;2025.0;n;1.0;2025-01-09;PE;101;77,3;RECIFE;Manobra de mudança de faixa;Com Vítimas Feridas;3;Céu Claro;Pleno dia;quinta-feira;Colisão lateral mesmo sentido;Dupla;0;0;-8,126982;-34,94386;Segura;Nordeste;1 Trimestre
594262;2024.0;n;4.0;2024-04-15;MG;381;904,9;CAMBUI;Condutor Dormindo;Com Vítimas Feridas;2;Céu Claro;Plena Noite;segunda-feira;Tombamento;Dupla;0;0;-22.68841562;-46.10648041;Segura;Sudeste;2 Trimestre
592756;2024.0;n;4.0;2024-04-08;MT;364;223;RONDONOPOLIS;Deficiência do Sistema de Iluminação/Sinalização;Sem Vítimas;2;Nublado;Plena Noite;segunda-feira;Incêndio;Dupla;0;0;-16.32388;-54.751218;Segura;Centro-Oeste;2 Trimestre
664700;2025.0;n;3.0;2025-03-02;RO;364;215;PIMENTA BUENO;Transitar na contramão;Com Vítimas Fatais;3;Nublado;Pleno dia;domingo;Colisão lateral sentido oposto;Simples;1;0;-11,553877;-61,292918;Perigosa;Norte;1 Trimestre
597207;2024.0;n;4.0;2024-04-29;ES;262;106,5;VENDA NOVA DO IMIGRANTE;Reação tardia ou ineficiente do condutor;Com Vítimas Feridas;3;Céu Claro;Pleno dia;segunda-feira;Colisão traseira;Simples;0;1;-20.32624656;-41.13598921;Perigosa;Sudeste;2 Trimestre
653498;2025.0;n;1.0;2025-01-06;SC;101;114,3;ITAJAI;Manobra de mudança de faixa;Com Vítimas Feridas;2;Céu Claro;Pleno dia;segunda-feira;Colisão traseira;Simples;0;0;-26,85311393;-48,72689927;Segura;Sul;1 Trimestre
577958;2024.0;n;1.0;2024-01-30;MS;267;482,1;JARDIM;Acessar a via sem observar a presença dos outros veículos;Com Vítimas Feridas;4;Sol;Pleno dia;terça-feira;Colisão transversal;Simples;0;1;-21.48097208;-56.15576902;Perigosa;Centro-Oeste;1 Trimestre
671847;2025.0;n;4.0;2025-04-05;PA;155;341;MARABA;Mal súbito do condutor;Com Vítimas Fatais;2;Garoa/Chuvisco;Plena Noite;sábado;Eventos atípicos;Simples;1;0;-5,387993;-49,079318;Perigosa;Norte;2 Trimestre
667547;2025.0;n;3.0;2025-03-15;PR;153;121,5;IBAITI;Velocidade Incompatível;Com Vítimas Fatais;1;Céu Claro;Plena Noite;sábado;Capotamento;Simples;1;0;-23,9359073;-50,2389312;Perigosa;Sul;1 Trimestre
655321;2025.0;n;1.0;2025-01-15;BA;116;788;PLANALTO;Acessar a via sem observar a presença dos outros veículos;Com Vítimas Feridas;3;Nublado;Pleno dia;quarta-feira;Colisão transversal;Simples;0;0;-14,67523642;-40,49817291;Segura;Nordeste;1 Trimestre
655079;2025.0;n;1.0;2025-01-14;CE;222;308;TIANGUA;Acumulo de água sobre o pavimento;Sem Vítimas;2;Chuva;Pleno dia;terça-feira;Saída de leito carroçável;Dupla;0;0;-3,68901102;-40,97669036;Segura;Nordeste;1 Trimestre
658616;2025.0;n;2.0;2025-02-01;MG;365;620;UBERLANDIA;Reação tardia ou ineficiente do condutor;Sem Vítimas;3;Nublado;Pleno dia;sábado;Colisão traseira;Múltipla;0;0;-18,90349687;-48,28130603;Segura;Sudeste;1 Trimestre
612258;2024.0;n;7.0;2024-07-05;MG;40;584,5;ITABIRITO;Acessar a via sem observar a presença dos outros veículos;Com Vítimas Feridas;3;Céu Claro;Anoitecer;sexta-feira;Colisão transversal;Simples;0;0;-20.32543595;-43.92760693;Segura;Sudeste;3 Trimestre
685996;2025.0;n;4.0;2025-04-19;SE;235;54,6;ITABAIANA;Conversão proibida;Com Vítimas Feridas;2;Céu Claro;Plena Noite;sábado;Colisão transversal;Simples;0;1;-10,67057633;-37,44498784;Perigosa;Nordeste;2 Trimestre
665886;2025.0;n;1.0;2025-01-24;PI;316;306;PICOS;Ausência de reação do condutor;Com Vítimas Feridas;1;Nublado;Plena Noite;sexta-feira;Saída de leito carroçável;Simples;0;1;-7,07700699;-41,50959795;Perigosa;Nordeste;1 Trimestre
583345;2024.0;n;2.0;2024-02-25;PR;376;220;CAMBIRA;Ausência de reação do condutor;Sem Vítimas;2;Céu Claro;Plena Noite;domingo;Colisão frontal;Simples;0;0;-23.60241541;-51.59826198;Segura;Sul;1 Trimestre
579655;2024.0;n;2.0;2024-02-07;SC;470;62,1;INDAIAL;Pedestre andava na pista;Com Vítimas Fatais;3;Nublado;Plena Noite;quarta-feira;Atropelamento de Pedestre;Simples;1;0;-26.87443993;-49.18635964;Perigosa;Sul;1 Trimestre
667331;2025.0;n;3.0;2025-03-15;SP;116;127;CACAPAVA;Ausência de reação do condutor;Com Vítimas Feridas;3;Nublado;Plena Noite;sábado;Colisão traseira;Dupla;0;0;-23,0917165;-45,67619836;Segura;Sudeste;1 Trimestre
670832;2025.0;n;3.0;2025-03-31;BA;116;933;ENCRUZILHADA;Ausência de reação do condutor;Sem Vítimas;4;Nublado;Plena Noite;segunda-feira;Colisão lateral sentido oposto;Simples;0;0;-15,6851608;-41,3254654;Segura;Nordeste;1 Trimestre
671346;2025.0;n;1.0;2025-01-29;SP;116;98;PINDAMONHANGABA;Ausência de reação do condutor;Com Vítimas Feridas;7;Garoa/Chuvisco;Pleno dia;quarta-feira;Engavetamento;Dupla;0;0;-22,97805164;-45,45583318;Segura;Sudeste;1 Trimestre
687200;2025.0;n;4.0;2025-04-25;PR;369;63,7;BANDEIRANTES;Ultrapassagem Indevida;Com Vítimas Feridas;5;Chuva;Pleno dia;sexta-feira;Colisão traseira;Simples;0;0;-23,13170661;-50,37050899;Segura;Sul;2 Trimestre
654325;2025.0;n;1.0;2025-01-11;TO;153;697;CARIRI DO TOCANTINS;Animais na Pista;Com Vítimas Feridas;2;Nublado;Plena Noite;sábado;Atropelamento de Animal;Simples;0;0;-11,9282522;-49,18389058;Segura;Norte;1 Trimestre
606650;2024.0;n;6.0;2024-06-10;PI;135;210;ELISEU MARTINS;Acessar a via sem observar a presença dos outros veículos;Com Vítimas Feridas;3;Céu Claro;Pleno dia;segunda-feira;Colisão transversal;Simples;0;0;-8.09759728;-43.66722553;Segura;Nordeste;2 Trimestre
613427;2024.0;n;7.0;2024-07-10;BA;101;581;CAMACAN;Velocidade Incompatível;Com Vítimas Feridas;1;Céu Claro;Plena Noite;quarta-feira;Saída de leito carroçável;Simples;0;0;-15.3755707;-39.49172974;Segura;Nordeste;3 Trimestre
604397;2024.0;n;5.0;2024-05-06;PI;316;391;FRANCISCO MACEDO;Ausência de reação do condutor;Com Vítimas Feridas;3;Céu Claro;Pleno dia;segunda-feira;Saída de leito carroçável;Simples;0;0;-7.28618984;-40.82555981;Segura;Nordeste;2 Trimestre
575263;2024.0;n;1.0;2024-01-17;BA;101;737;ITABELA;Curva acentuada;Com Vítimas Feridas;3;Sol;Pleno dia;quarta-feira;Colisão lateral sentido oposto;Simples;0;1;-16.51482857;-39.57733155;Perigosa;Nordeste;1 Trimestre
595982;2024.0;n;4.0;2024-04-23;BA;101;654;ITAPEBI;Ausência de reação do condutor;Com Vítimas Feridas;1;Céu Claro;Pleno dia;terça-feira;Saída de leito carroçável;Simples;0;0;-16.05214898;-39.61572239;Segura;Nordeste;2 Trimestre
613451;2024.0;n;7.0;2024-07-10;BA;116;829;VITORIA DA CONQUISTA;Condutor Dormindo;Com Vítimas Feridas;3;Céu Claro;Pleno dia;quarta-feira;Colisão frontal;Simples;0;1;-14.904964;-40.871206;Perigosa;Nordeste;3 Trimestre
628155;2024.0;n;9.0;2024-09-15;MG;381;540,4;ITATIAIUCU;Reação tardia ou ineficiente do condutor;Com Vítimas Feridas;4;Céu Claro;Plena Noite;domingo;Colisão traseira;Dupla;0;0;-20.25145691;-44.41136239;Segura;Sudeste;3 Trimestre
628876;2024.0;n;9.0;2024-09-18;PI;343;13,3;PARNAIBA;Manobra de mudança de faixa;Sem Vítimas;2;Sol;Pleno dia;quarta-feira;Colisão lateral mesmo sentido;Dupla;0;0;-2.919029;-41.754124;Segura;Nordeste;3 Trimestre
653330;2025.0;n;1.0;2025-01-05;MA;10;167;PORTO FRANCO;Transitar na contramão;Sem Vítimas;2;Céu Claro;Pleno dia;domingo;Colisão lateral sentido oposto;Simples;0;0;-6,257395;-47,354179;Segura;Nordeste;1 Trimestre
617895;2024.0;n;7.0;2024-07-30;ES;262;65,8;MARECHAL FLORIANO;Condutor deixou de manter distância do veículo da frente;Com Vítimas Feridas;2;Nublado;Pleno dia;terça-feira;Colisão traseira;Simples;0;0;-20.41561467;-40.86684776;Segura;Sudeste;3 Trimestre
621297;2024.0;n;8.0;2024-08-15;MG;381;525,5;BRUMADINHO;Demais falhas mecânicas ou elétricas;Com Vítimas Feridas;1;Céu Claro;Amanhecer;quinta-feira;Capotamento;Dupla;0;0;-20.16710798;-44.33422398;Segura;Sudeste;3 Trimestre
597563;2024.0;y;5.0;2024-05-01;SP;116;30,1;CRUZEIRO;Reação tardia ou ineficiente do condutor;Com Vítimas Feridas;3;Nublado;Plena Noite;quarta-feira;Colisão traseira;Dupla;0;1;-22.63400287;-44.93203106;Perigosa;Sudeste;2 Trimestre
602011;2024.0;n;5.0;2024-05-21;TO;10;465;PALMAS;Acessar a via sem observar a presença dos outros veículos;Com Vítimas Feridas;2;Sol;Pleno dia;terça-feira;Colisão lateral mesmo sentido;Dupla;0;0;-10.23365304;-48.30554366;Segura;Norte;2 Trimestre
619215;2024.0;n;8.0;2024-08-05;SC;282;23,8;SANTO AMARO DA IMPERATRIZ;Desrespeitar a preferência no cruzamento;Com Vítimas Feridas;3;Céu Claro;Pleno dia;segunda-feira;Colisão transversal;Simples;0;1;-27.68452951;-48.74358058;Perigosa;Sul;3 Trimestre
656732;2025.0;n;1.0;2025-01-22;GO;153;418;ANAPOLIS;Ingestão de álcool pelo condutor;Sem Vítimas;2;Céu Claro;Pleno dia;quarta-feira;Tombamento;Dupla;0;0;-16,159821;-49,04351;Segura;Centro-Oeste;1 Trimestre
601650;2024.0;n;5.0;2024-05-09;RJ;0;0;RIO DE JANEIRO;Manobra de mudança de faixa;Sem Vítimas;2;Vento;Anoitecer;quinta-feira;Colisão lateral mesmo sentido;Dupla;0;0;-22.87857182;-43.23205411;Segura;Sudeste;2 Trimestre
613689;2024.0;n;6.0;2024-06-18;PA;163;158;ALTAMIRA;Ultrapassagem Indevida;Com Vítimas Fatais;5;Sol;Pleno dia;terça-feira;Colisão frontal;Simples;1;0;-8.319565;-55.0993;Perigosa;Norte;2 Trimestre
600146;2024.0;n;4.0;2024-04-12;MT;70;136;GENERAL CARNEIRO;Acostamento em desnível;Sem Vítimas;4;Céu Claro;Pleno dia;sexta-feira;Tombamento;Simples;0;0;-15.59324648;-53.24689506;Segura;Centro-Oeste;2 Trimestre
593361;2024.0;n;4.0;2024-04-11;GO;40;41,9;LUZIANIA;Ausência de reação do condutor;Com Vítimas Fatais;3;Céu Claro;Plena Noite;quinta-feira;Colisão frontal;Simples;1;0;-16.375022;-47.830226;Perigosa;Centro-Oeste;2 Trimestre
653297;2025.0;n;1.0;2025-01-05;SC;101;198;BIGUACU;Demais falhas mecânicas ou elétricas;Sem Vítimas;1;Céu Claro;Pleno dia;domingo;Incêndio;Dupla;0;0;-27,52658712;-48,63506019;Segura;Sul;1 Trimestre
595837;2024.0;n;4.0;2024-04-23;RS;392;196,2;SANTANA DA BOA VISTA;Reação tardia ou ineficiente do condutor;Com Vítimas Feridas;2;Nublado;Pleno dia;terça-feira;Saída de leito carroçável;Múltipla;0;0;-30.89678807;-53.11510534;Segura;Sul;2 Trimestre
599356;2024.0;n;5.0;2024-05-09;MA;226;75,5;CAXIAS;Pista esburacada;Sem Vítimas;3;Céu Claro;Pleno dia;quinta-feira;Tombamento;Simples;0;0;-5.224909;-43.451706;Segura;Nordeste;2 Trimestre
623894;2024.0;n;8.0;2024-08-27;MG;40;815,5;SIMAO PEREIRA;Curva acentuada;Com Vítimas Feridas;1;Nevoeiro/Neblina;Amanhecer;terça-feira;Tombamento;Dupla;0;0;-21.899943;-43.31155704;Segura;Sudeste;3 Trimestre
574011;2024.0;n;1.0;2024-01-11;PR;163;26,5;SANTO ANTONIO DO SUDOESTE;Velocidade Incompatível;Com Vítimas Fatais;11;Céu Claro;Pleno dia;quinta-feira;Engavetamento;Simples;1;0;-26.11976219;-53.67907047;Perigosa;Sul;1 Trimestre
686885;2025.0;n;4.0;2025-04-23;MS;262;376,3;TERENOS;Entrada inopinada do pedestre;Com Vítimas Fatais;3;Céu Claro;Pleno dia;quarta-feira;Atropelamento de Pedestre;Simples;1;0;-20,48197375;-54,83149616;Perigosa;Centro-Oeste;2 Trimestre
652521;2025.0;y;1.0;2025-01-01;SC;101;150;ITAPEMA;Ingestão de álcool pelo condutor;Sem Vítimas;1;Nublado;Pleno dia;quarta-feira;Colisão com objeto;Múltipla;0;0;-27,11744799;-48,60940987;Segura;Sul;1 Trimestre
573423;2024.0;y;1.0;2024-01-01;MG;365;497;PATROCINIO;Transitar na contramão;Com Vítimas Feridas;2;Céu Claro;Plena Noite;segunda-feira;Colisão lateral sentido oposto;Simples;0;0;-18.93260407;-47.21402188;Segura;Sudeste;1 Trimestre
579889;2024.0;n;2.0;2024-02-08;SP;116;488;CAJATI;Velocidade Incompatível;Com Vítimas Feridas;3;Céu Claro;Plena Noite;quinta-feira;Colisão traseira;Dupla;0;0;-24.73097634;-48.09815591;Segura;Sudeste;1 Trimestre
661115;2025.0;n;2.0;2025-02-13;PR;376;425,5;TIBAGI;Reação tardia ou ineficiente do condutor;Com Vítimas Feridas;2;Céu Claro;Pleno dia;quinta-feira;Tombamento;Dupla;0;0;-24,707348;-50,556873;Segura;Sul;1 Trimestre
618651;2024.0;n;8.0;2024-08-03;MG;381;296;ANTONIO DIAS;Desvio temporário;Com Vítimas Feridas;3;Céu Claro;Plena Noite;sábado;Colisão frontal;Simples;0;1;-19.62698434;-42.8708198;Perigosa;Sudeste;3 Trimestre
667162;2025.0;n;3.0;2025-03-14;MT;163;670;LUCAS DO RIO VERDE;Ultrapassagem Indevida;Com Vítimas Feridas;5;Sol;Pleno dia;sexta-feira;Colisão frontal;Simples;0;0;-13,212349;-55,99894;Segura;Centro-Oeste;1 Trimestre
668406;2025.0;n;3.0;2025-03-20;SC;282;3,4;FLORIANOPOLIS;Reação tardia ou ineficiente do condutor;Com Vítimas Feridas;3;Céu Claro;Pleno dia;quinta-feira;Colisão traseira;Dupla;0;0;-27,60382117;-48,58351523;Segura;Sul;1 Trimestre
666878;2025.0;n;3.0;2025-03-13;BA;101;911;NOVA VICOSA;Transitar na contramão;Com Vítimas Feridas;2;Nevoeiro/Neblina;Amanhecer;quinta-feira;Colisão frontal;Simples;0;1;-17,814585;-39,788692;Perigosa;Nordeste;1 Trimestre
612242;2024.0;n;5.0;2024-05-30;RO;364;1047;PORTO VELHO;Deficiência do Sistema de Iluminação/Sinalização;Com Vítimas Feridas;6;Céu Claro;Anoitecer;quinta-feira;Colisão lateral mesmo sentido;Simples;0;0;-9.78206014;-66.42509898;Segura;Norte;2 Trimestre
660044;2025.0;n;2.0;2025-02-08;MG;262;719,8;ARAXA;Reação tardia ou ineficiente do condutor;Com Vítimas Feridas;2;Céu Claro;Pleno dia;sábado;Colisão traseira;Simples;0;0;-19,61792572;-47,22360493;Segura;Sudeste;1 Trimestre
624429;2024.0;n;8.0;2024-08-29;RS;285;356,8;COLORADO;Ausência de reação do condutor;Com Vítimas Feridas;2;Nublado;Plena Noite;quinta-feira;Colisão frontal;Simples;0;1;-28.349371;-52.944382;Perigosa;Sul;3 Trimestre
620872;2024.0;n;8.0;2024-08-12;MG;381;938,2;EXTREMA;Acessar a via sem observar a presença dos outros veículos;Com Vítimas Feridas;5;Céu Claro;Plena Noite;segunda-feira;Colisão transversal;Dupla;0;0;-22.81610523;-46.29278537;Segura;Sudeste;3 Trimestre
588444;2024.0;n;2.0;2024-02-18;BA;116;919,6;ENCRUZILHADA;Reação tardia ou ineficiente do condutor;Com Vítimas Feridas;2;Nublado;Pleno dia;domingo;Saída de leito carroçável;Simples;0;0;-15.58918;-41.28069;Segura;Nordeste;1 Trimestre
658235;2025.0;n;1.0;2025-01-30;PR;277;342;GUARAPUAVA;Reação tardia ou ineficiente do condutor;Com Vítimas Fatais;2;Céu Claro;Pleno dia;quinta-feira;Capotamento;Dupla;1;0;-25,35535069;-51,46137714;Perigosa;Sul;1 Trimestre
626073;2024.0;n;9.0;2024-09-06;RS;386;36,6;FREDERICO WESTPHALEN;Reação tardia ou ineficiente do condutor;Com Vítimas Feridas;3;Céu Claro;Pleno dia;sexta-feira;Colisão lateral mesmo sentido;Simples;0;0;-27.373381;-53.39772;Segura;Sul;3 Trimestre
573761;2024.0;n;1.0;2024-01-10;RO;364;425;JARU;Ultrapassagem Indevida;Com Vítimas Feridas;3;Céu Claro;Pleno dia;quarta-feira;Colisão lateral mesmo sentido;Simples;0;0;-10.43752488;-62.47169791;Segura;Norte;1 Trimestre
657000;2025.0;n;1.0;2025-01-24;BA;407;119;SENHOR DO BONFIM;Transitar na contramão;Com Vítimas Feridas;4;Céu Claro;Pleno dia;sexta-feira;Colisão frontal;Simples;0;0;-10,39518217;-40,17775944;Segura;Nordeste;1 Trimestre
583175;2024.0;n;2.0;2024-02-25;BA;410;29;TUCANO;Ausência de reação do condutor;Com Vítimas Fatais;2;Céu Claro;Amanhecer;domingo;Colisão traseira;Simples;1;1;-10.962833;-38.751016;Perigosa;Nordeste;1 Trimestre
687656;2025.0;n;4.0;2025-04-27;CE;222;339;TIANGUA;Avarias e/ou desgaste excessivo no pneu;Sem Vítimas;3;Céu Claro;Pleno dia;domingo;Incêndio;Simples;0;0;-3,889623;-41,182073;Segura;Nordeste;2 Trimestre