id;ano;feriado;mes;data_inversa;uf;br;km;municipio;causa_acidente;classificacao_acidente;veiculos;condicao_metereologica;fase_dia;dia_semana;tipo_acidente;tipo_pista;mortos;feridos_graves;latitude;longitude;status;regiao;periodo
596815;2024.0;n;4.0;2024-04-27;PR;153;24;JACAREZINHO;Velocidade Incompatível;Com Vítimas Feridas;4;Céu Claro;Plena Noite;sábado;Colisão transversal;Simples;0;0;-23.18983693;-49.98599052;Segura;Sul;2 Trimestre
687025;2025.0;n;4.0;2025-04-24;SC;101;5,3;GARUVA;Velocidade Incompatível;Sem Vítimas;2;Nublado;Pleno dia;quinta-feira;Incêndio;Dupla;0;0;-26,04999729;-48,8596344;Segura;Sul;2 Trimestre
597660;2024.0;y;5.0;2024-05-01;RJ;116;256;PINHEIRAL;Reação tardia ou ineficiente do condutor;Sem Vítimas;5;Céu Claro;Plena Noite;quarta-feira;Colisão traseira;Dupla;0;0;-22.58449025;-44.00458394;Segura;Sudeste;2 Trimestre
579477;2024.0;n;2.0;2024-02-06;MA;135;3;SAO LUIS;Velocidade Incompatível;Com Vítimas Feridas;2;Nublado;Plena Noite;terça-feira;Tombamento;Dupla;0;0;-2.53073;-44.3068;Segura;Nordeste;1 Trimestre
600524;2024.0;n;5.0;2024-05-14;PI;343;226,4;COCAL DE TELHA;Demais falhas mecânicas ou elétricas;Sem Vítimas;2;Céu Claro;Pleno dia;terça-feira;Incêndio;Simples;0;0;-4.565175;-41.975414;Segura;Nordeste;2 Trimestre
585231;2024.0;n;3.0;2024-03-05;PR;116;123,6;CURITIBA;Demais falhas mecânicas ou elétricas;Com Vítimas Feridas;2;Céu Claro;Plena Noite;terça-feira;Colisão lateral mesmo sentido;Dupla;0;2;-25.57736002;-49.31243589;Perigosa;Sul;1 Trimestre
611811;2024.0;n;7.0;2024-07-03;ES;101;12;PEDRO CANARIO;Ultrapassagem Indevida;Com Vítimas Feridas;3;Céu Claro;Plena Noite;quarta-feira;Colisão lateral mesmo sentido;Múltipla;0;0;-18.26546317;-39.95721865;Segura;Sudeste;3 Trimestre
621418;2024.0;n;8.0;2024-08-15;SP;116;450;REGISTRO;Ausência de reação do condutor;Sem Vítimas;2;Céu Claro;Plena Noite;quinta-feira;Colisão traseira;Dupla;0;0;-24.53728295;-47.85899314;Segura;Sudeste;3 Trimestre
655936;2025.0;n;1.0;2025-01-18;MT;163;782;SORRISO;Ingestão de álcool pelo condutor;Sem Vítimas;2;Chuva;Plena Noite;sábado;Eventos atípicos;Simples;0;0;-12,42949301;-55,64462299;Segura;Centro-Oeste;1 Trimestre
573000;2024.0;n;1.0;2024-01-06;BA;242;245;ITABERABA;Reação tardia ou ineficiente do condutor;Com Vítimas Feridas;1;Sol;Pleno dia;sábado;Tombamento;Simples;0;1;-12.501217;-40.428325;Perigosa;Nordeste;1 Trimestre
669219;2025.0;n;3.0;2025-03-24;PE;101;109;CABO DE SANTO AGOSTINHO;Manobra de mudança de faixa;Sem Vítimas;2;Sol;Pleno dia;segunda-feira;Colisão lateral mesmo sentido;Dupla;0;0;-8,30486669;-35,0698185;Segura;Nordeste;1 Trimestre
659718;2025.0;n;2.0;2025-02-06;MS;262;244;RIBAS DO RIO PARDO;Ausência de reação do condutor;Sem Vítimas;2;Garoa/Chuvisco;Plena Noite;quinta-feira;Colisão lateral sentido oposto;Simples;0;0;-20,4548435;-53,80367304;Segura;Centro-Oeste;1 Trimestre
653074;2025.0;n;1.0;2025-01-04;SP;116;147;SAO JOSE DOS CAMPOS;Falta de acostamento;Com Vítimas Feridas;2;Sol;Pleno dia;sábado;Colisão traseira;Múltipla;0;1;-23,19542994;-45,87176303;Perigosa;Sudeste;1 Trimestre
687969;2025.0;n;4.0;2025-04-29;RJ;356;65;ITAPERUNA;Chuva;Com Vítimas Feridas;1;Chuva;Plena Noite;terça-feira;Saída de leito carroçável;Simples;0;0;-21,35097101;-41,7132318;Segura;Sudeste;2 Trimestre
605880;2024.0;n;6.0;2024-06-07;PI;230;194;OEIRAS;Condutor deixou de manter distância do veículo da frente;Com Vítimas Feridas;2;Céu Claro;Plena Noite;sexta-feira;Colisão traseira;Simples;0;1;-6.99465451;-42.10490528;Perigosa;Nordeste;2 Trimestre
629191;2024.0;n;9.0;2024-09-19;SC;101;189,7;BIGUACU;Modificação proibida;Com Vítimas Feridas;2;Garoa/Chuvisco;Plena Noite;quinta-feira;Colisão lateral mesmo sentido;Dupla;0;0;-27.459393;-48.638914;Segura;Sul;3 Trimestre
581423;2024.0;n;2.0;2024-02-16;GO;153;564;PROFESSOR JAMIL;Ausência de reação do condutor;Com Vítimas Feridas;6;Chuva;Amanhecer;sexta-feira;Saída de leito carroçável;Dupla;0;0;-17.2476;-49.2417;Segura;Centro-Oeste;1 Trimestre
572805;2024.0;n;1.0;2024-01-05;GO;50;273;CATALAO;Carga excessiva e/ou mal acondicionada;Sem Vítimas;1;Céu Claro;Pleno dia;sexta-feira;Derramamento de carga;Simples;0;0;-18.1302;-47.9047;Segura;Centro-Oeste;1 Trimestre
577831;2024.0;n;1.0;2024-01-29;DF;20;28;BRASILIA;Ausência de reação do condutor;Com Vítimas Feridas;2;Céu Claro;Pleno dia;segunda-feira;Colisão traseira;Dupla;0;0;-15.598319;-47.621925;Segura;Centro-Oeste;1 Trimestre
581414;2024.0;n;2.0;2024-02-16;PR;277;404,8;CANDOI;Condutor Dormindo;Com Vítimas Feridas;1;Nublado;Plena Noite;sexta-feira;Saída de leito carroçável;Simples;0;0;-25.45842513;-51.96393708;Segura;Sul;1 Trimestre
628539;2024.0;n;9.0;2024-09-16;RJ;40;109;DUQUE DE CAXIAS;Ausência de reação do condutor;Com Vítimas Feridas;2;Céu Claro;Pleno dia;segunda-feira;Colisão traseira;Dupla;0;0;-22.67374628;-43.28638368;Segura;Sudeste;3 Trimestre
601707;2024.0;n;5.0;2024-05-19;PR;376;464;PONTA GROSSA;Ausência de reação do condutor;Sem Vítimas;4;Nublado;Plena Noite;domingo;Colisão traseira;Dupla;0;0;-25.02470207;-50.322659;Segura;Sul;2 Trimestre
687628;2025.0;n;4.0;2025-04-27;RO;364;540;ALTO PARAISO;Ausência de reação do condutor;Com Vítimas Feridas;2;Céu Claro;Pleno dia;domingo;Tombamento;Simples;0;0;-9,72128174;-63,11996341;Segura;Norte;2 Trimestre
599613;2024.0;n;5.0;2024-05-10;RJ;116;116;MAGE;Condutor Dormindo;Sem Vítimas;2;Céu Claro;Plena Noite;sexta-feira;Colisão frontal;Dupla;0;0;-22.5943135;-43.02305931;Segura;Sudeste;2 Trimestre
625316;2024.0;n;9.0;2024-09-02;MG;40;593,3;OURO PRETO;Demais falhas mecânicas ou elétricas;Com Vítimas Feridas;2;Céu Claro;Pleno dia;segunda-feira;Colisão frontal;Simples;0;1;-20.39628059;-43.90348816;Perigosa;Sudeste;3 Trimestre
590109;2024.0;n;3.0;2024-03-27;RJ;101;494;ANGRA DOS REIS;Ausência de reação do condutor;Com Vítimas Feridas;3;Chuva;Anoitecer;quarta-feira;Colisão frontal;Simples;0;2;-22.93610449;-44.31798935;Perigosa;Sudeste;1 Trimestre
622898;2024.0;n;8.0;2024-08-22;RS;290;75;GRAVATAI;Manobra de mudança de faixa;Com Vítimas Feridas;3;Nublado;Pleno dia;quinta-feira;Colisão lateral mesmo sentido;Dupla;0;0;-29.95521;-51.006855;Segura;Sul;3 Trimestre
625277;2024.0;n;9.0;2024-09-02;MG;262;87,1;ABRE CAMPO;Conversão proibida;Com Vítimas Feridas;4;Sol;Pleno dia;segunda-feira;Colisão frontal;Simples;0;0;-20.333214;-42.437654;Segura;Sudeste;3 Trimestre
620394;2024.0;n;8.0;2024-08-10;MG;153;194,9;FRUTAL;Demais falhas mecânicas ou elétricas;Com Vítimas Feridas;2;Céu Claro;Pleno dia;sábado;Saída de leito carroçável;Simples;0;1;-19.9622283;-48.98832279;Perigosa;Sudeste;3 Trimestre
615011;2024.0;n;7.0;2024-07-17;SP;116;550;BARRA DO TURVO;Reação tardia ou ineficiente do condutor;Com Vítimas Feridas;2;Céu Claro;Pleno dia;quarta-feira;Tombamento;Dupla;0;0;-24.95749618;-48.46440871;Segura;Sudeste;3 Trimestre
576816;2024.0;n;1.0;2024-01-24;MG;40;130,2;JOAO PINHEIRO;Ausência de reação do condutor;Com Vítimas Feridas;1;Chuva;Pleno dia;quarta-feira;Saída de leito carroçável;Simples;0;0;-17.70612195;-46.28554299;Segura;Sudeste;1 Trimestre
652479;2025.0;y;1.0;2025-01-01;PI;343;8,4;PARNAIBA;Ausência de reação do condutor;Sem Vítimas;2;Céu Claro;Plena Noite;quarta-feira;Colisão traseira;Simples;0;0;-2,899382;-41,723724;Segura;Nordeste;1 Trimestre
595597;2024.0;n;4.0;2024-04-22;GO;60;80;ANAPOLIS;Ausência de reação do condutor;Com Vítimas Feridas;4;Céu Claro;Amanhecer;segunda-feira;Colisão traseira;Dupla;0;0;-16.3053;-48.8208;Segura;Centro-Oeste;2 Trimestre
623025;2024.0;n;6.0;2024-06-13;SC;116;31,5;ITAIOPOLIS;Problema com o freio;Sem Vítimas;2;Céu Claro;Plena Noite;quinta-feira;Colisão traseira;Simples;0;0;-26.31708989;-49.97099106;Segura;Sul;2 Trimestre
662287;2025.0;n;2.0;2025-02-19;SP;116;325;JUQUITIBA;Demais falhas mecânicas ou elétricas;Sem Vítimas;1;Céu Claro;Amanhecer;quarta-feira;Incêndio;Dupla;0;0;-23,94085262;-47,05337099;Segura;Sudeste;1 Trimestre
662015;2025.0;n;2.0;2025-02-17;RJ;116;100,9;GUAPIMIRIM;Ultrapassagem Indevida;Com Vítimas Feridas;2;Céu Claro;Pleno dia;segunda-feira;Colisão frontal;Simples;0;1;-22,48909312;-43,00437599;Perigosa;Sudeste;1 Trimestre
610510;2024.0;n;6.0;2024-06-28;MG;381;404;BOM JESUS DO AMPARO;Condutor Dormindo;Com Vítimas Feridas;2;Céu Claro;Plena Noite;sexta-feira;Colisão traseira;Dupla;0;1;-19.7490622;-43.54398027;Perigosa;Sudeste;2 Trimestre
578908;2024.0;n;2.0;2024-02-03;MT;163;1004;TERRA NOVA DO NORTE;Transitar na contramão;Com Vítimas Fatais;5;Chuva;Plena Noite;sábado;Colisão frontal;Simples;1;0;-10.58824596;-55.09321322;Perigosa;Centro-Oeste;1 Trimestre
591788;2024.0;n;4.0;2024-04-04;PA;163;286;NOVO PROGRESSO;Ultrapassagem Indevida;Com Vítimas Fatais;5;Céu Claro;Pleno dia;quinta-feira;Colisão lateral mesmo sentido;Simples;1;0;-7.24784532;-55.33480139;Perigosa;Norte;2 Trimestre
607492;2024.0;n;6.0;2024-06-14;SP;116;284;ITAPECERICA DA SERRA;Demais falhas mecânicas ou elétricas;Com Vítimas Feridas;3;Céu Claro;Anoitecer;sexta-feira;Queda de ocupante de veículo;Dupla;0;0;-23.69998;-46.867767;Segura;Sudeste;2 Trimestre
589997;2024.0;n;3.0;2024-03-27;PR;467;104;CASCAVEL;Manobra de mudança de faixa;Com Vítimas Feridas;2;Sol;Pleno dia;quarta-feira;Colisão traseira;Dupla;0;0;-24.9129;-53.5028;Segura;Sul;1 Trimestre
602023;2024.0;n;5.0;2024-05-10;MS;262;178;RIBAS DO RIO PARDO;Acessar a via sem observar a presença dos outros veículos;Com Vítimas Feridas;3;Céu Claro;Pleno dia;sexta-feira;Colisão transversal;Simples;0;0;-20.41317764;-53.17760468;Segura;Centro-Oeste;2 Trimestre
658431;2025.0;n;1.0;2025-01-31;MG;40;590,8;ITABIRITO;Ausência de reação do condutor;Com Vítimas Feridas;2;Chuva;Pleno dia;sexta-feira;Colisão lateral mesmo sentido;Dupla;0;0;-20,36807799;-43,90982881;Segura;Sudeste;1 Trimestre
661129;2025.0;n;2.0;2025-02-08;ES;101;438,9;MIMOSO DO SUL;Frear bruscamente;Com Vítimas Feridas;2;Céu Claro;Plena Noite;sábado;Colisão lateral mesmo sentido;Simples;0;0;-21,06633614;-41,22124288;Segura;Sudeste;1 Trimestre
685849;2025.0;y;4.0;2025-04-18;BA;116;165;CANUDOS;Condutor Dormindo;Com Vítimas Feridas;2;Céu Claro;Plena Noite;sexta-feira;Capotamento;Simples;0;1;-10,068913;-39,146395;Perigosa;Nordeste;2 Trimestre
668141;2025.0;n;3.0;2025-03-18;RJ;101;321;NITEROI;Carga excessiva e/ou mal acondicionada;Com Vítimas Fatais;2;Nublado;Plena Noite;terça-feira;Capotamento;Múltipla;1;0;-22,8679469;-43,1108998;Perigosa;Sudeste;1 Trimestre
572884;2024.0;n;1.0;2024-01-06;MG;365;441,6;GUIMARANIA;Reação tardia ou ineficiente do condutor;Com Vítimas Feridas;3;Céu Claro;Amanhecer;sábado;Colisão lateral sentido oposto;Simples;0;1;-18.79969152;-46.75281307;Perigosa;Sudeste;1 Trimestre
610179;2024.0;n;6.0;2024-06-26;PE;101;64,8;RECIFE;Reação tardia ou ineficiente do condutor;Com Vítimas Feridas;2;Céu Claro;Pleno dia;quarta-feira;Colisão lateral mesmo sentido;Dupla;0;0;-8.0162921;-34.94045886;Segura;Nordeste;2 Trimestre
579327;2024.0;n;2.0;2024-02-06;RJ;40;117;DUQUE DE CAXIAS;Demais falhas mecânicas ou elétricas;Com Vítimas Feridas;1;Céu Claro;Pleno dia;terça-feira;Saída de leito carroçável;Múltipla;0;0;-22.745676;-43.2881;Segura;Sudeste;1 Trimestre
613704;2024.0;n;7.0;2024-07-11;AL;316;155,4;PALMEIRA DOS INDIOS;Ultrapassagem Indevida;Com Vítimas Fatais;3;Céu Claro;Pleno dia;quinta-feira;Colisão frontal;Simples;1;0;-9.42623278;-36.63304512;Perigosa;Nordeste;3 Trimestre
589040;2024.0;n;3.0;2024-03-22;RN;101;110;PARNAMIRIM;Reação tardia ou ineficiente do condutor;Sem Vítimas;2;Céu Claro;Anoitecer;sexta-feira;Colisão transversal;Dupla;0;0;-5.946376;-35.26485;Segura;Nordeste;1 Trimestre
596505;2024.0;n;4.0;2024-04-06;PR;373;175;PONTA GROSSA;Ausência de reação do condutor;Sem Vítimas;4;Céu Claro;Plena Noite;sábado;Colisão lateral sentido oposto;Dupla;0;0;-25.06728094;-50.21211882;Segura;Sul;2 Trimestre
612555;2024.0;n;7.0;2024-07-06;PR;376;413,4;TIBAGI;Ingestão de álcool pelo condutor;Com Vítimas Feridas;3;Céu Claro;Pleno dia;sábado;Colisão com objeto;Dupla;0;0;-24.63923532;-50.62733889;Segura;Sul;3 Trimestre
627437;2024.0;n;9.0;2024-09-12;MG;40;587;ITABIRITO;Condutor Dormindo;Com Vítimas Feridas;3;Céu Claro;Plena Noite;quinta-feira;Colisão lateral mesmo sentido;Simples;0;0;-20.34858326;-43.92200604;Segura;Sudeste;3 Trimestre
666249;2025.0;n;3.0;2025-03-09;RO;364;21,1;VILHENA;Manobra de mudança de faixa;Com Vítimas Fatais;3;Céu Claro;Plena Noite;domingo;Colisão lateral sentido oposto;Simples;1;0;-12,7257191;-60,20019528;Perigosa;Norte;1 Trimestre
604496;2024.0;n;6.0;2024-06-01;MG;381;944;EXTREMA;Ausência de reação do condutor;Com Vítimas Feridas;2;Céu Claro;Pleno dia;sábado;Saída de leito carroçável;Dupla;0;0;-22.87479042;-46.36655782;Segura;Sudeste;2 Trimestre
589471;2024.0;n;3.0;2024-03-24;MG;381;544;ITATIAIUCU;Manobra de mudança de faixa;Sem Vítimas;3;Chuva;Pleno dia;domingo;Colisão lateral mesmo sentido;Múltipla;0;0;-20.28193579;-44.42882633;Segura;Sudeste;1 Trimestre
655649;2025.0;n;1.0;2025-01-17;MG;40;589;ITABIRITO;Ultrapassagem Indevida;Com Vítimas Feridas;4;Céu Claro;Pleno dia;sexta-feira;Colisão lateral mesmo sentido;Simples;0;0;-20,3591;-43,90992896;Segura;Sudeste;1 Trimestre
625978;2024.0;n;8.0;2024-08-16;RO;429;152;SAO MIGUEL DO GUAPORE;Manobra de mudança de faixa;Com Vítimas Fatais;2;Céu Claro;Plena Noite;sexta-feira;Colisão frontal;Simples;1;2;-11.68709271;-62.66449947;Perigosa;Norte;3 Trimestre
669985;2025.0;n;3.0;2025-03-27;PR;116;195,5;RIO NEGRO;Ausência de reação do condutor;Sem Vítimas;1;Nublado;Plena Noite;quinta-feira;Tombamento;Simples;0;0;-26,02834796;-49,68444724;Segura;Sul;1 Trimestre
584883;2024.0;n;3.0;2024-03-04;DF;60;6,8;BRASILIA;Condutor Dormindo;Sem Vítimas;1;Céu Claro;Amanhecer;segunda-feira;Saída de leito carroçável;Dupla;0;0;-15.897939;-48.113056;Segura;Centro-Oeste;1 Trimestre
628412;2024.0;n;9.0;2024-09-15;MT;158;695;BARRA DO GARCAS;Avarias e/ou desgaste excessivo no pneu;Sem Vítimas;4;Céu Claro;Plena Noite;domingo;Derramamento de carga;Simples;0;0;-15.01741601;-52.249834;Segura;Centro-Oeste;3 Trimestre
607312;2024.0;n;6.0;2024-06-14;RS;386;324,4;MARQUES DE SOUZA;Ultrapassagem Indevida;Com Vítimas Fatais;4;Céu Claro;Plena Noite;sexta-feira;Colisão frontal;Simples;4;1;-29.313985;-52.104434;Perigosa;Sul;2 Trimestre
591838;2024.0;n;4.0;2024-04-04;MG;116;375,6;MATHIAS LOBATO;Demais falhas mecânicas ou elétricas;Com Vítimas Feridas;7;Céu Claro;Pleno dia;quinta-feira;Tombamento;Simples;0;0;-18.57693006;-41.92030356;Segura;Sudeste;2 Trimestre
588991;2024.0;n;3.0;2024-03-22;SP;116;511;CAJATI;Reação tardia ou ineficiente do condutor;Com Vítimas Feridas;1;Chuva;Pleno dia;sexta-feira;Tombamento;Simples;0;0;-24.83558399;-48.2223738;Segura;Sudeste;1 Trimestre
620738;2024.0;n;8.0;2024-08-12;PE;232;4;RECIFE;Condutor deixou de manter distância do veículo da frente;Com Vítimas Feridas;3;Sol;Pleno dia;segunda-feira;Engavetamento;Múltipla;0;0;-8.064473;-34.936928;Segura;Nordeste;3 Trimestre
652687;2025.0;n;1.0;2025-01-02;MG;116;708,5;MURIAE;Velocidade Incompatível;Com Vítimas Feridas;6;Céu Claro;Pleno dia;quinta-feira;Tombamento;Simples;0;1;-21,16328873;-42,37968988;Perigosa;Sudeste;1 Trimestre
619618;2024.0;n;8.0;2024-08-07;ES;262;43,9;MARECHAL FLORIANO;Acessar a via sem observar a presença dos outros veículos;Com Vítimas Feridas;3;Céu Claro;Pleno dia;quarta-feira;Colisão transversal;Simples;0;2;-20.3844778;-40.66251868;Perigosa;Sudeste;3 Trimestre
685825;2025.0;y;4.0;2025-04-18;MT;163;53,1;RONDONOPOLIS;Ingestão de álcool pelo condutor;Com Vítimas Feridas;2;Nublado;Plena Noite;sexta-feira;Saída de leito carroçável;Dupla;0;0;-17,0427898;-54,76328373;Segura;Centro-Oeste;2 Trimestre
594685;2024.0;n;4.0;2024-04-18;SP;153;164,5;PROMISSAO;Reação tardia ou ineficiente do condutor;Com Vítimas Feridas;3;Céu Claro;Pleno dia;quinta-feira;Colisão lateral mesmo sentido;Simples;0;0;-21.543305;-49.78222494;Segura;Sudeste;2 Trimestre
628575;2024.0;n;9.0;2024-09-16;MA;230;399;BALSAS;Condutor deixou de manter distância do veículo da frente;Com Vítimas Feridas;3;Céu Claro;Pleno dia;segunda-feira;Colisão lateral mesmo sentido;Simples;0;0;-7.48373602;-46.02050995;Segura;Nordeste;3 Trimestre
667645;2025.0;n;2.0;2025-02-20;MT;364;270,9;JACIARA;Reação tardia ou ineficiente do condutor;Com Vítimas Feridas;11;Céu Claro;Pleno dia;quinta-feira;Colisão lateral mesmo sentido;Dupla;0;0;-15,9689785;-54,94463002;Segura;Centro-Oeste;1 Trimestre
589208;2024.0;n;3.0;2024-03-23;SE;101;205;CRISTINAPOLIS;Reação tardia ou ineficiente do condutor;Com Vítimas Feridas;3;Céu Claro;Pleno dia;sábado;Colisão traseira;Simples;0;0;-11.51443822;-37.79490977;Segura;Nordeste;1 Trimestre
600693;2024.0;n;5.0;2024-05-15;SC;282;24,5;SANTO AMARO DA IMPERATRIZ;Pedestre cruzava a pista fora da faixa;Com Vítimas Fatais;2;Céu Claro;Pleno dia;quarta-feira;Atropelamento de Pedestre;Simples;1;0;-27.678693;-48.750013;Perigosa;Sul;2 Trimestre
658605;2025.0;n;2.0;2025-02-01;ES;101;110,5;SOORETAMA;Transitar na contramão;Com Vítimas Feridas;2;Céu Claro;Pleno dia;sábado;Colisão frontal;Dupla;0;0;-19,06215201;-40,03484798;Segura;Sudeste;1 Trimestre
688037;2025.0;n;4.0;2025-04-29;ES;262;110;VENDA NOVA DO IMIGRANTE;Ausência de reação do condutor;Com Vítimas Feridas;3;Céu Claro;Pleno dia;terça-feira;Colisão traseira;Simples;0;0;-20,3374556;-41,193415;Segura;Sudeste;2 Trimestre
591478;2024.0;n;4.0;2024-04-02;SP;116;555;BARRA DO TURVO;Reação tardia ou ineficiente do condutor;Com Vítimas Feridas;2;Nublado;Plena Noite;terça-feira;Saída de leito carroçável;Simples;0;0;-24.97447301;-48.504597;Segura;Sudeste;2 Trimestre
622797;2024.0;n;8.0;2024-08-22;SP;116;456;REGISTRO;Reação tardia ou ineficiente do condutor;Com Vítimas Feridas;2;Nevoeiro/Neblina;Amanhecer;quinta-feira;Colisão lateral mesmo sentido;Dupla;0;0;-24.580349;-47.88461;Segura;Sudeste;3 Trimestre
594740;2024.0;n;4.0;2024-04-18;PR;277;365;GUARAPUAVA;Reação tardia ou ineficiente do condutor;Com Vítimas Feridas;3;Céu Claro;Pleno dia;quinta-feira;Saída de leito carroçável;Simples;0;0;-25.43214305;-51.60777698;Segura;Sul;2 Trimestre
616887;2024.0;n;7.0;2024-07-25;MT;174;125,5;MIRASSOL DOESTE;Acessar a via sem observar a presença dos outros veículos;Com Vítimas Feridas;2;Céu Claro;Anoitecer;quinta-feira;Colisão transversal;Simples;0;0;-15.81678972;-58.0834468;Segura;Centro-Oeste;3 Trimestre
688013;2025.0;n;4.0;2025-04-29;ES;101;243;SERRA;Transitar na contramão;Com Vítimas Feridas;3;Céu Claro;Pleno dia;terça-feira;Colisão lateral sentido oposto;Simples;0;0;-20,036228;-40,393767;Segura;Sudeste;2 Trimestre
573650;2024.0;n;1.0;2024-01-09;RJ;40;53;PETROPOLIS;Condutor deixou de manter distância do veículo da frente;Com Vítimas Feridas;2;Garoa/Chuvisco;Anoitecer;terça-feira;Colisão traseira;Simples;0;0;-22.34399896;-43.13243691;Segura;Sudeste;1 Trimestre
673899;2025.0;n;4.0;2025-04-15;PA;10;355;SANTA MARIA DO PARA;Acessar a via sem observar a presença dos outros veículos;Com Vítimas Feridas;2;Céu Claro;Pleno dia;terça-feira;Colisão transversal;Simples;0;1;-1,34943406;-47,57663727;Perigosa;Norte;2 Trimestre
619952;2024.0;n;8.0;2024-08-08;GO;153;502;GOIANIA;Ausência de reação do condutor;Com Vítimas Feridas;2;Céu Claro;Plena Noite;quinta-feira;Colisão lateral mesmo sentido;Dupla;0;1;-16.7287;-49.2424;Perigosa;Centro-Oeste;3 Trimestre
627460;2024.0;n;9.0;2024-09-12;MG;262;547;LUZ;Ausência de reação do condutor;Com Vítimas Feridas;2;Céu Claro;Plena Noite;quinta-feira;Saída de leito carroçável;Simples;0;1;-19.74018668;-45.86034892;Perigosa;Sudeste;3 Trimestre
652997;2025.0;n;1.0;2025-01-03;SP;116;441;REGISTRO;Manobra de mudança de faixa;Com Vítimas Feridas;2;Nublado;Pleno dia;sexta-feira;Saída de leito carroçável;Dupla;0;0;-24,4688528;-47,82223728;Segura;Sudeste;1 Trimestre
628691;2024.0;n;9.0;2024-09-17;MT;174;272;PONTES E LACERDA;Fumaça;Sem Vítimas;2;Céu Claro;Pleno dia;terça-feira;Incêndio;Simples;0;0;-15.34842784;-59.21128065;Segura;Centro-Oeste;3 Trimestre
619532;2024.0;n;8.0;2024-08-06;MG;262;379;JUATUBA;Demais falhas mecânicas ou elétricas;Com Vítimas Feridas;1;Céu Claro;Pleno dia;terça-feira;Tombamento;Dupla;0;1;-19.95241506;-44.37342001;Perigosa;Sudeste;3 Trimestre
599342;2024.0;n;5.0;2024-05-02;MG;381;825,5;CAREACU;Reação tardia ou ineficiente do condutor;Com Vítimas Feridas;3;Céu Claro;Plena Noite;quinta-feira;Colisão traseira;Dupla;0;1;-22.104082;-45.727494;Perigosa;Sudeste;2 Trimestre
673866;2025.0;n;4.0;2025-04-15;SP;116;278,9;EMBU DAS ARTES;Ausência de reação do condutor;Com Vítimas Feridas;6;Céu Claro;Pleno dia;terça-feira;Colisão traseira;Múltipla;0;1;-23,63744824;-46,8339335;Perigosa;Sudeste;2 Trimestre
685767;2025.0;n;2.0;2025-02-06;MG;40;277;TRES MARIAS;Demais falhas mecânicas ou elétricas;Sem Vítimas;2;Céu Claro;Pleno dia;quinta-feira;Tombamento;Simples;0;0;-18,21264695;-45,22480595;Segura;Sudeste;1 Trimestre
627624;2024.0;n;9.0;2024-09-12;MG;40;279;TRES MARIAS;Demais falhas mecânicas ou elétricas;Com Vítimas Fatais;1;Céu Claro;Pleno dia;quinta-feira;Saída de leito carroçável;Simples;1;0;-18.22833211;-45.2202001;Perigosa;Sudeste;3 Trimestre
660262;2025.0;n;2.0;2025-02-09;PI;135;342;SANTA LUZ;Reação tardia ou ineficiente do condutor;Com Vítimas Feridas;2;Céu Claro;Plena Noite;domingo;Tombamento;Simples;0;0;-9,02275576;-44,30124532;Segura;Nordeste;1 Trimestre
590717;2024.0;n;3.0;2024-03-30;MG;365;4,5;MONTES CLAROS;Pista Escorregadia;Com Vítimas Feridas;2;Chuva;Pleno dia;sábado;Tombamento;Simples;0;1;-16.74574399;-43.88392402;Perigosa;Sudeste;1 Trimestre
592755;2024.0;n;4.0;2024-04-08;PE;316;92,6;OURICURI;Ausência de reação do condutor;Com Vítimas Feridas;2;Céu Claro;Plena Noite;segunda-feira;Colisão transversal;Simples;0;0;-7.90337946;-40.02982219;Segura;Nordeste;2 Trimestre
670176;2025.0;n;3.0;2025-03-28;SP;116;360;MIRACATU;Carga excessiva e/ou mal acondicionada;Com Vítimas Feridas;2;Nublado;Plena Noite;sexta-feira;Tombamento;Dupla;0;0;-24,26828444;-47,39941406;Segura;Sudeste;1 Trimestre
607287;2024.0;n;6.0;2024-06-13;MA;135;13;SAO LUIS;Ausência de reação do condutor;Com Vítimas Feridas;2;Céu Claro;Anoitecer;quinta-feira;Tombamento;Dupla;0;0;-2.68053538;-44.29512283;Segura;Nordeste;2 Trimestre
663571;2025.0;n;2.0;2025-02-25;RS;285;457,3;IJUI;Condutor deixou de manter distância do veículo da frente;Com Vítimas Feridas;2;Céu Claro;Pleno dia;terça-feira;Colisão traseira;Simples;0;0;-28,40454205;-53,89937103;Segura;Sul;1 Trimestre
652949;2025.0;n;1.0;2025-01-03;SC;101;80;BARRA VELHA;Ausência de reação do condutor;Com Vítimas Feridas;3;Céu Claro;Pleno dia;sexta-feira;Colisão lateral mesmo sentido;Dupla;0;0;-26,59441996;-48,72183309;Segura;Sul;1 Trimestre
624785;2024.0;n;8.0;2024-08-19;MT;364;501,2;JANGADA;Ausência de reação do condutor;Com Vítimas Feridas;3;Céu Claro;Pleno dia;segunda-feira;Colisão lateral mesmo sentido;Simples;0;0;-15.24622376;-56.47574185;Segura;Centro-Oeste;3 Trimestre
669397;2025.0;n;3.0;2025-03-24;GO;414;357;COCALZINHO DE GOIAS;Velocidade Incompatível;Com Vítimas Feridas;4;Céu Claro;Plena Noite;segunda-feira;Tombamento;Simples;0;0;-15,67028;-48,69869;Segura;Centro-Oeste;1 Trimestre
598933;2024.0;n;5.0;2024-05-07;MT;163;997;TERRA NOVA DO NORTE;Manobra de mudança de faixa;Sem Vítimas;7;Céu Claro;Plena Noite;terça-feira;Colisão lateral mesmo sentido;Simples;0;0;-10.51998335;-55.07712549;Segura;Centro-Oeste;2 Trimestre