id;ano;feriado;mes;data_inversa;uf;br;km;municipio;causa_acidente;classificacao_acidente;veiculos;condicao_metereologica;fase_dia;dia_semana;tipo_acidente;tipo_pista;mortos;feridos_graves;latitude;longitude;status;regiao;periodo
653309;2025.0;n;1.0;2025-01-05;CE;222;214,8;FORQUILHA;Afundamento ou ondulação no pavimento;Com Vítimas Feridas;2;Nublado;Pleno dia;domingo;Queda de ocupante de veículo;Simples;0;0;-3,76728996;-40,28895097;Segura;Nordeste;1 Trimestre
614670;2024.0;n;7.0;2024-07-15;SC;101;346,5;JAGUARUNA;Velocidade Incompatível;Com Vítimas Feridas;3;Nublado;Pleno dia;segunda-feira;Colisão traseira;Dupla;0;1;-28.5703514;-49.05326843;Perigosa;Sul;3 Trimestre
610086;2024.0;n;6.0;2024-06-26;MS;163;304,3;DOURADINA;Demais falhas mecânicas ou elétricas;Com Vítimas Feridas;1;Céu Claro;Plena Noite;quarta-feira;Saída de leito carroçável;Simples;0;0;-21.94678716;-54.53348285;Segura;Centro-Oeste;2 Trimestre
668801;2025.0;n;3.0;2025-03-22;MG;381;480;BETIM;Ausência de reação do condutor;Com Vítimas Feridas;2;Céu Claro;Pleno dia;sábado;Colisão lateral mesmo sentido;Dupla;0;0;-19,9965414;-44,2090429;Segura;Sudeste;1 Trimestre
621484;2024.0;n;8.0;2024-08-16;GO;153;220;URUACU;Condutor Dormindo;Com Vítimas Feridas;2;Céu Claro;Plena Noite;sexta-feira;Colisão lateral sentido oposto;Simples;0;0;-14.687892;-49.210506;Segura;Centro-Oeste;3 Trimestre
656633;2025.0;n;1.0;2025-01-22;MG;116;555,2;MANHUACU;Reação tardia ou ineficiente do condutor;Com Vítimas Feridas;2;Céu Claro;Pleno dia;quarta-feira;Tombamento;Simples;0;1;-20,00911074;-42,14328403;Perigosa;Sudeste;1 Trimestre
653318;2025.0;n;1.0;2025-01-05;SC;101;403,3;MARACAJA;Condutor deixou de manter distância do veículo da frente;Sem Vítimas;3;Céu Claro;Pleno dia;domingo;Engavetamento;Dupla;0;0;-28,88811965;-49,4654274;Segura;Sul;1 Trimestre
583019;2024.0;n;2.0;2024-02-24;GO;414;338,6;COCALZINHO DE GOIAS;Mal súbito do condutor;Com Vítimas Feridas;3;Céu Claro;Pleno dia;sábado;Saída de leito carroçável;Simples;0;1;-15.580993;-48.628662;Perigosa;Centro-Oeste;1 Trimestre
671589;2025.0;n;4.0;2025-04-04;RJ;393;164;TRES RIOS;Chuva;Com Vítimas Fatais;5;Chuva;Pleno dia;sexta-feira;Colisão lateral sentido oposto;Simples;2;0;-22,12636175;-43,14263279;Perigosa;Sudeste;2 Trimestre
578522;2024.0;n;2.0;2024-02-02;SC;101;236;PALHOCA;Velocidade Incompatível;Com Vítimas Feridas;2;Céu Claro;Pleno dia;sexta-feira;Tombamento;Simples;0;0;-27.82686935;-48.62967622;Segura;Sul;1 Trimestre
598572;2024.0;n;5.0;2024-05-05;MA;402;21;ROSARIO;Ausência de reação do condutor;Sem Vítimas;3;Céu Claro;Plena Noite;domingo;Colisão transversal;Simples;0;0;-2.925632;-44.159115;Segura;Nordeste;2 Trimestre
578085;2024.0;n;1.0;2024-01-30;RJ;101;103,8;CAMPOS DOS GOYTACAZES;Avarias e/ou desgaste excessivo no pneu;Sem Vítimas;1;Céu Claro;Plena Noite;terça-feira;Incêndio;Dupla;0;0;-21.9108478045;-41.6113219576;Segura;Sudeste;1 Trimestre
670467;2025.0;n;3.0;2025-03-30;MG;40;471,3;SETE LAGOAS;Carga excessiva e/ou mal acondicionada;Sem Vítimas;1;Céu Claro;Plena Noite;domingo;Tombamento;Múltipla;0;0;-19,4702439;-44,29480433;Segura;Sudeste;1 Trimestre
620599;2024.0;n;8.0;2024-08-11;SC;101;240;PALHOCA;Ingestão de álcool pelo condutor;Com Vítimas Feridas;3;Céu Claro;Plena Noite;domingo;Colisão traseira;Dupla;0;0;-27.85825092;-48.64383119;Segura;Sul;3 Trimestre
662606;2025.0;n;2.0;2025-02-20;PR;376;594;CURITIBA;Condutor deixou de manter distância do veículo da frente;Com Vítimas Feridas;4;Nublado;Anoitecer;quinta-feira;Colisão traseira;Dupla;0;1;-25,45139991;-49,36251104;Perigosa;Sul;1 Trimestre
585717;2024.0;n;3.0;2024-03-07;RJ;101;252;SILVA JARDIM;Estacionar ou parar em local proibido;Com Vítimas Feridas;2;Chuva;Pleno dia;quinta-feira;Colisão lateral mesmo sentido;Simples;0;0;-22.68214756;-42.53377419;Segura;Sudeste;1 Trimestre
588625;2024.0;n;3.0;2024-03-20;MS;158;89;PARANAIBA;Reação tardia ou ineficiente do condutor;Sem Vítimas;4;Céu Claro;Pleno dia;quarta-feira;Colisão com objeto;Simples;0;0;-19.63861994;-51.20871078;Segura;Centro-Oeste;1 Trimestre
686720;2025.0;n;4.0;2025-04-22;RO;319;60;PORTO VELHO;Acessar a via sem observar a presença dos outros veículos;Sem Vítimas;5;Céu Claro;Pleno dia;terça-feira;Colisão lateral mesmo sentido;Dupla;0;0;-8,74004928;-63,88984172;Segura;Norte;2 Trimestre
627626;2024.0;n;9.0;2024-09-12;MT;364;273;JACIARA;Ausência de reação do condutor;Com Vítimas Feridas;5;Céu Claro;Plena Noite;quinta-feira;Colisão com objeto;Dupla;0;0;-15.96077957;-54.96772983;Segura;Centro-Oeste;3 Trimestre
581076;2024.0;n;2.0;2024-02-14;MT;364;579;DIAMANTINO;Ausência de reação do condutor;Com Vítimas Feridas;2;Céu Claro;Pleno dia;quarta-feira;Saída de leito carroçável;Dupla;0;0;-14.66298789;-56.29936934;Segura;Centro-Oeste;1 Trimestre
605104;2024.0;n;6.0;2024-06-04;RJ;40;112;DUQUE DE CAXIAS;Ausência de reação do condutor;Com Vítimas Feridas;2;Céu Claro;Amanhecer;terça-feira;Colisão traseira;Múltipla;0;0;-22.7004454;-43.29014851;Segura;Sudeste;2 Trimestre
575351;2024.0;n;1.0;2024-01-17;MT;163;118;RONDONOPOLIS;Reação tardia ou ineficiente do condutor;Sem Vítimas;3;Céu Claro;Pleno dia;quarta-feira;Colisão traseira;Dupla;0;0;-16.51361392;-54.65519619;Segura;Centro-Oeste;1 Trimestre
616979;2024.0;n;7.0;2024-07-26;RN;406;169;SAO GONCALO DO AMARANTE;Animais na Pista;Sem Vítimas;1;Céu Claro;Pleno dia;sexta-feira;Saída de leito carroçável;Dupla;0;0;-5.75951414;-35.29714108;Segura;Nordeste;3 Trimestre
574642;2024.0;n;1.0;2024-01-14;BA;415;26,4;ILHEUS;Reação tardia ou ineficiente do condutor;Com Vítimas Feridas;2;Céu Claro;Pleno dia;domingo;Colisão frontal;Dupla;0;1;-14.797374;-39.197339;Perigosa;Nordeste;1 Trimestre
657585;2025.0;n;1.0;2025-01-26;MG;40;462;SETE LAGOAS;Chuva;Com Vítimas Feridas;2;Chuva;Plena Noite;domingo;Saída de leito carroçável;Dupla;0;0;-19,4136917;-44,33879427;Segura;Sudeste;1 Trimestre
594206;2024.0;n;4.0;2024-04-15;PR;376;158;MANDAGUACU;Demais falhas mecânicas ou elétricas;Sem Vítimas;3;Chuva;Plena Noite;segunda-feira;Incêndio;Dupla;0;0;-23.36169997;-52.08593395;Segura;Sul;2 Trimestre
687950;2025.0;n;4.0;2025-04-28;BA;101;368;GANDU;Condutor Dormindo;Com Vítimas Feridas;4;Nublado;Plena Noite;segunda-feira;Colisão traseira;Simples;0;0;-13,765617;-39,491193;Segura;Nordeste;2 Trimestre
627466;2024.0;n;9.0;2024-09-05;GO;60;97;ANAPOLIS;Ingestão de álcool pelo condutor;Sem Vítimas;2;Céu Claro;Plena Noite;quinta-feira;Colisão traseira;Dupla;0;0;-16.3774;-48.9483;Segura;Centro-Oeste;3 Trimestre
607465;2024.0;n;6.0;2024-06-14;SC;470;59,9;BLUMENAU;Ausência de reação do condutor;Com Vítimas Feridas;4;Céu Claro;Pleno dia;sexta-feira;Colisão traseira;Simples;0;1;-26.882812;-49.1548;Perigosa;Sul;2 Trimestre
657760;2025.0;n;1.0;2025-01-27;MS;262;487;ANASTACIO;Demais falhas mecânicas ou elétricas;Com Vítimas Feridas;3;Céu Claro;Plena Noite;segunda-feira;Atropelamento de Pedestre;Simples;0;1;-20,50040494;-55,79686761;Perigosa;Centro-Oeste;1 Trimestre
573695;2024.0;n;1.0;2024-01-10;MG;50;155;UBERABA;Acumulo de água sobre o pavimento;Com Vítimas Fatais;7;Chuva;Amanhecer;quarta-feira;Saída de leito carroçável;Dupla;2;0;-19.60825703;-48.02198508;Perigosa;Sudeste;1 Trimestre
662049;2025.0;n;2.0;2025-02-01;MG;381;483;BETIM;Condutor deixou de manter distância do veículo da frente;Com Vítimas Feridas;4;Céu Claro;Pleno dia;sábado;Engavetamento;Dupla;0;0;-19,95594491;-44,10721699;Segura;Sudeste;1 Trimestre
576361;2024.0;n;1.0;2024-01-22;PR;376;2;SAO JOSE DOS PINHAIS;Retorno proibido;Com Vítimas Feridas;3;Nublado;Pleno dia;segunda-feira;Colisão transversal;Dupla;0;1;-25.5307;-49.1958;Perigosa;Sul;1 Trimestre
607324;2024.0;n;6.0;2024-06-14;SP;116;289;ITAPECERICA DA SERRA;Ausência de reação do condutor;Com Vítimas Fatais;2;Céu Claro;Plena Noite;sexta-feira;Colisão traseira;Dupla;1;0;-23.72290969;-46.89096614;Perigosa;Sudeste;2 Trimestre
629505;2024.0;n;9.0;2024-09-21;SP;116;313;SAO LOURENCO DA SERRA;Reação tardia ou ineficiente do condutor;Sem Vítimas;4;Nublado;Plena Noite;sábado;Colisão traseira;Dupla;0;0;-23.88913612;-46.9801679;Segura;Sudeste;3 Trimestre
606774;2024.0;n;6.0;2024-06-11;MG;40;634,5;CONSELHEIRO LAFAIETE;Manobra de mudança de faixa;Com Vítimas Feridas;2;Céu Claro;Pleno dia;terça-feira;Colisão lateral mesmo sentido;Simples;0;0;-20.7004574;-43.79300963;Segura;Sudeste;2 Trimestre
582914;2024.0;n;2.0;2024-02-24;GO;153;224;HIDROLINA;Transitar na contramão;Com Vítimas Feridas;3;Nublado;Anoitecer;sábado;Colisão lateral sentido oposto;Simples;0;1;-14.718353;-49.230244;Perigosa;Centro-Oeste;1 Trimestre
580203;2024.0;n;2.0;2024-02-10;MG;381;163;GOVERNADOR VALADARES;Condutor Dormindo;Com Vítimas Feridas;2;Nublado;Plena Noite;sábado;Colisão lateral sentido oposto;Simples;0;1;-18.93550625;-42.0516298;Perigosa;Sudeste;1 Trimestre
601358;2024.0;n;5.0;2024-05-18;BA;116;501;SANTA TERESINHA;Velocidade Incompatível;Com Vítimas Feridas;5;Chuva;Pleno dia;sábado;Colisão frontal;Simples;0;0;-12.59643624;-39.53609788;Segura;Nordeste;2 Trimestre
626913;2024.0;n;9.0;2024-09-09;MG;116;539,3;SANTA RITA DE MINAS;Velocidade Incompatível;Com Vítimas Feridas;3;Nublado;Amanhecer;segunda-feira;Tombamento;Simples;0;0;-19.88240027;-42.13242591;Segura;Sudeste;3 Trimestre
652844;2025.0;n;1.0;2025-01-02;SC;282;558,5;NOVA ITABERABA;Velocidade Incompatível;Com Vítimas Feridas;1;Chuva;Anoitecer;quinta-feira;Saída de leito carroçável;Simples;0;0;-26,93273;-52,838913;Segura;Sul;1 Trimestre
595900;2024.0;n;4.0;2024-04-23;TO;153;653;GURUPI;Reação tardia ou ineficiente do condutor;Com Vítimas Feridas;3;Céu Claro;Pleno dia;terça-feira;Colisão traseira;Simples;0;0;-11.56142996;-49.02722613;Segura;Norte;2 Trimestre
672678;2025.0;n;4.0;2025-04-10;RJ;116;330;ITATIAIA;Ausência de sinalização;Com Vítimas Feridas;7;Nevoeiro/Neblina;Plena Noite;quinta-feira;Engavetamento;Múltipla;0;0;-22,50474295;-44,62361768;Segura;Sudeste;2 Trimestre
572966;2024.0;n;1.0;2024-01-06;AL;101;86,6;RIO LARGO;Condutor Dormindo;Com Vítimas Feridas;3;Céu Claro;Pleno dia;sábado;Colisão traseira;Dupla;0;0;-9.47238667;-35.88083026;Segura;Nordeste;1 Trimestre
652522;2025.0;y;1.0;2025-01-01;PR;369;88,2;CORNELIO PROCOPIO;Reação tardia ou ineficiente do condutor;Com Vítimas Feridas;2;Sol;Pleno dia;quarta-feira;Colisão traseira;Dupla;0;0;-23,182565;-50,637228;Segura;Sul;1 Trimestre
603870;2024.0;n;5.0;2024-05-29;PI;316;6;TERESINA;Ausência de reação do condutor;Sem Vítimas;3;Céu Claro;Plena Noite;quarta-feira;Engavetamento;Múltipla;0;0;-5.14375474;-42.77870178;Segura;Nordeste;2 Trimestre
576657;2024.0;n;1.0;2024-01-23;MG;381;525,7;BRUMADINHO;Demais falhas mecânicas ou elétricas;Com Vítimas Feridas;3;Nublado;Pleno dia;terça-feira;Tombamento;Dupla;0;0;-20.16710798;-44.33422398;Segura;Sudeste;1 Trimestre
575076;2024.0;n;1.0;2024-01-16;GO;60;264;INDIARA;Condutor Dormindo;Com Vítimas Feridas;2;Céu Claro;Pleno dia;terça-feira;Colisão traseira;Dupla;0;1;-17.17369127;-50.05759846;Perigosa;Centro-Oeste;1 Trimestre
627384;2024.0;n;9.0;2024-09-11;DF;70;11,9;BRASILIA;Condutor deixou de manter distância do veículo da frente;Com Vítimas Feridas;4;Céu Claro;Plena Noite;quarta-feira;Engavetamento;Dupla;0;0;-15.789762;-48.148727;Segura;Centro-Oeste;3 Trimestre
574512;2024.0;n;1.0;2024-01-13;TO;153;135;ARAGUAINA;Ingestão de álcool pelo condutor;Sem Vítimas;2;Nublado;Plena Noite;sábado;Colisão traseira;Simples;0;0;-7.12896688;-48.19843215;Segura;Norte;1 Trimestre
619592;2024.0;n;8.0;2024-08-07;SP;116;504;CAJATI;Demais falhas mecânicas ou elétricas;Sem Vítimas;2;Céu Claro;Amanhecer;quarta-feira;Incêndio;Simples;0;0;-24.78266496;-48.20865858;Segura;Sudeste;3 Trimestre
604444;2024.0;n;6.0;2024-06-01;PE;428;187,3;PETROLINA;Ausência de reação do condutor;Sem Vítimas;1;Céu Claro;Pleno dia;sábado;Colisão com objeto;Múltipla;0;0;-9.35604301;-40.47854198;Segura;Nordeste;2 Trimestre
581232;2024.0;n;2.0;2024-02-15;BA;407;48;JUAZEIRO;Ausência de reação do condutor;Com Vítimas Feridas;1;Nublado;Plena Noite;quinta-feira;Capotamento;Simples;0;0;-9.79759009;-40.32393919;Segura;Nordeste;1 Trimestre
623965;2024.0;n;8.0;2024-08-27;CE;116;14;FORTALEZA;Manobra de mudança de faixa;Sem Vítimas;2;Céu Claro;Pleno dia;terça-feira;Colisão com objeto;Múltipla;0;0;-3.86973356;-38.49827361;Segura;Nordeste;3 Trimestre
575552;2024.0;n;1.0;2024-01-18;BA;116;429,6;FEIRA DE SANTANA;Carga excessiva e/ou mal acondicionada;Sem Vítimas;1;Céu Claro;Pleno dia;quinta-feira;Colisão com objeto;Dupla;0;0;-12.28847607;-39.01053786;Segura;Nordeste;1 Trimestre
630185;2024.0;n;9.0;2024-09-24;RJ;101;274;TANGUA;Ausência de reação do condutor;Com Vítimas Feridas;4;Céu Claro;Amanhecer;terça-feira;Colisão traseira;Dupla;0;0;-22.73506292;-42.71948103;Segura;Sudeste;3 Trimestre
587433;2024.0;n;3.0;2024-03-15;AL;104;64;MURICI;Condutor Dormindo;Com Vítimas Feridas;4;Céu Claro;Pleno dia;sexta-feira;Colisão lateral sentido oposto;Simples;0;0;-9.3301775;-35.90512004;Segura;Nordeste;1 Trimestre
688253;2025.0;n;4.0;2025-04-30;GO;20;200,6;POSSE;Condutor Dormindo;Sem Vítimas;3;Nublado;Pleno dia;quarta-feira;Saída de leito carroçável;Simples;0;0;-14,308959;-46,449258;Segura;Centro-Oeste;2 Trimestre
595954;2024.0;n;4.0;2024-04-23;RJ;356;16;ITAPERUNA;Deficiência do Sistema de Iluminação/Sinalização;Com Vítimas Fatais;2;Céu Claro;Plena Noite;terça-feira;Colisão frontal;Simples;1;0;-21.17841194;-42.048441;Perigosa;Sudeste;2 Trimestre
593495;2024.0;n;4.0;2024-04-12;PR;376;504;PONTA GROSSA;Velocidade Incompatível;Sem Vítimas;2;Céu Claro;Pleno dia;sexta-feira;Saída de leito carroçável;Dupla;0;0;-25.23024416;-50.04503118;Segura;Sul;2 Trimestre
621091;2024.0;n;8.0;2024-08-13;GO;20;233,3;POSSE;Velocidade Incompatível;Sem Vítimas;3;Céu Claro;Plena Noite;terça-feira;Saída de leito carroçável;Simples;0;0;-14.086459;-46.295727;Segura;Centro-Oeste;3 Trimestre
625164;2024.0;n;9.0;2024-09-01;SC;116;55;PAPANDUVA;Reação tardia ou ineficiente do condutor;Com Vítimas Feridas;3;Céu Claro;Anoitecer;domingo;Colisão lateral sentido oposto;Simples;0;0;-26.39272091;-50.17465998;Segura;Sul;3 Trimestre
660111;2025.0;n;2.0;2025-02-08;BA;101;140;TEODORO SAMPAIO;Demais falhas mecânicas ou elétricas;Sem Vítimas;1;Céu Claro;Pleno dia;sábado;Incêndio;Simples;0;0;-12,27707429;-38,68756785;Segura;Nordeste;1 Trimestre
687755;2025.0;n;4.0;2025-04-27;MG;251;330,5;FRUTA DE LEITE;Transitar na contramão;Com Vítimas Feridas;6;Céu Claro;Pleno dia;domingo;Tombamento;Simples;0;1;-16,24688;-42,38235;Perigosa;Sudeste;2 Trimestre
617817;2024.0;n;7.0;2024-07-30;MG;365;689;MONTE ALEGRE DE MINAS;Condutor Dormindo;Sem Vítimas;5;Céu Claro;Pleno dia;terça-feira;Colisão traseira;Simples;0;0;-18.87617045;-48.89351998;Segura;Sudeste;3 Trimestre
653507;2025.0;n;1.0;2025-01-06;SC;280;52;GUARAMIRIM;Desrespeitar a preferência no cruzamento;Com Vítimas Feridas;2;Nublado;Pleno dia;segunda-feira;Colisão transversal;Simples;0;0;-26,468904;-48,96492;Segura;Sul;1 Trimestre
609454;2024.0;n;6.0;2024-06-23;BA;110;208;CIPO;Transitar na contramão;Com Vítimas Fatais;4;Céu Claro;Pleno dia;domingo;Colisão frontal;Simples;1;0;-11.112348;-38.52;Perigosa;Nordeste;2 Trimestre
686805;2025.0;n;4.0;2025-04-23;RS;386;231,6;SOLEDADE;Condutor Dormindo;Com Vítimas Fatais;4;Céu Claro;Plena Noite;quarta-feira;Colisão traseira;Simples;1;0;-28,688129;-52,586761;Perigosa;Sul;2 Trimestre
670503;2025.0;n;3.0;2025-03-30;PR;373;454,6;CHOPINZINHO;Ingestão de álcool pelo condutor;Com Vítimas Fatais;3;Céu Claro;Amanhecer;domingo;Colisão frontal;Simples;5;0;-25,9061758;-52,3807674;Perigosa;Sul;1 Trimestre
653537;2025.0;n;1.0;2025-01-06;RJ;101;398;ITAGUAI;Condutor Dormindo;Com Vítimas Feridas;5;Céu Claro;Pleno dia;segunda-feira;Colisão traseira;Dupla;0;0;-22,86787912;-43,74862922;Segura;Sudeste;1 Trimestre
619742;2024.0;n;8.0;2024-08-07;MS;158;97;PARANAIBA;Condutor deixou de manter distância do veículo da frente;Com Vítimas Feridas;4;Céu Claro;Pleno dia;quarta-feira;Colisão traseira;Dupla;0;1;-19.69627676;-51.17701292;Perigosa;Centro-Oeste;3 Trimestre
659820;2025.0;n;2.0;2025-02-06;BA;110;144;CICERO DANTAS;Ultrapassagem Indevida;Com Vítimas Fatais;2;Céu Claro;Plena Noite;quinta-feira;Colisão lateral sentido oposto;Simples;1;0;-10,58317696;-38,37435277;Perigosa;Nordeste;1 Trimestre
600645;2024.0;n;5.0;2024-05-15;MG;365;66;JEQUITAI;Velocidade Incompatível;Com Vítimas Feridas;2;Céu Claro;Pleno dia;quarta-feira;Tombamento;Simples;0;1;-17.04887701;-44.32704498;Perigosa;Sudeste;2 Trimestre
622620;2024.0;n;8.0;2024-08-21;TO;153;246;COLINAS DO TOCANTINS;Demais falhas mecânicas ou elétricas;Sem Vítimas;2;Céu Claro;Amanhecer;quarta-feira;Incêndio;Múltipla;0;0;-8.046382;-48.46624384;Segura;Norte;3 Trimestre
622697;2024.0;n;8.0;2024-08-21;MG;40;524;CONTAGEM;Demais falhas mecânicas ou elétricas;Sem Vítimas;2;Céu Claro;Pleno dia;quarta-feira;Saída de leito carroçável;Dupla;0;0;-19.8754469;-44.05345586;Segura;Sudeste;3 Trimestre
619549;2024.0;n;8.0;2024-08-06;SP;116;347;MIRACATU;Reação tardia ou ineficiente do condutor;Com Vítimas Feridas;4;Nublado;Plena Noite;terça-feira;Colisão traseira;Dupla;0;1;-24.04699491;-47.19706111;Perigosa;Sudeste;3 Trimestre
624702;2024.0;n;8.0;2024-08-30;PR;376;529,5;PALMEIRA;Acostamento em desnível;Sem Vítimas;2;Céu Claro;Plena Noite;sexta-feira;Colisão com objeto;Dupla;0;0;-25.34075;-49.84942;Segura;Sul;3 Trimestre
611599;2024.0;n;6.0;2024-06-30;PA;163;168;ALTAMIRA;Ultrapassagem Indevida;Com Vítimas Fatais;5;Céu Claro;Pleno dia;domingo;Colisão frontal;Simples;2;0;-8.23205807;-55.11763517;Perigosa;Norte;2 Trimestre
625077;2024.0;n;9.0;2024-09-01;MG;381;833,8;SAO SEBASTIAO DA BELA VISTA;Manobra de mudança de faixa;Sem Vítimas;2;Sol;Pleno dia;domingo;Colisão lateral mesmo sentido;Dupla;0;0;-22.15829896;-45.82738805;Segura;Sudeste;3 Trimestre
686287;2025.0;n;4.0;2025-04-16;BA;324;2;FEIRA DE SANTANA;Acesso irregular;Com Vítimas Feridas;3;Céu Claro;Plena Noite;quarta-feira;Colisão frontal;Simples;0;1;-12,27979664;-38,92298808;Perigosa;Nordeste;2 Trimestre
589635;2024.0;n;3.0;2024-03-25;ES;101;281,7;SERRA;Demais falhas mecânicas ou elétricas;Sem Vítimas;3;Céu Claro;Pleno dia;segunda-feira;Colisão com objeto;Dupla;0;0;-20.22357587;-40.35922359;Segura;Sudeste;1 Trimestre
576040;2024.0;n;1.0;2024-01-20;GO;153;203;URUACU;Frear bruscamente;Com Vítimas Feridas;2;Céu Claro;Pleno dia;sábado;Capotamento;Simples;0;0;-14.537633;-49.161839;Segura;Centro-Oeste;1 Trimestre
671765;2025.0;n;4.0;2025-04-05;GO;60;400;RIO VERDE;Ausência de reação do condutor;Sem Vítimas;4;Céu Claro;Pleno dia;sábado;Tombamento;Dupla;0;0;-17,821588;-51,0654;Segura;Centro-Oeste;2 Trimestre
659629;2025.0;n;2.0;2025-02-06;MS;163;74;ITAQUIRAI;Ausência de reação do condutor;Com Vítimas Feridas;3;Nublado;Pleno dia;quinta-feira;Colisão lateral sentido oposto;Simples;0;0;-23,50976209;-54,18919663;Segura;Centro-Oeste;1 Trimestre
580361;2024.0;n;2.0;2024-02-10;MG;381;587,1;CARMOPOLIS DE MINAS;Ausência de reação do condutor;Com Vítimas Fatais;4;Céu Claro;Anoitecer;sábado;Colisão traseira;Dupla;1;0;-20.5460261;-44.65677896;Perigosa;Sudeste;1 Trimestre
627273;2024.0;n;9.0;2024-09-11;ES;262;59,2;MARECHAL FLORIANO;Reação tardia ou ineficiente do condutor;Com Vítimas Fatais;3;Céu Claro;Pleno dia;quarta-feira;Colisão traseira;Simples;1;0;-20.42168121;-40.77787375;Perigosa;Sudeste;3 Trimestre
673472;2025.0;n;4.0;2025-04-13;MG;381;439;SABARA;Reação tardia ou ineficiente do condutor;Com Vítimas Fatais;4;Céu Claro;Pleno dia;domingo;Colisão frontal;Simples;2;0;-19,809717;-43,766656;Perigosa;Sudeste;2 Trimestre
667365;2025.0;n;3.0;2025-03-15;TO;242;453,5;FORMOSO DO ARAGUAIA;Ultrapassagem Indevida;Com Vítimas Feridas;3;Céu Claro;Pleno dia;sábado;Colisão lateral mesmo sentido;Simples;0;0;-11,8105636;-49,53495026;Segura;Norte;1 Trimestre
664278;2025.0;n;2.0;2025-02-28;SC;101;284,8;IMBITUBA;Ausência de reação do condutor;Sem Vítimas;2;Céu Claro;Plena Noite;sexta-feira;Colisão traseira;Dupla;0;0;-28,236519;-48,700818;Segura;Sul;1 Trimestre
596286;2024.0;n;4.0;2024-04-25;SC;101;81;BARRA VELHA;Condutor deixou de manter distância do veículo da frente;Com Vítimas Feridas;2;Garoa/Chuvisco;Pleno dia;quinta-feira;Colisão traseira;Múltipla;0;0;-26.60256101;-48.72553524;Segura;Sul;2 Trimestre
617312;2024.0;n;7.0;2024-07-27;PB;104;118,6;LAGOA SECA;Ausência de reação do condutor;Com Vítimas Feridas;1;Céu Claro;Plena Noite;sábado;Saída de leito carroçável;Simples;0;0;-7.19440238;-35.87270021;Segura;Nordeste;3 Trimestre
688240;2025.0;n;4.0;2025-04-30;MG;381;508;SAO JOAQUIM DE BICAS;Objeto estático sobre o leito carroçável;Com Vítimas Feridas;6;Céu Claro;Pleno dia;quarta-feira;Engavetamento;Dupla;0;1;-20,04505044;-44,27324581;Perigosa;Sudeste;2 Trimestre
575317;2024.0;n;1.0;2024-01-17;RN;101;83,7;NATAL;Reação tardia ou ineficiente do condutor;Com Vítimas Feridas;2;Céu Claro;Pleno dia;quarta-feira;Colisão traseira;Dupla;0;1;-5.77313486;-35.2605021;Perigosa;Nordeste;1 Trimestre
666083;2025.0;n;3.0;2025-03-09;SC;153;0,8;AGUA DOCE;Velocidade Incompatível;Com Vítimas Feridas;1;Nublado;Plena Noite;domingo;Tombamento;Simples;0;1;-26,613063;-51,496348;Perigosa;Sul;1 Trimestre
666823;2025.0;n;3.0;2025-03-12;SC;101;49,3;JOINVILLE;Reação tardia ou ineficiente do condutor;Com Vítimas Feridas;2;Chuva;Pleno dia;quarta-feira;Colisão traseira;Múltipla;0;0;-26,38069979;-48,85151602;Segura;Sul;1 Trimestre
619102;2024.0;n;8.0;2024-08-04;RJ;116;169;RIO DE JANEIRO;Ausência de reação do condutor;Com Vítimas Feridas;3;Céu Claro;Plena Noite;domingo;Colisão com objeto;Dupla;0;0;-22.816206;-43.324463;Segura;Sudeste;3 Trimestre
673595;2025.0;n;4.0;2025-04-14;RJ;101;106;CAMPOS DOS GOYTACAZES;Manobra de mudança de faixa;Com Vítimas Feridas;2;Céu Claro;Pleno dia;segunda-feira;Colisão lateral mesmo sentido;Dupla;0;0;-21,927818;-41,624212;Segura;Sudeste;2 Trimestre
614576;2024.0;n;7.0;2024-07-15;BA;242;785;BARREIRAS;Transitar na contramão;Com Vítimas Feridas;4;Céu Claro;Pleno dia;segunda-feira;Queda de ocupante de veículo;Simples;0;0;-12.140268;-44.940357;Segura;Nordeste;3 Trimestre
604831;2024.0;n;6.0;2024-06-02;PA;10;101,8;ULIANOPOLIS;Reação tardia ou ineficiente do condutor;Com Vítimas Feridas;2;Céu Claro;Pleno dia;domingo;Tombamento;Simples;0;1;-3.53991983;-47.49086353;Perigosa;Norte;2 Trimestre
624612;2024.0;n;8.0;2024-08-30;MT;364;494;JANGADA;Ausência de reação do condutor;Com Vítimas Feridas;8;Céu Claro;Pleno dia;sexta-feira;Colisão traseira;Simples;0;0;-15.29227197;-56.43455719;Segura;Centro-Oeste;3 Trimestre
602592;2024.0;n;4.0;2024-04-18;MT;364;286;JACIARA;Reação tardia ou ineficiente do condutor;Com Vítimas Fatais;9;Nublado;Pleno dia;quinta-feira;Colisão traseira;Dupla;1;1;-15.90151807;-55.056197;Perigosa;Centro-Oeste;2 Trimestre
671019;2025.0;n;4.0;2025-04-02;PE;232;126;CARUARU;Chuva;Com Vítimas Feridas;2;Nublado;Amanhecer;quarta-feira;Colisão traseira;Dupla;0;0;-8,30636093;-35,93642145;Segura;Nordeste;2 Trimestre
652835;2025.0;n;1.0;2025-01-02;PE;116;27,7;SALGUEIRO;Animais na Pista;Com Vítimas Feridas;1;Céu Claro;Plena Noite;quinta-feira;Atropelamento de Animal;Simples;0;0;-8,078546;-39,130867;Segura;Nordeste;1 Trimestre
610028;2024.0;n;5.0;2024-05-15;SC;101;121,1;ITAJAI;Reação tardia ou ineficiente do condutor;Com Vítimas Feridas;4;Nublado;Pleno dia;quarta-feira;Colisão lateral mesmo sentido;Dupla;0;0;-26.92103178;-48.70856446;Segura;Sul;2 Trimestre