id;ano;feriado;mes;data_inversa;uf;br;km;municipio;causa_acidente;classificacao_acidente;veiculos;condicao_metereologica;fase_dia;dia_semana;tipo_acidente;tipo_pista;mortos;feridos_graves;latitude;longitude;status;regiao;periodo
615358;2024.0;n;7.0;2024-07-18;SC;101;129;BALNEARIO CAMBORIU;Reação tardia ou ineficiente do condutor;Com Vítimas Feridas;4;Céu Claro;Plena Noite;quinta-feira;Colisão traseira;Dupla;0;0;-26.98064277;-48.6790679;Segura;Sul;3 Trimestre
601056;2024.0;n;5.0;2024-05-17;PR;277;201,8;PALMEIRA;Reação tardia ou ineficiente do condutor;Com Vítimas Feridas;2;Céu Claro;Pleno dia;sexta-feira;Saída de leito carroçável;Simples;0;0;-25.45817002;-50.21181499;Segura;Sul;2 Trimestre
593169;2024.0;n;4.0;2024-04-10;GO;80;102;VILA PROPICIO;Velocidade Incompatível;Com Vítimas Feridas;2;Chuva;Plena Noite;quarta-feira;Saída de leito carroçável;Simples;0;0;-15.208875;-48.697312;Segura;Centro-Oeste;2 Trimestre
659714;2025.0;n;2.0;2025-02-06;RO;364;708;PORTO VELHO;Demais falhas mecânicas ou elétricas;Sem Vítimas;1;Céu Claro;Plena Noite;quinta-feira;Incêndio;Dupla;0;0;-8,79554083;-63,84072487;Segura;Norte;1 Trimestre
585178;2024.0;n;3.0;2024-03-05;RS;386;358,2;ESTRELA;Condutor deixou de manter distância do veículo da frente;Com Vítimas Feridas;2;Sol;Pleno dia;terça-feira;Colisão traseira;Dupla;0;1;-29.53306;-51.919636;Perigosa;Sul;1 Trimestre
618622;2024.0;n;8.0;2024-08-02;SC;282;322,6;CAMPOS NOVOS;Reação tardia ou ineficiente do condutor;Sem Vítimas;2;Céu Claro;Pleno dia;sexta-feira;Tombamento;Simples;0;0;-27.37465625;-51.06676168;Segura;Sul;3 Trimestre
626139;2024.0;n;9.0;2024-09-06;BA;101;650;ITAPEBI;Ultrapassagem Indevida;Com Vítimas Feridas;7;Sol;Pleno dia;sexta-feira;Colisão lateral mesmo sentido;Simples;0;0;-16.01883507;-39.60635089;Segura;Nordeste;3 Trimestre
620253;2024.0;n;8.0;2024-08-10;RJ;356;155,2;CAMPOS DOS GOYTACAZES;Acessar a via sem observar a presença dos outros veículos;Com Vítimas Feridas;5;Céu Claro;Plena Noite;sábado;Colisão transversal;Simples;0;0;-21.74815;-41.22062;Segura;Sudeste;3 Trimestre
654141;2025.0;n;1.0;2025-01-09;MG;365;62,5;JEQUITAI;Velocidade Incompatível;Com Vítimas Feridas;2;Chuva;Plena Noite;quinta-feira;Tombamento;Simples;0;0;-17,02504891;-44,30279212;Segura;Sudeste;1 Trimestre
687161;2025.0;n;4.0;2025-04-25;PR;272;372;CAMPO MOURAO;Transitar na contramão;Com Vítimas Fatais;2;Garoa/Chuvisco;Plena Noite;sexta-feira;Colisão frontal;Simples;3;0;-24,0697999;-52,4440591;Perigosa;Sul;2 Trimestre
653220;2025.0;n;1.0;2025-01-04;PR;153;73,6;CONSELHEIRO MAIRINCK;Condutor desrespeitou a iluminação vermelha do semáforo;Com Vítimas Fatais;2;Céu Claro;Plena Noite;sábado;Colisão traseira;Simples;1;0;-23,55202819;-50,13298631;Perigosa;Sul;1 Trimestre
653088;2025.0;n;1.0;2025-01-04;SC;101;116,8;ITAJAI;Ausência de reação do condutor;Com Vítimas Feridas;2;Sol;Pleno dia;sábado;Colisão lateral mesmo sentido;Dupla;0;2;-26,87905605;-48,72603512;Perigosa;Sul;1 Trimestre
667909;2025.0;n;3.0;2025-03-17;ES;101;269;SERRA;Reação tardia ou ineficiente do condutor;Com Vítimas Feridas;2;Nublado;Pleno dia;segunda-feira;Colisão traseira;Múltipla;0;1;-20,22333269;-40,27030941;Perigosa;Sudeste;1 Trimestre
655073;2025.0;n;1.0;2025-01-11;RS;470;157;NOVA PRATA;Ingestão de álcool pelo condutor;Com Vítimas Feridas;2;Céu Claro;Pleno dia;sábado;Colisão frontal;Dupla;0;0;-28,79507068;-51,61584453;Segura;Sul;1 Trimestre
653759;2025.0;n;1.0;2025-01-07;SP;116;220;GUARULHOS;Manobra de mudança de faixa;Com Vítimas Feridas;2;Céu Claro;Plena Noite;terça-feira;Colisão lateral mesmo sentido;Múltipla;0;0;-23,46472809;-46,49793962;Segura;Sudeste;1 Trimestre
690028;2025.0;n;4.0;2025-04-11;SC;101;129,9;CAMBORIU;Condutor deixou de manter distância do veículo da frente;Com Vítimas Feridas;3;Nublado;Pleno dia;sexta-feira;Colisão lateral mesmo sentido;Dupla;0;1;-26,98520569;-48,66775252;Perigosa;Sul;2 Trimestre
653474;2025.0;n;1.0;2025-01-06;GO;70;320;JUSSARA;Retorno proibido;Com Vítimas Feridas;2;Nublado;Pleno dia;segunda-feira;Colisão transversal;Dupla;0;0;-15,87788149;-50,8864881;Segura;Centro-Oeste;1 Trimestre
583785;2024.0;n;2.0;2024-02-28;PR;369;166,3;CAMBE;Desrespeitar a preferência no cruzamento;Com Vítimas Feridas;2;Sol;Pleno dia;quarta-feira;Colisão transversal;Dupla;0;1;-23.29536795;-51.30853415;Perigosa;Sul;1 Trimestre
653464;2025.0;n;1.0;2025-01-06;SP;381;63,8;MAIRIPORA;Reação tardia ou ineficiente do condutor;Com Vítimas Feridas;1;Sol;Pleno dia;segunda-feira;Tombamento;Dupla;0;0;-23,302805;-46,572767;Segura;Sudeste;1 Trimestre
664372;2025.0;n;2.0;2025-02-28;SC;116;114,9;SANTA CECILIA;Velocidade Incompatível;Com Vítimas Feridas;2;Céu Claro;Plena Noite;sexta-feira;Tombamento;Simples;0;0;-26,80149036;-50,33860445;Segura;Sul;1 Trimestre
605540;2024.0;n;6.0;2024-06-05;PR;277;476,2;NOVA LARANJEIRAS;Acessar a via sem observar a presença dos outros veículos;Com Vítimas Fatais;4;Céu Claro;Pleno dia;quarta-feira;Atropelamento de Pedestre;Simples;1;0;-25.30570383;-52.55588296;Perigosa;Sul;2 Trimestre
597259;2024.0;n;4.0;2024-04-29;RJ;393;256;BARRA DO PIRAI;Ingestão de álcool pelo condutor;Sem Vítimas;2;Céu Claro;Anoitecer;segunda-feira;Saída de leito carroçável;Simples;0;0;-22.4534484;-43.80778895;Segura;Sudeste;2 Trimestre
615975;2024.0;n;7.0;2024-07-21;RJ;493;83;JAPERI;Ausência de reação do condutor;Com Vítimas Feridas;1;Céu Claro;Pleno dia;domingo;Saída de leito carroçável;Dupla;0;0;-22.66519895;-43.59455466;Segura;Sudeste;3 Trimestre
673709;2025.0;n;4.0;2025-04-06;MS;163;769;COXIM;Reação tardia ou ineficiente do condutor;Com Vítimas Feridas;2;Céu Claro;Anoitecer;domingo;Capotamento;Simples;0;0;-18,16162567;-54,66633797;Segura;Centro-Oeste;2 Trimestre
605662;2024.0;n;6.0;2024-06-06;PR;476;321;PAULO FRONTIN;Ultrapassagem Indevida;Com Vítimas Feridas;3;Céu Claro;Plena Noite;quinta-feira;Colisão frontal;Simples;0;0;-26.07165;-50.737957;Segura;Sul;2 Trimestre
610213;2024.0;n;6.0;2024-06-26;BA;101;525;BUERAREMA;Pedestre - Ingestão de álcool/ substâncias psicoativas;Com Vítimas Feridas;2;Céu Claro;Plena Noite;quarta-feira;Atropelamento de Pedestre;Simples;0;1;-14.96468654;-39.3145752;Perigosa;Nordeste;2 Trimestre
666164;2025.0;n;3.0;2025-03-09;MG;365;478,2;PATROCINIO;Transitar na contramão;Com Vítimas Fatais;5;Sol;Pleno dia;domingo;Colisão lateral sentido oposto;Simples;1;0;-18,91369;-47,04114;Perigosa;Sudeste;1 Trimestre
592621;2024.0;n;4.0;2024-04-08;PR;369;405,9;JURANDA;Condutor deixou de manter distância do veículo da frente;Com Vítimas Feridas;4;Nublado;Pleno dia;segunda-feira;Saída de leito carroçável;Simples;0;0;-24.40131;-52.81141;Segura;Sul;2 Trimestre
611269;2024.0;n;7.0;2024-07-01;RS;470;275;SAO JOSE DO SUL;Velocidade Incompatível;Com Vítimas Feridas;2;Céu Claro;Pleno dia;segunda-feira;Tombamento;Simples;0;1;-29.55360797;-51.48039953;Perigosa;Sul;3 Trimestre
582663;2024.0;n;2.0;2024-02-22;SP;116;137;SAO JOSE DOS CAMPOS;Reação tardia ou ineficiente do condutor;Com Vítimas Fatais;4;Céu Claro;Plena Noite;quinta-feira;Engavetamento;Dupla;1;0;-23.15300766;-45.78709317;Perigosa;Sudeste;1 Trimestre
592680;2024.0;n;4.0;2024-04-08;SP;116;339;MIRACATU;Ausência de reação do condutor;Com Vítimas Feridas;2;Céu Claro;Pleno dia;segunda-feira;Colisão com objeto;Dupla;0;0;-23.9983939;-47.14927316;Segura;Sudeste;2 Trimestre
653247;2025.0;n;1.0;2025-01-04;MG;116;407,8;GOVERNADOR VALADARES;Conversão proibida;Com Vítimas Feridas;2;Céu Claro;Plena Noite;sábado;Colisão transversal;Simples;0;1;-18,835552;-41,98926799;Perigosa;Sudeste;1 Trimestre
624516;2024.0;n;8.0;2024-08-30;MS;267;497,5;JARDIM;Reação tardia ou ineficiente do condutor;Com Vítimas Feridas;4;Céu Claro;Pleno dia;sexta-feira;Saída de leito carroçável;Simples;0;0;-21.49595;-56.290411;Segura;Centro-Oeste;3 Trimestre
578073;2024.0;n;1.0;2024-01-30;PR;369;163;CAMBE;Velocidade Incompatível;Com Vítimas Feridas;6;Céu Claro;Pleno dia;terça-feira;Colisão traseira;Dupla;0;2;-23.2970736;-51.2772632;Perigosa;Sul;1 Trimestre
669752;2025.0;n;3.0;2025-03-26;SP;116;112;TAUBATE;Manobra de mudança de faixa;Com Vítimas Feridas;4;Nublado;Plena Noite;quarta-feira;Colisão lateral mesmo sentido;Dupla;0;0;-23,04588909;-45,58492139;Segura;Sudeste;1 Trimestre
585187;2024.0;n;3.0;2024-03-05;PE;116;45,5;SALGUEIRO;Transitar na contramão;Com Vítimas Fatais;4;Céu Claro;Pleno dia;terça-feira;Colisão frontal;Simples;1;1;-8.231612;-39.108917;Perigosa;Nordeste;1 Trimestre
603979;2024.0;n;5.0;2024-05-30;MG;116;338;CAMPANARIO;Demais falhas mecânicas ou elétricas;Sem Vítimas;1;Céu Claro;Pleno dia;quinta-feira;Incêndio;Simples;0;0;-18.30303475;-41.75211841;Segura;Sudeste;2 Trimestre
614578;2024.0;n;7.0;2024-07-15;SC;480;126;CHAPECO;Reação tardia ou ineficiente do condutor;Sem Vítimas;2;Nevoeiro/Neblina;Plena Noite;segunda-feira;Saída de leito carroçável;Dupla;0;0;-27.020083;-52.636024;Segura;Sul;3 Trimestre
661524;2025.0;n;2.0;2025-02-15;MG;262;798;UBERABA;Manobra de mudança de faixa;Com Vítimas Feridas;3;Céu Claro;Pleno dia;sábado;Colisão lateral mesmo sentido;Simples;0;0;-19,777964;-47,9268;Segura;Sudeste;1 Trimestre
663995;2025.0;n;2.0;2025-02-27;MG;50;112;UBERABA;Reação tardia ou ineficiente do condutor;Com Vítimas Fatais;5;Céu Claro;Pleno dia;quinta-feira;Saída de leito carroçável;Dupla;1;0;-19,248723;-48,136359;Perigosa;Sudeste;1 Trimestre
653546;2025.0;n;1.0;2025-01-06;MS;163;486;CAMPO GRANDE;Demais falhas mecânicas ou elétricas;Com Vítimas Feridas;1;Céu Claro;Pleno dia;segunda-feira;Tombamento;Simples;0;0;-20,4336361;-54,54376745;Segura;Centro-Oeste;1 Trimestre
687357;2025.0;n;4.0;2025-04-25;SC;101;403;MARACAJA;Manobra de mudança de faixa;Com Vítimas Feridas;2;Céu Claro;Plena Noite;sexta-feira;Colisão traseira;Dupla;0;0;-28,88308423;-49,46134053;Segura;Sul;2 Trimestre
610012;2024.0;n;6.0;2024-06-25;PI;222;43;BRASILEIRA;Acessar a via sem observar a presença dos outros veículos;Com Vítimas Feridas;3;Céu Claro;Anoitecer;terça-feira;Colisão transversal;Simples;0;1;-4.08647291;-41.5607771;Perigosa;Nordeste;2 Trimestre
666870;2025.0;n;3.0;2025-03-12;MT;70;244;POXOREO;Reação tardia ou ineficiente do condutor;Com Vítimas Feridas;3;Céu Claro;Plena Noite;quarta-feira;Saída de leito carroçável;Simples;0;0;-15,61546408;-54,0402877;Segura;Centro-Oeste;1 Trimestre
605813;2024.0;n;6.0;2024-06-07;BA;324;520;FEIRA DE SANTANA;Ingestão de álcool pelo condutor;Com Vítimas Feridas;4;Céu Claro;Pleno dia;sexta-feira;Colisão traseira;Dupla;0;0;-12.27376054;-38.93366564;Segura;Nordeste;2 Trimestre
597939;2024.0;n;3.0;2024-03-02;AM;174;1018;PRESIDENTE FIGUEIREDO;Manobra de mudança de faixa;Com Vítimas Feridas;2;Nublado;Plena Noite;sábado;Colisão frontal;Simples;0;0;-1.83646146;-60.11812628;Segura;Norte;1 Trimestre
625091;2024.0;n;9.0;2024-09-01;MG;116;211;CATUJI;Manobra de mudança de faixa;Com Vítimas Feridas;4;Céu Claro;Pleno dia;domingo;Colisão lateral mesmo sentido;Simples;0;0;-17.338982;-41.531512;Segura;Sudeste;3 Trimestre
672911;2025.0;n;4.0;2025-04-11;BA;242;250;BOA VISTA DO TUPIM;Velocidade Incompatível;Com Vítimas Feridas;4;Céu Claro;Amanhecer;sexta-feira;Colisão traseira;Simples;0;1;-12,508427;-40,483329;Perigosa;Nordeste;2 Trimestre
664428;2025.0;n;2.0;2025-02-28;RS;290;60;GRAVATAI;Ausência de reação do condutor;Sem Vítimas;3;Céu Claro;Plena Noite;sexta-feira;Colisão lateral mesmo sentido;Múltipla;0;0;-29,9248484;-50,8617438;Segura;Sul;1 Trimestre
653431;2025.0;n;1.0;2025-01-06;RS;290;222,1;PANTANO GRANDE;Ausência de reação do condutor;Com Vítimas Feridas;1;Céu Claro;Plena Noite;segunda-feira;Saída de leito carroçável;Dupla;0;1;-30,20255876;-52,44958878;Perigosa;Sul;1 Trimestre
615424;2024.0;n;7.0;2024-07-19;RJ;101;208;CASIMIRO DE ABREU;Manobra de mudança de faixa;Com Vítimas Feridas;2;Céu Claro;Pleno dia;sexta-feira;Colisão lateral mesmo sentido;Simples;0;0;-22.4806698;-42.22017209;Segura;Sudeste;3 Trimestre
611379;2024.0;n;7.0;2024-07-01;SC;101;175,3;BIGUACU;Pedestre andava na pista;Com Vítimas Feridas;2;Nublado;Plena Noite;segunda-feira;Atropelamento de Pedestre;Dupla;0;1;-27.33963303;-48.62734885;Perigosa;Sul;3 Trimestre
620491;2024.0;n;8.0;2024-08-10;RJ;116;70;TERESOPOLIS;Acumulo de óleo sobre o pavimento;Com Vítimas Feridas;2;Chuva;Pleno dia;sábado;Colisão lateral sentido oposto;Simples;0;1;-22.31879876;-42.9375874;Perigosa;Sudeste;3 Trimestre
661221;2025.0;n;2.0;2025-02-14;MS;163;691;RIO VERDE DE MATO GROSSO;Reação tardia ou ineficiente do condutor;Com Vítimas Feridas;4;Céu Claro;Amanhecer;sexta-feira;Tombamento;Simples;0;0;-18,83492498;-54,81340886;Segura;Centro-Oeste;1 Trimestre
613066;2024.0;n;7.0;2024-07-08;PR;376;259,4;CALIFORNIA;Chuva;Com Vítimas Fatais;4;Chuva;Pleno dia;segunda-feira;Colisão frontal;Simples;1;0;-23.677824;-51.352674;Perigosa;Sul;3 Trimestre
604229;2024.0;n;5.0;2024-05-31;MA;135;19;SAO LUIS;Manobra de mudança de faixa;Com Vítimas Feridas;2;Sol;Pleno dia;sexta-feira;Colisão lateral mesmo sentido;Dupla;0;0;-2.53073;-44.3068;Segura;Nordeste;2 Trimestre
666809;2025.0;n;3.0;2025-03-12;CE;20;207,8;BOA VIAGEM;Pista esburacada;Com Vítimas Feridas;3;Nublado;Pleno dia;quarta-feira;Colisão lateral mesmo sentido;Simples;0;0;-5,0975389;-39,7128677;Segura;Nordeste;1 Trimestre
628639;2024.0;n;9.0;2024-09-17;MT;163;987;TERRA NOVA DO NORTE;Reação tardia ou ineficiente do condutor;Sem Vítimas;5;Céu Claro;Plena Noite;terça-feira;Colisão lateral sentido oposto;Simples;0;0;-10.6055667;-55.1085377;Segura;Centro-Oeste;3 Trimestre
608228;2024.0;n;6.0;2024-06-17;RJ;465;4;SEROPEDICA;Trafegar com motocicleta (ou similar) entre as faixas;Com Vítimas Fatais;2;Céu Claro;Pleno dia;segunda-feira;Queda de ocupante de veículo;Simples;1;0;-22.740971;-43.705597;Perigosa;Sudeste;2 Trimestre
585399;2024.0;n;3.0;2024-03-06;RS;392;15,7;RIO GRANDE;Condutor deixou de manter distância do veículo da frente;Com Vítimas Feridas;4;Céu Claro;Pleno dia;quarta-feira;Colisão traseira;Dupla;0;0;-32.11079503;-52.15933006;Segura;Sul;1 Trimestre
611468;2024.0;n;7.0;2024-07-02;MT;163;1059;MATUPA;Ultrapassagem Indevida;Com Vítimas Feridas;3;Céu Claro;Pleno dia;terça-feira;Saída de leito carroçável;Simples;0;2;-10.134167;-54.93110197;Perigosa;Centro-Oeste;3 Trimestre
652848;2025.0;n;1.0;2025-01-02;SC;101;145;ITAPEMA;Trafegar com motocicleta (ou similar) entre as faixas;Com Vítimas Feridas;2;Céu Claro;Plena Noite;quinta-feira;Colisão lateral mesmo sentido;Dupla;0;1;-27,09237407;-48,61730888;Perigosa;Sul;1 Trimestre
686087;2025.0;n;4.0;2025-04-20;SC;470;141,8;RIO DO SUL;Acessar a via sem observar a presença dos outros veículos;Com Vítimas Fatais;5;Nublado;Plena Noite;domingo;Colisão transversal;Simples;1;0;-27,2107975;-49,65170293;Perigosa;Sul;2 Trimestre
584161;2024.0;n;3.0;2024-03-01;BA;101;140;TEODORO SAMPAIO;Demais falhas mecânicas ou elétricas;Sem Vítimas;2;Céu Claro;Pleno dia;sexta-feira;Incêndio;Simples;0;0;-12.27707429;-38.68756785;Segura;Nordeste;1 Trimestre
653492;2025.0;n;1.0;2025-01-06;SC;282;339,8;CAMPOS NOVOS;Desrespeitar a preferência no cruzamento;Com Vítimas Feridas;3;Sol;Pleno dia;segunda-feira;Colisão transversal;Simples;0;0;-27,387402;-51,232861;Segura;Sul;1 Trimestre
667902;2025.0;n;3.0;2025-03-17;MG;262;552,2;LUZ;Velocidade Incompatível;Com Vítimas Fatais;1;Nublado;Pleno dia;segunda-feira;Tombamento;Simples;1;0;-19,72043203;-45,87743975;Perigosa;Sudeste;1 Trimestre
605785;2024.0;n;4.0;2024-04-24;BA;116;921,5;ENCRUZILHADA;Reação tardia ou ineficiente do condutor;Com Vítimas Feridas;2;Céu Claro;Pleno dia;quarta-feira;Tombamento;Simples;0;0;-15.518794;-41.241226;Segura;Nordeste;2 Trimestre
655802;2025.0;n;1.0;2025-01-18;PR;116;23,1;ANTONINA;Manobra de mudança de faixa;Com Vítimas Feridas;3;Garoa/Chuvisco;Pleno dia;sábado;Colisão lateral mesmo sentido;Dupla;0;0;-25,1104764;-48,75592011;Segura;Sul;1 Trimestre
577912;2024.0;n;1.0;2024-01-29;SP;116;557;BARRA DO TURVO;Reação tardia ou ineficiente do condutor;Com Vítimas Feridas;2;Garoa/Chuvisco;Plena Noite;segunda-feira;Saída de leito carroçável;Simples;0;0;-24.99089107;-48.50734616;Segura;Sudeste;1 Trimestre
579485;2024.0;n;2.0;2024-02-06;BA;324;442;RIACHAO DO JACUIPE;Transitar na contramão;Com Vítimas Feridas;3;Céu Claro;Plena Noite;terça-feira;Colisão lateral sentido oposto;Simples;0;0;-11.82877428;-39.36212626;Segura;Nordeste;1 Trimestre
591555;2024.0;n;4.0;2024-04-02;ES;101;0;PEDRO CANARIO;Acessar a via sem observar a presença dos outros veículos;Com Vítimas Feridas;2;Céu Claro;Plena Noite;terça-feira;Colisão transversal;Simples;0;0;-18.175451;-39.918293;Segura;Sudeste;2 Trimestre
604379;2024.0;n;6.0;2024-06-01;TO;10;456;PALMAS;Objeto estático sobre o leito carroçável;Com Vítimas Feridas;2;Céu Claro;Amanhecer;sábado;Derramamento de carga;Múltipla;0;0;-10.29220002;-48.29739511;Segura;Norte;2 Trimestre
587111;2024.0;n;3.0;2024-03-13;MG;381;805,2;SAO GONCALO DO SAPUCAI;Carga excessiva e/ou mal acondicionada;Com Vítimas Feridas;2;Céu Claro;Plena Noite;quarta-feira;Colisão com objeto;Dupla;0;0;-21.97055811;-45.63081659;Segura;Sudeste;1 Trimestre
575557;2024.0;n;1.0;2024-01-18;PR;153;507,1;GENERAL CARNEIRO;Acumulo de água sobre o pavimento;Com Vítimas Feridas;3;Chuva;Pleno dia;quinta-feira;Colisão frontal;Simples;0;0;-26.50990453;-51.35421753;Segura;Sul;1 Trimestre
592906;2024.0;n;4.0;2024-04-09;GO;60;27,5;ALEXANIA;Condutor deixou de manter distância do veículo da frente;Com Vítimas Feridas;2;Céu Claro;Pleno dia;terça-feira;Colisão traseira;Dupla;0;2;-16.0963;-48.5202;Perigosa;Centro-Oeste;2 Trimestre
584606;2024.0;n;3.0;2024-03-03;PR;116;154;MANDIRITUBA;Manobra de mudança de faixa;Sem Vítimas;3;Céu Claro;Plena Noite;domingo;Colisão frontal;Simples;0;0;-25.868682;-49.370173;Segura;Sul;1 Trimestre
668466;2025.0;n;3.0;2025-03-20;MG;40;43,8;PARACATU;Ultrapassagem Indevida;Sem Vítimas;2;Nublado;Pleno dia;quinta-feira;Colisão lateral mesmo sentido;Simples;0;0;-17,23022568;-46,85543776;Segura;Sudeste;1 Trimestre
688049;2025.0;n;4.0;2025-04-29;MT;364;600;DIAMANTINO;Acumulo de óleo sobre o pavimento;Com Vítimas Feridas;3;Céu Claro;Pleno dia;terça-feira;Derramamento de carga;Simples;0;0;-14,469;-56,204;Segura;Centro-Oeste;2 Trimestre
653973;2025.0;n;1.0;2025-01-09;SP;116;380;MIRACATU;Ausência de reação do condutor;Com Vítimas Feridas;2;Chuva;Pleno dia;quinta-feira;Saída de leito carroçável;Dupla;0;0;-24,21753686;-47,36651776;Segura;Sudeste;1 Trimestre
653442;2025.0;n;1.0;2025-01-06;PR;376;513,5;PONTA GROSSA;Condutor Dormindo;Com Vítimas Feridas;1;Nublado;Plena Noite;segunda-feira;Colisão com objeto;Dupla;0;2;-25,26431795;-49,97260494;Perigosa;Sul;1 Trimestre
624547;2024.0;n;8.0;2024-08-30;MG;116;32,4;CACHOEIRA DE PAJEU;Acessar a via sem observar a presença dos outros veículos;Com Vítimas Feridas;3;Céu Claro;Pleno dia;sexta-feira;Colisão transversal;Simples;0;0;-15.91576384;-41.39624663;Segura;Sudeste;3 Trimestre
610153;2024.0;n;6.0;2024-06-26;SP;381;86,5;SAO PAULO;Ausência de reação do condutor;Sem Vítimas;2;Céu Claro;Pleno dia;quarta-feira;Colisão traseira;Múltipla;0;0;-23.45930499;-46.57161179;Segura;Sudeste;2 Trimestre
613802;2024.0;n;7.0;2024-07-11;SP;116;171;JACAREI;Pedestre cruzava a pista fora da faixa;Com Vítimas Fatais;2;Céu Claro;Plena Noite;quinta-feira;Atropelamento de Pedestre;Dupla;2;0;-23.31096023;-46.0616076;Perigosa;Sudeste;3 Trimestre
613896;2024.0;n;7.0;2024-07-12;PE;232;235,8;PESQUEIRA;Ausência de reação do condutor;Sem Vítimas;4;Nublado;Amanhecer;sexta-feira;Tombamento;Simples;0;0;-8.40846848;-36.91974495;Segura;Nordeste;3 Trimestre
587046;2024.0;n;3.0;2024-03-13;RJ;116;274,6;BARRA MANSA;Ausência de reação do condutor;Com Vítimas Feridas;3;Sol;Pleno dia;quarta-feira;Colisão com objeto;Dupla;0;0;-22.56163574;-44.14771584;Segura;Sudeste;1 Trimestre
668765;2025.0;n;3.0;2025-03-22;PE;232;19,4;MORENO;Condutor Dormindo;Sem Vítimas;1;Céu Claro;Amanhecer;sábado;Tombamento;Dupla;0;0;-8,09716213;-35,06772637;Segura;Nordeste;1 Trimestre
603744;2024.0;n;4.0;2024-04-15;DF;60;31,2;BRASILIA;Condutor Dormindo;Com Vítimas Feridas;3;Céu Claro;Pleno dia;segunda-feira;Colisão traseira;Dupla;0;1;-16.05002024;-48.25873375;Perigosa;Centro-Oeste;2 Trimestre
663529;2025.0;n;2.0;2025-02-24;GO;153;490;GOIANIA;Mal súbito do condutor;Com Vítimas Feridas;1;Chuva;Plena Noite;segunda-feira;Colisão com objeto;Simples;0;0;-16,61725211;-49,20642441;Segura;Centro-Oeste;1 Trimestre
575795;2024.0;n;1.0;2024-01-19;MG;262;30,3;MANHUACU;Problema com o freio;Sem Vítimas;2;Céu Claro;Pleno dia;sexta-feira;Colisão traseira;Simples;0;0;-20.25053259;-41.98730227;Segura;Sudeste;1 Trimestre
618942;2024.0;n;8.0;2024-08-03;PA;10;132;PARAGOMINAS;Acostamento em desnível;Sem Vítimas;2;Céu Claro;Plena Noite;sábado;Tombamento;Simples;0;0;-3.285188;-47.467873;Segura;Norte;3 Trimestre
664068;2025.0;n;2.0;2025-02-27;MS;463;55;PONTA PORA;Mal súbito do condutor;Com Vítimas Fatais;1;Céu Claro;Pleno dia;quinta-feira;Saída de leito carroçável;Simples;1;0;-22,391452;-55,280833;Perigosa;Centro-Oeste;1 Trimestre
590344;2024.0;n;3.0;2024-03-28;SC;280;237,5;CANOINHAS;Transitar na contramão;Com Vítimas Feridas;2;Céu Claro;Pleno dia;quinta-feira;Colisão frontal;Simples;0;2;-26.19844599;-50.43216601;Perigosa;Sul;1 Trimestre
602338;2024.0;n;5.0;2024-05-23;MG;381;509;SAO JOAQUIM DE BICAS;Ausência de reação do condutor;Com Vítimas Feridas;3;Céu Claro;Pleno dia;quinta-feira;Colisão lateral mesmo sentido;Dupla;0;0;-20.07008;-44.298819;Segura;Sudeste;2 Trimestre
579957;2024.0;n;2.0;2024-02-09;ES;101;274,9;SERRA;Reação tardia ou ineficiente do condutor;Com Vítimas Feridas;3;Céu Claro;Pleno dia;sexta-feira;Colisão traseira;Dupla;0;0;-20.218122;-40.339325;Segura;Sudeste;1 Trimestre
670058;2025.0;n;3.0;2025-03-28;RO;364;340;JI-PARANA;Condutor deixou de manter distância do veículo da frente;Com Vítimas Feridas;2;Céu Claro;Pleno dia;sexta-feira;Colisão lateral mesmo sentido;Dupla;0;0;-10,892427;-61,930628;Segura;Norte;1 Trimestre
599212;2024.0;n;5.0;2024-05-09;BA;116;447;ANTONIO CARDOSO;Ultrapassagem Indevida;Com Vítimas Feridas;3;Céu Claro;Amanhecer;quinta-feira;Colisão lateral mesmo sentido;Dupla;0;0;-12.3834;-39.1324;Segura;Nordeste;2 Trimestre
580862;2024.0;n;2.0;2024-02-12;PA;10;111;PARAGOMINAS;Deficiência do Sistema de Iluminação/Sinalização;Sem Vítimas;8;Chuva;Plena Noite;segunda-feira;Eventos atípicos;Simples;0;0;-3.4703279;-47.4694273;Segura;Norte;1 Trimestre
618360;2024.0;n;7.0;2024-07-21;MT;158;474;CANARANA;Animais na Pista;Sem Vítimas;4;Céu Claro;Plena Noite;domingo;Colisão lateral mesmo sentido;Simples;0;0;-13.25183916;-51.96774569;Segura;Centro-Oeste;3 Trimestre
668236;2025.0;n;3.0;2025-03-19;MG;116;751;LEOPOLDINA;Reação tardia ou ineficiente do condutor;Com Vítimas Feridas;2;Chuva;Pleno dia;quarta-feira;Saída de leito carroçável;Simples;0;0;-21,47018733;-42,55882317;Segura;Sudeste;1 Trimestre
611932;2024.0;n;7.0;2024-07-04;MG;40;37;PARACATU;Ausência de reação do condutor;Com Vítimas Feridas;3;Céu Claro;Pleno dia;quinta-feira;Colisão traseira;Simples;0;0;-17.20444515;-46.90533629;Segura;Sudeste;3 Trimestre
624366;2024.0;n;8.0;2024-08-22;MS;60;27;CHAPADAO DO SUL;Manobra de mudança de faixa;Com Vítimas Feridas;2;Céu Claro;Plena Noite;quinta-feira;Colisão lateral sentido oposto;Simples;0;0;-18.91359896;-52.75725505;Segura;Centro-Oeste;3 Trimestre