id;ano;feriado;mes;data_inversa;uf;br;km;municipio;causa_acidente;classificacao_acidente;veiculos;condicao_metereologica;fase_dia;dia_semana;tipo_acidente;tipo_pista;mortos;feridos_graves;latitude;longitude;status;regiao;periodo
607387;2024.0;n;6.0;2024-06-14;SC;101;130,3;BALNEARIO CAMBORIU;Manobra de mudança de faixa;Com Vítimas Feridas;3;Céu Claro;Pleno dia;sexta-feira;Colisão lateral mesmo sentido;Dupla;0;0;-26.98407618;-48.66977107;Segura;Sul;2 Trimestre
586015;2024.0;n;3.0;2024-03-08;RJ;101;126;CONCEICAO DE MACABU;Mal súbito do condutor;Sem Vítimas;1;Chuva;Plena Noite;sexta-feira;Colisão com objeto;Dupla;0;0;-22.07552106;-41.6876848;Segura;Sudeste;1 Trimestre
652617;2025.0;y;1.0;2025-01-01;SC;101;207,4;SAO JOSE;Ausência de reação do condutor;Com Vítimas Feridas;2;Nublado;Pleno dia;quarta-feira;Colisão traseira;Dupla;0;0;-27,60001226;-48,6226467;Segura;Sul;1 Trimestre
665086;2025.0;n;3.0;2025-03-04;MS;158;175,8;APARECIDA DO TABOADO;Reação tardia ou ineficiente do condutor;Com Vítimas Feridas;2;Céu Claro;Pleno dia;terça-feira;Tombamento;Simples;0;0;-20,23321754;-51,32697701;Segura;Centro-Oeste;1 Trimestre
602685;2024.0;n;5.0;2024-05-24;CE;20;325,8;CARIDADE;Desrespeitar a preferência no cruzamento;Com Vítimas Feridas;2;Céu Claro;Plena Noite;sexta-feira;Colisão traseira;Simples;0;0;-4.24158307;-39.2043639;Segura;Nordeste;2 Trimestre
620915;2024.0;n;8.0;2024-08-13;MA;402;3;BACABEIRA;Condutor Dormindo;Com Vítimas Feridas;2;Céu Claro;Amanhecer;terça-feira;Colisão lateral sentido oposto;Simples;0;0;-2.957435;-44.297928;Segura;Nordeste;3 Trimestre
575952;2024.0;n;1.0;2024-01-20;SC;158;133,8;CAIBI;Reação tardia ou ineficiente do condutor;Com Vítimas Feridas;2;Céu Claro;Plena Noite;sábado;Colisão frontal;Simples;0;1;-27.06086945;-53.22378159;Perigosa;Sul;1 Trimestre
607420;2024.0;n;6.0;2024-06-14;RJ;101;442;MANGARATIBA;Acessar a via sem observar a presença dos outros veículos;Com Vítimas Feridas;3;Céu Claro;Pleno dia;sexta-feira;Colisão transversal;Simples;0;0;-22.973969;-44.087093;Segura;Sudeste;2 Trimestre
580298;2024.0;n;2.0;2024-02-10;SC;282;450,6;PONTE SERRADA;Mal súbito do condutor;Com Vítimas Fatais;2;Céu Claro;Pleno dia;sábado;Saída de leito carroçável;Simples;1;0;-26.920411;-51.9409027;Perigosa;Sul;1 Trimestre
663744;2025.0;n;2.0;2025-02-26;BA;116;921;ENCRUZILHADA;Demais falhas mecânicas ou elétricas;Sem Vítimas;2;Nublado;Plena Noite;quarta-feira;Incêndio;Simples;0;0;-15,59987;-41,28083;Segura;Nordeste;1 Trimestre
611934;2024.0;n;7.0;2024-07-04;SP;381;90;SAO PAULO;Ausência de reação do condutor;Sem Vítimas;3;Céu Claro;Pleno dia;quinta-feira;Colisão lateral mesmo sentido;Múltipla;0;0;-23.49479479;-46.55959864;Segura;Sudeste;3 Trimestre
673420;2025.0;n;4.0;2025-04-13;MG;40;522,9;CONTAGEM;Transitar no Acostamento;Com Vítimas Feridas;3;Céu Claro;Pleno dia;domingo;Colisão lateral mesmo sentido;Dupla;0;0;-19,8707715;-44,0465663;Segura;Sudeste;2 Trimestre
613497;2024.0;n;7.0;2024-07-10;SP;381;75,5;SAO PAULO;Ausência de reação do condutor;Com Vítimas Feridas;1;Garoa/Chuvisco;Anoitecer;quarta-feira;Tombamento;Dupla;0;0;-23.37660089;-46.56409613;Segura;Sudeste;3 Trimestre
653495;2025.0;n;1.0;2025-01-06;RJ;101;114;CAMPOS DOS GOYTACAZES;Demais falhas mecânicas ou elétricas;Com Vítimas Feridas;1;Céu Claro;Pleno dia;segunda-feira;Colisão com objeto;Dupla;0;1;-21,98517176;-41,66261143;Perigosa;Sudeste;1 Trimestre
671372;2025.0;n;4.0;2025-04-03;PR;116;142;MANDIRITUBA;Acessar a via sem observar a presença dos outros veículos;Com Vítimas Feridas;2;Nublado;Plena Noite;quinta-feira;Colisão transversal;Simples;0;1;-25,79399881;-49,32819486;Perigosa;Sul;2 Trimestre
576373;2024.0;n;1.0;2024-01-22;MS;163;496;CAMPO GRANDE;Demais falhas mecânicas ou elétricas;Sem Vítimas;2;Céu Claro;Pleno dia;segunda-feira;Incêndio;Simples;0;0;-20.35985581;-54.52552831;Segura;Centro-Oeste;1 Trimestre
653067;2025.0;n;1.0;2025-01-04;PR;116;125;FAZENDA RIO GRANDE;Ausência de reação do condutor;Sem Vítimas;1;Nevoeiro/Neblina;Plena Noite;sábado;Colisão com objeto;Dupla;0;0;-25,59505309;-49,31630659;Segura;Sul;1 Trimestre
623149;2024.0;n;8.0;2024-08-09;RS;116;0,2;VACARIA;Reação tardia ou ineficiente do condutor;Com Vítimas Feridas;2;Céu Claro;Pleno dia;sexta-feira;Tombamento;Simples;0;0;-28.210476;-50.759827;Segura;Sul;3 Trimestre
660838;2025.0;n;2.0;2025-02-12;SC;101;111;NAVEGANTES;Mal súbito do condutor;Com Vítimas Feridas;1;Céu Claro;Plena Noite;quarta-feira;Saída de leito carroçável;Dupla;0;0;-26,83955734;-48,71418074;Segura;Sul;1 Trimestre
608617;2024.0;n;6.0;2024-06-19;AM;319;525;HUMAITA;Reação tardia ou ineficiente do condutor;Com Vítimas Fatais;2;Nublado;Pleno dia;quarta-feira;Saída de leito carroçável;Simples;1;0;-6.4520569;-62.87979715;Perigosa;Norte;2 Trimestre
582572;2024.0;n;2.0;2024-02-22;SP;116;388;MIRACATU;Condutor deixou de manter distância do veículo da frente;Sem Vítimas;2;Céu Claro;Pleno dia;quinta-feira;Colisão traseira;Dupla;0;0;-24.26919492;-47.39740603;Segura;Sudeste;1 Trimestre
581130;2024.0;n;2.0;2024-02-14;PR;116;12;CAMPINA GRANDE DO SUL;Velocidade Incompatível;Sem Vítimas;2;Chuva;Pleno dia;quarta-feira;Colisão com objeto;Dupla;0;0;-25.09706813;-48.65517895;Segura;Sul;1 Trimestre
590591;2024.0;n;3.0;2024-03-05;PR;277;722;FOZ DO IGUACU;Ultrapassagem Indevida;Sem Vítimas;4;Céu Claro;Pleno dia;terça-feira;Colisão lateral mesmo sentido;Dupla;0;0;-25.49494908;-54.52095097;Segura;Sul;1 Trimestre
591420;2024.0;n;4.0;2024-04-02;SC;101;127,3;ITAJAI;Reação tardia ou ineficiente do condutor;Com Vítimas Feridas;4;Céu Claro;Pleno dia;terça-feira;Colisão traseira;Dupla;0;0;-26.9639319;-48.68328024;Segura;Sul;2 Trimestre
586309;2024.0;n;3.0;2024-03-10;PR;369;51;BANDEIRANTES;Reação tardia ou ineficiente do condutor;Com Vítimas Feridas;3;Céu Claro;Pleno dia;domingo;Saída de leito carroçável;Simples;0;0;-23.11705161;-50.32832623;Segura;Sul;1 Trimestre
602271;2024.0;n;4.0;2024-04-18;RJ;101;466;ANGRA DOS REIS;Pista Escorregadia;Com Vítimas Feridas;2;Chuva;Pleno dia;quinta-feira;Saída de leito carroçável;Simples;0;1;-23.01090507;-44.20795621;Perigosa;Sudeste;2 Trimestre
606323;2024.0;n;6.0;2024-06-09;GO;20;215,3;POSSE;Reação tardia ou ineficiente do condutor;Com Vítimas Feridas;2;Céu Claro;Pleno dia;domingo;Tombamento;Simples;0;0;-14.237023;-46.350555;Segura;Centro-Oeste;2 Trimestre
685557;2025.0;n;4.0;2025-04-17;PR;376;174;PONTA GROSSA;Reação tardia ou ineficiente do condutor;Com Vítimas Feridas;2;Céu Claro;Plena Noite;quinta-feira;Colisão transversal;Dupla;0;0;-25,07402468;-50,21067012;Segura;Sul;2 Trimestre
629863;2024.0;n;9.0;2024-09-22;DF;80;21;BRASILIA;Acessar a via sem observar a presença dos outros veículos;Com Vítimas Feridas;2;Céu Claro;Pleno dia;domingo;Colisão transversal;Simples;0;1;-15.658299;-48.20282;Perigosa;Centro-Oeste;3 Trimestre
609916;2024.0;n;6.0;2024-06-18;CE;222;292,2;TIANGUA;Afundamento ou ondulação no pavimento;Com Vítimas Feridas;2;Céu Claro;Pleno dia;terça-feira;Colisão traseira;Simples;0;1;-3.66765581;-40.89334488;Perigosa;Nordeste;2 Trimestre
593280;2024.0;n;3.0;2024-03-26;PB;230;192,2;POCINHOS;Reação tardia ou ineficiente do condutor;Com Vítimas Feridas;5;Céu Claro;Pleno dia;terça-feira;Colisão transversal;Simples;0;0;-7.129621;-36.169932;Segura;Nordeste;1 Trimestre
665759;2025.0;n;3.0;2025-03-07;RJ;116;275;BARRA MANSA;Manobra de mudança de faixa;Com Vítimas Feridas;3;Céu Claro;Pleno dia;sexta-feira;Colisão lateral mesmo sentido;Dupla;0;0;-22,56076971;-44,15430437;Segura;Sudeste;1 Trimestre
620178;2024.0;n;8.0;2024-08-09;RS;293;257;DOM PEDRITO;Pedestre andava na pista;Com Vítimas Fatais;2;Céu Claro;Plena Noite;sexta-feira;Atropelamento de Pedestre;Simples;1;0;-30.94395481;-54.72298622;Perigosa;Sul;3 Trimestre
590297;2024.0;n;3.0;2024-03-28;RS;116;242;SAO LEOPOLDO;Acessar a via sem observar a presença dos outros veículos;Com Vítimas Feridas;2;Céu Claro;Pleno dia;quinta-feira;Colisão transversal;Múltipla;0;0;-29.72393032;-51.14848137;Segura;Sul;1 Trimestre
622163;2024.0;n;8.0;2024-08-18;GO;153;321;RIANAPOLIS;Reação tardia ou ineficiente do condutor;Com Vítimas Feridas;2;Céu Claro;Plena Noite;domingo;Colisão traseira;Simples;0;1;-15.456578;-49.502522;Perigosa;Centro-Oeste;3 Trimestre
611501;2024.0;n;7.0;2024-07-02;MG;262;98;ABRE CAMPO;Condutor deixou de manter distância do veículo da frente;Com Vítimas Feridas;2;Céu Claro;Pleno dia;terça-feira;Colisão traseira;Simples;0;1;-20.29039673;-42.49264532;Perigosa;Sudeste;3 Trimestre
599665;2024.0;n;5.0;2024-05-11;GO;60;123;TEREZOPOLIS DE GOIAS;Condutor Dormindo;Com Vítimas Feridas;1;Céu Claro;Plena Noite;sábado;Colisão com objeto;Dupla;0;1;-16.5112;-49.1185;Perigosa;Centro-Oeste;2 Trimestre
673241;2025.0;n;4.0;2025-04-12;RN;226;321,5;JANDUIS;Ingestão de álcool pelo condutor;Com Vítimas Feridas;6;Céu Claro;Plena Noite;sábado;Colisão frontal;Simples;0;1;-6,0624629;-37,4933321;Perigosa;Nordeste;2 Trimestre
630026;2024.0;n;9.0;2024-09-23;PE;423;63,8;LAJEDO;Ultrapassagem Indevida;Com Vítimas Feridas;6;Céu Claro;Pleno dia;segunda-feira;Colisão frontal;Simples;0;0;-8.66219547;-36.34708912;Segura;Nordeste;3 Trimestre
623098;2024.0;n;8.0;2024-08-23;RJ;116;171;RIO DE JANEIRO;Acessar a via sem observar a presença dos outros veículos;Com Vítimas Feridas;3;Céu Claro;Pleno dia;sexta-feira;Colisão traseira;Múltipla;0;0;-22.8060415;-43.34289573;Segura;Sudeste;3 Trimestre
607221;2024.0;n;6.0;2024-06-13;CE;402;273,8;ITAPIPOCA;Demais falhas mecânicas ou elétricas;Sem Vítimas;1;Sol;Pleno dia;quinta-feira;Incêndio;Simples;0;0;-3.49782313;-39.5048852;Segura;Nordeste;2 Trimestre
656855;2025.0;n;1.0;2025-01-23;PR;277;206;PALMEIRA;Demais falhas mecânicas ou elétricas;Sem Vítimas;2;Céu Claro;Pleno dia;quinta-feira;Incêndio;Simples;0;0;-25,46468901;-50,25988;Segura;Sul;1 Trimestre
608120;2024.0;n;6.0;2024-06-17;PB;230;2,1;CAMPINA GRANDE;Área urbana sem a presença de local apropriado para a travessia de pedestres;Com Vítimas Feridas;2;Nublado;Pleno dia;segunda-feira;Atropelamento de Pedestre;Simples;0;1;-7.21074;-35.933838;Perigosa;Nordeste;2 Trimestre
626633;2024.0;n;9.0;2024-09-08;MG;251;353,9;PADRE CARVALHO;Reação tardia ou ineficiente do condutor;Com Vítimas Feridas;2;Céu Claro;Pleno dia;domingo;Saída de leito carroçável;Simples;0;0;-16.287023;-42.53992081;Segura;Sudeste;3 Trimestre
670680;2025.0;n;3.0;2025-03-31;SC;101;371;ICARA;Ausência de reação do condutor;Com Vítimas Feridas;2;Céu Claro;Amanhecer;segunda-feira;Colisão lateral mesmo sentido;Dupla;0;0;-28,7139;-49,219;Segura;Sul;1 Trimestre
581779;2024.0;n;2.0;2024-02-17;BA;407;50;JUAZEIRO;Transitar na contramão;Com Vítimas Fatais;2;Chuva;Plena Noite;sábado;Colisão frontal;Simples;1;0;-9.81415798;-40.31571096;Perigosa;Nordeste;1 Trimestre
654149;2025.0;n;1.0;2025-01-09;BA;101;771;ITAMARAJU;Chuva;Sem Vítimas;1;Chuva;Plena Noite;quinta-feira;Tombamento;Simples;0;0;-16,91561807;-39,52897099;Segura;Nordeste;1 Trimestre
608154;2024.0;n;6.0;2024-06-17;CE;116;400,9;UMARI;Acesso irregular;Com Vítimas Fatais;3;Céu Claro;Pleno dia;segunda-feira;Colisão frontal;Simples;1;0;-6.59517916;-38.8409935;Perigosa;Nordeste;2 Trimestre
653270;2025.0;n;1.0;2025-01-04;BA;116;512;FEIRA DE SANTANA;Ausência de reação do condutor;Sem Vítimas;1;Céu Claro;Plena Noite;sábado;Colisão com objeto;Dupla;0;0;-12,22978187;-38,96432161;Segura;Nordeste;1 Trimestre
605519;2024.0;n;6.0;2024-06-06;MT;163;642;NOVA MUTUM;Ausência de reação do condutor;Sem Vítimas;2;Céu Claro;Pleno dia;quinta-feira;Colisão traseira;Simples;0;0;-13.539845;-56.026715;Segura;Centro-Oeste;2 Trimestre
612885;2024.0;n;7.0;2024-07-07;MT;364;43;ALTO GARCAS;Condutor deixou de manter distância do veículo da frente;Sem Vítimas;6;Céu Claro;Pleno dia;domingo;Colisão traseira;Simples;0;0;-17.05776603;-53.47356207;Segura;Centro-Oeste;3 Trimestre
588504;2024.0;n;3.0;2024-03-20;BA;407;45;JUAZEIRO;Demais falhas mecânicas ou elétricas;Sem Vítimas;1;Céu Claro;Amanhecer;quarta-feira;Incêndio;Simples;0;0;-9.77268013;-40.33617626;Segura;Nordeste;1 Trimestre
614832;2024.0;n;7.0;2024-07-04;MG;267;164,5;LIMA DUARTE;Acessar a via sem observar a presença dos outros veículos;Com Vítimas Feridas;2;Céu Claro;Pleno dia;quinta-feira;Colisão transversal;Simples;0;0;-21.85426426;-43.81804094;Segura;Sudeste;3 Trimestre
670434;2025.0;n;3.0;2025-03-29;PR;373;190,5;PONTA GROSSA;Condutor Dormindo;Com Vítimas Feridas;1;Nublado;Plena Noite;sábado;Colisão com objeto;Simples;0;0;-25,0553348;-50,3433784;Segura;Sul;1 Trimestre
597916;2024.0;n;5.0;2024-05-03;PR;277;308;GUARAPUAVA;Reação tardia ou ineficiente do condutor;Com Vítimas Feridas;3;Céu Claro;Plena Noite;sexta-feira;Colisão lateral mesmo sentido;Simples;0;0;-25.31241778;-51.20396957;Segura;Sul;2 Trimestre
669948;2025.0;n;3.0;2025-03-27;PI;407;586;ACAUA;Transitar na contramão;Com Vítimas Fatais;2;Céu Claro;Pleno dia;quinta-feira;Colisão frontal;Dupla;1;0;-8,225093;-41,071402;Perigosa;Nordeste;1 Trimestre
691355;2025.0;n;4.0;2025-04-17;RJ;101;383;RIO DE JANEIRO;Demais falhas mecânicas ou elétricas;Com Vítimas Feridas;2;Céu Claro;Pleno dia;quinta-feira;Colisão traseira;Dupla;0;0;-22,87449288;-43,6101792;Segura;Sudeste;2 Trimestre
616465;2024.0;n;7.0;2024-07-23;RS;386;308;POUSO NOVO;Reação tardia ou ineficiente do condutor;Sem Vítimas;4;Céu Claro;Pleno dia;terça-feira;Tombamento;Simples;0;0;-29.209391;-52.178665;Segura;Sul;3 Trimestre
582529;2024.0;n;2.0;2024-02-22;SP;116;55;LORENA;Demais falhas mecânicas ou elétricas;Com Vítimas Feridas;2;Céu Claro;Pleno dia;quinta-feira;Colisão com objeto;Dupla;0;0;-22.76356421;-45.12272385;Segura;Sudeste;1 Trimestre
666873;2025.0;n;3.0;2025-03-13;BA;116;672;JEQUIE;Ausência de reação do condutor;Com Vítimas Feridas;1;Céu Claro;Plena Noite;quinta-feira;Tombamento;Simples;0;0;-13,8735153;-40,103015;Segura;Nordeste;1 Trimestre
586655;2024.0;n;2.0;2024-02-22;SC;116;69;MONTE CASTELO;Velocidade Incompatível;Sem Vítimas;3;Nublado;Pleno dia;quinta-feira;Tombamento;Simples;0;0;-26.46036818;-50.22889671;Segura;Sul;1 Trimestre
659363;2025.0;n;1.0;2025-01-25;SC;280;187,2;MAFRA;Reação tardia ou ineficiente do condutor;Com Vítimas Feridas;3;Nevoeiro/Neblina;Plena Noite;sábado;Tombamento;Simples;0;0;-26,16790438;-49,95451995;Segura;Sul;1 Trimestre
625408;2024.0;n;9.0;2024-09-02;RS;386;235;SOLEDADE;Deficiência do Sistema de Iluminação/Sinalização;Com Vítimas Feridas;9;Céu Claro;Pleno dia;segunda-feira;Colisão traseira;Múltipla;0;1;-28.612078;-52.608832;Perigosa;Sul;3 Trimestre
611641;2024.0;n;7.0;2024-07-03;SC;101;223,9;PALHOCA;Reação tardia ou ineficiente do condutor;Com Vítimas Feridas;4;Céu Claro;Pleno dia;quarta-feira;Colisão lateral mesmo sentido;Dupla;0;0;-27.71552634;-48.64881251;Segura;Sul;3 Trimestre
598602;2024.0;n;5.0;2024-05-06;MG;381;671,1;PERDOES;Ausência de reação do condutor;Com Vítimas Feridas;2;Sol;Pleno dia;segunda-feira;Colisão traseira;Dupla;0;0;-21.08945416;-45.06864195;Segura;Sudeste;2 Trimestre
672275;2025.0;n;4.0;2025-04-07;TO;153;638;ALIANCA DO TOCANTINS;Condutor Dormindo;Com Vítimas Feridas;5;Nublado;Plena Noite;segunda-feira;Colisão traseira;Simples;0;0;-11,41987704;-48,98194313;Segura;Norte;2 Trimestre
670583;2025.0;n;3.0;2025-03-30;PE;408;55;CARPINA;Transitar na contramão;Com Vítimas Feridas;2;Céu Claro;Plena Noite;domingo;Colisão lateral sentido oposto;Simples;0;0;-7,84035;-35,23993;Segura;Nordeste;1 Trimestre
597519;2024.0;n;4.0;2024-04-30;SP;153;99,8;JOSE BONIFACIO;Sinalização mal posicionada;Com Vítimas Feridas;2;Céu Claro;Plena Noite;terça-feira;Tombamento;Simples;0;1;-21.00415374;-49.63202477;Perigosa;Sudeste;2 Trimestre
577883;2024.0;n;1.0;2024-01-29;GO;60;381;RIO VERDE;Iluminação deficiente;Com Vítimas Feridas;2;Céu Claro;Plena Noite;segunda-feira;Colisão traseira;Dupla;0;1;-17.783349;-50.898516;Perigosa;Centro-Oeste;1 Trimestre
653522;2025.0;n;1.0;2025-01-06;RJ;101;311;SAO GONCALO;Ausência de reação do condutor;Com Vítimas Feridas;1;Céu Claro;Pleno dia;segunda-feira;Tombamento;Dupla;0;0;-22,80062246;-43,05318779;Segura;Sudeste;1 Trimestre
670693;2025.0;n;2.0;2025-02-24;SC;116;187,4;SAO CRISTOVAO DO SUL;Transitar na contramão;Com Vítimas Fatais;2;Céu Claro;Plena Noite;segunda-feira;Colisão frontal;Simples;2;0;-27,32311063;-50,42296235;Perigosa;Sul;1 Trimestre
664511;2025.0;n;3.0;2025-03-01;BA;101;273;SANTO ANTONIO DE JESUS;Conversão proibida;Com Vítimas Feridas;2;Céu Claro;Pleno dia;sábado;Colisão transversal;Simples;0;1;-13,050651;-39,284978;Perigosa;Nordeste;1 Trimestre
660892;2025.0;n;2.0;2025-02-12;RJ;393;268,2;BARRA DO PIRAI;Acessar a via sem observar a presença dos outros veículos;Com Vítimas Feridas;2;Céu Claro;Pleno dia;quarta-feira;Colisão transversal;Simples;0;1;-22,48780458;-43,90932706;Perigosa;Sudeste;1 Trimestre
583924;2024.0;n;2.0;2024-02-28;MS;163;550;BANDEIRANTES;Manobra de mudança de faixa;Sem Vítimas;2;Céu Claro;Plena Noite;quarta-feira;Colisão transversal;Simples;0;0;-19.90449362;-54.37274337;Segura;Centro-Oeste;1 Trimestre
584050;2024.0;n;2.0;2024-02-29;RJ;101;85;CAMPOS DOS GOYTACAZES;Velocidade Incompatível;Com Vítimas Feridas;1;Chuva;Pleno dia;quinta-feira;Saída de leito carroçável;Dupla;0;0;-21.82176524;-41.47958594;Segura;Sudeste;1 Trimestre
606320;2024.0;n;6.0;2024-06-09;MG;262;768;UBERABA;Ausência de reação do condutor;Com Vítimas Feridas;1;Céu Claro;Anoitecer;domingo;Capotamento;Simples;0;1;-19.67187;-47.625865;Perigosa;Sudeste;2 Trimestre
588757;2024.0;n;3.0;2024-03-21;RS;386;154;ALMIRANTE TAMANDARE DO SUL;Velocidade Incompatível;Com Vítimas Feridas;4;Chuva;Pleno dia;quinta-feira;Colisão lateral sentido oposto;Simples;0;0;-28.111137;-52.860538;Segura;Sul;1 Trimestre
613566;2024.0;n;7.0;2024-07-10;MT;70;726,7;CACERES;Ausência de sinalização;Com Vítimas Feridas;2;Céu Claro;Pleno dia;quarta-feira;Colisão traseira;Simples;0;1;-16.18646;-57.608257;Perigosa;Centro-Oeste;3 Trimestre
576731;2024.0;n;1.0;2024-01-23;PE;423;89,2;GARANHUNS;Ausência de reação do condutor;Com Vítimas Fatais;2;Céu Claro;Plena Noite;terça-feira;Colisão traseira;Simples;1;0;-8.83774896;-36.45604009;Perigosa;Nordeste;1 Trimestre
657186;2025.0;n;1.0;2025-01-25;SE;235;20;LARANJEIRAS;Velocidade Incompatível;Com Vítimas Feridas;1;Chuva;Pleno dia;sábado;Saída de leito carroçável;Simples;0;0;-10,834111;-37,221916;Segura;Nordeste;1 Trimestre
660522;2025.0;n;2.0;2025-02-10;SC;470;49,9;BLUMENAU;Manobra de mudança de faixa;Com Vítimas Feridas;3;Céu Claro;Pleno dia;segunda-feira;Colisão lateral mesmo sentido;Dupla;0;0;-26,8604667;-49,07202244;Segura;Sul;1 Trimestre
618455;2024.0;n;8.0;2024-08-02;RS;468;67;SAO MARTINHO;Acessar a via sem observar a presença dos outros veículos;Com Vítimas Feridas;2;Céu Claro;Pleno dia;sexta-feira;Colisão frontal;Simples;0;0;-27.736906;-53.838505;Segura;Sul;3 Trimestre
609915;2024.0;n;6.0;2024-06-25;SP;381;82;SAO PAULO;Acessar a via sem observar a presença dos outros veículos;Com Vítimas Fatais;2;Céu Claro;Pleno dia;terça-feira;Atropelamento de Pedestre;Dupla;1;0;-23.42399;-46.575112;Perigosa;Sudeste;2 Trimestre
611791;2024.0;n;7.0;2024-07-03;SP;116;153;SAO JOSE DOS CAMPOS;Reação tardia ou ineficiente do condutor;Com Vítimas Feridas;3;Céu Claro;Pleno dia;quarta-feira;Colisão traseira;Dupla;0;0;-23.23262274;-45.91372624;Segura;Sudeste;3 Trimestre
582273;2024.0;n;2.0;2024-02-20;PI;316;415;MARCOLANDIA;Condutor deixou de manter distância do veículo da frente;Com Vítimas Feridas;2;Nublado;Pleno dia;terça-feira;Colisão traseira;Simples;0;0;-7.43280012;-40.68261908;Segura;Nordeste;1 Trimestre
609875;2024.0;n;6.0;2024-06-25;PE;101;80;JABOATAO DOS GUARARAPES;Acessar a via sem observar a presença dos outros veículos;Sem Vítimas;3;Chuva;Pleno dia;terça-feira;Colisão lateral mesmo sentido;Dupla;0;0;-8.15112589;-34.9428866;Segura;Nordeste;2 Trimestre
618227;2024.0;n;7.0;2024-07-24;GO;70;414;MONTES CLAROS DE GOIAS;Reação tardia ou ineficiente do condutor;Com Vítimas Feridas;5;Céu Claro;Anoitecer;quarta-feira;Colisão lateral sentido oposto;Simples;0;0;-15.92699711;-51.39678955;Segura;Centro-Oeste;3 Trimestre
657888;2025.0;n;1.0;2025-01-28;MG;50;12;ARAGUARI;Ausência de reação do condutor;Com Vítimas Feridas;2;Sol;Pleno dia;terça-feira;Colisão com objeto;Dupla;0;0;-18,526694;-48,04132;Segura;Sudeste;1 Trimestre
653371;2025.0;n;1.0;2025-01-05;PB;230;292,2;SANTA LUZIA;Acessar a via sem observar a presença dos outros veículos;Com Vítimas Feridas;2;Céu Claro;Plena Noite;domingo;Colisão transversal;Simples;0;0;-6,8742;-36,9085;Segura;Nordeste;1 Trimestre
667824;2025.0;n;3.0;2025-03-17;SC;282;20,4;PALHOCA;Reação tardia ou ineficiente do condutor;Sem Vítimas;2;Sol;Pleno dia;segunda-feira;Colisão traseira;Simples;0;0;-27,68591703;-48,7126475;Segura;Sul;1 Trimestre
671998;2025.0;n;4.0;2025-04-06;SP;116;24,4;LAVRINHAS;Manobra de mudança de faixa;Com Vítimas Feridas;4;Nublado;Pleno dia;domingo;Colisão traseira;Múltipla;0;0;-22,60125398;-44,88975048;Segura;Sudeste;2 Trimestre
595787;2024.0;n;4.0;2024-04-23;ES;101;141,8;LINHARES;Reação tardia ou ineficiente do condutor;Com Vítimas Fatais;3;Céu Claro;Plena Noite;terça-feira;Colisão traseira;Simples;1;0;-19.32655693;-40.07192387;Perigosa;Sudeste;2 Trimestre
624070;2024.0;n;8.0;2024-08-28;RS;158;248,8;JULIO DE CASTILHOS;Demais falhas mecânicas ou elétricas;Com Vítimas Feridas;5;Nublado;Plena Noite;quarta-feira;Colisão frontal;Simples;0;0;-29.10065701;-53.65178207;Segura;Sul;3 Trimestre
610236;2024.0;n;6.0;2024-06-26;PR;376;307;MAUA DA SERRA;Velocidade Incompatível;Com Vítimas Feridas;2;Céu Claro;Pleno dia;quarta-feira;Tombamento;Dupla;0;0;-23.950361;-51.118939;Segura;Sul;2 Trimestre
628644;2024.0;n;9.0;2024-09-17;RS;386;116,3;SARANDI;Condutor Dormindo;Sem Vítimas;2;Céu Claro;Plena Noite;terça-feira;Saída de leito carroçável;Simples;0;0;-27.846354;-53.017323;Segura;Sul;3 Trimestre
628748;2024.0;n;9.0;2024-09-17;PE;110;249;JATOBA;Ausência de reação do condutor;Com Vítimas Feridas;3;Sol;Pleno dia;terça-feira;Colisão lateral mesmo sentido;Simples;0;0;-9.20378208;-38.23993615;Segura;Nordeste;3 Trimestre
607823;2024.0;n;6.0;2024-06-16;MG;365;689;MONTE ALEGRE DE MINAS;Ausência de reação do condutor;Com Vítimas Fatais;2;Céu Claro;Pleno dia;domingo;Atropelamento de Pedestre;Dupla;1;0;-18.87617045;-48.89351998;Perigosa;Sudeste;2 Trimestre
667772;2025.0;n;3.0;2025-03-17;BA;116;312;ARACI;Demais falhas na via;Com Vítimas Feridas;1;Céu Claro;Plena Noite;segunda-feira;Saída de leito carroçável;Simples;0;0;-11,26653623;-38,91848467;Segura;Nordeste;1 Trimestre
585620;2024.0;n;2.0;2024-02-22;SP;116;141;SAO JOSE DOS CAMPOS;Demais falhas mecânicas ou elétricas;Com Vítimas Feridas;5;Chuva;Plena Noite;quinta-feira;Tombamento;Dupla;0;0;-23.17004717;-45.82091491;Segura;Sudeste;1 Trimestre
672026;2025.0;n;4.0;2025-04-06;SC;282;424,3;VARGEM BONITA;Transitar na contramão;Com Vítimas Fatais;3;Céu Claro;Pleno dia;domingo;Colisão frontal;Simples;1;0;-26,992296;-51,751896;Perigosa;Sul;2 Trimestre
613045;2024.0;n;7.0;2024-07-08;SC;153;61,7;IRANI;Neblina;Com Vítimas Feridas;3;Nevoeiro/Neblina;Pleno dia;segunda-feira;Colisão traseira;Simples;0;0;-26.978279;-51.865761;Segura;Sul;3 Trimestre
687977;2025.0;n;4.0;2025-04-29;BA;110;2;PAULO AFONSO;Entrada inopinada do pedestre;Com Vítimas Fatais;4;Sol;Pleno dia;terça-feira;Atropelamento de Pedestre;Simples;1;0;-9,43555;-38,203498;Perigosa;Nordeste;2 Trimestre