id;ano;feriado;mes;data_inversa;uf;br;km;municipio;causa_acidente;classificacao_acidente;veiculos;condicao_metereologica;fase_dia;dia_semana;tipo_acidente;tipo_pista;mortos;feridos_graves;latitude;longitude;status;regiao;periodo
653257;2025.0;n;1.0;2025-01-04;RJ;493;66;NOVA IGUACU;Entrada inopinada do pedestre;Com Vítimas Fatais;2;Céu Claro;Plena Noite;sábado;Atropelamento de Pedestre;Dupla;1;0;-22,68245002;-43,45333099;Perigosa;Sudeste;1 Trimestre
613259;2024.0;n;7.0;2024-07-09;SC;163;69,8;SAO MIGUEL DO OESTE;Acessar a via sem observar a presença dos outros veículos;Com Vítimas Feridas;2;Nevoeiro/Neblina;Pleno dia;terça-feira;Colisão transversal;Dupla;0;0;-26.74132699;-53.50120591;Segura;Sul;3 Trimestre
602188;2024.0;n;5.0;2024-05-22;RJ;495;29;PETROPOLIS;Reação tardia ou ineficiente do condutor;Com Vítimas Feridas;2;Céu Claro;Pleno dia;quarta-feira;Colisão com objeto;Simples;0;0;-22.391611;-43.126202;Segura;Sudeste;2 Trimestre
583562;2024.0;n;2.0;2024-02-26;SC;282;72;RANCHO QUEIMADO;Reação tardia ou ineficiente do condutor;Com Vítimas Feridas;3;Chuva;Plena Noite;segunda-feira;Colisão frontal;Múltipla;0;0;-27.683439;-49.105259;Segura;Sul;1 Trimestre
665495;2025.0;n;3.0;2025-03-06;MG;365;649;UBERLANDIA;Condutor deixou de manter distância do veículo da frente;Com Vítimas Feridas;3;Céu Claro;Pleno dia;quinta-feira;Colisão lateral mesmo sentido;Dupla;0;0;-18,88000499;-48,49669933;Segura;Sudeste;1 Trimestre
587317;2024.0;n;3.0;2024-03-14;PA;222;166;BOM JESUS DO TOCANTINS;Reação tardia ou ineficiente do condutor;Com Vítimas Feridas;2;Céu Claro;Pleno dia;quinta-feira;Colisão traseira;Simples;0;1;-5.023616;-48.541481;Perigosa;Norte;1 Trimestre
587698;2024.0;n;3.0;2024-03-16;SC;470;75,3;INDAIAL;Reação tardia ou ineficiente do condutor;Com Vítimas Feridas;1;Céu Claro;Pleno dia;sábado;Saída de leito carroçável;Simples;0;1;-26.924833;-49.284004;Perigosa;Sul;1 Trimestre
594838;2024.0;n;4.0;2024-04-18;MG;381;248;SANTANA DO PARAISO;Condutor Dormindo;Sem Vítimas;1;Nublado;Plena Noite;quinta-feira;Saída de leito carroçável;Simples;0;0;-19.47088645;-42.53935557;Segura;Sudeste;2 Trimestre
605886;2024.0;n;6.0;2024-06-07;PR;277;31,9;MORRETES;Demais falhas mecânicas ou elétricas;Sem Vítimas;2;Nublado;Plena Noite;sexta-feira;Incêndio;Dupla;0;0;-25.560552;-48.813438;Segura;Sul;2 Trimestre
627014;2024.0;n;9.0;2024-09-09;AL;101;30,5;JOAQUIM GOMES;Velocidade Incompatível;Com Vítimas Feridas;2;Céu Claro;Plena Noite;segunda-feira;Saída de leito carroçável;Simples;0;1;-9.0847746;-35.7468078;Perigosa;Nordeste;3 Trimestre
607183;2024.0;n;6.0;2024-06-13;PE;101;67,3;RECIFE;Acessar a via sem observar a presença dos outros veículos;Com Vítimas Feridas;2;Céu Claro;Pleno dia;quinta-feira;Colisão traseira;Dupla;0;0;-8.042334;-34.943096;Segura;Nordeste;2 Trimestre
615651;2024.0;n;7.0;2024-07-20;SC;470;233;SAO CRISTOVAO DO SUL;Velocidade Incompatível;Com Vítimas Feridas;2;Céu Claro;Amanhecer;sábado;Tombamento;Simples;0;0;-27.30109435;-50.42565286;Segura;Sul;3 Trimestre
609678;2024.0;n;6.0;2024-06-24;RJ;101;471;ANGRA DOS REIS;Condutor deixou de manter distância do veículo da frente;Com Vítimas Feridas;2;Céu Claro;Pleno dia;segunda-feira;Colisão traseira;Simples;0;0;-22.99649604;-44.22906307;Segura;Sudeste;2 Trimestre
619218;2024.0;n;8.0;2024-08-05;PR;369;147;LONDRINA;Trafegar com motocicleta (ou similar) entre as faixas;Com Vítimas Feridas;3;Céu Claro;Pleno dia;segunda-feira;Colisão lateral mesmo sentido;Dupla;0;0;-23.29322957;-51.13483429;Segura;Sul;3 Trimestre
661935;2025.0;n;2.0;2025-02-17;RS;290;352,9;SAO SEPE;Ausência de reação do condutor;Com Vítimas Feridas;1;Chuva;Amanhecer;segunda-feira;Saída de leito carroçável;Simples;0;1;-30,372091;-53,692841;Perigosa;Sul;1 Trimestre
619481;2024.0;n;5.0;2024-05-12;MT;364;117;ALTO GARCAS;Acessar a via sem observar a presença dos outros veículos;Sem Vítimas;3;Céu Claro;Pleno dia;domingo;Colisão lateral sentido oposto;Simples;0;0;-16.86792697;-53.88105807;Segura;Centro-Oeste;2 Trimestre
616211;2024.0;n;7.0;2024-07-22;GO;60;344;SANTO ANTONIO DA BARRA;Transitar no Acostamento;Com Vítimas Feridas;4;Céu Claro;Pleno dia;segunda-feira;Colisão traseira;Dupla;0;0;-17.5628;-50.6402;Segura;Centro-Oeste;3 Trimestre
653081;2025.0;n;1.0;2025-01-04;RJ;116;177;SAO JOAO DE MERITI;Trafegar com motocicleta (ou similar) entre as faixas;Com Vítimas Feridas;2;Céu Claro;Pleno dia;sábado;Colisão lateral mesmo sentido;Dupla;0;0;-22,78055198;-43,39208599;Segura;Sudeste;1 Trimestre
625477;2024.0;n;7.0;2024-07-24;MG;365;664;MONTE ALEGRE DE MINAS;Deficiência do Sistema de Iluminação/Sinalização;Com Vítimas Fatais;4;Céu Claro;Plena Noite;quarta-feira;Colisão traseira;Dupla;1;0;-18.89197446;-48.68891308;Perigosa;Sudeste;3 Trimestre
668981;2025.0;n;3.0;2025-03-23;MS;262;316,8;CAMPO GRANDE;Pedestre andava na pista;Com Vítimas Fatais;2;Céu Claro;Plena Noite;domingo;Atropelamento de Pedestre;Simples;1;0;-20,47122;-54,4477;Perigosa;Centro-Oeste;1 Trimestre
616596;2024.0;n;7.0;2024-07-24;GO;70;475;GOIAS;Manobra de mudança de faixa;Com Vítimas Feridas;4;Céu Claro;Pleno dia;quarta-feira;Colisão lateral mesmo sentido;Dupla;0;1;-15.89534882;-50.44062194;Perigosa;Centro-Oeste;3 Trimestre
628527;2024.0;n;9.0;2024-09-16;SC;101;15;BIGUACU;Reação tardia ou ineficiente do condutor;Com Vítimas Feridas;3;Nublado;Pleno dia;segunda-feira;Saída de leito carroçável;Dupla;0;0;-27.4946;-48.6561;Segura;Sul;3 Trimestre
664355;2025.0;n;2.0;2025-02-28;BA;101;351;WENCESLAU GUIMARAES;Reação tardia ou ineficiente do condutor;Com Vítimas Feridas;4;Nublado;Plena Noite;sexta-feira;Colisão traseira;Simples;0;1;-13,630816;-39,493423;Perigosa;Nordeste;1 Trimestre
668469;2025.0;n;3.0;2025-03-20;MG;40;446;PARAOPEBA;Velocidade Incompatível;Com Vítimas Feridas;1;Céu Claro;Pleno dia;quinta-feira;Tombamento;Simples;0;0;-19,289599;-44,391426;Segura;Sudeste;1 Trimestre
664451;2025.0;n;3.0;2025-03-01;MG;381;768,7;CAMPANHA;Manobra de mudança de faixa;Com Vítimas Feridas;4;Céu Claro;Pleno dia;sábado;Colisão lateral mesmo sentido;Dupla;0;1;-21,754288;-45,400016;Perigosa;Sudeste;1 Trimestre
622832;2024.0;n;8.0;2024-08-22;RS;158;175,7;PEJUCARA;Ultrapassagem Indevida;Com Vítimas Feridas;5;Céu Claro;Pleno dia;quinta-feira;Colisão lateral mesmo sentido;Simples;0;0;-28.475511;-53.54708706;Segura;Sul;3 Trimestre
603451;2024.0;n;3.0;2024-03-12;PI;407;600;ACAUA;Reação tardia ou ineficiente do condutor;Com Vítimas Fatais;1;Sol;Pleno dia;terça-feira;Saída de leito carroçável;Simples;1;1;-8.34086699;-41.06296704;Perigosa;Nordeste;1 Trimestre
687662;2025.0;n;4.0;2025-04-27;SC;163;108,3;GUARUJA DO SUL;Velocidade Incompatível;Com Vítimas Feridas;2;Céu Claro;Pleno dia;domingo;Tombamento;Simples;0;0;-26,40924437;-53,52238655;Segura;Sul;2 Trimestre
618921;2024.0;n;8.0;2024-08-03;PR;163;307,4;MERCEDES;Transitar na contramão;Com Vítimas Fatais;3;Céu Claro;Plena Noite;sábado;Colisão frontal;Simples;1;0;-24.45195582;-54.15926063;Perigosa;Sul;3 Trimestre
659503;2025.0;n;2.0;2025-02-05;SC;101;1,3;GARUVA;Manobra de mudança de faixa;Com Vítimas Feridas;2;Garoa/Chuvisco;Plena Noite;quarta-feira;Colisão lateral mesmo sentido;Múltipla;0;0;-25,99179956;-48,88117254;Segura;Sul;1 Trimestre
660716;2025.0;n;1.0;2025-01-30;MG;267;188;OLARIA;Chuva;Com Vítimas Feridas;2;Chuva;Pleno dia;quinta-feira;Colisão com objeto;Simples;0;0;-21,90923595;-43,96173478;Segura;Sudeste;1 Trimestre
611819;2024.0;n;7.0;2024-07-03;SC;101;118,2;ITAJAI;Reação tardia ou ineficiente do condutor;Sem Vítimas;4;Céu Claro;Pleno dia;quarta-feira;Engavetamento;Múltipla;0;0;-26.895859;-48.71903;Segura;Sul;3 Trimestre
608885;2024.0;n;6.0;2024-06-21;SC;101;66,8;ARAQUARI;Reação tardia ou ineficiente do condutor;Com Vítimas Feridas;4;Nublado;Plena Noite;sexta-feira;Colisão traseira;Dupla;0;0;-26.48196288;-48.73564124;Segura;Sul;2 Trimestre
671398;2025.0;n;4.0;2025-04-03;MG;381;793,4;SAO GONCALO DO SAPUCAI;Velocidade Incompatível;Com Vítimas Feridas;3;Garoa/Chuvisco;Plena Noite;quinta-feira;Colisão traseira;Dupla;0;1;-21,907745;-45,560533;Perigosa;Sudeste;2 Trimestre
587858;2024.0;n;3.0;2024-03-17;MT;70;6;BARRA DO GARCAS;Ausência de reação do condutor;Com Vítimas Feridas;5;Céu Claro;Pleno dia;domingo;Colisão lateral mesmo sentido;Dupla;0;0;-15.878268;-52.306705;Segura;Centro-Oeste;1 Trimestre
586115;2024.0;n;3.0;2024-03-09;SC;282;622,9;IRACEMINHA;Demais falhas mecânicas ou elétricas;Sem Vítimas;2;Céu Claro;Pleno dia;sábado;Incêndio;Simples;0;0;-26.797441;-53.323349;Segura;Sul;1 Trimestre
593255;2024.0;n;4.0;2024-04-11;RS;116;241;NOVO HAMBURGO;Condutor deixou de manter distância do veículo da frente;Sem Vítimas;3;Garoa/Chuvisco;Pleno dia;quinta-feira;Colisão traseira;Dupla;0;0;-29.71115174;-51.14756179;Segura;Sul;2 Trimestre
689458;2025.0;n;2.0;2025-02-28;PA;10;217;IPIXUNA DO PARA;Acostamento em desnível;Com Vítimas Feridas;2;Chuva;Plena Noite;sexta-feira;Derramamento de carga;Simples;0;0;-2,529609;-47,502161;Segura;Norte;1 Trimestre
685544;2025.0;n;4.0;2025-04-17;PE;423;132;SALOA;Velocidade Incompatível;Com Vítimas Fatais;1;Céu Claro;Plena Noite;quinta-feira;Capotamento;Simples;1;0;-8,958997;-36,76531;Perigosa;Nordeste;2 Trimestre
605437;2024.0;n;6.0;2024-06-05;AL;101;151;JEQUIA DA PRAIA;Transitar na contramão;Com Vítimas Fatais;2;Céu Claro;Plena Noite;quarta-feira;Colisão transversal;Dupla;2;0;-9.8900974;-36.15847202;Perigosa;Nordeste;2 Trimestre
664990;2025.0;n;3.0;2025-03-03;MG;116;37,2;CACHOEIRA DE PAJEU;Demais falhas mecânicas ou elétricas;Sem Vítimas;2;Céu Claro;Pleno dia;segunda-feira;Incêndio;Simples;0;0;-15,961956;-41,405267;Segura;Sudeste;1 Trimestre
655884;2025.0;n;1.0;2025-01-18;PE;101;65;RECIFE;Manobra de mudança de faixa;Sem Vítimas;2;Céu Claro;Plena Noite;sábado;Colisão lateral mesmo sentido;Dupla;0;0;-8,02478597;-34,94276635;Segura;Nordeste;1 Trimestre
609442;2024.0;n;6.0;2024-06-23;PE;407;127;PETROLINA;Ingestão de álcool pelo condutor;Sem Vítimas;2;Céu Claro;Amanhecer;domingo;Colisão transversal;Simples;0;0;-9.3908678;-40.52038627;Segura;Nordeste;2 Trimestre
606355;2024.0;n;6.0;2024-06-09;SC;101;168;TIJUCAS;Acessar a via sem observar a presença dos outros veículos;Com Vítimas Feridas;2;Céu Claro;Pleno dia;domingo;Colisão lateral mesmo sentido;Dupla;0;0;-27.279105;-48.631554;Segura;Sul;2 Trimestre
589928;2024.0;n;3.0;2024-03-26;PI;316;38;LAGOA DO PIAUI;Ultrapassagem Indevida;Com Vítimas Feridas;4;Nublado;Plena Noite;terça-feira;Colisão lateral sentido oposto;Simples;0;0;-5.39060364;-42.6643009;Segura;Nordeste;1 Trimestre
666181;2025.0;n;3.0;2025-03-09;RS;386;306,1;MARQUES DE SOUZA;Reação tardia ou ineficiente do condutor;Com Vítimas Feridas;2;Céu Claro;Pleno dia;domingo;Colisão frontal;Simples;0;3;-29,197873;-52,182375;Perigosa;Sul;1 Trimestre
598838;2024.0;n;5.0;2024-05-07;SC;282;446,2;PONTE SERRADA;Manobra de mudança de faixa;Com Vítimas Feridas;6;Sol;Pleno dia;terça-feira;Colisão lateral mesmo sentido;Simples;0;0;-26.91319225;-51.90525055;Segura;Sul;2 Trimestre
596714;2024.0;n;4.0;2024-04-27;PA;163;956;BELTERRA;Suicídio (presumido);Com Vítimas Feridas;4;Céu Claro;Pleno dia;sábado;Atropelamento de Pedestre;Simples;0;0;-2.749008;-54.900013;Segura;Norte;2 Trimestre
608587;2024.0;n;6.0;2024-06-19;ES;101;409;ITAPEMIRIM;Acessar a via sem observar a presença dos outros veículos;Com Vítimas Feridas;4;Sol;Pleno dia;quarta-feira;Colisão frontal;Simples;0;1;-20.89643008;-41.04527197;Perigosa;Sudeste;2 Trimestre
598338;2024.0;n;5.0;2024-05-04;ES;101;63,1;SAO MATEUS;Ausência de reação do condutor;Com Vítimas Fatais;2;Nublado;Plena Noite;sábado;Colisão frontal;Simples;2;0;-18.69020499;-39.86154403;Perigosa;Sudeste;2 Trimestre
652870;2025.0;n;1.0;2025-01-03;SC;101;214,3;PALHOCA;Desrespeitar a preferência no cruzamento;Com Vítimas Feridas;2;Céu Claro;Amanhecer;sexta-feira;Colisão transversal;Dupla;0;0;-27,64735302;-48,67285609;Segura;Sul;1 Trimestre
668859;2025.0;n;3.0;2025-03-22;MG;40;451,9;CAETANOPOLIS;Pista Escorregadia;Com Vítimas Fatais;1;Chuva;Pleno dia;sábado;Saída de leito carroçável;Dupla;1;0;-19,33298827;-44,36289355;Perigosa;Sudeste;1 Trimestre
653903;2025.0;n;1.0;2025-01-08;TO;153;141;ARAGUAINA;Acessar a via sem observar a presença dos outros veículos;Com Vítimas Feridas;3;Céu Claro;Pleno dia;quarta-feira;Colisão transversal;Dupla;0;0;-7,175959;-48,219548;Segura;Norte;1 Trimestre
607751;2024.0;n;6.0;2024-06-15;CE;20;181;BOA VIAGEM;Demais falhas mecânicas ou elétricas;Com Vítimas Feridas;1;Nublado;Pleno dia;sábado;Saída de leito carroçável;Simples;0;0;-5.27459815;-39.86126991;Segura;Nordeste;2 Trimestre
653008;2025.0;n;1.0;2025-01-03;MG;50;202;DELTA;Chuva;Sem Vítimas;1;Chuva;Anoitecer;sexta-feira;Saída de leito carroçável;Dupla;0;0;-19,92627147;-47,82191068;Segura;Sudeste;1 Trimestre
622219;2024.0;n;8.0;2024-08-19;CE;20;88;TAUA;Condutor Dormindo;Com Vítimas Feridas;1;Céu Claro;Plena Noite;segunda-feira;Saída de leito carroçável;Simples;0;1;-5.8049191;-40.1675057;Perigosa;Nordeste;3 Trimestre
613596;2024.0;n;7.0;2024-07-11;MT;364;524;ROSARIO OESTE;Reação tardia ou ineficiente do condutor;Com Vítimas Fatais;8;Céu Claro;Plena Noite;quinta-feira;Tombamento;Simples;1;1;-15.05826498;-56.51689234;Perigosa;Centro-Oeste;3 Trimestre
612520;2024.0;n;7.0;2024-07-06;RS;386;389,8;TRIUNFO;Conversão proibida;Com Vítimas Feridas;2;Céu Claro;Pleno dia;sábado;Colisão traseira;Simples;0;0;-29.699799;-51.686905;Segura;Sul;3 Trimestre
661334;2025.0;n;2.0;2025-02-14;SC;101;38;JOINVILLE;Acessar a via sem observar a presença dos outros veículos;Com Vítimas Feridas;4;Nublado;Pleno dia;sexta-feira;Colisão transversal;Dupla;0;1;-26,25472505;-48,90561309;Perigosa;Sul;1 Trimestre
625573;2024.0;n;9.0;2024-09-03;BA;116;832;VITORIA DA CONQUISTA;Acessar a via sem observar a presença dos outros veículos;Com Vítimas Feridas;5;Céu Claro;Plena Noite;terça-feira;Colisão transversal;Simples;0;0;-14.93052088;-40.88699341;Segura;Nordeste;3 Trimestre
582234;2024.0;n;2.0;2024-02-20;BA;101;514,8;ITABUNA;Velocidade Incompatível;Com Vítimas Fatais;3;Garoa/Chuvisco;Pleno dia;terça-feira;Colisão lateral sentido oposto;Simples;1;0;-14.87468;-39.280526;Perigosa;Nordeste;1 Trimestre
578640;2024.0;n;2.0;2024-02-02;RJ;40;37;AREAL;Carga excessiva e/ou mal acondicionada;Sem Vítimas;1;Céu Claro;Plena Noite;sexta-feira;Derramamento de carga;Dupla;0;0;-22.22225309;-43.12711619;Segura;Sudeste;1 Trimestre
665570;2025.0;n;3.0;2025-03-06;BA;116;403;FEIRA DE SANTANA;Velocidade Incompatível;Com Vítimas Feridas;2;Nublado;Pleno dia;quinta-feira;Tombamento;Simples;0;0;-12,05558608;-38,96862721;Segura;Nordeste;1 Trimestre
605775;2024.0;n;6.0;2024-06-07;RJ;116;119;MAGE;Demais Fenômenos da natureza;Com Vítimas Feridas;2;Céu Claro;Pleno dia;sexta-feira;Colisão traseira;Dupla;0;1;-22.61573088;-43.03749507;Perigosa;Sudeste;2 Trimestre
665815;2025.0;n;2.0;2025-02-15;RJ;116;128;MAGE;Carga excessiva e/ou mal acondicionada;Sem Vítimas;3;Sol;Pleno dia;sábado;Tombamento;Dupla;0;0;-22,6657139;-43,10092001;Segura;Sudeste;1 Trimestre
652784;2025.0;n;1.0;2025-01-02;PR;277;144;CAMPO LARGO;Manobra de mudança de faixa;Sem Vítimas;2;Céu Claro;Pleno dia;quinta-feira;Colisão lateral mesmo sentido;Dupla;0;0;-25,47358827;-49,70068508;Segura;Sul;1 Trimestre
578184;2024.0;n;1.0;2024-01-31;RJ;40;110;DUQUE DE CAXIAS;Manobra de mudança de faixa;Com Vítimas Feridas;2;Céu Claro;Pleno dia;quarta-feira;Colisão lateral mesmo sentido;Dupla;0;1;-22.68289906;-43.28549346;Perigosa;Sudeste;1 Trimestre
613926;2024.0;n;7.0;2024-07-12;MT;158;667,5;NOVA XAVANTINA;Ausência de reação do condutor;Sem Vítimas;3;Sol;Pleno dia;sexta-feira;Tombamento;Simples;0;0;-14.78128582;-52.32029658;Segura;Centro-Oeste;3 Trimestre
653307;2025.0;n;1.0;2025-01-05;MG;262;532,9;LUZ;Reação tardia ou ineficiente do condutor;Com Vítimas Feridas;2;Céu Claro;Pleno dia;domingo;Colisão traseira;Simples;0;0;-19,78055943;-45,73305711;Segura;Sudeste;1 Trimestre
624231;2024.0;n;8.0;2024-08-28;MT;163;432;VARZEA GRANDE;Acessar a via sem observar a presença dos outros veículos;Com Vítimas Feridas;6;Céu Claro;Plena Noite;quarta-feira;Colisão transversal;Dupla;0;0;-15.62813712;-56.20489597;Segura;Centro-Oeste;3 Trimestre
672955;2025.0;n;4.0;2025-04-11;MG;251;518,7;MONTES CLAROS;Demais falhas mecânicas ou elétricas;Sem Vítimas;2;Céu Claro;Pleno dia;sexta-feira;Incêndio;Simples;0;0;-16,6618435;-43,7571993;Segura;Sudeste;2 Trimestre
599511;2024.0;n;5.0;2024-05-10;BA;349;960;CORRENTINA;Demais falhas mecânicas ou elétricas;Com Vítimas Feridas;2;Céu Claro;Anoitecer;sexta-feira;Colisão lateral mesmo sentido;Simples;0;1;-13.61752911;-45.28060914;Perigosa;Nordeste;2 Trimestre
629595;2024.0;n;9.0;2024-09-21;MA;316;405;ALTO ALEGRE DO MARANHAO;Condutor deixou de manter distância do veículo da frente;Com Vítimas Feridas;2;Céu Claro;Pleno dia;sábado;Colisão traseira;Simples;0;1;-4.239744;-44.439163;Perigosa;Nordeste;3 Trimestre
591381;2024.0;n;4.0;2024-04-02;ES;262;34;DOMINGOS MARTINS;Condutor Dormindo;Com Vítimas Feridas;2;Sol;Pleno dia;terça-feira;Saída de leito carroçável;Simples;0;0;-20.37309781;-40.5917608;Segura;Sudeste;2 Trimestre
612834;2024.0;n;7.0;2024-07-07;MG;262;172;SAO DOMINGOS DO PRATA;Acessar a via sem observar a presença dos outros veículos;Com Vítimas Feridas;3;Céu Claro;Plena Noite;domingo;Colisão transversal;Simples;0;0;-19.94599643;-42.93527926;Segura;Sudeste;3 Trimestre
662246;2025.0;n;2.0;2025-02-18;GO;60;396;RIO VERDE;Reação tardia ou ineficiente do condutor;Com Vítimas Feridas;2;Céu Claro;Plena Noite;terça-feira;Colisão traseira;Dupla;0;0;-17,8244;-51,0172;Segura;Centro-Oeste;1 Trimestre
579293;2024.0;n;2.0;2024-02-06;SC;470;50,7;BLUMENAU;Velocidade Incompatível;Com Vítimas Feridas;2;Céu Claro;Plena Noite;terça-feira;Saída de leito carroçável;Simples;0;0;-26.86102183;-49.08176422;Segura;Sul;1 Trimestre
588348;2024.0;n;3.0;2024-03-19;PR;116;112;CURITIBA;Manobra de mudança de faixa;Com Vítimas Feridas;3;Sol;Pleno dia;terça-feira;Colisão lateral mesmo sentido;Múltipla;0;2;-25.56730763;-49.23706792;Perigosa;Sul;1 Trimestre
593277;2024.0;n;3.0;2024-03-30;PI;230;192,6;OEIRAS;Ausência de reação do condutor;Com Vítimas Fatais;3;Céu Claro;Plena Noite;sábado;Colisão traseira;Simples;2;0;-6.9864;-42.089097;Perigosa;Nordeste;1 Trimestre
660360;2025.0;n;2.0;2025-02-09;MT;163;943;ITAUBA;Manobra de mudança de faixa;Com Vítimas Feridas;3;Nublado;Plena Noite;domingo;Colisão lateral sentido oposto;Simples;0;3;-10,95192819;-55,21645635;Perigosa;Centro-Oeste;1 Trimestre
604651;2024.0;n;6.0;2024-06-02;BA;116;583;IRAJUBA;Condutor deixou de manter distância do veículo da frente;Com Vítimas Feridas;4;Nublado;Pleno dia;domingo;Colisão traseira;Simples;0;0;-13.12906;-39.991671;Segura;Nordeste;2 Trimestre
670237;2025.0;n;3.0;2025-03-29;BA;20;158;SAO DESIDERIO;Reação tardia ou ineficiente do condutor;Com Vítimas Fatais;7;Céu Claro;Plena Noite;sábado;Colisão lateral sentido oposto;Simples;1;0;-12,63420473;-45,91852384;Perigosa;Nordeste;1 Trimestre
621028;2024.0;n;8.0;2024-08-13;MG;116;539,1;SANTA RITA DE MINAS;Velocidade Incompatível;Com Vítimas Feridas;3;Céu Claro;Pleno dia;terça-feira;Colisão transversal;Simples;0;1;-19.88240027;-42.13242591;Perigosa;Sudeste;3 Trimestre
654184;2025.0;n;1.0;2025-01-10;MT;158;714;BARRA DO GARCAS;Ausência de reação do condutor;Com Vítimas Feridas;2;Nublado;Pleno dia;sexta-feira;Colisão lateral sentido oposto;Simples;0;1;-15,17297091;-52,1835688;Perigosa;Centro-Oeste;1 Trimestre
627103;2024.0;n;9.0;2024-09-05;AM;319;233;BERURI;Pista Escorregadia;Com Vítimas Feridas;2;Céu Claro;Anoitecer;quinta-feira;Tombamento;Simples;0;0;-4.53514185;-61.15490312;Segura;Norte;3 Trimestre
652890;2025.0;n;1.0;2025-01-03;SP;101;51;UBATUBA;Acessar a via sem observar a presença dos outros veículos;Com Vítimas Feridas;2;Céu Claro;Pleno dia;sexta-feira;Colisão frontal;Simples;0;0;-23,45627795;-45,07111896;Segura;Sudeste;1 Trimestre
655170;2025.0;n;1.0;2025-01-14;CE;222;163,2;IRAUCUBA;Velocidade Incompatível;Sem Vítimas;1;Chuva;Plena Noite;terça-feira;Tombamento;Simples;0;0;-3,72958214;-39,90925312;Segura;Nordeste;1 Trimestre
671259;2025.0;n;2.0;2025-02-05;PB;230;257,4;ASSUNCAO;Reação tardia ou ineficiente do condutor;Com Vítimas Feridas;1;Chuva;Pleno dia;quarta-feira;Saída de leito carroçável;Simples;0;1;-7,0114;-36,6808;Perigosa;Nordeste;1 Trimestre
624077;2024.0;n;8.0;2024-08-28;PB;101;53,7;SANTA RITA;Deficiência do Sistema de Iluminação/Sinalização;Com Vítimas Feridas;2;Garoa/Chuvisco;Amanhecer;quarta-feira;Colisão traseira;Dupla;0;1;-6.94606786;-35.09493776;Perigosa;Nordeste;3 Trimestre
658408;2025.0;n;1.0;2025-01-31;RN;406;162;CEARA-MIRIM;Demais falhas mecânicas ou elétricas;Sem Vítimas;3;Céu Claro;Pleno dia;sexta-feira;Tombamento;Simples;0;0;-5,7280941;-35,36099113;Segura;Nordeste;1 Trimestre
608402;2024.0;n;6.0;2024-06-18;RS;386;63,5;SEBERI;Demais falhas mecânicas ou elétricas;Com Vítimas Feridas;3;Nublado;Pleno dia;terça-feira;Colisão traseira;Simples;0;0;-27.608656;-53.344784;Segura;Sul;2 Trimestre
578176;2024.0;n;1.0;2024-01-31;RN;226;137,2;CAMPO REDONDO;Demais falhas mecânicas ou elétricas;Sem Vítimas;1;Céu Claro;Pleno dia;quarta-feira;Incêndio;Simples;0;0;-6.19997914;-36.19832509;Segura;Nordeste;1 Trimestre
686491;2025.0;y;4.0;2025-04-21;BA;242;552;OLIVEIRA DOS BREJINHOS;Reação tardia ou ineficiente do condutor;Sem Vítimas;1;Chuva;Plena Noite;segunda-feira;Saída de leito carroçável;Simples;0;0;-12,19656742;-42,81835556;Segura;Nordeste;2 Trimestre
614923;2024.0;n;7.0;2024-07-16;AL;101;46,2;FLEXEIRAS;Curva acentuada;Com Vítimas Feridas;2;Céu Claro;Plena Noite;terça-feira;Tombamento;Dupla;0;0;-9.20881594;-35.78213197;Segura;Nordeste;3 Trimestre
652741;2025.0;n;1.0;2025-01-02;SC;282;49,7;AGUAS MORNAS;Velocidade Incompatível;Com Vítimas Feridas;2;Chuva;Pleno dia;quinta-feira;Colisão lateral sentido oposto;Simples;0;0;-27,708536;-48,952251;Segura;Sul;1 Trimestre
587124;2024.0;n;3.0;2024-03-14;MG;381;486;BETIM;Trafegar com motocicleta (ou similar) entre as faixas;Com Vítimas Fatais;2;Céu Claro;Pleno dia;quinta-feira;Colisão lateral mesmo sentido;Múltipla;1;0;-19.95644414;-44.13611598;Perigosa;Sudeste;1 Trimestre
586597;2024.0;n;3.0;2024-03-11;MG;40;38,6;PARACATU;Transitar na contramão;Com Vítimas Feridas;3;Céu Claro;Pleno dia;segunda-feira;Colisão lateral sentido oposto;Simples;0;1;-17.21050388;-46.89942099;Perigosa;Sudeste;1 Trimestre
626224;2024.0;n;9.0;2024-09-06;MG;40;523;CONTAGEM;Trafegar com motocicleta (ou similar) entre as faixas;Com Vítimas Feridas;4;Céu Claro;Anoitecer;sexta-feira;Colisão lateral mesmo sentido;Dupla;0;1;-19.86874894;-44.05962197;Perigosa;Sudeste;3 Trimestre
663172;2025.0;n;2.0;2025-02-23;RJ;101;190;CASIMIRO DE ABREU;Acessar a via sem observar a presença dos outros veículos;Com Vítimas Feridas;3;Céu Claro;Pleno dia;domingo;Colisão lateral mesmo sentido;Dupla;0;0;-22,4608502;-42,06287384;Segura;Sudeste;1 Trimestre
667799;2025.0;n;3.0;2025-03-17;BA;324;608,3;SIMOES FILHO;Ausência de reação do condutor;Com Vítimas Feridas;2;Céu Claro;Pleno dia;segunda-feira;Colisão traseira;Dupla;0;0;-12,825378;-38,409915;Segura;Nordeste;1 Trimestre
618876;2024.0;n;8.0;2024-08-03;BA;242;860;BARREIRAS;Reação tardia ou ineficiente do condutor;Sem Vítimas;3;Céu Claro;Plena Noite;sábado;Tombamento;Simples;0;0;-12.066;-45.579;Segura;Nordeste;3 Trimestre