id;ano;feriado;mes;data_inversa;uf;br;km;municipio;causa_acidente;classificacao_acidente;veiculos;condicao_metereologica;fase_dia;dia_semana;tipo_acidente;tipo_pista;mortos;feridos_graves;latitude;longitude;status;regiao;periodo
594675;2024.0;n;4.0;2024-04-18;SP;116;284,5;ITAPECERICA DA SERRA;Trafegar com motocicleta (ou similar) entre as faixas;Com Vítimas Feridas;3;Chuva;Pleno dia;quinta-feira;Colisão lateral mesmo sentido;Dupla;0;0;-23.69998;-46.867767;Segura;Sudeste;2 Trimestre
597415;2024.0;n;4.0;2024-04-30;PA;10;120;PARAGOMINAS;Ausência de reação do condutor;Com Vítimas Feridas;4;Céu Claro;Plena Noite;terça-feira;Colisão traseira;Simples;0;0;-3.392432;-47.444252;Segura;Norte;2 Trimestre
596472;2024.0;n;4.0;2024-04-26;GO;60;90;ANAPOLIS;Demais falhas mecânicas ou elétricas;Com Vítimas Feridas;6;Céu Claro;Pleno dia;sexta-feira;Colisão lateral mesmo sentido;Dupla;0;0;-16.3538;-48.9268;Segura;Centro-Oeste;2 Trimestre
600037;2024.0;n;5.0;2024-05-12;CE;116;141,8;RUSSAS;Velocidade Incompatível;Sem Vítimas;2;Nublado;Pleno dia;domingo;Saída de leito carroçável;Simples;0;0;-4.75795993;-38.05953766;Segura;Nordeste;2 Trimestre
629083;2024.0;n;8.0;2024-08-30;MG;40;662;CARANDAI;Conversão proibida;Com Vítimas Feridas;2;Nublado;Plena Noite;sexta-feira;Colisão transversal;Simples;0;0;-20.92236817;-43.82219022;Segura;Sudeste;3 Trimestre
595004;2024.0;n;4.0;2024-04-19;SP;116;358;MIRACATU;Demais falhas mecânicas ou elétricas;Sem Vítimas;2;Céu Claro;Pleno dia;sexta-feira;Incêndio;Dupla;0;0;-24.10289207;-47.25984898;Segura;Sudeste;2 Trimestre
589764;2024.0;n;3.0;2024-03-25;PR;373;266;PRUDENTOPOLIS;Ausência de reação do condutor;Com Vítimas Feridas;2;Céu Claro;Plena Noite;segunda-feira;Colisão traseira;Simples;0;0;-25.202099;-50.981375;Segura;Sul;1 Trimestre
609247;2024.0;n;6.0;2024-06-22;MG;381;767,2;CAMPANHA;Acessar a via sem observar a presença dos outros veículos;Com Vítimas Feridas;2;Céu Claro;Pleno dia;sábado;Atropelamento de Pedestre;Dupla;0;1;-21.76799733;-45.42028285;Perigosa;Sudeste;2 Trimestre
613821;2024.0;n;7.0;2024-07-11;RS;101;21;TRES CACHOEIRAS;Pedestre cruzava a pista fora da faixa;Com Vítimas Fatais;2;Garoa/Chuvisco;Plena Noite;quinta-feira;Atropelamento de Pedestre;Dupla;1;0;-29.43444872;-49.89334896;Perigosa;Sul;3 Trimestre
615460;2024.0;n;7.0;2024-07-19;PE;101;76;RECIFE;Reação tardia ou ineficiente do condutor;Com Vítimas Feridas;2;Garoa/Chuvisco;Pleno dia;sexta-feira;Colisão traseira;Dupla;0;0;-8.11813811;-34.94329214;Segura;Nordeste;3 Trimestre
577352;2024.0;n;1.0;2024-01-27;SP;116;134;CACAPAVA;Avarias e/ou desgaste excessivo no pneu;Sem Vítimas;2;Céu Claro;Pleno dia;sábado;Colisão lateral mesmo sentido;Dupla;0;0;-23.1402216;-45.7617252;Segura;Sudeste;1 Trimestre
616373;2024.0;n;7.0;2024-07-22;BA;101;124;PEDRAO;Demais falhas mecânicas ou elétricas;Sem Vítimas;3;Céu Claro;Pleno dia;segunda-feira;Incêndio;Simples;0;0;-12.18981903;-38.58636194;Segura;Nordeste;3 Trimestre
583722;2024.0;n;2.0;2024-02-27;ES;101;230,5;FUNDAO;Ausência de reação do condutor;Com Vítimas Feridas;3;Céu Claro;Plena Noite;terça-feira;Colisão frontal;Simples;0;1;-19.93558165;-40.40603211;Perigosa;Sudeste;1 Trimestre
582963;2024.0;n;2.0;2024-02-24;MT;70;720;CACERES;Reação tardia ou ineficiente do condutor;Sem Vítimas;1;Nublado;Amanhecer;sábado;Saída de leito carroçável;Simples;0;0;-16.208335944;-57.5747607832;Segura;Centro-Oeste;1 Trimestre
599647;2024.0;n;5.0;2024-05-10;TO;153;688,9;CARIRI DO TOCANTINS;Reação tardia ou ineficiente do condutor;Sem Vítimas;3;Céu Claro;Pleno dia;sexta-feira;Tombamento;Simples;0;0;-11.85477797;-49.14884408;Segura;Norte;2 Trimestre
611676;2024.0;n;7.0;2024-07-03;PR;277;120;CAMPO LARGO;Reação tardia ou ineficiente do condutor;Com Vítimas Feridas;4;Céu Claro;Pleno dia;quarta-feira;Colisão traseira;Dupla;0;1;-25.43651772;-49.44346612;Perigosa;Sul;3 Trimestre
665857;2025.0;n;3.0;2025-03-08;SC;153;54;VARGEM BONITA;Ausência de reação do condutor;Com Vítimas Feridas;2;Céu Claro;Plena Noite;sábado;Colisão frontal;Simples;0;1;-26,9377572;-51,81949496;Perigosa;Sul;1 Trimestre
654436;2025.0;n;1.0;2025-01-11;MG;116;524;CARATINGA;Ausência de reação do condutor;Com Vítimas Feridas;3;Céu Claro;Pleno dia;sábado;Colisão traseira;Simples;0;0;-19,76027352;-42,13398823;Segura;Sudeste;1 Trimestre
672761;2025.0;n;4.0;2025-04-10;MT;163;509;DIAMANTINO;Acessar a via sem observar a presença dos outros veículos;Com Vítimas Fatais;3;Céu Claro;Pleno dia;quinta-feira;Colisão transversal;Dupla;1;1;-14,517047;-56,212758;Perigosa;Centro-Oeste;2 Trimestre
585931;2024.0;n;3.0;2024-03-08;SP;153;105,7;JOSE BONIFACIO;Ausência de reação do condutor;Com Vítimas Feridas;2;Céu Claro;Pleno dia;sexta-feira;Saída de leito carroçável;Simples;0;0;-21.047516;-49.654482;Segura;Sudeste;1 Trimestre
606863;2024.0;n;6.0;2024-06-11;RJ;356;110;CARDOSO MOREIRA;Estacionar ou parar em local proibido;Com Vítimas Fatais;3;Céu Claro;Plena Noite;terça-feira;Colisão traseira;Simples;1;0;-21.55895006;-41.45319306;Perigosa;Sudeste;2 Trimestre
673018;2025.0;n;4.0;2025-04-11;RS;285;267,9;MATO CASTELHANO;Ultrapassagem Indevida;Com Vítimas Feridas;3;Céu Claro;Plena Noite;sexta-feira;Colisão frontal;Simples;0;0;-28,28971774;-52,16553658;Segura;Sul;2 Trimestre
617115;2024.0;n;7.0;2024-07-26;BA;242;623;MUQUEM DE SAO FRANCISCO;Manobra de mudança de faixa;Com Vítimas Fatais;3;Céu Claro;Plena Noite;sexta-feira;Colisão frontal;Simples;1;2;-12.14100918;-43.35275377;Perigosa;Nordeste;3 Trimestre
596925;2024.0;n;4.0;2024-04-28;MG;381;539,9;ITATIAIUCU;Suicídio (presumido);Com Vítimas Fatais;3;Sol;Pleno dia;domingo;Colisão frontal;Dupla;1;0;-20.242548;-44.41251621;Perigosa;Sudeste;2 Trimestre
597422;2024.0;n;4.0;2024-04-30;MG;381;357;JOAO MONLEVADE;Acessar a via sem observar a presença dos outros veículos;Com Vítimas Feridas;2;Céu Claro;Pleno dia;terça-feira;Colisão transversal;Simples;0;1;-19.85175308;-43.213709;Perigosa;Sudeste;2 Trimestre
688010;2025.0;n;4.0;2025-04-28;MT;70;695;CACERES;Problema com o freio;Com Vítimas Feridas;3;Céu Claro;Anoitecer;segunda-feira;Tombamento;Simples;0;0;-16,25091;-57,465843;Segura;Centro-Oeste;2 Trimestre
620776;2024.0;n;7.0;2024-07-07;BA;116;650;JEQUIE;Reação tardia ou ineficiente do condutor;Com Vítimas Feridas;4;Céu Claro;Plena Noite;domingo;Colisão traseira;Simples;0;5;-13.61074294;-40.09094936;Perigosa;Nordeste;3 Trimestre
623007;2024.0;n;8.0;2024-08-22;GO;60;432;RIO VERDE;Reação tardia ou ineficiente do condutor;Com Vítimas Feridas;6;Céu Claro;Plena Noite;quinta-feira;Colisão traseira;Dupla;0;0;-17.8281;-51.3478;Segura;Centro-Oeste;3 Trimestre
602834;2024.0;n;5.0;2024-05-24;BA;101;666;ITAPEBI;Curva acentuada;Com Vítimas Feridas;1;Nublado;Pleno dia;sexta-feira;Tombamento;Simples;0;0;-15.99037461;-39.57258224;Segura;Nordeste;2 Trimestre
592277;2024.0;n;4.0;2024-04-06;MG;153;196,7;FRUTAL;Acessar a via sem observar a presença dos outros veículos;Sem Vítimas;3;Céu Claro;Plena Noite;sábado;Colisão transversal;Simples;0;0;-19.97316232;-49.00353077;Segura;Sudeste;2 Trimestre
601841;2024.0;n;4.0;2024-04-04;RJ;116;272;BARRA MANSA;Ausência de reação do condutor;Com Vítimas Fatais;7;Céu Claro;Pleno dia;quinta-feira;Colisão traseira;Dupla;1;0;-22.55606865;-44.13021704;Perigosa;Sudeste;2 Trimestre
659857;2025.0;n;2.0;2025-02-07;SP;116;300;SAO LOURENCO DA SERRA;Ingestão de álcool pelo condutor;Sem Vítimas;2;Sol;Pleno dia;sexta-feira;Saída de leito carroçável;Dupla;0;0;-23,80425272;-46,92143625;Segura;Sudeste;1 Trimestre
652575;2025.0;y;1.0;2025-01-01;BA;101;924;NOVA VICOSA;Reação tardia ou ineficiente do condutor;Com Vítimas Feridas;2;Nublado;Pleno dia;quarta-feira;Colisão lateral sentido oposto;Simples;0;0;-17,931067;-39,839278;Segura;Nordeste;1 Trimestre
618312;2024.0;n;8.0;2024-08-01;MG;116;204,1;CARAI;Transitar na contramão;Com Vítimas Feridas;6;Chuva;Pleno dia;quinta-feira;Colisão frontal;Simples;0;1;-17.275456;-41.51381;Perigosa;Sudeste;3 Trimestre
577148;2024.0;n;1.0;2024-01-26;MG;381;719;CARMO DA CACHOEIRA;Condutor deixou de manter distância do veículo da frente;Com Vítimas Feridas;4;Céu Claro;Pleno dia;sexta-feira;Colisão lateral mesmo sentido;Dupla;0;0;-21.45321803;-45.21174621;Segura;Sudeste;1 Trimestre
581474;2024.0;n;2.0;2024-02-16;PR;376;292;MAUA DA SERRA;Demais falhas mecânicas ou elétricas;Com Vítimas Feridas;3;Nublado;Pleno dia;sexta-feira;Eventos atípicos;Dupla;0;0;-23.90368323;-51.21851921;Segura;Sul;1 Trimestre
628517;2024.0;n;6.0;2024-06-21;SC;101;119;ITAJAI;Trafegar com motocicleta (ou similar) entre as faixas;Com Vítimas Fatais;3;Nublado;Plena Noite;sexta-feira;Colisão traseira;Múltipla;1;0;-26.9043179;-48.71555481;Perigosa;Sul;2 Trimestre
629170;2024.0;n;9.0;2024-09-19;MT;163;964;NOVA SANTA HELENA;Reação tardia ou ineficiente do condutor;Sem Vítimas;2;Sol;Pleno dia;quinta-feira;Saída de leito carroçável;Simples;0;0;-10.89822496;-55.19905884;Segura;Centro-Oeste;3 Trimestre
610660;2024.0;n;6.0;2024-06-28;SP;116;103,7;TAUBATE;Reação tardia ou ineficiente do condutor;Com Vítimas Feridas;3;Céu Claro;Plena Noite;sexta-feira;Colisão traseira;Dupla;0;0;-22.99919465;-45.49788917;Segura;Sudeste;2 Trimestre
655333;2025.0;n;1.0;2025-01-15;GO;158;194;CAIAPONIA;Ausência de reação do condutor;Com Vítimas Fatais;3;Céu Claro;Pleno dia;quarta-feira;Colisão traseira;Simples;3;0;-17,269193;-51,893138;Perigosa;Centro-Oeste;1 Trimestre
662756;2025.0;n;2.0;2025-02-21;PR;153;18,1;JACAREZINHO;Reação tardia ou ineficiente do condutor;Com Vítimas Feridas;2;Céu Claro;Pleno dia;sexta-feira;Colisão lateral mesmo sentido;Simples;0;1;-23,1470198;-49,9517877;Perigosa;Sul;1 Trimestre
597831;2024.0;n;5.0;2024-05-02;PE;104;20,2;TAQUARITINGA DO NORTE;Condutor deixou de manter distância do veículo da frente;Com Vítimas Feridas;2;Sol;Pleno dia;quinta-feira;Colisão traseira;Simples;0;1;-7.956497;-36.128529;Perigosa;Nordeste;2 Trimestre
594967;2024.0;n;4.0;2024-04-19;GO;153;501;GOIANIA;Ausência de reação do condutor;Sem Vítimas;2;Céu Claro;Pleno dia;sexta-feira;Colisão com objeto;Dupla;0;0;-16.7189;-49.2382;Segura;Centro-Oeste;2 Trimestre
581536;2024.0;n;2.0;2024-02-16;ES;101;142;LINHARES;Reação tardia ou ineficiente do condutor;Com Vítimas Feridas;3;Nublado;Anoitecer;sexta-feira;Engavetamento;Dupla;0;0;-19.33458987;-40.06755477;Segura;Sudeste;1 Trimestre
653516;2025.0;n;1.0;2025-01-06;MG;153;135;PRATA;Reação tardia ou ineficiente do condutor;Com Vítimas Feridas;1;Nublado;Pleno dia;segunda-feira;Saída de leito carroçável;Simples;0;0;-19,5207219;-48,83355386;Segura;Sudeste;1 Trimestre
613973;2024.0;n;7.0;2024-07-12;MG;116;577;MANHUACU;Reação tardia ou ineficiente do condutor;Sem Vítimas;2;Céu Claro;Pleno dia;sexta-feira;Tombamento;Simples;0;0;-20.161295;-42.189066;Segura;Sudeste;3 Trimestre
623523;2024.0;n;8.0;2024-08-25;PE;232;512;SALGUEIRO;Condutor deixou de manter distância do veículo da frente;Com Vítimas Feridas;4;Céu Claro;Pleno dia;domingo;Colisão traseira;Simples;0;2;-8.07319601;-39.15511499;Perigosa;Nordeste;3 Trimestre
619196;2024.0;n;8.0;2024-08-05;PR;376;323;ORTIGUEIRA;Transitar na contramão;Com Vítimas Fatais;3;Céu Claro;Pleno dia;segunda-feira;Colisão frontal;Simples;1;0;-24.0413181;-51.076468;Perigosa;Sul;3 Trimestre
605741;2024.0;n;6.0;2024-06-07;MG;364;30,5;FRUTAL;Acesso irregular;Com Vítimas Feridas;2;Céu Claro;Pleno dia;sexta-feira;Colisão transversal;Simples;0;0;-20.014926;-48.9162;Segura;Sudeste;2 Trimestre
616977;2024.0;n;7.0;2024-07-26;MA;10;257,1;IMPERATRIZ;Acessar a via sem observar a presença dos outros veículos;Com Vítimas Feridas;2;Sol;Pleno dia;sexta-feira;Colisão transversal;Simples;0;0;-5.490634;-47.471973;Segura;Nordeste;3 Trimestre
672018;2025.0;n;4.0;2025-04-06;TO;153;571,3;FATIMA;Reação tardia ou ineficiente do condutor;Com Vítimas Feridas;2;Céu Claro;Pleno dia;domingo;Tombamento;Simples;0;0;-10,840586;-48,904469;Segura;Norte;2 Trimestre
625329;2024.0;n;9.0;2024-09-02;BA;235;2,1;CORONEL JOAO SA;Demais falhas mecânicas ou elétricas;Sem Vítimas;1;Céu Claro;Pleno dia;segunda-feira;Saída de leito carroçável;Simples;0;0;-10.30493317;-37.75339117;Segura;Nordeste;3 Trimestre
687077;2025.0;n;4.0;2025-04-24;RS;290;115;ELDORADO DO SUL;Manobra de mudança de faixa;Com Vítimas Feridas;2;Céu Claro;Pleno dia;quinta-feira;Colisão frontal;Simples;0;2;-30,0362931;-51,3276937;Perigosa;Sul;2 Trimestre
621044;2024.0;n;8.0;2024-08-13;RO;174;11;VILHENA;Acessar a via sem observar a presença dos outros veículos;Com Vítimas Feridas;5;Céu Claro;Pleno dia;terça-feira;Queda de ocupante de veículo;Dupla;0;1;-12.74605898;-60.11270299;Perigosa;Norte;3 Trimestre
620793;2024.0;n;8.0;2024-08-12;SC;470;53,9;BLUMENAU;Demais falhas na via;Sem Vítimas;3;Céu Claro;Pleno dia;segunda-feira;Colisão lateral mesmo sentido;Simples;0;0;-26.87115449;-49.10897791;Segura;Sul;3 Trimestre
584706;2024.0;n;3.0;2024-03-03;PR;158;530;PATO BRANCO;Acessar a via sem observar a presença dos outros veículos;Com Vítimas Feridas;3;Céu Claro;Pleno dia;domingo;Colisão transversal;Simples;0;0;-26.19914615;-52.67512912;Segura;Sul;1 Trimestre
652973;2025.0;n;1.0;2025-01-03;BA;101;287;LAJE;Ingestão de álcool pelo condutor;Sem Vítimas;2;Céu Claro;Pleno dia;sexta-feira;Colisão traseira;Simples;0;0;-13,28488593;-39,32243808;Segura;Nordeste;1 Trimestre
687204;2025.0;n;4.0;2025-04-25;GO;153;506;APARECIDA DE GOIANIA;Ausência de reação do condutor;Sem Vítimas;3;Nublado;Pleno dia;sexta-feira;Colisão lateral mesmo sentido;Múltipla;0;0;-16,74883968;-49,24085325;Segura;Centro-Oeste;2 Trimestre
582246;2024.0;n;2.0;2024-02-20;TO;153;337;GUARAI;Ingestão de álcool pelo condutor;Com Vítimas Feridas;3;Céu Claro;Pleno dia;terça-feira;Saída de leito carroçável;Simples;0;0;-8.863007;-48.50835;Segura;Norte;1 Trimestre
671626;2025.0;n;4.0;2025-04-04;MT;364;579;NOBRES;Problema com o freio;Sem Vítimas;2;Céu Claro;Plena Noite;sexta-feira;Incêndio;Dupla;0;0;-14,59635438;-56,23749018;Segura;Centro-Oeste;2 Trimestre
653397;2025.0;n;1.0;2025-01-05;RJ;393;281,3;VOLTA REDONDA;Velocidade Incompatível;Com Vítimas Feridas;1;Nublado;Plena Noite;domingo;Tombamento;Simples;0;0;-22,48025569;-44,02974901;Segura;Sudeste;1 Trimestre
605748;2024.0;n;6.0;2024-06-07;PR;376;314,1;MAUA DA SERRA;Ausência de reação do condutor;Com Vítimas Feridas;2;Céu Claro;Pleno dia;sexta-feira;Tombamento;Dupla;0;0;-24.0189474;-51.09284357;Segura;Sul;2 Trimestre
664224;2025.0;n;2.0;2025-02-20;BA;101;569;ARATACA;Velocidade Incompatível;Com Vítimas Feridas;2;Chuva;Amanhecer;quinta-feira;Saída de leito carroçável;Simples;0;0;-15,2712702;-39,4657376;Segura;Nordeste;1 Trimestre
664207;2025.0;n;2.0;2025-02-28;RS;392;223,5;CACAPAVA DO SUL;Reação tardia ou ineficiente do condutor;Com Vítimas Feridas;3;Chuva;Amanhecer;sexta-feira;Saída de leito carroçável;Simples;0;0;-30,708;-53,234;Segura;Sul;1 Trimestre
610596;2024.0;n;6.0;2024-06-28;MG;116;144;PONTO DOS VOLANTES;Reação tardia ou ineficiente do condutor;Com Vítimas Feridas;2;Céu Claro;Pleno dia;sexta-feira;Tombamento;Simples;0;0;-16.8019472;-41.47716326;Segura;Sudeste;2 Trimestre
608311;2024.0;n;6.0;2024-06-18;BA;410;21;TUCANO;Condutor deixou de manter distância do veículo da frente;Com Vítimas Feridas;2;Chuva;Pleno dia;terça-feira;Colisão frontal;Simples;0;0;-10.916906;-38.69033;Segura;Nordeste;2 Trimestre
672297;2025.0;n;4.0;2025-04-08;MG;381;923;CAMANDUCAIA;Reação tardia ou ineficiente do condutor;Com Vítimas Feridas;2;Céu Claro;Plena Noite;terça-feira;Tombamento;Dupla;0;0;-22,77475701;-46,18583679;Segura;Sudeste;2 Trimestre
602998;2024.0;n;5.0;2024-05-26;MA;135;8;SAO LUIS;Entrada inopinada do pedestre;Com Vítimas Feridas;2;Céu Claro;Plena Noite;domingo;Atropelamento de Pedestre;Dupla;0;0;-2.64342093;-44.27374175;Segura;Nordeste;2 Trimestre
582691;2024.0;n;2.0;2024-02-23;MG;50;188;UBERABA;Condutor Dormindo;Com Vítimas Feridas;3;Céu Claro;Plena Noite;sexta-feira;Colisão traseira;Dupla;0;1;-19.84070819;-47.87993327;Perigosa;Sudeste;1 Trimestre
662463;2025.0;n;2.0;2025-02-20;PE;232;339,8;CUSTODIA;Reação tardia ou ineficiente do condutor;Com Vítimas Fatais;3;Céu Claro;Plena Noite;quinta-feira;Colisão frontal;Simples;1;0;-8,08234604;-37,68530299;Perigosa;Nordeste;1 Trimestre
663946;2025.0;n;2.0;2025-02-27;SC;280;56;GUARAMIRIM;Manobra de mudança de faixa;Com Vítimas Feridas;2;Céu Claro;Pleno dia;quinta-feira;Queda de ocupante de veículo;Dupla;0;0;-26,479371;-49,006503;Segura;Sul;1 Trimestre
663641;2025.0;n;2.0;2025-02-13;BA;242;322;LAJEDINHO;Ausência de reação do condutor;Sem Vítimas;4;Céu Claro;Pleno dia;quinta-feira;Tombamento;Simples;0;0;-12,46661659;-41,08145578;Segura;Nordeste;1 Trimestre
579857;2024.0;n;2.0;2024-02-08;SP;116;275;EMBU DAS ARTES;Acessar a via sem observar a presença dos outros veículos;Com Vítimas Feridas;3;Céu Claro;Anoitecer;quinta-feira;Colisão transversal;Dupla;0;0;-23.63638826;-46.83251584;Segura;Sudeste;1 Trimestre
686868;2025.0;n;4.0;2025-04-23;MG;381;788;CAMPANHA;Avarias e/ou desgaste excessivo no pneu;Sem Vítimas;2;Nublado;Pleno dia;quarta-feira;Incêndio;Dupla;0;0;-21,83409364;-45,50331116;Segura;Sudeste;2 Trimestre
656552;2025.0;n;1.0;2025-01-21;MG;116;549,3;SANTA BARBARA DO LESTE;Reação tardia ou ineficiente do condutor;Com Vítimas Feridas;2;Nublado;Anoitecer;terça-feira;Colisão traseira;Simples;0;1;-19,960735;-42,13329299;Perigosa;Sudeste;1 Trimestre
609737;2024.0;n;6.0;2024-06-24;RS;386;400,1;TRIUNFO;Condutor usando celular;Com Vítimas Fatais;4;Nublado;Pleno dia;segunda-feira;Colisão lateral sentido oposto;Simples;1;0;-29.751001;-51.599842;Perigosa;Sul;2 Trimestre
688291;2025.0;n;4.0;2025-04-30;MG;459;34,5;CALDAS;Velocidade Incompatível;Com Vítimas Fatais;4;Céu Claro;Pleno dia;quarta-feira;Tombamento;Simples;1;0;-21,9363918;-46,35308929;Perigosa;Sudeste;2 Trimestre
589530;2024.0;n;3.0;2024-03-24;MG;381;489,1;BETIM;Reação tardia ou ineficiente do condutor;Sem Vítimas;4;Céu Claro;Plena Noite;domingo;Colisão traseira;Múltipla;0;0;-19.9563874;-44.13459063;Segura;Sudeste;1 Trimestre
623938;2024.0;n;8.0;2024-08-27;SC;101;15,7;GARUVA;Reação tardia ou ineficiente do condutor;Com Vítimas Feridas;2;Céu Claro;Pleno dia;terça-feira;Colisão traseira;Dupla;0;0;-26.10609917;-48.87224159;Segura;Sul;3 Trimestre
659985;2025.0;n;2.0;2025-02-07;MT;174;327;PONTES E LACERDA;Ingestão de álcool pelo condutor;Com Vítimas Fatais;2;Nublado;Plena Noite;sexta-feira;Colisão frontal;Simples;1;1;-14,90579098;-59,29368385;Perigosa;Centro-Oeste;1 Trimestre
597373;2024.0;n;4.0;2024-04-30;SC;282;4,4;FLORIANOPOLIS;Ausência de reação do condutor;Com Vítimas Feridas;2;Céu Claro;Pleno dia;terça-feira;Colisão lateral mesmo sentido;Múltipla;0;0;-27.592646;-48.604034;Segura;Sul;2 Trimestre
588711;2024.0;n;3.0;2024-03-21;RN;304;183,3;ANGICOS;Acessar a via sem observar a presença dos outros veículos;Com Vítimas Fatais;3;Céu Claro;Pleno dia;quinta-feira;Colisão transversal;Simples;1;0;-5.6901045;-36.31102799;Perigosa;Nordeste;1 Trimestre
657429;2025.0;n;1.0;2025-01-22;MT;163;555,1;DIAMANTINO;Reação tardia ou ineficiente do condutor;Com Vítimas Feridas;2;Chuva;Plena Noite;quarta-feira;Saída de leito carroçável;Dupla;0;0;-14,267496;-56,15044099;Segura;Centro-Oeste;1 Trimestre
661040;2025.0;n;2.0;2025-02-13;PR;376;5,4;MARINGA;Demais falhas na via;Com Vítimas Feridas;4;Céu Claro;Amanhecer;quinta-feira;Colisão lateral mesmo sentido;Dupla;0;0;-23,38007724;-51,94816589;Segura;Sul;1 Trimestre
574785;2024.0;n;1.0;2024-01-14;RJ;116;304;RESENDE;Demais falhas mecânicas ou elétricas;Com Vítimas Feridas;1;Nublado;Plena Noite;domingo;Saída de leito carroçável;Dupla;0;0;-22.4550412;-44.38649998;Segura;Sudeste;1 Trimestre
586472;2024.0;n;3.0;2024-03-11;MT;163;1041;PEIXOTO DE AZEVEDO;Ingestão de álcool pelo condutor;Com Vítimas Feridas;4;Céu Claro;Plena Noite;segunda-feira;Saída de leito carroçável;Simples;0;0;-10.27040906;-55.01042292;Segura;Centro-Oeste;1 Trimestre
618143;2024.0;n;7.0;2024-07-31;PR;277;365;GUARAPUAVA;Transitar na contramão;Com Vítimas Feridas;3;Céu Claro;Plena Noite;quarta-feira;Colisão frontal;Simples;0;0;-25.428087;-51.659795;Segura;Sul;3 Trimestre
585826;2024.0;n;3.0;2024-03-08;MG;381;492,2;BETIM;Demais falhas mecânicas ou elétricas;Com Vítimas Feridas;5;Sol;Pleno dia;sexta-feira;Engavetamento;Múltipla;0;0;-19.97490091;-44.19004301;Segura;Sudeste;1 Trimestre
671114;2025.0;n;4.0;2025-04-02;PI;343;188;PIRIPIRI;Ultrapassagem Indevida;Sem Vítimas;3;Nublado;Pleno dia;quarta-feira;Saída de leito carroçável;Simples;0;0;-4,31042241;-41,77323818;Segura;Nordeste;2 Trimestre
688219;2025.0;n;4.0;2025-04-30;RJ;465;22;RIO DE JANEIRO;Reação tardia ou ineficiente do condutor;Com Vítimas Feridas;3;Céu Claro;Pleno dia;quarta-feira;Colisão lateral mesmo sentido;Simples;0;0;-22,85938946;-43,60164642;Segura;Sudeste;2 Trimestre
658114;2025.0;n;1.0;2025-01-29;PR;277;129;CAMPO LARGO;Carga excessiva e/ou mal acondicionada;Sem Vítimas;2;Nublado;Pleno dia;quarta-feira;Derramamento de carga;Simples;0;0;-25,44458091;-49,56662357;Segura;Sul;1 Trimestre
619997;2024.0;n;8.0;2024-08-09;SE;101;147;ESTANCIA;Ausência de reação do condutor;Com Vítimas Feridas;2;Céu Claro;Pleno dia;sexta-feira;Tombamento;Dupla;0;0;-11.23816;-37.4305;Segura;Nordeste;3 Trimestre
668201;2025.0;n;3.0;2025-03-19;PR;116;103;SAO JOSE DOS PINHAIS;Ausência de reação do condutor;Com Vítimas Feridas;2;Céu Claro;Pleno dia;quarta-feira;Atropelamento de Pedestre;Dupla;0;0;-25,53872419;-49,20639038;Segura;Sul;1 Trimestre
671223;2025.0;n;4.0;2025-04-03;RN;304;291,9;MACAIBA;Demais falhas mecânicas ou elétricas;Sem Vítimas;1;Sol;Pleno dia;quinta-feira;Tombamento;Dupla;0;0;-5,86765959;-35,39373279;Segura;Nordeste;2 Trimestre
686770;2025.0;n;4.0;2025-04-22;PR;163;95,8;CAPANEMA;Velocidade Incompatível;Com Vítimas Fatais;3;Céu Claro;Anoitecer;terça-feira;Tombamento;Simples;1;0;-25,620803;-53,801153;Perigosa;Sul;2 Trimestre
587923;2024.0;n;3.0;2024-03-17;MG;381;633;OLIVEIRA;Velocidade Incompatível;Com Vítimas Feridas;2;Céu Claro;Pleno dia;domingo;Colisão com objeto;Dupla;0;2;-20.86933705;-44.84336892;Perigosa;Sudeste;1 Trimestre
594616;2024.0;n;4.0;2024-04-17;PR;476;153,5;ARAUCARIA;Ausência de reação do condutor;Sem Vítimas;3;Céu Claro;Plena Noite;quarta-feira;Colisão com objeto;Dupla;0;0;-25.577307;-49.392338;Segura;Sul;2 Trimestre
668474;2025.0;n;3.0;2025-03-20;RJ;393;254,1;BARRA DO PIRAI;Ausência de reação do condutor;Com Vítimas Feridas;2;Céu Claro;Pleno dia;quinta-feira;Tombamento;Simples;0;0;-22,45138017;-43,82696975;Segura;Sudeste;1 Trimestre
600651;2024.0;n;5.0;2024-05-15;MG;381;871,9;POUSO ALEGRE;Reação tardia ou ineficiente do condutor;Com Vítimas Fatais;7;Sol;Pleno dia;quarta-feira;Engavetamento;Dupla;1;0;-22.43949179;-45.98517516;Perigosa;Sudeste;2 Trimestre
591997;2024.0;n;4.0;2024-04-05;BA;101;273;SANTO ANTONIO DE JESUS;Carga excessiva e/ou mal acondicionada;Com Vítimas Feridas;3;Nublado;Pleno dia;sexta-feira;Tombamento;Simples;0;0;-13.0524309;-39.28423405;Segura;Nordeste;2 Trimestre
627440;2024.0;n;9.0;2024-09-12;PR;277;2,8;PARANAGUA;Condutor Dormindo;Sem Vítimas;3;Nublado;Plena Noite;quinta-feira;Colisão frontal;Simples;0;0;-25.50373065;-48.52280796;Segura;Sul;3 Trimestre
670392;2025.0;n;3.0;2025-03-29;GO;452;162;ITUMBIARA;Acostamento em desnível;Com Vítimas Feridas;2;Céu Claro;Pleno dia;sábado;Saída de leito carroçável;Simples;0;0;-18,304534;-49,517306;Segura;Centro-Oeste;1 Trimestre