id;ano;feriado;mes;data_inversa;uf;br;km;municipio;causa_acidente;classificacao_acidente;veiculos;condicao_metereologica;fase_dia;dia_semana;tipo_acidente;tipo_pista;mortos;feridos_graves;latitude;longitude;status;regiao;periodo
590025;2024.0;n;2.0;2024-02-01;SC;282;156,3;BOM RETIRO;Reação tardia ou ineficiente do condutor;Com Vítimas Feridas;2;Céu Claro;Anoitecer;quinta-feira;Colisão traseira;Simples;0;0;-27.746881;-49.715881;Segura;Sul;1 Trimestre
663934;2025.0;n;2.0;2025-02-27;MG;153;20;CENTRALINA;Condutor Dormindo;Com Vítimas Feridas;3;Céu Claro;Plena Noite;quinta-feira;Colisão traseira;Dupla;0;0;-18,598381;-49,19201174;Segura;Sudeste;1 Trimestre
578365;2024.0;n;2.0;2024-02-01;MT;163;877;SINOP;Falta de acostamento;Sem Vítimas;2;Céu Claro;Pleno dia;quinta-feira;Saída de leito carroçável;Simples;0;0;-11.62068789;-55.43271445;Segura;Centro-Oeste;1 Trimestre
618815;2024.0;n;7.0;2024-07-11;BA;324;604;SIMOES FILHO;Condutor deixou de manter distância do veículo da frente;Sem Vítimas;5;Céu Claro;Pleno dia;quinta-feira;Colisão traseira;Dupla;0;0;-12.77978866;-38.41589628;Segura;Nordeste;3 Trimestre
596176;2024.0;n;4.0;2024-04-24;BA;101;438;UBAITABA;Objeto estático sobre o leito carroçável;Com Vítimas Feridas;3;Chuva;Plena Noite;quarta-feira;Colisão frontal;Simples;0;0;-14.26371761;-39.32556152;Segura;Nordeste;2 Trimestre
625658;2024.0;n;8.0;2024-08-19;MT;70;528;VARZEA GRANDE;Manobra de mudança de faixa;Com Vítimas Fatais;3;Céu Claro;Plena Noite;segunda-feira;Colisão frontal;Simples;1;0;-15.65893;-56.21713;Perigosa;Centro-Oeste;3 Trimestre
607745;2024.0;n;6.0;2024-06-15;SC;470;231,4;SAO CRISTOVAO DO SUL;Reação tardia ou ineficiente do condutor;Com Vítimas Feridas;3;Nublado;Plena Noite;sábado;Colisão traseira;Simples;0;0;-27.30423;-50.401447;Segura;Sul;2 Trimestre
652821;2025.0;n;1.0;2025-01-02;RJ;393;167;TRES RIOS;Reação tardia ou ineficiente do condutor;Com Vítimas Feridas;2;Céu Claro;Anoitecer;quinta-feira;Saída de leito carroçável;Simples;0;0;-22,12309905;-43,20363803;Segura;Sudeste;1 Trimestre
577914;2024.0;n;1.0;2024-01-30;RS;158;548,2;SANTANA DO LIVRAMENTO;Condutor deixou de manter distância do veículo da frente;Com Vítimas Feridas;3;Céu Claro;Plena Noite;terça-feira;Colisão traseira;Simples;0;0;-30.82738156;-55.34514608;Segura;Sul;1 Trimestre
630386;2024.0;n;9.0;2024-09-25;RJ;101;35;CAMPOS DOS GOYTACAZES;Reação tardia ou ineficiente do condutor;Com Vítimas Feridas;2;Céu Claro;Plena Noite;quarta-feira;Colisão traseira;Simples;0;0;-21.50796231;-41.33679556;Segura;Sudeste;3 Trimestre
620819;2024.0;n;8.0;2024-08-06;RN;304;298;MACAIBA;Manobra de mudança de faixa;Com Vítimas Feridas;2;Céu Claro;Pleno dia;terça-feira;Colisão lateral mesmo sentido;Dupla;0;0;-5.8682343;-35.3321791;Segura;Nordeste;3 Trimestre
577988;2024.0;n;1.0;2024-01-30;MT;364;280,1;JACIARA;Demais falhas mecânicas ou elétricas;Sem Vítimas;4;Céu Claro;Pleno dia;terça-feira;Incêndio;Dupla;0;0;-15.9364519;-55.0199037;Segura;Centro-Oeste;1 Trimestre
600238;2024.0;n;5.0;2024-05-13;MS;262;6;TRES LAGOAS;Reação tardia ou ineficiente do condutor;Com Vítimas Feridas;2;Céu Claro;Pleno dia;segunda-feira;Tombamento;Dupla;0;0;-20.78420228;-51.6739583;Segura;Centro-Oeste;2 Trimestre
622420;2024.0;n;8.0;2024-08-19;GO;60;124;GOIANAPOLIS;Animais na Pista;Sem Vítimas;1;Céu Claro;Plena Noite;segunda-feira;Atropelamento de Animal;Dupla;0;0;-16.5243;-49.1313;Segura;Centro-Oeste;3 Trimestre
627330;2024.0;n;9.0;2024-09-11;MT;70;344;DOM AQUINO;Reação tardia ou ineficiente do condutor;Com Vítimas Feridas;5;Céu Claro;Pleno dia;quarta-feira;Colisão lateral sentido oposto;Simples;0;0;-15.53122877;-54.82912187;Segura;Centro-Oeste;3 Trimestre
660739;2025.0;n;2.0;2025-02-11;PR;376;316;ORTIGUEIRA;Problema com o freio;Sem Vítimas;2;Céu Claro;Pleno dia;terça-feira;Saída de leito carroçável;Simples;0;0;-24,0333264;-51,09300803;Segura;Sul;1 Trimestre
669153;2025.0;n;3.0;2025-03-23;SC;101;217,2;PALHOCA;Entrada inopinada do pedestre;Com Vítimas Fatais;3;Céu Claro;Plena Noite;domingo;Atropelamento de Pedestre;Múltipla;1;0;-27,66967;-48,673;Perigosa;Sul;1 Trimestre
603281;2024.0;n;5.0;2024-05-27;SC;116;174,8;SAO CRISTOVAO DO SUL;Velocidade Incompatível;Com Vítimas Feridas;2;Garoa/Chuvisco;Plena Noite;segunda-feira;Colisão com objeto;Simples;0;0;-27.2255548;-50.46647072;Segura;Sul;2 Trimestre
687250;2025.0;n;4.0;2025-04-25;PE;101;69;RECIFE;Ausência de reação do condutor;Com Vítimas Feridas;2;Céu Claro;Pleno dia;sexta-feira;Colisão traseira;Múltipla;0;0;-8,0639505;-34,9447122;Segura;Nordeste;2 Trimestre
657532;2025.0;n;1.0;2025-01-26;BA;407;227;CAPIM GROSSO;Ausência de reação do condutor;Com Vítimas Feridas;2;Garoa/Chuvisco;Plena Noite;domingo;Colisão traseira;Simples;0;1;-11,33058004;-40,01665726;Perigosa;Nordeste;1 Trimestre
661818;2025.0;n;2.0;2025-02-16;MG;116;89,9;MEDINA;Velocidade Incompatível;Com Vítimas Feridas;2;Sol;Pleno dia;domingo;Saída de leito carroçável;Simples;0;1;-16,342478;-41,476151;Perigosa;Sudeste;1 Trimestre
590710;2024.0;n;3.0;2024-03-30;MG;251;349;PADRE CARVALHO;Reação tardia ou ineficiente do condutor;Com Vítimas Feridas;1;Céu Claro;Pleno dia;sábado;Tombamento;Simples;0;1;-16.25785611;-42.52455711;Perigosa;Sudeste;1 Trimestre
604378;2024.0;n;6.0;2024-06-01;BA;116;835,4;VITORIA DA CONQUISTA;Transitar na contramão;Com Vítimas Feridas;4;Céu Claro;Pleno dia;sábado;Colisão lateral sentido oposto;Simples;0;1;-14.87754995;-40.85435187;Perigosa;Nordeste;2 Trimestre
613357;2024.0;n;7.0;2024-07-09;MG;381;371;SAO GONCALO DO RIO ABAIXO;Demais falhas mecânicas ou elétricas;Com Vítimas Feridas;4;Céu Claro;Pleno dia;terça-feira;Colisão lateral sentido oposto;Simples;0;1;-19.84407789;-43.30732499;Perigosa;Sudeste;3 Trimestre
629789;2024.0;n;9.0;2024-09-22;PR;277;247,8;IRATI;Velocidade Incompatível;Com Vítimas Feridas;4;Céu Claro;Pleno dia;domingo;Queda de ocupante de veículo;Simples;0;0;-25.453166;-50.651406;Segura;Sul;3 Trimestre
670305;2025.0;n;3.0;2025-03-29;BA;116;402;FEIRA DE SANTANA;Manobra de mudança de faixa;Com Vítimas Feridas;3;Céu Claro;Pleno dia;sábado;Colisão lateral mesmo sentido;Dupla;0;0;-12,2814464;-39,0201344;Segura;Nordeste;1 Trimestre
601336;2024.0;n;5.0;2024-05-18;MT;163;586,9;NOVA MUTUM;Reação tardia ou ineficiente do condutor;Sem Vítimas;7;Céu Claro;Pleno dia;sábado;Engavetamento;Múltipla;0;0;-14.031449;-56.09551801;Segura;Centro-Oeste;2 Trimestre
622608;2024.0;n;8.0;2024-08-20;RS;116;121,4;SAO MARCOS;Transitar na contramão;Sem Vítimas;3;Céu Claro;Plena Noite;terça-feira;Colisão lateral sentido oposto;Simples;0;0;-29.00573128;-51.06932906;Segura;Sul;3 Trimestre
588568;2024.0;n;3.0;2024-03-12;MS;163;783,2;PEDRO GOMES;Manobra de mudança de faixa;Com Vítimas Feridas;3;Céu Claro;Pleno dia;terça-feira;Saída de leito carroçável;Simples;0;0;-18.06873401;-54.69099493;Segura;Centro-Oeste;1 Trimestre
627892;2024.0;n;9.0;2024-09-14;SP;116;369;MIRACATU;Condutor Dormindo;Com Vítimas Feridas;3;Céu Claro;Plena Noite;sábado;Colisão traseira;Dupla;0;0;-24.15008834;-47.31161393;Segura;Sudeste;3 Trimestre
661867;2025.0;n;2.0;2025-02-16;RO;364;970;PORTO VELHO;Reação tardia ou ineficiente do condutor;Com Vítimas Fatais;4;Céu Claro;Anoitecer;domingo;Colisão transversal;Simples;1;0;-9,65616271;-65,72389011;Perigosa;Norte;1 Trimestre
660156;2025.0;n;2.0;2025-02-08;MG;267;262,8;AIURUOCA;Velocidade Incompatível;Com Vítimas Feridas;1;Sol;Pleno dia;sábado;Tombamento;Simples;0;0;-21,93725204;-44,5709875;Segura;Sudeste;1 Trimestre
606334;2024.0;n;6.0;2024-06-09;MT;163;98,6;RONDONOPOLIS;Ingestão de álcool pelo condutor;Sem Vítimas;3;Céu Claro;Pleno dia;domingo;Tombamento;Dupla;0;0;-16.67672025;-54.67299848;Segura;Centro-Oeste;2 Trimestre
626702;2024.0;n;9.0;2024-09-08;GO;153;24;PORANGATU;Ultrapassagem Indevida;Com Vítimas Feridas;3;Céu Claro;Pleno dia;domingo;Colisão lateral mesmo sentido;Simples;0;0;-13.037155;-49.171806;Segura;Centro-Oeste;3 Trimestre
687651;2025.0;n;4.0;2025-04-27;BA;116;781,7;PLANALTO;Ultrapassagem Indevida;Com Vítimas Fatais;4;Céu Claro;Pleno dia;domingo;Colisão frontal;Simples;1;0;-14,67639395;-40,50283253;Perigosa;Nordeste;2 Trimestre
621050;2024.0;n;8.0;2024-08-13;MA;135;26,4;BACABEIRA;Avarias e/ou desgaste excessivo no pneu;Com Vítimas Feridas;2;Céu Claro;Pleno dia;terça-feira;Colisão lateral mesmo sentido;Dupla;0;1;-2.77023451;-44.36931635;Perigosa;Nordeste;3 Trimestre
662659;2025.0;n;2.0;2025-02-21;PR;376;319;ORTIGUEIRA;Condutor Dormindo;Com Vítimas Feridas;3;Céu Claro;Pleno dia;sexta-feira;Colisão lateral sentido oposto;Simples;0;1;-24,04618261;-51,07230678;Perigosa;Sul;1 Trimestre
628753;2024.0;n;9.0;2024-09-17;RS;290;83;PORTO ALEGRE;Condutor deixou de manter distância do veículo da frente;Com Vítimas Feridas;2;Céu Claro;Pleno dia;terça-feira;Colisão traseira;Múltipla;0;0;-29.959141;-51.088791;Segura;Sul;3 Trimestre
662240;2025.0;n;2.0;2025-02-18;CE;116;17;ITAITINGA;Condutor deixou de manter distância do veículo da frente;Sem Vítimas;3;Céu Claro;Plena Noite;terça-feira;Colisão traseira;Dupla;0;0;-3,89617918;-38,50336042;Segura;Nordeste;1 Trimestre
685413;2025.0;n;4.0;2025-04-17;BA;101;23;RIO REAL;Condutor Dormindo;Com Vítimas Fatais;2;Céu Claro;Plena Noite;quinta-feira;Colisão traseira;Dupla;1;0;-11,684148;-37,901017;Perigosa;Nordeste;2 Trimestre
663433;2025.0;n;2.0;2025-02-24;MG;365;794;GURINHATA;Velocidade Incompatível;Com Vítimas Feridas;2;Chuva;Pleno dia;segunda-feira;Saída de leito carroçável;Simples;0;0;-18,92529639;-49,85520601;Segura;Sudeste;1 Trimestre
663725;2025.0;n;2.0;2025-02-26;MG;381;824,4;SAO SEBASTIAO DA BELA VISTA;Condutor Dormindo;Com Vítimas Feridas;2;Céu Claro;Plena Noite;quarta-feira;Tombamento;Dupla;0;0;-22,160686;-45,828851;Segura;Sudeste;1 Trimestre
586529;2024.0;n;3.0;2024-03-11;PR;369;187;ARAPONGAS;Ausência de reação do condutor;Com Vítimas Feridas;3;Céu Claro;Pleno dia;segunda-feira;Colisão traseira;Simples;0;0;-23.431641;-51.422686;Segura;Sul;1 Trimestre
628633;2024.0;n;9.0;2024-09-16;MG;116;555;MANHUACU;Velocidade Incompatível;Com Vítimas Feridas;3;Céu Claro;Plena Noite;segunda-feira;Tombamento;Simples;0;0;-20.00911074;-42.14328403;Segura;Sudeste;3 Trimestre
672446;2025.0;n;4.0;2025-04-08;GO;153;426;ANAPOLIS;Animais na Pista;Sem Vítimas;1;Céu Claro;Plena Noite;terça-feira;Atropelamento de Animal;Dupla;0;0;-16,239942;-49,004045;Segura;Centro-Oeste;2 Trimestre
588218;2024.0;n;3.0;2024-03-18;SC;470;263,2;CURITIBANOS;Reação tardia ou ineficiente do condutor;Com Vítimas Feridas;3;Céu Claro;Pleno dia;segunda-feira;Saída de leito carroçável;Simples;0;0;-27.302788;-50.701061;Segura;Sul;1 Trimestre
580401;2024.0;n;2.0;2024-02-10;MG;365;543;ROMARIA;Transitar na contramão;Com Vítimas Feridas;3;Céu Claro;Plena Noite;sábado;Colisão frontal;Simples;0;3;-18.93148287;-47.61932501;Perigosa;Sudeste;1 Trimestre
662429;2025.0;n;2.0;2025-02-19;MG;365;624;UBERLANDIA;Desrespeitar a preferência no cruzamento;Com Vítimas Feridas;2;Céu Claro;Plena Noite;quarta-feira;Colisão transversal;Simples;0;0;-18,90754763;-48,3160669;Segura;Sudeste;1 Trimestre
615750;2024.0;n;7.0;2024-07-20;MG;381;356;JOAO MONLEVADE;Ingestão de álcool pelo condutor;Sem Vítimas;3;Céu Claro;Anoitecer;sábado;Colisão traseira;Simples;0;0;-19.84765404;-43.20566395;Segura;Sudeste;3 Trimestre
594126;2024.0;n;4.0;2024-04-15;TO;153;353;FORTALEZA DO TABOCAO;Acessar a via sem observar a presença dos outros veículos;Com Vítimas Feridas;3;Céu Claro;Pleno dia;segunda-feira;Colisão transversal;Simples;0;0;-9.00498696;-48.50141844;Segura;Norte;2 Trimestre
652957;2025.0;n;1.0;2025-01-03;PI;343;265;CAMPO MAIOR;Condutor deixou de manter distância do veículo da frente;Com Vítimas Feridas;2;Nublado;Pleno dia;sexta-feira;Colisão traseira;Simples;0;1;-4,834697;-42,167046;Perigosa;Nordeste;1 Trimestre
578849;2024.0;n;2.0;2024-02-03;PR;277;659,5;MATELANDIA;Velocidade Incompatível;Com Vítimas Feridas;4;Céu Claro;Plena Noite;sábado;Tombamento;Dupla;0;1;-25.24664169;-53.98334832;Perigosa;Sul;1 Trimestre
594686;2024.0;n;4.0;2024-04-18;RJ;393;133,2;SAPUCAIA;Reação tardia ou ineficiente do condutor;Com Vítimas Feridas;2;Chuva;Pleno dia;quinta-feira;Atropelamento de Pedestre;Simples;0;1;-21.9787375;-42.89119628;Perigosa;Sudeste;2 Trimestre
687411;2025.0;n;4.0;2025-04-25;PA;163;620;TRAIRAO;Ausência de reação do condutor;Com Vítimas Feridas;3;Céu Claro;Pleno dia;sexta-feira;Colisão lateral mesmo sentido;Simples;0;0;-4,721663;-56,025703;Segura;Norte;2 Trimestre
607904;2024.0;n;6.0;2024-06-16;SP;116;517;CAJATI;Reação tardia ou ineficiente do condutor;Sem Vítimas;3;Céu Claro;Pleno dia;domingo;Colisão traseira;Simples;0;0;-24.8768469;-48.22732309;Segura;Sudeste;2 Trimestre
577118;2024.0;n;1.0;2024-01-26;SC;101;93;BALNEARIO PICARRAS;Condutor Dormindo;Com Vítimas Feridas;1;Céu Claro;Plena Noite;sexta-feira;Colisão com objeto;Dupla;0;0;-26.6899011;-48.69663873;Segura;Sul;1 Trimestre
687811;2025.0;n;4.0;2025-04-14;BA;101;883,8;TEIXEIRA DE FREITAS;Velocidade Incompatível;Sem Vítimas;1;Nublado;Plena Noite;segunda-feira;Tombamento;Simples;0;0;-17,60034628;-39,74857718;Segura;Nordeste;2 Trimestre
605333;2024.0;n;6.0;2024-06-05;RS;470;215;BENTO GONCALVES;Ausência de reação do condutor;Sem Vítimas;2;Nublado;Pleno dia;quarta-feira;Colisão traseira;Simples;0;0;-29.150635;-51.530241;Segura;Sul;2 Trimestre
630463;2024.0;n;9.0;2024-09-25;SC;101;144;ITAPEMA;Ausência de reação do condutor;Com Vítimas Feridas;2;Céu Claro;Pleno dia;quarta-feira;Colisão traseira;Múltipla;0;0;-27.0732659;-48.59672716;Segura;Sul;3 Trimestre
655163;2025.0;n;1.0;2025-01-15;DF;60;8,9;BRASILIA;Manobra de mudança de faixa;Com Vítimas Feridas;4;Chuva;Amanhecer;quarta-feira;Colisão lateral mesmo sentido;Dupla;0;0;-15,90324;-48,130695;Segura;Centro-Oeste;1 Trimestre
620004;2024.0;n;8.0;2024-08-09;SC;101;124;ITAJAI;Ausência de reação do condutor;Com Vítimas Feridas;3;Céu Claro;Pleno dia;sexta-feira;Colisão lateral mesmo sentido;Múltipla;0;0;-26.94335064;-48.69198648;Segura;Sul;3 Trimestre
602386;2024.0;n;5.0;2024-05-23;SP;116;197;ARUJA;Reação tardia ou ineficiente do condutor;Com Vítimas Feridas;2;Céu Claro;Pleno dia;quinta-feira;Colisão traseira;Dupla;0;0;-23.39721625;-46.29284287;Segura;Sudeste;2 Trimestre
672677;2025.0;n;4.0;2025-04-10;PR;487;175,2;CAMPO MOURAO;Reação tardia ou ineficiente do condutor;Com Vítimas Fatais;2;Céu Claro;Plena Noite;quinta-feira;Colisão lateral sentido oposto;Simples;1;0;-24,03279987;-52,42213184;Perigosa;Sul;2 Trimestre
609829;2024.0;n;6.0;2024-06-24;SE;101;190;CRISTINAPOLIS;Animais na Pista;Com Vítimas Feridas;3;Nublado;Plena Noite;segunda-feira;Atropelamento de Animal;Simples;0;1;-11.42524494;-37.71286607;Perigosa;Nordeste;2 Trimestre
619213;2024.0;n;8.0;2024-08-05;CE;222;101,3;ITAPAJE;Transitar na contramão;Com Vítimas Fatais;3;Céu Claro;Pleno dia;segunda-feira;Colisão frontal;Simples;1;0;-3.73250518;-39.42690892;Perigosa;Nordeste;3 Trimestre
628878;2024.0;n;9.0;2024-09-18;PA;163;653;ITAITUBA;Ausência de reação do condutor;Com Vítimas Feridas;4;Céu Claro;Plena Noite;quarta-feira;Tombamento;Simples;0;0;-4.50624587;-55.86575279;Segura;Norte;3 Trimestre
620708;2024.0;n;8.0;2024-08-12;MT;163;1037;MATUPA;Ausência de reação do condutor;Com Vítimas Feridas;4;Céu Claro;Amanhecer;segunda-feira;Colisão traseira;Simples;0;0;-10.19;-54.95;Segura;Centro-Oeste;3 Trimestre
582451;2024.0;n;2.0;2024-02-21;BA;116;818,8;VITORIA DA CONQUISTA;Ausência de reação do condutor;Com Vítimas Feridas;3;Nublado;Pleno dia;quarta-feira;Queda de ocupante de veículo;Simples;0;0;-14.827631;-40.826168;Segura;Nordeste;1 Trimestre
580113;2024.0;n;2.0;2024-02-09;SC;101;441,5;SANTA ROSA DO SUL;Estacionar ou parar em local proibido;Com Vítimas Feridas;2;Céu Claro;Plena Noite;sexta-feira;Colisão traseira;Múltipla;0;1;-29.131307;-49.693191;Perigosa;Sul;1 Trimestre
600614;2024.0;n;5.0;2024-05-15;RO;364;382;OURO PRETO DO OESTE;Transitar na contramão;Com Vítimas Feridas;1;Vento;Plena Noite;quarta-feira;Colisão transversal;Simples;0;0;-10.72605374;-62.23652595;Segura;Norte;2 Trimestre
657897;2025.0;n;1.0;2025-01-28;DF;20;32;BRASILIA;Ingestão de álcool pelo condutor;Sem Vítimas;3;Nublado;Pleno dia;terça-feira;Saída de leito carroçável;Dupla;0;0;-15,590174;-47,585899;Segura;Centro-Oeste;1 Trimestre
653262;2025.0;n;1.0;2025-01-05;GO;153;493;GOIANIA;Ausência de reação do condutor;Com Vítimas Feridas;1;Céu Claro;Plena Noite;domingo;Queda de ocupante de veículo;Dupla;0;1;-16,6537;-49,2172;Perigosa;Centro-Oeste;1 Trimestre
602904;2024.0;n;5.0;2024-05-25;MG;262;634,8;IBIA;Demais falhas mecânicas ou elétricas;Com Vítimas Fatais;2;Sol;Pleno dia;sábado;Colisão traseira;Simples;1;0;-19.58017001;-46.52023315;Perigosa;Sudeste;2 Trimestre
686836;2025.0;n;4.0;2025-04-23;CE;222;4,5;CAUCAIA;Demais falhas mecânicas ou elétricas;Sem Vítimas;2;Nublado;Pleno dia;quarta-feira;Colisão traseira;Dupla;0;0;-3,74299734;-38,61293829;Segura;Nordeste;2 Trimestre
621672;2024.0;n;8.0;2024-08-16;PR;116;200,5;RIO NEGRO;Animais na Pista;Sem Vítimas;2;Céu Claro;Plena Noite;sexta-feira;Atropelamento de Animal;Simples;0;0;-26.03284086;-49.69000012;Segura;Sul;3 Trimestre
602141;2024.0;n;5.0;2024-05-22;ES;101;360,9;ANCHIETA;Velocidade Incompatível;Com Vítimas Fatais;4;Nublado;Amanhecer;quarta-feira;Tombamento;Simples;2;1;-20.71074392;-40.72242606;Perigosa;Sudeste;2 Trimestre
590128;2024.0;n;3.0;2024-03-27;BA;116;755,2;POCOES;Acessar a via sem observar a presença dos outros veículos;Com Vítimas Feridas;3;Céu Claro;Pleno dia;quarta-feira;Colisão traseira;Simples;0;1;-14.510339;-40.363469;Perigosa;Nordeste;1 Trimestre
669852;2025.0;n;3.0;2025-03-27;PR;163;208;CASCAVEL;Reação tardia ou ineficiente do condutor;Com Vítimas Feridas;3;Céu Claro;Pleno dia;quinta-feira;Colisão traseira;Dupla;0;0;-24,9516891;-53,4387933;Segura;Sul;1 Trimestre
586550;2024.0;n;3.0;2024-03-11;ES;262;143;MUNIZ FREIRE;Condutor deixou de manter distância do veículo da frente;Com Vítimas Feridas;3;Céu Claro;Pleno dia;segunda-feira;Colisão traseira;Simples;0;0;-20.232822;-41.395316;Segura;Sudeste;1 Trimestre
590751;2024.0;n;3.0;2024-03-30;MG;251;450,7;GRAO MOGOL;Demais falhas mecânicas ou elétricas;Com Vítimas Feridas;2;Céu Claro;Pleno dia;sábado;Saída de leito carroçável;Simples;0;0;-16.41288188;-43.24348411;Segura;Sudeste;1 Trimestre
686064;2025.0;n;4.0;2025-04-19;PE;116;80,1;CABROBO;Ausência de reação do condutor;Com Vítimas Feridas;1;Céu Claro;Plena Noite;sábado;Saída de leito carroçável;Simples;0;0;-8,526633;-39,218987;Segura;Nordeste;2 Trimestre
686625;2025.0;n;4.0;2025-04-22;RS;468;84,5;BOM PROGRESSO;Desrespeitar a preferência no cruzamento;Com Vítimas Feridas;2;Céu Claro;Plena Noite;terça-feira;Colisão transversal;Simples;0;0;-27,58708;-53,87054;Segura;Sul;2 Trimestre
609889;2024.0;n;6.0;2024-06-25;MG;116;243,4;TEOFILO OTONI;Condutor deixou de manter distância do veículo da frente;Com Vítimas Feridas;5;Nevoeiro/Neblina;Amanhecer;terça-feira;Colisão traseira;Simples;0;1;-17.587966;-41.489562;Perigosa;Sudeste;2 Trimestre
659928;2025.0;n;2.0;2025-02-07;PE;101;77,5;RECIFE;Condutor deixou de manter distância do veículo da frente;Com Vítimas Feridas;5;Céu Claro;Plena Noite;sexta-feira;Engavetamento;Dupla;0;0;-8,131104;-34,945328;Segura;Nordeste;1 Trimestre
664116;2025.0;n;2.0;2025-02-27;RJ;116;269;BARRA MANSA;Condutor deixou de manter distância do veículo da frente;Com Vítimas Feridas;4;Céu Claro;Plena Noite;quinta-feira;Colisão traseira;Simples;0;0;-22,56143471;-44,15404497;Segura;Sudeste;1 Trimestre
574776;2024.0;n;1.0;2024-01-14;PB;230;137;MASSARANDUBA;Reação tardia ou ineficiente do condutor;Sem Vítimas;1;Céu Claro;Plena Noite;domingo;Colisão com objeto;Dupla;0;0;-7.27605;-35.782045;Segura;Nordeste;1 Trimestre
666019;2025.0;n;3.0;2025-03-08;RJ;40;117;DUQUE DE CAXIAS;Reação tardia ou ineficiente do condutor;Com Vítimas Feridas;3;Céu Claro;Plena Noite;sábado;Colisão traseira;Múltipla;0;0;-22,75629483;-43,28744472;Segura;Sudeste;1 Trimestre
623516;2024.0;n;8.0;2024-08-25;MG;50;171;UBERABA;Ausência de reação do condutor;Com Vítimas Feridas;2;Céu Claro;Pleno dia;domingo;Tombamento;Dupla;0;1;-19.75150435;-47.98189944;Perigosa;Sudeste;3 Trimestre
574584;2024.0;n;1.0;2024-01-14;PB;101;31;RIO TINTO;Demais falhas mecânicas ou elétricas;Sem Vítimas;3;Céu Claro;Plena Noite;domingo;Tombamento;Dupla;0;0;-6.758091;-35.13408691;Segura;Nordeste;1 Trimestre
652558;2025.0;y;1.0;2025-01-01;MG;381;482;BETIM;Condutor Dormindo;Com Vítimas Feridas;1;Céu Claro;Pleno dia;quarta-feira;Colisão com objeto;Dupla;0;0;-19,95882786;-44,07543182;Segura;Sudeste;1 Trimestre
673317;2025.0;n;4.0;2025-04-13;ES;101;284,5;CARIACICA;Ausência de reação do condutor;Com Vítimas Feridas;4;Céu Claro;Plena Noite;domingo;Colisão com objeto;Dupla;0;0;-20,2472992271;-40,3703562169;Segura;Sudeste;2 Trimestre
581770;2024.0;n;2.0;2024-02-18;CE;116;541,3;PENAFORTE;Transitar na contramão;Com Vítimas Fatais;3;Céu Claro;Plena Noite;domingo;Colisão frontal;Simples;1;0;-7.77028401;-39.06799897;Perigosa;Nordeste;1 Trimestre
613304;2024.0;n;7.0;2024-07-09;AC;0;0;RIO BRANCO;Demais falhas mecânicas ou elétricas;Sem Vítimas;2;Céu Claro;Pleno dia;terça-feira;Colisão com objeto;Dupla;0;0;-9.97728764;-67.80914253;Segura;Norte;3 Trimestre
619881;2024.0;n;8.0;2024-08-08;SC;282;507,5;XANXERE;Problema com o freio;Sem Vítimas;2;Nublado;Pleno dia;quinta-feira;Colisão lateral mesmo sentido;Simples;0;0;-26.886171;-52.43911;Segura;Sul;3 Trimestre
590530;2024.0;y;3.0;2024-03-29;BA;116;305;ARACI;Avarias e/ou desgaste excessivo no pneu;Com Vítimas Feridas;2;Sol;Pleno dia;sexta-feira;Colisão lateral sentido oposto;Simples;0;0;-11.21421282;-38.88262724;Segura;Nordeste;1 Trimestre
594928;2024.0;n;4.0;2024-04-19;RS;285;319,2;PASSO FUNDO;Condutor deixou de manter distância do veículo da frente;Com Vítimas Feridas;2;Céu Claro;Pleno dia;sexta-feira;Colisão traseira;Simples;0;0;-28.269007;-52.610687;Segura;Sul;2 Trimestre
664995;2025.0;n;3.0;2025-03-03;MT;364;291;JACIARA;Reação tardia ou ineficiente do condutor;Com Vítimas Feridas;2;Chuva;Pleno dia;segunda-feira;Saída de leito carroçável;Dupla;0;1;-15,89922799;-55,09840599;Perigosa;Centro-Oeste;1 Trimestre
653187;2025.0;n;1.0;2025-01-04;GO;70;373;MONTES CLAROS DE GOIAS;Reação tardia ou ineficiente do condutor;Com Vítimas Feridas;1;Céu Claro;Pleno dia;sábado;Saída de leito carroçável;Simples;0;0;-15,93062866;-51,32846832;Segura;Centro-Oeste;1 Trimestre
594608;2024.0;n;4.0;2024-04-17;SC;280;87,4;CORUPA;Manobra de mudança de faixa;Com Vítimas Feridas;2;Céu Claro;Anoitecer;quarta-feira;Colisão lateral mesmo sentido;Simples;0;0;-26.41501369;-49.25741675;Segura;Sul;2 Trimestre
655877;2025.0;n;1.0;2025-01-18;MT;163;740;SORRISO;Ausência de reação do condutor;Com Vítimas Feridas;3;Nublado;Pleno dia;sábado;Colisão traseira;Simples;0;1;-12,74982305;-55,83298367;Perigosa;Centro-Oeste;1 Trimestre
628880;2024.0;n;9.0;2024-09-18;RO;364;357;JI-PARANA;Frear bruscamente;Com Vítimas Feridas;1;Céu Claro;Pleno dia;quarta-feira;Saída de leito carroçável;Simples;0;0;-10.79554985;-62.03325391;Segura;Norte;3 Trimestre
653994;2025.0;n;1.0;2025-01-09;BA;101;839;VEREDA;Demais falhas mecânicas ou elétricas;Com Vítimas Feridas;1;Céu Claro;Pleno dia;quinta-feira;Tombamento;Simples;0;0;-17,2412357;-39,61927414;Segura;Nordeste;1 Trimestre