id;ano;feriado;mes;data_inversa;uf;br;km;municipio;causa_acidente;classificacao_acidente;veiculos;condicao_metereologica;fase_dia;dia_semana;tipo_acidente;tipo_pista;mortos;feridos_graves;latitude;longitude;status;regiao;periodo
602855;2024.0;n;5.0;2024-05-25;ES;101;279,8;SERRA;Acessar a via sem observar a presença dos outros veículos;Com Vítimas Fatais;4;Céu Claro;Pleno dia;sábado;Colisão transversal;Dupla;1;0;-20.20828089;-40.30388897;Perigosa;Sudeste;2 Trimestre
579408;2024.0;n;2.0;2024-02-06;RJ;356;54;ITAPERUNA;Ultrapassagem Indevida;Com Vítimas Feridas;2;Nublado;Pleno dia;terça-feira;Colisão lateral mesmo sentido;Simples;0;0;-21.27393692;-41.74440596;Segura;Sudeste;1 Trimestre
618302;2024.0;n;8.0;2024-08-01;RS;287;294;SAO PEDRO DO SUL;Manobra de mudança de faixa;Com Vítimas Feridas;2;Céu Claro;Pleno dia;quinta-feira;Colisão lateral sentido oposto;Simples;0;0;-29.639991;-54.32167;Segura;Sul;3 Trimestre
669179;2025.0;n;3.0;2025-03-24;GO;60;72;ABADIANIA;Reação tardia ou ineficiente do condutor;Com Vítimas Feridas;2;Céu Claro;Plena Noite;segunda-feira;Colisão traseira;Dupla;0;0;-16,2621089;-48,7636448;Segura;Centro-Oeste;1 Trimestre
659003;2025.0;n;2.0;2025-02-03;BA;20;145;SAO DESIDERIO;Reação tardia ou ineficiente do condutor;Com Vítimas Fatais;6;Chuva;Pleno dia;segunda-feira;Colisão transversal;Simples;1;0;-12,683658;-45,931288;Perigosa;Nordeste;1 Trimestre
659331;2025.0;n;2.0;2025-02-05;MG;381;4;BETIM;Condutor Dormindo;Sem Vítimas;2;Céu Claro;Plena Noite;quarta-feira;Colisão com objeto;Dupla;0;0;-19,96825;-44,198708;Segura;Sudeste;1 Trimestre
575614;2024.0;n;1.0;2024-01-19;MS;267;21,1;BATAGUASSU;Ultrapassagem Indevida;Com Vítimas Feridas;2;Céu Claro;Plena Noite;sexta-feira;Colisão lateral mesmo sentido;Simples;0;0;-21.72693625;-52.34505699;Segura;Centro-Oeste;1 Trimestre
578543;2024.0;n;2.0;2024-02-02;ES;101;119,8;SOORETAMA;Condutor Dormindo;Com Vítimas Feridas;5;Céu Claro;Pleno dia;sexta-feira;Colisão frontal;Simples;0;0;-19.1438532;-40.0751016;Segura;Sudeste;1 Trimestre
668463;2025.0;n;3.0;2025-03-20;ES;101;294;CARIACICA;Reação tardia ou ineficiente do condutor;Com Vítimas Fatais;5;Nublado;Pleno dia;quinta-feira;Colisão com objeto;Dupla;1;1;-20,324742;-40,395789;Perigosa;Sudeste;1 Trimestre
589684;2024.0;n;3.0;2024-03-25;RN;110;46,9;MOSSORO;Condutor deixou de manter distância do veículo da frente;Sem Vítimas;2;Chuva;Pleno dia;segunda-feira;Colisão traseira;Simples;0;0;-5.19797675;-37.31839819;Segura;Nordeste;1 Trimestre
610219;2024.0;n;6.0;2024-06-26;SE;101;146,2;ESTANCIA;Manobra de mudança de faixa;Com Vítimas Feridas;2;Céu Claro;Anoitecer;quarta-feira;Colisão traseira;Dupla;0;0;-11.21285446;-37.41509724;Segura;Nordeste;2 Trimestre
665833;2025.0;n;3.0;2025-03-07;RJ;101;60;CAMPOS DOS GOYTACAZES;Reação tardia ou ineficiente do condutor;Com Vítimas Feridas;3;Nublado;Anoitecer;sexta-feira;Colisão traseira;Simples;0;0;-21,724932;-41,32007;Segura;Sudeste;1 Trimestre
655075;2025.0;n;1.0;2025-01-14;SP;116;206;GUARULHOS;Manobra de mudança de faixa;Com Vítimas Fatais;2;Céu Claro;Pleno dia;terça-feira;Queda de ocupante de veículo;Dupla;1;0;-23,41722629;-46,37510292;Perigosa;Sudeste;1 Trimestre
619698;2024.0;n;8.0;2024-08-07;MG;381;940,6;EXTREMA;Velocidade Incompatível;Com Vítimas Feridas;7;Sol;Pleno dia;quarta-feira;Tombamento;Dupla;0;0;-22.82573265;-46.3124907;Segura;Sudeste;3 Trimestre
628766;2024.0;n;9.0;2024-09-17;MT;70;0,9;BARRA DO GARCAS;Acumulo de óleo sobre o pavimento;Com Vítimas Feridas;2;Céu Claro;Pleno dia;terça-feira;Queda de ocupante de veículo;Simples;0;0;-15.895538;-52.25599;Segura;Centro-Oeste;3 Trimestre
659288;2025.0;n;2.0;2025-02-04;ES;101;270,5;SERRA;Acessar a via sem observar a presença dos outros veículos;Com Vítimas Feridas;5;Céu Claro;Anoitecer;terça-feira;Colisão traseira;Dupla;0;1;-20,22662056;-40,27075088;Perigosa;Sudeste;1 Trimestre
624509;2024.0;n;8.0;2024-08-30;MG;381;854;POUSO ALEGRE;Ausência de reação do condutor;Com Vítimas Feridas;2;Céu Claro;Pleno dia;sexta-feira;Colisão traseira;Múltipla;0;0;-22.31374792;-45.90405426;Segura;Sudeste;3 Trimestre
668674;2025.0;n;3.0;2025-03-21;BA;116;425;FEIRA DE SANTANA;Acessar a via sem observar a presença dos outros veículos;Com Vítimas Feridas;3;Céu Claro;Anoitecer;sexta-feira;Colisão transversal;Dupla;0;0;-12,24647999;-38,98691974;Segura;Nordeste;1 Trimestre
582917;2024.0;n;2.0;2024-02-24;PR;277;242;FERNANDES PINHEIRO;Transitar na contramão;Com Vítimas Fatais;2;Céu Claro;Plena Noite;sábado;Colisão frontal;Simples;1;0;-25.46419687;-50.56581801;Perigosa;Sul;1 Trimestre
625465;2024.0;n;9.0;2024-09-03;PR;369;463;CORBELIA;Acessar a via sem observar a presença dos outros veículos;Com Vítimas Fatais;3;Sol;Pleno dia;terça-feira;Colisão transversal;Simples;1;0;-24.63819;-53.208323;Perigosa;Sul;3 Trimestre
655778;2025.0;n;1.0;2025-01-18;MT;70;46;BARRA DO GARCAS;Ultrapassagem Indevida;Sem Vítimas;1;Céu Claro;Amanhecer;sábado;Saída de leito carroçável;Simples;0;0;-15,74705859;-52,60493395;Segura;Centro-Oeste;1 Trimestre
667936;2025.0;n;3.0;2025-03-17;ES;101;443,3;MIMOSO DO SUL;Condutor usando celular;Com Vítimas Feridas;1;Chuva;Anoitecer;segunda-feira;Saída de leito carroçável;Simples;0;0;-21,100705;-41,254395;Segura;Sudeste;1 Trimestre
610544;2024.0;n;6.0;2024-06-27;MT;163;1054;MATUPA;Transitar na contramão;Com Vítimas Fatais;5;Céu Claro;Plena Noite;quinta-feira;Colisão frontal;Simples;1;0;-10.17668812;-54.94138367;Perigosa;Centro-Oeste;2 Trimestre
615491;2024.0;n;7.0;2024-07-19;SC;282;503,6;XANXERE;Demais falhas mecânicas ou elétricas;Com Vítimas Feridas;1;Sol;Pleno dia;sexta-feira;Colisão com objeto;Dupla;0;0;-26.88492;-52.399788;Segura;Sul;3 Trimestre
580135;2024.0;n;2.0;2024-02-09;GO;153;278;NOVA GLORIA;Reação tardia ou ineficiente do condutor;Com Vítimas Feridas;1;Céu Claro;Plena Noite;sexta-feira;Saída de leito carroçável;Simples;0;0;-15.131915;-49.514952;Segura;Centro-Oeste;1 Trimestre
598884;2024.0;n;5.0;2024-05-07;PE;101;54,1;PAULISTA;Ultrapassagem Indevida;Com Vítimas Feridas;3;Nublado;Anoitecer;terça-feira;Colisão transversal;Múltipla;0;1;-7.93961103;-34.90356584;Perigosa;Nordeste;2 Trimestre
610914;2024.0;n;6.0;2024-06-29;MT;364;115;ALTO GARCAS;Acostamento em desnível;Com Vítimas Feridas;2;Céu Claro;Pleno dia;sábado;Saída de leito carroçável;Simples;0;0;-16.85723;-53.864815;Segura;Centro-Oeste;2 Trimestre
594039;2024.0;n;4.0;2024-04-14;RJ;101;74;CAMPOS DOS GOYTACAZES;Acessar a via sem observar a presença dos outros veículos;Com Vítimas Feridas;3;Nublado;Pleno dia;domingo;Colisão transversal;Simples;0;0;-21.807232;-41.39734312;Segura;Sudeste;2 Trimestre
609741;2024.0;n;6.0;2024-06-24;CE;222;72;SAO GONCALO DO AMARANTE;Ultrapassagem Indevida;Com Vítimas Feridas;5;Céu Claro;Pleno dia;segunda-feira;Colisão frontal;Simples;0;1;-3.67091681;-39.188308;Perigosa;Nordeste;2 Trimestre
591391;2024.0;n;4.0;2024-04-02;SP;116;349;MIRACATU;Ingestão de álcool pelo condutor;Sem Vítimas;4;Céu Claro;Pleno dia;terça-feira;Colisão traseira;Dupla;0;0;-24.05190879;-47.213052;Segura;Sudeste;2 Trimestre
608478;2024.0;n;6.0;2024-06-19;RJ;116;295;BARRA MANSA;Ausência de reação do condutor;Com Vítimas Feridas;1;Céu Claro;Plena Noite;quarta-feira;Tombamento;Múltipla;0;0;-22.45013044;-44.3107408;Segura;Sudeste;2 Trimestre
583216;2024.0;n;1.0;2024-01-13;RN;406;103,6;JOAO CAMARA;Transitar na contramão;Com Vítimas Feridas;2;Nublado;Amanhecer;sábado;Colisão lateral sentido oposto;Simples;0;1;-5.54067796;-35.80553967;Perigosa;Nordeste;1 Trimestre
606846;2024.0;n;6.0;2024-06-11;SC;282;459,1;PONTE SERRADA;Velocidade Incompatível;Com Vítimas Feridas;1;Céu Claro;Plena Noite;terça-feira;Saída de leito carroçável;Simples;0;0;-26.863695;-52.024818;Segura;Sul;2 Trimestre
616913;2024.0;n;7.0;2024-07-26;PE;101;59;RECIFE;Manobra de mudança de faixa;Sem Vítimas;2;Céu Claro;Pleno dia;sexta-feira;Colisão lateral mesmo sentido;Dupla;0;0;-7.97708575;-34.92607318;Segura;Nordeste;3 Trimestre
606876;2024.0;n;6.0;2024-06-12;SP;116;228,4;SAO PAULO;Reação tardia ou ineficiente do condutor;Com Vítimas Feridas;2;Nublado;Plena Noite;quarta-feira;Colisão traseira;Múltipla;0;0;-23.50343484;-46.56638712;Segura;Sudeste;2 Trimestre
578696;2024.0;n;2.0;2024-02-03;BA;110;290;INHAMBUPE;Velocidade Incompatível;Com Vítimas Feridas;1;Céu Claro;Amanhecer;sábado;Tombamento;Simples;0;0;-11.82090111;-38.35767177;Segura;Nordeste;1 Trimestre
629059;2024.0;n;9.0;2024-09-19;SP;116;87;PINDAMONHANGABA;Ausência de reação do condutor;Com Vítimas Feridas;5;Céu Claro;Amanhecer;quinta-feira;Colisão traseira;Dupla;0;0;-22.93065267;-45.36166116;Segura;Sudeste;3 Trimestre
603373;2024.0;n;5.0;2024-05-27;GO;153;431;ANAPOLIS;Condutor deixou de manter distância do veículo da frente;Com Vítimas Feridas;4;Céu Claro;Pleno dia;segunda-feira;Colisão traseira;Dupla;0;0;-16.258045;-48.988403;Segura;Centro-Oeste;2 Trimestre
672420;2025.0;n;4.0;2025-04-08;MT;158;563;AGUA BOA;Ultrapassagem Indevida;Com Vítimas Fatais;5;Céu Claro;Plena Noite;terça-feira;Colisão lateral sentido oposto;Simples;1;0;-14,00625;-52,15054;Perigosa;Centro-Oeste;2 Trimestre
619201;2024.0;n;8.0;2024-08-05;RS;158;328;SANTA MARIA;Ausência de reação do condutor;Com Vítimas Feridas;4;Nublado;Pleno dia;segunda-feira;Engavetamento;Dupla;0;0;-29.71112906;-53.81968204;Segura;Sul;3 Trimestre
673321;2025.0;n;4.0;2025-04-13;MG;381;821,8;CAREACU;Ausência de reação do condutor;Sem Vítimas;2;Céu Claro;Plena Noite;domingo;Colisão lateral mesmo sentido;Dupla;0;0;-22,084;-45,7023;Segura;Sudeste;2 Trimestre
588303;2024.0;n;3.0;2024-03-19;MT;70;518;VARZEA GRANDE;Transitar na contramão;Com Vítimas Feridas;5;Céu Claro;Pleno dia;terça-feira;Colisão frontal;Simples;0;1;-15.70384647;-56.06789678;Perigosa;Centro-Oeste;1 Trimestre
687473;2025.0;n;4.0;2025-04-26;SP;116;126;CACAPAVA;Manobra de mudança de faixa;Com Vítimas Feridas;2;Céu Claro;Pleno dia;sábado;Colisão com objeto;Dupla;0;1;-23,10337475;-45,69287091;Perigosa;Sudeste;2 Trimestre
686455;2025.0;y;4.0;2025-04-21;MG;153;33;CENTRALINA;Velocidade Incompatível;Com Vítimas Feridas;2;Céu Claro;Pleno dia;segunda-feira;Colisão traseira;Dupla;0;0;-18,705197;-49,1413;Segura;Sudeste;2 Trimestre
581668;2024.0;n;2.0;2024-02-17;MS;376;126,4;IVINHEMA;Reação tardia ou ineficiente do condutor;Com Vítimas Fatais;2;Sol;Pleno dia;sábado;Colisão traseira;Simples;2;0;-22.36021748;-53.70728925;Perigosa;Centro-Oeste;1 Trimestre
660431;2025.0;n;2.0;2025-02-09;MT;163;812;SINOP;Ingestão de álcool pelo condutor;Com Vítimas Feridas;6;Chuva;Plena Noite;domingo;Colisão lateral sentido oposto;Simples;0;0;-12,18814067;-55,53087854;Segura;Centro-Oeste;1 Trimestre
586935;2024.0;n;3.0;2024-03-13;RS;158;366,3;DILERMANDO DE AGUIAR;Reação tardia ou ineficiente do condutor;Com Vítimas Feridas;1;Nevoeiro/Neblina;Amanhecer;quarta-feira;Tombamento;Simples;0;2;-29.82333684;-54.14367916;Perigosa;Sul;1 Trimestre
591631;2024.0;n;4.0;2024-04-03;SC;280;241;CANOINHAS;Conversão proibida;Com Vítimas Feridas;2;Nublado;Plena Noite;quarta-feira;Colisão traseira;Simples;0;0;-26.22501599;-50.45997601;Segura;Sul;2 Trimestre
624705;2024.0;n;8.0;2024-08-30;MG;40;225;JOAO PINHEIRO;Velocidade Incompatível;Com Vítimas Feridas;2;Céu Claro;Plena Noite;sexta-feira;Colisão traseira;Simples;0;0;-17.98562814;-45.61010411;Segura;Sudeste;3 Trimestre
579070;2024.0;n;2.0;2024-02-04;MG;251;371,9;GRAO MOGOL;Velocidade Incompatível;Com Vítimas Feridas;4;Céu Claro;Plena Noite;domingo;Colisão traseira;Simples;0;0;-16.28786559;-42.6965112;Segura;Sudeste;1 Trimestre
616895;2024.0;n;7.0;2024-07-25;MG;116;3;DIVISA ALEGRE;Velocidade Incompatível;Sem Vítimas;3;Céu Claro;Plena Noite;quinta-feira;Tombamento;Simples;0;0;-15.72609196;-41.34372437;Segura;Sudeste;3 Trimestre
655689;2025.0;n;1.0;2025-01-17;PR;369;149,7;LONDRINA;Condutor deixou de manter distância do veículo da frente;Com Vítimas Feridas;3;Nublado;Pleno dia;sexta-feira;Colisão traseira;Dupla;0;1;-23,29284822;-51,15885192;Perigosa;Sul;1 Trimestre
576848;2024.0;n;1.0;2024-01-24;RS;470;194,2;BENTO GONCALVES;Transitar na contramão;Com Vítimas Feridas;2;Chuva;Pleno dia;quarta-feira;Colisão frontal;Simples;0;0;-29.05030203;-51.57387285;Segura;Sul;1 Trimestre
669837;2025.0;n;3.0;2025-03-27;MA;135;5;SAO LUIS;Reação tardia ou ineficiente do condutor;Sem Vítimas;8;Céu Claro;Pleno dia;quinta-feira;Colisão traseira;Dupla;0;0;-2,627718;-44,3153;Segura;Nordeste;1 Trimestre
611584;2024.0;n;7.0;2024-07-02;PR;272;420;RANCHO ALEGRE DOESTE;Animais na Pista;Com Vítimas Feridas;2;Céu Claro;Plena Noite;terça-feira;Atropelamento de Animal;Simples;0;0;-24.13910001;-52.875407;Segura;Sul;3 Trimestre
615923;2024.0;n;7.0;2024-07-21;PE;101;46;IGARASSU;Ultrapassagem Indevida;Sem Vítimas;4;Céu Claro;Pleno dia;domingo;Colisão transversal;Simples;0;0;-7.87406004;-34.90588126;Segura;Nordeste;3 Trimestre
603628;2024.0;n;5.0;2024-05-28;BA;116;860,9;VITORIA DA CONQUISTA;Transitar na contramão;Com Vítimas Fatais;5;Céu Claro;Plena Noite;terça-feira;Colisão frontal;Simples;1;0;-15.13516367;-41.04163885;Perigosa;Nordeste;2 Trimestre
576476;2024.0;n;1.0;2024-01-22;PE;232;136,5;CARUARU;Pedestre andava na pista;Com Vítimas Fatais;2;Céu Claro;Plena Noite;segunda-feira;Atropelamento de Pedestre;Dupla;1;0;-8.31339932;-36.04175591;Perigosa;Nordeste;1 Trimestre
593780;2024.0;n;4.0;2024-04-13;MA;135;337,3;PRESIDENTE DUTRA;Transitar no Acostamento;Com Vítimas Fatais;4;Sol;Pleno dia;sábado;Colisão frontal;Dupla;2;0;-5.26565796;-44.48368708;Perigosa;Nordeste;2 Trimestre
582620;2024.0;n;2.0;2024-02-22;GO;153;325;RIANAPOLIS;Reação tardia ou ineficiente do condutor;Sem Vítimas;1;Chuva;Pleno dia;quinta-feira;Saída de leito carroçável;Simples;0;0;-15.490137;-49.490105;Segura;Centro-Oeste;1 Trimestre
612085;2024.0;n;7.0;2024-07-05;MG;381;746;TRES CORACOES;Condutor Dormindo;Com Vítimas Feridas;2;Céu Claro;Amanhecer;sexta-feira;Saída de leito carroçável;Dupla;0;0;-21.64340081;-45.29046703;Segura;Sudeste;3 Trimestre
608662;2024.0;n;6.0;2024-06-19;PI;343;239;COCAL DE TELHA;Ultrapassagem Indevida;Com Vítimas Feridas;3;Céu Claro;Plena Noite;quarta-feira;Colisão lateral mesmo sentido;Simples;0;1;-4.64967;-42.046658;Perigosa;Nordeste;2 Trimestre
621858;2024.0;n;8.0;2024-08-17;PI;343;254,5;CAMPO MAIOR;Ausência de reação do condutor;Com Vítimas Feridas;3;Céu Claro;Pleno dia;sábado;Queda de ocupante de veículo;Simples;0;1;-4.760148;-42.111641;Perigosa;Nordeste;3 Trimestre
659090;2025.0;n;2.0;2025-02-03;RS;116;516,6;PELOTAS;Condutor deixou de manter distância do veículo da frente;Com Vítimas Feridas;3;Sol;Pleno dia;segunda-feira;Colisão traseira;Dupla;0;0;-31,67426576;-52,34112024;Segura;Sul;1 Trimestre
687512;2025.0;n;4.0;2025-04-26;TO;153;679,8;CARIRI DO TOCANTINS;Conversão proibida;Com Vítimas Feridas;3;Céu Claro;Plena Noite;sábado;Tombamento;Simples;0;0;-11,793972;-49,120086;Segura;Norte;2 Trimestre
687336;2025.0;n;4.0;2025-04-25;MG;381;433,9;SABARA;Velocidade Incompatível;Com Vítimas Feridas;3;Nublado;Plena Noite;sexta-feira;Tombamento;Simples;0;1;-19,78673408;-43,73468399;Perigosa;Sudeste;2 Trimestre
595063;2024.0;n;4.0;2024-04-19;CE;116;28;AQUIRAZ;Ausência de reação do condutor;Com Vítimas Feridas;4;Céu Claro;Plena Noite;sexta-feira;Engavetamento;Dupla;0;0;-3.993072;-38.516277;Segura;Nordeste;2 Trimestre
670500;2025.0;n;3.0;2025-03-30;SP;153;173;GUAICARA;Acessar a via sem observar a presença dos outros veículos;Com Vítimas Feridas;3;Céu Claro;Pleno dia;domingo;Colisão transversal;Simples;0;0;-21,633102;-49,787743;Segura;Sudeste;1 Trimestre
580665;2024.0;n;2.0;2024-02-12;RO;364;209,7;PIMENTA BUENO;Acumulo de água sobre o pavimento;Com Vítimas Feridas;1;Chuva;Plena Noite;segunda-feira;Saída de leito carroçável;Simples;0;0;-11.59383384;-61.24554291;Segura;Norte;1 Trimestre
600927;2024.0;n;5.0;2024-05-16;PR;369;188;ARAPONGAS;Reação tardia ou ineficiente do condutor;Com Vítimas Feridas;6;Céu Claro;Plena Noite;quinta-feira;Colisão traseira;Simples;0;0;-23.43391472;-51.42221689;Segura;Sul;2 Trimestre
622143;2024.0;n;6.0;2024-06-27;RJ;101;522,5;ANGRA DOS REIS;Pista Escorregadia;Com Vítimas Feridas;2;Garoa/Chuvisco;Pleno dia;quinta-feira;Colisão frontal;Simples;0;2;-23.00449741;-44.46944694;Perigosa;Sudeste;2 Trimestre
610818;2024.0;n;6.0;2024-06-29;RS;158;326;SANTA MARIA;Reação tardia ou ineficiente do condutor;Com Vítimas Feridas;4;Céu Claro;Pleno dia;sábado;Tombamento;Simples;0;0;-29.71481493;-53.81050408;Segura;Sul;2 Trimestre
609491;2024.0;n;6.0;2024-06-23;SP;116;227,9;GUARULHOS;Manobra de mudança de faixa;Com Vítimas Feridas;3;Sol;Pleno dia;domingo;Colisão lateral mesmo sentido;Múltipla;0;0;-23.49659264;-46.55648754;Segura;Sudeste;2 Trimestre
596164;2024.0;n;4.0;2024-04-24;MG;40;421;CURVELO;Reação tardia ou ineficiente do condutor;Com Vítimas Fatais;6;Céu Claro;Plena Noite;quarta-feira;Colisão traseira;Simples;1;0;-19.15337404;-44.538155;Perigosa;Sudeste;2 Trimestre
616302;2024.0;n;7.0;2024-07-23;SP;116;290;ITAPECERICA DA SERRA;Objeto estático sobre o leito carroçável;Com Vítimas Feridas;5;Céu Claro;Amanhecer;terça-feira;Engavetamento;Dupla;0;0;-23.7303281;-46.89425963;Segura;Sudeste;3 Trimestre
623868;2024.0;n;8.0;2024-08-26;RO;364;301,5;PRESIDENTE MEDICI;Condutor deixou de manter distância do veículo da frente;Sem Vítimas;6;Céu Claro;Pleno dia;segunda-feira;Colisão traseira;Simples;0;0;-11.235692;-61.90194418;Segura;Norte;3 Trimestre
582215;2024.0;n;1.0;2024-01-21;BA;101;925;MUCURI;Transitar na contramão;Com Vítimas Fatais;2;Nublado;Plena Noite;domingo;Colisão frontal;Simples;1;0;-18.12239798;-39.89045705;Perigosa;Nordeste;1 Trimestre
590062;2024.0;n;3.0;2024-03-27;RN;110;46,9;MOSSORO;Reação tardia ou ineficiente do condutor;Com Vítimas Feridas;4;Nublado;Pleno dia;quarta-feira;Engavetamento;Simples;0;0;-5.203312;-37.325628;Segura;Nordeste;1 Trimestre
587321;2024.0;n;3.0;2024-03-15;SE;101;60,6;ROSARIO DO CATETE;Ultrapassagem Indevida;Com Vítimas Feridas;2;Céu Claro;Plena Noite;sexta-feira;Colisão lateral sentido oposto;Simples;0;2;-10.67244825;-37.02887177;Perigosa;Nordeste;1 Trimestre
652927;2025.0;n;1.0;2025-01-03;GO;153;70;PORANGATU;Desrespeitar a preferência no cruzamento;Com Vítimas Feridas;2;Nublado;Pleno dia;sexta-feira;Colisão transversal;Simples;0;0;-13,450082;-49,134861;Segura;Centro-Oeste;1 Trimestre
617453;2024.0;n;7.0;2024-07-28;MS;163;405;NOVA ALVORADA DO SUL;Ausência de reação do condutor;Com Vítimas Feridas;1;Céu Claro;Pleno dia;domingo;Colisão com objeto;Simples;0;1;-21.12364994;-54.4818027;Perigosa;Centro-Oeste;3 Trimestre
578713;2024.0;n;2.0;2024-02-03;SP;116;349;MIRACATU;Condutor deixou de manter distância do veículo da frente;Com Vítimas Feridas;2;Céu Claro;Pleno dia;sábado;Colisão lateral mesmo sentido;Dupla;0;0;-24.05190879;-47.213052;Segura;Sudeste;1 Trimestre
673193;2025.0;n;4.0;2025-04-12;MT;163;1103;GUARANTA DO NORTE;Ultrapassagem Indevida;Com Vítimas Feridas;5;Céu Claro;Pleno dia;sábado;Saída de leito carroçável;Simples;0;1;-9,642;-54,88;Perigosa;Centro-Oeste;2 Trimestre
602518;2024.0;n;5.0;2024-05-23;RS;285;300,7;PASSO FUNDO;Condutor Dormindo;Com Vítimas Feridas;3;Garoa/Chuvisco;Plena Noite;quinta-feira;Colisão lateral sentido oposto;Simples;0;0;-28.229494;-52.441837;Segura;Sul;2 Trimestre
687142;2025.0;n;4.0;2025-04-24;ES;101;280;SERRA;Demais falhas mecânicas ou elétricas;Sem Vítimas;1;Céu Claro;Plena Noite;quinta-feira;Incêndio;Dupla;0;0;-20,21771;-40,3513616;Segura;Sudeste;2 Trimestre
617068;2024.0;n;7.0;2024-07-18;PR;158;513;PATO BRANCO;Manobra de mudança de faixa;Sem Vítimas;3;Céu Claro;Pleno dia;quinta-feira;Colisão lateral mesmo sentido;Simples;0;0;-26.051307;-52.624901;Segura;Sul;3 Trimestre
660954;2025.0;n;2.0;2025-02-12;MG;262;412,2;IGARATINGA;Velocidade Incompatível;Com Vítimas Feridas;2;Sol;Pleno dia;quarta-feira;Colisão transversal;Dupla;0;2;-19,89879385;-44,69924927;Perigosa;Sudeste;1 Trimestre
608221;2024.0;n;6.0;2024-06-17;RS;287;327;SANTA MARIA;Condutor deixou de manter distância do veículo da frente;Com Vítimas Feridas;2;Garoa/Chuvisco;Plena Noite;segunda-feira;Colisão traseira;Dupla;0;0;-29.71;-53.822;Segura;Sul;2 Trimestre
664551;2025.0;n;3.0;2025-03-01;MG;267;87,7;JUIZ DE FORA;Demais falhas mecânicas ou elétricas;Com Vítimas Feridas;2;Sol;Pleno dia;sábado;Colisão traseira;Simples;0;0;-21,752709;-43,281908;Segura;Sudeste;1 Trimestre
627153;2024.0;n;7.0;2024-07-02;TO;153;791;TALISMA;Ausência de reação do condutor;Com Vítimas Feridas;3;Céu Claro;Plena Noite;terça-feira;Colisão lateral sentido oposto;Simples;0;0;-12.73659401;-49.08071797;Segura;Norte;3 Trimestre
664211;2025.0;n;1.0;2025-01-31;MS;463;84;PONTA PORA;Velocidade Incompatível;Com Vítimas Feridas;4;Chuva;Pleno dia;sexta-feira;Colisão lateral sentido oposto;Simples;0;0;-22,55735694;-55,48876906;Segura;Centro-Oeste;1 Trimestre
607093;2024.0;n;6.0;2024-06-13;SC;116;31,3;ITAIOPOLIS;Ingestão de álcool pelo condutor;Sem Vítimas;3;Céu Claro;Plena Noite;quinta-feira;Colisão lateral mesmo sentido;Simples;0;0;-26.31708989;-49.97099106;Segura;Sul;2 Trimestre
670129;2025.0;n;3.0;2025-03-28;MS;419;232,3;AQUIDAUANA;Ausência de sinalização;Com Vítimas Feridas;2;Céu Claro;Pleno dia;sexta-feira;Colisão transversal;Simples;0;0;-20,42788658;-55,75044025;Segura;Centro-Oeste;1 Trimestre
573343;2024.0;n;1.0;2024-01-07;BA;324;412;NOVA FATIMA;Demais falhas mecânicas ou elétricas;Com Vítimas Fatais;2;Nublado;Pleno dia;domingo;Colisão com objeto;Simples;1;0;-11.65623736;-39.57823535;Perigosa;Nordeste;1 Trimestre
585122;2024.0;n;3.0;2024-03-05;GO;153;505,3;APARECIDA DE GOIANIA;Ausência de reação do condutor;Sem Vítimas;2;Céu Claro;Pleno dia;terça-feira;Colisão lateral mesmo sentido;Múltipla;0;0;-16.7537;-49.2411;Segura;Centro-Oeste;1 Trimestre
669675;2025.0;n;3.0;2025-03-26;GO;70;455;ARAGARCAS;Retorno proibido;Com Vítimas Feridas;5;Céu Claro;Pleno dia;quarta-feira;Colisão transversal;Simples;0;0;-15,910588;-52,02945;Segura;Centro-Oeste;1 Trimestre
657098;2025.0;n;1.0;2025-01-24;SC;282;542;CHAPECO;Reação tardia ou ineficiente do condutor;Sem Vítimas;4;Céu Claro;Pleno dia;sexta-feira;Tombamento;Simples;0;0;-27,001301;-52,707569;Segura;Sul;1 Trimestre
615123;2024.0;n;7.0;2024-07-17;BA;116;241;QUIJINGUE;Reação tardia ou ineficiente do condutor;Com Vítimas Feridas;2;Céu Claro;Plena Noite;quarta-feira;Saída de leito carroçável;Simples;0;1;-10.70214289;-38.92905375;Perigosa;Nordeste;3 Trimestre
576332;2024.0;n;1.0;2024-01-22;GO;60;328;ACREUNA;Velocidade Incompatível;Com Vítimas Feridas;3;Chuva;Plena Noite;segunda-feira;Colisão traseira;Dupla;0;1;-17.54347;-50.509539;Perigosa;Centro-Oeste;1 Trimestre
624520;2024.0;n;8.0;2024-08-30;PR;376;616,9;SAO JOSE DOS PINHAIS;Condutor deixou de manter distância do veículo da frente;Com Vítimas Feridas;2;Céu Claro;Pleno dia;sexta-feira;Colisão traseira;Dupla;0;1;-25.589357;-49.171553;Perigosa;Sul;3 Trimestre
583870;2024.0;n;2.0;2024-02-28;MG;50;206;DELTA;Problema com o freio;Com Vítimas Feridas;3;Sol;Pleno dia;quarta-feira;Colisão traseira;Dupla;0;0;-19.92627147;-47.82191068;Segura;Sudeste;1 Trimestre
603809;2024.0;n;4.0;2024-04-23;PR;376;617;SAO JOSE DOS PINHAIS;Ultrapassagem Indevida;Com Vítimas Feridas;3;Céu Claro;Plena Noite;terça-feira;Colisão lateral mesmo sentido;Dupla;0;0;-25.58426494;-49.17618795;Segura;Sul;2 Trimestre