id;ano;feriado;mes;data_inversa;uf;br;km;municipio;causa_acidente;classificacao_acidente;veiculos;condicao_metereologica;fase_dia;dia_semana;tipo_acidente;tipo_pista;mortos;feridos_graves;latitude;longitude;status;regiao;periodo
618526;2024.0;n;8.0;2024-08-02;MS;163;461;CAMPO GRANDE;Reação tardia ou ineficiente do condutor;Sem Vítimas;2;Céu Claro;Pleno dia;sexta-feira;Colisão traseira;Simples;0;0;-20.6294929;-54.57205471;Segura;Centro-Oeste;3 Trimestre
618033;2024.0;n;7.0;2024-07-28;BA;116;640;JAGUAQUARA;Velocidade Incompatível;Sem Vítimas;2;Céu Claro;Plena Noite;domingo;Colisão lateral sentido oposto;Simples;0;0;-13.53126279;-40.06433648;Segura;Nordeste;3 Trimestre
595941;2024.0;n;4.0;2024-04-23;PA;163;617;TRAIRAO;Reação tardia ou ineficiente do condutor;Com Vítimas Feridas;2;Chuva;Plena Noite;terça-feira;Saída de leito carroçável;Simples;0;1;-4.73269901;-56.04801893;Perigosa;Norte;2 Trimestre
653053;2025.0;n;1.0;2025-01-03;RS;392;347;SANTA MARIA;Manobra de mudança de faixa;Com Vítimas Feridas;2;Céu Claro;Plena Noite;sexta-feira;Colisão transversal;Simples;0;1;-29,75733341;-53,78817737;Perigosa;Sul;1 Trimestre
591987;2024.0;n;4.0;2024-04-05;MT;364;435;VARZEA GRANDE;Ausência de reação do condutor;Com Vítimas Feridas;4;Céu Claro;Anoitecer;sexta-feira;Colisão traseira;Simples;0;1;-15.64127781;-56.13085281;Perigosa;Centro-Oeste;2 Trimestre
671766;2025.0;n;4.0;2025-04-05;SP;153;219,2;MARILIA;Transitar na contramão;Com Vítimas Fatais;6;Céu Claro;Pleno dia;sábado;Colisão frontal;Simples;1;2;-21,98732;-49,91506;Perigosa;Sudeste;2 Trimestre
600900;2024.0;n;5.0;2024-05-16;RS;285;318,5;PASSO FUNDO;Condutor deixou de manter distância do veículo da frente;Com Vítimas Feridas;3;Chuva;Pleno dia;quinta-feira;Colisão traseira;Simples;0;0;-28.268576;-52.600899;Segura;Sul;2 Trimestre
656624;2025.0;n;1.0;2025-01-22;RS;290;204,5;PANTANO GRANDE;Condutor Dormindo;Com Vítimas Feridas;2;Céu Claro;Pleno dia;quarta-feira;Colisão traseira;Simples;0;0;-30,174364;-52,258057;Segura;Sul;1 Trimestre
628762;2024.0;n;9.0;2024-09-17;PR;476;164;ARAUCARIA;Condutor deixou de manter distância do veículo da frente;Com Vítimas Feridas;4;Nublado;Pleno dia;terça-feira;Colisão traseira;Simples;0;0;-25.637207;-49.46769;Segura;Sul;3 Trimestre
596090;2024.0;n;1.0;2024-01-19;ES;101;294,4;CARIACICA;Reação tardia ou ineficiente do condutor;Com Vítimas Feridas;4;Céu Claro;Plena Noite;sexta-feira;Colisão traseira;Dupla;0;0;-20.32415948;-40.3952903;Segura;Sudeste;1 Trimestre
582621;2024.0;n;2.0;2024-02-22;PR;277;110;CAMPO LARGO;Transitar no Acostamento;Sem Vítimas;4;Céu Claro;Pleno dia;quinta-feira;Colisão lateral mesmo sentido;Dupla;0;0;-25.44356708;-49.46271661;Segura;Sul;1 Trimestre
656390;2025.0;n;1.0;2025-01-21;ES;101;309;VIANA;Velocidade Incompatível;Com Vítimas Feridas;6;Céu Claro;Plena Noite;terça-feira;Colisão traseira;Dupla;0;1;-20,417;-40,45984911;Perigosa;Sudeste;1 Trimestre
598614;2024.0;n;5.0;2024-05-06;PR;369;170,1;ROLANDIA;Reação tardia ou ineficiente do condutor;Com Vítimas Feridas;2;Céu Claro;Pleno dia;segunda-feira;Colisão lateral mesmo sentido;Dupla;0;0;-23.30188835;-51.34072602;Segura;Sul;2 Trimestre
665041;2025.0;n;3.0;2025-03-03;MG;116;789,1;ALEM PARAIBA;Reação tardia ou ineficiente do condutor;Com Vítimas Feridas;2;Nublado;Plena Noite;segunda-feira;Saída de leito carroçável;Simples;0;0;-21,68923862;-42,72977829;Segura;Sudeste;1 Trimestre
656217;2025.0;n;1.0;2025-01-20;RS;472;571;URUGUAIANA;Acessar a via sem observar a presença dos outros veículos;Com Vítimas Feridas;3;Céu Claro;Pleno dia;segunda-feira;Colisão transversal;Simples;0;0;-29,76709669;-57,01232107;Segura;Sul;1 Trimestre
575503;2024.0;n;1.0;2024-01-14;PR;376;488;PONTA GROSSA;Velocidade Incompatível;Com Vítimas Feridas;2;Céu Claro;Pleno dia;domingo;Colisão lateral mesmo sentido;Dupla;0;0;-25.13510082;-50.16497282;Segura;Sul;1 Trimestre
576103;2024.0;n;1.0;2024-01-20;PA;230;83,5;SAO JOAO DO ARAGUAIA;Acessar a via sem observar a presença dos outros veículos;Com Vítimas Fatais;3;Nublado;Plena Noite;sábado;Colisão transversal;Simples;1;0;-5.47532475;-48.82253688;Perigosa;Norte;1 Trimestre
584466;2024.0;n;3.0;2024-03-02;PR;277;597,7;CASCAVEL;Reação tardia ou ineficiente do condutor;Com Vítimas Feridas;4;Sol;Pleno dia;sábado;Colisão lateral mesmo sentido;Dupla;0;0;-24.999437;-53.519695;Segura;Sul;1 Trimestre
608098;2024.0;n;6.0;2024-06-17;RO;421;58;MONTE NEGRO;Acessar a via sem observar a presença dos outros veículos;Com Vítimas Feridas;2;Céu Claro;Pleno dia;segunda-feira;Colisão traseira;Simples;0;0;-10.289705;-63.316908;Segura;Norte;2 Trimestre
585870;2024.0;n;3.0;2024-03-08;PE;101;89;CABO DE SANTO AGOSTINHO;Manobra de mudança de faixa;Sem Vítimas;1;Céu Claro;Pleno dia;sexta-feira;Saída de leito carroçável;Dupla;0;0;-8.20760697;-34.98372005;Segura;Nordeste;1 Trimestre
598052;2024.0;n;4.0;2024-04-04;MT;174;427;NOVA LACERDA;Ausência de reação do condutor;Com Vítimas Feridas;9;Garoa/Chuvisco;Pleno dia;quinta-feira;Colisão traseira;Simples;0;1;-14.16627401;-59.70069702;Perigosa;Centro-Oeste;2 Trimestre
618866;2024.0;n;8.0;2024-08-03;BA;116;788,8;PLANALTO;Reação tardia ou ineficiente do condutor;Com Vítimas Feridas;2;Céu Claro;Plena Noite;sábado;Colisão traseira;Simples;0;0;-14.67523642;-40.49817291;Segura;Nordeste;3 Trimestre
670250;2025.0;n;3.0;2025-03-29;MG;153;24,3;CENTRALINA;Ausência de reação do condutor;Com Vítimas Feridas;3;Céu Claro;Plena Noite;sábado;Saída de leito carroçável;Dupla;0;0;-18,6316364;-49,1835999;Segura;Sudeste;1 Trimestre
604357;2024.0;n;6.0;2024-06-01;RJ;101;230;SILVA JARDIM;Reação tardia ou ineficiente do condutor;Com Vítimas Fatais;2;Céu Claro;Plena Noite;sábado;Tombamento;Dupla;1;0;-22.56944992;-42.37641111;Perigosa;Sudeste;2 Trimestre
573354;2024.0;n;1.0;2024-01-08;RJ;40;72;PETROPOLIS;Velocidade Incompatível;Com Vítimas Feridas;3;Sol;Pleno dia;segunda-feira;Tombamento;Dupla;0;0;-22.4585308;-43.21600514;Segura;Sudeste;1 Trimestre
658145;2025.0;n;1.0;2025-01-29;SC;101;277;IMBITUBA;Ausência de reação do condutor;Com Vítimas Feridas;1;Garoa/Chuvisco;Pleno dia;quarta-feira;Colisão com objeto;Múltipla;0;0;-28,15478103;-48,69265474;Segura;Sul;1 Trimestre
687359;2025.0;n;4.0;2025-04-26;PR;153;466;UNIAO DA VITORIA;Transitar na contramão;Com Vítimas Fatais;2;Céu Claro;Plena Noite;sábado;Colisão frontal;Simples;1;0;-26,26985047;-51,17516664;Perigosa;Sul;2 Trimestre
572150;2024.0;n;1.0;2024-01-02;PI;316;245,5;INHUMA;Acessar a via sem observar a presença dos outros veículos;Sem Vítimas;3;Nublado;Pleno dia;terça-feira;Colisão transversal;Simples;0;0;-6.68806401;-41.71950685;Segura;Nordeste;1 Trimestre
572071;2024.0;n;1.0;2024-01-02;MG;251;522,2;MONTES CLAROS;Reação tardia ou ineficiente do condutor;Com Vítimas Feridas;3;Chuva;Pleno dia;terça-feira;Colisão frontal;Simples;0;0;-16.6754567;-43.7987724;Segura;Sudeste;1 Trimestre
663947;2025.0;n;2.0;2025-02-26;RS;158;93,4;PALMEIRA DAS MISSOES;Demais falhas mecânicas ou elétricas;Sem Vítimas;1;Garoa/Chuvisco;Anoitecer;quarta-feira;Incêndio;Simples;0;0;-27,84514767;-53,33141327;Segura;Sul;1 Trimestre
605355;2024.0;n;6.0;2024-06-05;RO;364;713;PORTO VELHO;Demais falhas na via;Sem Vítimas;3;Sol;Pleno dia;quarta-feira;Saída de leito carroçável;Dupla;0;0;-8.77331583;-63.87969248;Segura;Norte;2 Trimestre
595341;2024.0;n;4.0;2024-04-20;RO;364;971,1;PORTO VELHO;Acessar a via sem observar a presença dos outros veículos;Sem Vítimas;2;Céu Claro;Pleno dia;sábado;Colisão transversal;Simples;0;0;-9.658196;-65.73276;Segura;Norte;2 Trimestre
672387;2025.0;n;4.0;2025-04-08;RS;470;228;GARIBALDI;Retorno proibido;Com Vítimas Feridas;2;Nublado;Pleno dia;terça-feira;Colisão transversal;Simples;0;0;-29,26381136;-51,50292277;Segura;Sul;2 Trimestre
597086;2024.0;n;4.0;2024-04-28;MG;381;168;GOVERNADOR VALADARES;Acessar a via sem observar a presença dos outros veículos;Com Vítimas Fatais;4;Céu Claro;Plena Noite;domingo;Colisão frontal;Simples;4;1;-18.96571703;-42.08181098;Perigosa;Sudeste;2 Trimestre
652834;2025.0;n;1.0;2025-01-02;GO;40;5;VALPARAISO DE GOIAS;Acessar a via sem observar a presença dos outros veículos;Com Vítimas Feridas;2;Céu Claro;Plena Noite;quinta-feira;Colisão traseira;Dupla;0;0;-16,093134;-47,982236;Segura;Centro-Oeste;1 Trimestre
629080;2024.0;n;9.0;2024-09-19;SC;101;334,7;TUBARAO;Ausência de reação do condutor;Com Vítimas Feridas;2;Céu Claro;Pleno dia;quinta-feira;Colisão traseira;Múltipla;0;0;-28.46730446;-49.00604302;Segura;Sul;3 Trimestre
594271;2024.0;n;4.0;2024-04-16;PA;10;315;IRITUIA;Ausência de reação do condutor;Com Vítimas Fatais;3;Céu Claro;Plena Noite;terça-feira;Colisão traseira;Simples;2;0;-1.67555692;-47.50042219;Perigosa;Norte;2 Trimestre
593329;2024.0;n;4.0;2024-04-11;PR;376;298;MAUA DA SERRA;Mal súbito do condutor;Sem Vítimas;2;Céu Claro;Pleno dia;quinta-feira;Colisão com objeto;Dupla;0;0;-23.93713;-51.1657;Segura;Sul;2 Trimestre
622178;2024.0;n;8.0;2024-08-18;BA;116;811;VITORIA DA CONQUISTA;Ingestão de álcool pelo condutor;Com Vítimas Feridas;4;Nublado;Plena Noite;domingo;Colisão frontal;Simples;0;0;-14.75613602;-40.68942499;Segura;Nordeste;3 Trimestre
576758;2024.0;n;1.0;2024-01-24;PB;101;95;CONDE;Demais falhas mecânicas ou elétricas;Com Vítimas Feridas;1;Céu Claro;Pleno dia;quarta-feira;Saída de leito carroçável;Dupla;0;0;-7.22379403;-34.91488195;Segura;Nordeste;1 Trimestre
622842;2024.0;n;8.0;2024-08-22;RS;386;41,1;FREDERICO WESTPHALEN;Acessar a via sem observar a presença dos outros veículos;Com Vítimas Feridas;3;Nublado;Pleno dia;quinta-feira;Colisão transversal;Simples;0;0;-27.404215;-53.412556;Segura;Sul;3 Trimestre
660874;2025.0;n;2.0;2025-02-12;RJ;101;47;CAMPOS DOS GOYTACAZES;Entrada inopinada do pedestre;Com Vítimas Feridas;2;Céu Claro;Pleno dia;quarta-feira;Atropelamento de Pedestre;Simples;0;0;-21,614312;-41,315692;Segura;Sudeste;1 Trimestre
601896;2024.0;n;5.0;2024-05-20;GO;80;138;BARRO ALTO;Ingestão de álcool pelo condutor;Com Vítimas Feridas;2;Céu Claro;Anoitecer;segunda-feira;Colisão traseira;Simples;0;0;-14.93781972;-48.94356251;Segura;Centro-Oeste;2 Trimestre
601721;2024.0;n;5.0;2024-05-19;MT;364;37,5;ALTO GARCAS;Condutor deixou de manter distância do veículo da frente;Com Vítimas Feridas;8;Céu Claro;Plena Noite;domingo;Colisão traseira;Simples;0;0;-17.110697;-53.455543;Segura;Centro-Oeste;2 Trimestre
598176;2024.0;n;5.0;2024-05-04;SC;470;81,9;RODEIO;Condutor Dormindo;Com Vítimas Feridas;2;Nublado;Pleno dia;sábado;Colisão com objeto;Simples;0;0;-26.958838;-49.324978;Segura;Sul;2 Trimestre
687238;2025.0;n;4.0;2025-04-25;MT;364;347,9;SANTO ANTONIO DO LEVERGER;Demais falhas mecânicas ou elétricas;Com Vítimas Feridas;3;Céu Claro;Pleno dia;sexta-feira;Colisão traseira;Dupla;0;1;-15,795391;-55,564395;Perigosa;Centro-Oeste;2 Trimestre
655167;2025.0;n;1.0;2025-01-15;GO;153;526;HIDROLANDIA;Demais falhas mecânicas ou elétricas;Com Vítimas Feridas;3;Nublado;Pleno dia;quarta-feira;Colisão traseira;Dupla;0;1;-16,9376;-49,2532;Perigosa;Centro-Oeste;1 Trimestre
672258;2025.0;n;4.0;2025-04-07;RO;364;653;CANDEIAS DO JAMARI;Transitar na contramão;Com Vítimas Fatais;5;Céu Claro;Pleno dia;segunda-feira;Colisão frontal;Simples;1;0;-8,897944;-63,438256;Perigosa;Norte;2 Trimestre
618506;2024.0;n;8.0;2024-08-02;RS;290;98;PORTO ALEGRE;Manobra de mudança de faixa;Com Vítimas Feridas;3;Sol;Pleno dia;sexta-feira;Colisão lateral mesmo sentido;Dupla;0;0;-29.994816;-51.217403;Segura;Sul;3 Trimestre
616437;2024.0;n;7.0;2024-07-23;SC;101;208,4;SAO JOSE;Reação tardia ou ineficiente do condutor;Com Vítimas Feridas;4;Céu Claro;Plena Noite;terça-feira;Colisão traseira;Múltipla;0;1;-27.60327979;-48.63201818;Perigosa;Sul;3 Trimestre
617974;2024.0;n;7.0;2024-07-30;PR;376;655;TIJUCAS DO SUL;Ausência de reação do condutor;Sem Vítimas;1;Garoa/Chuvisco;Plena Noite;terça-feira;Tombamento;Dupla;0;0;-25.84165409;-49.042472;Segura;Sul;3 Trimestre
584905;2024.0;n;3.0;2024-03-04;AL;101;135;SAO MIGUEL DOS CAMPOS;Condutor Dormindo;Com Vítimas Feridas;3;Sol;Pleno dia;segunda-feira;Colisão frontal;Simples;0;0;-9.78834902;-36.10509283;Segura;Nordeste;1 Trimestre
584580;2024.0;n;3.0;2024-03-02;PE;101;90;CABO DE SANTO AGOSTINHO;Demais falhas mecânicas ou elétricas;Sem Vítimas;2;Céu Claro;Plena Noite;sábado;Incêndio;Dupla;0;0;-8.21612792;-34.98772817;Segura;Nordeste;1 Trimestre
661286;2025.0;n;2.0;2025-02-14;PA;316;68;CASTANHAL;Ultrapassagem Indevida;Com Vítimas Fatais;2;Garoa/Chuvisco;Pleno dia;sexta-feira;Colisão lateral sentido oposto;Simples;1;0;-1,2948794;-47,89280703;Perigosa;Norte;1 Trimestre
653563;2025.0;n;1.0;2025-01-06;SP;381;75,9;SAO PAULO;Demais falhas mecânicas ou elétricas;Sem Vítimas;1;Céu Claro;Pleno dia;segunda-feira;Incêndio;Dupla;0;0;-23,37660089;-46,56409613;Segura;Sudeste;1 Trimestre
577008;2024.0;n;1.0;2024-01-25;MS;262;363,3;CAMPO GRANDE;Condutor deixou de manter distância do veículo da frente;Com Vítimas Feridas;4;Sol;Pleno dia;quinta-feira;Colisão traseira;Simples;0;1;-20.50499307;-54.72803808;Perigosa;Centro-Oeste;1 Trimestre
607629;2024.0;n;6.0;2024-06-15;RS;116;504;PELOTAS;Manobra de mudança de faixa;Sem Vítimas;1;Chuva;Pleno dia;sábado;Saída de leito carroçável;Simples;0;0;-31.58165781;-52.27291518;Segura;Sul;2 Trimestre
575742;2024.0;n;1.0;2024-01-19;ES;101;18;PEDRO CANARIO;Problema com o freio;Com Vítimas Feridas;3;Sol;Pleno dia;sexta-feira;Tombamento;Simples;0;0;-18.31320539;-39.95347307;Segura;Sudeste;1 Trimestre
593133;2024.0;n;4.0;2024-04-10;MG;262;536,1;LUZ;Reação tardia ou ineficiente do condutor;Com Vítimas Fatais;3;Céu Claro;Anoitecer;quarta-feira;Colisão traseira;Simples;1;1;-19.77300734;-45.77034305;Perigosa;Sudeste;2 Trimestre
617979;2024.0;n;7.0;2024-07-30;SP;116;545;BARRA DO TURVO;Reação tardia ou ineficiente do condutor;Com Vítimas Feridas;1;Chuva;Plena Noite;terça-feira;Colisão com objeto;Dupla;0;1;-24.9470862;-48.43042095;Perigosa;Sudeste;3 Trimestre
583600;2024.0;n;2.0;2024-02-26;PE;101;68;RECIFE;Reação tardia ou ineficiente do condutor;Sem Vítimas;1;Céu Claro;Pleno dia;segunda-feira;Colisão com objeto;Múltipla;0;0;-8.05074296;-34.94580619;Segura;Nordeste;1 Trimestre
609966;2024.0;n;6.0;2024-06-25;RS;386;115,8;SARANDI;Transitar na contramão;Com Vítimas Feridas;2;Chuva;Pleno dia;terça-feira;Colisão lateral sentido oposto;Simples;0;1;-27.83191625;-53.02402496;Perigosa;Sul;2 Trimestre
598551;2024.0;n;5.0;2024-05-05;PR;163;101,1;CAPANEMA;Transitar na contramão;Com Vítimas Feridas;5;Sol;Pleno dia;domingo;Colisão lateral sentido oposto;Simples;0;1;-25.603052;-53.758022;Perigosa;Sul;2 Trimestre
587006;2024.0;n;3.0;2024-03-13;MG;116;142,9;PONTO DOS VOLANTES;Ausência de reação do condutor;Com Vítimas Feridas;2;Chuva;Pleno dia;quarta-feira;Colisão traseira;Simples;0;1;-16.78485706;-41.48261649;Perigosa;Sudeste;1 Trimestre
686914;2025.0;n;4.0;2025-04-23;ES;101;442;MIMOSO DO SUL;Ausência de reação do condutor;Com Vítimas Feridas;5;Céu Claro;Plena Noite;quarta-feira;Colisão lateral sentido oposto;Simples;0;1;-21,098541;-41,253782;Perigosa;Sudeste;2 Trimestre
577971;2024.0;n;1.0;2024-01-30;ES;101;124;SOORETAMA;Acesso irregular;Com Vítimas Feridas;3;Nublado;Pleno dia;terça-feira;Colisão transversal;Simples;0;0;-19.17652792;-40.09118118;Segura;Sudeste;1 Trimestre
656091;2025.0;n;1.0;2025-01-19;PA;10;299,9;IRITUIA;Carga excessiva e/ou mal acondicionada;Com Vítimas Feridas;2;Nublado;Pleno dia;domingo;Tombamento;Simples;0;0;-1,80828797;-47,51438083;Segura;Norte;1 Trimestre
615724;2024.0;n;7.0;2024-07-20;BA;116;518;ITATIM;Condutor Dormindo;Com Vítimas Feridas;4;Céu Claro;Pleno dia;sábado;Colisão frontal;Simples;0;0;-12.67669892;-39.66293504;Segura;Nordeste;3 Trimestre
593529;2024.0;n;4.0;2024-04-12;RN;406;40;GUAMARE;Demais falhas na via;Com Vítimas Feridas;2;Céu Claro;Pleno dia;sexta-feira;Tombamento;Simples;0;1;-5.27475223;-36.3104471;Perigosa;Nordeste;2 Trimestre
586554;2024.0;n;3.0;2024-03-11;RJ;101;217;SILVA JARDIM;Ausência de reação do condutor;Com Vítimas Fatais;2;Céu Claro;Pleno dia;segunda-feira;Colisão traseira;Dupla;1;0;-22.50769291;-42.29165293;Perigosa;Sudeste;1 Trimestre
653177;2025.0;n;1.0;2025-01-04;PB;104;109,9;LAGOA SECA;Condutor deixou de manter distância do veículo da frente;Sem Vítimas;2;Céu Claro;Pleno dia;sábado;Colisão traseira;Simples;0;0;-7,11997886;-35,86414665;Segura;Nordeste;1 Trimestre
687234;2025.0;n;4.0;2025-04-25;RJ;40;109;DUQUE DE CAXIAS;Velocidade Incompatível;Com Vítimas Feridas;2;Garoa/Chuvisco;Pleno dia;sexta-feira;Tombamento;Simples;0;0;-22,6744742;-43,2853617;Segura;Sudeste;2 Trimestre
621487;2024.0;n;8.0;2024-08-16;MS;163;35,6;ELDORADO;Demais falhas mecânicas ou elétricas;Sem Vítimas;3;Céu Claro;Plena Noite;sexta-feira;Incêndio;Simples;0;0;-23.80896016;-54.32247995;Segura;Centro-Oeste;3 Trimestre
574623;2024.0;n;1.0;2024-01-14;RS;290;152;ARROIO DOS RATOS;Desrespeitar a preferência no cruzamento;Sem Vítimas;3;Céu Claro;Pleno dia;domingo;Colisão transversal;Simples;0;0;-30.104769;-51.727539;Segura;Sul;1 Trimestre
620202;2024.0;n;8.0;2024-08-09;MG;262;801;UBERABA;Animais na Pista;Com Vítimas Fatais;3;Nublado;Plena Noite;sexta-feira;Tombamento;Dupla;1;0;-19.77920263;-47.955319;Perigosa;Sudeste;3 Trimestre
673641;2025.0;n;4.0;2025-04-14;SC;280;193,1;MAFRA;Transitar na contramão;Com Vítimas Fatais;5;Céu Claro;Pleno dia;segunda-feira;Colisão frontal;Simples;1;0;-26,1772775;-50,0076781;Perigosa;Sul;2 Trimestre
589993;2024.0;n;2.0;2024-02-19;MT;158;378;RIBEIRAO CASCALHEIRA;Deficiência do Sistema de Iluminação/Sinalização;Com Vítimas Feridas;2;Garoa/Chuvisco;Plena Noite;segunda-feira;Colisão traseira;Simples;0;1;-12.57622501;-51.78183267;Perigosa;Centro-Oeste;1 Trimestre
603952;2024.0;n;5.0;2024-05-30;PR;116;122;CURITIBA;Manobra de mudança de faixa;Com Vítimas Feridas;3;Céu Claro;Pleno dia;quinta-feira;Colisão lateral mesmo sentido;Dupla;0;0;-25.56857207;-49.31023179;Segura;Sul;2 Trimestre
583830;2024.0;n;2.0;2024-02-28;CE;116;42;HORIZONTE;Condutor deixou de manter distância do veículo da frente;Com Vítimas Feridas;2;Nublado;Pleno dia;quarta-feira;Colisão traseira;Múltipla;0;0;-4.08722773;-38.500659;Segura;Nordeste;1 Trimestre
585319;2024.0;n;3.0;2024-03-06;PR;376;594,2;CURITIBA;Reação tardia ou ineficiente do condutor;Com Vítimas Feridas;6;Nublado;Amanhecer;quarta-feira;Colisão traseira;Simples;0;0;-25.48479613;-49.34730331;Segura;Sul;1 Trimestre
605338;2024.0;n;6.0;2024-06-05;ES;101;296;CARIACICA;Ausência de reação do condutor;Com Vítimas Feridas;3;Céu Claro;Pleno dia;quarta-feira;Colisão traseira;Múltipla;0;1;-20.34029997;-40.40405712;Perigosa;Sudeste;2 Trimestre
582586;2024.0;n;2.0;2024-02-22;PR;376;321,6;ORTIGUEIRA;Neblina;Com Vítimas Feridas;5;Nevoeiro/Neblina;Amanhecer;quinta-feira;Colisão lateral sentido oposto;Simples;0;0;-24.06054304;-51.06239611;Segura;Sul;1 Trimestre
615900;2024.0;n;7.0;2024-07-21;MT;364;170;PEDRA PRETA;Reação tardia ou ineficiente do condutor;Com Vítimas Feridas;4;Céu Claro;Pleno dia;domingo;Colisão traseira;Simples;0;0;-16.64653903;-54.414443;Segura;Centro-Oeste;3 Trimestre
590206;2024.0;n;3.0;2024-03-28;RS;392;7,5;RIO GRANDE;Acessar a via sem observar a presença dos outros veículos;Com Vítimas Feridas;4;Céu Claro;Plena Noite;quinta-feira;Colisão transversal;Simples;0;0;-32.093615;-52.108877;Segura;Sul;1 Trimestre
673476;2025.0;n;4.0;2025-04-13;MG;50;16;ARAGUARI;Carga excessiva e/ou mal acondicionada;Com Vítimas Feridas;2;Nublado;Pleno dia;domingo;Incêndio;Dupla;0;0;-18,55542437;-48,05475713;Segura;Sudeste;2 Trimestre
663589;2025.0;n;2.0;2025-02-25;RJ;116;230;PIRAI;Ausência de reação do condutor;Com Vítimas Feridas;3;Sol;Pleno dia;terça-feira;Colisão traseira;Dupla;0;1;-22,67037716;-43,82806242;Perigosa;Sudeste;1 Trimestre
578198;2024.0;n;1.0;2024-01-31;PE;101;43,3;IGARASSU;Ausência de reação do condutor;Sem Vítimas;1;Céu Claro;Pleno dia;quarta-feira;Colisão com objeto;Dupla;0;0;-7.84753808;-34.90977038;Segura;Nordeste;1 Trimestre
669039;2025.0;n;3.0;2025-03-23;CE;116;495;BREJO SANTO;Condutor deixou de manter distância do veículo da frente;Sem Vítimas;5;Céu Claro;Amanhecer;domingo;Colisão traseira;Simples;0;0;-7,44019665;-38,97354841;Segura;Nordeste;1 Trimestre
600926;2024.0;n;5.0;2024-05-16;SC;470;174;POUSO REDONDO;Frear bruscamente;Com Vítimas Feridas;2;Nublado;Plena Noite;quinta-feira;Colisão lateral sentido oposto;Simples;0;0;-27.258179;-49.929146;Segura;Sul;2 Trimestre
661675;2025.0;n;2.0;2025-02-16;PR;476;169;CONTENDA;Reação tardia ou ineficiente do condutor;Sem Vítimas;3;Céu Claro;Amanhecer;domingo;Colisão lateral sentido oposto;Simples;0;0;-25,666254;-49,495918;Segura;Sul;1 Trimestre
685644;2025.0;n;4.0;2025-04-16;SC;282;115,6;ALFREDO WAGNER;Velocidade Incompatível;Com Vítimas Feridas;3;Sol;Pleno dia;quarta-feira;Capotamento;Simples;0;1;-27,760058;-49,39716;Perigosa;Sul;2 Trimestre
686225;2025.0;n;4.0;2025-04-16;MS;60;427;SIDROLANDIA;Acessar a via sem observar a presença dos outros veículos;Sem Vítimas;2;Nublado;Pleno dia;quarta-feira;Colisão transversal;Simples;0;0;-20,946941;-54,96855172;Segura;Centro-Oeste;2 Trimestre
673968;2025.0;n;4.0;2025-04-16;SE;101;25,7;MURIBECA;Ausência de reação do condutor;Com Vítimas Feridas;1;Céu Claro;Pleno dia;quarta-feira;Saída de leito carroçável;Dupla;0;1;-10,407305;-36,919152;Perigosa;Nordeste;2 Trimestre
622721;2024.0;n;8.0;2024-08-21;BA;242;226;ITABERABA;Desrespeitar a preferência no cruzamento;Com Vítimas Feridas;2;Céu Claro;Pleno dia;quarta-feira;Colisão transversal;Simples;0;0;-12.51935324;-40.28079271;Segura;Nordeste;3 Trimestre
607670;2024.0;n;6.0;2024-06-15;MG;40;463;SETE LAGOAS;Velocidade Incompatível;Com Vítimas Feridas;5;Céu Claro;Pleno dia;sábado;Colisão traseira;Dupla;0;0;-19.4065509;-44.33367766;Segura;Sudeste;2 Trimestre
615056;2024.0;n;7.0;2024-07-17;PR;277;111;CAMPO LARGO;Reação tardia ou ineficiente do condutor;Com Vítimas Feridas;4;Céu Claro;Pleno dia;quarta-feira;Colisão traseira;Dupla;0;0;-25.44405259;-49.46617418;Segura;Sul;3 Trimestre
584092;2024.0;n;2.0;2024-02-29;MT;364;615,1;DIAMANTINO;Carga excessiva e/ou mal acondicionada;Com Vítimas Feridas;4;Céu Claro;Pleno dia;quinta-feira;Colisão lateral sentido oposto;Simples;0;1;-14.41680214;-56.30735406;Perigosa;Centro-Oeste;1 Trimestre
629147;2024.0;n;9.0;2024-09-19;MG;40;614,5;CONGONHAS;Retorno proibido;Com Vítimas Feridas;3;Céu Claro;Pleno dia;quinta-feira;Colisão transversal;Simples;0;1;-20.52977973;-43.82351464;Perigosa;Sudeste;3 Trimestre
580690;2024.0;n;2.0;2024-02-11;PR;163;168;LINDOESTE;Reação tardia ou ineficiente do condutor;Sem Vítimas;1;Céu Claro;Pleno dia;domingo;Saída de leito carroçável;Dupla;0;0;-25.29248982;-53.57038619;Segura;Sul;1 Trimestre
589123;2024.0;n;3.0;2024-03-22;MG;262;194;SAO DOMINGOS DO PRATA;Velocidade Incompatível;Com Vítimas Feridas;2;Garoa/Chuvisco;Plena Noite;sexta-feira;Colisão frontal;Simples;0;2;-19.87527123;-43.07514717;Perigosa;Sudeste;1 Trimestre
574381;2024.0;n;1.0;2024-01-13;PE;101;163;AGUA PRETA;Reação tardia ou ineficiente do condutor;Com Vítimas Feridas;3;Nublado;Pleno dia;sábado;Tombamento;Dupla;0;0;-8.55039544;-35.44619699;Segura;Nordeste;1 Trimestre
673834;2025.0;n;4.0;2025-04-15;SC;470;174;POUSO REDONDO;Transtornos Mentais (exceto suicidio);Com Vítimas Feridas;2;Nublado;Pleno dia;terça-feira;Atropelamento de Pedestre;Simples;0;0;-27,257071;-49,934217;Segura;Sul;2 Trimestre