id;ano;feriado;mes;data_inversa;uf;br;km;municipio;causa_acidente;classificacao_acidente;veiculos;condicao_metereologica;fase_dia;dia_semana;tipo_acidente;tipo_pista;mortos;feridos_graves;latitude;longitude;status;regiao;periodo
669197;2025.0;n;3.0;2025-03-23;RJ;116;327;ITATIAIA;Acumulo de água sobre o pavimento;Com Vítimas Feridas;2;Chuva;Plena Noite;domingo;Colisão traseira;Dupla;0;0;-22,50496287;-44,59387064;Segura;Sudeste;1 Trimestre
685700;2025.0;y;4.0;2025-04-18;PA;316;70;CASTANHAL;Condutor deixou de manter distância do veículo da frente;Sem Vítimas;5;Céu Claro;Pleno dia;sexta-feira;Colisão traseira;Simples;0;0;-1,2911166;-47,8578266;Segura;Norte;2 Trimestre
659610;2025.0;n;2.0;2025-02-06;MG;381;671;PERDOES;Demais falhas mecânicas ou elétricas;Com Vítimas Feridas;1;Sol;Pleno dia;quinta-feira;Saída de leito carroçável;Dupla;0;0;-21,08945416;-45,06864195;Segura;Sudeste;1 Trimestre
624409;2024.0;n;8.0;2024-08-29;MG;116;426,6;ALPERCATA;Problema na suspensão;Com Vítimas Fatais;1;Céu Claro;Pleno dia;quinta-feira;Saída de leito carroçável;Simples;1;0;-18.973292;-41.97948;Perigosa;Sudeste;3 Trimestre
578328;2024.0;n;2.0;2024-02-01;RS;290;203;PANTANO GRANDE;Reação tardia ou ineficiente do condutor;Com Vítimas Feridas;4;Sol;Pleno dia;quinta-feira;Derramamento de carga;Simples;0;0;-30.173361;-52.247738;Segura;Sul;1 Trimestre
573549;2024.0;n;1.0;2024-01-09;PR;369;470;CORBELIA;Reação tardia ou ineficiente do condutor;Com Vítimas Feridas;1;Céu Claro;Pleno dia;terça-feira;Saída de leito carroçável;Simples;0;2;-24.583;-53.1677;Perigosa;Sul;1 Trimestre
673219;2025.0;n;4.0;2025-04-12;ES;262;112,9;VENDA NOVA DO IMIGRANTE;Ingestão de álcool pelo condutor;Com Vítimas Feridas;3;Céu Claro;Pleno dia;sábado;Colisão lateral sentido oposto;Simples;0;1;-20,3316244;-41,2044121;Perigosa;Sudeste;2 Trimestre
619769;2024.0;n;7.0;2024-07-25;PA;163;538;TRAIRAO;Transitar na contramão;Com Vítimas Feridas;8;Céu Claro;Pleno dia;quinta-feira;Colisão lateral sentido oposto;Simples;0;0;-5.27380104;-56.03041404;Segura;Norte;3 Trimestre
617216;2024.0;n;7.0;2024-07-27;PI;316;83,7;LAGOINHA DO PIAUI;Ultrapassagem Indevida;Com Vítimas Feridas;2;Céu Claro;Pleno dia;sábado;Colisão transversal;Simples;0;0;-5.76504417;-42.60991708;Segura;Nordeste;3 Trimestre
596927;2024.0;n;4.0;2024-04-28;RS;116;244;SAO LEOPOLDO;Acessar a via sem observar a presença dos outros veículos;Com Vítimas Feridas;4;Nublado;Pleno dia;domingo;Colisão lateral mesmo sentido;Dupla;0;1;-29.74088003;-51.15039566;Perigosa;Sul;2 Trimestre
598404;2024.0;n;5.0;2024-05-05;MG;365;250;JOAO PINHEIRO;Ausência de reação do condutor;Com Vítimas Feridas;3;Céu Claro;Plena Noite;domingo;Saída de leito carroçável;Simples;0;1;-17.82889606;-45.45113681;Perigosa;Sudeste;2 Trimestre
605061;2024.0;n;6.0;2024-06-03;RS;392;5;RIO GRANDE;Retorno proibido;Com Vítimas Feridas;3;Nublado;Plena Noite;segunda-feira;Colisão transversal;Simples;0;0;-32.07687877;-52.10166627;Segura;Sul;2 Trimestre
585096;2024.0;n;3.0;2024-03-04;SC;153;84,9;CONCORDIA;Transitar na contramão;Com Vítimas Feridas;3;Garoa/Chuvisco;Pleno dia;segunda-feira;Colisão frontal;Simples;0;3;-27.13419;-51.916466;Perigosa;Sul;1 Trimestre
628750;2024.0;n;9.0;2024-09-17;MG;381;497;BETIM;Reação tardia ou ineficiente do condutor;Com Vítimas Feridas;5;Céu Claro;Pleno dia;terça-feira;Colisão traseira;Dupla;0;0;-20.00483625;-44.21367172;Segura;Sudeste;3 Trimestre
607033;2024.0;n;6.0;2024-06-12;SC;470;69;INDAIAL;Ultrapassagem Indevida;Com Vítimas Feridas;2;Céu Claro;Plena Noite;quarta-feira;Colisão transversal;Múltipla;0;0;-26.88575124;-49.25012112;Segura;Sul;2 Trimestre
660518;2025.0;n;2.0;2025-02-10;MT;163;1029;PEIXOTO DE AZEVEDO;Acessar a via sem observar a presença dos outros veículos;Com Vítimas Feridas;3;Sol;Pleno dia;segunda-feira;Colisão lateral mesmo sentido;Simples;0;1;-10,251094;-54,994317;Perigosa;Centro-Oeste;1 Trimestre
592773;2024.0;n;4.0;2024-04-08;PR;376;326,7;ORTIGUEIRA;Velocidade Incompatível;Com Vítimas Fatais;3;Chuva;Pleno dia;segunda-feira;Colisão frontal;Simples;1;1;-24.065596;-51.06416;Perigosa;Sul;2 Trimestre
592040;2024.0;n;4.0;2024-04-05;SP;116;101,5;PINDAMONHANGABA;Ausência de reação do condutor;Com Vítimas Feridas;3;Céu Claro;Plena Noite;sexta-feira;Colisão traseira;Dupla;0;0;-22.99473592;-45.48903205;Segura;Sudeste;2 Trimestre
581711;2024.0;n;2.0;2024-02-17;RS;116;635;JAGUARAO;Condutor Dormindo;Com Vítimas Feridas;2;Garoa/Chuvisco;Pleno dia;sábado;Tombamento;Simples;0;1;-32.416934;-53.235894;Perigosa;Sul;1 Trimestre
685574;2025.0;n;4.0;2025-04-17;RJ;101;297;ITABORAI;Reação tardia ou ineficiente do condutor;Com Vítimas Feridas;3;Céu Claro;Plena Noite;quinta-feira;Colisão lateral mesmo sentido;Simples;0;0;-22,76826748;-42,90779114;Segura;Sudeste;2 Trimestre
661555;2025.0;n;2.0;2025-02-15;GO;60;102;ANAPOLIS;Trafegar com motocicleta (ou similar) entre as faixas;Com Vítimas Feridas;4;Céu Claro;Pleno dia;sábado;Colisão lateral mesmo sentido;Dupla;0;0;-16,406;-48,9831;Segura;Centro-Oeste;1 Trimestre
610319;2024.0;n;6.0;2024-06-27;ES;101;235,2;FUNDAO;Ausência de reação do condutor;Com Vítimas Feridas;2;Céu Claro;Pleno dia;quinta-feira;Colisão frontal;Simples;0;2;-19.97811606;-40.40780888;Perigosa;Sudeste;2 Trimestre
652597;2025.0;y;1.0;2025-01-01;RJ;116;259;VOLTA REDONDA;Demais falhas mecânicas ou elétricas;Com Vítimas Feridas;1;Nublado;Pleno dia;quarta-feira;Queda de ocupante de veículo;Dupla;0;0;-22,58204838;-44,03112799;Segura;Sudeste;1 Trimestre
612906;2024.0;n;7.0;2024-07-07;RO;364;17;VILHENA;Ingestão de álcool pelo condutor;Com Vítimas Feridas;2;Céu Claro;Plena Noite;domingo;Colisão lateral sentido oposto;Simples;0;0;-12.73207998;-60.16589399;Segura;Norte;3 Trimestre
581570;2024.0;n;2.0;2024-02-16;MG;251;240,6;SANTA CRUZ DE SALINAS;Ausência de reação do condutor;Com Vítimas Fatais;8;Céu Claro;Pleno dia;sexta-feira;Colisão lateral mesmo sentido;Simples;1;0;-15.99915558;-41.76824223;Perigosa;Sudeste;1 Trimestre
590212;2024.0;n;3.0;2024-03-28;MG;262;79;MATIPO;Condutor Dormindo;Com Vítimas Feridas;3;Céu Claro;Plena Noite;quinta-feira;Colisão traseira;Simples;0;0;-20.336263;-42.363498;Segura;Sudeste;1 Trimestre
621112;2024.0;n;8.0;2024-08-14;RN;101;119,7;SAO JOSE DE MIPIBU;Manobra de mudança de faixa;Com Vítimas Feridas;5;Céu Claro;Pleno dia;quarta-feira;Queda de ocupante de veículo;Dupla;0;1;-6.02496757;-35.2509784;Perigosa;Nordeste;3 Trimestre
574367;2024.0;n;1.0;2024-01-13;RO;364;234;CACOAL;Estacionar ou parar em local proibido;Com Vítimas Feridas;4;Nublado;Amanhecer;sábado;Colisão traseira;Simples;0;0;-11.45655595;-61.42349597;Segura;Norte;1 Trimestre
614021;2024.0;n;7.0;2024-07-12;PB;361;38,8;CATINGUEIRA;Ausência de reação do condutor;Com Vítimas Feridas;1;Nublado;Plena Noite;sexta-feira;Saída de leito carroçável;Simples;0;0;-7.09174654;-37.58068209;Segura;Nordeste;3 Trimestre
572659;2024.0;y;1.0;2024-01-01;SC;116;114,9;MONTE CASTELO;Reação tardia ou ineficiente do condutor;Com Vítimas Fatais;1;Céu Claro;Plena Noite;segunda-feira;Colisão com objeto;Simples;1;0;-26.8005932;-50.3387598;Perigosa;Sul;1 Trimestre
656814;2025.0;n;1.0;2025-01-23;RS;287;369,4;SANTIAGO;Velocidade Incompatível;Com Vítimas Feridas;2;Céu Claro;Amanhecer;quinta-feira;Tombamento;Simples;0;0;-29,38874098;-54,74526309;Segura;Sul;1 Trimestre
600258;2024.0;n;5.0;2024-05-13;SC;116;267,7;CAPAO ALTO;Reação tardia ou ineficiente do condutor;Com Vítimas Feridas;3;Chuva;Pleno dia;segunda-feira;Colisão traseira;Simples;0;0;-27.95247066;-50.47994924;Segura;Sul;2 Trimestre
619644;2024.0;n;8.0;2024-08-07;RJ;40;110;DUQUE DE CAXIAS;Ausência de reação do condutor;Com Vítimas Feridas;2;Céu Claro;Pleno dia;quarta-feira;Colisão traseira;Múltipla;0;0;-22.68289906;-43.28549346;Segura;Sudeste;3 Trimestre
670927;2025.0;n;4.0;2025-04-01;PI;343;342,3;TERESINA;Condutor deixou de manter distância do veículo da frente;Com Vítimas Feridas;2;Céu Claro;Pleno dia;terça-feira;Colisão traseira;Simples;0;1;-5,08450028;-42,75485508;Perigosa;Nordeste;2 Trimestre
589306;2024.0;n;3.0;2024-03-23;RS;468;105,1;TRES PASSOS;Reação tardia ou ineficiente do condutor;Com Vítimas Feridas;2;Céu Claro;Plena Noite;sábado;Colisão traseira;Dupla;0;1;-27.44375401;-53.94975605;Perigosa;Sul;1 Trimestre
585712;2024.0;n;3.0;2024-03-07;SC;280;27,2;ARAQUARI;Acessar a via sem observar a presença dos outros veículos;Com Vítimas Fatais;3;Nublado;Plena Noite;quinta-feira;Atropelamento de Pedestre;Simples;1;0;-26.3998477;-48.742187;Perigosa;Sul;1 Trimestre
601050;2024.0;n;5.0;2024-05-17;RN;101;126;NISIA FLORESTA;Reação tardia ou ineficiente do condutor;Sem Vítimas;2;Céu Claro;Pleno dia;sexta-feira;Colisão traseira;Dupla;0;0;-6.086887;-35.23438;Segura;Nordeste;2 Trimestre
615287;2024.0;n;7.0;2024-07-18;SE;235;4;NOSSA SENHORA DO SOCORRO;Manobra de mudança de faixa;Com Vítimas Feridas;2;Nublado;Plena Noite;quinta-feira;Colisão lateral mesmo sentido;Dupla;0;1;-10.9064;-37.1197;Perigosa;Nordeste;3 Trimestre
617947;2024.0;n;7.0;2024-07-30;CE;20;349,1;CARIDADE;Demais falhas na via;Com Vítimas Feridas;4;Céu Claro;Plena Noite;terça-feira;Colisão traseira;Simples;0;0;-4.094943;-39.055965;Segura;Nordeste;3 Trimestre
664416;2025.0;n;3.0;2025-03-01;RO;364;196,4;PIMENTA BUENO;Condutor Dormindo;Com Vítimas Feridas;2;Céu Claro;Amanhecer;sábado;Colisão traseira;Dupla;0;0;-11,683243;-61,185718;Segura;Norte;1 Trimestre
653249;2025.0;n;1.0;2025-01-05;RJ;101;321;NITEROI;Reação tardia ou ineficiente do condutor;Com Vítimas Feridas;1;Céu Claro;Plena Noite;domingo;Tombamento;Múltipla;0;1;-22,86981096;-43,11046465;Perigosa;Sudeste;1 Trimestre
608186;2024.0;n;6.0;2024-06-17;PR;369;77,9;SANTA MARIANA;Mal súbito do condutor;Com Vítimas Feridas;2;Céu Claro;Pleno dia;segunda-feira;Colisão frontal;Simples;0;1;-23.14584189;-50.56956053;Perigosa;Sul;2 Trimestre
666960;2025.0;n;3.0;2025-03-13;PR;376;459,4;TIBAGI;Velocidade Incompatível;Com Vítimas Fatais;4;Céu Claro;Pleno dia;quinta-feira;Colisão com objeto;Dupla;2;0;-24,94344522;-50,39887301;Perigosa;Sul;1 Trimestre
615167;2024.0;n;7.0;2024-07-18;RS;386;353,7;ESTRELA;Velocidade Incompatível;Com Vítimas Feridas;3;Nublado;Pleno dia;quinta-feira;Tombamento;Dupla;0;0;-29.505;-51.944216;Segura;Sul;3 Trimestre
585175;2024.0;n;3.0;2024-03-05;MT;364;119;RONDONOPOLIS;Pista Escorregadia;Sem Vítimas;4;Céu Claro;Pleno dia;terça-feira;Colisão traseira;Dupla;0;0;-16.49152468;-54.6467159;Segura;Centro-Oeste;1 Trimestre
652904;2025.0;n;1.0;2025-01-03;SP;381;86,6;GUARULHOS;Demais falhas mecânicas ou elétricas;Com Vítimas Feridas;1;Céu Claro;Pleno dia;sexta-feira;Queda de ocupante de veículo;Múltipla;0;0;-23,45930499;-46,57161179;Segura;Sudeste;1 Trimestre
594995;2024.0;n;4.0;2024-04-19;MA;135;53;BACABEIRA;Manobra de mudança de faixa;Com Vítimas Feridas;2;Chuva;Pleno dia;sexta-feira;Saída de leito carroçável;Dupla;0;0;-2.98920503;-44.31246375;Segura;Nordeste;2 Trimestre
604990;2024.0;n;6.0;2024-06-03;PI;316;6,5;TERESINA;Reação tardia ou ineficiente do condutor;Sem Vítimas;2;Sol;Pleno dia;segunda-feira;Colisão lateral mesmo sentido;Múltipla;0;0;-5.14702095;-42.77438982;Segura;Nordeste;2 Trimestre
599350;2024.0;n;5.0;2024-05-09;RS;285;133;VACARIA;Reação tardia ou ineficiente do condutor;Sem Vítimas;2;Céu Claro;Pleno dia;quinta-feira;Saída de leito carroçável;Simples;0;0;-28.433622;-51.013367;Segura;Sul;2 Trimestre
656944;2025.0;n;1.0;2025-01-23;PB;230;153,3;CAMPINA GRANDE;Condutor usando celular;Com Vítimas Feridas;2;Céu Claro;Plena Noite;quinta-feira;Colisão frontal;Simples;0;0;-7,2763;-35,8887;Segura;Nordeste;1 Trimestre
688373;2025.0;n;4.0;2025-04-30;MG;365;485,9;PATROCINIO;Reação tardia ou ineficiente do condutor;Com Vítimas Feridas;2;Nublado;Plena Noite;quarta-feira;Saída de leito carroçável;Simples;0;0;-18,89719184;-47,10817337;Segura;Sudeste;2 Trimestre
599784;2024.0;n;5.0;2024-05-11;PR;376;52,4;LOANDA;Reação tardia ou ineficiente do condutor;Com Vítimas Feridas;7;Céu Claro;Pleno dia;sábado;Colisão traseira;Simples;0;1;-22.90587281;-52.90109587;Perigosa;Sul;2 Trimestre
661785;2025.0;n;2.0;2025-02-16;MG;116;555,2;MANHUACU;Curva acentuada;Com Vítimas Feridas;3;Céu Claro;Pleno dia;domingo;Tombamento;Simples;0;0;-20,00911074;-42,14328403;Segura;Sudeste;1 Trimestre
659916;2025.0;n;2.0;2025-02-07;RJ;493;76;NOVA IGUACU;Reação tardia ou ineficiente do condutor;Com Vítimas Feridas;1;Céu Claro;Pleno dia;sexta-feira;Saída de leito carroçável;Dupla;0;0;-22,68815174;-43,49624634;Segura;Sudeste;1 Trimestre
616479;2024.0;n;7.0;2024-07-24;SC;282;218,9;LAGES;Suicídio (presumido);Com Vítimas Fatais;3;Céu Claro;Plena Noite;quarta-feira;Atropelamento de Pedestre;Múltipla;1;0;-27.79760951;-50.31116009;Perigosa;Sul;3 Trimestre
624752;2024.0;n;8.0;2024-08-31;PE;104;31;TORITAMA;Ultrapassagem Indevida;Com Vítimas Fatais;2;Céu Claro;Amanhecer;sábado;Colisão frontal;Simples;1;0;-8.0208;-36.0528;Perigosa;Nordeste;3 Trimestre
628609;2024.0;n;9.0;2024-09-16;MG;251;225;CACHOEIRA DE PAJEU;Demais falhas mecânicas ou elétricas;Sem Vítimas;2;Céu Claro;Plena Noite;segunda-feira;Incêndio;Simples;0;0;-15.95745824;-41.66304202;Segura;Sudeste;3 Trimestre
607010;2024.0;n;6.0;2024-06-12;BA;101;722,7;EUNAPOLIS;Reação tardia ou ineficiente do condutor;Sem Vítimas;1;Nevoeiro/Neblina;Plena Noite;quarta-feira;Eventos atípicos;Simples;0;0;-16.412333;-39.587207;Segura;Nordeste;2 Trimestre
652940;2025.0;n;1.0;2025-01-03;PR;277;451,5;LARANJEIRAS DO SUL;Desrespeitar a preferência no cruzamento;Com Vítimas Feridas;3;Céu Claro;Pleno dia;sexta-feira;Colisão transversal;Simples;0;1;-25,37488518;-52,38913178;Perigosa;Sul;1 Trimestre
623172;2024.0;n;8.0;2024-08-23;RJ;101;390;RIO DE JANEIRO;Estacionar ou parar em local proibido;Com Vítimas Feridas;3;Nublado;Plena Noite;sexta-feira;Colisão lateral mesmo sentido;Dupla;0;0;-22.89346927;-43.67542992;Segura;Sudeste;3 Trimestre
623215;2024.0;n;8.0;2024-08-23;MG;40;449,8;CAETANOPOLIS;Entrada inopinada do pedestre;Com Vítimas Fatais;3;Céu Claro;Plena Noite;sexta-feira;Colisão lateral mesmo sentido;Dupla;1;0;-19.30931885;-44.37278577;Perigosa;Sudeste;3 Trimestre
671304;2025.0;n;4.0;2025-04-03;MS;163;83;ITAQUIRAI;Demais falhas mecânicas ou elétricas;Sem Vítimas;3;Céu Claro;Pleno dia;quinta-feira;Incêndio;Simples;0;0;-23,43229293;-54,20594215;Segura;Centro-Oeste;2 Trimestre
656375;2025.0;n;1.0;2025-01-20;MG;381;526;BRUMADINHO;Pista Escorregadia;Sem Vítimas;6;Nublado;Plena Noite;segunda-feira;Colisão traseira;Dupla;0;0;-20,16175378;-44,34144636;Segura;Sudeste;1 Trimestre
601919;2024.0;n;3.0;2024-03-22;RJ;40;97;DUQUE DE CAXIAS;Mal súbito do condutor;Com Vítimas Fatais;2;Chuva;Pleno dia;sexta-feira;Saída de leito carroçável;Dupla;1;0;-22.57356181;-43.27802893;Perigosa;Sudeste;1 Trimestre
652863;2025.0;n;1.0;2025-01-03;RJ;101;401,2;ITAGUAI;Animais na Pista;Com Vítimas Feridas;1;Chuva;Plena Noite;sexta-feira;Atropelamento de Animal;Dupla;0;0;-22,84853075;-43,77998836;Segura;Sudeste;1 Trimestre
579669;2024.0;n;2.0;2024-02-07;ES;101;149,4;LINHARES;Carga excessiva e/ou mal acondicionada;Com Vítimas Feridas;5;Céu Claro;Plena Noite;quarta-feira;Colisão com objeto;Simples;0;1;-19.39619083;-40.06435871;Perigosa;Sudeste;1 Trimestre
591539;2024.0;n;4.0;2024-04-03;TO;153;701,5;CARIRI DO TOCANTINS;Acessar a via sem observar a presença dos outros veículos;Com Vítimas Fatais;3;Céu Claro;Pleno dia;quarta-feira;Colisão transversal;Simples;1;0;-11.9609026;-49.19947692;Perigosa;Norte;2 Trimestre
671458;2025.0;n;3.0;2025-03-24;SC;101;328,9;TUBARAO;Condutor deixou de manter distância do veículo da frente;Com Vítimas Feridas;4;Nublado;Pleno dia;segunda-feira;Colisão traseira;Dupla;0;1;-28,4509346;-48,97298271;Perigosa;Sul;1 Trimestre
654737;2025.0;n;1.0;2025-01-12;MT;364;119;RONDONOPOLIS;Ausência de reação do condutor;Com Vítimas Feridas;3;Céu Claro;Plena Noite;domingo;Saída de leito carroçável;Dupla;0;0;-16,49200358;-54,64681886;Segura;Centro-Oeste;1 Trimestre
686342;2025.0;n;4.0;2025-04-20;RS;293;182,5;BAGE;Reação tardia ou ineficiente do condutor;Com Vítimas Fatais;3;Céu Claro;Plena Noite;domingo;Colisão traseira;Simples;2;0;-31,2885698;-54,074471;Perigosa;Sul;2 Trimestre
662045;2025.0;n;2.0;2025-02-17;MG;116;518,2;UBAPORANGA;Manobra de mudança de faixa;Com Vítimas Fatais;4;Céu Claro;Pleno dia;segunda-feira;Colisão frontal;Simples;1;0;-19,71038379;-42,12370706;Perigosa;Sudeste;1 Trimestre
652929;2025.0;n;1.0;2025-01-03;BA;116;632;JAGUAQUARA;Ausência de reação do condutor;Com Vítimas Feridas;2;Sol;Pleno dia;sexta-feira;Colisão transversal;Simples;0;0;-13,46756485;-40,03652534;Segura;Nordeste;1 Trimestre
660643;2025.0;n;2.0;2025-02-11;SP;116;34;CRUZEIRO;Velocidade Incompatível;Sem Vítimas;1;Céu Claro;Plena Noite;terça-feira;Tombamento;Múltipla;0;0;-22,65447396;-44,95940103;Segura;Sudeste;1 Trimestre
588077;2024.0;n;3.0;2024-03-18;BA;116;16;VITORIA DA CONQUISTA;Ausência de reação do condutor;Com Vítimas Feridas;2;Céu Claro;Pleno dia;segunda-feira;Colisão traseira;Dupla;0;0;-14.902386;-40.847948;Segura;Nordeste;1 Trimestre
580365;2024.0;n;2.0;2024-02-10;MS;262;238;RIBAS DO RIO PARDO;Ultrapassagem Indevida;Com Vítimas Fatais;2;Céu Claro;Plena Noite;sábado;Colisão frontal;Simples;2;0;-20.4560229;-53.74643001;Perigosa;Centro-Oeste;1 Trimestre
600569;2024.0;n;5.0;2024-05-14;PE;423;48;CACHOEIRINHA;Ultrapassagem Indevida;Com Vítimas Feridas;2;Céu Claro;Plena Noite;terça-feira;Colisão transversal;Simples;0;2;-8.557818;-36.27539;Perigosa;Nordeste;2 Trimestre
673120;2025.0;n;4.0;2025-04-12;GO;452;142,5;BOM JESUS DE GOIAS;Condutor Dormindo;Com Vítimas Feridas;5;Céu Claro;Plena Noite;sábado;Colisão traseira;Simples;0;0;-18,25901148;-49,66948181;Segura;Centro-Oeste;2 Trimestre
582208;2024.0;n;2.0;2024-02-20;MT;364;200;RONDONOPOLIS;Acessar a via sem observar a presença dos outros veículos;Sem Vítimas;3;Céu Claro;Pleno dia;terça-feira;Colisão transversal;Simples;0;0;-16.49612525;-54.63849716;Segura;Centro-Oeste;1 Trimestre
592471;2024.0;n;4.0;2024-04-07;BA;116;672;JEQUIE;Desrespeitar a preferência no cruzamento;Com Vítimas Feridas;3;Céu Claro;Pleno dia;domingo;Colisão transversal;Simples;0;0;-13.79970305;-40.11130458;Segura;Nordeste;2 Trimestre
604489;2024.0;n;6.0;2024-06-01;SE;101;92,8;NOSSA SENHORA DO SOCORRO;Acessar a via sem observar a presença dos outros veículos;Com Vítimas Fatais;2;Garoa/Chuvisco;Plena Noite;sábado;Atropelamento de Pedestre;Dupla;1;0;-10.90169474;-37.13619222;Perigosa;Nordeste;2 Trimestre
578083;2024.0;n;1.0;2024-01-30;MG;365;685;MONTE ALEGRE DE MINAS;Velocidade Incompatível;Com Vítimas Feridas;4;Céu Claro;Pleno dia;terça-feira;Colisão traseira;Dupla;0;0;-18.86128507;-48.8629942;Segura;Sudeste;1 Trimestre
572221;2024.0;n;1.0;2024-01-02;SE;235;87,3;FREI PAULO;Transitar na contramão;Com Vítimas Fatais;3;Céu Claro;Plena Noite;terça-feira;Colisão frontal;Simples;1;0;-10.55439376;-37.63555527;Perigosa;Nordeste;1 Trimestre
600019;2024.0;n;5.0;2024-05-12;BA;101;258;SANTO ANTONIO DE JESUS;Ingestão de álcool pelo condutor;Com Vítimas Feridas;3;Sol;Pleno dia;domingo;Engavetamento;Simples;0;0;-13.04898597;-39.28532574;Segura;Nordeste;2 Trimestre
669773;2025.0;n;3.0;2025-03-26;RN;304;6,6;MOSSORO;Acumulo de óleo sobre o pavimento;Com Vítimas Feridas;3;Céu Claro;Plena Noite;quarta-feira;Saída de leito carroçável;Simples;0;0;-4,930558;-37,414938;Segura;Nordeste;1 Trimestre
600396;2024.0;n;5.0;2024-05-14;PE;101;206,5;XEXEU;Condutor Dormindo;Com Vítimas Feridas;4;Céu Claro;Plena Noite;terça-feira;Colisão traseira;Dupla;0;1;-8.81905901;-35.63955699;Perigosa;Nordeste;2 Trimestre
618804;2024.0;n;8.0;2024-08-03;PR;369;395;JURANDA;Acessar a via sem observar a presença dos outros veículos;Com Vítimas Feridas;3;Céu Claro;Pleno dia;sábado;Colisão transversal;Simples;0;1;-24.346916;-52.734025;Perigosa;Sul;3 Trimestre
573657;2024.0;n;1.0;2024-01-09;PR;277;233;FERNANDES PINHEIRO;Velocidade Incompatível;Com Vítimas Feridas;2;Céu Claro;Pleno dia;terça-feira;Tombamento;Simples;0;0;-25.46474006;-50.57376981;Segura;Sul;1 Trimestre
653603;2025.0;n;1.0;2025-01-06;RR;174;314;CARACARAI;Pedestre - Ingestão de álcool/ substâncias psicoativas;Com Vítimas Fatais;2;Céu Claro;Plena Noite;segunda-feira;Atropelamento de Pedestre;Simples;1;0;1,481293;-60,905197;Perigosa;Norte;1 Trimestre
574071;2024.0;n;1.0;2024-01-11;PI;316;101;BARRO DURO;Manobra de mudança de faixa;Com Vítimas Feridas;2;Nublado;Anoitecer;quinta-feira;Colisão lateral mesmo sentido;Simples;0;1;-5.83803464;-42.47945107;Perigosa;Nordeste;1 Trimestre
672589;2025.0;n;4.0;2025-04-09;SC;470;58,4;BLUMENAU;Trafegar com motocicleta (ou similar) entre as faixas;Com Vítimas Fatais;4;Céu Claro;Pleno dia;quarta-feira;Colisão traseira;Simples;1;0;-26,8841266;-49,1495;Perigosa;Sul;2 Trimestre
626724;2024.0;n;9.0;2024-09-08;RJ;116;190;NOVA IGUACU;Ultrapassagem Indevida;Com Vítimas Feridas;3;Sol;Pleno dia;domingo;Tombamento;Dupla;0;1;-22.74123776;-43.5007311;Perigosa;Sudeste;3 Trimestre
585382;2024.0;n;3.0;2024-03-06;ES;101;142,6;LINHARES;Transitar na contramão;Com Vítimas Feridas;5;Céu Claro;Pleno dia;quarta-feira;Colisão frontal;Múltipla;0;1;-19.33458987;-40.06755477;Perigosa;Sudeste;1 Trimestre
607157;2024.0;n;6.0;2024-06-13;PB;230;349,6;PATOS;Reação tardia ou ineficiente do condutor;Com Vítimas Fatais;1;Céu Claro;Pleno dia;quinta-feira;Colisão com objeto;Simples;1;0;-6.9504;-37.3885;Perigosa;Nordeste;2 Trimestre
594876;2024.0;n;4.0;2024-04-19;BA;324;462;CANDEAL;Ausência de reação do condutor;Com Vítimas Feridas;2;Céu Claro;Pleno dia;sexta-feira;Tombamento;Simples;0;1;-11.94031714;-39.21490307;Perigosa;Nordeste;2 Trimestre
607769;2024.0;n;6.0;2024-06-15;BA;116;360,6;SERRINHA;Ingestão de álcool pelo condutor;Com Vítimas Feridas;3;Nublado;Plena Noite;sábado;Colisão frontal;Simples;0;1;-11.67414115;-38.99714822;Perigosa;Nordeste;2 Trimestre
602482;2024.0;n;5.0;2024-05-14;BA;407;170;PONTO NOVO;Ingestão de álcool pelo condutor;Com Vítimas Feridas;2;Céu Claro;Plena Noite;terça-feira;Saída de leito carroçável;Simples;0;0;-10.83915097;-40.11345868;Segura;Nordeste;2 Trimestre
653321;2025.0;n;1.0;2025-01-05;RS;101;36,7;TRES CACHOEIRAS;Ausência de reação do condutor;Sem Vítimas;1;Céu Claro;Pleno dia;domingo;Colisão com objeto;Dupla;0;0;-29,52220183;-49,99975009;Segura;Sul;1 Trimestre
623324;2024.0;n;8.0;2024-08-24;SE;235;52;ITABAIANA;Ingestão de álcool pelo condutor;Sem Vítimas;2;Céu Claro;Pleno dia;sábado;Colisão traseira;Simples;0;0;-10.693279;-37.437557;Segura;Nordeste;3 Trimestre
591785;2024.0;n;4.0;2024-04-04;RJ;101;389,4;RIO DE JANEIRO;Acessar a via sem observar a presença dos outros veículos;Com Vítimas Fatais;2;Sol;Pleno dia;quinta-feira;Colisão transversal;Dupla;1;0;-22.89077885;-43.66684705;Perigosa;Sudeste;2 Trimestre
591656;2024.0;n;4.0;2024-04-03;RS;392;18;RIO GRANDE;Acessar a via sem observar a presença dos outros veículos;Com Vítimas Feridas;4;Chuva;Plena Noite;quarta-feira;Colisão traseira;Dupla;0;0;-32.09017991;-52.17651198;Segura;Sul;2 Trimestre
671517;2025.0;n;4.0;2025-04-04;PR;376;266,3;MARILANDIA DO SUL;Ausência de reação do condutor;Com Vítimas Fatais;2;Nublado;Pleno dia;sexta-feira;Colisão lateral mesmo sentido;Dupla;1;0;-23,71769851;-51,30914384;Perigosa;Sul;2 Trimestre