id;ano;feriado;mes;data_inversa;uf;br;km;municipio;causa_acidente;classificacao_acidente;veiculos;condicao_metereologica;fase_dia;dia_semana;tipo_acidente;tipo_pista;mortos;feridos_graves;latitude;longitude;status;regiao;periodo
624918;2024.0;n;8.0;2024-08-31;PA;163;530,9;TRAIRAO;Ausência de reação do condutor;Com Vítimas Fatais;4;Céu Claro;Pleno dia;sábado;Saída de leito carroçável;Simples;1;0;-5.30426053;-55.96884664;Perigosa;Norte;3 Trimestre
598964;2024.0;n;5.0;2024-05-08;SP;116;471,2;JACUPIRANGA;Ausência de reação do condutor;Com Vítimas Feridas;2;Céu Claro;Plena Noite;quarta-feira;Saída de leito carroçável;Dupla;0;0;-24.65864797;-47.96724403;Segura;Sudeste;2 Trimestre
671152;2025.0;n;4.0;2025-04-02;MG;251;491,2;FRANCISCO SA;Velocidade Incompatível;Com Vítimas Feridas;3;Céu Claro;Pleno dia;quarta-feira;Tombamento;Simples;0;0;-16,5354522;-43,5925436;Segura;Sudeste;2 Trimestre
579696;2024.0;n;2.0;2024-02-08;PR;116;52,9;CAMPINA GRANDE DO SUL;Demais falhas mecânicas ou elétricas;Com Vítimas Feridas;1;Céu Claro;Plena Noite;quinta-feira;Saída de leito carroçável;Dupla;0;0;-25.258775;-48.913625;Segura;Sul;1 Trimestre
593211;2024.0;n;4.0;2024-04-11;MT;364;352;SANTO ANTONIO DO LEVERGER;Demais falhas mecânicas ou elétricas;Sem Vítimas;2;Garoa/Chuvisco;Amanhecer;quinta-feira;Incêndio;Dupla;0;0;-15.80114637;-55.57413507;Segura;Centro-Oeste;2 Trimestre
574337;2024.0;n;1.0;2024-01-13;PR;376;671;GUARATUBA;Velocidade Incompatível;Com Vítimas Feridas;3;Garoa/Chuvisco;Plena Noite;sábado;Colisão traseira;Dupla;0;0;-25.885323;-48.935154;Segura;Sul;1 Trimestre
594800;2024.0;n;4.0;2024-04-18;RS;290;157;ARROIO DOS RATOS;Ultrapassagem Indevida;Com Vítimas Fatais;5;Céu Claro;Pleno dia;quinta-feira;Colisão frontal;Simples;1;1;-30.107643;-51.747883;Perigosa;Sul;2 Trimestre
593066;2024.0;n;4.0;2024-04-10;PR;277;37,9;MORRETES;Velocidade Incompatível;Com Vítimas Feridas;4;Sol;Pleno dia;quarta-feira;Capotamento;Dupla;0;0;-25.57496275;-48.85276794;Segura;Sul;2 Trimestre
613399;2024.0;n;7.0;2024-07-10;SP;116;3,9;QUELUZ;Condutor Dormindo;Sem Vítimas;2;Céu Claro;Pleno dia;quarta-feira;Saída de leito carroçável;Dupla;0;0;-22.52383208;-44.72621799;Segura;Sudeste;3 Trimestre
628368;2024.0;n;9.0;2024-09-15;PR;116;1,9;CAMPINA GRANDE DO SUL;Reação tardia ou ineficiente do condutor;Com Vítimas Feridas;2;Chuva;Anoitecer;domingo;Colisão com objeto;Dupla;0;0;-25.06647466;-48.5771656;Segura;Sul;3 Trimestre
619536;2024.0;n;8.0;2024-08-06;RJ;40;87;PETROPOLIS;Problema com o freio;Com Vítimas Feridas;3;Céu Claro;Pleno dia;terça-feira;Tombamento;Simples;0;0;-22.54413793;-43.23287799;Segura;Sudeste;3 Trimestre
584267;2024.0;n;3.0;2024-03-01;AL;316;85;SANTANA DO IPANEMA;Acessar a via sem observar a presença dos outros veículos;Com Vítimas Feridas;2;Céu Claro;Pleno dia;sexta-feira;Colisão transversal;Dupla;0;1;-9.36982836;-37.24347904;Perigosa;Nordeste;1 Trimestre
653097;2025.0;n;1.0;2025-01-04;TO;153;701,5;CARIRI DO TOCANTINS;Acessar a via sem observar a presença dos outros veículos;Com Vítimas Feridas;2;Céu Claro;Pleno dia;sábado;Colisão transversal;Simples;0;1;-11,9609026;-49,19947692;Perigosa;Norte;1 Trimestre
614527;2024.0;n;7.0;2024-07-15;SC;101;28,4;JOINVILLE;Acessar a via sem observar a presença dos outros veículos;Sem Vítimas;2;Chuva;Plena Noite;segunda-feira;Colisão traseira;Dupla;0;0;-26.20697505;-48.91482635;Segura;Sul;3 Trimestre
685779;2025.0;y;4.0;2025-04-18;AM;174;1098;PRESIDENTE FIGUEIREDO;Condutor Dormindo;Com Vítimas Feridas;2;Céu Claro;Amanhecer;sexta-feira;Saída de leito carroçável;Simples;0;1;-1,219086;-60,426847;Perigosa;Norte;2 Trimestre
659760;2025.0;n;2.0;2025-02-07;PE;316;39;ARARIPINA;Transitar na contramão;Com Vítimas Feridas;4;Nublado;Pleno dia;sexta-feira;Colisão frontal;Simples;0;0;-7,66360359;-40,40027781;Segura;Nordeste;1 Trimestre
588999;2024.0;n;3.0;2024-03-22;PE;104;66;CARUARU;Ultrapassagem Indevida;Com Vítimas Feridas;2;Céu Claro;Pleno dia;sexta-feira;Colisão lateral mesmo sentido;Simples;0;1;-8.2937;-35.9864;Perigosa;Nordeste;1 Trimestre
613303;2024.0;n;7.0;2024-07-09;PE;101;33,3;IGARASSU;Reação tardia ou ineficiente do condutor;Com Vítimas Feridas;2;Céu Claro;Plena Noite;terça-feira;Colisão traseira;Dupla;0;0;-7.761909;-34.935654;Segura;Nordeste;3 Trimestre
661546;2025.0;n;2.0;2025-02-15;SC;280;49,5;GUARAMIRIM;Carga excessiva e/ou mal acondicionada;Sem Vítimas;2;Céu Claro;Pleno dia;sábado;Derramamento de carga;Dupla;0;0;-26,45850039;-48,93692786;Segura;Sul;1 Trimestre
669406;2025.0;n;3.0;2025-03-24;PR;153;121,5;IBAITI;Velocidade Incompatível;Com Vítimas Fatais;1;Céu Claro;Plena Noite;segunda-feira;Tombamento;Simples;1;0;-23,93446631;-50,2397275;Perigosa;Sul;1 Trimestre
613014;2024.0;n;7.0;2024-07-08;PB;230;55;CRUZ DO ESPIRITO SANTO;Ausência de reação do condutor;Sem Vítimas;2;Céu Claro;Pleno dia;segunda-feira;Colisão transversal;Dupla;0;0;-7.2014;-35.0943;Segura;Nordeste;3 Trimestre
665924;2025.0;n;3.0;2025-03-08;ES;101;288,9;CARIACICA;Condutor deixou de manter distância do veículo da frente;Sem Vítimas;4;Nublado;Pleno dia;sábado;Colisão traseira;Simples;0;0;-20,27907962;-40,39276069;Segura;Sudeste;1 Trimestre
589131;2024.0;n;3.0;2024-03-22;MT;174;2;PONTES E LACERDA;Conversão proibida;Com Vítimas Feridas;2;Céu Claro;Plena Noite;sexta-feira;Colisão transversal;Simples;0;1;-15.226537;-59.335728;Perigosa;Centro-Oeste;1 Trimestre
573218;2024.0;n;1.0;2024-01-07;RO;364;12,8;VILHENA;Ingestão de álcool pelo condutor;Sem Vítimas;5;Céu Claro;Pleno dia;domingo;Colisão lateral sentido oposto;Dupla;0;0;-12.74370233;-60.12147609;Segura;Norte;1 Trimestre
660097;2025.0;n;2.0;2025-02-08;GO;50;112;CRISTALINA;Ingestão de álcool pelo condutor;Com Vítimas Feridas;3;Céu Claro;Pleno dia;sábado;Colisão lateral sentido oposto;Dupla;0;0;-16,9309;-47,7117;Segura;Centro-Oeste;1 Trimestre
590101;2024.0;n;3.0;2024-03-27;RS;392;241,3;CACAPAVA DO SUL;Afundamento ou ondulação no pavimento;Com Vítimas Feridas;6;Céu Claro;Pleno dia;quarta-feira;Colisão lateral sentido oposto;Simples;0;0;-30.60306196;-53.36876132;Segura;Sul;1 Trimestre
598976;2024.0;n;5.0;2024-05-08;MG;381;419,9;CAETE;Condutor Dormindo;Com Vítimas Feridas;3;Céu Claro;Pleno dia;quarta-feira;Colisão traseira;Dupla;0;1;-19.77066812;-43.64873289;Perigosa;Sudeste;2 Trimestre
584055;2024.0;n;2.0;2024-02-29;BA;116;588;NOVA ITARANA;Velocidade Incompatível;Com Vítimas Feridas;2;Céu Claro;Pleno dia;quinta-feira;Saída de leito carroçável;Simples;0;0;-13.12433084;-39.99106463;Segura;Nordeste;1 Trimestre
573817;2024.0;n;1.0;2024-01-10;RS;285;395,2;SANTA BARBARA DO SUL;Ultrapassagem Indevida;Com Vítimas Feridas;3;Céu Claro;Pleno dia;quarta-feira;Colisão frontal;Simples;0;2;-28.38822904;-53.27493668;Perigosa;Sul;1 Trimestre
595088;2024.0;n;4.0;2024-04-19;PR;163;291;MARECHAL CANDIDO RONDON;Demais falhas mecânicas ou elétricas;Sem Vítimas;3;Céu Claro;Pleno dia;sexta-feira;Incêndio;Simples;0;0;-24.5193983;-54.09529567;Segura;Sul;2 Trimestre
686434;2025.0;n;4.0;2025-04-17;MS;158;94,7;PARANAIBA;Ausência de reação do condutor;Com Vítimas Feridas;1;Céu Claro;Amanhecer;quinta-feira;Saída de leito carroçável;Dupla;0;0;-19,6836;-51,2004;Segura;Centro-Oeste;2 Trimestre
656033;2025.0;n;1.0;2025-01-19;MG;381;938;EXTREMA;Estacionar ou parar em local proibido;Com Vítimas Feridas;3;Chuva;Pleno dia;domingo;Colisão traseira;Dupla;0;0;-22,83909203;-46,32850893;Segura;Sudeste;1 Trimestre
660303;2025.0;n;2.0;2025-02-09;MG;262;419,2;IGARATINGA;Velocidade Incompatível;Com Vítimas Feridas;1;Céu Claro;Pleno dia;domingo;Capotamento;Dupla;0;0;-19,89448983;-44,70395989;Segura;Sudeste;1 Trimestre
618726;2024.0;n;8.0;2024-08-03;CE;304;46;ARACATI;Desrespeitar a preferência no cruzamento;Com Vítimas Feridas;3;Céu Claro;Pleno dia;sábado;Colisão transversal;Simples;0;0;-4.57510003;-37.79823699;Segura;Nordeste;3 Trimestre
664434;2025.0;n;2.0;2025-02-28;MT;364;493;JANGADA;Ausência de reação do condutor;Sem Vítimas;2;Nevoeiro/Neblina;Plena Noite;sexta-feira;Saída de leito carroçável;Simples;0;0;-15,25209577;-56,46728039;Segura;Centro-Oeste;1 Trimestre
657536;2025.0;n;1.0;2025-01-26;GO;20;11;FORMOSA;Reação tardia ou ineficiente do condutor;Com Vítimas Feridas;3;Céu Claro;Pleno dia;domingo;Colisão frontal;Simples;0;2;-15,562011;-47,257778;Perigosa;Centro-Oeste;1 Trimestre
662580;2025.0;n;2.0;2025-02-11;BA;324;533;FEIRA DE SANTANA;Reação tardia ou ineficiente do condutor;Com Vítimas Feridas;4;Céu Claro;Pleno dia;terça-feira;Engavetamento;Dupla;0;0;-12,34449694;-38,84017496;Segura;Nordeste;1 Trimestre
658152;2025.0;n;1.0;2025-01-30;MG;381;651;SANTO ANTONIO DO AMPARO;Ausência de reação do condutor;Com Vítimas Feridas;2;Nublado;Plena Noite;quinta-feira;Colisão lateral mesmo sentido;Dupla;0;0;-20,97575268;-44,93997846;Segura;Sudeste;1 Trimestre
580115;2024.0;n;2.0;2024-02-09;PR;277;609;SANTA TEREZA DO OESTE;Acessar a via sem observar a presença dos outros veículos;Com Vítimas Feridas;3;Céu Claro;Plena Noite;sexta-feira;Colisão transversal;Simples;0;0;-25.05068814;-53.62014234;Segura;Sul;1 Trimestre
586879;2024.0;n;3.0;2024-03-12;AL;101;120;SAO MIGUEL DOS CAMPOS;Problema com o freio;Sem Vítimas;1;Céu Claro;Plena Noite;terça-feira;Saída de leito carroçável;Dupla;0;0;-9.68088104;-36.03736984;Segura;Nordeste;1 Trimestre
653336;2025.0;n;1.0;2025-01-05;MG;262;535;LUZ;Reação tardia ou ineficiente do condutor;Com Vítimas Feridas;1;Céu Claro;Pleno dia;domingo;Saída de leito carroçável;Simples;0;0;-19,76767283;-45,78655243;Segura;Sudeste;1 Trimestre
611225;2024.0;n;7.0;2024-07-01;MG;262;766;UBERABA;Condutor Dormindo;Com Vítimas Fatais;2;Céu Claro;Pleno dia;segunda-feira;Colisão frontal;Simples;1;0;-19.666252;-47.602004;Perigosa;Sudeste;3 Trimestre
668388;2025.0;n;3.0;2025-03-20;SC;282;578;PINHALZINHO;Velocidade Incompatível;Com Vítimas Feridas;1;Sol;Pleno dia;quinta-feira;Saída de leito carroçável;Simples;0;0;-26,85819738;-52,97977567;Segura;Sul;1 Trimestre
685365;2025.0;n;4.0;2025-04-17;MG;267;170,9;LIMA DUARTE;Reação tardia ou ineficiente do condutor;Com Vítimas Feridas;2;Céu Claro;Amanhecer;quinta-feira;Colisão lateral sentido oposto;Simples;0;0;-21,85941267;-43,86171341;Segura;Sudeste;2 Trimestre
585027;2024.0;n;3.0;2024-03-04;RJ;40;114;DUQUE DE CAXIAS;Reação tardia ou ineficiente do condutor;Com Vítimas Feridas;5;Céu Claro;Plena Noite;segunda-feira;Colisão lateral mesmo sentido;Dupla;0;0;-22.71853604;-43.28993324;Segura;Sudeste;1 Trimestre
667702;2025.0;n;3.0;2025-03-16;PA;230;118;MARABA;Reação tardia ou ineficiente do condutor;Sem Vítimas;1;Nublado;Plena Noite;domingo;Colisão com objeto;Dupla;0;0;-5,35037348;-49,10905838;Segura;Norte;1 Trimestre
614827;2024.0;n;5.0;2024-05-30;BA;101;855,6;TEIXEIRA DE FREITAS;Condutor deixou de manter distância do veículo da frente;Com Vítimas Feridas;4;Nevoeiro/Neblina;Amanhecer;quinta-feira;Colisão traseira;Simples;0;0;-17.56169014;-39.72765176;Segura;Nordeste;2 Trimestre
666872;2025.0;n;3.0;2025-03-13;SP;116;348;MIRACATU;Demais falhas mecânicas ou elétricas;Sem Vítimas;2;Céu Claro;Plena Noite;quinta-feira;Incêndio;Dupla;0;0;-24,051111;-47,207778;Segura;Sudeste;1 Trimestre
587452;2024.0;n;3.0;2024-03-15;PI;343;589,9;FLORIANO;Ausência de reação do condutor;Com Vítimas Fatais;5;Nublado;Pleno dia;sexta-feira;Colisão traseira;Dupla;1;0;-6.776695;-43.009346;Perigosa;Nordeste;1 Trimestre
673488;2025.0;n;4.0;2025-04-10;DF;20;53;BRASILIA;Velocidade Incompatível;Com Vítimas Feridas;4;Céu Claro;Pleno dia;quinta-feira;Colisão transversal;Dupla;0;0;-15,581864;-47,521973;Segura;Centro-Oeste;2 Trimestre
607406;2024.0;n;6.0;2024-06-14;MS;163;726,7;COXIM;Acessar a via sem observar a presença dos outros veículos;Com Vítimas Feridas;5;Céu Claro;Pleno dia;sexta-feira;Colisão transversal;Simples;0;0;-18.54433098;-54.74667804;Segura;Centro-Oeste;2 Trimestre
688076;2025.0;n;4.0;2025-04-29;SP;116;227;GUARULHOS;Condutor deixou de manter distância do veículo da frente;Sem Vítimas;3;Céu Claro;Pleno dia;terça-feira;Tombamento;Múltipla;0;0;-23,49618577;-46,55596423;Segura;Sudeste;2 Trimestre
610534;2024.0;n;6.0;2024-06-28;RS;448;9;CANOAS;Manobra de mudança de faixa;Com Vítimas Feridas;4;Céu Claro;Pleno dia;sexta-feira;Colisão lateral mesmo sentido;Dupla;0;0;-29.896093;-51.244072;Segura;Sul;2 Trimestre
591680;2024.0;n;4.0;2024-04-04;PR;163;175,2;LINDOESTE;Velocidade Incompatível;Com Vítimas Feridas;2;Céu Claro;Pleno dia;quinta-feira;Saída de leito carroçável;Dupla;0;0;-25.21734703;-53.59537645;Segura;Sul;2 Trimestre
610116;2024.0;n;6.0;2024-06-26;MG;381;177;GOVERNADOR VALADARES;Transitar na contramão;Com Vítimas Feridas;3;Céu Claro;Amanhecer;quarta-feira;Colisão frontal;Simples;0;0;-19.00964517;-42.13648886;Segura;Sudeste;2 Trimestre
686417;2025.0;y;4.0;2025-04-21;MG;381;433,6;SABARA;Ausência de reação do condutor;Com Vítimas Feridas;3;Céu Claro;Pleno dia;segunda-feira;Colisão traseira;Simples;0;0;-19,788359;-43,731115;Segura;Sudeste;2 Trimestre
667051;2025.0;n;3.0;2025-03-13;MG;251;326;FRUTA DE LEITE;Ultrapassagem Indevida;Sem Vítimas;2;Céu Claro;Pleno dia;quinta-feira;Colisão lateral sentido oposto;Simples;0;0;-16,215697;-42,365461;Segura;Sudeste;1 Trimestre
574561;2024.0;n;1.0;2024-01-14;MG;381;499;BETIM;Ausência de reação do condutor;Com Vítimas Feridas;2;Chuva;Plena Noite;domingo;Colisão traseira;Dupla;0;0;-20.01792651;-44.2261448;Segura;Sudeste;1 Trimestre
581094;2024.0;n;2.0;2024-02-14;RN;304;24;MOSSORO;Ausência de reação do condutor;Com Vítimas Feridas;3;Céu Claro;Pleno dia;quarta-feira;Engavetamento;Simples;0;0;-5.06488233;-37.33287055;Segura;Nordeste;1 Trimestre
663782;2025.0;n;2.0;2025-02-26;SC;101;356;SANGAO;Manobra de mudança de faixa;Com Vítimas Feridas;2;Céu Claro;Pleno dia;quarta-feira;Saída de leito carroçável;Dupla;0;0;-28,6282017;-49,08490509;Segura;Sul;1 Trimestre
611712;2024.0;n;7.0;2024-07-03;SP;116;125,4;CACAPAVA;Ingestão de substâncias psicoativas pelo condutor;Com Vítimas Feridas;4;Céu Claro;Amanhecer;quarta-feira;Colisão lateral mesmo sentido;Dupla;0;0;-23.09863862;-45.6858105;Segura;Sudeste;3 Trimestre
685606;2025.0;n;4.0;2025-04-17;PR;277;111,2;CAMPO LARGO;Condutor deixou de manter distância do veículo da frente;Com Vítimas Feridas;5;Céu Claro;Plena Noite;quinta-feira;Engavetamento;Dupla;0;0;-25,439543;-49,4008;Segura;Sul;2 Trimestre
603496;2024.0;n;5.0;2024-05-28;RJ;101;286,9;ITABORAI;Condutor deixou de manter distância do veículo da frente;Com Vítimas Feridas;1;Nublado;Amanhecer;terça-feira;Colisão traseira;Dupla;0;0;-22.75409331;-42.82491696;Segura;Sudeste;2 Trimestre
625583;2024.0;n;9.0;2024-09-03;RO;364;449;JARU;Demais falhas mecânicas ou elétricas;Sem Vítimas;4;Sol;Pleno dia;terça-feira;Incêndio;Simples;0;0;-10.30504704;-62.64639803;Segura;Norte;3 Trimestre
608461;2024.0;n;6.0;2024-06-18;PR;369;395,9;JURANDA;Acessar a via sem observar a presença dos outros veículos;Com Vítimas Feridas;3;Céu Claro;Plena Noite;terça-feira;Colisão traseira;Simples;0;0;-24.347564;-52.735039;Segura;Sul;2 Trimestre
628650;2024.0;n;9.0;2024-09-17;SC;101;126;ITAJAI;Condutor deixou de manter distância do veículo da frente;Com Vítimas Feridas;2;Nublado;Pleno dia;terça-feira;Colisão traseira;Dupla;0;0;-26.95564404;-48.67978366;Segura;Sul;3 Trimestre
656214;2025.0;n;1.0;2025-01-20;PE;232;409;SERRA TALHADA;Acessar a via sem observar a presença dos outros veículos;Sem Vítimas;3;Céu Claro;Pleno dia;segunda-feira;Colisão transversal;Simples;0;0;-7,981944;-38,289467;Segura;Nordeste;1 Trimestre
573644;2024.0;n;1.0;2024-01-09;SP;153;119,9;UBARANA;Desrespeitar a preferência no cruzamento;Com Vítimas Feridas;2;Céu Claro;Plena Noite;terça-feira;Colisão transversal;Dupla;0;1;-21.16208007;-49.71112986;Perigosa;Sudeste;1 Trimestre
587529;2024.0;n;3.0;2024-03-15;PR;277;484,1;NOVA LARANJEIRAS;Velocidade Incompatível;Com Vítimas Feridas;2;Céu Claro;Pleno dia;sexta-feira;Tombamento;Simples;0;1;-25.25887975;-52.62859052;Perigosa;Sul;1 Trimestre
594929;2024.0;n;4.0;2024-04-19;ES;262;137;BREJETUBA;Ingestão de álcool pelo condutor;Sem Vítimas;3;Céu Claro;Pleno dia;sexta-feira;Colisão lateral sentido oposto;Simples;0;0;-20.23526078;-41.34327555;Segura;Sudeste;2 Trimestre
591793;2024.0;n;4.0;2024-04-04;MG;262;478;BOM DESPACHO;Demais falhas mecânicas ou elétricas;Sem Vítimas;2;Sol;Pleno dia;quinta-feira;Incêndio;Simples;0;0;-19.78501;-45.27422;Segura;Sudeste;2 Trimestre
620352;2024.0;n;8.0;2024-08-10;GO;50;114;CRISTALINA;Ausência de reação do condutor;Com Vítimas Feridas;1;Sol;Pleno dia;sábado;Tombamento;Dupla;0;0;-16.9309;-47.7117;Segura;Centro-Oeste;3 Trimestre
668148;2025.0;n;3.0;2025-03-18;MG;262;539;LUZ;Velocidade Incompatível;Com Vítimas Feridas;2;Céu Claro;Plena Noite;terça-feira;Saída de leito carroçável;Simples;0;1;-19,746465;-45,824668;Perigosa;Sudeste;1 Trimestre
607607;2024.0;n;6.0;2024-06-15;MS;163;729,5;COXIM;Suicídio (presumido);Com Vítimas Fatais;3;Céu Claro;Pleno dia;sábado;Colisão frontal;Simples;1;0;-18.5185741;-54.73823162;Perigosa;Centro-Oeste;2 Trimestre
675932;2025.0;n;4.0;2025-04-16;MG;40;528;CONTAGEM;Condutor deixou de manter distância do veículo da frente;Com Vítimas Feridas;2;Céu Claro;Pleno dia;quarta-feira;Colisão com objeto;Dupla;0;1;-19,908714;-44,044805;Perigosa;Sudeste;2 Trimestre
599690;2024.0;n;5.0;2024-05-11;MG;381;817,5;CAREACU;Velocidade Incompatível;Com Vítimas Feridas;4;Céu Claro;Amanhecer;sábado;Colisão traseira;Dupla;0;0;-22.09779644;-45.71786074;Segura;Sudeste;2 Trimestre
594603;2024.0;n;4.0;2024-04-17;MA;222;313;IGARAPE DO MEIO;Reação tardia ou ineficiente do condutor;Sem Vítimas;2;Céu Claro;Pleno dia;quarta-feira;Colisão traseira;Simples;0;0;-3.58689479;-45.03354549;Segura;Nordeste;2 Trimestre
591837;2024.0;n;4.0;2024-04-04;BA;116;25;VITORIA DA CONQUISTA;Condutor deixou de manter distância do veículo da frente;Com Vítimas Feridas;7;Nublado;Pleno dia;quinta-feira;Colisão traseira;Simples;0;1;-14.856579;-40.797833;Perigosa;Nordeste;2 Trimestre
602053;2024.0;n;4.0;2024-04-08;RJ;116;173;SAO JOAO DE MERITI;Ausência de reação do condutor;Com Vítimas Feridas;2;Céu Claro;Pleno dia;segunda-feira;Colisão traseira;Dupla;0;0;-22.806286;-43.3348882;Segura;Sudeste;2 Trimestre
582681;2024.0;n;2.0;2024-02-22;BA;101;129;TEODORO SAMPAIO;Demais falhas mecânicas ou elétricas;Sem Vítimas;2;Céu Claro;Pleno dia;quinta-feira;Incêndio;Simples;0;0;-12.21503896;-38.61801714;Segura;Nordeste;1 Trimestre
654807;2025.0;n;1.0;2025-01-12;BA;116;302;TUCANO;Condutor Dormindo;Com Vítimas Feridas;2;Céu Claro;Plena Noite;domingo;Saída de leito carroçável;Simples;0;0;-11,19154404;-38,86778691;Segura;Nordeste;1 Trimestre
663285;2025.0;n;2.0;2025-02-23;MG;116;453,1;ENGENHEIRO CALDAS;Condutor Dormindo;Com Vítimas Feridas;1;Céu Claro;Plena Noite;domingo;Saída de leito carroçável;Simples;0;1;-19,178839;-42,037426;Perigosa;Sudeste;1 Trimestre
618243;2024.0;n;8.0;2024-08-01;MG;381;516;IGARAPE;Velocidade Incompatível;Com Vítimas Feridas;6;Céu Claro;Pleno dia;quinta-feira;Colisão lateral mesmo sentido;Dupla;0;0;-20.10866993;-44.31488799;Segura;Sudeste;3 Trimestre
672645;2025.0;n;4.0;2025-04-09;PE;316;249,8;BELEM DE SAO FRANCISCO;Curva acentuada;Sem Vítimas;1;Céu Claro;Anoitecer;quarta-feira;Tombamento;Simples;0;0;-8,677267;-38,971852;Segura;Nordeste;2 Trimestre
653313;2025.0;n;1.0;2025-01-05;MG;116;805;ALEM PARAIBA;Ausência de reação do condutor;Sem Vítimas;2;Céu Claro;Pleno dia;domingo;Colisão lateral mesmo sentido;Simples;0;0;-21,79939622;-42,70870435;Segura;Sudeste;1 Trimestre
686397;2025.0;y;4.0;2025-04-21;MG;381;360;JOAO MONLEVADE;Condutor Dormindo;Com Vítimas Feridas;6;Céu Claro;Pleno dia;segunda-feira;Saída de leito carroçável;Simples;0;1;-19,84081255;-43,19789886;Perigosa;Sudeste;2 Trimestre
588790;2024.0;n;3.0;2024-03-21;SP;116;210;GUARULHOS;Demais falhas mecânicas ou elétricas;Com Vítimas Feridas;3;Céu Claro;Pleno dia;quinta-feira;Colisão com objeto;Dupla;0;0;-23.42870023;-46.41085991;Segura;Sudeste;1 Trimestre
629722;2024.0;n;9.0;2024-09-21;BA;324;557;SANTO AMARO;Ultrapassagem Indevida;Com Vítimas Feridas;2;Céu Claro;Plena Noite;sábado;Colisão traseira;Dupla;0;0;-12.47640414;-38.6752181;Segura;Nordeste;3 Trimestre
614785;2024.0;n;7.0;2024-07-16;PR;376;616,4;SAO JOSE DOS PINHAIS;Ultrapassagem Indevida;Com Vítimas Fatais;6;Nublado;Pleno dia;terça-feira;Eventos atípicos;Dupla;1;0;-25.57583659;-49.17953679;Perigosa;Sul;3 Trimestre
585654;2024.0;n;3.0;2024-03-07;PB;230;133,4;CAMPINA GRANDE;Condutor Dormindo;Com Vítimas Feridas;2;Céu Claro;Pleno dia;quinta-feira;Colisão com objeto;Dupla;0;0;-7.2767;-35.7464;Segura;Nordeste;1 Trimestre
605648;2024.0;n;6.0;2024-06-07;SC;470;62,5;INDAIAL;Velocidade Incompatível;Com Vítimas Feridas;1;Céu Claro;Plena Noite;sexta-feira;Saída de leito carroçável;Simples;0;0;-26.8743538;-49.18875217;Segura;Sul;2 Trimestre
672373;2025.0;n;4.0;2025-04-08;MT;163;842;SINOP;Reação tardia ou ineficiente do condutor;Com Vítimas Feridas;9;Céu Claro;Pleno dia;terça-feira;Colisão lateral sentido oposto;Simples;0;0;-11,79710008;-55,47851086;Segura;Centro-Oeste;2 Trimestre
573812;2024.0;n;1.0;2024-01-10;SP;116;229;GUARULHOS;Reação tardia ou ineficiente do condutor;Com Vítimas Feridas;2;Nublado;Anoitecer;quarta-feira;Colisão lateral mesmo sentido;Múltipla;0;0;-23.51291902;-46.57604698;Segura;Sudeste;1 Trimestre
666869;2025.0;n;3.0;2025-03-13;ES;101;171,7;LINHARES;Condutor Dormindo;Com Vítimas Feridas;4;Céu Claro;Plena Noite;quinta-feira;Colisão com objeto;Simples;0;0;-19,4128856;-40,03820038;Segura;Sudeste;1 Trimestre
622837;2024.0;n;8.0;2024-08-22;BA;101;136;TEODORO SAMPAIO;Demais falhas mecânicas ou elétricas;Com Vítimas Feridas;1;Céu Claro;Pleno dia;quinta-feira;Saída de leito carroçável;Simples;0;0;-12.26146936;-38.65505285;Segura;Nordeste;3 Trimestre
622720;2024.0;n;8.0;2024-08-21;MT;163;891;CLAUDIA;Reação tardia ou ineficiente do condutor;Sem Vítimas;4;Céu Claro;Pleno dia;quarta-feira;Tombamento;Simples;0;0;-11.50952796;-55.37512807;Segura;Centro-Oeste;3 Trimestre
627592;2024.0;n;9.0;2024-09-12;MT;163;834;SINOP;Acessar a via sem observar a presença dos outros veículos;Sem Vítimas;3;Céu Claro;Plena Noite;quinta-feira;Colisão lateral mesmo sentido;Dupla;0;0;-11.86646272;-55.49684644;Segura;Centro-Oeste;3 Trimestre
654359;2025.0;n;1.0;2025-01-11;PR;376;544,9;PALMEIRA;Condutor deixou de manter distância do veículo da frente;Sem Vítimas;3;Nublado;Amanhecer;sábado;Colisão traseira;Dupla;0;0;-25,3896226;-49,7997308;Segura;Sul;1 Trimestre
603255;2024.0;n;5.0;2024-05-27;MG;354;735;POUSO ALTO;Condutor Dormindo;Com Vítimas Feridas;2;Nublado;Plena Noite;segunda-feira;Colisão frontal;Simples;0;1;-22.19645715;-44.97441512;Perigosa;Sudeste;2 Trimestre
653133;2025.0;n;1.0;2025-01-04;SC;101;353,4;JAGUARUNA;Ausência de reação do condutor;Com Vítimas Feridas;2;Céu Claro;Pleno dia;sábado;Colisão traseira;Dupla;0;0;-28,61232036;-49,06197674;Segura;Sul;1 Trimestre
653349;2025.0;n;1.0;2025-01-05;MT;174;478;COMODORO;Acumulo de água sobre o pavimento;Com Vítimas Feridas;2;Chuva;Pleno dia;domingo;Colisão frontal;Simples;0;0;-13,726515;-59,77919903;Segura;Centro-Oeste;1 Trimestre
686769;2025.0;n;4.0;2025-04-22;GO;452;47,7;RIO VERDE;Demais falhas mecânicas ou elétricas;Sem Vítimas;2;Céu Claro;Pleno dia;terça-feira;Incêndio;Simples;0;0;-17,959512;-50,49632;Segura;Centro-Oeste;2 Trimestre