id;ano;feriado;mes;data_inversa;uf;br;km;municipio;causa_acidente;classificacao_acidente;veiculos;condicao_metereologica;fase_dia;dia_semana;tipo_acidente;tipo_pista;mortos;feridos_graves;latitude;longitude;status;regiao;periodo
612947;2024.0;n;7.0;2024-07-08;RJ;101;422;MANGARATIBA;Velocidade Incompatível;Com Vítimas Fatais;5;Chuva;Pleno dia;segunda-feira;Colisão frontal;Simples;1;0;-22.91608393;-43.94022903;Perigosa;Sudeste;3 Trimestre
594810;2024.0;n;4.0;2024-04-18;MG;40;510;RIBEIRAO DAS NEVES;Chuva;Com Vítimas Feridas;2;Chuva;Plena Noite;quinta-feira;Tombamento;Dupla;0;0;-19.77463885;-44.12321882;Segura;Sudeste;2 Trimestre
597976;2024.0;n;5.0;2024-05-03;PR;116;32;CAMPINA GRANDE DO SUL;Ausência de reação do condutor;Com Vítimas Feridas;2;Céu Claro;Pleno dia;sexta-feira;Tombamento;Dupla;0;0;-25.10497579;-48.83973903;Segura;Sul;2 Trimestre
673507;2025.0;n;4.0;2025-04-13;MG;365;10,1;MONTES CLAROS;Velocidade Incompatível;Com Vítimas Feridas;4;Céu Claro;Plena Noite;domingo;Colisão transversal;Múltipla;0;0;-16,87736617;-43,99901378;Segura;Sudeste;2 Trimestre
595628;2024.0;n;4.0;2024-04-22;CE;222;301;TIANGUA;Condutor Dormindo;Com Vítimas Fatais;1;Céu Claro;Amanhecer;segunda-feira;Saída de leito carroçável;Simples;1;0;-3.66159701;-40.940041;Perigosa;Nordeste;2 Trimestre
573675;2024.0;n;1.0;2024-01-09;PI;230;195;OEIRAS;Ausência de reação do condutor;Com Vítimas Feridas;2;Céu Claro;Plena Noite;terça-feira;Colisão traseira;Simples;0;0;-7.002869;-42.116242;Segura;Nordeste;1 Trimestre
686097;2025.0;n;4.0;2025-04-20;PB;230;66,3;SAO MIGUEL DE TAIPU;Demais falhas mecânicas ou elétricas;Sem Vítimas;2;Chuva;Amanhecer;domingo;Saída de leito carroçável;Dupla;0;0;-7,18618485;-35,19326448;Segura;Nordeste;2 Trimestre
582007;2024.0;n;2.0;2024-02-19;MS;262;44;TRES LAGOAS;Transitar na contramão;Com Vítimas Feridas;3;Nublado;Pleno dia;segunda-feira;Colisão frontal;Simples;0;0;-20.76617504;-52.00534801;Segura;Centro-Oeste;1 Trimestre
618053;2024.0;n;7.0;2024-07-31;MG;40;526,6;CONTAGEM;Manobra de mudança de faixa;Com Vítimas Feridas;2;Céu Claro;Pleno dia;quarta-feira;Colisão traseira;Simples;0;1;-19.89255399;-44.04985478;Perigosa;Sudeste;3 Trimestre
585899;2024.0;n;3.0;2024-03-08;RJ;465;11;SEROPEDICA;Manobra de mudança de faixa;Com Vítimas Fatais;3;Nublado;Pleno dia;sexta-feira;Colisão lateral sentido oposto;Simples;1;0;-22.784172;-43.656998;Perigosa;Sudeste;1 Trimestre
653199;2025.0;n;1.0;2025-01-04;MG;381;498;BETIM;Velocidade Incompatível;Com Vítimas Feridas;2;Nublado;Plena Noite;sábado;Colisão traseira;Dupla;0;0;-19,99032851;-44,20567989;Segura;Sudeste;1 Trimestre
590220;2024.0;n;3.0;2024-03-28;CE;20;98;TAUA;Reação tardia ou ineficiente do condutor;Com Vítimas Fatais;1;Céu Claro;Plena Noite;quinta-feira;Saída de leito carroçável;Simples;1;1;-5.90768931;-40.19823977;Perigosa;Nordeste;1 Trimestre
652944;2025.0;n;1.0;2025-01-03;MS;158;131,3;APARECIDA DO TABOADO;Ultrapassagem Indevida;Com Vítimas Fatais;2;Céu Claro;Pleno dia;sexta-feira;Colisão frontal;Simples;1;1;-19,95497014;-51,1058916;Perigosa;Centro-Oeste;1 Trimestre
586666;2024.0;n;3.0;2024-03-11;RJ;493;22,6;MAGE;Transitar na contramão;Com Vítimas Feridas;3;Céu Claro;Plena Noite;segunda-feira;Colisão frontal;Simples;0;0;-22.659311;-43.053303;Segura;Sudeste;1 Trimestre
575868;2024.0;n;1.0;2024-01-20;PE;407;121,5;PETROLINA;Transitar na contramão;Sem Vítimas;3;Céu Claro;Plena Noite;sábado;Colisão lateral sentido oposto;Simples;0;0;-9.34588493;-40.55509788;Segura;Nordeste;1 Trimestre
593197;2024.0;n;4.0;2024-04-10;MG;116;718,9;MURIAE;Velocidade Incompatível;Com Vítimas Feridas;3;Nublado;Plena Noite;quarta-feira;Tombamento;Simples;0;1;-21.23975947;-42.39292687;Perigosa;Sudeste;2 Trimestre
653527;2025.0;n;1.0;2025-01-06;SP;116;154,1;SAO JOSE DOS CAMPOS;Trafegar com motocicleta (ou similar) entre as faixas;Com Vítimas Feridas;2;Sol;Pleno dia;segunda-feira;Colisão lateral mesmo sentido;Dupla;0;1;-23,23903999;-45,92061901;Perigosa;Sudeste;1 Trimestre
591310;2024.0;n;4.0;2024-04-02;RJ;116;304;RESENDE;Ausência de reação do condutor;Com Vítimas Feridas;3;Nublado;Amanhecer;terça-feira;Colisão traseira;Dupla;0;0;-22.4550412;-44.38649998;Segura;Sudeste;2 Trimestre
593516;2024.0;n;4.0;2024-04-12;BA;116;376,1;SANTA BARBARA;Reação tardia ou ineficiente do condutor;Com Vítimas Feridas;3;Céu Claro;Pleno dia;sexta-feira;Colisão traseira;Simples;0;1;-11.818;-38.9773;Perigosa;Nordeste;2 Trimestre
596370;2024.0;n;3.0;2024-03-04;PI;343;345;TERESINA;Acessar a via sem observar a presença dos outros veículos;Com Vítimas Feridas;2;Nublado;Pleno dia;segunda-feira;Colisão transversal;Simples;0;1;-5.102889;-42.766506;Perigosa;Nordeste;1 Trimestre
581773;2024.0;n;2.0;2024-02-17;PR;376;655;TIJUCAS DO SUL;Velocidade Incompatível;Com Vítimas Feridas;2;Nublado;Plena Noite;sábado;Tombamento;Simples;0;0;-25.840147;-49.029841;Segura;Sul;1 Trimestre
673061;2025.0;n;4.0;2025-04-11;PR;476;309;PAULO FRONTIN;Pista esburacada;Com Vítimas Feridas;3;Céu Claro;Pleno dia;sexta-feira;Saída de leito carroçável;Simples;0;0;-26,03457403;-50,68130493;Segura;Sul;2 Trimestre
592534;2024.0;n;4.0;2024-04-07;MS;158;92;PARANAIBA;Reação tardia ou ineficiente do condutor;Com Vítimas Feridas;2;Chuva;Plena Noite;domingo;Saída de leito carroçável;Dupla;0;0;-19.66558599;-51.20420823;Segura;Centro-Oeste;2 Trimestre
573874;2024.0;n;1.0;2024-01-10;GO;20;185,3;SIMOLANDIA;Condutor Dormindo;Com Vítimas Feridas;3;Nublado;Plena Noite;quarta-feira;Tombamento;Dupla;0;0;-14.443042;-46.462242;Segura;Centro-Oeste;1 Trimestre
607035;2024.0;n;6.0;2024-06-12;MG;381;6;BETIM;Velocidade Incompatível;Com Vítimas Feridas;4;Sol;Pleno dia;quarta-feira;Colisão lateral mesmo sentido;Múltipla;0;0;-19.9871021;-44.20001507;Segura;Sudeste;2 Trimestre
593534;2024.0;n;4.0;2024-04-12;SC;470;130;LONTRAS;Acessar a via sem observar a presença dos outros veículos;Com Vítimas Feridas;3;Garoa/Chuvisco;Plena Noite;sexta-feira;Colisão transversal;Simples;0;0;-27.16052882;-49.55660105;Segura;Sul;2 Trimestre
597466;2024.0;n;4.0;2024-04-30;BA;135;74;RIACHAO DAS NEVES;Ausência de reação do condutor;Com Vítimas Feridas;3;Céu Claro;Pleno dia;terça-feira;Colisão traseira;Simples;0;0;-11.34491004;-44.93330702;Segura;Nordeste;2 Trimestre
618356;2024.0;n;8.0;2024-08-01;PI;343;324,6;TERESINA;Transitar na contramão;Com Vítimas Fatais;2;Céu Claro;Plena Noite;quinta-feira;Colisão frontal;Simples;1;0;-5.061587;-42.60183;Perigosa;Nordeste;3 Trimestre
687448;2025.0;n;4.0;2025-04-26;PA;316;63;CASTANHAL;Acessar a via sem observar a presença dos outros veículos;Com Vítimas Feridas;4;Nublado;Pleno dia;sábado;Colisão lateral mesmo sentido;Dupla;0;0;-1,2967;-47,9279;Segura;Norte;2 Trimestre
581275;2024.0;n;2.0;2024-02-15;PR;116;40;CAMPINA GRANDE DO SUL;Frear bruscamente;Com Vítimas Feridas;4;Garoa/Chuvisco;Pleno dia;quinta-feira;Colisão traseira;Múltipla;0;0;-25.16445203;-48.86237697;Segura;Sul;1 Trimestre
605962;2024.0;n;6.0;2024-06-08;BA;116;919;ENCRUZILHADA;Velocidade Incompatível;Com Vítimas Feridas;2;Céu Claro;Pleno dia;sábado;Tombamento;Simples;0;1;-15.588113;-41.280912;Perigosa;Nordeste;2 Trimestre
669182;2025.0;n;3.0;2025-03-24;RJ;101;495;ANGRA DOS REIS;Chuva;Com Vítimas Feridas;2;Chuva;Plena Noite;segunda-feira;Colisão traseira;Simples;0;0;-22,93678;-44,31797;Segura;Sudeste;1 Trimestre
662258;2025.0;n;2.0;2025-02-18;MG;116;665,4;SAO FRANCISCO DO GLORIA;Curva acentuada;Com Vítimas Fatais;2;Céu Claro;Plena Noite;terça-feira;Tombamento;Simples;1;0;-20,83441437;-42,32220238;Perigosa;Sudeste;1 Trimestre
585171;2024.0;n;3.0;2024-03-05;PR;369;354,9;CAMPO MOURAO;Manobra de mudança de faixa;Com Vítimas Fatais;3;Céu Claro;Pleno dia;terça-feira;Colisão frontal;Simples;2;0;-24.15504;-52.4651;Perigosa;Sul;1 Trimestre
652865;2025.0;n;1.0;2025-01-03;MG;381;484,5;BETIM;Acumulo de água sobre o pavimento;Com Vítimas Feridas;3;Chuva;Plena Noite;sexta-feira;Saída de leito carroçável;Múltipla;0;1;-19,95838414;-44,09173965;Perigosa;Sudeste;1 Trimestre
579087;2024.0;n;2.0;2024-02-05;MG;251;330,3;FRUTA DE LEITE;Condutor Dormindo;Com Vítimas Feridas;2;Nublado;Plena Noite;segunda-feira;Saída de leito carroçável;Simples;0;1;-16.24625819;-42.38203526;Perigosa;Sudeste;1 Trimestre
576645;2024.0;n;1.0;2024-01-15;MT;364;493;JANGADA;Ultrapassagem Indevida;Com Vítimas Feridas;8;Céu Claro;Pleno dia;segunda-feira;Colisão frontal;Simples;0;0;-15.30106797;-56.43607915;Segura;Centro-Oeste;1 Trimestre
595733;2024.0;n;4.0;2024-04-22;BA;116;10;ABARE;Faixas de trânsito com largura insuficiente;Sem Vítimas;4;Céu Claro;Pleno dia;segunda-feira;Colisão lateral mesmo sentido;Simples;0;0;-8.704946;-39.260635;Segura;Nordeste;2 Trimestre
653312;2025.0;n;1.0;2025-01-05;ES;101;66;SAO MATEUS;Condutor deixou de manter distância do veículo da frente;Com Vítimas Feridas;2;Chuva;Pleno dia;domingo;Colisão traseira;Múltipla;0;0;-18,7165195;-39,87436378;Segura;Sudeste;1 Trimestre
659549;2025.0;n;2.0;2025-02-06;PR;369;482,9;CORBELIA;Manobra de mudança de faixa;Com Vítimas Feridas;3;Céu Claro;Pleno dia;quinta-feira;Colisão lateral mesmo sentido;Dupla;0;0;-24,78175;-53,29141;Segura;Sul;1 Trimestre
599077;2024.0;n;5.0;2024-05-08;TO;153;160;ARAGUAINA;Estacionar ou parar em local proibido;Com Vítimas Feridas;5;Céu Claro;Pleno dia;quarta-feira;Colisão lateral sentido oposto;Simples;0;0;-7.32115694;-48.3055211;Segura;Norte;2 Trimestre
578914;2024.0;n;2.0;2024-02-04;MT;163;768;SORRISO;Transitar na contramão;Com Vítimas Feridas;7;Céu Claro;Pleno dia;domingo;Colisão frontal;Simples;0;1;-12.53807594;-55.70640432;Perigosa;Centro-Oeste;1 Trimestre
664984;2025.0;n;3.0;2025-03-03;PR;277;721,6;FOZ DO IGUACU;Desrespeitar a preferência no cruzamento;Com Vítimas Feridas;3;Sol;Pleno dia;segunda-feira;Saída de leito carroçável;Dupla;0;0;-25,49306196;-54,5165205;Segura;Sul;1 Trimestre
663871;2025.0;n;2.0;2025-02-26;SC;280;82,5;CORUPA;Ausência de reação do condutor;Com Vítimas Feridas;3;Céu Claro;Pleno dia;quarta-feira;Colisão transversal;Simples;0;1;-26,4356;-49,2455;Perigosa;Sul;1 Trimestre
661137;2025.0;n;2.0;2025-02-13;SP;381;28;BRAGANCA PAULISTA;Manobra de mudança de faixa;Com Vítimas Feridas;3;Nublado;Pleno dia;quinta-feira;Colisão lateral mesmo sentido;Dupla;0;0;-23,03561211;-46,54983938;Segura;Sudeste;1 Trimestre
658062;2025.0;n;1.0;2025-01-29;PE;101;38;IGARASSU;Demais falhas mecânicas ou elétricas;Com Vítimas Feridas;1;Céu Claro;Pleno dia;quarta-feira;Saída de leito carroçável;Dupla;0;0;-7,80600806;-34,92522908;Segura;Nordeste;1 Trimestre
658209;2025.0;n;1.0;2025-01-30;DF;20;2;BRASILIA;Manobra de mudança de faixa;Com Vítimas Feridas;2;Chuva;Pleno dia;quinta-feira;Colisão lateral mesmo sentido;Múltipla;0;0;-15,682896;-47,840729;Segura;Centro-Oeste;1 Trimestre
657779;2025.0;n;1.0;2025-01-27;RS;470;221;GARIBALDI;Reação tardia ou ineficiente do condutor;Com Vítimas Feridas;1;Chuva;Amanhecer;segunda-feira;Saída de leito carroçável;Simples;0;0;-29,20881423;-51,51823997;Segura;Sul;1 Trimestre
652615;2025.0;y;1.0;2025-01-01;DF;20;15;BRASILIA;Reação tardia ou ineficiente do condutor;Sem Vítimas;1;Nublado;Pleno dia;quarta-feira;Saída de leito carroçável;Dupla;0;0;-15,630189;-47,733288;Segura;Centro-Oeste;1 Trimestre
669676;2025.0;n;3.0;2025-03-26;SC;116;48,2;PAPANDUVA;Manobra de mudança de faixa;Com Vítimas Feridas;5;Nublado;Pleno dia;quarta-feira;Tombamento;Simples;0;0;-26,364953;-50,120688;Segura;Sul;1 Trimestre
614753;2024.0;n;7.0;2024-07-15;SC;280;294,5;PORTO UNIAO;Transitar na contramão;Com Vítimas Feridas;3;Garoa/Chuvisco;Anoitecer;segunda-feira;Colisão lateral sentido oposto;Simples;0;0;-26.29276302;-50.96449301;Segura;Sul;3 Trimestre
589692;2024.0;n;3.0;2024-03-25;MS;163;263;DOURADOS;Condutor deixou de manter distância do veículo da frente;Com Vítimas Feridas;2;Céu Claro;Pleno dia;segunda-feira;Colisão traseira;Dupla;0;0;-22.2316424;-54.7478208;Segura;Centro-Oeste;1 Trimestre
617995;2024.0;n;7.0;2024-07-31;RJ;101;249;SILVA JARDIM;Mal súbito do condutor;Com Vítimas Feridas;4;Céu Claro;Amanhecer;quarta-feira;Colisão transversal;Dupla;0;0;-22.66899692;-42.50868109;Segura;Sudeste;3 Trimestre
575187;2024.0;n;1.0;2024-01-16;SC;470;7;NAVEGANTES;Acessar a via sem observar a presença dos outros veículos;Com Vítimas Feridas;6;Nublado;Plena Noite;terça-feira;Colisão transversal;Simples;0;1;-26.84499;-48.71505;Perigosa;Sul;1 Trimestre
619278;2024.0;n;7.0;2024-07-06;TO;153;494;PARAISO DO TOCANTINS;Ingestão de álcool pelo condutor;Sem Vítimas;2;Céu Claro;Plena Noite;sábado;Tombamento;Simples;0;0;-10.16456781;-48.88130296;Segura;Norte;3 Trimestre
660009;2025.0;n;2.0;2025-02-08;AL;101;107,2;PILAR;Velocidade Incompatível;Com Vítimas Feridas;1;Céu Claro;Pleno dia;sábado;Tombamento;Dupla;0;1;-9,59200401;-36,00249993;Perigosa;Nordeste;1 Trimestre
623691;2024.0;n;8.0;2024-08-26;BA;101;544;SAO JOSE DA VITORIA;Velocidade Incompatível;Com Vítimas Fatais;4;Nublado;Pleno dia;segunda-feira;Colisão transversal;Simples;1;0;-15.101936;-39.354931;Perigosa;Nordeste;3 Trimestre
671290;2025.0;n;4.0;2025-04-03;BA;116;684;JEQUIE;Condutor Dormindo;Com Vítimas Feridas;4;Céu Claro;Pleno dia;quinta-feira;Colisão lateral sentido oposto;Simples;0;0;-13,938;-40,1614;Segura;Nordeste;2 Trimestre
611053;2024.0;n;6.0;2024-06-30;SP;381;61;MAIRIPORA;Velocidade Incompatível;Com Vítimas Feridas;2;Garoa/Chuvisco;Pleno dia;domingo;Tombamento;Dupla;0;0;-23.29011611;-46.5800681;Segura;Sudeste;2 Trimestre
597101;2024.0;n;4.0;2024-04-28;PI;316;6;TERESINA;Ausência de reação do condutor;Com Vítimas Fatais;2;Nublado;Plena Noite;domingo;Saída de leito carroçável;Múltipla;1;0;-5.14702095;-42.77438982;Perigosa;Nordeste;2 Trimestre
663086;2025.0;n;2.0;2025-02-23;SE;101;59;ROSARIO DO CATETE;Reação tardia ou ineficiente do condutor;Com Vítimas Feridas;1;Céu Claro;Plena Noite;domingo;Tombamento;Simples;0;0;-10,659626;-37,028757;Segura;Nordeste;1 Trimestre
591262;2024.0;n;4.0;2024-04-01;SC;101;238,4;PALHOCA;Demais falhas mecânicas ou elétricas;Sem Vítimas;2;Céu Claro;Plena Noite;segunda-feira;Incêndio;Dupla;0;0;-27.84293889;-48.63471922;Segura;Sul;2 Trimestre
686339;2025.0;n;4.0;2025-04-20;CE;222;301;TIANGUA;Problema com o freio;Com Vítimas Fatais;2;Céu Claro;Plena Noite;domingo;Atropelamento de Pedestre;Simples;1;0;-3,65365112;-40,93214035;Perigosa;Nordeste;2 Trimestre
599247;2024.0;n;5.0;2024-05-09;RO;364;233,7;CACOAL;Acessar a via sem observar a presença dos outros veículos;Com Vítimas Feridas;5;Céu Claro;Pleno dia;quinta-feira;Colisão transversal;Simples;0;0;-11.46093022;-61.4156127;Segura;Norte;2 Trimestre
582901;2024.0;n;2.0;2024-02-23;MT;70;626;POCONE;Condutor deixou de manter distância do veículo da frente;Com Vítimas Feridas;4;Garoa/Chuvisco;Anoitecer;sexta-feira;Colisão traseira;Simples;0;0;-15.92950455;-56.91657323;Segura;Centro-Oeste;1 Trimestre
591752;2024.0;n;4.0;2024-04-04;SC;101;204,3;SAO JOSE;Trafegar com motocicleta (ou similar) entre as faixas;Com Vítimas Feridas;2;Céu Claro;Pleno dia;quinta-feira;Colisão lateral mesmo sentido;Múltipla;0;1;-27.57413014;-48.61363083;Perigosa;Sul;2 Trimestre
671254;2025.0;n;4.0;2025-04-03;MG;381;849,5;POUSO ALEGRE;Condutor deixou de manter distância do veículo da frente;Com Vítimas Feridas;4;Chuva;Pleno dia;quinta-feira;Colisão com objeto;Dupla;0;0;-22,23449;-45,8775;Segura;Sudeste;2 Trimestre
590286;2024.0;n;3.0;2024-03-28;SC;101;203;SAO JOSE;Manobra de mudança de faixa;Com Vítimas Feridas;3;Céu Claro;Pleno dia;quinta-feira;Colisão lateral mesmo sentido;Múltipla;0;0;-27.5650044;-48.61460082;Segura;Sul;1 Trimestre
623992;2024.0;n;8.0;2024-08-27;BA;116;548;MILAGRES;Problema com o freio;Com Vítimas Feridas;4;Céu Claro;Pleno dia;terça-feira;Colisão traseira;Simples;0;0;-12.85201953;-39.84486464;Segura;Nordeste;3 Trimestre
653120;2025.0;n;1.0;2025-01-04;RJ;101;482;ANGRA DOS REIS;Transitar na contramão;Com Vítimas Feridas;3;Nublado;Pleno dia;sábado;Colisão lateral sentido oposto;Simples;0;1;-22,995193;-44,301309;Perigosa;Sudeste;1 Trimestre
655419;2025.0;n;1.0;2025-01-16;SC;101;95;BALNEARIO PICARRAS;Reação tardia ou ineficiente do condutor;Com Vítimas Feridas;3;Chuva;Pleno dia;quinta-feira;Colisão traseira;Múltipla;0;1;-26,70876413;-48,70221065;Perigosa;Sul;1 Trimestre
620060;2024.0;n;8.0;2024-08-09;MT;163;817,7;SINOP;Acessar a via sem observar a presença dos outros veículos;Com Vítimas Feridas;3;Céu Claro;Pleno dia;sexta-feira;Colisão traseira;Simples;0;1;-12.015454;-55.517283;Perigosa;Centro-Oeste;3 Trimestre
628730;2024.0;n;9.0;2024-09-17;MG;116;719;MURIAE;Demais falhas mecânicas ou elétricas;Sem Vítimas;4;Garoa/Chuvisco;Pleno dia;terça-feira;Saída de leito carroçável;Simples;0;0;-21.23756793;-42.39406193;Segura;Sudeste;3 Trimestre
599472;2024.0;n;5.0;2024-05-10;RO;364;341;JI-PARANA;Reação tardia ou ineficiente do condutor;Com Vítimas Feridas;2;Sol;Pleno dia;sexta-feira;Colisão transversal;Múltipla;0;0;-10.88912913;-61.93189502;Segura;Norte;2 Trimestre
599179;2024.0;n;5.0;2024-05-09;BA;116;919,3;CANDIDO SALES;Condutor Dormindo;Com Vítimas Feridas;2;Nublado;Plena Noite;quinta-feira;Saída de leito carroçável;Simples;0;1;-15.35201;-41.16511;Perigosa;Nordeste;2 Trimestre
584486;2024.0;n;3.0;2024-03-02;SP;116;341;MIRACATU;Reação tardia ou ineficiente do condutor;Com Vítimas Feridas;2;Céu Claro;Pleno dia;sábado;Colisão com objeto;Dupla;0;0;-24.00990014;-47.16199395;Segura;Sudeste;1 Trimestre
670815;2025.0;n;3.0;2025-03-31;BA;101;503;ITABUNA;Retorno proibido;Com Vítimas Feridas;2;Céu Claro;Plena Noite;segunda-feira;Colisão traseira;Simples;0;0;-14,77126192;-39,29168338;Segura;Nordeste;1 Trimestre
577074;2024.0;n;1.0;2024-01-25;SC;153;58,7;IRANI;Desrespeitar a preferência no cruzamento;Com Vítimas Feridas;3;Céu Claro;Anoitecer;quinta-feira;Colisão transversal;Simples;0;0;-26.97134359;-51.85443878;Segura;Sul;1 Trimestre
597392;2024.0;n;4.0;2024-04-30;PR;153;336;IRATI;Ausência de reação do condutor;Com Vítimas Feridas;3;Céu Claro;Pleno dia;terça-feira;Colisão traseira;Simples;0;1;-25.49753795;-50.64815515;Perigosa;Sul;2 Trimestre
594288;2024.0;n;4.0;2024-04-16;RJ;393;216;VASSOURAS;Condutor Dormindo;Com Vítimas Feridas;1;Nublado;Amanhecer;terça-feira;Saída de leito carroçável;Simples;0;0;-22.29667323;-43.4899208;Segura;Sudeste;2 Trimestre
660553;2025.0;n;2.0;2025-02-10;PR;153;468,5;PORTO VITORIA;Frear bruscamente;Com Vítimas Feridas;5;Sol;Pleno dia;segunda-feira;Colisão traseira;Simples;0;0;-26,285;-51,195;Segura;Sul;1 Trimestre
654600;2025.0;n;1.0;2025-01-12;RS;158;322;SANTA MARIA;Acessar a via sem observar a presença dos outros veículos;Com Vítimas Fatais;5;Céu Claro;Pleno dia;domingo;Colisão transversal;Dupla;1;0;-29,69535325;-53,77611929;Perigosa;Sul;1 Trimestre
585612;2024.0;n;3.0;2024-03-07;MG;381;889;CAMBUI;Acessar a via sem observar a presença dos outros veículos;Com Vítimas Feridas;3;Nublado;Pleno dia;quinta-feira;Colisão traseira;Dupla;0;0;-22.57886713;-46.04447365;Segura;Sudeste;1 Trimestre
606329;2024.0;n;6.0;2024-06-09;PA;163;581,7;TRAIRAO;Condutor deixou de manter distância do veículo da frente;Com Vítimas Fatais;2;Céu Claro;Anoitecer;domingo;Colisão traseira;Simples;1;0;-4.9837331;-56.20602214;Perigosa;Norte;2 Trimestre
602906;2024.0;n;5.0;2024-05-25;MG;381;387;SAO GONCALO DO RIO ABAIXO;Ausência de reação do condutor;Com Vítimas Feridas;2;Céu Claro;Pleno dia;sábado;Colisão traseira;Dupla;0;0;-19.79575004;-43.42574708;Segura;Sudeste;2 Trimestre
625510;2024.0;n;9.0;2024-09-03;PA;230;397;PACAJA;Demais falhas mecânicas ou elétricas;Sem Vítimas;4;Céu Claro;Pleno dia;terça-feira;Incêndio;Simples;0;0;-3.85475423;-50.49887291;Segura;Norte;3 Trimestre
687769;2025.0;n;4.0;2025-04-27;MT;158;622,8;AGUA BOA;Reação tardia ou ineficiente do condutor;Com Vítimas Feridas;2;Céu Claro;Plena Noite;domingo;Tombamento;Simples;0;0;-14,0868989;-52,1609649;Segura;Centro-Oeste;2 Trimestre
618106;2024.0;n;7.0;2024-07-31;RJ;393;152;SAPUCAIA;Velocidade Incompatível;Com Vítimas Feridas;2;Céu Claro;Pleno dia;quarta-feira;Tombamento;Simples;0;1;-22.06816216;-43.03290587;Perigosa;Sudeste;3 Trimestre
600316;2024.0;n;5.0;2024-05-13;PR;277;526,4;GUARANIACU;Ultrapassagem Indevida;Com Vítimas Fatais;4;Nevoeiro/Neblina;Anoitecer;segunda-feira;Colisão frontal;Simples;1;0;-25.09019378;-52.92856303;Perigosa;Sul;2 Trimestre
579062;2024.0;n;2.0;2024-02-04;SE;101;17;SAO FRANCISCO;Reação tardia ou ineficiente do condutor;Sem Vítimas;2;Céu Claro;Plena Noite;domingo;Derramamento de carga;Dupla;0;0;-10.33831807;-36.89396364;Segura;Nordeste;1 Trimestre
659789;2025.0;n;2.0;2025-02-07;MG;153;48,7;MONTE ALEGRE DE MINAS;Reação tardia ou ineficiente do condutor;Com Vítimas Feridas;3;Céu Claro;Pleno dia;sexta-feira;Colisão traseira;Dupla;0;0;-18,80471613;-49,08293767;Segura;Sudeste;1 Trimestre
585078;2024.0;n;3.0;2024-03-05;GO;20;157,5;ALVORADA DO NORTE;Condutor Dormindo;Com Vítimas Feridas;1;Chuva;Plena Noite;terça-feira;Colisão com objeto;Simples;0;0;-14.635591;-46.624581;Segura;Centro-Oeste;1 Trimestre
596569;2024.0;n;4.0;2024-04-26;PR;277;3;PARANAGUA;Conversão proibida;Com Vítimas Feridas;4;Nublado;Plena Noite;sexta-feira;Colisão transversal;Simples;0;0;-25.54027307;-48.55819702;Segura;Sul;2 Trimestre
653158;2025.0;n;1.0;2025-01-04;RS;116;309;GUAIBA;Velocidade Incompatível;Com Vítimas Feridas;2;Céu Claro;Pleno dia;sábado;Colisão traseira;Dupla;0;0;-30,19187406;-51,39787181;Segura;Sul;1 Trimestre
575199;2024.0;n;1.0;2024-01-16;PR;277;128;CAMPO LARGO;Condutor Dormindo;Com Vítimas Feridas;3;Céu Claro;Plena Noite;terça-feira;Colisão traseira;Dupla;0;0;-25.44518045;-49.4985659;Segura;Sul;1 Trimestre
584015;2024.0;n;2.0;2024-02-29;RJ;116;234;PIRAI;Reação tardia ou ineficiente do condutor;Com Vítimas Feridas;4;Sol;Pleno dia;quinta-feira;Colisão traseira;Múltipla;0;0;-22.66632663;-43.84704988;Segura;Sudeste;1 Trimestre
614579;2024.0;n;7.0;2024-07-15;PE;232;333,2;CUSTODIA;Reação tardia ou ineficiente do condutor;Com Vítimas Fatais;3;Céu Claro;Pleno dia;segunda-feira;Colisão transversal;Simples;1;0;-8.08860828;-37.62943447;Perigosa;Nordeste;3 Trimestre
611360;2024.0;n;7.0;2024-07-01;PR;277;123;CAMPO LARGO;Condutor deixou de manter distância do veículo da frente;Sem Vítimas;2;Céu Claro;Plena Noite;segunda-feira;Colisão lateral mesmo sentido;Dupla;0;0;-25.46213617;-49.58185673;Segura;Sul;3 Trimestre
615355;2024.0;n;7.0;2024-07-18;MT;364;437;VARZEA GRANDE;Transitar na contramão;Com Vítimas Feridas;3;Céu Claro;Plena Noite;quinta-feira;Colisão frontal;Simples;0;1;-15.62614;-56.205227;Perigosa;Centro-Oeste;3 Trimestre
608584;2024.0;n;6.0;2024-06-19;PI;135;503,3;MONTE ALEGRE DO PIAUI;Ingestão de álcool pelo condutor;Sem Vítimas;2;Céu Claro;Pleno dia;quarta-feira;Colisão com objeto;Simples;0;0;-9.74598295;-45.292864;Segura;Nordeste;2 Trimestre
593103;2024.0;n;4.0;2024-04-10;SC;101;207;SAO JOSE;Manobra de mudança de faixa;Com Vítimas Feridas;5;Céu Claro;Pleno dia;quarta-feira;Colisão lateral mesmo sentido;Dupla;0;0;-27.60001226;-48.6226467;Segura;Sul;2 Trimestre
663935;2025.0;n;2.0;2025-02-27;SC;116;24,2;ITAIOPOLIS;Ingestão de álcool pelo condutor;Com Vítimas Feridas;2;Céu Claro;Plena Noite;quinta-feira;Colisão traseira;Simples;0;0;-26,27607582;-49,92267966;Segura;Sul;1 Trimestre
573299;2024.0;n;1.0;2024-01-08;MG;50;136;UBERABA;Demais falhas mecânicas ou elétricas;Com Vítimas Feridas;5;Céu Claro;Pleno dia;segunda-feira;Saída de leito carroçável;Dupla;0;0;-19.44189098;-48.06412595;Segura;Sudeste;1 Trimestre