id;ano;feriado;mes;data_inversa;uf;br;km;municipio;causa_acidente;classificacao_acidente;veiculos;condicao_metereologica;fase_dia;dia_semana;tipo_acidente;tipo_pista;mortos;feridos_graves;latitude;longitude;status;regiao;periodo
593770;2024.0;n;4.0;2024-04-01;PE;101;68;RECIFE;Ultrapassagem Indevida;Com Vítimas Feridas;2;Céu Claro;Pleno dia;segunda-feira;Colisão transversal;Dupla;0;1;-8.05074296;-34.94580619;Perigosa;Nordeste;2 Trimestre
623913;2024.0;n;8.0;2024-08-27;GO;153;521,3;HIDROLANDIA;Reação tardia ou ineficiente do condutor;Com Vítimas Feridas;4;Céu Claro;Pleno dia;terça-feira;Colisão traseira;Dupla;0;1;-16.8937;-49.2557;Perigosa;Centro-Oeste;3 Trimestre
628960;2024.0;n;9.0;2024-09-18;PR;153;376;RIO AZUL;Velocidade Incompatível;Com Vítimas Feridas;2;Céu Claro;Pleno dia;quarta-feira;Colisão frontal;Simples;0;1;-25.77257801;-50.84657489;Perigosa;Sul;3 Trimestre
652689;2025.0;n;1.0;2025-01-02;SC;101;197;SAO JOSE;Acessar a via sem observar a presença dos outros veículos;Com Vítimas Feridas;2;Céu Claro;Pleno dia;quinta-feira;Colisão lateral mesmo sentido;Simples;0;0;-27,51844497;-48,63848496;Segura;Sul;1 Trimestre
618814;2024.0;n;8.0;2024-08-03;BA;242;376;PALMEIRAS;Velocidade Incompatível;Com Vítimas Feridas;10;Céu Claro;Pleno dia;sábado;Tombamento;Simples;0;0;-12.44242411;-41.49772087;Segura;Nordeste;3 Trimestre
630183;2024.0;n;9.0;2024-09-24;RS;290;203,5;RIO PARDO;Condutor Dormindo;Com Vítimas Feridas;3;Nublado;Amanhecer;terça-feira;Colisão frontal;Simples;0;1;-30.173361;-52.247738;Perigosa;Sul;3 Trimestre
671391;2025.0;n;4.0;2025-04-03;MT;364;206;RONDONOPOLIS;Ingestão de álcool pelo condutor;Sem Vítimas;3;Céu Claro;Plena Noite;quinta-feira;Saída de leito carroçável;Dupla;0;0;-16,44784113;-54,66597134;Segura;Centro-Oeste;2 Trimestre
582397;2024.0;n;2.0;2024-02-21;RJ;101;67;CAMPOS DOS GOYTACAZES;Condutor deixou de manter distância do veículo da frente;Com Vítimas Feridas;4;Garoa/Chuvisco;Pleno dia;quarta-feira;Colisão traseira;Simples;0;0;-21.76751094;-41.34876249;Segura;Sudeste;1 Trimestre
587431;2024.0;n;3.0;2024-03-15;MG;40;708,2;BARBACENA;Ultrapassagem Indevida;Com Vítimas Feridas;3;Sol;Pleno dia;sexta-feira;Colisão lateral mesmo sentido;Dupla;0;0;-21.23806504;-43.70295899;Segura;Sudeste;1 Trimestre
596578;2024.0;n;4.0;2024-04-26;RS;470;224,9;GARIBALDI;Velocidade Incompatível;Com Vítimas Feridas;2;Céu Claro;Plena Noite;sexta-feira;Colisão transversal;Simples;0;0;-29.21351804;-51.51780626;Segura;Sul;2 Trimestre
670861;2025.0;n;4.0;2025-04-01;MT;158;796;BARRA DO GARCAS;Entrada inopinada do pedestre;Com Vítimas Feridas;3;Céu Claro;Pleno dia;terça-feira;Colisão lateral mesmo sentido;Simples;0;1;-15,87568;-52,314871;Perigosa;Centro-Oeste;2 Trimestre
630347;2024.0;n;9.0;2024-09-24;MG;40;252,8;SAO GONCALO DO ABAETE;Ausência de reação do condutor;Com Vítimas Fatais;2;Céu Claro;Anoitecer;terça-feira;Colisão com objeto;Simples;1;0;-18.12733621;-45.41919708;Perigosa;Sudeste;3 Trimestre
609585;2024.0;n;6.0;2024-06-23;MG;381;674;PERDOES;Velocidade Incompatível;Com Vítimas Feridas;2;Céu Claro;Pleno dia;domingo;Tombamento;Dupla;0;0;-21.107021;-45.09114;Segura;Sudeste;2 Trimestre
582860;2024.0;n;2.0;2024-02-23;RS;290;100;PORTO ALEGRE;Estacionar ou parar em local proibido;Com Vítimas Feridas;3;Céu Claro;Plena Noite;sexta-feira;Colisão traseira;Dupla;0;0;-29.988646;-51.236553;Segura;Sul;1 Trimestre
617859;2024.0;n;7.0;2024-07-30;PR;277;306;GUARAPUAVA;Reação tardia ou ineficiente do condutor;Com Vítimas Feridas;3;Garoa/Chuvisco;Amanhecer;terça-feira;Colisão lateral mesmo sentido;Simples;0;0;-25.29937603;-51.14537699;Segura;Sul;3 Trimestre
653400;2025.0;n;1.0;2025-01-05;PR;277;124;CAMPO LARGO;Pedestre cruzava a pista fora da faixa;Com Vítimas Fatais;2;Céu Claro;Plena Noite;domingo;Atropelamento de Pedestre;Dupla;1;0;-25,43508097;-49,5220664;Perigosa;Sul;1 Trimestre
625315;2024.0;n;9.0;2024-09-02;RS;116;235,1;ESTANCIA VELHA;Velocidade Incompatível;Sem Vítimas;2;Céu Claro;Pleno dia;segunda-feira;Colisão com objeto;Simples;0;0;-29.66037586;-51.14386509;Segura;Sul;3 Trimestre
661280;2025.0;n;2.0;2025-02-14;PR;277;42;MORRETES;Acessar a via sem observar a presença dos outros veículos;Sem Vítimas;5;Céu Claro;Pleno dia;sexta-feira;Colisão traseira;Dupla;0;0;-25,57361239;-48,84469597;Segura;Sul;1 Trimestre
663910;2025.0;n;2.0;2025-02-26;GO;153;305,4;RIALMA;Reação tardia ou ineficiente do condutor;Com Vítimas Feridas;2;Chuva;Plena Noite;quarta-feira;Colisão frontal;Simples;0;2;-15,35055754;-49,56800938;Perigosa;Centro-Oeste;1 Trimestre
574773;2024.0;n;1.0;2024-01-14;MG;116;25;CACHOEIRA DE PAJEU;Acessar a via sem observar a presença dos outros veículos;Com Vítimas Feridas;4;Céu Claro;Plena Noite;domingo;Colisão transversal;Simples;0;2;-15.87144601;-41.43021999;Perigosa;Sudeste;1 Trimestre
653066;2025.0;n;1.0;2025-01-04;MG;262;549;LUZ;Ausência de reação do condutor;Com Vítimas Fatais;3;Chuva;Plena Noite;sábado;Colisão lateral sentido oposto;Simples;1;0;-19,72508993;-45,86948395;Perigosa;Sudeste;1 Trimestre
596816;2024.0;n;4.0;2024-04-27;MG;116;258,1;TEOFILO OTONI;Reação tardia ou ineficiente do condutor;Com Vítimas Feridas;2;Céu Claro;Pleno dia;sábado;Tombamento;Simples;0;1;-17.70773421;-41.48826483;Perigosa;Sudeste;2 Trimestre
606527;2024.0;n;6.0;2024-06-10;RS;116;244;SAO LEOPOLDO;Condutor deixou de manter distância do veículo da frente;Com Vítimas Feridas;4;Sol;Pleno dia;segunda-feira;Engavetamento;Múltipla;0;0;-29.74088003;-51.15039566;Segura;Sul;2 Trimestre
617965;2024.0;n;7.0;2024-07-30;MG;251;263;SALINAS;Ausência de reação do condutor;Com Vítimas Feridas;2;Céu Claro;Plena Noite;terça-feira;Tombamento;Simples;0;0;-15.99703676;-41.96998007;Segura;Sudeste;3 Trimestre
625220;2024.0;n;9.0;2024-09-02;RJ;40;113;DUQUE DE CAXIAS;Ausência de reação do condutor;Com Vítimas Feridas;4;Nublado;Amanhecer;segunda-feira;Colisão traseira;Dupla;0;0;-22.70948502;-43.29040354;Segura;Sudeste;3 Trimestre
624463;2024.0;n;8.0;2024-08-30;PR;369;19,4;CAMBARA;Reação tardia ou ineficiente do condutor;Com Vítimas Fatais;2;Céu Claro;Plena Noite;sexta-feira;Colisão transversal;Simples;1;1;-23.03693;-50.07569;Perigosa;Sul;3 Trimestre
610287;2024.0;n;6.0;2024-06-27;MG;381;682,9;PERDOES;Condutor Dormindo;Com Vítimas Fatais;4;Céu Claro;Plena Noite;quinta-feira;Engavetamento;Dupla;1;0;-21.16800802;-45.12657489;Perigosa;Sudeste;2 Trimestre
617127;2024.0;n;7.0;2024-07-27;SC;101;430;SOMBRIO;Ausência de reação do condutor;Com Vítimas Feridas;2;Céu Claro;Plena Noite;sábado;Colisão traseira;Múltipla;0;0;-29.063184;-49.624157;Segura;Sul;3 Trimestre
590772;2024.0;n;3.0;2024-03-30;MG;116;770,4;LEOPOLDINA;Velocidade Incompatível;Com Vítimas Feridas;3;Chuva;Pleno dia;sábado;Colisão frontal;Simples;0;1;-21.55054675;-42.67361103;Perigosa;Sudeste;1 Trimestre
608614;2024.0;n;6.0;2024-06-19;CE;116;15,3;FORTALEZA;Condutor deixou de manter distância do veículo da frente;Com Vítimas Feridas;3;Nublado;Plena Noite;quarta-feira;Colisão lateral mesmo sentido;Dupla;0;2;-3.87839882;-38.50066893;Perigosa;Nordeste;2 Trimestre
613038;2024.0;n;7.0;2024-07-08;MG;116;111,3;ITAOBIM;Ultrapassagem Indevida;Com Vítimas Feridas;2;Céu Claro;Pleno dia;segunda-feira;Colisão lateral mesmo sentido;Simples;0;0;-16.52165195;-41.50569985;Segura;Sudeste;3 Trimestre
622201;2024.0;n;8.0;2024-08-18;RS;386;389;TRIUNFO;Demais falhas mecânicas ou elétricas;Com Vítimas Feridas;3;Nevoeiro/Neblina;Plena Noite;domingo;Eventos atípicos;Simples;0;0;-29.699799;-51.686905;Segura;Sul;3 Trimestre
672917;2025.0;n;4.0;2025-04-11;CE;116;44;HORIZONTE;Reação tardia ou ineficiente do condutor;Com Vítimas Feridas;2;Chuva;Pleno dia;sexta-feira;Colisão traseira;Múltipla;0;0;-4,112398;-38,490544;Segura;Nordeste;2 Trimestre
584747;2024.0;n;3.0;2024-03-03;TO;226;13;PALMEIRAS DO TOCANTINS;Manobra de mudança de faixa;Com Vítimas Fatais;4;Nublado;Pleno dia;domingo;Colisão lateral mesmo sentido;Simples;1;0;-6.618478;-47.553204;Perigosa;Norte;1 Trimestre
589902;2024.0;n;3.0;2024-03-26;ES;101;434,9;MIMOSO DO SUL;Ultrapassagem Indevida;Com Vítimas Feridas;2;Nublado;Anoitecer;terça-feira;Tombamento;Simples;0;0;-21.04949006;-41.18858495;Segura;Sudeste;1 Trimestre
656606;2025.0;n;1.0;2025-01-22;MG;50;28,5;ARAGUARI;Velocidade Incompatível;Com Vítimas Feridas;4;Céu Claro;Pleno dia;quarta-feira;Tombamento;Dupla;0;1;-18,61851284;-48,1028889;Perigosa;Sudeste;1 Trimestre
575745;2024.0;n;1.0;2024-01-19;RO;364;768;PORTO VELHO;Ausência de reação do condutor;Com Vítimas Feridas;3;Nublado;Pleno dia;sexta-feira;Colisão traseira;Dupla;0;0;-9.13716737;-64.15431379;Segura;Norte;1 Trimestre
587412;2024.0;n;3.0;2024-03-15;ES;101;150;LINHARES;Reação tardia ou ineficiente do condutor;Com Vítimas Feridas;5;Céu Claro;Pleno dia;sexta-feira;Engavetamento;Simples;0;0;-19.40436634;-40.06078896;Segura;Sudeste;1 Trimestre
578194;2024.0;n;1.0;2024-01-31;SC;282;423,3;VARGEM BONITA;Velocidade Incompatível;Com Vítimas Feridas;2;Céu Claro;Pleno dia;quarta-feira;Tombamento;Simples;0;1;-26.99556;-51.752289;Perigosa;Sul;1 Trimestre
665794;2025.0;n;3.0;2025-03-07;MT;70;277;PRIMAVERA DO LESTE;Acessar a via sem observar a presença dos outros veículos;Com Vítimas Feridas;2;Céu Claro;Pleno dia;sexta-feira;Colisão transversal;Simples;0;0;-15,55383;-54,262612;Segura;Centro-Oeste;1 Trimestre
653821;2025.0;n;1.0;2025-01-08;MG;116;453,5;ENGENHEIRO CALDAS;Acessar a via sem observar a presença dos outros veículos;Com Vítimas Feridas;1;Céu Claro;Amanhecer;quarta-feira;Saída de leito carroçável;Simples;0;0;-19,17637694;-42,0358701;Segura;Sudeste;1 Trimestre
625569;2024.0;n;7.0;2024-07-21;PI;316;287;DOM EXPEDITO LOPES;Acessar a via sem observar a presença dos outros veículos;Com Vítimas Feridas;2;Céu Claro;Pleno dia;domingo;Colisão transversal;Simples;0;1;-6.97750323;-41.63837027;Perigosa;Nordeste;3 Trimestre
626195;2024.0;n;8.0;2024-08-17;RO;319;59;PORTO VELHO;Manobra de mudança de faixa;Com Vítimas Feridas;2;Céu Claro;Pleno dia;sábado;Colisão transversal;Múltipla;0;0;-8.74281964;-63.90684307;Segura;Norte;3 Trimestre
628611;2024.0;n;9.0;2024-09-16;SP;116;112;TAUBATE;Condutor deixou de manter distância do veículo da frente;Com Vítimas Feridas;4;Céu Claro;Plena Noite;segunda-feira;Colisão traseira;Dupla;0;0;-23.04159343;-45.57065616;Segura;Sudeste;3 Trimestre
594895;2024.0;n;4.0;2024-04-19;PE;232;301,7;SERTANIA;Ingestão de álcool pelo condutor;Com Vítimas Feridas;3;Garoa/Chuvisco;Amanhecer;sexta-feira;Colisão frontal;Simples;0;0;-8.22050091;-37.42024286;Segura;Nordeste;2 Trimestre
653189;2025.0;n;1.0;2025-01-04;RO;319;59;PORTO VELHO;Transitar na contramão;Com Vítimas Feridas;3;Nublado;Pleno dia;sábado;Colisão frontal;Dupla;0;0;-8,7407094;-63,8944298;Segura;Norte;1 Trimestre
572641;2024.0;n;1.0;2024-01-04;SP;116;569;BARRA DO TURVO;Reação tardia ou ineficiente do condutor;Sem Vítimas;5;Nublado;Pleno dia;quinta-feira;Colisão traseira;Dupla;0;0;-25.0601693;-48.5620203;Segura;Sudeste;1 Trimestre
593250;2024.0;n;4.0;2024-04-11;BA;324;574;SAO SEBASTIAO DO PASSE;Reação tardia ou ineficiente do condutor;Com Vítimas Feridas;2;Céu Claro;Pleno dia;quinta-feira;Capotamento;Dupla;0;2;-12.56758892;-38.55238794;Perigosa;Nordeste;2 Trimestre
595833;2024.0;n;4.0;2024-04-23;PR;376;73,3;GUAIRACA;Mal súbito do condutor;Com Vítimas Feridas;4;Céu Claro;Pleno dia;terça-feira;Colisão lateral mesmo sentido;Simples;0;0;-22.94846018;-52.71403409;Segura;Sul;2 Trimestre
595866;2024.0;n;4.0;2024-04-23;BA;116;237;QUIJINGUE;Reação tardia ou ineficiente do condutor;Com Vítimas Feridas;2;Céu Claro;Pleno dia;terça-feira;Tombamento;Simples;0;0;-10.6690921;-38.94372822;Segura;Nordeste;2 Trimestre
658796;2025.0;n;2.0;2025-02-02;MG;381;734,6;CARMO DA CACHOEIRA;Reação tardia ou ineficiente do condutor;Com Vítimas Feridas;2;Nublado;Pleno dia;domingo;Colisão com objeto;Dupla;0;0;-21,53740184;-45,23527265;Segura;Sudeste;1 Trimestre
591170;2024.0;n;4.0;2024-04-01;ES;101;21,7;PEDRO CANARIO;Condutor deixou de manter distância do veículo da frente;Com Vítimas Feridas;3;Céu Claro;Pleno dia;segunda-feira;Colisão traseira;Simples;0;0;-18.33423401;-39.95873082;Segura;Sudeste;2 Trimestre
587119;2024.0;n;3.0;2024-03-14;ES;101;263;SERRA;Ausência de reação do condutor;Sem Vítimas;2;Céu Claro;Amanhecer;quinta-feira;Colisão traseira;Múltipla;0;0;-20.16554736;-40.27301648;Segura;Sudeste;1 Trimestre
590478;2024.0;y;3.0;2024-03-29;BA;324;540;AMELIA RODRIGUES;Manobra de mudança de faixa;Com Vítimas Feridas;4;Céu Claro;Plena Noite;sexta-feira;Derramamento de carga;Dupla;0;0;-12.38543536;-38.79238728;Segura;Nordeste;1 Trimestre
595652;2024.0;n;4.0;2024-04-22;BA;242;228;ITABERABA;Transitar na contramão;Com Vítimas Feridas;4;Céu Claro;Pleno dia;segunda-feira;Colisão frontal;Simples;0;1;-12.50967497;-40.304176;Perigosa;Nordeste;2 Trimestre
663689;2025.0;n;2.0;2025-02-25;RJ;493;3;ITABORAI;Acesso irregular;Com Vítimas Feridas;2;Céu Claro;Pleno dia;terça-feira;Colisão lateral mesmo sentido;Dupla;0;0;-22,74430311;-42,95200132;Segura;Sudeste;1 Trimestre
620495;2024.0;n;7.0;2024-07-12;TO;153;629;ALIANCA DO TOCANTINS;Ausência de reação do condutor;Com Vítimas Feridas;4;Céu Claro;Pleno dia;sexta-feira;Colisão traseira;Simples;0;1;-11.35266797;-48.95758408;Perigosa;Norte;3 Trimestre
585804;2024.0;n;3.0;2024-03-08;MG;381;483,6;BETIM;Trafegar com motocicleta (ou similar) entre as faixas;Com Vítimas Feridas;2;Céu Claro;Pleno dia;sexta-feira;Colisão lateral mesmo sentido;Múltipla;0;0;-19.95963461;-44.08212662;Segura;Sudeste;1 Trimestre
581759;2024.0;n;2.0;2024-02-17;PI;316;117,4;PASSAGEM FRANCA DO PIAUI;Transitar na contramão;Com Vítimas Fatais;2;Chuva;Plena Noite;sábado;Colisão frontal;Simples;2;0;-5.93319732;-42.38002737;Perigosa;Nordeste;1 Trimestre
577064;2024.0;n;1.0;2024-01-21;MS;163;617,3;SAO GABRIEL DO OESTE;Condutor deixou de manter distância do veículo da frente;Sem Vítimas;5;Céu Claro;Pleno dia;domingo;Colisão traseira;Simples;0;0;-19.38299179;-54.57536165;Segura;Centro-Oeste;1 Trimestre
653922;2025.0;n;1.0;2025-01-08;PR;476;323,6;PAULO FRONTIN;Ausência de reação do condutor;Com Vítimas Fatais;5;Chuva;Plena Noite;quarta-feira;Colisão frontal;Simples;2;0;-26,091063;-50,771263;Perigosa;Sul;1 Trimestre
626866;2024.0;n;9.0;2024-09-09;BA;116;710;JEQUIE;Manobra de mudança de faixa;Com Vítimas Feridas;2;Garoa/Chuvisco;Amanhecer;segunda-feira;Colisão frontal;Simples;0;1;-14.11581891;-40.22867919;Perigosa;Nordeste;3 Trimestre
592655;2024.0;n;4.0;2024-04-08;MS;163;682,3;RIO VERDE DE MATO GROSSO;Acessar a via sem observar a presença dos outros veículos;Com Vítimas Feridas;2;Chuva;Pleno dia;segunda-feira;Colisão transversal;Simples;0;0;-18.90701005;-54.84077521;Segura;Centro-Oeste;2 Trimestre
582886;2024.0;n;2.0;2024-02-23;PR;153;455,2;UNIAO DA VITORIA;Reação tardia ou ineficiente do condutor;Com Vítimas Feridas;2;Chuva;Plena Noite;sexta-feira;Saída de leito carroçável;Simples;0;0;-26.19764921;-51.10942841;Segura;Sul;1 Trimestre
609816;2024.0;n;6.0;2024-06-24;BA;110;169;RIBEIRA DO POMBAL;Transitar na contramão;Com Vítimas Feridas;3;Nublado;Plena Noite;segunda-feira;Colisão frontal;Simples;0;1;-10.83361802;-38.53206537;Perigosa;Nordeste;2 Trimestre
663424;2025.0;n;2.0;2025-02-24;SC;101;111;NAVEGANTES;Acessar a via sem observar a presença dos outros veículos;Com Vítimas Feridas;2;Céu Claro;Pleno dia;segunda-feira;Colisão lateral mesmo sentido;Múltipla;0;0;-26,84075811;-48,71534538;Segura;Sul;1 Trimestre
600110;2024.0;n;5.0;2024-05-12;AL;101;30,7;JOAQUIM GOMES;Transitar na contramão;Com Vítimas Feridas;3;Nublado;Plena Noite;domingo;Colisão lateral sentido oposto;Simples;0;0;-9.0847746;-35.7468078;Segura;Nordeste;2 Trimestre
587671;2024.0;n;3.0;2024-03-16;PE;232;28;MORENO;Carga excessiva e/ou mal acondicionada;Sem Vítimas;2;Céu Claro;Pleno dia;sábado;Derramamento de carga;Dupla;0;0;-8.11290892;-35.13442099;Segura;Nordeste;1 Trimestre
611430;2024.0;n;7.0;2024-07-02;ES;101;291,8;CARIACICA;Acessar a via sem observar a presença dos outros veículos;Com Vítimas Feridas;4;Céu Claro;Pleno dia;terça-feira;Colisão lateral mesmo sentido;Dupla;0;0;-20.30650512;-40.39488717;Segura;Sudeste;3 Trimestre
581686;2024.0;n;2.0;2024-02-17;MG;381;286;JAGUARACU;Ausência de reação do condutor;Com Vítimas Feridas;2;Céu Claro;Pleno dia;sábado;Colisão traseira;Simples;0;0;-19.60538666;-42.75909685;Segura;Sudeste;1 Trimestre
604412;2024.0;n;5.0;2024-05-29;RJ;116;254;PIRAI;Pedestre andava na pista;Com Vítimas Fatais;2;Céu Claro;Plena Noite;quarta-feira;Atropelamento de Pedestre;Dupla;1;0;-22.57811624;-43.98644985;Perigosa;Sudeste;2 Trimestre
626318;2024.0;n;9.0;2024-09-06;MG;116;25;CACHOEIRA DE PAJEU;Transitar na contramão;Com Vítimas Feridas;2;Céu Claro;Plena Noite;sexta-feira;Colisão lateral sentido oposto;Simples;0;0;-15.87144601;-41.43021999;Segura;Sudeste;3 Trimestre
622474;2024.0;n;8.0;2024-08-20;MT;163;826;SINOP;Retorno proibido;Com Vítimas Feridas;5;Céu Claro;Pleno dia;terça-feira;Colisão transversal;Simples;0;1;-11.92772801;-55.51256222;Perigosa;Centro-Oeste;3 Trimestre
614639;2024.0;n;7.0;2024-07-15;RS;470;155;NOVA PRATA;Acessar a via sem observar a presença dos outros veículos;Com Vítimas Feridas;3;Nublado;Pleno dia;segunda-feira;Colisão transversal;Dupla;0;0;-28.78243906;-51.61511825;Segura;Sul;3 Trimestre
653962;2025.0;n;1.0;2025-01-09;SP;116;210;GUARULHOS;Reação tardia ou ineficiente do condutor;Com Vítimas Feridas;2;Nublado;Amanhecer;quinta-feira;Colisão traseira;Dupla;0;0;-23,42870023;-46,41085991;Segura;Sudeste;1 Trimestre
656543;2025.0;n;1.0;2025-01-21;PR;116;112,7;CURITIBA;Trafegar com motocicleta (ou similar) entre as faixas;Com Vítimas Feridas;3;Nublado;Plena Noite;terça-feira;Colisão lateral mesmo sentido;Múltipla;0;0;-25,56730763;-49,23706792;Segura;Sul;1 Trimestre
658866;2025.0;n;2.0;2025-02-02;MG;365;818,5;SANTA VITORIA;Chuva;Com Vítimas Fatais;3;Chuva;Pleno dia;domingo;Colisão frontal;Simples;2;2;-18,87981755;-50,07725755;Perigosa;Sudeste;1 Trimestre
596891;2024.0;n;4.0;2024-04-28;RJ;116;118;MAGE;Problema com o freio;Sem Vítimas;2;Céu Claro;Plena Noite;domingo;Colisão traseira;Dupla;0;0;-22.60969336;-43.03076263;Segura;Sudeste;2 Trimestre
660353;2025.0;n;2.0;2025-02-09;MA;222;665;ACAILANDIA;Pedestre andava na pista;Com Vítimas Feridas;3;Céu Claro;Plena Noite;domingo;Atropelamento de Pedestre;Simples;0;1;-4,89367779;-47,38426513;Perigosa;Nordeste;1 Trimestre
584752;2024.0;n;3.0;2024-03-03;MT;163;890;CLAUDIA;Reação tardia ou ineficiente do condutor;Com Vítimas Feridas;5;Céu Claro;Pleno dia;domingo;Saída de leito carroçável;Simples;0;0;-11.39490837;-55.3454867;Segura;Centro-Oeste;1 Trimestre
670801;2025.0;n;3.0;2025-03-31;MG;381;877,4;ESTIVA;Velocidade Incompatível;Com Vítimas Feridas;2;Chuva;Pleno dia;segunda-feira;Colisão com objeto;Dupla;0;0;-22,4418416;-45,9892383;Segura;Sudeste;1 Trimestre
659369;2025.0;n;2.0;2025-02-05;PR;277;679;MEDIANEIRA;Avarias e/ou desgaste excessivo no pneu;Com Vítimas Fatais;2;Céu Claro;Pleno dia;quarta-feira;Tombamento;Dupla;1;0;-25,31758044;-54,15684223;Perigosa;Sul;1 Trimestre
661126;2025.0;n;2.0;2025-02-13;MG;262;441,4;NOVA SERRANA;Trafegar com motocicleta (ou similar) entre as faixas;Com Vítimas Feridas;4;Sol;Pleno dia;quinta-feira;Colisão traseira;Dupla;0;1;-19,87307675;-44,96153712;Perigosa;Sudeste;1 Trimestre
653091;2025.0;n;1.0;2025-01-04;SE;101;152;ESTANCIA;Afundamento ou ondulação no pavimento;Sem Vítimas;1;Sol;Pleno dia;sábado;Saída de leito carroçável;Simples;0;0;-11,27423982;-37,44799376;Segura;Nordeste;1 Trimestre
585341;2024.0;n;3.0;2024-03-06;RS;293;84,2;PIRATINI;Demais falhas mecânicas ou elétricas;Com Vítimas Feridas;1;Céu Claro;Pleno dia;quarta-feira;Saída de leito carroçável;Simples;0;0;-31.63828281;-53.16457499;Segura;Sul;1 Trimestre
653453;2025.0;n;1.0;2025-01-06;SP;381;65;MAIRIPORA;Demais falhas mecânicas ou elétricas;Com Vítimas Feridas;6;Sol;Amanhecer;segunda-feira;Colisão lateral mesmo sentido;Dupla;0;0;-23,31495374;-46,58245152;Segura;Sudeste;1 Trimestre
660496;2025.0;n;2.0;2025-02-10;RS;158;244,7;JULIO DE CASTILHOS;Demais falhas mecânicas ou elétricas;Com Vítimas Feridas;1;Sol;Pleno dia;segunda-feira;Incêndio;Simples;0;0;-29,06457202;-53,6469047;Segura;Sul;1 Trimestre
620314;2024.0;n;8.0;2024-08-10;PR;376;672;GUARATUBA;Velocidade Incompatível;Com Vítimas Feridas;2;Céu Claro;Pleno dia;sábado;Colisão traseira;Dupla;0;0;-25.89947;-48.927047;Segura;Sul;3 Trimestre
585922;2024.0;n;3.0;2024-03-08;SC;280;32;ARAQUARI;Chuva;Com Vítimas Feridas;3;Chuva;Pleno dia;sexta-feira;Colisão lateral mesmo sentido;Simples;0;0;-26.420618;-48.779335;Segura;Sul;1 Trimestre
659275;2025.0;n;2.0;2025-02-04;RS;448;21;CANOAS;Manobra de mudança de faixa;Com Vítimas Feridas;2;Sol;Pleno dia;terça-feira;Colisão lateral mesmo sentido;Múltipla;0;0;-29,96574;-51,202034;Segura;Sul;1 Trimestre
672611;2025.0;n;4.0;2025-04-09;AM;319;0,5;MANAUS;Carga excessiva e/ou mal acondicionada;Sem Vítimas;1;Céu Claro;Pleno dia;quarta-feira;Colisão com objeto;Dupla;0;0;-3,13016665;-59,94640594;Segura;Norte;2 Trimestre
585946;2024.0;n;3.0;2024-03-08;RS;386;159,8;ALMIRANTE TAMANDARE DO SUL;Acumulo de água sobre o pavimento;Com Vítimas Feridas;3;Chuva;Pleno dia;sexta-feira;Colisão lateral sentido oposto;Simples;0;0;-28.150818;-52.847565;Segura;Sul;1 Trimestre
667750;2025.0;n;3.0;2025-03-17;RO;364;344,5;JI-PARANA;Condutor desrespeitou a iluminação vermelha do semáforo;Com Vítimas Feridas;6;Céu Claro;Plena Noite;segunda-feira;Colisão transversal;Dupla;0;0;-10,870398;-61,957768;Segura;Norte;1 Trimestre
653760;2025.0;n;1.0;2025-01-07;RO;364;422;JARU;Retorno proibido;Sem Vítimas;2;Nublado;Anoitecer;terça-feira;Colisão lateral mesmo sentido;Simples;0;0;-10,4597532;-62,4558043;Segura;Norte;1 Trimestre
668819;2025.0;n;3.0;2025-03-22;ES;101;149,2;LINHARES;Acessar a via sem observar a presença dos outros veículos;Com Vítimas Feridas;2;Céu Claro;Pleno dia;sábado;Colisão transversal;Simples;0;0;-19,397151;-40,064013;Segura;Sudeste;1 Trimestre
616013;2024.0;n;7.0;2024-07-21;RJ;116;199;QUEIMADOS;Ausência de reação do condutor;Com Vítimas Fatais;5;Céu Claro;Plena Noite;domingo;Colisão lateral mesmo sentido;Dupla;1;0;-22.72898648;-43.58452101;Perigosa;Sudeste;3 Trimestre
668928;2025.0;n;3.0;2025-03-22;BA;101;543;SAO JOSE DA VITORIA;Velocidade Incompatível;Com Vítimas Feridas;2;Céu Claro;Anoitecer;sábado;Tombamento;Simples;0;1;-15,102625;-39,35865;Perigosa;Nordeste;1 Trimestre
655909;2025.0;n;1.0;2025-01-18;SC;282;452,5;PONTE SERRADA;Manobra de mudança de faixa;Com Vítimas Feridas;2;Sol;Pleno dia;sábado;Colisão lateral mesmo sentido;Simples;0;0;-26,90612;-51,970417;Segura;Sul;1 Trimestre
653425;2025.0;n;1.0;2025-01-06;MG;40;523;CONTAGEM;Ingestão de álcool pelo condutor;Sem Vítimas;1;Garoa/Chuvisco;Plena Noite;segunda-feira;Saída de leito carroçável;Dupla;0;0;-19,86874894;-44,05962197;Segura;Sudeste;1 Trimestre
657587;2025.0;n;1.0;2025-01-26;RS;116;70,5;CAMPESTRE DA SERRA;Acessar a via sem observar a presença dos outros veículos;Sem Vítimas;3;Céu Claro;Anoitecer;domingo;Colisão traseira;Simples;0;0;-28,71784397;-51,08742966;Segura;Sul;1 Trimestre
584231;2024.0;n;3.0;2024-03-01;SP;116;224;GUARULHOS;Ausência de reação do condutor;Com Vítimas Feridas;2;Céu Claro;Pleno dia;sexta-feira;Colisão traseira;Múltipla;0;0;-23.48071896;-46.53271603;Segura;Sudeste;1 Trimestre