id;ano;feriado;mes;data_inversa;uf;br;km;municipio;causa_acidente;classificacao_acidente;veiculos;condicao_metereologica;fase_dia;dia_semana;tipo_acidente;tipo_pista;mortos;feridos_graves;latitude;longitude;status;regiao;periodo
582276;2024.0;n;2.0;2024-02-20;ES;101;279;SERRA;Manobra de mudança de faixa;Com Vítimas Feridas;2;Nublado;Pleno dia;terça-feira;Colisão lateral mesmo sentido;Dupla;0;0;-20.218122;-40.339325;Segura;Sudeste;1 Trimestre
591187;2024.0;n;4.0;2024-04-01;SC;470;73,5;INDAIAL;Transitar na contramão;Com Vítimas Feridas;4;Céu Claro;Pleno dia;segunda-feira;Colisão frontal;Simples;0;0;-26.91369645;-49.27942341;Segura;Sul;2 Trimestre
588269;2024.0;n;3.0;2024-03-18;BA;101;541,9;SAO JOSE DA VITORIA;Ultrapassagem Indevida;Com Vítimas Feridas;2;Céu Claro;Pleno dia;segunda-feira;Colisão lateral mesmo sentido;Simples;0;0;-15.07856722;-39.33826447;Segura;Nordeste;1 Trimestre
613817;2024.0;n;7.0;2024-07-12;SC;101;200;SAO JOSE;Velocidade Incompatível;Com Vítimas Feridas;5;Garoa/Chuvisco;Plena Noite;sexta-feira;Colisão traseira;Múltipla;0;0;-27.54018513;-48.62287714;Segura;Sul;3 Trimestre
576020;2024.0;n;1.0;2024-01-20;PE;407;117;PETROLINA;Ingestão de álcool pelo condutor;Sem Vítimas;2;Céu Claro;Plena Noite;sábado;Colisão lateral mesmo sentido;Simples;0;0;-9.314647;-40.57336;Segura;Nordeste;1 Trimestre
665010;2025.0;n;3.0;2025-03-03;PR;153;384,3;MALLET;Ultrapassagem Indevida;Com Vítimas Feridas;3;Nublado;Pleno dia;segunda-feira;Colisão frontal;Simples;0;1;-25,86684846;-50,83489627;Perigosa;Sul;1 Trimestre
587841;2024.0;n;3.0;2024-03-17;SP;116;445;REGISTRO;Acessar a via sem observar a presença dos outros veículos;Com Vítimas Feridas;2;Céu Claro;Pleno dia;domingo;Colisão transversal;Dupla;0;1;-24.49790715;-47.84208686;Perigosa;Sudeste;1 Trimestre
659814;2025.0;n;2.0;2025-02-07;BA;324;535;CONCEICAO DO JACUIPE;Velocidade Incompatível;Com Vítimas Feridas;1;Chuva;Pleno dia;sexta-feira;Saída de leito carroçável;Simples;0;0;-12,35104617;-38,83402119;Segura;Nordeste;1 Trimestre
663481;2025.0;n;2.0;2025-02-24;BA;110;323;ALAGOINHAS;Carga excessiva e/ou mal acondicionada;Sem Vítimas;1;Céu Claro;Pleno dia;segunda-feira;Tombamento;Simples;0;0;-12,049;-38,36083;Segura;Nordeste;1 Trimestre
577057;2024.0;n;1.0;2024-01-25;ES;262;122;VENDA NOVA DO IMIGRANTE;Chuva;Com Vítimas Feridas;3;Chuva;Plena Noite;quinta-feira;Colisão lateral sentido oposto;Simples;0;0;-20.33756085;-41.19989497;Segura;Sudeste;1 Trimestre
605506;2024.0;n;6.0;2024-06-06;RO;364;15,9;VILHENA;Desrespeitar a preferência no cruzamento;Com Vítimas Feridas;2;Céu Claro;Pleno dia;quinta-feira;Colisão transversal;Simples;0;0;-12.73672751;-60.14804088;Segura;Norte;2 Trimestre
667200;2025.0;n;3.0;2025-03-14;GO;452;165;ITUMBIARA;Condutor Dormindo;Com Vítimas Feridas;1;Céu Claro;Pleno dia;sexta-feira;Saída de leito carroçável;Simples;0;0;-18,308831;-49,506573;Segura;Centro-Oeste;1 Trimestre
630448;2024.0;n;9.0;2024-09-25;RO;364;345,1;JI-PARANA;Mal súbito do condutor;Com Vítimas Feridas;3;Sol;Pleno dia;quarta-feira;Engavetamento;Dupla;0;0;-10.8688113;-61.9601791;Segura;Norte;3 Trimestre
602215;2024.0;n;5.0;2024-05-10;SC;470;189;POUSO REDONDO;Transitar na contramão;Sem Vítimas;4;Nublado;Plena Noite;sexta-feira;Colisão lateral sentido oposto;Simples;0;0;-27.275368;-50.063206;Segura;Sul;2 Trimestre
628801;2024.0;n;9.0;2024-09-17;MT;158;789;BARRA DO GARCAS;Ausência de reação do condutor;Sem Vítimas;2;Céu Claro;Plena Noite;terça-feira;Colisão com objeto;Simples;0;0;-15.81783013;-52.30325965;Segura;Centro-Oeste;3 Trimestre
653674;2025.0;n;1.0;2025-01-07;RS;116;505,5;PELOTAS;Demais falhas mecânicas ou elétricas;Sem Vítimas;1;Sol;Pleno dia;terça-feira;Incêndio;Dupla;0;0;-31,58853468;-52,27995231;Segura;Sul;1 Trimestre
577056;2024.0;n;1.0;2024-01-25;MG;262;553,6;LUZ;Demais falhas mecânicas ou elétricas;Com Vítimas Feridas;9;Céu Claro;Pleno dia;quinta-feira;Colisão traseira;Simples;0;0;-19.71819541;-45.89938601;Segura;Sudeste;1 Trimestre
689838;2025.0;n;2.0;2025-02-25;PR;376;668;GUARATUBA;Demais falhas mecânicas ou elétricas;Sem Vítimas;2;Céu Claro;Pleno dia;terça-feira;Incêndio;Dupla;0;0;-25,86950429;-48,93431783;Segura;Sul;1 Trimestre
592564;2024.0;n;4.0;2024-04-08;BA;242;527;OLIVEIRA DOS BREJINHOS;Ausência de reação do condutor;Com Vítimas Feridas;3;Céu Claro;Pleno dia;segunda-feira;Tombamento;Simples;0;0;-12.15547222;-42.86109924;Segura;Nordeste;2 Trimestre
621132;2024.0;n;8.0;2024-08-14;MA;316;489,1;CODO;Reação tardia ou ineficiente do condutor;Com Vítimas Feridas;5;Céu Claro;Plena Noite;quarta-feira;Colisão lateral mesmo sentido;Simples;0;0;-4.658032;-43.845524;Segura;Nordeste;3 Trimestre
591201;2024.0;n;4.0;2024-04-01;PE;232;244,5;ARCOVERDE;Acumulo de água sobre o pavimento;Com Vítimas Feridas;2;Chuva;Pleno dia;segunda-feira;Colisão com objeto;Simples;0;0;-8.41863444;-36.99827208;Segura;Nordeste;2 Trimestre
590274;2024.0;n;3.0;2024-03-28;BA;242;422;SEABRA;Condutor deixou de manter distância do veículo da frente;Com Vítimas Feridas;2;Garoa/Chuvisco;Pleno dia;quinta-feira;Colisão traseira;Simples;0;0;-12.42107802;-41.83842802;Segura;Nordeste;1 Trimestre
668694;2025.0;n;3.0;2025-03-21;SC;470;110,2;APIUNA;Condutor deixou de manter distância do veículo da frente;Com Vítimas Feridas;4;Céu Claro;Pleno dia;sexta-feira;Engavetamento;Simples;0;0;-27,08586023;-49,45760071;Segura;Sul;1 Trimestre
613346;2024.0;n;7.0;2024-07-09;RS;285;445;BOZANO;Acumulo de água sobre o pavimento;Com Vítimas Fatais;3;Chuva;Plena Noite;terça-feira;Colisão frontal;Simples;1;1;-28.364841;-53.781818;Perigosa;Sul;3 Trimestre
655265;2025.0;n;1.0;2025-01-15;MT;364;573;NOBRES;Chuva;Com Vítimas Feridas;1;Chuva;Pleno dia;quarta-feira;Saída de leito carroçável;Dupla;0;0;-14,70707506;-56,32215373;Segura;Centro-Oeste;1 Trimestre
671794;2025.0;n;4.0;2025-04-05;MG;40;668;CARANDAI;Transitar na contramão;Com Vítimas Fatais;2;Nublado;Pleno dia;sábado;Colisão frontal;Simples;1;0;-20,9567535;-43,7915252;Perigosa;Sudeste;2 Trimestre
597391;2024.0;n;4.0;2024-04-30;SP;381;33;ATIBAIA;Reação tardia ou ineficiente do condutor;Com Vítimas Feridas;3;Céu Claro;Pleno dia;terça-feira;Colisão transversal;Dupla;0;0;-23.0728028;-46.56673562;Segura;Sudeste;2 Trimestre
656981;2025.0;n;1.0;2025-01-24;SE;101;144,2;ESTANCIA;Transitar no Acostamento;Com Vítimas Fatais;4;Céu Claro;Pleno dia;sexta-feira;Colisão com objeto;Dupla;1;0;-11,20044883;-37,40968738;Perigosa;Nordeste;1 Trimestre
573572;2024.0;n;1.0;2024-01-09;RO;435;107;COLORADO DO OESTE;Condutor deixou de manter distância do veículo da frente;Com Vítimas Fatais;5;Chuva;Pleno dia;terça-feira;Colisão frontal;Simples;2;2;-13.19112095;-60.669045;Perigosa;Norte;1 Trimestre
623219;2024.0;n;8.0;2024-08-24;AP;210;2;MACAPA;Ingestão de álcool pelo condutor;Com Vítimas Feridas;1;Céu Claro;Plena Noite;sábado;Tombamento;Dupla;0;0;0.08282017;-51.07776189;Segura;Norte;3 Trimestre
623669;2024.0;n;8.0;2024-08-26;CE;116;481,1;MILAGRES;Velocidade Incompatível;Com Vítimas Feridas;5;Céu Claro;Plena Noite;segunda-feira;Colisão transversal;Simples;0;2;-7.30948525;-38.9373064;Perigosa;Nordeste;3 Trimestre
671424;2025.0;n;4.0;2025-04-03;RO;364;713;PORTO VELHO;Manobra de mudança de faixa;Com Vítimas Feridas;5;Céu Claro;Pleno dia;quinta-feira;Colisão lateral mesmo sentido;Dupla;0;0;-8,77367965;-63,87944698;Segura;Norte;2 Trimestre
587345;2024.0;n;3.0;2024-03-15;MA;135;45;BACABEIRA;Retorno proibido;Com Vítimas Feridas;2;Céu Claro;Amanhecer;sexta-feira;Colisão transversal;Dupla;0;1;-2.92373274;-44.34012671;Perigosa;Nordeste;1 Trimestre
592986;2024.0;n;4.0;2024-04-10;SP;116;449;REGISTRO;Estacionar ou parar em local proibido;Com Vítimas Fatais;3;Céu Claro;Plena Noite;quarta-feira;Colisão traseira;Dupla;1;0;-24.52913591;-47.85619324;Perigosa;Sudeste;2 Trimestre
610759;2024.0;n;6.0;2024-06-29;MT;163;686;LUCAS DO RIO VERDE;Reação tardia ou ineficiente do condutor;Com Vítimas Feridas;4;Céu Claro;Pleno dia;sábado;Colisão frontal;Simples;0;1;-13.19174413;-55.98980472;Perigosa;Centro-Oeste;2 Trimestre
613913;2024.0;n;7.0;2024-07-12;PA;163;575;TRAIRAO;Acessar a via sem observar a presença dos outros veículos;Com Vítimas Feridas;5;Céu Claro;Pleno dia;sexta-feira;Colisão transversal;Simples;0;1;-5.0168803;-56.18685813;Perigosa;Norte;3 Trimestre
611911;2024.0;n;7.0;2024-07-04;SC;470;60,2;BLUMENAU;Acessar a via sem observar a presença dos outros veículos;Com Vítimas Feridas;3;Céu Claro;Pleno dia;quinta-feira;Colisão transversal;Simples;0;0;-26.88138;-49.164543;Segura;Sul;3 Trimestre
597054;2024.0;n;4.0;2024-04-28;BA;116;811,8;VITORIA DA CONQUISTA;Acessar a via sem observar a presença dos outros veículos;Com Vítimas Feridas;2;Chuva;Plena Noite;domingo;Colisão transversal;Simples;0;1;-14.75613602;-40.68942499;Perigosa;Nordeste;2 Trimestre
654055;2025.0;n;1.0;2025-01-09;SC;101;113;ITAJAI;Condutor deixou de manter distância do veículo da frente;Com Vítimas Feridas;3;Céu Claro;Pleno dia;quinta-feira;Colisão lateral mesmo sentido;Múltipla;0;0;-26,85311393;-48,72689927;Segura;Sul;1 Trimestre
579234;2024.0;n;2.0;2024-02-05;PE;232;7,1;RECIFE;Trafegar com motocicleta (ou similar) entre as faixas;Com Vítimas Feridas;3;Céu Claro;Plena Noite;segunda-feira;Colisão lateral mesmo sentido;Múltipla;0;0;-8.07333497;-34.96184301;Segura;Nordeste;1 Trimestre
610702;2024.0;n;6.0;2024-06-28;MT;163;985;TERRA NOVA DO NORTE;Ingestão de álcool pelo condutor;Sem Vítimas;4;Céu Claro;Plena Noite;sexta-feira;Colisão traseira;Simples;0;0;-10.62061126;-55.12111925;Segura;Centro-Oeste;2 Trimestre
575411;2024.0;n;1.0;2024-01-18;MG;40;669,2;CARANDAI;Condutor Dormindo;Com Vítimas Feridas;3;Céu Claro;Plena Noite;quinta-feira;Saída de leito carroçável;Simples;0;0;-20.966099;-43.786759;Segura;Sudeste;1 Trimestre
661975;2025.0;n;2.0;2025-02-17;PB;230;62,2;CRUZ DO ESPIRITO SANTO;Reação tardia ou ineficiente do condutor;Sem Vítimas;2;Céu Claro;Pleno dia;segunda-feira;Colisão traseira;Dupla;0;0;-7,202;-35,1574;Segura;Nordeste;1 Trimestre
652653;2025.0;y;1.0;2025-01-01;RS;293;90,5;PIRATINI;Afundamento ou ondulação no pavimento;Com Vítimas Feridas;1;Céu Claro;Anoitecer;quarta-feira;Saída de leito carroçável;Simples;0;0;-31,636463;-53,217259;Segura;Sul;1 Trimestre
624648;2024.0;n;8.0;2024-08-30;BA;116;496;RAFAEL JAMBEIRO;Pista Escorregadia;Com Vítimas Feridas;3;Chuva;Plena Noite;sexta-feira;Colisão frontal;Simples;0;0;-12.57312266;-39.49880917;Segura;Nordeste;3 Trimestre
613890;2024.0;n;7.0;2024-07-12;PR;277;124,9;CAMPO LARGO;Acessar a via sem observar a presença dos outros veículos;Sem Vítimas;5;Garoa/Chuvisco;Pleno dia;sexta-feira;Colisão lateral mesmo sentido;Dupla;0;0;-25.44663809;-49.48877001;Segura;Sul;3 Trimestre
594694;2024.0;n;4.0;2024-04-17;RO;435;71;COLORADO DO OESTE;Pista esburacada;Com Vítimas Feridas;3;Chuva;Anoitecer;quarta-feira;Tombamento;Simples;0;0;-13.1021662;-60.41098797;Segura;Norte;2 Trimestre
606914;2024.0;n;6.0;2024-06-09;GO;153;668;GOIATUBA;Demais falhas mecânicas ou elétricas;Sem Vítimas;3;Céu Claro;Amanhecer;domingo;Incêndio;Dupla;0;0;-18.1241;-49.283;Segura;Centro-Oeste;2 Trimestre
606949;2024.0;n;5.0;2024-05-31;PE;407;124;PETROLINA;Acessar a via sem observar a presença dos outros veículos;Sem Vítimas;2;Céu Claro;Pleno dia;sexta-feira;Colisão lateral mesmo sentido;Dupla;0;0;-9.36929881;-40.54137139;Segura;Nordeste;2 Trimestre
577892;2024.0;n;1.0;2024-01-29;BA;116;576;BREJOES;Velocidade Incompatível;Com Vítimas Feridas;3;Céu Claro;Anoitecer;segunda-feira;Colisão traseira;Simples;0;0;-13.0913246;-39.9630336;Segura;Nordeste;1 Trimestre
618083;2024.0;n;7.0;2024-07-31;BA;116;685;JEQUIE;Ultrapassagem Indevida;Sem Vítimas;3;Céu Claro;Pleno dia;quarta-feira;Colisão lateral mesmo sentido;Simples;0;0;-13.89460708;-40.14410687;Segura;Nordeste;3 Trimestre
578660;2024.0;n;2.0;2024-02-02;PR;376;316;ORTIGUEIRA;Ingestão de álcool pelo condutor;Com Vítimas Feridas;2;Céu Claro;Plena Noite;sexta-feira;Saída de leito carroçável;Dupla;0;0;-24.0001061;-51.0853817;Segura;Sul;1 Trimestre
653365;2025.0;n;1.0;2025-01-05;GO;153;500,2;GOIANIA;Condutor deixou de manter distância do veículo da frente;Com Vítimas Feridas;2;Céu Claro;Anoitecer;domingo;Colisão traseira;Dupla;0;0;-16,7118;-49,2324;Segura;Centro-Oeste;1 Trimestre
688104;2025.0;n;4.0;2025-04-29;BA;324;613;SALVADOR;Trafegar com motocicleta (ou similar) entre as faixas;Com Vítimas Feridas;2;Céu Claro;Plena Noite;terça-feira;Colisão traseira;Dupla;0;0;-12,8599376;-38,4218536;Segura;Nordeste;2 Trimestre
604567;2024.0;n;6.0;2024-06-01;BA;116;219;EUCLIDES DA CUNHA;Ausência de reação do condutor;Com Vítimas Feridas;3;Garoa/Chuvisco;Plena Noite;sábado;Colisão traseira;Dupla;0;0;-10.51345007;-39.00746942;Segura;Nordeste;2 Trimestre
615619;2024.0;n;7.0;2024-07-20;MA;316;618,2;TIMON;Manobra de mudança de faixa;Com Vítimas Fatais;5;Céu Claro;Plena Noite;sábado;Colisão frontal;Simples;1;0;-5.111158;-42.826832;Perigosa;Nordeste;3 Trimestre
668246;2025.0;n;3.0;2025-03-19;PI;343;14;PARNAIBA;Conversão proibida;Com Vítimas Feridas;2;Céu Claro;Pleno dia;quarta-feira;Colisão lateral mesmo sentido;Dupla;0;1;-2,92894855;-41,75353646;Perigosa;Nordeste;1 Trimestre
688304;2025.0;n;4.0;2025-04-30;SC;282;592,9;SAUDADES;Velocidade Incompatível;Com Vítimas Fatais;3;Sol;Pleno dia;quarta-feira;Colisão frontal;Simples;1;0;-26,8260392;-53,1018286;Perigosa;Sul;2 Trimestre
624379;2024.0;n;7.0;2024-07-14;PA;230;599;VITORIA DO XINGU;Condutor Dormindo;Com Vítimas Feridas;2;Céu Claro;Plena Noite;domingo;Saída de leito carroçável;Simples;0;0;-3.09358677;-51.90192327;Segura;Norte;3 Trimestre
686496;2025.0;y;4.0;2025-04-21;RJ;101;20;CAMPOS DOS GOYTACAZES;Demais falhas mecânicas ou elétricas;Com Vítimas Feridas;2;Nublado;Pleno dia;segunda-feira;Tombamento;Simples;0;0;-21,394169;-41,345414;Segura;Sudeste;2 Trimestre
579385;2024.0;n;2.0;2024-02-06;TO;153;307;GUARAI;Ausência de reação do condutor;Sem Vítimas;4;Céu Claro;Pleno dia;terça-feira;Colisão com objeto;Simples;0;0;-8.59672901;-48.48314149;Segura;Norte;1 Trimestre
614234;2024.0;n;7.0;2024-07-13;SC;101;38,1;JOINVILLE;Velocidade Incompatível;Com Vítimas Fatais;4;Chuva;Plena Noite;sábado;Colisão com objeto;Múltipla;2;0;-26.2935182;-48.8845734;Perigosa;Sul;3 Trimestre
587242;2024.0;n;1.0;2024-01-14;ES;262;29,6;DOMINGOS MARTINS;Ultrapassagem Indevida;Com Vítimas Feridas;5;Céu Claro;Plena Noite;domingo;Colisão lateral sentido oposto;Simples;0;1;-20.38426904;-40.55863435;Perigosa;Sudeste;1 Trimestre
662711;2025.0;n;2.0;2025-02-21;PR;277;186;PALMEIRA;Avarias e/ou desgaste excessivo no pneu;Sem Vítimas;2;Céu Claro;Pleno dia;sexta-feira;Incêndio;Simples;0;0;-25,4277724;-50,12821198;Segura;Sul;1 Trimestre
669420;2025.0;n;3.0;2025-03-25;PE;104;77,9;AGRESTINA;Velocidade Incompatível;Com Vítimas Feridas;1;Nublado;Amanhecer;terça-feira;Saída de leito carroçável;Simples;0;2;-8,386067;-35,981151;Perigosa;Nordeste;1 Trimestre
584409;2024.0;n;3.0;2024-03-02;PR;163;140;CAPITAO LEONIDAS MARQUES;Velocidade Incompatível;Com Vítimas Feridas;4;Céu Claro;Pleno dia;sábado;Colisão lateral sentido oposto;Simples;0;0;-25.49765306;-53.59938318;Segura;Sul;1 Trimestre
598532;2024.0;n;5.0;2024-05-05;RO;421;59;MONTE NEGRO;Demais falhas na via;Com Vítimas Feridas;3;Céu Claro;Pleno dia;domingo;Colisão traseira;Simples;0;1;-10.330086;-63.339947;Perigosa;Norte;2 Trimestre
616873;2024.0;n;7.0;2024-07-25;SC;285;50;TIMBE DO SUL;Demais falhas mecânicas ou elétricas;Com Vítimas Feridas;2;Céu Claro;Plena Noite;quinta-feira;Colisão lateral mesmo sentido;Simples;0;0;-28.806;-49.938;Segura;Sul;3 Trimestre
598127;2024.0;n;5.0;2024-05-03;GO;452;40;SANTA HELENA DE GOIAS;Demais falhas mecânicas ou elétricas;Sem Vítimas;2;Nublado;Plena Noite;sexta-feira;Incêndio;Múltipla;0;0;-17.929413;-50.555154;Segura;Centro-Oeste;2 Trimestre
584460;2024.0;n;3.0;2024-03-02;MG;251;357;PADRE CARVALHO;Demais falhas mecânicas ou elétricas;Sem Vítimas;2;Garoa/Chuvisco;Plena Noite;sábado;Incêndio;Simples;0;0;-16.2648796;-42.58558298;Segura;Sudeste;1 Trimestre
608909;2024.0;n;6.0;2024-06-21;RO;364;432;JARU;Ausência de reação do condutor;Com Vítimas Feridas;5;Céu Claro;Plena Noite;sexta-feira;Colisão lateral sentido oposto;Simples;0;0;-10.40041019;-62.52516413;Segura;Norte;2 Trimestre
600935;2024.0;n;5.0;2024-05-16;MG;381;916,9;CAMANDUCAIA;Condutor deixou de manter distância do veículo da frente;Com Vítimas Fatais;5;Céu Claro;Plena Noite;quinta-feira;Colisão traseira;Dupla;1;0;-22.76274616;-46.17087395;Perigosa;Sudeste;2 Trimestre
582442;2024.0;n;2.0;2024-02-21;PR;277;136,1;BALSA NOVA;Ausência de reação do condutor;Sem Vítimas;12;Chuva;Pleno dia;quarta-feira;Engavetamento;Dupla;0;0;-25.471417;-49.694991;Segura;Sul;1 Trimestre
669980;2025.0;n;3.0;2025-03-28;CE;222;26;CAUCAIA;Ausência de reação do condutor;Com Vítimas Feridas;1;Céu Claro;Plena Noite;sexta-feira;Saída de leito carroçável;Dupla;0;1;-3,71977529;-38,79624367;Perigosa;Nordeste;1 Trimestre
572640;2024.0;n;1.0;2024-01-04;PR;116;14;CAMPINA GRANDE DO SUL;Demais falhas mecânicas ou elétricas;Com Vítimas Feridas;2;Garoa/Chuvisco;Pleno dia;quinta-feira;Colisão com objeto;Dupla;0;0;-25.09836429;-48.67391969;Segura;Sul;1 Trimestre
671006;2025.0;n;4.0;2025-04-01;MG;262;576;CORREGO DANTA;Ausência de reação do condutor;Com Vítimas Feridas;2;Nublado;Plena Noite;terça-feira;Saída de leito carroçável;Simples;0;0;-19,66433095;-46,0664463;Segura;Sudeste;2 Trimestre
610349;2024.0;n;6.0;2024-06-27;MT;174;559;COMODORO;Reação tardia ou ineficiente do condutor;Com Vítimas Feridas;5;Céu Claro;Pleno dia;quinta-feira;Colisão transversal;Simples;0;1;-13.08219702;-59.89304209;Perigosa;Centro-Oeste;2 Trimestre
621676;2024.0;n;8.0;2024-08-16;BA;101;884;TEIXEIRA DE FREITAS;Reação tardia ou ineficiente do condutor;Com Vítimas Fatais;2;Céu Claro;Plena Noite;sexta-feira;Saída de leito carroçável;Simples;1;0;-17.5960372;-39.74945069;Perigosa;Nordeste;3 Trimestre
584489;2024.0;n;3.0;2024-03-02;SC;282;75;RANCHO QUEIMADO;Avarias e/ou desgaste excessivo no pneu;Com Vítimas Feridas;4;Céu Claro;Pleno dia;sábado;Tombamento;Simples;0;1;-27.690931;-49.129143;Perigosa;Sul;1 Trimestre
660095;2025.0;n;2.0;2025-02-08;MG;381;940;EXTREMA;Velocidade Incompatível;Com Vítimas Feridas;2;Nublado;Pleno dia;sábado;Tombamento;Dupla;0;0;-22,85421396;-46,33740277;Segura;Sudeste;1 Trimestre
686525;2025.0;y;4.0;2025-04-21;MG;381;437;SABARA;Ausência de reação do condutor;Com Vítimas Feridas;3;Nublado;Anoitecer;segunda-feira;Colisão transversal;Simples;0;0;-19,79166056;-43,74489784;Segura;Sudeste;2 Trimestre
669527;2025.0;n;3.0;2025-03-25;SC;101;207;SAO JOSE;Manobra de mudança de faixa;Com Vítimas Feridas;3;Nublado;Pleno dia;terça-feira;Colisão traseira;Múltipla;0;1;-27,600992;-48,623542;Perigosa;Sul;1 Trimestre
671929;2025.0;n;4.0;2025-04-06;MG;381;661,3;SANTO ANTONIO DO AMPARO;Pedestre cruzava a pista fora da faixa;Com Vítimas Fatais;2;Nublado;Amanhecer;domingo;Atropelamento de Pedestre;Dupla;1;0;-21,05512623;-45,03152132;Perigosa;Sudeste;2 Trimestre
668917;2025.0;n;2.0;2025-02-12;PA;163;299;NOVO PROGRESSO;Demais falhas na via;Com Vítimas Fatais;5;Céu Claro;Anoitecer;quarta-feira;Colisão frontal;Simples;1;0;-7,14128815;-55,38273776;Perigosa;Norte;1 Trimestre
609989;2024.0;n;6.0;2024-06-25;RS;153;492;CACAPAVA DO SUL;Ausência de reação do condutor;Com Vítimas Feridas;3;Nublado;Anoitecer;terça-feira;Colisão traseira;Simples;0;1;-30.42236184;-53.37245559;Perigosa;Sul;2 Trimestre
653374;2025.0;n;1.0;2025-01-05;RJ;116;196;QUEIMADOS;Velocidade Incompatível;Com Vítimas Feridas;1;Céu Claro;Anoitecer;domingo;Colisão com objeto;Simples;0;0;-22,73336575;-43,55659479;Segura;Sudeste;1 Trimestre
606706;2024.0;n;6.0;2024-06-11;PE;101;78,1;RECIFE;Manobra de mudança de faixa;Com Vítimas Feridas;2;Nublado;Pleno dia;terça-feira;Colisão transversal;Dupla;0;0;-8.13661;-34.947281;Segura;Nordeste;2 Trimestre
599253;2024.0;n;2.0;2024-02-15;SP;116;74,5;APARECIDA;Acumulo de água sobre o pavimento;Com Vítimas Feridas;3;Chuva;Pleno dia;quinta-feira;Colisão lateral mesmo sentido;Dupla;0;0;-22.87353809;-45.25320023;Segura;Sudeste;1 Trimestre
588933;2024.0;n;3.0;2024-03-22;MG;40;497;ESMERALDAS;Manobra de mudança de faixa;Com Vítimas Feridas;3;Céu Claro;Pleno dia;sexta-feira;Colisão traseira;Dupla;0;0;-19.67802022;-44.18830216;Segura;Sudeste;1 Trimestre
624551;2024.0;n;8.0;2024-08-30;SC;470;259,4;CURITIBANOS;Curva acentuada;Com Vítimas Feridas;2;Céu Claro;Amanhecer;sexta-feira;Tombamento;Simples;0;0;-27.30024868;-50.67877293;Segura;Sul;3 Trimestre
577819;2024.0;n;1.0;2024-01-05;RJ;101;397;ITAGUAI;Reação tardia ou ineficiente do condutor;Com Vítimas Feridas;2;Céu Claro;Pleno dia;sexta-feira;Colisão traseira;Dupla;0;0;-22.871171;-43.745031;Segura;Sudeste;1 Trimestre
615155;2024.0;n;7.0;2024-07-18;RN;304;49;MOSSORO;Reação tardia ou ineficiente do condutor;Sem Vítimas;2;Céu Claro;Amanhecer;quinta-feira;Colisão com objeto;Dupla;0;0;-5.236461;-37.317505;Segura;Nordeste;3 Trimestre
662695;2025.0;n;2.0;2025-02-21;MT;364;1237;COMODORO;Ausência de sinalização;Com Vítimas Feridas;6;Chuva;Amanhecer;sexta-feira;Colisão lateral mesmo sentido;Simples;0;0;-13,6967934;-59,71804046;Segura;Centro-Oeste;1 Trimestre
584427;2024.0;n;3.0;2024-03-02;SC;101;114;ITAJAI;Ausência de reação do condutor;Com Vítimas Feridas;3;Sol;Pleno dia;sábado;Colisão traseira;Dupla;0;0;-26.86192886;-48.7286704;Segura;Sul;1 Trimestre
620115;2024.0;n;8.0;2024-08-09;GO;50;306,3;CUMARI;Velocidade Incompatível;Com Vítimas Feridas;2;Sol;Pleno dia;sexta-feira;Tombamento;Dupla;0;0;-18.3701;-48.0555;Segura;Centro-Oeste;3 Trimestre
614365;2024.0;n;7.0;2024-07-14;MG;40;463,9;SETE LAGOAS;Velocidade Incompatível;Com Vítimas Feridas;2;Céu Claro;Pleno dia;domingo;Saída de leito carroçável;Dupla;0;0;-19.43110896;-44.33657482;Segura;Sudeste;3 Trimestre
608625;2024.0;n;6.0;2024-06-19;RS;116;248;SAO LEOPOLDO;Condutor deixou de manter distância do veículo da frente;Sem Vítimas;2;Chuva;Anoitecer;quarta-feira;Colisão traseira;Dupla;0;0;-29.77605895;-51.15508618;Segura;Sul;2 Trimestre
624833;2024.0;n;8.0;2024-08-31;RS;470;156;NOVA PRATA;Manobra de mudança de faixa;Com Vítimas Feridas;2;Nublado;Pleno dia;sábado;Colisão lateral mesmo sentido;Dupla;0;0;-28.78874508;-51.61532195;Segura;Sul;3 Trimestre
687463;2025.0;n;4.0;2025-04-26;GO;153;651;GOIATUBA;Velocidade Incompatível;Com Vítimas Feridas;2;Céu Claro;Pleno dia;sábado;Tombamento;Dupla;0;0;-17,967586;-49,253546;Segura;Centro-Oeste;2 Trimestre
608263;2024.0;n;6.0;2024-06-17;MG;381;0,5;BETIM;Manobra de mudança de faixa;Com Vítimas Feridas;2;Céu Claro;Plena Noite;segunda-feira;Colisão lateral mesmo sentido;Dupla;0;0;-19.96825;-44.198708;Segura;Sudeste;2 Trimestre
573330;2024.0;n;1.0;2024-01-08;PR;373;228,1;IMBITUVA;Ausência de reação do condutor;Com Vítimas Feridas;4;Sol;Pleno dia;segunda-feira;Colisão traseira;Simples;0;0;-25.174608;-50.639412;Segura;Sul;1 Trimestre
626887;2024.0;n;9.0;2024-09-09;MS;163;411;NOVA ALVORADA DO SUL;Ausência de reação do condutor;Com Vítimas Feridas;5;Céu Claro;Pleno dia;segunda-feira;Engavetamento;Simples;0;1;-21.07073806;-54.49450723;Perigosa;Centro-Oeste;3 Trimestre
595790;2024.0;n;4.0;2024-04-23;PR;376;88;PARANAVAI;Acessar a via sem observar a presença dos outros veículos;Com Vítimas Feridas;3;Céu Claro;Plena Noite;terça-feira;Colisão transversal;Simples;0;0;-22.99527855;-52.58495389;Segura;Sul;2 Trimestre