id;ano;feriado;mes;data_inversa;uf;br;km;municipio;causa_acidente;classificacao_acidente;veiculos;condicao_metereologica;fase_dia;dia_semana;tipo_acidente;tipo_pista;mortos;feridos_graves;latitude;longitude;status;regiao;periodo
666998;2025.0;n;3.0;2025-03-13;MA;10;252;IMPERATRIZ;Problema com o freio;Com Vítimas Feridas;2;Céu Claro;Pleno dia;quinta-feira;Colisão lateral mesmo sentido;Simples;0;1;-5,53559061;-47,46938109;Perigosa;Nordeste;1 Trimestre
610467;2024.0;n;6.0;2024-06-27;BA;116;164;CANUDOS;Animais na Pista;Com Vítimas Feridas;1;Céu Claro;Plena Noite;quinta-feira;Atropelamento de Animal;Simples;0;0;-10.05458498;-39.15325095;Segura;Nordeste;2 Trimestre
659339;2025.0;n;2.0;2025-02-05;ES;259;8,5;JOAO NEIVA;Ausência de reação do condutor;Com Vítimas Feridas;2;Céu Claro;Amanhecer;quarta-feira;Tombamento;Simples;0;0;-19,68073376;-40,39141693;Segura;Sudeste;1 Trimestre
652984;2025.0;n;1.0;2025-01-03;MG;381;732,5;CARMO DA CACHOEIRA;Chuva;Com Vítimas Feridas;1;Chuva;Pleno dia;sexta-feira;Saída de leito carroçável;Dupla;0;0;-21,55413799;-45,24499427;Segura;Sudeste;1 Trimestre
615996;2024.0;n;7.0;2024-07-21;MG;365;571,1;INDIANOPOLIS;Estacionar ou parar em local proibido;Com Vítimas Feridas;5;Céu Claro;Pleno dia;domingo;Engavetamento;Simples;0;1;-18.90841479;-47.88109197;Perigosa;Sudeste;3 Trimestre
598886;2024.0;n;5.0;2024-05-07;PR;373;235;IMBITUVA;Reação tardia ou ineficiente do condutor;Com Vítimas Feridas;3;Céu Claro;Pleno dia;terça-feira;Tombamento;Simples;0;0;-25.18041451;-50.71545996;Segura;Sul;2 Trimestre
657034;2025.0;n;1.0;2025-01-24;MG;40;498,9;ESMERALDAS;Manobra de mudança de faixa;Com Vítimas Feridas;3;Céu Claro;Pleno dia;sexta-feira;Colisão traseira;Dupla;0;0;-19,68467685;-44,18191183;Segura;Sudeste;1 Trimestre
619983;2024.0;n;8.0;2024-08-09;CE;116;53,9;PACAJUS;Condutor Dormindo;Com Vítimas Feridas;1;Céu Claro;Plena Noite;sexta-feira;Saída de leito carroçável;Múltipla;0;0;-4.19724544;-38.46942186;Segura;Nordeste;3 Trimestre
620283;2024.0;n;8.0;2024-08-10;MT;364;296;JACIARA;Reação tardia ou ineficiente do condutor;Sem Vítimas;3;Céu Claro;Amanhecer;sábado;Tombamento;Dupla;0;0;-15.8641558;-55.12584675;Segura;Centro-Oeste;3 Trimestre
618836;2024.0;n;8.0;2024-08-03;MT;364;327,4;CAMPO VERDE;Ingestão de álcool pelo condutor;Com Vítimas Fatais;6;Céu Claro;Pleno dia;sábado;Colisão traseira;Dupla;1;1;-15.81572524;-55.39421693;Perigosa;Centro-Oeste;3 Trimestre
668329;2025.0;n;3.0;2025-03-19;SP;116;227;GUARULHOS;Ausência de reação do condutor;Com Vítimas Feridas;3;Nublado;Plena Noite;quarta-feira;Colisão traseira;Múltipla;0;1;-23,49531105;-46,55528605;Perigosa;Sudeste;1 Trimestre
621580;2024.0;n;8.0;2024-08-16;CE;116;23;AQUIRAZ;Condutor deixou de manter distância do veículo da frente;Sem Vítimas;2;Céu Claro;Pleno dia;sexta-feira;Colisão traseira;Simples;0;0;-3.94905489;-38.51212845;Segura;Nordeste;3 Trimestre
667938;2025.0;n;3.0;2025-03-17;SC;282;574,6;PINHALZINHO;Ultrapassagem Indevida;Com Vítimas Feridas;3;Céu Claro;Anoitecer;segunda-feira;Colisão frontal;Simples;0;0;-26,87288956;-52,95665503;Segura;Sul;1 Trimestre
597442;2024.0;n;4.0;2024-04-30;RO;364;339,7;JI-PARANA;Condutor desrespeitou a iluminação vermelha do semáforo;Com Vítimas Feridas;2;Céu Claro;Pleno dia;terça-feira;Colisão transversal;Dupla;0;0;-10.907816;-61.93017402;Segura;Norte;2 Trimestre
605072;2024.0;n;6.0;2024-06-04;SP;116;296,2;ITAPECERICA DA SERRA;Pedestre andava na pista;Com Vítimas Feridas;5;Céu Claro;Plena Noite;terça-feira;Atropelamento de Pedestre;Simples;0;0;-23.775485;-46.914416;Segura;Sudeste;2 Trimestre
579976;2024.0;n;2.0;2024-02-09;PR;373;172,2;PONTA GROSSA;Ingestão de álcool pelo condutor;Sem Vítimas;3;Céu Claro;Pleno dia;sexta-feira;Colisão lateral mesmo sentido;Dupla;0;0;-25.08139932;-50.19200981;Segura;Sul;1 Trimestre
625910;2024.0;n;9.0;2024-09-05;MG;381;437,9;SABARA;Ausência de reação do condutor;Com Vítimas Feridas;4;Sol;Pleno dia;quinta-feira;Colisão lateral mesmo sentido;Simples;0;0;-19.80933086;-43.76826997;Segura;Sudeste;3 Trimestre
610844;2024.0;n;6.0;2024-06-29;BA;101;739;ITABELA;Velocidade Incompatível;Com Vítimas Feridas;1;Céu Claro;Pleno dia;sábado;Tombamento;Simples;0;0;-16.5328508;-39.5666908;Segura;Nordeste;2 Trimestre
581754;2024.0;n;2.0;2024-02-17;MG;50;77,3;UBERLANDIA;Ausência de reação do condutor;Com Vítimas Feridas;2;Nublado;Plena Noite;sábado;Colisão traseira;Dupla;0;0;-18.93704836;-48.21962714;Segura;Sudeste;1 Trimestre
660513;2025.0;n;2.0;2025-02-10;SC;101;47;JOINVILLE;Mal súbito do condutor;Com Vítimas Feridas;3;Céu Claro;Pleno dia;segunda-feira;Colisão lateral mesmo sentido;Dupla;0;0;-26,34234997;-48,85840089;Segura;Sul;1 Trimestre
670255;2025.0;n;3.0;2025-03-29;MT;364;295;JACIARA;Condutor deixou de manter distância do veículo da frente;Com Vítimas Feridas;4;Céu Claro;Amanhecer;sábado;Colisão traseira;Dupla;0;1;-15,862889;-55,12687;Perigosa;Centro-Oeste;1 Trimestre
587611;2024.0;n;3.0;2024-03-16;AL;101;83;RIO LARGO;Condutor Dormindo;Com Vítimas Feridas;2;Céu Claro;Pleno dia;sábado;Saída de leito carroçável;Dupla;0;0;-9.440261;-35.836445;Segura;Nordeste;1 Trimestre
618946;2024.0;n;8.0;2024-08-04;MG;50;201,3;DELTA;Pedestre - Ingestão de álcool/ substâncias psicoativas;Com Vítimas Feridas;3;Céu Claro;Amanhecer;domingo;Atropelamento de Pedestre;Dupla;0;1;-19.92566673;-47.82155514;Perigosa;Sudeste;3 Trimestre
670556;2025.0;n;3.0;2025-03-30;RS;293;15,7;CAPAO DO LEAO;Acessar a via sem observar a presença dos outros veículos;Com Vítimas Fatais;4;Céu Claro;Pleno dia;domingo;Colisão transversal;Simples;2;1;-31,748722;-52,479385;Perigosa;Sul;1 Trimestre
611531;2024.0;n;7.0;2024-07-02;SC;282;223;LAGES;Desrespeitar a preferência no cruzamento;Com Vítimas Feridas;3;Céu Claro;Pleno dia;terça-feira;Colisão transversal;Simples;0;0;-27.79979235;-50.36360264;Segura;Sul;3 Trimestre
576977;2024.0;n;1.0;2024-01-25;SC;116;107,8;MONTE CASTELO;Velocidade Incompatível;Sem Vítimas;4;Nublado;Pleno dia;quinta-feira;Colisão lateral sentido oposto;Simples;0;0;-26.75568818;-50.32812388;Segura;Sul;1 Trimestre
581248;2024.0;n;2.0;2024-02-15;TO;153;347,3;GUARAI;Conversão proibida;Com Vítimas Feridas;4;Céu Claro;Pleno dia;quinta-feira;Saída de leito carroçável;Simples;0;0;-8.84481597;-48.5107318;Segura;Norte;1 Trimestre
617141;2024.0;n;7.0;2024-07-26;GO;153;183;URUACU;Demais falhas mecânicas ou elétricas;Sem Vítimas;3;Céu Claro;Pleno dia;sexta-feira;Incêndio;Simples;0;0;-14.369409;-49.158268;Segura;Centro-Oeste;3 Trimestre
610664;2024.0;n;6.0;2024-06-28;PR;373;262;PRUDENTOPOLIS;Acessar a via sem observar a presença dos outros veículos;Com Vítimas Feridas;4;Céu Claro;Pleno dia;sexta-feira;Colisão transversal;Simples;0;0;-25.20035466;-50.96330988;Segura;Sul;2 Trimestre
600490;2024.0;n;5.0;2024-05-02;MG;381;221;BELO ORIENTE;Ausência de reação do condutor;Com Vítimas Fatais;5;Céu Claro;Pleno dia;quinta-feira;Colisão frontal;Simples;2;1;-19.30494882;-42.38538712;Perigosa;Sudeste;2 Trimestre
666358;2025.0;n;3.0;2025-03-10;MG;381;778;CAMPANHA;Velocidade Incompatível;Com Vítimas Feridas;4;Céu Claro;Pleno dia;segunda-feira;Colisão traseira;Dupla;0;0;-21,83280868;-45,50064606;Segura;Sudeste;1 Trimestre
656275;2025.0;n;1.0;2025-01-20;PE;423;62;LAJEDO;Transitar na contramão;Com Vítimas Feridas;2;Céu Claro;Pleno dia;segunda-feira;Colisão frontal;Simples;0;1;-8,66011023;-36,33781395;Perigosa;Nordeste;1 Trimestre
627117;2024.0;n;8.0;2024-08-17;PR;153;128,3;VENTANIA;Demais falhas mecânicas ou elétricas;Sem Vítimas;2;Céu Claro;Plena Noite;sábado;Incêndio;Simples;0;0;-23.9909523;-50.2368498;Segura;Sul;3 Trimestre
653572;2025.0;n;1.0;2025-01-06;RO;174;13;VILHENA;Desrespeitar a preferência no cruzamento;Com Vítimas Feridas;2;Céu Claro;Pleno dia;segunda-feira;Colisão transversal;Múltipla;0;1;-12,74140004;-60,13026401;Perigosa;Norte;1 Trimestre
596875;2024.0;n;4.0;2024-04-28;MG;381;446;SANTA LUZIA;Curva acentuada;Com Vítimas Feridas;2;Céu Claro;Plena Noite;domingo;Tombamento;Simples;0;0;-19.82950465;-43.84255613;Segura;Sudeste;2 Trimestre
621012;2024.0;n;8.0;2024-08-13;MG;116;220;CATUJI;Ausência de reação do condutor;Com Vítimas Feridas;4;Céu Claro;Pleno dia;terça-feira;Colisão lateral sentido oposto;Simples;0;1;-17.40682777;-41.51524967;Perigosa;Sudeste;3 Trimestre
614640;2024.0;n;7.0;2024-07-15;PR;376;299;MAUA DA SERRA;Demais falhas mecânicas ou elétricas;Sem Vítimas;2;Nublado;Pleno dia;segunda-feira;Incêndio;Dupla;0;0;-23.93168659;-51.1683011;Segura;Sul;3 Trimestre
596511;2024.0;n;4.0;2024-04-14;SP;381;36;ATIBAIA;Manobra de mudança de faixa;Com Vítimas Feridas;2;Céu Claro;Pleno dia;domingo;Colisão traseira;Dupla;0;1;-23.09731913;-46.57132387;Perigosa;Sudeste;2 Trimestre
610536;2024.0;n;6.0;2024-06-28;MG;40;780,6;JUIZ DE FORA;Velocidade Incompatível;Com Vítimas Feridas;2;Céu Claro;Amanhecer;sexta-feira;Tombamento;Dupla;0;0;-21.67939981;-43.44987329;Segura;Sudeste;2 Trimestre
598918;2024.0;y;4.0;2024-04-21;PE;428;141;PETROLINA;Transitar na contramão;Com Vítimas Feridas;2;Céu Claro;Pleno dia;domingo;Colisão frontal;Simples;0;0;-8.99987394;-40.2721263;Segura;Nordeste;2 Trimestre
608795;2024.0;n;6.0;2024-06-20;GO;20;21;FORMOSA;Velocidade Incompatível;Com Vítimas Feridas;1;Céu Claro;Pleno dia;quinta-feira;Tombamento;Simples;0;0;-15.548405;-47.169384;Segura;Centro-Oeste;2 Trimestre
588091;2024.0;n;3.0;2024-03-18;MA;316;551;CAXIAS;Manobra de mudança de faixa;Sem Vítimas;3;Céu Claro;Pleno dia;segunda-feira;Colisão transversal;Simples;0;0;-4.886332;-43.353386;Segura;Nordeste;1 Trimestre
583686;2024.0;n;2.0;2024-02-27;BA;324;536,7;CONCEICAO DO JACUIPE;Acessar a via sem observar a presença dos outros veículos;Sem Vítimas;4;Céu Claro;Pleno dia;terça-feira;Colisão traseira;Dupla;0;0;-12.36902201;-38.81384601;Segura;Nordeste;1 Trimestre
599416;2024.0;n;5.0;2024-05-09;PR;476;22;ADRIANOPOLIS;Velocidade Incompatível;Com Vítimas Feridas;5;Céu Claro;Pleno dia;quinta-feira;Colisão lateral sentido oposto;Simples;0;0;-24.768118;-49.025734;Segura;Sul;2 Trimestre
590373;2024.0;n;3.0;2024-03-28;RS;116;523,7;PELOTAS;Acessar a via sem observar a presença dos outros veículos;Sem Vítimas;2;Céu Claro;Plena Noite;quinta-feira;Colisão transversal;Múltipla;0;0;-31.72720897;-52.38585949;Segura;Sul;1 Trimestre
607871;2024.0;n;6.0;2024-06-16;PR;369;241;JANDAIA DO SUL;Ingestão de álcool pelo condutor;Com Vítimas Fatais;5;Céu Claro;Pleno dia;domingo;Colisão frontal;Simples;1;0;-23.681525;-51.695975;Perigosa;Sul;2 Trimestre
600805;2024.0;n;5.0;2024-05-16;MG;381;395,5;BOM JESUS DO AMPARO;Demais falhas mecânicas ou elétricas;Sem Vítimas;2;Céu Claro;Amanhecer;quinta-feira;Incêndio;Dupla;0;0;-19.74873228;-43.48895304;Segura;Sudeste;2 Trimestre
588781;2024.0;n;1.0;2024-01-21;BA;242;759;BARREIRAS;Acumulo de água sobre o pavimento;Com Vítimas Fatais;2;Chuva;Pleno dia;domingo;Colisão frontal;Simples;1;0;-12.142873;-44.719096;Perigosa;Nordeste;1 Trimestre
581323;2024.0;n;2.0;2024-02-15;MG;381;501,9;BETIM;Acessar a via sem observar a presença dos outros veículos;Com Vítimas Feridas;3;Céu Claro;Pleno dia;quinta-feira;Colisão lateral mesmo sentido;Dupla;0;0;-20.03146447;-44.2377893;Segura;Sudeste;1 Trimestre
655430;2025.0;n;1.0;2025-01-16;RJ;116;173;SAO JOAO DE MERITI;Acessar a via sem observar a presença dos outros veículos;Sem Vítimas;3;Céu Claro;Pleno dia;quinta-feira;Colisão lateral mesmo sentido;Simples;0;0;-22,79810324;-43,35726614;Segura;Sudeste;1 Trimestre
618535;2024.0;n;6.0;2024-06-12;RS;472;552;URUGUAIANA;Carga excessiva e/ou mal acondicionada;Sem Vítimas;2;Céu Claro;Pleno dia;quarta-feira;Incêndio;Simples;0;0;-29.59060514;-56.86134862;Segura;Sul;2 Trimestre
572487;2024.0;n;1.0;2024-01-03;PR;277;397,9;CANDOI;Acessar a via sem observar a presença dos outros veículos;Com Vítimas Feridas;3;Nublado;Plena Noite;quarta-feira;Colisão transversal;Simples;0;0;-25.458796;-51.95237;Segura;Sul;1 Trimestre
653168;2025.0;n;1.0;2025-01-04;MG;116;546,6;SANTA BARBARA DO LESTE;Reação tardia ou ineficiente do condutor;Com Vítimas Feridas;1;Céu Claro;Pleno dia;sábado;Saída de leito carroçável;Simples;0;0;-19,93628201;-42,13101771;Segura;Sudeste;1 Trimestre
589068;2024.0;n;3.0;2024-03-22;SC;116;130,6;SANTA CECILIA;Ausência de reação do condutor;Com Vítimas Feridas;5;Céu Claro;Pleno dia;sexta-feira;Colisão traseira;Simples;0;2;-26.89105589;-50.43451019;Perigosa;Sul;1 Trimestre
602515;2024.0;n;5.0;2024-05-23;RS;158;159,6;PANAMBI;Objeto estático sobre o leito carroçável;Com Vítimas Fatais;1;Chuva;Plena Noite;quinta-feira;Saída de leito carroçável;Simples;1;0;-28.36859482;-53.50530624;Perigosa;Sul;2 Trimestre
615028;2024.0;n;7.0;2024-07-17;DF;20;4;BRASILIA;Condutor deixou de manter distância do veículo da frente;Com Vítimas Feridas;3;Sol;Pleno dia;quarta-feira;Colisão traseira;Dupla;0;1;-15.675484;-47.823761;Perigosa;Centro-Oeste;3 Trimestre
590013;2024.0;n;3.0;2024-03-27;TO;153;392;RIO DOS BOIS;Acostamento em desnível;Com Vítimas Feridas;2;Céu Claro;Pleno dia;quarta-feira;Saída de leito carroçável;Simples;0;0;-9.346141;-48.53745;Segura;Norte;1 Trimestre
686843;2025.0;n;4.0;2025-04-23;MG;116;675,1;MIRADOURO;Condutor Dormindo;Com Vítimas Feridas;2;Nublado;Plena Noite;quarta-feira;Colisão lateral sentido oposto;Simples;0;0;-20,909359;-42,350929;Segura;Sudeste;2 Trimestre
660267;2025.0;n;2.0;2025-02-09;PR;373;405;CANDOI;Conversão proibida;Com Vítimas Fatais;2;Céu Claro;Pleno dia;domingo;Colisão transversal;Simples;1;0;-25,61062691;-52,05540813;Perigosa;Sul;1 Trimestre
628550;2024.0;n;9.0;2024-09-16;MT;70;111;BARRA DO GARCAS;Velocidade Incompatível;Sem Vítimas;3;Sol;Pleno dia;segunda-feira;Colisão traseira;Simples;0;0;-15.58869725;-53.04977496;Segura;Centro-Oeste;3 Trimestre
598080;2024.0;n;5.0;2024-05-03;MA;135;302,7;DOM PEDRO;Velocidade Incompatível;Com Vítimas Feridas;5;Céu Claro;Pleno dia;sexta-feira;Colisão traseira;Simples;0;0;-4.97955027;-44.41918063;Segura;Nordeste;2 Trimestre
609847;2024.0;n;6.0;2024-06-24;PR;476;319,4;PAULO FRONTIN;Reação tardia ou ineficiente do condutor;Com Vítimas Feridas;2;Nevoeiro/Neblina;Plena Noite;segunda-feira;Saída de leito carroçável;Simples;0;0;-26.07079139;-50.73716355;Segura;Sul;2 Trimestre
589981;2024.0;n;3.0;2024-03-27;MG;40;524,9;CONTAGEM;Trafegar com motocicleta (ou similar) entre as faixas;Com Vítimas Feridas;4;Céu Claro;Pleno dia;quarta-feira;Colisão lateral mesmo sentido;Dupla;0;0;-19.88332777;-44.05054092;Segura;Sudeste;1 Trimestre
598865;2024.0;n;5.0;2024-05-07;PE;104;119;PANELAS;Reação tardia ou ineficiente do condutor;Com Vítimas Fatais;2;Nublado;Pleno dia;terça-feira;Saída de leito carroçável;Simples;1;0;-8.69214;-36.023621;Perigosa;Nordeste;2 Trimestre
661273;2025.0;n;2.0;2025-02-14;MT;364;464;VARZEA GRANDE;Ausência de reação do condutor;Com Vítimas Feridas;1;Sol;Pleno dia;sexta-feira;Saída de leito carroçável;Simples;0;0;-15,49417155;-56,27739364;Segura;Centro-Oeste;1 Trimestre
664902;2025.0;n;3.0;2025-03-03;CE;116;112,9;MORADA NOVA;Ultrapassagem Indevida;Com Vítimas Feridas;4;Céu Claro;Pleno dia;segunda-feira;Colisão lateral sentido oposto;Simples;0;0;-4,58812477;-38,21806669;Segura;Nordeste;1 Trimestre
622769;2024.0;n;8.0;2024-08-21;ES;101;317,8;VILA VELHA;Ausência de reação do condutor;Com Vítimas Fatais;4;Céu Claro;Plena Noite;quarta-feira;Colisão traseira;Dupla;1;0;-20.48575596;-40.47626411;Perigosa;Sudeste;3 Trimestre
657456;2025.0;n;1.0;2025-01-26;BA;324;594;CANDEIAS;Ausência de reação do condutor;Com Vítimas Feridas;3;Céu Claro;Pleno dia;domingo;Colisão traseira;Dupla;0;2;-12,70742041;-38,46251062;Perigosa;Nordeste;1 Trimestre
623757;2024.0;n;8.0;2024-08-26;SP;116;212;GUARULHOS;Manobra de mudança de faixa;Sem Vítimas;2;Céu Claro;Pleno dia;segunda-feira;Colisão lateral mesmo sentido;Múltipla;0;0;-23.43608315;-46.42805094;Segura;Sudeste;3 Trimestre
578208;2024.0;n;1.0;2024-01-23;SP;116;561;BARRA DO TURVO;Velocidade Incompatível;Com Vítimas Feridas;2;Chuva;Pleno dia;terça-feira;Capotamento;Dupla;0;0;-25.02045097;-48.51586004;Segura;Sudeste;1 Trimestre
665670;2025.0;n;3.0;2025-03-07;RS;290;42,9;GLORINHA;Condutor deixou de manter distância do veículo da frente;Com Vítimas Feridas;2;Sol;Pleno dia;sexta-feira;Colisão traseira;Múltipla;0;0;-29,889478;-50,688038;Segura;Sul;1 Trimestre
666883;2025.0;n;3.0;2025-03-13;RS;158;207,1;CRUZ ALTA;Ultrapassagem Indevida;Com Vítimas Fatais;9;Céu Claro;Amanhecer;quinta-feira;Colisão frontal;Simples;1;0;-28,74847;-53,595669;Perigosa;Sul;1 Trimestre
577959;2024.0;n;1.0;2024-01-30;BA;407;207;CAPIM GROSSO;Condutor Dormindo;Com Vítimas Feridas;2;Céu Claro;Pleno dia;terça-feira;Colisão lateral sentido oposto;Simples;0;0;-11.16499996;-40.05247087;Segura;Nordeste;1 Trimestre
623884;2024.0;n;8.0;2024-08-26;RS;285;571,2;SAO LUIZ GONZAGA;Acessar a via sem observar a presença dos outros veículos;Com Vítimas Feridas;2;Céu Claro;Plena Noite;segunda-feira;Saída de leito carroçável;Simples;0;0;-28.4135971;-54.98897552;Segura;Sul;3 Trimestre
664293;2025.0;n;2.0;2025-02-28;SC;282;409,9;CATANDUVAS;Desrespeitar a preferência no cruzamento;Com Vítimas Feridas;2;Céu Claro;Pleno dia;sexta-feira;Colisão transversal;Simples;0;0;-27,066995;-51,66306;Segura;Sul;1 Trimestre
672549;2025.0;n;4.0;2025-04-09;PR;376;66;GUAIRACA;Acessar a via sem observar a presença dos outros veículos;Com Vítimas Feridas;3;Céu Claro;Pleno dia;quarta-feira;Colisão transversal;Simples;0;0;-22,92995;-52,78925;Segura;Sul;2 Trimestre
585976;2024.0;n;3.0;2024-03-08;ES;262;107;VENDA NOVA DO IMIGRANTE;Ultrapassagem Indevida;Com Vítimas Feridas;2;Céu Claro;Plena Noite;sexta-feira;Colisão lateral mesmo sentido;Simples;0;2;-20.32991844;-41.15343646;Perigosa;Sudeste;1 Trimestre
603210;2024.0;n;5.0;2024-05-26;RS;293;155;HULHA NEGRA;Ultrapassagem Indevida;Com Vítimas Feridas;7;Céu Claro;Pleno dia;domingo;Colisão lateral mesmo sentido;Simples;0;1;-31.39405393;-53.81877099;Perigosa;Sul;2 Trimestre
595230;2024.0;n;4.0;2024-04-20;RS;153;7,4;CACHOEIRA DO SUL;Acessar a via sem observar a presença dos outros veículos;Com Vítimas Feridas;2;Sol;Pleno dia;sábado;Colisão transversal;Simples;0;0;-30.02807202;-52.86398672;Segura;Sul;2 Trimestre
593688;2024.0;n;4.0;2024-04-13;MT;70;357;CAMPO VERDE;Ausência de reação do condutor;Sem Vítimas;2;Nublado;Pleno dia;sábado;Colisão frontal;Simples;0;0;-15.47358129;-54.93019416;Segura;Centro-Oeste;2 Trimestre
609296;2024.0;n;6.0;2024-06-22;PR;373;311,5;FOZ DO JORDAO;Ultrapassagem Indevida;Com Vítimas Feridas;3;Céu Claro;Pleno dia;sábado;Colisão frontal;Simples;0;0;-25.637034;-52.101206;Segura;Sul;2 Trimestre
614865;2024.0;n;7.0;2024-07-16;CE;222;77;SAO LUIS DO CURU;Ingestão de álcool pelo condutor;Sem Vítimas;2;Céu Claro;Plena Noite;terça-feira;Colisão lateral sentido oposto;Simples;0;0;-3.67149956;-39.23400164;Segura;Nordeste;3 Trimestre
605967;2024.0;n;6.0;2024-06-08;BA;242;454;IBITIARA;Reação tardia ou ineficiente do condutor;Com Vítimas Feridas;5;Nublado;Amanhecer;sábado;Colisão traseira;Simples;0;0;-12.42332827;-42.10571293;Segura;Nordeste;2 Trimestre
596467;2024.0;n;1.0;2024-01-05;RS;116;399,9;CAMAQUA;Demais falhas mecânicas ou elétricas;Com Vítimas Feridas;2;Céu Claro;Pleno dia;sexta-feira;Colisão traseira;Simples;0;1;-30.86691995;-51.80039803;Perigosa;Sul;1 Trimestre
672721;2025.0;n;4.0;2025-04-10;PR;277;11,4;PARANAGUA;Ingestão de álcool pelo condutor;Sem Vítimas;3;Nublado;Pleno dia;quinta-feira;Colisão lateral mesmo sentido;Dupla;0;0;-25,56525039;-48,62791115;Segura;Sul;2 Trimestre
622499;2024.0;n;8.0;2024-08-20;GO;20;2,8;FORMOSA;Pedestre andava na pista;Com Vítimas Feridas;3;Céu Claro;Pleno dia;terça-feira;Atropelamento de Pedestre;Simples;0;1;-15.57387;-47.327488;Perigosa;Centro-Oeste;3 Trimestre
624614;2024.0;n;8.0;2024-08-30;RJ;116;232;PIRAI;Demais falhas mecânicas ou elétricas;Sem Vítimas;1;Céu Claro;Anoitecer;sexta-feira;Incêndio;Dupla;0;0;-22.65604007;-43.83713888;Segura;Sudeste;3 Trimestre
613118;2024.0;n;7.0;2024-07-05;PA;163;341;NOVO PROGRESSO;Reação tardia ou ineficiente do condutor;Com Vítimas Feridas;2;Céu Claro;Plena Noite;sexta-feira;Colisão lateral sentido oposto;Simples;0;0;-6.80257711;-55.47084826;Segura;Norte;3 Trimestre
671607;2025.0;n;4.0;2025-04-04;MG;381;888;CAMBUI;Velocidade Incompatível;Com Vítimas Feridas;3;Nublado;Plena Noite;sexta-feira;Colisão frontal;Dupla;0;0;-22,53072;-46,02743;Segura;Sudeste;2 Trimestre
582197;2024.0;n;2.0;2024-02-20;RJ;116;261;VOLTA REDONDA;Reação tardia ou ineficiente do condutor;Com Vítimas Feridas;4;Céu Claro;Pleno dia;terça-feira;Colisão transversal;Múltipla;0;0;-22.5876092;-44.05945791;Segura;Sudeste;1 Trimestre
621904;2024.0;n;8.0;2024-08-17;SP;116;30;CRUZEIRO;Ingestão de álcool pelo condutor;Com Vítimas Feridas;3;Céu Claro;Plena Noite;sábado;Colisão traseira;Dupla;0;0;-22.63400287;-44.93203106;Segura;Sudeste;3 Trimestre
593029;2024.0;n;4.0;2024-04-09;MG;354;732,1;POUSO ALTO;Demais falhas na via;Sem Vítimas;1;Céu Claro;Plena Noite;terça-feira;Saída de leito carroçável;Simples;0;0;-22.17502858;-44.97005105;Segura;Sudeste;2 Trimestre
664027;2025.0;n;2.0;2025-02-27;BA;101;269;SANTO ANTONIO DE JESUS;Carga excessiva e/ou mal acondicionada;Com Vítimas Feridas;2;Chuva;Pleno dia;quinta-feira;Derramamento de carga;Simples;0;0;-13,01639;-39,289138;Segura;Nordeste;1 Trimestre
585366;2024.0;n;2.0;2024-02-29;MT;364;95;ALTO GARCAS;Acumulo de óleo sobre o pavimento;Com Vítimas Feridas;6;Céu Claro;Pleno dia;quinta-feira;Colisão traseira;Simples;0;0;-16.85806069;-53.75433289;Segura;Centro-Oeste;1 Trimestre
625755;2024.0;n;9.0;2024-09-04;MT;163;806;SINOP;Reação tardia ou ineficiente do condutor;Com Vítimas Feridas;4;Céu Claro;Pleno dia;quarta-feira;Tombamento;Simples;0;0;-12.116918;-55.51642;Segura;Centro-Oeste;3 Trimestre
593257;2024.0;n;4.0;2024-04-11;PR;369;177,1;ROLANDIA;Ausência de reação do condutor;Com Vítimas Feridas;3;Sol;Pleno dia;quinta-feira;Tombamento;Dupla;0;1;-23.35;-51.387;Perigosa;Sul;2 Trimestre
600795;2024.0;n;5.0;2024-05-16;MG;40;677,8;CARANDAI;Ausência de reação do condutor;Com Vítimas Feridas;2;Céu Claro;Plena Noite;quinta-feira;Tombamento;Múltipla;0;0;-21.019183;-43.78305205;Segura;Sudeste;2 Trimestre
655147;2025.0;n;1.0;2025-01-15;MG;381;364;SAO GONCALO DO RIO ABAIXO;Transitar na contramão;Com Vítimas Feridas;2;Chuva;Plena Noite;quarta-feira;Colisão frontal;Simples;0;0;-19,84955579;-43,25424839;Segura;Sudeste;1 Trimestre
604467;2024.0;n;6.0;2024-06-01;SP;153;293,2;OCAUCU;Ausência de reação do condutor;Com Vítimas Feridas;4;Céu Claro;Pleno dia;sábado;Colisão lateral sentido oposto;Simples;0;1;-22.518731;-49.889507;Perigosa;Sudeste;2 Trimestre
667285;2025.0;n;3.0;2025-03-14;RS;158;281,5;JULIO DE CASTILHOS;Demais falhas mecânicas ou elétricas;Com Vítimas Fatais;3;Nublado;Plena Noite;sexta-feira;Saída de leito carroçável;Simples;1;0;-29,386598;-53,669812;Perigosa;Sul;1 Trimestre
623081;2024.0;n;8.0;2024-08-23;SC;101;107;PENHA;Reação tardia ou ineficiente do condutor;Com Vítimas Feridas;2;Nublado;Pleno dia;sexta-feira;Colisão traseira;Dupla;0;1;-26.81930608;-48.68390282;Perigosa;Sul;3 Trimestre
615542;2024.0;n;7.0;2024-07-19;ES;101;116,7;SOORETAMA;Transitar na contramão;Com Vítimas Feridas;4;Céu Claro;Plena Noite;sexta-feira;Colisão frontal;Simples;0;1;-19.11117311;-40.05900079;Perigosa;Sudeste;3 Trimestre