id;ano;feriado;mes;data_inversa;uf;br;km;municipio;causa_acidente;classificacao_acidente;veiculos;condicao_metereologica;fase_dia;dia_semana;tipo_acidente;tipo_pista;mortos;feridos_graves;latitude;longitude;status;regiao;periodo
589308;2024.0;n;3.0;2024-03-23;PE;110;133;IBIMIRIM;Ingestão de álcool pelo condutor;Com Vítimas Fatais;2;Céu Claro;Plena Noite;sábado;Colisão frontal;Simples;1;0;-8.50491749;-37.56997694;Perigosa;Nordeste;1 Trimestre
623743;2024.0;n;8.0;2024-08-26;SC;101;112,3;ITAJAI;Mal súbito do condutor;Com Vítimas Feridas;4;Céu Claro;Pleno dia;segunda-feira;Colisão lateral mesmo sentido;Múltipla;0;0;-26.84589005;-48.72131295;Segura;Sul;3 Trimestre
669428;2025.0;n;3.0;2025-03-25;MS;163;481;CAMPO GRANDE;Acessar a via sem observar a presença dos outros veículos;Com Vítimas Feridas;5;Céu Claro;Pleno dia;terça-feira;Colisão transversal;Simples;0;0;-20,4634339;-54,5551825;Segura;Centro-Oeste;1 Trimestre
666849;2025.0;n;3.0;2025-03-12;RJ;101;39;CAMPOS DOS GOYTACAZES;Acessar a via sem observar a presença dos outros veículos;Com Vítimas Feridas;2;Céu Claro;Plena Noite;quarta-feira;Colisão transversal;Simples;0;0;-21,54419241;-41,33978063;Segura;Sudeste;1 Trimestre
664440;2025.0;n;2.0;2025-02-09;PR;376;186;MARIALVA;Manobra de mudança de faixa;Com Vítimas Feridas;2;Céu Claro;Pleno dia;domingo;Colisão lateral mesmo sentido;Dupla;0;0;-23,45643624;-51,84510713;Segura;Sul;1 Trimestre
667181;2025.0;n;3.0;2025-03-14;BA;101;711;EUNAPOLIS;Transitar na contramão;Com Vítimas Feridas;4;Céu Claro;Pleno dia;sexta-feira;Tombamento;Simples;0;1;-16,32450235;-39,58448633;Perigosa;Nordeste;1 Trimestre
671672;2025.0;n;4.0;2025-04-05;RJ;101;321;NITEROI;Acumulo de água sobre o pavimento;Sem Vítimas;2;Chuva;Plena Noite;sábado;Colisão com objeto;Dupla;0;0;-22,8672191;-43,11024427;Segura;Sudeste;2 Trimestre
662143;2025.0;n;2.0;2025-02-18;PB;230;56,7;CRUZ DO ESPIRITO SANTO;Manobra de mudança de faixa;Com Vítimas Feridas;2;Céu Claro;Pleno dia;terça-feira;Colisão lateral mesmo sentido;Dupla;0;0;-7,2021;-35,1038;Segura;Nordeste;1 Trimestre
604983;2024.0;n;6.0;2024-06-03;MG;365;583,5;INDIANOPOLIS;Reação tardia ou ineficiente do condutor;Com Vítimas Feridas;5;Céu Claro;Pleno dia;segunda-feira;Saída de leito carroçável;Simples;0;1;-18.86861187;-47.98372099;Perigosa;Sudeste;2 Trimestre
653035;2025.0;n;1.0;2025-01-03;BA;135;136;RIACHAO DAS NEVES;Ultrapassagem Indevida;Com Vítimas Feridas;1;Chuva;Pleno dia;sexta-feira;Saída de leito carroçável;Simples;0;4;-11,841387;-44,853027;Perigosa;Nordeste;1 Trimestre
614502;2024.0;n;7.0;2024-07-14;PE;232;517;SALGUEIRO;Transitar na contramão;Com Vítimas Fatais;2;Céu Claro;Plena Noite;domingo;Colisão frontal;Simples;1;1;-8.062023;-39.20378;Perigosa;Nordeste;3 Trimestre
598758;2024.0;n;5.0;2024-05-07;MT;70;12,9;BARRA DO GARCAS;Animais na Pista;Sem Vítimas;4;Céu Claro;Plena Noite;terça-feira;Atropelamento de Animal;Simples;0;0;-15.87933551;-52.36195898;Segura;Centro-Oeste;2 Trimestre
656612;2025.0;n;1.0;2025-01-22;GO;60;385;RIO VERDE;Ultrapassagem Indevida;Com Vítimas Feridas;2;Céu Claro;Pleno dia;quarta-feira;Queda de ocupante de veículo;Dupla;0;0;-17,7964;-50,914;Segura;Centro-Oeste;1 Trimestre
593301;2024.0;n;4.0;2024-04-11;MA;135;13;SAO LUIS;Reação tardia ou ineficiente do condutor;Com Vítimas Feridas;2;Chuva;Pleno dia;quinta-feira;Colisão traseira;Dupla;0;1;-2.68053538;-44.29512283;Perigosa;Nordeste;2 Trimestre
667706;2025.0;n;3.0;2025-03-16;GO;153;396,5;PIRENOPOLIS;Ingestão de álcool pelo condutor;Sem Vítimas;3;Céu Claro;Plena Noite;domingo;Colisão traseira;Simples;0;0;-16,012103;-49,120813;Segura;Centro-Oeste;1 Trimestre
618604;2024.0;n;8.0;2024-08-02;MA;226;213,6;PRESIDENTE DUTRA;Reação tardia ou ineficiente do condutor;Com Vítimas Feridas;2;Céu Claro;Pleno dia;sexta-feira;Colisão transversal;Simples;0;0;-5.30249236;-44.57075271;Segura;Nordeste;3 Trimestre
669992;2025.0;n;3.0;2025-03-28;MG;50;45;ARAGUARI;Condutor Dormindo;Com Vítimas Feridas;3;Céu Claro;Plena Noite;sexta-feira;Colisão traseira;Dupla;0;0;-18,6310961;-48,1947331;Segura;Sudeste;1 Trimestre
652677;2025.0;y;1.0;2025-01-01;PI;316;336,5;GEMINIANO;Manobra de mudança de faixa;Com Vítimas Feridas;2;Céu Claro;Pleno dia;quarta-feira;Colisão lateral sentido oposto;Simples;0;0;-7,10961002;-41,245025;Segura;Nordeste;1 Trimestre
612650;2024.0;n;7.0;2024-07-07;MT;163;742;SORRISO;Ingestão de álcool pelo condutor;Com Vítimas Feridas;3;Céu Claro;Plena Noite;domingo;Colisão frontal;Simples;0;2;-12.62794295;-55.77213764;Perigosa;Centro-Oeste;3 Trimestre
662044;2025.0;n;2.0;2025-02-17;PR;116;170;QUITANDINHA;Ultrapassagem Indevida;Com Vítimas Feridas;5;Garoa/Chuvisco;Pleno dia;segunda-feira;Saída de leito carroçável;Simples;0;0;-25,87465933;-49,48100991;Segura;Sul;1 Trimestre
673871;2025.0;n;4.0;2025-04-15;MG;262;502,9;LUZ;Carga excessiva e/ou mal acondicionada;Com Vítimas Feridas;2;Sol;Pleno dia;terça-feira;Saída de leito carroçável;Simples;0;0;-19,7711;-45,496087;Segura;Sudeste;2 Trimestre
593931;2024.0;n;4.0;2024-04-14;SC;282;104;ALFREDO WAGNER;Acessar a via sem observar a presença dos outros veículos;Com Vítimas Feridas;2;Nublado;Pleno dia;domingo;Colisão lateral mesmo sentido;Simples;0;0;-27.696043;-49.334038;Segura;Sul;2 Trimestre
666800;2025.0;n;3.0;2025-03-12;GO;60;13;SANTO ANTONIO DO DESCOBERTO;Ausência de reação do condutor;Com Vítimas Feridas;4;Chuva;Pleno dia;quarta-feira;Colisão traseira;Dupla;0;0;-16,111173;-48,350583;Segura;Centro-Oeste;1 Trimestre
582872;2024.0;n;2.0;2024-02-23;MT;70;513,9;VARZEA GRANDE;Condutor deixou de manter distância do veículo da frente;Com Vítimas Feridas;5;Chuva;Pleno dia;sexta-feira;Colisão traseira;Simples;0;0;-15.70589;-56.12895;Segura;Centro-Oeste;1 Trimestre
653149;2025.0;n;1.0;2025-01-04;GO;414;436;ANAPOLIS;Acessar a via sem observar a presença dos outros veículos;Com Vítimas Feridas;2;Céu Claro;Pleno dia;sábado;Colisão transversal;Simples;0;0;-16,25482505;-48,9361188;Segura;Centro-Oeste;1 Trimestre
583493;2024.0;n;2.0;2024-02-26;RJ;40;96;DUQUE DE CAXIAS;Curva acentuada;Com Vítimas Feridas;2;Nublado;Anoitecer;segunda-feira;Tombamento;Simples;0;0;-22.56876595;-43.27693723;Segura;Sudeste;1 Trimestre
660785;2025.0;n;2.0;2025-02-11;RJ;101;492;ANGRA DOS REIS;Acumulo de areia ou detritos sobre o pavimento;Com Vítimas Feridas;2;Céu Claro;Pleno dia;terça-feira;Colisão lateral sentido oposto;Simples;0;0;-22,94874989;-44,3279949;Segura;Sudeste;1 Trimestre
586257;2024.0;n;3.0;2024-03-10;PR;277;7,5;PARANAGUA;Reação tardia ou ineficiente do condutor;Com Vítimas Fatais;3;Céu Claro;Pleno dia;domingo;Colisão traseira;Dupla;1;0;-25.5632;-48.593535;Perigosa;Sul;1 Trimestre
673045;2025.0;n;4.0;2025-04-11;SP;116;276,2;EMBU DAS ARTES;Pedestre cruzava a pista fora da faixa;Com Vítimas Fatais;2;Nublado;Plena Noite;sexta-feira;Atropelamento de Pedestre;Dupla;1;0;-23,62379103;-46,81507221;Perigosa;Sudeste;2 Trimestre
579582;2024.0;n;2.0;2024-02-07;RS;386;436;NOVA SANTA RITA;Desrespeitar a preferência no cruzamento;Com Vítimas Feridas;4;Céu Claro;Pleno dia;quarta-feira;Colisão transversal;Dupla;0;0;-29.850487;-51.266758;Segura;Sul;1 Trimestre
672177;2025.0;n;4.0;2025-04-07;PR;376;510;PONTA GROSSA;Condutor deixou de manter distância do veículo da frente;Com Vítimas Feridas;3;Céu Claro;Pleno dia;segunda-feira;Colisão traseira;Dupla;0;0;-25,21832;-50,056065;Segura;Sul;2 Trimestre
619371;2024.0;n;8.0;2024-08-05;PR;376;522,5;PONTA GROSSA;Velocidade Incompatível;Sem Vítimas;1;Nublado;Plena Noite;segunda-feira;Saída de leito carroçável;Dupla;0;0;-25.29555894;-49.89661593;Segura;Sul;3 Trimestre
601744;2024.0;n;5.0;2024-05-20;MS;267;105,2;NOVA ANDRADINA;Condutor Dormindo;Com Vítimas Feridas;3;Céu Claro;Amanhecer;segunda-feira;Saída de leito carroçável;Simples;0;0;-21.83149972;-53.09380092;Segura;Centro-Oeste;2 Trimestre
667197;2025.0;n;3.0;2025-03-14;MG;251;466;FRANCISCO SA;Velocidade Incompatível;Com Vítimas Feridas;2;Sol;Pleno dia;sexta-feira;Colisão com objeto;Simples;0;0;-16,6098043;-43,6617239;Segura;Sudeste;1 Trimestre
623502;2024.0;n;8.0;2024-08-24;AM;174;987;PRESIDENTE FIGUEIREDO;Ausência de reação do condutor;Com Vítimas Feridas;3;Céu Claro;Pleno dia;sábado;Tombamento;Simples;0;0;-2.08026265;-60.00798507;Segura;Norte;3 Trimestre
659570;2025.0;n;2.0;2025-02-06;SC;470;45,9;GASPAR;Ultrapassagem Indevida;Com Vítimas Feridas;4;Garoa/Chuvisco;Pleno dia;quinta-feira;Colisão frontal;Simples;0;0;-26,86030399;-49,03852701;Segura;Sul;1 Trimestre
605067;2024.0;n;6.0;2024-06-03;SC;282;415;CATANDUVAS;Ingestão de álcool pelo condutor;Com Vítimas Feridas;2;Céu Claro;Plena Noite;segunda-feira;Colisão traseira;Simples;0;0;-27.048531;-51.703181;Segura;Sul;2 Trimestre
655449;2025.0;n;1.0;2025-01-16;PR;376;665;TIJUCAS DO SUL;Manobra de mudança de faixa;Com Vítimas Feridas;3;Garoa/Chuvisco;Pleno dia;quinta-feira;Colisão transversal;Dupla;0;0;-25,84152063;-49,01842117;Segura;Sul;1 Trimestre
573425;2024.0;n;1.0;2024-01-08;DF;20;13;BRASILIA;Acumulo de água sobre o pavimento;Sem Vítimas;1;Chuva;Pleno dia;segunda-feira;Saída de leito carroçável;Dupla;0;0;-15.638752;-47.749599;Segura;Centro-Oeste;1 Trimestre
597928;2024.0;n;5.0;2024-05-03;MG;381;864;POUSO ALEGRE;Condutor usando celular;Com Vítimas Feridas;2;Céu Claro;Pleno dia;sexta-feira;Colisão com objeto;Dupla;0;0;-22.34585508;-45.92669703;Segura;Sudeste;2 Trimestre
614479;2024.0;n;7.0;2024-07-14;MT;70;515;VARZEA GRANDE;Acessar a via sem observar a presença dos outros veículos;Com Vítimas Feridas;2;Céu Claro;Pleno dia;domingo;Queda de ocupante de veículo;Simples;0;0;-15.70569;-56.1447;Segura;Centro-Oeste;3 Trimestre
572270;2024.0;n;1.0;2024-01-02;SC;101;41,8;JOINVILLE;Manobra de mudança de faixa;Com Vítimas Feridas;3;Garoa/Chuvisco;Plena Noite;terça-feira;Colisão lateral mesmo sentido;Dupla;0;0;-26.32314005;-48.86839449;Segura;Sul;1 Trimestre
673795;2025.0;n;4.0;2025-04-15;PE;232;248,8;ARCOVERDE;Pedestre andava na pista;Com Vítimas Feridas;4;Sol;Pleno dia;terça-feira;Atropelamento de Pedestre;Simples;0;1;-8,42334;-37,043392;Perigosa;Nordeste;2 Trimestre
581061;2024.0;n;2.0;2024-02-14;RS;290;607;ALEGRETE;Transitar na contramão;Com Vítimas Feridas;2;Céu Claro;Amanhecer;quarta-feira;Colisão transversal;Simples;0;0;-29.899818;-56.023525;Segura;Sul;1 Trimestre
600377;2024.0;n;5.0;2024-05-14;RS;101;44,1;TERRA DE AREIA;Ingestão de álcool pelo condutor;Com Vítimas Feridas;2;Nublado;Plena Noite;terça-feira;Colisão traseira;Dupla;0;0;-29.567394;-50.053045;Segura;Sul;2 Trimestre
608679;2024.0;n;6.0;2024-06-19;RN;304;297;MACAIBA;Suicídio (presumido);Com Vítimas Fatais;3;Chuva;Plena Noite;quarta-feira;Atropelamento de Pedestre;Simples;1;0;-5.864367;-35.345982;Perigosa;Nordeste;2 Trimestre
668457;2025.0;n;3.0;2025-03-20;RS;285;446,5;BOZANO;Condutor deixou de manter distância do veículo da frente;Sem Vítimas;3;Sol;Pleno dia;quinta-feira;Colisão traseira;Simples;0;0;-28,36453537;-53,80127192;Segura;Sul;1 Trimestre
607174;2024.0;n;6.0;2024-06-13;MG;40;548;NOVA LIMA;Condutor deixou de manter distância do veículo da frente;Com Vítimas Feridas;3;Céu Claro;Pleno dia;quinta-feira;Colisão traseira;Dupla;0;0;-20.03136499;-43.96967792;Segura;Sudeste;2 Trimestre
653429;2025.0;n;1.0;2025-01-06;PR;277;39;MORRETES;Curva acentuada;Com Vítimas Feridas;1;Garoa/Chuvisco;Plena Noite;segunda-feira;Colisão com objeto;Dupla;0;0;-25,571233;-48,817137;Segura;Sul;1 Trimestre
573148;2024.0;n;1.0;2024-01-07;MA;222;652;ACAILANDIA;Transitar na contramão;Com Vítimas Feridas;4;Nublado;Pleno dia;domingo;Tombamento;Simples;0;1;-4.83750775;-47.28653915;Perigosa;Nordeste;1 Trimestre
653012;2025.0;n;1.0;2025-01-03;SC;282;102,5;ALFREDO WAGNER;Reação tardia ou ineficiente do condutor;Com Vítimas Feridas;2;Céu Claro;Pleno dia;sexta-feira;Colisão traseira;Simples;0;0;-27,694818;-49,314419;Segura;Sul;1 Trimestre
666946;2025.0;n;3.0;2025-03-13;PR;369;192,8;ARAPONGAS;Velocidade Incompatível;Com Vítimas Feridas;4;Nublado;Pleno dia;quinta-feira;Queda de ocupante de veículo;Dupla;0;0;-23,476282;-51,4237592;Segura;Sul;1 Trimestre
656601;2025.0;n;1.0;2025-01-22;GO;153;620;MORRINHOS;Velocidade Incompatível;Com Vítimas Feridas;7;Céu Claro;Plena Noite;quarta-feira;Colisão traseira;Dupla;0;2;-17,7218;-49,1547;Perigosa;Centro-Oeste;1 Trimestre
606894;2024.0;n;6.0;2024-06-12;ES;101;425;ATILIO VIVACQUA;Ausência de reação do condutor;Sem Vítimas;2;Céu Claro;Plena Noite;quarta-feira;Eventos atípicos;Simples;0;0;-21.00134102;-41.13196798;Segura;Sudeste;2 Trimestre
686604;2025.0;y;4.0;2025-04-21;RS;392;219,5;SANTANA DA BOA VISTA;Ausência de reação do condutor;Com Vítimas Feridas;2;Céu Claro;Plena Noite;segunda-feira;Tombamento;Simples;0;0;-30,731;-53,208;Segura;Sul;2 Trimestre
582046;2024.0;n;2.0;2024-02-19;PE;101;52;PAULISTA;Demais falhas mecânicas ou elétricas;Com Vítimas Feridas;3;Céu Claro;Pleno dia;segunda-feira;Colisão traseira;Dupla;0;0;-7.92616699;-34.89720225;Segura;Nordeste;1 Trimestre
665911;2025.0;n;3.0;2025-03-08;BA;101;382;IBIRAPITANGA;Velocidade Incompatível;Com Vítimas Feridas;2;Nublado;Pleno dia;sábado;Tombamento;Simples;0;0;-13,882853;-39,487402;Segura;Nordeste;1 Trimestre
601122;2024.0;n;5.0;2024-05-17;MG;381;687,6;LAVRAS;Velocidade Incompatível;Com Vítimas Feridas;1;Céu Claro;Pleno dia;sexta-feira;Tombamento;Simples;0;0;-21.20874401;-45.12332598;Segura;Sudeste;2 Trimestre
652688;2025.0;y;1.0;2025-01-01;MT;70;499,6;CUIABA;Conversão proibida;Com Vítimas Feridas;2;Nublado;Plena Noite;quarta-feira;Colisão lateral mesmo sentido;Simples;0;1;-15,67966827;-56,01505637;Perigosa;Centro-Oeste;1 Trimestre
621184;2024.0;n;8.0;2024-08-14;MG;365;170;BURITIZEIRO;Transitar na contramão;Com Vítimas Feridas;2;Céu Claro;Pleno dia;quarta-feira;Colisão frontal;Simples;0;0;-17.39882621;-45.00106386;Segura;Sudeste;3 Trimestre
624119;2024.0;n;8.0;2024-08-28;PR;277;138;BALSA NOVA;Reação tardia ou ineficiente do condutor;Sem Vítimas;7;Nevoeiro/Neblina;Pleno dia;quarta-feira;Engavetamento;Dupla;0;0;-25.475533;-49.71942;Segura;Sul;3 Trimestre
667885;2025.0;n;3.0;2025-03-17;MG;40;558;NOVA LIMA;Condutor Dormindo;Com Vítimas Feridas;1;Nublado;Pleno dia;segunda-feira;Colisão com objeto;Dupla;0;0;-20,08183;-43,979049;Segura;Sudeste;1 Trimestre
604803;2024.0;n;6.0;2024-06-02;MS;376;84;DEODAPOLIS;Ingestão de álcool pelo condutor;Com Vítimas Fatais;4;Céu Claro;Plena Noite;domingo;Colisão frontal;Simples;1;0;-22.28257329;-54.15228912;Perigosa;Centro-Oeste;2 Trimestre
583531;2024.0;n;2.0;2024-02-26;MA;316;273;BELA VISTA DO MARANHAO;Ausência de sinalização;Com Vítimas Feridas;2;Céu Claro;Anoitecer;segunda-feira;Colisão lateral sentido oposto;Simples;0;0;-3.714912;-45.293404;Segura;Nordeste;1 Trimestre
597248;2024.0;n;4.0;2024-04-29;RS;470;186;VERANOPOLIS;Ultrapassagem Indevida;Com Vítimas Feridas;2;Garoa/Chuvisco;Pleno dia;segunda-feira;Colisão lateral mesmo sentido;Simples;0;0;-29.00634714;-51.54974121;Segura;Sul;2 Trimestre
588112;2024.0;n;3.0;2024-03-01;PE;232;51;VITORIA DE SANTO ANTAO;Manobra de mudança de faixa;Com Vítimas Feridas;2;Céu Claro;Pleno dia;sexta-feira;Colisão transversal;Múltipla;0;0;-8.13823439;-35.33196918;Segura;Nordeste;1 Trimestre
668780;2025.0;n;3.0;2025-03-22;SP;116;22;LAVRINHAS;Demais falhas mecânicas ou elétricas;Sem Vítimas;2;Céu Claro;Amanhecer;sábado;Incêndio;Dupla;0;0;-22,5850048;-44,879155;Segura;Sudeste;1 Trimestre
686984;2025.0;n;4.0;2025-04-24;SC;101;371,5;ICARA;Condutor Dormindo;Com Vítimas Feridas;2;Céu Claro;Amanhecer;quinta-feira;Saída de leito carroçável;Dupla;0;0;-28,71368545;-49,21836225;Segura;Sul;2 Trimestre
600732;2024.0;n;5.0;2024-05-15;GO;153;176;CAMPINORTE;Acessar a via sem observar a presença dos outros veículos;Com Vítimas Feridas;3;Céu Claro;Pleno dia;quarta-feira;Colisão transversal;Simples;0;0;-14.31039;-49.148968;Segura;Centro-Oeste;2 Trimestre
606266;2024.0;n;6.0;2024-06-09;ES;101;170,8;LINHARES;Ingestão de álcool pelo condutor;Com Vítimas Feridas;3;Céu Claro;Pleno dia;domingo;Colisão transversal;Simples;0;0;-19.55650445;-40.17278552;Segura;Sudeste;2 Trimestre
653900;2025.0;n;1.0;2025-01-08;SC;116;184,5;SAO CRISTOVAO DO SUL;Reação tardia ou ineficiente do condutor;Com Vítimas Feridas;2;Nublado;Anoitecer;quarta-feira;Tombamento;Simples;0;0;-27,299032;-50,427235;Segura;Sul;1 Trimestre
657419;2025.0;n;1.0;2025-01-26;PA;10;353;SANTA MARIA DO PARA;Ultrapassagem Indevida;Com Vítimas Fatais;3;Céu Claro;Pleno dia;domingo;Colisão frontal;Simples;1;0;-1,37053441;-47,56138891;Perigosa;Norte;1 Trimestre
628857;2024.0;n;9.0;2024-09-18;PA;163;653;ITAITUBA;Reação tardia ou ineficiente do condutor;Sem Vítimas;2;Céu Claro;Amanhecer;quarta-feira;Tombamento;Simples;0;0;-4.50624587;-55.86575279;Segura;Norte;3 Trimestre
577874;2024.0;n;1.0;2024-01-29;PB;230;59,3;CRUZ DO ESPIRITO SANTO;Acessar a via sem observar a presença dos outros veículos;Com Vítimas Feridas;5;Céu Claro;Plena Noite;segunda-feira;Colisão transversal;Dupla;0;2;-7.2043;-35.1305;Perigosa;Nordeste;1 Trimestre
572168;2024.0;n;1.0;2024-01-02;BA;101;207,1;GOVERNADOR MANGABEIRA;Reação tardia ou ineficiente do condutor;Com Vítimas Feridas;4;Céu Claro;Pleno dia;terça-feira;Colisão lateral sentido oposto;Simples;0;0;-12.64502829;-39.1034317;Segura;Nordeste;1 Trimestre
615081;2024.0;n;7.0;2024-07-17;PR;163;351;GUAIRA;Condutor deixou de manter distância do veículo da frente;Com Vítimas Feridas;2;Céu Claro;Plena Noite;quarta-feira;Colisão traseira;Simples;0;0;-24.069567;-54.249766;Segura;Sul;3 Trimestre
672409;2025.0;n;4.0;2025-04-08;PB;104;93,2;ESPERANCA;Acessar a via sem observar a presença dos outros veículos;Com Vítimas Feridas;2;Céu Claro;Pleno dia;terça-feira;Colisão transversal;Simples;0;1;-6,99512;-35,835795;Perigosa;Nordeste;2 Trimestre
610102;2024.0;n;6.0;2024-06-26;RJ;40;123;DUQUE DE CAXIAS;Ausência de reação do condutor;Sem Vítimas;2;Céu Claro;Pleno dia;quarta-feira;Colisão traseira;Simples;0;0;-22.79907687;-43.29015739;Segura;Sudeste;2 Trimestre
577379;2024.0;n;1.0;2024-01-27;TO;153;290;PRESIDENTE KENNEDY;Manobra de mudança de faixa;Com Vítimas Feridas;4;Céu Claro;Pleno dia;sábado;Saída de leito carroçável;Simples;0;0;-8.44383195;-48.48433839;Segura;Norte;1 Trimestre
603783;2024.0;n;5.0;2024-05-29;SP;116;223;GUARULHOS;Ausência de reação do condutor;Com Vítimas Feridas;2;Céu Claro;Pleno dia;quarta-feira;Colisão traseira;Múltipla;0;1;-23.47559815;-46.5246609;Perigosa;Sudeste;2 Trimestre
612449;2024.0;n;7.0;2024-07-06;RO;319;56;PORTO VELHO;Ausência de reação do condutor;Com Vítimas Feridas;4;Sol;Pleno dia;sábado;Colisão transversal;Simples;0;1;-8.739714;-63.93214024;Perigosa;Norte;3 Trimestre
628948;2024.0;n;8.0;2024-08-29;SC;101;87,5;BARRA VELHA;Suicídio (presumido);Com Vítimas Fatais;3;Nublado;Anoitecer;quinta-feira;Atropelamento de Pedestre;Múltipla;1;0;-26.6466486;-48.6871455;Perigosa;Sul;3 Trimestre
610339;2024.0;n;6.0;2024-06-27;MG;381;930,8;EXTREMA;Animais na Pista;Com Vítimas Feridas;3;Céu Claro;Amanhecer;quinta-feira;Atropelamento de Animal;Dupla;0;0;-22.8076393;-46.27636971;Segura;Sudeste;2 Trimestre
596057;2024.0;n;4.0;2024-04-24;RJ;116;66,3;TERESOPOLIS;Acessar a via sem observar a presença dos outros veículos;Sem Vítimas;3;Céu Claro;Pleno dia;quarta-feira;Colisão frontal;Simples;0;0;-22.28530513;-42.9306046;Segura;Sudeste;2 Trimestre
659948;2025.0;n;2.0;2025-02-08;BA;116;458,6;SANTO ESTEVAO;Animais na Pista;Com Vítimas Fatais;2;Céu Claro;Plena Noite;sábado;Atropelamento de Animal;Dupla;1;1;-12,41591314;-39,19120591;Perigosa;Nordeste;1 Trimestre
586941;2024.0;n;3.0;2024-03-13;PR;116;120;CURITIBA;Demais falhas mecânicas ou elétricas;Sem Vítimas;2;Sol;Pleno dia;quarta-feira;Colisão traseira;Dupla;0;0;-25.55122256;-49.30503748;Segura;Sul;1 Trimestre
583928;2024.0;n;2.0;2024-02-01;MA;316;218;GOVERNADOR NEWTON BELLO;Chuva;Sem Vítimas;3;Chuva;Plena Noite;quinta-feira;Colisão transversal;Simples;0;0;-3.45764;-45.672226;Segura;Nordeste;1 Trimestre
670547;2025.0;n;3.0;2025-03-30;TO;153;540;NOVA ROSALANDIA;Ausência de reação do condutor;Com Vítimas Feridas;3;Nublado;Pleno dia;domingo;Colisão traseira;Dupla;0;0;-10,567589;-48,913941;Segura;Norte;1 Trimestre
601373;2024.0;n;5.0;2024-05-18;RS;293;202,4;BAGE;Demais falhas mecânicas ou elétricas;Sem Vítimas;2;Nublado;Plena Noite;sábado;Saída de leito carroçável;Simples;0;0;-31.2259842;-54.26345816;Segura;Sul;2 Trimestre
601026;2024.0;n;5.0;2024-05-17;SP;153;72;SAO JOSE DO RIO PRETO;Ultrapassagem Indevida;Com Vítimas Feridas;5;Céu Claro;Pleno dia;sexta-feira;Colisão lateral mesmo sentido;Dupla;0;0;-20.86715501;-49.41334398;Segura;Sudeste;2 Trimestre
616584;2024.0;n;7.0;2024-07-24;BA;101;186;SAO GONCALO DOS CAMPOS;Ausência de reação do condutor;Com Vítimas Feridas;3;Céu Claro;Pleno dia;quarta-feira;Colisão frontal;Simples;0;0;-12.4631136;-38.9454432;Segura;Nordeste;3 Trimestre
574151;2024.0;n;1.0;2024-01-12;SP;116;360;MIRACATU;Ausência de reação do condutor;Com Vítimas Feridas;2;Céu Claro;Pleno dia;sexta-feira;Tombamento;Dupla;0;0;-24.11321;-47.269527;Segura;Sudeste;1 Trimestre
687975;2025.0;n;4.0;2025-04-29;MG;153;63;MONTE ALEGRE DE MINAS;Demais falhas mecânicas ou elétricas;Sem Vítimas;2;Nevoeiro/Neblina;Plena Noite;terça-feira;Incêndio;Simples;0;0;-18,92499;-49,032842;Segura;Sudeste;2 Trimestre
582449;2024.0;n;2.0;2024-02-21;SC;470;81,3;RODEIO;Reação tardia ou ineficiente do condutor;Com Vítimas Feridas;3;Nublado;Pleno dia;quarta-feira;Engavetamento;Simples;0;0;-26.95419496;-49.32634061;Segura;Sul;1 Trimestre
609508;2024.0;n;6.0;2024-06-23;SP;116;400,4;MIRACATU;Ausência de reação do condutor;Com Vítimas Feridas;3;Céu Claro;Pleno dia;domingo;Colisão traseira;Dupla;0;0;-24.30807105;-47.50100998;Segura;Sudeste;2 Trimestre
687062;2025.0;n;4.0;2025-04-24;MG;381;478,6;CONTAGEM;Manobra de mudança de faixa;Com Vítimas Feridas;4;Céu Claro;Pleno dia;quinta-feira;Colisão lateral mesmo sentido;Múltipla;0;0;-19,96264225;-44,04065645;Segura;Sudeste;2 Trimestre
612309;2024.0;n;7.0;2024-07-05;MT;163;850,7;SINOP;Ultrapassagem Indevida;Com Vítimas Fatais;4;Céu Claro;Plena Noite;sexta-feira;Colisão frontal;Simples;2;0;-11.72012965;-55.45854785;Perigosa;Centro-Oeste;3 Trimestre
579767;2024.0;n;2.0;2024-02-08;RS;101;4;TORRES;Ausência de reação do condutor;Sem Vítimas;3;Céu Claro;Pleno dia;quinta-feira;Colisão lateral mesmo sentido;Dupla;0;0;-29.33222497;-49.78508308;Segura;Sul;1 Trimestre
591686;2024.0;n;1.0;2024-01-03;SC;470;17;ILHOTA;Carga excessiva e/ou mal acondicionada;Com Vítimas Feridas;3;Céu Claro;Pleno dia;quarta-feira;Tombamento;Dupla;0;1;-26.849277;-48.801674;Perigosa;Sul;1 Trimestre
669785;2025.0;n;3.0;2025-03-26;PR;476;115;COLOMBO;Condutor Dormindo;Com Vítimas Feridas;3;Céu Claro;Plena Noite;quarta-feira;Colisão lateral sentido oposto;Dupla;0;0;-25,348169;-49,16224;Segura;Sul;1 Trimestre
619999;2024.0;n;8.0;2024-08-09;SC;101;296;IMBITUBA;Animais na Pista;Sem Vítimas;5;Nublado;Plena Noite;sexta-feira;Atropelamento de Animal;Dupla;0;0;-28.329791;-48.732203;Segura;Sul;3 Trimestre
668185;2025.0;n;3.0;2025-03-19;MG;381;388;BARAO DE COCAIS;Condutor Dormindo;Com Vítimas Feridas;3;Nublado;Amanhecer;quarta-feira;Colisão lateral sentido oposto;Simples;0;0;-19,81612916;-43,39633942;Segura;Sudeste;1 Trimestre