id;ano;feriado;mes;data_inversa;uf;br;km;municipio;causa_acidente;classificacao_acidente;veiculos;condicao_metereologica;fase_dia;dia_semana;tipo_acidente;tipo_pista;mortos;feridos_graves;latitude;longitude;status;regiao;periodo
621080;2024.0;n;8.0;2024-08-13;MG;381;246,7;SANTANA DO PARAISO;Transitar na contramão;Com Vítimas Feridas;2;Nublado;Pleno dia;terça-feira;Colisão frontal;Simples;0;0;-19.45740746;-42.52499719;Segura;Sudeste;3 Trimestre
664764;2025.0;n;3.0;2025-03-02;PR;277;23;MORRETES;Manobra de mudança de faixa;Com Vítimas Feridas;3;Sol;Pleno dia;domingo;Colisão lateral mesmo sentido;Dupla;0;0;-25,5289077;-48,73414993;Segura;Sul;1 Trimestre
657723;2025.0;n;1.0;2025-01-27;PR;277;2,8;PARANAGUA;Acessar a via sem observar a presença dos outros veículos;Com Vítimas Feridas;4;Céu Claro;Pleno dia;segunda-feira;Colisão lateral mesmo sentido;Simples;0;0;-25,568198;-48,615292;Segura;Sul;1 Trimestre
607294;2024.0;n;6.0;2024-06-13;MT;70;85;GENERAL CARNEIRO;Condutor Dormindo;Com Vítimas Feridas;2;Céu Claro;Pleno dia;quinta-feira;Tombamento;Simples;0;0;-15.62088507;-52.84340199;Segura;Centro-Oeste;2 Trimestre
585291;2024.0;n;3.0;2024-03-06;ES;101;269;SERRA;Reação tardia ou ineficiente do condutor;Com Vítimas Feridas;3;Céu Claro;Pleno dia;quarta-feira;Colisão transversal;Múltipla;0;0;-20.21740496;-40.26990578;Segura;Sudeste;1 Trimestre
596113;2024.0;n;4.0;2024-04-24;SP;116;426;JUQUIA;Acessar a via sem observar a presença dos outros veículos;Com Vítimas Feridas;3;Céu Claro;Plena Noite;quarta-feira;Colisão traseira;Dupla;0;0;-24.38735659;-47.7169352;Segura;Sudeste;2 Trimestre
652665;2025.0;y;1.0;2025-01-01;PI;343;345,5;TERESINA;Acessar a via sem observar a presença dos outros veículos;Com Vítimas Feridas;2;Céu Claro;Plena Noite;quarta-feira;Colisão lateral sentido oposto;Simples;0;0;-5,102889;-42,766506;Segura;Nordeste;1 Trimestre
615173;2024.0;n;7.0;2024-07-17;SC;280;87,7;CORUPA;Pista Escorregadia;Sem Vítimas;2;Garoa/Chuvisco;Amanhecer;quarta-feira;Saída de leito carroçável;Simples;0;0;-26.41008997;-49.27874565;Segura;Sul;3 Trimestre
582516;2024.0;n;2.0;2024-02-22;PB;230;144,9;CAMPINA GRANDE;Ingestão de álcool pelo condutor;Sem Vítimas;2;Céu Claro;Amanhecer;quinta-feira;Colisão lateral mesmo sentido;Dupla;0;0;-7.2512;-35.8399;Segura;Nordeste;1 Trimestre
652987;2025.0;n;1.0;2025-01-03;PR;153;493,4;GENERAL CARNEIRO;Demais falhas mecânicas ou elétricas;Sem Vítimas;1;Céu Claro;Pleno dia;sexta-feira;Saída de leito carroçável;Simples;0;0;-26,438627;-51,318885;Segura;Sul;1 Trimestre
590470;2024.0;y;3.0;2024-03-29;PR;369;5,4;JACAREZINHO;Transitar na contramão;Com Vítimas Feridas;3;Céu Claro;Plena Noite;sexta-feira;Colisão frontal;Simples;0;1;-23.00129496;-49.9431932;Perigosa;Sul;1 Trimestre
629126;2024.0;n;9.0;2024-09-19;CE;116;384,4;ICO;Frear bruscamente;Com Vítimas Feridas;2;Céu Claro;Pleno dia;quinta-feira;Tombamento;Simples;0;2;-6.45828501;-38.85538244;Perigosa;Nordeste;3 Trimestre
582604;2024.0;n;2.0;2024-02-22;BA;116;289;TUCANO;Reação tardia ou ineficiente do condutor;Sem Vítimas;2;Céu Claro;Pleno dia;quinta-feira;Tombamento;Simples;0;0;-11.08304404;-38.83481719;Segura;Nordeste;1 Trimestre
581832;2024.0;n;2.0;2024-02-18;SC;158;119;CAIBI;Demais falhas na via;Com Vítimas Feridas;5;Céu Claro;Amanhecer;domingo;Colisão lateral sentido oposto;Simples;0;0;-27.07838586;-53.22910309;Segura;Sul;1 Trimestre
616980;2024.0;n;7.0;2024-07-26;SP;153;174;GUAICARA;Desrespeitar a preferência no cruzamento;Com Vítimas Feridas;3;Céu Claro;Pleno dia;sexta-feira;Colisão transversal;Simples;0;0;-21.633102;-49.787743;Segura;Sudeste;3 Trimestre
606831;2024.0;n;6.0;2024-06-11;MG;267;126,1;JUIZ DE FORA;Reação tardia ou ineficiente do condutor;Com Vítimas Feridas;2;Céu Claro;Anoitecer;terça-feira;Colisão frontal;Simples;0;0;-21.72381566;-43.53970826;Segura;Sudeste;2 Trimestre
573627;2024.0;n;1.0;2024-01-09;SC;470;47,4;BLUMENAU;Ausência de reação do condutor;Com Vítimas Feridas;2;Nublado;Anoitecer;terça-feira;Colisão traseira;Simples;0;0;-26.864044;-49.046516;Segura;Sul;1 Trimestre
586686;2024.0;n;3.0;2024-03-12;ES;259;20,7;JOAO NEIVA;Reação tardia ou ineficiente do condutor;Com Vítimas Fatais;1;Nublado;Plena Noite;terça-feira;Saída de leito carroçável;Simples;1;0;-19.65378613;-40.46226743;Perigosa;Sudeste;1 Trimestre
609105;2024.0;n;6.0;2024-06-21;PR;376;56,9;GUAIRACA;Transitar na contramão;Sem Vítimas;4;Céu Claro;Plena Noite;sexta-feira;Colisão lateral sentido oposto;Simples;0;0;-22.923017;-52.868316;Segura;Sul;2 Trimestre
621529;2024.0;n;8.0;2024-08-16;TO;153;108;WANDERLANDIA;Manobra de mudança de faixa;Com Vítimas Feridas;6;Céu Claro;Pleno dia;sexta-feira;Colisão lateral mesmo sentido;Simples;0;0;-6.93874085;-48.07693215;Segura;Norte;3 Trimestre
658223;2025.0;n;1.0;2025-01-30;SC;116;6,9;MAFRA;Acesso irregular;Com Vítimas Feridas;2;Céu Claro;Pleno dia;quinta-feira;Colisão transversal;Simples;0;0;-26,15196176;-49,83102416;Segura;Sul;1 Trimestre
624496;2024.0;n;8.0;2024-08-30;RJ;356;48;ITAPERUNA;Velocidade Incompatível;Sem Vítimas;2;Céu Claro;Pleno dia;sexta-feira;Derramamento de carga;Simples;0;0;-21.24530018;-41.78413117;Segura;Sudeste;3 Trimestre
581821;2024.0;n;2.0;2024-02-18;SC;101;186,1;BIGUACU;Velocidade Incompatível;Com Vítimas Feridas;4;Garoa/Chuvisco;Pleno dia;domingo;Colisão com objeto;Dupla;0;0;-27.4341098;-48.62567129;Segura;Sul;1 Trimestre
595657;2024.0;n;4.0;2024-04-22;SC;470;63;BLUMENAU;Mal súbito do condutor;Com Vítimas Feridas;3;Céu Claro;Pleno dia;segunda-feira;Colisão lateral sentido oposto;Simples;0;1;-26.874521;-49.182938;Perigosa;Sul;2 Trimestre
661106;2025.0;n;2.0;2025-02-13;RS;285;370;SALDANHA MARINHO;Ausência de reação do condutor;Com Vítimas Feridas;2;Céu Claro;Pleno dia;quinta-feira;Colisão lateral sentido oposto;Simples;0;0;-28,399773;-53,064205;Segura;Sul;1 Trimestre
623921;2024.0;n;8.0;2024-08-27;RS;386;308,4;POUSO NOVO;Ausência de reação do condutor;Com Vítimas Feridas;1;Nevoeiro/Neblina;Pleno dia;terça-feira;Saída de leito carroçável;Simples;0;1;-29.209391;-52.178665;Perigosa;Sul;3 Trimestre
686153;2025.0;n;4.0;2025-04-16;SP;116;219;GUARULHOS;Trafegar com motocicleta (ou similar) entre as faixas;Com Vítimas Feridas;3;Nublado;Anoitecer;quarta-feira;Colisão traseira;Múltipla;0;0;-23,46130346;-46,48907401;Segura;Sudeste;2 Trimestre
581508;2024.0;n;2.0;2024-02-16;BA;116;919,7;ENCRUZILHADA;Reação tardia ou ineficiente do condutor;Com Vítimas Feridas;2;Céu Claro;Pleno dia;sexta-feira;Colisão com objeto;Simples;0;0;-15.61592798;-41.29159927;Segura;Nordeste;1 Trimestre
610653;2024.0;n;6.0;2024-06-28;MG;381;378;SAO GONCALO DO RIO ABAIXO;Ausência de reação do condutor;Com Vítimas Feridas;2;Céu Claro;Pleno dia;sexta-feira;Tombamento;Simples;0;0;-19.83376284;-43.36060015;Segura;Sudeste;2 Trimestre
630360;2024.0;n;9.0;2024-09-25;PR;277;462;LARANJEIRAS DO SUL;Condutor Dormindo;Com Vítimas Feridas;2;Céu Claro;Plena Noite;quarta-feira;Colisão lateral sentido oposto;Simples;0;0;-25.35694;-52.4777;Segura;Sul;3 Trimestre
658032;2025.0;n;1.0;2025-01-29;GO;153;644;MORRINHOS;Condutor Dormindo;Com Vítimas Feridas;4;Céu Claro;Pleno dia;quarta-feira;Colisão traseira;Dupla;0;0;-17,9146;-49,2398;Segura;Centro-Oeste;1 Trimestre
587028;2024.0;n;3.0;2024-03-13;PR;116;145;MANDIRITUBA;Velocidade Incompatível;Com Vítimas Feridas;5;Céu Claro;Pleno dia;quarta-feira;Colisão frontal;Dupla;0;2;-25.77290167;-49.32325542;Perigosa;Sul;1 Trimestre
628243;2024.0;n;9.0;2024-09-15;GO;153;181;CAMPINORTE;Ultrapassagem Indevida;Com Vítimas Feridas;7;Céu Claro;Pleno dia;domingo;Colisão lateral mesmo sentido;Simples;0;0;-14.36961;-49.158343;Segura;Centro-Oeste;3 Trimestre
666839;2025.0;n;3.0;2025-03-12;SC;101;439,3;SOMBRIO;Condutor deixou de manter distância do veículo da frente;Com Vítimas Feridas;5;Nublado;Plena Noite;quarta-feira;Colisão traseira;Múltipla;0;2;-29,12445103;-49,66882467;Perigosa;Sul;1 Trimestre
620971;2024.0;n;8.0;2024-08-13;MS;163;78,4;ITAQUIRAI;Ausência de reação do condutor;Com Vítimas Feridas;3;Céu Claro;Pleno dia;terça-feira;Eventos atípicos;Dupla;0;1;-23.47441924;-54.18829399;Perigosa;Centro-Oeste;3 Trimestre
600384;2024.0;n;5.0;2024-05-14;MG;381;759,5;TRES CORACOES;Velocidade Incompatível;Com Vítimas Feridas;3;Céu Claro;Plena Noite;terça-feira;Colisão traseira;Dupla;0;0;-21.71597801;-45.37713297;Segura;Sudeste;2 Trimestre
587473;2024.0;n;3.0;2024-03-15;MA;316;559;CAXIAS;Transitar na contramão;Com Vítimas Feridas;2;Chuva;Pleno dia;sexta-feira;Colisão frontal;Simples;0;1;-4.886379;-43.292355;Perigosa;Nordeste;1 Trimestre
609689;2024.0;n;6.0;2024-06-24;RJ;493;22;MAGE;Condutor deixou de manter distância do veículo da frente;Sem Vítimas;3;Céu Claro;Pleno dia;segunda-feira;Colisão traseira;Simples;0;0;-22.659311;-43.053303;Segura;Sudeste;2 Trimestre
595933;2024.0;n;3.0;2024-03-14;PR;376;635;SAO JOSE DOS PINHAIS;Reação tardia ou ineficiente do condutor;Com Vítimas Feridas;4;Céu Claro;Pleno dia;quinta-feira;Colisão traseira;Dupla;0;0;-25.72962736;-49.13339138;Segura;Sul;1 Trimestre
660027;2025.0;n;2.0;2025-02-08;MG;40;467,3;SETE LAGOAS;Pista esburacada;Com Vítimas Feridas;2;Nublado;Pleno dia;sábado;Saída de leito carroçável;Dupla;0;0;-19,45038924;-44,3166822;Segura;Sudeste;1 Trimestre
577302;2024.0;n;1.0;2024-01-26;PR;277;653,6;MATELANDIA;Transitar no Acostamento;Com Vítimas Feridas;2;Céu Claro;Plena Noite;sexta-feira;Colisão lateral mesmo sentido;Simples;0;1;-25.213354;-53.95143726;Perigosa;Sul;1 Trimestre
669068;2025.0;n;3.0;2025-03-23;MG;365;91,7;JEQUITAI;Velocidade Incompatível;Com Vítimas Fatais;2;Chuva;Pleno dia;domingo;Colisão com objeto;Simples;1;0;-17,20114611;-44,43832397;Perigosa;Sudeste;1 Trimestre
608350;2024.0;n;6.0;2024-06-18;RJ;101;42,5;CAMPOS DOS GOYTACAZES;Demais falhas mecânicas ou elétricas;Sem Vítimas;1;Céu Claro;Pleno dia;terça-feira;Incêndio;Simples;0;0;-21.56357908;-41.32424043;Segura;Sudeste;2 Trimestre
662763;2025.0;n;2.0;2025-02-21;MT;158;602;AGUA BOA;Ausência de reação do condutor;Com Vítimas Fatais;1;Sol;Pleno dia;sexta-feira;Saída de leito carroçável;Simples;1;0;-14,341022;-52,169109;Perigosa;Centro-Oeste;1 Trimestre
669083;2025.0;n;3.0;2025-03-23;BA;324;396;NOVA FATIMA;Transitar na contramão;Com Vítimas Feridas;2;Céu Claro;Plena Noite;domingo;Colisão frontal;Simples;0;1;-11,56165817;-39,67806816;Perigosa;Nordeste;1 Trimestre
606987;2024.0;n;6.0;2024-06-12;RJ;40;113;DUQUE DE CAXIAS;Manobra de mudança de faixa;Com Vítimas Feridas;2;Céu Claro;Pleno dia;quarta-feira;Colisão lateral mesmo sentido;Múltipla;0;0;-22.70948502;-43.29040354;Segura;Sudeste;2 Trimestre
607691;2024.0;n;6.0;2024-06-15;RO;364;146,3;PIMENTA BUENO;Transitar na contramão;Com Vítimas Feridas;5;Céu Claro;Pleno dia;sábado;Colisão frontal;Simples;0;2;-12.01036994;-60.900442;Perigosa;Norte;2 Trimestre
656171;2025.0;n;1.0;2025-01-20;AL;101;29;JOAQUIM GOMES;Acostamento em desnível;Com Vítimas Feridas;4;Céu Claro;Plena Noite;segunda-feira;Tombamento;Simples;0;0;-9,07654203;-35,74434506;Segura;Nordeste;1 Trimestre
593408;2024.0;n;3.0;2024-03-19;PA;155;33;PAU DARCO;Demais falhas mecânicas ou elétricas;Sem Vítimas;3;Céu Claro;Pleno dia;terça-feira;Incêndio;Simples;0;0;-7.75549471;-50.05067252;Segura;Norte;1 Trimestre
624270;2024.0;n;8.0;2024-08-28;AL;423;77,3;AGUA BRANCA;Demais falhas mecânicas ou elétricas;Sem Vítimas;1;Chuva;Plena Noite;quarta-feira;Incêndio;Simples;0;0;-9.32172283;-37.96002106;Segura;Nordeste;3 Trimestre
658194;2025.0;n;1.0;2025-01-30;RO;364;152;PIMENTA BUENO;Faixas de trânsito com largura insuficiente;Com Vítimas Feridas;5;Céu Claro;Pleno dia;quinta-feira;Saída de leito carroçável;Simples;0;0;-11,98740675;-60,94744778;Segura;Norte;1 Trimestre
610281;2024.0;n;6.0;2024-06-27;RR;174;185,9;RORAINOPOLIS;Manobra de mudança de faixa;Com Vítimas Fatais;2;Nublado;Plena Noite;quinta-feira;Colisão frontal;Simples;2;0;0.707157;-60.44672;Perigosa;Norte;2 Trimestre
687951;2025.0;n;4.0;2025-04-28;MA;222;641;ACAILANDIA;Velocidade Incompatível;Com Vítimas Feridas;3;Céu Claro;Plena Noite;segunda-feira;Tombamento;Simples;0;0;-4,807072;-47,232448;Segura;Nordeste;2 Trimestre
574095;2024.0;n;1.0;2024-01-11;PR;277;40;MORRETES;Reação tardia ou ineficiente do condutor;Sem Vítimas;3;Chuva;Plena Noite;quinta-feira;Tombamento;Múltipla;0;0;-25.58285944;-48.86836767;Segura;Sul;1 Trimestre
594177;2024.0;n;4.0;2024-04-15;MG;116;303,3;ITAMBACURI;Transitar na contramão;Com Vítimas Feridas;3;Céu Claro;Pleno dia;segunda-feira;Colisão lateral sentido oposto;Simples;0;0;-18.01747727;-41.64325495;Segura;Sudeste;2 Trimestre
656221;2025.0;n;1.0;2025-01-20;BA;116;29,8;VITORIA DA CONQUISTA;Carga excessiva e/ou mal acondicionada;Com Vítimas Feridas;1;Céu Claro;Pleno dia;segunda-feira;Tombamento;Simples;0;0;-14,827829;-40,828188;Segura;Nordeste;1 Trimestre
671464;2025.0;n;4.0;2025-04-04;SP;153;73;SAO JOSE DO RIO PRETO;Transitar na contramão;Com Vítimas Feridas;3;Céu Claro;Pleno dia;sexta-feira;Colisão frontal;Simples;0;1;-20,87956885;-49,42187691;Perigosa;Sudeste;2 Trimestre
659092;2025.0;n;2.0;2025-02-03;RS;448;20,5;CANOAS;Demais falhas mecânicas ou elétricas;Com Vítimas Feridas;4;Céu Claro;Pleno dia;segunda-feira;Colisão com objeto;Múltipla;0;0;-29,958729;-51,202465;Segura;Sul;1 Trimestre
597967;2024.0;n;4.0;2024-04-29;MT;364;397;CUIABA;Ingestão de álcool pelo condutor;Sem Vítimas;4;Céu Claro;Amanhecer;segunda-feira;Saída de leito carroçável;Dupla;0;0;-15.68642489;-55.91347495;Segura;Centro-Oeste;2 Trimestre
608927;2024.0;n;6.0;2024-06-21;SC;101;136,5;BALNEARIO CAMBORIU;Acessar a via sem observar a presença dos outros veículos;Com Vítimas Feridas;2;Nublado;Pleno dia;sexta-feira;Colisão lateral mesmo sentido;Dupla;0;1;-27.008113;-48.617245;Perigosa;Sul;2 Trimestre
654782;2025.0;n;1.0;2025-01-13;RS;290;175,1;BUTIA;Reação tardia ou ineficiente do condutor;Com Vítimas Feridas;2;Céu Claro;Plena Noite;segunda-feira;Colisão traseira;Simples;0;0;-30,12950209;-51,9627142;Segura;Sul;1 Trimestre
619305;2024.0;n;8.0;2024-08-05;PR;376;158,6;MANDAGUACU;Acessar a via sem observar a presença dos outros veículos;Com Vítimas Feridas;4;Sol;Pleno dia;segunda-feira;Colisão traseira;Dupla;0;0;-23.357723;-52.088777;Segura;Sul;3 Trimestre
627306;2024.0;n;9.0;2024-09-11;MS;436;8,1;APARECIDA DO TABOADO;Demais Fenômenos da natureza;Sem Vítimas;4;Céu Claro;Pleno dia;quarta-feira;Incêndio;Simples;0;0;-20.087124;-51.09403;Segura;Centro-Oeste;3 Trimestre
660090;2025.0;n;2.0;2025-02-08;PR;163;330;GUAIRA;Pista Escorregadia;Sem Vítimas;2;Chuva;Pleno dia;sábado;Colisão lateral mesmo sentido;Simples;0;0;-24,26399161;-54,18874272;Segura;Sul;1 Trimestre
653920;2025.0;n;1.0;2025-01-08;PR;376;605;CURITIBA;Condutor deixou de manter distância do veículo da frente;Com Vítimas Feridas;3;Nublado;Plena Noite;quarta-feira;Colisão lateral mesmo sentido;Dupla;0;0;-25,55177228;-49,27905516;Segura;Sul;1 Trimestre
619399;2024.0;n;7.0;2024-07-10;SC;470;4,5;NAVEGANTES;Ausência de reação do condutor;Com Vítimas Feridas;3;Chuva;Pleno dia;quarta-feira;Colisão traseira;Dupla;0;0;-26.858473;-48.690788;Segura;Sul;3 Trimestre
625904;2024.0;n;9.0;2024-09-05;PI;343;264,5;CAMPO MAIOR;Trafegar com motocicleta (ou similar) entre as faixas;Com Vítimas Fatais;2;Céu Claro;Pleno dia;quinta-feira;Colisão traseira;Simples;1;0;-4.827662;-42.162594;Perigosa;Nordeste;3 Trimestre
577138;2024.0;n;1.0;2024-01-26;ES;101;403,9;ITAPEMIRIM;Transitar na contramão;Com Vítimas Feridas;3;Céu Claro;Pleno dia;sexta-feira;Colisão frontal;Simples;0;0;-20.89541789;-41.00720306;Segura;Sudeste;1 Trimestre
575210;2024.0;n;1.0;2024-01-17;SC;101;207,8;SAO JOSE;Reação tardia ou ineficiente do condutor;Com Vítimas Feridas;4;Chuva;Amanhecer;quarta-feira;Colisão traseira;Múltipla;0;0;-27.60001226;-48.6226467;Segura;Sul;1 Trimestre
592623;2024.0;n;4.0;2024-04-08;PR;277;133;CAMPO LARGO;Manobra de mudança de faixa;Sem Vítimas;2;Chuva;Pleno dia;segunda-feira;Colisão traseira;Múltipla;0;0;-25.470716;-49.660235;Segura;Sul;2 Trimestre
600241;2024.0;n;5.0;2024-05-13;MG;262;160;SAO DOMINGOS DO PRATA;Reação tardia ou ineficiente do condutor;Com Vítimas Feridas;3;Sol;Pleno dia;segunda-feira;Colisão frontal;Simples;0;0;-19.96282686;-42.83491942;Segura;Sudeste;2 Trimestre
610867;2024.0;n;6.0;2024-06-29;PI;316;0;TERESINA;Condutor deixou de manter distância do veículo da frente;Com Vítimas Fatais;3;Sol;Pleno dia;sábado;Colisão lateral mesmo sentido;Simples;1;0;-5.130882;-42.81456;Perigosa;Nordeste;2 Trimestre
617792;2024.0;n;7.0;2024-07-29;RS;285;166,6;MUITOS CAPOES;Reação tardia ou ineficiente do condutor;Com Vítimas Feridas;2;Garoa/Chuvisco;Plena Noite;segunda-feira;Saída de leito carroçável;Simples;0;1;-28.329662;-51.283569;Perigosa;Sul;3 Trimestre
630438;2024.0;n;9.0;2024-09-25;PA;163;433;ITAITUBA;Problema com o freio;Com Vítimas Feridas;4;Sol;Pleno dia;quarta-feira;Saída de leito carroçável;Simples;0;2;-6.05507383;-55.67099188;Perigosa;Norte;3 Trimestre
623505;2024.0;n;7.0;2024-07-11;MG;262;896;CAMPO FLORIDO;Condutor Dormindo;Com Vítimas Feridas;2;Céu Claro;Pleno dia;quinta-feira;Saída de leito carroçável;Dupla;0;0;-19.651759;-48.810749;Segura;Sudeste;3 Trimestre
575983;2024.0;n;1.0;2024-01-20;PI;316;312;PICOS;Reação tardia ou ineficiente do condutor;Sem Vítimas;3;Céu Claro;Pleno dia;sábado;Colisão traseira;Simples;0;0;-7.08092534;-41.4582602;Segura;Nordeste;1 Trimestre
624442;2024.0;n;8.0;2024-08-29;MA;316;59;GOVERNADOR NUNES FREIRE;Ausência de reação do condutor;Com Vítimas Feridas;3;Céu Claro;Plena Noite;quinta-feira;Colisão transversal;Simples;0;1;-2.070968;-45.940369;Perigosa;Nordeste;3 Trimestre
575904;2024.0;n;1.0;2024-01-20;MG;40;504,9;RIBEIRAO DAS NEVES;Condutor deixou de manter distância do veículo da frente;Com Vítimas Feridas;2;Céu Claro;Pleno dia;sábado;Colisão traseira;Dupla;0;0;-19.72987888;-44.15253368;Segura;Sudeste;1 Trimestre
582494;2024.0;n;2.0;2024-02-21;MS;163;565,5;BANDEIRANTES;Ingestão de álcool pelo condutor;Com Vítimas Feridas;4;Céu Claro;Plena Noite;quarta-feira;Saída de leito carroçável;Simples;0;1;-19.77562005;-54.36308781;Perigosa;Centro-Oeste;1 Trimestre
574347;2024.0;n;1.0;2024-01-13;PE;232;20;JABOATAO DOS GUARARAPES;Reação tardia ou ineficiente do condutor;Sem Vítimas;1;Nublado;Amanhecer;sábado;Colisão com objeto;Dupla;0;0;-8.095575;-35.078017;Segura;Nordeste;1 Trimestre
596010;2024.0;n;4.0;2024-04-24;GO;153;202;URUACU;Conversão proibida;Com Vítimas Feridas;3;Céu Claro;Pleno dia;quarta-feira;Colisão transversal;Simples;0;1;-14.527802;-49.159687;Perigosa;Centro-Oeste;2 Trimestre
584188;2024.0;n;3.0;2024-03-01;MT;163;496;CUIABA;Manobra de mudança de faixa;Com Vítimas Feridas;3;Garoa/Chuvisco;Pleno dia;sexta-feira;Colisão frontal;Simples;0;0;-15.65946582;-56.00509286;Segura;Centro-Oeste;1 Trimestre
586102;2024.0;n;3.0;2024-03-09;RJ;101;276;TANGUA;Manobra de mudança de faixa;Com Vítimas Feridas;3;Céu Claro;Pleno dia;sábado;Colisão traseira;Dupla;0;0;-22.73796393;-42.73871802;Segura;Sudeste;1 Trimestre
596526;2024.0;n;4.0;2024-04-26;SC;282;24,8;SANTO AMARO DA IMPERATRIZ;Reação tardia ou ineficiente do condutor;Com Vítimas Feridas;2;Nublado;Pleno dia;sexta-feira;Colisão traseira;Simples;0;0;-27.68268;-48.744614;Segura;Sul;2 Trimestre
621521;2024.0;n;8.0;2024-08-16;MT;364;269,9;JACIARA;Acessar a via sem observar a presença dos outros veículos;Sem Vítimas;2;Céu Claro;Pleno dia;sexta-feira;Colisão transversal;Simples;0;0;-15.974228;-54.938;Segura;Centro-Oeste;3 Trimestre
653430;2025.0;n;1.0;2025-01-06;PR;277;173,3;PALMEIRA;Transitar na contramão;Com Vítimas Fatais;3;Nublado;Plena Noite;segunda-feira;Colisão frontal;Simples;1;0;-25,44058;-49,972164;Perigosa;Sul;1 Trimestre
687659;2025.0;n;4.0;2025-04-11;MG;381;820;CAREACU;Condutor deixou de manter distância do veículo da frente;Com Vítimas Feridas;3;Céu Claro;Pleno dia;sexta-feira;Colisão traseira;Dupla;0;0;-22,068578;-45,702822;Segura;Sudeste;2 Trimestre
611296;2024.0;n;7.0;2024-07-01;CE;222;299,6;TIANGUA;Transitar na contramão;Com Vítimas Feridas;2;Céu Claro;Pleno dia;segunda-feira;Colisão frontal;Simples;0;0;-3.65653078;-40.9347551;Segura;Nordeste;3 Trimestre
578764;2024.0;n;2.0;2024-02-03;RJ;495;22;PETROPOLIS;Falta de acostamento;Com Vítimas Feridas;2;Nublado;Pleno dia;sábado;Colisão lateral mesmo sentido;Simples;0;0;-22.40775537;-43.08365822;Segura;Sudeste;1 Trimestre
590340;2024.0;n;3.0;2024-03-28;PR;376;200,2;MANDAGUARI;Ausência de reação do condutor;Com Vítimas Feridas;3;Céu Claro;Pleno dia;quinta-feira;Colisão traseira;Dupla;0;0;-23.50719669;-51.73201193;Segura;Sul;1 Trimestre
623483;2024.0;n;8.0;2024-08-25;MG;381;376;SAO GONCALO DO RIO ABAIXO;Demais falhas mecânicas ou elétricas;Sem Vítimas;2;Céu Claro;Plena Noite;domingo;Incêndio;Simples;0;0;-19.8367193;-43.34504908;Segura;Sudeste;3 Trimestre
608691;2024.0;n;6.0;2024-06-20;RS;101;35;TRES CACHOEIRAS;Condutor Dormindo;Com Vítimas Feridas;2;Chuva;Plena Noite;quinta-feira;Colisão traseira;Dupla;0;0;-29.51719812;-49.99124485;Segura;Sul;2 Trimestre
600410;2024.0;n;5.0;2024-05-13;SC;101;188;BIGUACU;Condutor deixou de manter distância do veículo da frente;Com Vítimas Feridas;2;Nublado;Amanhecer;segunda-feira;Colisão traseira;Dupla;0;1;-27.45123421;-48.63370766;Perigosa;Sul;2 Trimestre
627445;2024.0;n;9.0;2024-09-12;TO;153;191;NOVA OLINDA;Reação tardia ou ineficiente do condutor;Com Vítimas Fatais;5;Céu Claro;Pleno dia;quinta-feira;Colisão transversal;Simples;1;0;-7.56853192;-48.42126156;Perigosa;Norte;3 Trimestre
582585;2024.0;n;2.0;2024-02-22;ES;101;304,6;VIANA;Chuva;Com Vítimas Feridas;4;Chuva;Pleno dia;quinta-feira;Colisão traseira;Dupla;0;0;-20.3800645;-40.45431391;Segura;Sudeste;1 Trimestre
607147;2024.0;n;6.0;2024-06-13;SC;101;275,5;IMBITUBA;Trafegar com motocicleta (ou similar) entre as faixas;Com Vítimas Feridas;4;Céu Claro;Pleno dia;quinta-feira;Tombamento;Múltipla;0;0;-28.153294;-48.692543;Segura;Sul;2 Trimestre
617559;2024.0;n;6.0;2024-06-22;AL;423;76,5;AGUA BRANCA;Acessar a via sem observar a presença dos outros veículos;Com Vítimas Fatais;5;Chuva;Amanhecer;sábado;Colisão transversal;Simples;1;0;-9.31861528;-37.95146691;Perigosa;Nordeste;2 Trimestre
611519;2024.0;n;7.0;2024-07-02;PR;158;512,6;CORONEL VIVIDA;Condutor deixou de manter distância do veículo da frente;Com Vítimas Feridas;3;Céu Claro;Pleno dia;terça-feira;Colisão traseira;Simples;0;1;-26.04287282;-52.62090924;Perigosa;Sul;3 Trimestre
618355;2024.0;n;8.0;2024-08-01;BA;324;533;CONCEICAO DO JACUIPE;Mal súbito do condutor;Sem Vítimas;4;Céu Claro;Plena Noite;quinta-feira;Colisão lateral mesmo sentido;Dupla;0;0;-12.34449694;-38.84017496;Segura;Nordeste;3 Trimestre
619561;2024.0;n;8.0;2024-08-06;SP;116;212;GUARULHOS;Condutor deixou de manter distância do veículo da frente;Com Vítimas Feridas;3;Nublado;Plena Noite;terça-feira;Colisão traseira;Múltipla;0;0;-23.43608315;-46.42805094;Segura;Sudeste;3 Trimestre
599487;2024.0;n;5.0;2024-05-10;ES;262;35,7;DOMINGOS MARTINS;Ausência de reação do condutor;Com Vítimas Feridas;5;Céu Claro;Pleno dia;sexta-feira;Colisão traseira;Simples;0;4;-20.38002181;-40.5951714;Perigosa;Sudeste;2 Trimestre
575421;2024.0;n;1.0;2024-01-17;SC;101;138;BALNEARIO CAMBORIU;Acesso irregular;Com Vítimas Feridas;4;Nublado;Plena Noite;quarta-feira;Colisão traseira;Dupla;0;0;-27.02397426;-48.60761649;Segura;Sul;1 Trimestre