id;ano;feriado;mes;data_inversa;uf;br;km;municipio;causa_acidente;classificacao_acidente;veiculos;condicao_metereologica;fase_dia;dia_semana;tipo_acidente;tipo_pista;mortos;feridos_graves;latitude;longitude;status;regiao;periodo
598692;2024.0;n;5.0;2024-05-06;ES;101;123;SOORETAMA;Velocidade Incompatível;Com Vítimas Feridas;5;Céu Claro;Pleno dia;segunda-feira;Colisão transversal;Simples;0;0;-19.16834502;-40.08717096;Segura;Sudeste;2 Trimestre
670929;2025.0;n;4.0;2025-04-01;PR;277;305;PRUDENTOPOLIS;Falta de acostamento;Com Vítimas Feridas;2;Céu Claro;Pleno dia;terça-feira;Saída de leito carroçável;Simples;0;0;-25,3195883;-51,1896854;Segura;Sul;2 Trimestre
660836;2025.0;n;2.0;2025-02-12;PE;408;60,8;PAUDALHO;Ausência de reação do condutor;Sem Vítimas;1;Céu Claro;Plena Noite;quarta-feira;Colisão com objeto;Dupla;0;0;-7,86538;-35,20587;Segura;Nordeste;1 Trimestre
653372;2025.0;n;1.0;2025-01-05;MG;365;749,1;ITUIUTABA;Ausência de reação do condutor;Com Vítimas Feridas;1;Céu Claro;Anoitecer;domingo;Saída de leito carroçável;Dupla;0;1;-18,9411928179;-49,4481066987;Perigosa;Sudeste;1 Trimestre
605655;2024.0;n;6.0;2024-06-07;GO;60;63;ABADIANIA;Ingestão de álcool pelo condutor;Com Vítimas Feridas;2;Céu Claro;Amanhecer;sexta-feira;Colisão traseira;Simples;0;2;-16.1936;-48.7279;Perigosa;Centro-Oeste;2 Trimestre
628092;2024.0;n;9.0;2024-09-09;PA;316;63;CASTANHAL;Pedestre andava na pista;Com Vítimas Feridas;2;Céu Claro;Plena Noite;segunda-feira;Atropelamento de Pedestre;Dupla;0;1;-1.296127;-47.918383;Perigosa;Norte;3 Trimestre
590946;2024.0;n;3.0;2024-03-31;BA;101;28;ESPLANADA;Demais falhas mecânicas ou elétricas;Sem Vítimas;2;Céu Claro;Pleno dia;domingo;Incêndio;Dupla;0;0;-11.76968008;-37.94440451;Segura;Nordeste;1 Trimestre
662041;2025.0;n;2.0;2025-02-17;SC;470;145;RIO DO SUL;Chuva;Com Vítimas Feridas;4;Chuva;Pleno dia;segunda-feira;Colisão lateral sentido oposto;Simples;0;1;-27,237301;-49,682217;Perigosa;Sul;1 Trimestre
657001;2025.0;n;1.0;2025-01-24;MG;381;456;BELO HORIZONTE;Transitar no Acostamento;Com Vítimas Feridas;3;Céu Claro;Pleno dia;sexta-feira;Colisão lateral mesmo sentido;Simples;0;0;-19,85862954;-43,91292495;Segura;Sudeste;1 Trimestre
687854;2025.0;n;4.0;2025-04-28;DF;60;10,2;BRASILIA;Reação tardia ou ineficiente do condutor;Sem Vítimas;1;Céu Claro;Pleno dia;segunda-feira;Colisão com objeto;Dupla;0;0;-15,910363;-48,15236;Segura;Centro-Oeste;2 Trimestre
598806;2024.0;n;5.0;2024-05-07;SC;101;217,1;PALHOCA;Manobra de mudança de faixa;Com Vítimas Feridas;3;Céu Claro;Pleno dia;terça-feira;Colisão lateral mesmo sentido;Dupla;0;0;-27.66779034;-48.67393586;Segura;Sul;2 Trimestre
595783;2024.0;n;4.0;2024-04-23;MG;381;881,9;ESTIVA;Reação tardia ou ineficiente do condutor;Com Vítimas Feridas;2;Céu Claro;Plena Noite;terça-feira;Colisão traseira;Simples;0;0;-22.51533401;-46.02134878;Segura;Sudeste;2 Trimestre
604652;2024.0;n;6.0;2024-06-02;PR;116;23,8;ANTONINA;Frear bruscamente;Com Vítimas Feridas;3;Sol;Pleno dia;domingo;Colisão traseira;Dupla;0;1;-25.1116664;-48.7648109;Perigosa;Sul;2 Trimestre
670914;2025.0;n;4.0;2025-04-01;GO;153;440,2;ANAPOLIS;Sinalização mal posicionada;Sem Vítimas;1;Céu Claro;Pleno dia;terça-feira;Colisão com objeto;Dupla;0;0;-16,332084;-48,922378;Segura;Centro-Oeste;2 Trimestre
628704;2024.0;n;9.0;2024-09-17;MG;267;294,3;BAEPENDI;Ausência de reação do condutor;Com Vítimas Feridas;2;Céu Claro;Pleno dia;terça-feira;Colisão lateral sentido oposto;Simples;0;1;-21.93297771;-44.84438803;Perigosa;Sudeste;3 Trimestre
598665;2024.0;n;5.0;2024-05-06;BA;324;559;AMELIA RODRIGUES;Manobra de mudança de faixa;Sem Vítimas;5;Nublado;Pleno dia;segunda-feira;Colisão lateral mesmo sentido;Dupla;0;0;-12.494389;-38.651185;Segura;Nordeste;2 Trimestre
605685;2024.0;n;6.0;2024-06-07;MG;40;570;NOVA LIMA;Reação tardia ou ineficiente do condutor;Com Vítimas Feridas;2;Céu Claro;Pleno dia;sexta-feira;Colisão traseira;Simples;0;0;-20.21286706;-43.97263241;Segura;Sudeste;2 Trimestre
602979;2024.0;n;5.0;2024-05-25;MS;163;839;SONORA;Reação tardia ou ineficiente do condutor;Com Vítimas Fatais;2;Nevoeiro/Neblina;Plena Noite;sábado;Colisão frontal;Simples;1;0;-17.58231308;-54.74314059;Perigosa;Centro-Oeste;2 Trimestre
618629;2024.0;n;8.0;2024-08-02;SC;101;406;ARARANGUA;Reação tardia ou ineficiente do condutor;Sem Vítimas;2;Céu Claro;Plena Noite;sexta-feira;Saída de leito carroçável;Dupla;0;0;-28.90089442;-49.47486877;Segura;Sul;3 Trimestre
667088;2025.0;n;3.0;2025-03-14;BA;101;24,8;ESPLANADA;Desvio temporário;Com Vítimas Feridas;2;Chuva;Amanhecer;sexta-feira;Colisão frontal;Dupla;0;0;-11,69253539;-37,90234739;Segura;Nordeste;1 Trimestre
655390;2025.0;n;1.0;2025-01-16;SP;116;218;GUARULHOS;Trafegar com motocicleta (ou similar) entre as faixas;Com Vítimas Feridas;3;Nublado;Pleno dia;quinta-feira;Colisão lateral mesmo sentido;Múltipla;0;0;-23,457972;-46,479927;Segura;Sudeste;1 Trimestre
661679;2025.0;n;2.0;2025-02-16;PR;476;192;LAPA;Reação tardia ou ineficiente do condutor;Com Vítimas Feridas;2;Nublado;Amanhecer;domingo;Colisão traseira;Simples;0;0;-25,730359;-49,706912;Segura;Sul;1 Trimestre
655984;2025.0;n;1.0;2025-01-19;BA;101;6;RIO REAL;Demais falhas mecânicas ou elétricas;Com Vítimas Feridas;2;Céu Claro;Pleno dia;domingo;Colisão transversal;Simples;0;1;-11,58792804;-37,87567286;Perigosa;Nordeste;1 Trimestre
625999;2024.0;n;9.0;2024-09-05;RS;392;350;SANTA MARIA;Desrespeitar a preferência no cruzamento;Sem Vítimas;2;Céu Claro;Pleno dia;quinta-feira;Saída de leito carroçável;Simples;0;0;-29.73443955;-53.79885793;Segura;Sul;3 Trimestre
619104;2024.0;n;8.0;2024-08-04;RS;386;51,4;SEBERI;Reação tardia ou ineficiente do condutor;Sem Vítimas;5;Chuva;Plena Noite;domingo;Colisão traseira;Simples;0;0;-27.500874;-53.388092;Segura;Sul;3 Trimestre
663373;2025.0;n;2.0;2025-02-24;MG;40;597,7;OURO PRETO;Ausência de reação do condutor;Com Vítimas Feridas;4;Sol;Pleno dia;segunda-feira;Colisão frontal;Simples;0;1;-20,4226366;-43,878575;Perigosa;Sudeste;1 Trimestre
608214;2024.0;n;6.0;2024-06-17;RS;470;222;GARIBALDI;Acessar a via sem observar a presença dos outros veículos;Com Vítimas Feridas;2;Nublado;Anoitecer;segunda-feira;Saída de leito carroçável;Simples;0;0;-29.20372835;-51.51786908;Segura;Sul;2 Trimestre
625967;2024.0;n;9.0;2024-09-05;CE;116;16,5;FORTALEZA;Objeto estático sobre o leito carroçável;Com Vítimas Fatais;3;Céu Claro;Plena Noite;quinta-feira;Colisão com objeto;Dupla;1;0;-3.88732794;-38.50185439;Perigosa;Nordeste;3 Trimestre
618705;2024.0;n;8.0;2024-08-03;PE;424;71,2;CAETES;Falta de acostamento;Com Vítimas Feridas;1;Chuva;Amanhecer;sábado;Capotamento;Simples;0;0;-8.78427532;-36.61322121;Segura;Nordeste;3 Trimestre
594984;2024.0;n;4.0;2024-04-19;MT;158;706,6;BARRA DO GARCAS;Reação tardia ou ineficiente do condutor;Com Vítimas Feridas;3;Céu Claro;Pleno dia;sexta-feira;Colisão lateral mesmo sentido;Simples;0;0;-15.10820998;-52.21274494;Segura;Centro-Oeste;2 Trimestre
661828;2025.0;n;2.0;2025-02-16;CE;116;502,7;BREJO SANTO;Ingestão de álcool pelo condutor;Com Vítimas Feridas;3;Céu Claro;Plena Noite;domingo;Colisão frontal;Simples;0;0;-7,49535;-38,98453;Segura;Nordeste;1 Trimestre
616982;2024.0;n;7.0;2024-07-26;PR;280;275;MARMELEIRO;Velocidade Incompatível;Com Vítimas Fatais;2;Céu Claro;Pleno dia;sexta-feira;Saída de leito carroçável;Simples;1;0;-26.23355831;-53.1812465;Perigosa;Sul;3 Trimestre
617833;2024.0;n;7.0;2024-07-30;RJ;116;265;VOLTA REDONDA;Condutor deixou de manter distância do veículo da frente;Com Vítimas Feridas;2;Nevoeiro/Neblina;Amanhecer;terça-feira;Colisão traseira;Dupla;0;1;-22.58809967;-44.09139633;Perigosa;Sudeste;3 Trimestre
626282;2024.0;n;9.0;2024-09-06;MS;163;58,8;ELDORADO;Reação tardia ou ineficiente do condutor;Com Vítimas Feridas;6;Céu Claro;Plena Noite;sexta-feira;Colisão lateral sentido oposto;Simples;0;1;-23.63831995;-54.24423609;Perigosa;Centro-Oeste;3 Trimestre
655425;2025.0;n;1.0;2025-01-04;MA;226;369;GRAJAU;Ausência de reação do condutor;Com Vítimas Fatais;5;Céu Claro;Pleno dia;sábado;Colisão frontal;Simples;1;0;-5,61536468;-45,75504217;Perigosa;Nordeste;1 Trimestre
596295;2024.0;n;3.0;2024-03-26;SC;101;194,5;BIGUACU;Suicídio (presumido);Com Vítimas Fatais;3;Céu Claro;Plena Noite;terça-feira;Atropelamento de Pedestre;Múltipla;1;0;-27.5016455;-48.6531828;Perigosa;Sul;1 Trimestre
652920;2025.0;n;1.0;2025-01-03;PE;232;5,5;RECIFE;Manobra de mudança de faixa;Sem Vítimas;4;Nublado;Pleno dia;sexta-feira;Colisão lateral mesmo sentido;Dupla;0;0;-8,069481;-34,9491;Segura;Nordeste;1 Trimestre
573342;2024.0;n;1.0;2024-01-08;MG;262;483;BETIM;Manobra de mudança de faixa;Com Vítimas Feridas;3;Céu Claro;Pleno dia;segunda-feira;Colisão traseira;Múltipla;0;0;-19.95972;-44.08279;Segura;Sudeste;1 Trimestre
660835;2025.0;n;2.0;2025-02-12;MG;153;77;MONTE ALEGRE DE MINAS;Carga excessiva e/ou mal acondicionada;Com Vítimas Feridas;3;Céu Claro;Plena Noite;quarta-feira;Colisão lateral sentido oposto;Simples;0;1;-19,03944921;-49,01083952;Perigosa;Sudeste;1 Trimestre
616717;2024.0;n;7.0;2024-07-24;MT;70;298;PRIMAVERA DO LESTE;Acostamento em desnível;Com Vítimas Feridas;2;Céu Claro;Plena Noite;quarta-feira;Tombamento;Simples;0;0;-15.58080453;-54.45501395;Segura;Centro-Oeste;3 Trimestre
668002;2025.0;n;3.0;2025-03-18;SE;101;155;ESTANCIA;Mal súbito do condutor;Com Vítimas Fatais;5;Garoa/Chuvisco;Pleno dia;terça-feira;Colisão frontal;Simples;1;0;-11,28797167;-37,46761833;Perigosa;Nordeste;1 Trimestre
576777;2024.0;n;1.0;2024-01-24;PR;277;450;LARANJEIRAS DO SUL;Ingestão de álcool pelo condutor;Com Vítimas Feridas;5;Céu Claro;Pleno dia;quarta-feira;Colisão traseira;Simples;0;0;-25.36762674;-52.35059397;Segura;Sul;1 Trimestre
688141;2025.0;n;4.0;2025-04-29;GO;50;105,5;CRISTALINA;Condutor Dormindo;Com Vítimas Feridas;2;Céu Claro;Plena Noite;terça-feira;Tombamento;Dupla;0;0;-16,816805;-47,670312;Segura;Centro-Oeste;2 Trimestre
667876;2025.0;n;3.0;2025-03-17;SP;381;65;MAIRIPORA;Problema com o freio;Com Vítimas Fatais;5;Nublado;Pleno dia;segunda-feira;Atropelamento de Pedestre;Dupla;1;0;-23,31001115;-46,58099592;Perigosa;Sudeste;1 Trimestre
574860;2024.0;n;1.0;2024-01-15;MG;381;815;CAREACU;Velocidade Incompatível;Com Vítimas Feridas;2;Chuva;Pleno dia;segunda-feira;Colisão traseira;Dupla;0;0;-22.08771284;-45.70503017;Segura;Sudeste;1 Trimestre
576404;2024.0;n;1.0;2024-01-22;PR;116;166;QUITANDINHA;Desrespeitar a preferência no cruzamento;Com Vítimas Feridas;2;Nublado;Pleno dia;segunda-feira;Colisão transversal;Simples;0;0;-25.86521941;-49.44583693;Segura;Sul;1 Trimestre
627570;2024.0;n;9.0;2024-09-12;MG;153;81;PRATA;Ultrapassagem Indevida;Com Vítimas Feridas;2;Céu Claro;Pleno dia;quinta-feira;Saída de leito carroçável;Simples;0;0;-19.07308026;-49.00199842;Segura;Sudeste;3 Trimestre
611293;2024.0;n;7.0;2024-07-01;MG;381;568,8;ITAGUARA;Reação tardia ou ineficiente do condutor;Com Vítimas Feridas;1;Nublado;Pleno dia;segunda-feira;Colisão com objeto;Dupla;0;0;-20.41031024;-44.52652931;Segura;Sudeste;3 Trimestre
654564;2025.0;n;1.0;2025-01-12;MS;163;461,5;CAMPO GRANDE;Suicídio (presumido);Com Vítimas Feridas;3;Céu Claro;Amanhecer;domingo;Colisão lateral sentido oposto;Simples;0;1;-20,6294929;-54,57205471;Perigosa;Centro-Oeste;1 Trimestre
578045;2024.0;n;1.0;2024-01-30;SC;282;47,5;AGUAS MORNAS;Problema com o freio;Sem Vítimas;1;Céu Claro;Pleno dia;terça-feira;Saída de leito carroçável;Simples;0;0;-27.721771;-48.934837;Segura;Sul;1 Trimestre
603694;2024.0;n;5.0;2024-05-29;PR;153;472;PORTO VITORIA;Demais falhas mecânicas ou elétricas;Sem Vítimas;1;Garoa/Chuvisco;Plena Noite;quarta-feira;Incêndio;Simples;0;0;-26.26951944;-51.17491722;Segura;Sul;2 Trimestre
606811;2024.0;n;6.0;2024-06-11;MT;163;791;VERA;Reação tardia ou ineficiente do condutor;Com Vítimas Fatais;10;Céu Claro;Pleno dia;terça-feira;Colisão frontal;Simples;3;1;-12.36101684;-55.60248832;Perigosa;Centro-Oeste;2 Trimestre
655601;2025.0;n;1.0;2025-01-17;RJ;116;295;BARRA MANSA;Reação tardia ou ineficiente do condutor;Com Vítimas Feridas;7;Sol;Pleno dia;sexta-feira;Engavetamento;Dupla;0;0;-22,45013044;-44,3107408;Segura;Sudeste;1 Trimestre
611265;2024.0;n;7.0;2024-07-01;PI;316;5,8;TERESINA;Condutor deixou de manter distância do veículo da frente;Com Vítimas Fatais;2;Céu Claro;Pleno dia;segunda-feira;Colisão traseira;Dupla;1;0;-5.14169858;-42.78157276;Perigosa;Nordeste;3 Trimestre
657806;2025.0;n;1.0;2025-01-27;RS;470;169,9;VILA FLORES;Frear bruscamente;Sem Vítimas;2;Chuva;Anoitecer;segunda-feira;Colisão transversal;Simples;0;0;-28,87532452;-51,5493536;Segura;Sul;1 Trimestre
612464;2024.0;n;7.0;2024-07-06;PE;232;20,1;MORENO;Reação tardia ou ineficiente do condutor;Com Vítimas Feridas;2;Chuva;Pleno dia;sábado;Colisão com objeto;Dupla;0;0;-8.095323;-35.072615;Segura;Nordeste;3 Trimestre
672366;2025.0;n;4.0;2025-04-08;BA;101;739;ITABELA;Velocidade Incompatível;Com Vítimas Feridas;5;Céu Claro;Pleno dia;terça-feira;Tombamento;Simples;0;0;-16,532665;-39,566543;Segura;Nordeste;2 Trimestre
599200;2024.0;n;5.0;2024-05-09;MG;251;490,6;FRANCISCO SA;Transitar no Acostamento;Com Vítimas Feridas;3;Céu Claro;Amanhecer;quinta-feira;Tombamento;Simples;0;0;-16.53065068;-43.5834233;Segura;Sudeste;2 Trimestre
572564;2024.0;n;1.0;2024-01-04;RJ;393;281,9;VOLTA REDONDA;Avarias e/ou desgaste excessivo no pneu;Sem Vítimas;3;Céu Claro;Pleno dia;quinta-feira;Colisão lateral sentido oposto;Simples;0;0;-22.48025569;-44.02974901;Segura;Sudeste;1 Trimestre
621692;2024.0;n;8.0;2024-08-17;RJ;116;207;SEROPEDICA;Reação tardia ou ineficiente do condutor;Com Vítimas Feridas;2;Céu Claro;Plena Noite;sábado;Colisão lateral mesmo sentido;Dupla;0;0;-22.72454443;-43.66145706;Segura;Sudeste;3 Trimestre
596380;2024.0;n;4.0;2024-04-25;MG;381;170;GOVERNADOR VALADARES;Ausência de reação do condutor;Com Vítimas Feridas;2;Céu Claro;Plena Noite;quinta-feira;Colisão traseira;Simples;0;0;-18.97390915;-42.09601181;Segura;Sudeste;2 Trimestre
618133;2024.0;n;7.0;2024-07-31;MS;267;197;NOVA ALVORADA DO SUL;Reação tardia ou ineficiente do condutor;Com Vítimas Feridas;4;Céu Claro;Anoitecer;quarta-feira;Engavetamento;Simples;0;0;-21.58490699;-53.919859;Segura;Centro-Oeste;3 Trimestre
652978;2025.0;n;1.0;2025-01-03;CE;116;11;FORTALEZA;Reação tardia ou ineficiente do condutor;Com Vítimas Feridas;4;Céu Claro;Anoitecer;sexta-feira;Colisão traseira;Dupla;0;0;-3,847428;-38,496995;Segura;Nordeste;1 Trimestre
596222;2024.0;n;4.0;2024-04-25;SC;470;111,9;IBIRAMA;Reação tardia ou ineficiente do condutor;Com Vítimas Feridas;2;Chuva;Pleno dia;quinta-feira;Colisão lateral sentido oposto;Simples;0;2;-27.095388;-49.457878;Perigosa;Sul;2 Trimestre
575656;2024.0;n;1.0;2024-01-19;RJ;393;175;TRES RIOS;Condutor deixou de manter distância do veículo da frente;Com Vítimas Feridas;2;Sol;Pleno dia;sexta-feira;Colisão traseira;Simples;0;0;-22.12722826;-43.22756487;Segura;Sudeste;1 Trimestre
601464;2024.0;n;5.0;2024-05-18;PR;376;140,2;NOVA ESPERANCA;Ausência de reação do condutor;Com Vítimas Feridas;2;Céu Claro;Plena Noite;sábado;Saída de leito carroçável;Dupla;0;1;-23.240108;-52.171955;Perigosa;Sul;2 Trimestre
655360;2025.0;n;1.0;2025-01-16;MG;40;634,6;CONSELHEIRO LAFAIETE;Condutor Dormindo;Com Vítimas Feridas;1;Nublado;Plena Noite;quinta-feira;Saída de leito carroçável;Simples;0;0;-20,699327;-43,792782;Segura;Sudeste;1 Trimestre
655785;2025.0;n;1.0;2025-01-18;SP;116;511;CAJATI;Reação tardia ou ineficiente do condutor;Com Vítimas Feridas;2;Garoa/Chuvisco;Pleno dia;sábado;Tombamento;Dupla;0;0;-24,83558399;-48,2223738;Segura;Sudeste;1 Trimestre
598709;2024.0;n;5.0;2024-05-06;PE;101;79;JABOATAO DOS GUARARAPES;Condutor deixou de manter distância do veículo da frente;Com Vítimas Feridas;3;Chuva;Pleno dia;segunda-feira;Engavetamento;Dupla;0;0;-8.14366112;-34.94723453;Segura;Nordeste;2 Trimestre
595757;2024.0;n;4.0;2024-04-22;MT;364;348,6;SANTO ANTONIO DO LEVERGER;Ausência de reação do condutor;Com Vítimas Feridas;1;Céu Claro;Plena Noite;segunda-feira;Saída de leito carroçável;Dupla;0;1;-15.80416834;-55.55429598;Perigosa;Centro-Oeste;2 Trimestre
589511;2024.0;n;3.0;2024-03-24;MT;174;580;COMODORO;Problema com o freio;Sem Vítimas;3;Céu Claro;Pleno dia;domingo;Incêndio;Simples;0;0;-12.93229289;-60.04401768;Segura;Centro-Oeste;1 Trimestre
576067;2024.0;n;1.0;2024-01-20;MG;459;17,4;CALDAS;Velocidade Incompatível;Sem Vítimas;2;Chuva;Plena Noite;sábado;Colisão lateral sentido oposto;Simples;0;0;-21.84671;-46.438238;Segura;Sudeste;1 Trimestre
572498;2024.0;n;1.0;2024-01-03;PB;230;390;SAO BENTINHO;Velocidade Incompatível;Com Vítimas Feridas;4;Céu Claro;Plena Noite;quarta-feira;Colisão com objeto;Simples;0;1;-6.8946;-37.7176;Perigosa;Nordeste;1 Trimestre
572983;2024.0;n;1.0;2024-01-06;RJ;116;285;BARRA MANSA;Reação tardia ou ineficiente do condutor;Com Vítimas Feridas;4;Céu Claro;Pleno dia;sábado;Colisão com objeto;Dupla;0;1;-22.50496778;-44.22509483;Perigosa;Sudeste;1 Trimestre
657787;2025.0;n;1.0;2025-01-27;MG;40;404;CURVELO;Demais falhas mecânicas ou elétricas;Com Vítimas Feridas;4;Nublado;Plena Noite;segunda-feira;Colisão frontal;Simples;0;2;-19,06535102;-44,65313827;Perigosa;Sudeste;1 Trimestre
613383;2024.0;n;7.0;2024-07-10;RJ;101;48;CAMPOS DOS GOYTACAZES;Transitar na contramão;Com Vítimas Feridas;2;Céu Claro;Amanhecer;quarta-feira;Colisão frontal;Simples;0;1;-21.61625895;-41.31535762;Perigosa;Sudeste;3 Trimestre
672940;2025.0;n;4.0;2025-04-11;MG;40;301;TRES MARIAS;Ultrapassagem Indevida;Sem Vítimas;2;Céu Claro;Pleno dia;sexta-feira;Colisão lateral mesmo sentido;Simples;0;0;-18,36564121;-45,09614512;Segura;Sudeste;2 Trimestre
594745;2024.0;n;4.0;2024-04-18;GO;153;105;GOIANAPOLIS;Reação tardia ou ineficiente do condutor;Com Vítimas Feridas;3;Sol;Pleno dia;quinta-feira;Colisão lateral mesmo sentido;Dupla;0;0;-16.41871887;-49.01089731;Segura;Centro-Oeste;2 Trimestre
594161;2024.0;n;4.0;2024-04-15;PI;343;592;FLORIANO;Ausência de reação do condutor;Com Vítimas Feridas;4;Céu Claro;Pleno dia;segunda-feira;Colisão lateral mesmo sentido;Simples;0;1;-6.777731;-43.031559;Perigosa;Nordeste;2 Trimestre
652763;2025.0;n;1.0;2025-01-02;PR;277;524,8;GUARANIACU;Objeto estático sobre o leito carroçável;Com Vítimas Feridas;1;Céu Claro;Pleno dia;quinta-feira;Tombamento;Simples;0;1;-25,09489849;-52,9138399;Perigosa;Sul;1 Trimestre
598469;2024.0;n;5.0;2024-05-05;MS;436;12;APARECIDA DO TABOADO;Ausência de reação do condutor;Com Vítimas Feridas;3;Céu Claro;Plena Noite;domingo;Tombamento;Simples;0;0;-20.09559413;-51.04763031;Segura;Centro-Oeste;2 Trimestre
666616;2025.0;n;3.0;2025-03-11;PR;376;2,3;MANDAGUARI;Acessar a via sem observar a presença dos outros veículos;Com Vítimas Feridas;2;Céu Claro;Pleno dia;terça-feira;Colisão transversal;Simples;0;0;-23,5141783;-51,7001369;Segura;Sul;1 Trimestre
686965;2025.0;n;4.0;2025-04-23;MT;158;536;AGUA BOA;Ausência de reação do condutor;Com Vítimas Feridas;3;Céu Claro;Plena Noite;quarta-feira;Tombamento;Simples;0;0;-14,0337131;-52,18457222;Segura;Centro-Oeste;2 Trimestre
653132;2025.0;n;1.0;2025-01-04;PR;277;74,7;SAO JOSE DOS PINHAIS;Reação tardia ou ineficiente do condutor;Com Vítimas Feridas;1;Céu Claro;Pleno dia;sábado;Saída de leito carroçável;Simples;0;0;-25,51726115;-49,11540707;Segura;Sul;1 Trimestre
669166;2025.0;n;3.0;2025-03-23;SP;381;72;SAO PAULO;Reação tardia ou ineficiente do condutor;Com Vítimas Feridas;3;Céu Claro;Plena Noite;domingo;Colisão traseira;Dupla;0;0;-23,35809194;-46,54945314;Segura;Sudeste;1 Trimestre
656388;2025.0;n;1.0;2025-01-21;GO;20;154;ALVORADA DO NORTE;Objeto estático sobre o leito carroçável;Com Vítimas Fatais;4;Chuva;Plena Noite;terça-feira;Colisão frontal;Simples;2;2;-14,682544;-46,647003;Perigosa;Centro-Oeste;1 Trimestre
625741;2024.0;n;9.0;2024-09-04;MG;262;360;BETIM;Demais falhas mecânicas ou elétricas;Sem Vítimas;2;Céu Claro;Plena Noite;quarta-feira;Colisão lateral mesmo sentido;Dupla;0;0;-19.97338;-44.27556;Segura;Sudeste;3 Trimestre
601992;2024.0;n;5.0;2024-05-21;SC;101;88;BARRA VELHA;Condutor deixou de manter distância do veículo da frente;Com Vítimas Feridas;2;Nublado;Pleno dia;terça-feira;Colisão traseira;Múltipla;0;0;-26.64253985;-48.68950684;Segura;Sul;2 Trimestre
657482;2025.0;n;1.0;2025-01-26;SP;116;314;SAO LOURENCO DA SERRA;Pista Escorregadia;Com Vítimas Feridas;3;Chuva;Pleno dia;domingo;Colisão traseira;Dupla;0;0;-23,89562822;-46,98556063;Segura;Sudeste;1 Trimestre
602622;2024.0;n;5.0;2024-05-24;SC;282;495;XANXERE;Condutor deixou de manter distância do veículo da frente;Com Vítimas Feridas;4;Chuva;Pleno dia;sexta-feira;Colisão frontal;Simples;0;0;-26.872722;-52.320417;Segura;Sul;2 Trimestre
601968;2024.0;n;5.0;2024-05-21;RJ;493;21;MAGE;Chuva;Com Vítimas Feridas;4;Chuva;Pleno dia;terça-feira;Engavetamento;Simples;0;0;-22.66151289;-43.04480692;Segura;Sudeste;2 Trimestre
609991;2024.0;n;6.0;2024-06-25;SC;282;21;SANTO AMARO DA IMPERATRIZ;Acessar a via sem observar a presença dos outros veículos;Com Vítimas Feridas;2;Chuva;Plena Noite;terça-feira;Colisão transversal;Simples;0;0;-27.68907;-48.717541;Segura;Sul;2 Trimestre
629842;2024.0;n;9.0;2024-09-22;MG;381;636,9;SANTO ANTONIO DO AMPARO;Reação tardia ou ineficiente do condutor;Com Vítimas Feridas;2;Nublado;Pleno dia;domingo;Tombamento;Dupla;0;0;-20.87501;-44.84412;Segura;Sudeste;3 Trimestre
581321;2024.0;n;2.0;2024-02-15;RJ;101;195,1;CASIMIRO DE ABREU;Chuva;Com Vítimas Feridas;1;Céu Claro;Pleno dia;quinta-feira;Saída de leito carroçável;Dupla;0;1;-22.49291972;-42.10082991;Perigosa;Sudeste;1 Trimestre
669803;2025.0;n;3.0;2025-03-27;MG;153;156;FRUTAL;Ausência de reação do condutor;Com Vítimas Feridas;3;Céu Claro;Amanhecer;quinta-feira;Saída de leito carroçável;Simples;0;0;-19,9205087;-48,9610277;Segura;Sudeste;1 Trimestre
582555;2024.0;n;1.0;2024-01-05;BA;101;348;TEOLANDIA;Problema com o freio;Com Vítimas Feridas;2;Céu Claro;Anoitecer;sexta-feira;Colisão traseira;Simples;0;1;-13.602871;-39.493057;Perigosa;Nordeste;1 Trimestre
589693;2024.0;n;3.0;2024-03-25;MG;116;748,6;LEOPOLDINA;Ultrapassagem Indevida;Com Vítimas Feridas;2;Nublado;Pleno dia;segunda-feira;Colisão transversal;Simples;0;1;-21.44262683;-42.53751514;Perigosa;Sudeste;1 Trimestre
612829;2024.0;n;6.0;2024-06-05;PE;101;65;RECIFE;Manobra de mudança de faixa;Sem Vítimas;2;Céu Claro;Pleno dia;quarta-feira;Colisão lateral mesmo sentido;Dupla;0;0;-8.02788778;-34.94293392;Segura;Nordeste;2 Trimestre
628837;2024.0;n;9.0;2024-09-18;MG;40;741,4;SANTOS DUMONT;Velocidade Incompatível;Com Vítimas Feridas;3;Chuva;Plena Noite;quarta-feira;Colisão lateral sentido oposto;Simples;0;0;-21.40505399;-43.56732403;Segura;Sudeste;3 Trimestre
592494;2024.0;n;4.0;2024-04-07;PR;163;250;TOLEDO;Velocidade Incompatível;Com Vítimas Feridas;2;Chuva;Pleno dia;domingo;Colisão traseira;Dupla;0;0;-24.68264394;-53.779494;Segura;Sul;2 Trimestre
596609;2024.0;n;4.0;2024-04-26;SP;116;131;CACAPAVA;Animais na Pista;Com Vítimas Feridas;4;Céu Claro;Plena Noite;sexta-feira;Atropelamento de Animal;Dupla;0;0;-23.12742083;-45.73636609;Segura;Sudeste;2 Trimestre
623099;2024.0;n;8.0;2024-08-23;AL;101;182,2;JUNQUEIRO;Reação tardia ou ineficiente do condutor;Com Vítimas Feridas;2;Céu Claro;Pleno dia;sexta-feira;Tombamento;Dupla;0;0;-9.8991741;-36.42042097;Segura;Nordeste;3 Trimestre