id;ano;feriado;mes;data_inversa;uf;br;km;municipio;causa_acidente;classificacao_acidente;veiculos;condicao_metereologica;fase_dia;dia_semana;tipo_acidente;tipo_pista;mortos;feridos_graves;latitude;longitude;status;regiao;periodo
574802;2024.0;n;1.0;2024-01-15;MG;40;422,1;CURVELO;Condutor Dormindo;Com Vítimas Feridas;3;Chuva;Plena Noite;segunda-feira;Colisão traseira;Simples;0;0;-19.15372286;-44.54767401;Segura;Sudeste;1 Trimestre
614062;2024.0;n;7.0;2024-07-13;SC;101;194,9;BIGUACU;Acessar a via sem observar a presença dos outros veículos;Sem Vítimas;6;Nublado;Plena Noite;sábado;Colisão lateral mesmo sentido;Múltipla;0;0;-27.49815117;-48.65661236;Segura;Sul;3 Trimestre
583588;2024.0;n;2.0;2024-02-27;ES;262;52,5;MARECHAL FLORIANO;Ausência de sinalização;Com Vítimas Fatais;2;Céu Claro;Amanhecer;terça-feira;Colisão com objeto;Simples;1;2;-20.41363499;-40.723665;Perigosa;Sudeste;1 Trimestre
653263;2025.0;n;1.0;2025-01-05;GO;50;257;CATALAO;Mal súbito do condutor;Com Vítimas Feridas;1;Chuva;Amanhecer;domingo;Saída de leito carroçável;Dupla;0;0;-18,0231;-47,8203;Segura;Centro-Oeste;1 Trimestre
574766;2024.0;n;1.0;2024-01-14;BA;116;725,8;BOA NOVA;Reação tardia ou ineficiente do condutor;Sem Vítimas;2;Céu Claro;Anoitecer;domingo;Saída de leito carroçável;Simples;0;0;-14.23744;-40.28195201;Segura;Nordeste;1 Trimestre
617826;2024.0;n;7.0;2024-07-30;MG;381;646;SANTO ANTONIO DO AMPARO;Condutor Dormindo;Com Vítimas Feridas;3;Sol;Pleno dia;terça-feira;Colisão lateral mesmo sentido;Dupla;0;0;-20.94733913;-44.88178253;Segura;Sudeste;3 Trimestre
669879;2025.0;n;2.0;2025-02-15;MG;262;434,7;SAO GONCALO DO PARA;Manobra de mudança de faixa;Com Vítimas Feridas;3;Sol;Pleno dia;sábado;Colisão lateral mesmo sentido;Dupla;0;1;-19,88103749;-44,91142273;Perigosa;Sudeste;1 Trimestre
597940;2024.0;n;4.0;2024-04-23;MA;135;17,5;SAO LUIS;Chuva;Com Vítimas Feridas;2;Chuva;Pleno dia;terça-feira;Colisão traseira;Dupla;0;0;-2.70991888;-44.31583218;Segura;Nordeste;2 Trimestre
594092;2024.0;n;4.0;2024-04-15;RJ;101;387;RIO DE JANEIRO;Ausência de reação do condutor;Com Vítimas Feridas;2;Céu Claro;Pleno dia;segunda-feira;Colisão traseira;Dupla;0;0;-22.88537839;-43.64965688;Segura;Sudeste;2 Trimestre
668310;2025.0;n;3.0;2025-03-19;PE;423;22;SAO CAITANO;Reação tardia ou ineficiente do condutor;Com Vítimas Feridas;2;Céu Claro;Plena Noite;quarta-feira;Saída de leito carroçável;Simples;0;0;-8,353812;-36,171841;Segura;Nordeste;1 Trimestre
602042;2024.0;y;4.0;2024-04-21;RJ;116;176;SAO JOAO DE MERITI;Ausência de reação do condutor;Com Vítimas Feridas;5;Céu Claro;Plena Noite;domingo;Colisão traseira;Dupla;0;1;-22.7839538;-43.38195488;Perigosa;Sudeste;2 Trimestre
654440;2025.0;n;1.0;2025-01-11;BA;116;838,3;VITORIA DA CONQUISTA;Ultrapassagem Indevida;Com Vítimas Feridas;3;Nublado;Pleno dia;sábado;Colisão frontal;Simples;0;0;-14,90016239;-40,86823079;Segura;Nordeste;1 Trimestre
621624;2024.0;n;8.0;2024-08-16;PR;476;151;ARAUCARIA;Trafegar com motocicleta (ou similar) entre as faixas;Com Vítimas Feridas;2;Nublado;Pleno dia;sexta-feira;Colisão lateral mesmo sentido;Dupla;0;0;-25.563601;-49.377041;Segura;Sul;3 Trimestre
629018;2024.0;n;9.0;2024-09-18;RS;468;42;CORONEL BICACO;Reação tardia ou ineficiente do condutor;Com Vítimas Feridas;3;Céu Claro;Pleno dia;quarta-feira;Colisão lateral sentido oposto;Simples;0;1;-27.76422596;-53.62829499;Perigosa;Sul;3 Trimestre
606564;2024.0;n;6.0;2024-06-10;PR;272;367;CAMPO MOURAO;Acessar a via sem observar a presença dos outros veículos;Com Vítimas Feridas;4;Céu Claro;Pleno dia;segunda-feira;Colisão transversal;Dupla;0;1;-24.05063682;-52.40169964;Perigosa;Sul;2 Trimestre
653209;2025.0;n;1.0;2025-01-04;PE;232;256,2;ARCOVERDE;Animais na Pista;Com Vítimas Feridas;1;Céu Claro;Plena Noite;sábado;Atropelamento de Animal;Simples;0;1;-8,40988226;-37,09335003;Perigosa;Nordeste;1 Trimestre
686433;2025.0;y;4.0;2025-04-21;PI;316;36,4;DEMERVAL LOBAO;Transitar na contramão;Com Vítimas Fatais;2;Céu Claro;Pleno dia;segunda-feira;Colisão frontal;Simples;1;1;-5,389633;-42,667402;Perigosa;Nordeste;2 Trimestre
572702;2024.0;n;1.0;2024-01-05;ES;101;278,9;SERRA;Reação tardia ou ineficiente do condutor;Com Vítimas Feridas;2;Céu Claro;Pleno dia;sexta-feira;Colisão traseira;Dupla;0;0;-20.21698365;-40.32974606;Segura;Sudeste;1 Trimestre
584440;2024.0;n;3.0;2024-03-02;MG;365;724;MONTE ALEGRE DE MINAS;Ultrapassagem Indevida;Com Vítimas Feridas;6;Céu Claro;Pleno dia;sábado;Colisão lateral sentido oposto;Simples;0;0;-18.88848285;-49.22417904;Segura;Sudeste;1 Trimestre
599364;2024.0;n;5.0;2024-05-09;PR;277;501,1;GUARANIACU;Ausência de reação do condutor;Com Vítimas Fatais;3;Nublado;Plena Noite;quinta-feira;Colisão frontal;Simples;3;0;-25.144626;-52.701436;Perigosa;Sul;2 Trimestre
672301;2025.0;n;4.0;2025-04-08;MS;60;353,9;CAMPO GRANDE;Transitar na contramão;Com Vítimas Feridas;2;Céu Claro;Amanhecer;terça-feira;Colisão frontal;Simples;0;0;-20,46914317;-54,75379575;Segura;Centro-Oeste;2 Trimestre
600242;2024.0;n;5.0;2024-05-13;SC;101;215,1;PALHOCA;Reação tardia ou ineficiente do condutor;Com Vítimas Feridas;2;Chuva;Pleno dia;segunda-feira;Saída de leito carroçável;Múltipla;0;0;-27.65184843;-48.67604941;Segura;Sul;2 Trimestre
628261;2024.0;n;9.0;2024-09-15;MS;163;526,9;JARAGUARI;Reação tardia ou ineficiente do condutor;Com Vítimas Feridas;2;Nublado;Pleno dia;domingo;Tombamento;Simples;0;0;-20.10884692;-54.44308417;Segura;Centro-Oeste;3 Trimestre
609145;2024.0;n;6.0;2024-06-22;SC;101;328,7;CAPIVARI DE BAIXO;Manobra de mudança de faixa;Sem Vítimas;4;Céu Claro;Plena Noite;sábado;Derramamento de carga;Múltipla;0;0;-28.4505813;-48.97202969;Segura;Sul;2 Trimestre
628061;2024.0;n;9.0;2024-09-14;BA;324;613;SALVADOR;Reação tardia ou ineficiente do condutor;Com Vítimas Fatais;3;Chuva;Pleno dia;sábado;Colisão lateral sentido oposto;Simples;1;0;-12.85531601;-38.42055197;Perigosa;Nordeste;3 Trimestre
593046;2024.0;n;4.0;2024-04-10;MG;116;688,8;MURIAE;Velocidade Incompatível;Com Vítimas Feridas;2;Nublado;Pleno dia;quarta-feira;Saída de leito carroçável;Simples;0;0;-21.012506;-42.359798;Segura;Sudeste;2 Trimestre
599557;2024.0;n;5.0;2024-05-10;RJ;101;331;RIO DE JANEIRO;Condutor deixou de manter distância do veículo da frente;Com Vítimas Feridas;2;Céu Claro;Plena Noite;sexta-feira;Colisão traseira;Dupla;0;0;-22.867662;-43.195337;Segura;Sudeste;2 Trimestre
653121;2025.0;n;1.0;2025-01-04;CE;20;306;CANINDE;Desrespeitar a preferência no cruzamento;Com Vítimas Feridas;2;Sol;Pleno dia;sábado;Colisão transversal;Simples;0;0;-4,36698604;-39,30270365;Segura;Nordeste;1 Trimestre
657930;2025.0;n;1.0;2025-01-28;MG;251;314;SALINAS;Transitar na contramão;Com Vítimas Feridas;9;Sol;Pleno dia;terça-feira;Colisão traseira;Simples;0;1;-16,14308284;-42,29973435;Perigosa;Sudeste;1 Trimestre
595071;2024.0;n;4.0;2024-04-19;MT;364;354;SANTO ANTONIO DO LEVERGER;Condutor Dormindo;Com Vítimas Feridas;5;Nublado;Plena Noite;sexta-feira;Saída de leito carroçável;Dupla;0;1;-15.79674629;-55.59138;Perigosa;Centro-Oeste;2 Trimestre
673555;2025.0;n;4.0;2025-04-13;PR;277;664,5;MEDIANEIRA;Reação tardia ou ineficiente do condutor;Com Vítimas Feridas;2;Nublado;Plena Noite;domingo;Colisão com objeto;Dupla;0;0;-25,253803;-54,032912;Segura;Sul;2 Trimestre
617736;2024.0;n;7.0;2024-07-29;MG;381;795;SAO GONCALO DO SAPUCAI;Manobra de mudança de faixa;Com Vítimas Fatais;7;Céu Claro;Pleno dia;segunda-feira;Colisão lateral mesmo sentido;Dupla;4;1;-21.94639129;-45.62086966;Perigosa;Sudeste;3 Trimestre
669994;2025.0;n;3.0;2025-03-28;MG;40;461,7;SETE LAGOAS;Ausência de reação do condutor;Sem Vítimas;1;Céu Claro;Plena Noite;sexta-feira;Tombamento;Dupla;0;0;-19,462202;-44,3033973;Segura;Sudeste;1 Trimestre
669989;2025.0;n;3.0;2025-03-28;SC;101;22;JOINVILLE;Reação tardia ou ineficiente do condutor;Com Vítimas Feridas;4;Nublado;Plena Noite;sexta-feira;Colisão traseira;Dupla;0;1;-26,162547;-48,90712;Perigosa;Sul;1 Trimestre
609104;2024.0;n;6.0;2024-06-21;MS;262;222,6;RIBAS DO RIO PARDO;Ultrapassagem Indevida;Com Vítimas Feridas;5;Céu Claro;Plena Noite;sexta-feira;Colisão lateral sentido oposto;Simples;0;1;-20.47066;-53.601042;Perigosa;Centro-Oeste;2 Trimestre
653933;2025.0;n;1.0;2025-01-08;RJ;116;98;GUAPIMIRIM;Avarias e/ou desgaste excessivo no pneu;Com Vítimas Feridas;3;Chuva;Pleno dia;quarta-feira;Colisão frontal;Simples;0;0;-22,48285706;-42,99723936;Segura;Sudeste;1 Trimestre
669967;2025.0;n;3.0;2025-03-27;SC;101;26;JOINVILLE;Ingestão de álcool pelo condutor;Sem Vítimas;2;Nublado;Plena Noite;quinta-feira;Colisão traseira;Múltipla;0;0;-26,19861188;-48,91267776;Segura;Sul;1 Trimestre
630503;2024.0;n;9.0;2024-09-25;RS;285;460;IJUI;Acessar a via sem observar a presença dos outros veículos;Sem Vítimas;3;Chuva;Anoitecer;quarta-feira;Colisão transversal;Simples;0;0;-28.4185766;-53.91641915;Segura;Sul;3 Trimestre
584193;2024.0;n;3.0;2024-03-01;PR;369;202;APUCARANA;Condutor desrespeitou a iluminação vermelha do semáforo;Com Vítimas Feridas;2;Céu Claro;Pleno dia;sexta-feira;Colisão transversal;Simples;0;0;-23.543484;-51.454609;Segura;Sul;1 Trimestre
572962;2024.0;n;1.0;2024-01-06;RS;392;119;CANGUCU;Ausência de reação do condutor;Com Vítimas Fatais;5;Céu Claro;Pleno dia;sábado;Tombamento;Simples;1;0;-31.39884811;-52.68472032;Perigosa;Sul;1 Trimestre
595385;2024.0;y;4.0;2024-04-21;MG;262;148;SAO DOMINGOS DO PRATA;Demais falhas mecânicas ou elétricas;Sem Vítimas;3;Céu Claro;Amanhecer;domingo;Incêndio;Simples;0;0;-20.0130291;-42.74983565;Segura;Sudeste;2 Trimestre
627268;2024.0;n;7.0;2024-07-29;MT;364;507;JANGADA;Reação tardia ou ineficiente do condutor;Com Vítimas Fatais;8;Céu Claro;Plena Noite;segunda-feira;Tombamento;Simples;1;1;-15.20537118;-56.50724436;Perigosa;Centro-Oeste;3 Trimestre
579821;2024.0;n;2.0;2024-02-08;SC;153;60,1;IRANI;Demais falhas mecânicas ou elétricas;Com Vítimas Feridas;2;Nublado;Pleno dia;quinta-feira;Colisão com objeto;Simples;0;0;-26.97267;-51.858185;Segura;Sul;1 Trimestre
623323;2024.0;n;8.0;2024-08-24;GO;153;77;PORANGATU;Transitar na contramão;Com Vítimas Feridas;3;Céu Claro;Pleno dia;sábado;Colisão lateral sentido oposto;Simples;0;0;-13.506414;-49.125942;Segura;Centro-Oeste;3 Trimestre
618085;2024.0;n;7.0;2024-07-31;RS;285;403,4;PANAMBI;Demais falhas na via;Com Vítimas Feridas;2;Céu Claro;Pleno dia;quarta-feira;Saída de leito carroçável;Simples;0;1;-28.378822;-53.383121;Perigosa;Sul;3 Trimestre
687041;2025.0;n;4.0;2025-04-24;RJ;116;170;SAO JOAO DE MERITI;Ausência de reação do condutor;Com Vítimas Feridas;7;Céu Claro;Pleno dia;quinta-feira;Colisão traseira;Dupla;0;1;-22,80095945;-43,35257465;Perigosa;Sudeste;2 Trimestre
602352;2024.0;n;5.0;2024-05-23;RO;364;436,5;JARU;Condutor deixou de manter distância do veículo da frente;Sem Vítimas;5;Céu Claro;Plena Noite;quinta-feira;Colisão traseira;Simples;0;0;-10.37739925;-62.55303028;Segura;Norte;2 Trimestre
601608;2024.0;n;5.0;2024-05-19;BA;116;921,6;ENCRUZILHADA;Velocidade Incompatível;Com Vítimas Feridas;1;Sol;Pleno dia;domingo;Tombamento;Simples;0;1;-15.518794;-41.241226;Perigosa;Nordeste;2 Trimestre
588754;2024.0;n;3.0;2024-03-12;SP;381;88;GUARULHOS;Frear bruscamente;Com Vítimas Feridas;3;Céu Claro;Pleno dia;terça-feira;Colisão traseira;Múltipla;0;1;-23.47469314;-46.56112919;Perigosa;Sudeste;1 Trimestre
580166;2024.0;n;2.0;2024-02-10;PR;277;168;PORTO AMAZONAS;Manobra de mudança de faixa;Sem Vítimas;3;Céu Claro;Plena Noite;sábado;Colisão lateral mesmo sentido;Simples;0;0;-25.46413908;-49.91312702;Segura;Sul;1 Trimestre
613292;2024.0;n;7.0;2024-07-09;RJ;101;83;CAMPOS DOS GOYTACAZES;Velocidade Incompatível;Com Vítimas Feridas;2;Céu Claro;Pleno dia;terça-feira;Tombamento;Simples;0;0;-21.82198875;-41.46111095;Segura;Sudeste;3 Trimestre
607682;2024.0;n;5.0;2024-05-03;PB;101;15,6;MAMANGUAPE;Demais falhas mecânicas ou elétricas;Sem Vítimas;3;Céu Claro;Plena Noite;sexta-feira;Incêndio;Dupla;0;0;-6.62207781;-35.13047486;Segura;Nordeste;2 Trimestre
669768;2025.0;n;2.0;2025-02-28;PA;163;424;ITAITUBA;Velocidade Incompatível;Com Vítimas Feridas;8;Chuva;Anoitecer;sexta-feira;Colisão lateral sentido oposto;Dupla;0;1;-6,10752;-55,61864;Perigosa;Norte;1 Trimestre
660341;2025.0;n;2.0;2025-02-09;MT;163;1048;MATUPA;Reação tardia ou ineficiente do condutor;Sem Vítimas;4;Céu Claro;Pleno dia;domingo;Colisão lateral sentido oposto;Simples;0;0;-10,22135189;-54,97106016;Segura;Centro-Oeste;1 Trimestre
599644;2024.0;n;5.0;2024-05-11;PR;373;241;GUAMIRANGA;Reação tardia ou ineficiente do condutor;Com Vítimas Fatais;3;Céu Claro;Plena Noite;sábado;Colisão frontal;Simples;1;0;-25.19760594;-50.767904;Perigosa;Sul;2 Trimestre
672691;2025.0;n;4.0;2025-04-10;CE;116;11;FORTALEZA;Condutor deixou de manter distância do veículo da frente;Com Vítimas Feridas;3;Nublado;Pleno dia;quinta-feira;Colisão traseira;Múltipla;0;0;-3,847755;-38,497023;Segura;Nordeste;2 Trimestre
579392;2024.0;n;1.0;2024-01-20;BA;110;98;JEREMOABO;Demais falhas mecânicas ou elétricas;Sem Vítimas;2;Céu Claro;Plena Noite;sábado;Incêndio;Simples;0;0;-10.28052905;-38.31012085;Segura;Nordeste;1 Trimestre
576666;2024.0;n;1.0;2024-01-23;RS;285;74,3;BOM JESUS;Velocidade Incompatível;Sem Vítimas;3;Céu Claro;Pleno dia;terça-feira;Tombamento;Simples;0;0;-28.635736;-50.54628;Segura;Sul;1 Trimestre
597557;2024.0;y;5.0;2024-05-01;PB;230;475;SOUSA;Pedestre andava na pista;Com Vítimas Fatais;2;Céu Claro;Plena Noite;quarta-feira;Atropelamento de Pedestre;Simples;1;0;-6.8298;-38.3177;Perigosa;Nordeste;2 Trimestre
655022;2025.0;n;1.0;2025-01-14;GO;60;0,4;SANTO ANTONIO DO DESCOBERTO;Reação tardia ou ineficiente do condutor;Com Vítimas Feridas;1;Garoa/Chuvisco;Pleno dia;terça-feira;Saída de leito carroçável;Dupla;0;0;-16,055555;-48,261317;Segura;Centro-Oeste;1 Trimestre
653512;2025.0;n;1.0;2025-01-06;RJ;493;117;ITAGUAI;Problema com o freio;Com Vítimas Feridas;2;Céu Claro;Pleno dia;segunda-feira;Colisão traseira;Dupla;0;1;-22,84585859;-43,81153464;Perigosa;Sudeste;1 Trimestre
653524;2025.0;n;1.0;2025-01-06;MG;381;543,9;ITATIAIUCU;Velocidade Incompatível;Com Vítimas Feridas;1;Chuva;Pleno dia;segunda-feira;Saída de leito carroçável;Dupla;0;1;-20,27336801;-44,42585498;Perigosa;Sudeste;1 Trimestre
591464;2024.0;n;4.0;2024-04-02;RS;285;303;PASSO FUNDO;Acessar a via sem observar a presença dos outros veículos;Com Vítimas Feridas;2;Céu Claro;Plena Noite;terça-feira;Colisão transversal;Simples;0;0;-28.222252;-52.468494;Segura;Sul;2 Trimestre
666443;2025.0;n;2.0;2025-02-13;RJ;116;261,9;PINHEIRAL;Ausência de reação do condutor;Com Vítimas Feridas;7;Céu Claro;Plena Noite;quinta-feira;Colisão traseira;Dupla;0;0;-22,58476877;-44,05026905;Segura;Sudeste;1 Trimestre
686687;2025.0;n;4.0;2025-04-22;PA;308;194,1;BRAGANCA;Ultrapassagem Indevida;Sem Vítimas;3;Céu Claro;Pleno dia;terça-feira;Colisão lateral mesmo sentido;Simples;0;0;-1,074925;-46,85451;Segura;Norte;2 Trimestre
629344;2024.0;n;9.0;2024-09-20;ES;259;69,1;COLATINA;Reação tardia ou ineficiente do condutor;Com Vítimas Feridas;3;Sol;Pleno dia;sexta-feira;Colisão lateral mesmo sentido;Simples;0;0;-19.50000595;-40.74732597;Segura;Sudeste;3 Trimestre
597773;2024.0;n;5.0;2024-05-02;RJ;40;109;DUQUE DE CAXIAS;Manobra de mudança de faixa;Com Vítimas Feridas;3;Sol;Pleno dia;quinta-feira;Colisão lateral mesmo sentido;Dupla;0;0;-22.67374628;-43.28638368;Segura;Sudeste;2 Trimestre
600456;2024.0;n;5.0;2024-05-14;RO;364;11;VILHENA;Conversão proibida;Com Vítimas Feridas;5;Nublado;Pleno dia;terça-feira;Colisão lateral mesmo sentido;Dupla;0;0;-12.74605898;-60.11270299;Segura;Norte;2 Trimestre
669580;2025.0;n;3.0;2025-03-25;MG;116;406,4;GOVERNADOR VALADARES;Ultrapassagem Indevida;Sem Vítimas;2;Céu Claro;Plena Noite;terça-feira;Colisão lateral mesmo sentido;Simples;0;0;-18,78400531;-41,98813677;Segura;Sudeste;1 Trimestre
585740;2024.0;n;3.0;2024-03-07;MG;251;426,1;GRAO MOGOL;Condutor Dormindo;Com Vítimas Fatais;6;Céu Claro;Plena Noite;quinta-feira;Colisão frontal;Simples;1;0;-16.33121221;-43.13080786;Perigosa;Sudeste;1 Trimestre
592992;2024.0;n;4.0;2024-04-10;RJ;101;332,8;RIO DE JANEIRO;Acesso irregular;Com Vítimas Feridas;3;Céu Claro;Plena Noite;quarta-feira;Engavetamento;Múltipla;0;0;-22.87133305;-43.20407695;Segura;Sudeste;2 Trimestre
603534;2024.0;n;5.0;2024-05-28;RJ;101;85;CAMPOS DOS GOYTACAZES;Reação tardia ou ineficiente do condutor;Sem Vítimas;4;Céu Claro;Pleno dia;terça-feira;Colisão traseira;Dupla;0;0;-21.82176524;-41.47958594;Segura;Sudeste;2 Trimestre
596934;2024.0;n;4.0;2024-04-28;MS;163;484,4;CAMPO GRANDE;Acessar a via sem observar a presença dos outros veículos;Sem Vítimas;4;Céu Claro;Pleno dia;domingo;Colisão transversal;Simples;0;0;-20.45104898;-54.5403266;Segura;Centro-Oeste;2 Trimestre
618065;2024.0;n;7.0;2024-07-31;RJ;116;181;NOVA IGUACU;Ausência de reação do condutor;Com Vítimas Fatais;2;Céu Claro;Pleno dia;quarta-feira;Atropelamento de Pedestre;Simples;1;0;-22.761312;-43.423492;Perigosa;Sudeste;3 Trimestre
615137;2024.0;n;7.0;2024-07-18;RJ;116;180;MESQUITA;Suicídio (presumido);Com Vítimas Fatais;2;Nublado;Plena Noite;quinta-feira;Atropelamento de Pedestre;Múltipla;1;0;-22.7651616;-43.4154728;Perigosa;Sudeste;3 Trimestre
598752;2024.0;n;5.0;2024-05-06;SC;280;43,2;GUARAMIRIM;Reação tardia ou ineficiente do condutor;Com Vítimas Feridas;2;Céu Claro;Plena Noite;segunda-feira;Saída de leito carroçável;Simples;0;0;-26.45118786;-48.87789901;Segura;Sul;2 Trimestre
654811;2025.0;n;1.0;2025-01-13;MG;365;76,6;JEQUITAI;Velocidade Incompatível;Com Vítimas Fatais;5;Nublado;Amanhecer;segunda-feira;Capotamento;Simples;1;0;-17,18107982;-44,42673633;Perigosa;Sudeste;1 Trimestre
593869;2024.0;n;4.0;2024-04-14;PI;343;270;CAMPO MAIOR;Pedestre andava na pista;Com Vítimas Feridas;5;Céu Claro;Pleno dia;domingo;Atropelamento de Pedestre;Simples;0;1;-4.855873;-42.20013;Perigosa;Nordeste;2 Trimestre
621745;2024.0;n;8.0;2024-08-17;PA;230;1126;ITAITUBA;Reação tardia ou ineficiente do condutor;Com Vítimas Feridas;4;Nublado;Plena Noite;sábado;Colisão lateral sentido oposto;Simples;0;1;-4.39129783;-55.8871261;Perigosa;Norte;3 Trimestre
603251;2024.0;n;5.0;2024-05-26;SC;101;316,4;PESCARIA BRAVA;Objeto estático sobre o leito carroçável;Com Vítimas Fatais;2;Chuva;Plena Noite;domingo;Colisão com objeto;Múltipla;1;0;-28.426493;-48.861364;Perigosa;Sul;2 Trimestre
602835;2024.0;n;5.0;2024-05-25;RJ;116;248;PIRAI;Condutor Dormindo;Com Vítimas Feridas;3;Nublado;Amanhecer;sábado;Colisão traseira;Dupla;0;0;-22.59976123;-43.94042912;Segura;Sudeste;2 Trimestre
609512;2024.0;n;6.0;2024-06-23;PR;116;35;CAMPINA GRANDE DO SUL;Transitar no Acostamento;Com Vítimas Fatais;4;Céu Claro;Pleno dia;domingo;Colisão traseira;Dupla;2;0;-25.12294607;-48.85610579;Perigosa;Sul;2 Trimestre
670259;2025.0;n;3.0;2025-03-28;RO;364;475;ARIQUEMES;Reação tardia ou ineficiente do condutor;Com Vítimas Feridas;7;Nublado;Plena Noite;sexta-feira;Engavetamento;Simples;0;0;-10,15920537;-62,83603147;Segura;Norte;1 Trimestre
599076;2024.0;n;5.0;2024-05-08;MG;381;552,5;ITAGUARA;Ausência de reação do condutor;Com Vítimas Feridas;3;Céu Claro;Pleno dia;quarta-feira;Colisão traseira;Dupla;0;0;-20.33850122;-44.44215828;Segura;Sudeste;2 Trimestre
572576;2024.0;n;1.0;2024-01-04;MG;381;495,5;BETIM;Manobra de mudança de faixa;Com Vítimas Feridas;4;Chuva;Pleno dia;quinta-feira;Colisão traseira;Múltipla;0;0;-19.97528481;-44.18872833;Segura;Sudeste;1 Trimestre
579724;2024.0;n;2.0;2024-02-08;RJ;116;136;MAGE;Condutor deixou de manter distância do veículo da frente;Com Vítimas Feridas;2;Céu Claro;Pleno dia;quinta-feira;Colisão transversal;Dupla;0;0;-22.64988985;-43.17250297;Segura;Sudeste;1 Trimestre
608432;2024.0;n;6.0;2024-06-18;AL;423;5;OURO BRANCO;Acessar a via sem observar a presença dos outros veículos;Com Vítimas Fatais;3;Céu Claro;Plena Noite;terça-feira;Colisão lateral sentido oposto;Simples;1;0;-9.13795942;-37.33317198;Perigosa;Nordeste;2 Trimestre
591906;2024.0;n;4.0;2024-04-05;BA;324;615;SALVADOR;Condutor deixou de manter distância do veículo da frente;Com Vítimas Feridas;2;Nublado;Pleno dia;sexta-feira;Colisão lateral mesmo sentido;Dupla;0;0;-12.87206398;-38.42746403;Segura;Nordeste;2 Trimestre
572125;2024.0;n;1.0;2024-01-02;PI;343;335;TERESINA;Condutor deixou de manter distância do veículo da frente;Sem Vítimas;2;Céu Claro;Pleno dia;terça-feira;Colisão traseira;Dupla;0;0;-5.061626;-42.696655;Segura;Nordeste;1 Trimestre
623037;2024.0;n;8.0;2024-08-23;SC;116;240;LAGES;Acessar a via sem observar a presença dos outros veículos;Com Vítimas Feridas;3;Nublado;Pleno dia;sexta-feira;Colisão transversal;Simples;0;0;-27.76245015;-50.33557892;Segura;Sul;3 Trimestre
656919;2025.0;n;1.0;2025-01-23;PE;232;212;PESQUEIRA;Transitar na contramão;Com Vítimas Fatais;5;Céu Claro;Plena Noite;quinta-feira;Colisão lateral sentido oposto;Simples;1;0;-8,36899532;-36,70578682;Perigosa;Nordeste;1 Trimestre
589953;2024.0;n;3.0;2024-03-27;SP;116;34,5;CACHOEIRA PAULISTA;Manobra de mudança de faixa;Com Vítimas Feridas;2;Garoa/Chuvisco;Plena Noite;quarta-feira;Colisão traseira;Dupla;0;0;-22.65447396;-44.95940103;Segura;Sudeste;1 Trimestre
597425;2024.0;n;4.0;2024-04-30;RJ;493;1;ITABORAI;Pedestre andava na pista;Com Vítimas Feridas;2;Sol;Pleno dia;terça-feira;Atropelamento de Pedestre;Simples;0;1;-22.76398788;-42.92731895;Perigosa;Sudeste;2 Trimestre
670734;2025.0;n;3.0;2025-03-31;PE;232;66;GRAVATA;Demais falhas mecânicas ou elétricas;Com Vítimas Feridas;1;Céu Claro;Pleno dia;segunda-feira;Tombamento;Dupla;0;1;-8,16767259;-35,45368887;Perigosa;Nordeste;1 Trimestre
602404;2024.0;n;4.0;2024-04-27;MA;135;13;SAO LUIS;Problema com o freio;Com Vítimas Feridas;17;Chuva;Pleno dia;sábado;Colisão traseira;Dupla;0;0;-2.68053538;-44.29512283;Segura;Nordeste;2 Trimestre
658776;2025.0;n;2.0;2025-02-01;RO;364;473;ARIQUEMES;Acostamento em desnível;Com Vítimas Feridas;2;Céu Claro;Plena Noite;sábado;Tombamento;Simples;0;0;-10,18146706;-62,81974504;Segura;Norte;1 Trimestre
652638;2025.0;y;1.0;2025-01-01;PR;277;584,3;CASCAVEL;Ingestão de álcool pelo condutor;Sem Vítimas;1;Céu Claro;Anoitecer;quarta-feira;Colisão com objeto;Múltipla;0;0;-24,9642727;-53,40655804;Segura;Sul;1 Trimestre
614598;2024.0;n;7.0;2024-07-15;SC;470;63,3;INDAIAL;Chuva;Com Vítimas Feridas;2;Chuva;Pleno dia;segunda-feira;Tombamento;Simples;0;0;-26.872396;-49.19228;Segura;Sul;3 Trimestre
628901;2024.0;n;9.0;2024-09-18;SC;101;357;SANGAO;Reação tardia ou ineficiente do condutor;Com Vítimas Feridas;1;Céu Claro;Pleno dia;quarta-feira;Saída de leito carroçável;Simples;0;0;-28.64188732;-49.10038412;Segura;Sul;3 Trimestre
660678;2025.0;n;2.0;2025-02-11;SC;280;283,9;IRINEOPOLIS;Transitar na contramão;Com Vítimas Fatais;3;Céu Claro;Pleno dia;terça-feira;Colisão frontal;Simples;1;0;-26,2931548;-50,8677496;Perigosa;Sul;1 Trimestre
612157;2024.0;n;7.0;2024-07-05;PE;232;130;CARUARU;Ausência de reação do condutor;Com Vítimas Feridas;1;Garoa/Chuvisco;Pleno dia;sexta-feira;Tombamento;Dupla;0;0;-8.301543;-35.99914;Segura;Nordeste;3 Trimestre
666155;2025.0;n;3.0;2025-03-09;SC;101;190,2;BIGUACU;Demais falhas mecânicas ou elétricas;Sem Vítimas;2;Nublado;Pleno dia;domingo;Colisão com objeto;Dupla;0;0;-27,470415;-48,641042;Segura;Sul;1 Trimestre
669659;2025.0;n;3.0;2025-03-26;MG;364;34;FRUTAL;Acumulo de areia ou detritos sobre o pavimento;Com Vítimas Feridas;3;Chuva;Pleno dia;quarta-feira;Colisão frontal;Simples;0;0;-20,0029961;-48,94365728;Segura;Sudeste;1 Trimestre