id;ano;feriado;mes;data_inversa;uf;br;km;municipio;causa_acidente;classificacao_acidente;veiculos;condicao_metereologica;fase_dia;dia_semana;tipo_acidente;tipo_pista;mortos;feridos_graves;latitude;longitude;status;regiao;periodo
653364;2025.0;n;1.0;2025-01-05;PR;369;347;CAMPO MOURAO;Acesso irregular;Com Vítimas Feridas;2;Céu Claro;Pleno dia;domingo;Colisão traseira;Simples;0;0;-24,0874;-52,4179;Segura;Sul;1 Trimestre
607738;2024.0;n;6.0;2024-06-15;PR;153;108,1;IBAITI;Acesso irregular;Com Vítimas Feridas;2;Céu Claro;Plena Noite;sábado;Colisão transversal;Simples;0;0;-23.838009;-50.19312;Segura;Sul;2 Trimestre
659145;2025.0;n;2.0;2025-02-03;SC;101;26,2;JOINVILLE;Reação tardia ou ineficiente do condutor;Com Vítimas Feridas;3;Nublado;Plena Noite;segunda-feira;Colisão lateral mesmo sentido;Dupla;0;0;-26,19544181;-48,91225398;Segura;Sul;1 Trimestre
598685;2024.0;n;5.0;2024-05-06;BA;367;23;PORTO SEGURO;Acessar a via sem observar a presença dos outros veículos;Com Vítimas Feridas;2;Nublado;Pleno dia;segunda-feira;Tombamento;Simples;0;0;-16.43517732;-39.07201198;Segura;Nordeste;2 Trimestre
574880;2024.0;n;1.0;2024-01-15;RJ;101;274;TANGUA;Condutor deixou de manter distância do veículo da frente;Com Vítimas Feridas;4;Céu Claro;Pleno dia;segunda-feira;Colisão traseira;Dupla;0;0;-22.73506292;-42.71948103;Segura;Sudeste;1 Trimestre
685761;2025.0;y;4.0;2025-04-18;GO;20;196;SIMOLANDIA;Pista Escorregadia;Sem Vítimas;4;Chuva;Amanhecer;sexta-feira;Colisão lateral sentido oposto;Simples;0;0;-14,4513987;-46,4691578;Segura;Centro-Oeste;2 Trimestre
592985;2024.0;n;4.0;2024-04-10;PR;376;7,3;MARINGA;Deficiência do Sistema de Iluminação/Sinalização;Com Vítimas Feridas;3;Céu Claro;Plena Noite;quarta-feira;Colisão com objeto;Dupla;0;0;-23.373814;-51.933792;Segura;Sul;2 Trimestre
666525;2025.0;n;3.0;2025-03-11;PB;230;505,5;CAJAZEIRAS;Animais na Pista;Com Vítimas Feridas;2;Céu Claro;Pleno dia;terça-feira;Colisão frontal;Simples;0;0;-6,897755;-38,573758;Segura;Nordeste;1 Trimestre
662571;2025.0;n;2.0;2025-02-20;MG;40;45;PARACATU;Ultrapassagem Indevida;Sem Vítimas;2;Céu Claro;Pleno dia;quinta-feira;Colisão lateral mesmo sentido;Simples;0;0;-17,23557257;-46,84580984;Segura;Sudeste;1 Trimestre
673136;2025.0;n;4.0;2025-04-12;RN;110;47,5;MOSSORO;Acessar a via sem observar a presença dos outros veículos;Com Vítimas Feridas;3;Nublado;Pleno dia;sábado;Colisão transversal;Simples;0;0;-5,20597411;-37,32902169;Segura;Nordeste;2 Trimestre
590114;2024.0;n;3.0;2024-03-27;SP;116;150,4;SAO JOSE DOS CAMPOS;Condutor deixou de manter distância do veículo da frente;Com Vítimas Feridas;3;Nublado;Pleno dia;quarta-feira;Colisão traseira;Múltipla;0;0;-23.21335525;-45.8930588;Segura;Sudeste;1 Trimestre
572955;2024.0;n;1.0;2024-01-06;SP;381;43;ATIBAIA;Demais falhas mecânicas ou elétricas;Com Vítimas Feridas;2;Céu Claro;Pleno dia;sábado;Colisão com objeto;Dupla;0;0;-23.15597105;-46.5740155;Segura;Sudeste;1 Trimestre
630425;2024.0;n;9.0;2024-09-25;PA;10;243;AURORA DO PARA;Ultrapassagem Indevida;Com Vítimas Feridas;3;Céu Claro;Amanhecer;quarta-feira;Colisão lateral mesmo sentido;Simples;0;0;-2.31290101;-47.56399577;Segura;Norte;3 Trimestre
607261;2024.0;n;6.0;2024-06-13;TO;153;219;COLINAS DO TOCANTINS;Transitar na contramão;Com Vítimas Fatais;2;Céu Claro;Plena Noite;quinta-feira;Colisão frontal;Simples;1;1;-7.81001595;-48.45426281;Perigosa;Norte;2 Trimestre
628651;2024.0;n;9.0;2024-09-16;BA;116;547;MILAGRES;Ausência de reação do condutor;Com Vítimas Feridas;3;Céu Claro;Plena Noite;segunda-feira;Colisão traseira;Simples;0;0;-12.84449042;-39.83949384;Segura;Nordeste;3 Trimestre
628293;2024.0;n;8.0;2024-08-30;GO;50;111;CRISTALINA;Manobra de mudança de faixa;Com Vítimas Feridas;2;Céu Claro;Pleno dia;sexta-feira;Colisão lateral mesmo sentido;Dupla;0;1;-16.86807853;-47.67757416;Perigosa;Centro-Oeste;3 Trimestre
663473;2025.0;n;2.0;2025-02-22;MT;364;155;PEDRA PRETA;Reação tardia ou ineficiente do condutor;Com Vítimas Feridas;3;Céu Claro;Amanhecer;sábado;Saída de leito carroçável;Simples;0;1;-16,63959701;-54,43081856;Perigosa;Centro-Oeste;1 Trimestre
575999;2024.0;n;1.0;2024-01-20;MG;381;654;SANTO ANTONIO DO AMPARO;Ausência de reação do condutor;Sem Vítimas;2;Nublado;Pleno dia;sábado;Colisão com objeto;Dupla;0;0;-20.99437964;-44.96041633;Segura;Sudeste;1 Trimestre
608195;2024.0;n;6.0;2024-06-17;TO;153;724;FIGUEIROPOLIS;Condutor deixou de manter distância do veículo da frente;Com Vítimas Feridas;4;Céu Claro;Pleno dia;segunda-feira;Colisão traseira;Simples;0;0;-12.15456392;-49.16381675;Segura;Norte;2 Trimestre
586151;2024.0;n;3.0;2024-03-09;PR;373;218,2;IMBITUVA;Ingestão de álcool pelo condutor;Sem Vítimas;1;Céu Claro;Pleno dia;sábado;Saída de leito carroçável;Simples;0;0;-25.16064674;-50.55360764;Segura;Sul;1 Trimestre
583335;2024.0;n;2.0;2024-02-25;AL;101;161,5;CAMPO ALEGRE;Velocidade Incompatível;Com Vítimas Fatais;3;Céu Claro;Plena Noite;domingo;Colisão traseira;Dupla;1;0;-9.90050999;-36.246598;Perigosa;Nordeste;1 Trimestre
653298;2025.0;n;1.0;2025-01-05;PB;230;132,8;CAMPINA GRANDE;Ausência de reação do condutor;Com Vítimas Feridas;1;Sol;Pleno dia;domingo;Tombamento;Simples;0;0;-7,27541295;-35,75283051;Segura;Nordeste;1 Trimestre
619052;2024.0;n;8.0;2024-08-04;MG;381;938,6;EXTREMA;Velocidade Incompatível;Com Vítimas Feridas;2;Nublado;Pleno dia;domingo;Tombamento;Dupla;0;1;-22.81763555;-46.29508011;Perigosa;Sudeste;3 Trimestre
575040;2024.0;n;1.0;2024-01-16;RJ;101;78;CAMPOS DOS GOYTACAZES;Ausência de reação do condutor;Com Vítimas Feridas;2;Céu Claro;Pleno dia;terça-feira;Colisão traseira;Simples;0;1;-21.83525792;-41.41878002;Perigosa;Sudeste;1 Trimestre
657349;2025.0;n;1.0;2025-01-25;MG;381;580;CARMOPOLIS DE MINAS;Ausência de reação do condutor;Com Vítimas Feridas;4;Céu Claro;Plena Noite;sábado;Colisão traseira;Dupla;0;1;-20,50796117;-44,61144676;Perigosa;Sudeste;1 Trimestre
591857;2024.0;n;4.0;2024-04-05;ES;259;3;JOAO NEIVA;Velocidade Incompatível;Sem Vítimas;4;Céu Claro;Plena Noite;sexta-feira;Tombamento;Simples;0;0;-19.71988223;-40.37657261;Segura;Sudeste;2 Trimestre
689239;2025.0;n;3.0;2025-03-04;PI;230;171;SAO JOAO DA VARJOTA;Ingestão de álcool pelo condutor;Com Vítimas Feridas;4;Chuva;Plena Noite;terça-feira;Colisão frontal;Simples;0;1;-6,9374;-41,91;Perigosa;Nordeste;1 Trimestre
579844;2024.0;n;2.0;2024-02-08;PR;369;201;APUCARANA;Condutor deixou de manter distância do veículo da frente;Com Vítimas Feridas;3;Céu Claro;Pleno dia;quinta-feira;Engavetamento;Simples;0;0;-23.536875;-51.456575;Segura;Sul;1 Trimestre
591963;2024.0;n;4.0;2024-04-05;PR;116;10;COLOMBO;Reação tardia ou ineficiente do condutor;Com Vítimas Feridas;2;Chuva;Anoitecer;sexta-feira;Colisão traseira;Dupla;0;1;-25.3719;-49.134;Perigosa;Sul;2 Trimestre
688225;2025.0;n;4.0;2025-04-30;RJ;101;276;BARRA MANSA;Demais falhas mecânicas ou elétricas;Sem Vítimas;2;Sol;Pleno dia;quarta-feira;Incêndio;Dupla;0;0;-22,56161343;-44,16553108;Segura;Sudeste;2 Trimestre
606952;2024.0;n;6.0;2024-06-12;CE;116;93;CASCAVEL;Transitar na contramão;Com Vítimas Fatais;2;Céu Claro;Pleno dia;quarta-feira;Colisão frontal;Simples;1;0;-4.49326938;-38.36151123;Perigosa;Nordeste;2 Trimestre
584142;2024.0;n;2.0;2024-02-25;MT;70;656;CACERES;Reação tardia ou ineficiente do condutor;Sem Vítimas;6;Céu Claro;Pleno dia;domingo;Saída de leito carroçável;Simples;0;0;-15.96753007;-57.16866394;Segura;Centro-Oeste;1 Trimestre
586218;2024.0;n;3.0;2024-03-09;MG;365;634;UBERLANDIA;Condutor deixou de manter distância do veículo da frente;Com Vítimas Feridas;3;Garoa/Chuvisco;Plena Noite;sábado;Colisão traseira;Dupla;0;0;-18.89398203;-48.409205;Segura;Sudeste;1 Trimestre
601305;2024.0;n;5.0;2024-05-18;SP;116;521;CAJATI;Ausência de reação do condutor;Com Vítimas Feridas;2;Garoa/Chuvisco;Pleno dia;sábado;Saída de leito carroçável;Dupla;0;0;-24.8997218;-48.24745938;Segura;Sudeste;2 Trimestre
652600;2025.0;y;1.0;2025-01-01;PB;230;124,2;RIACHAO DO BACAMARTE;Reação tardia ou ineficiente do condutor;Com Vítimas Feridas;1;Céu Claro;Pleno dia;quarta-feira;Saída de leito carroçável;Dupla;0;1;-7,2465;-35,6751;Perigosa;Nordeste;1 Trimestre
582058;2024.0;n;2.0;2024-02-19;PR;376;216,9;JANDAIA DO SUL;Acessar a via sem observar a presença dos outros veículos;Com Vítimas Feridas;2;Céu Claro;Pleno dia;segunda-feira;Colisão transversal;Simples;0;0;-23.59767281;-51.63339596;Segura;Sul;1 Trimestre
602604;2024.0;n;5.0;2024-05-24;BA;20;202;CALDEIRAO GRANDE;Mal súbito do condutor;Com Vítimas Feridas;2;Céu Claro;Pleno dia;sexta-feira;Colisão lateral sentido oposto;Simples;0;1;-11.11440105;-40.06765366;Perigosa;Nordeste;2 Trimestre
605934;2024.0;n;6.0;2024-06-08;MT;70;695;CACERES;Ausência de reação do condutor;Com Vítimas Feridas;7;Céu Claro;Pleno dia;sábado;Tombamento;Simples;0;1;-16.253835;-57.460742;Perigosa;Centro-Oeste;2 Trimestre
685320;2025.0;n;4.0;2025-04-17;MG;116;354,4;JAMPRUCA;Ausência de reação do condutor;Com Vítimas Fatais;2;Chuva;Pleno dia;quinta-feira;Colisão frontal;Simples;2;1;-18,42109;-41,827902;Perigosa;Sudeste;2 Trimestre
600741;2024.0;n;5.0;2024-05-15;PI;316;14,9;TERESINA;Carga excessiva e/ou mal acondicionada;Com Vítimas Feridas;2;Céu Claro;Anoitecer;quarta-feira;Tombamento;Dupla;0;0;-5.21837815;-42.75257727;Segura;Nordeste;2 Trimestre
656931;2025.0;n;1.0;2025-01-23;SE;101;59;ROSARIO DO CATETE;Acessar a via sem observar a presença dos outros veículos;Com Vítimas Feridas;2;Céu Claro;Plena Noite;quinta-feira;Colisão transversal;Simples;0;0;-10,659681;-37,02849;Segura;Nordeste;1 Trimestre
671625;2025.0;n;4.0;2025-04-04;MG;116;702,8;MURIAE;Condutor deixou de manter distância do veículo da frente;Com Vítimas Feridas;3;Chuva;Plena Noite;sexta-feira;Colisão traseira;Simples;0;1;-21,1291104;-42,38482475;Perigosa;Sudeste;2 Trimestre
581676;2024.0;n;2.0;2024-02-17;SP;153;113,8;JOSE BONIFACIO;Ingestão de álcool pelo condutor;Com Vítimas Feridas;3;Céu Claro;Pleno dia;sábado;Colisão traseira;Simples;0;0;-21.11299309;-49.68678482;Segura;Sudeste;1 Trimestre
584648;2024.0;n;3.0;2024-03-03;SP;153;158,9;PROMISSAO;Condutor Dormindo;Com Vítimas Feridas;2;Céu Claro;Plena Noite;domingo;Colisão frontal;Simples;0;1;-21.493169;-49.779784;Perigosa;Sudeste;1 Trimestre
667319;2025.0;n;3.0;2025-03-15;PR;376;674;GUARATUBA;Reação tardia ou ineficiente do condutor;Sem Vítimas;5;Nublado;Plena Noite;sábado;Colisão traseira;Dupla;0;0;-25,919528;-48,918272;Segura;Sul;1 Trimestre
588695;2024.0;n;3.0;2024-03-20;AL;101;149;JEQUIA DA PRAIA;Velocidade Incompatível;Com Vítimas Feridas;1;Céu Claro;Plena Noite;quarta-feira;Tombamento;Dupla;0;0;-9.89402674;-36.14110191;Segura;Nordeste;1 Trimestre
658043;2025.0;n;1.0;2025-01-29;CE;222;256,7;SOBRAL;Condutor Dormindo;Com Vítimas Feridas;2;Céu Claro;Pleno dia;quarta-feira;Colisão traseira;Simples;0;1;-3,751717;-40,625637;Perigosa;Nordeste;1 Trimestre
593199;2024.0;n;4.0;2024-04-11;MT;364;443;VARZEA GRANDE;Reação tardia ou ineficiente do condutor;Com Vítimas Feridas;4;Chuva;Plena Noite;quinta-feira;Tombamento;Simples;0;0;-15.59133442;-56.23223305;Segura;Centro-Oeste;2 Trimestre
579731;2024.0;n;2.0;2024-02-08;RJ;116;142;DUQUE DE CAXIAS;Reação tardia ou ineficiente do condutor;Com Vítimas Feridas;4;Céu Claro;Pleno dia;quinta-feira;Colisão lateral mesmo sentido;Simples;0;0;-22.64876087;-43.23031638;Segura;Sudeste;1 Trimestre
596650;2024.0;n;4.0;2024-04-27;PB;230;120,8;RIACHAO DO BACAMARTE;Condutor Dormindo;Com Vítimas Feridas;1;Nublado;Plena Noite;sábado;Saída de leito carroçável;Dupla;0;0;-7.2436;-35.6395;Segura;Nordeste;2 Trimestre
669931;2025.0;n;3.0;2025-03-27;MG;262;569,5;CORREGO DANTA;Acessar a via sem observar a presença dos outros veículos;Com Vítimas Feridas;4;Sol;Pleno dia;quinta-feira;Colisão transversal;Simples;0;1;-19,7180863;-46,0230502;Perigosa;Sudeste;1 Trimestre
599296;2024.0;n;5.0;2024-05-09;MA;135;126;MIRANDA DO NORTE;Entrada inopinada do pedestre;Com Vítimas Feridas;4;Sol;Pleno dia;quinta-feira;Atropelamento de Pedestre;Simples;0;1;-3.56002207;-44.58621468;Perigosa;Nordeste;2 Trimestre
653411;2025.0;n;1.0;2025-01-05;SP;116;69;APARECIDA;Entrada inopinada do pedestre;Com Vítimas Feridas;2;Nublado;Plena Noite;domingo;Atropelamento de Pedestre;Dupla;0;2;-22,84017188;-45,22364349;Perigosa;Sudeste;1 Trimestre
577956;2024.0;n;1.0;2024-01-30;MG;50;72,5;UBERLANDIA;Manobra de mudança de faixa;Sem Vítimas;5;Sol;Pleno dia;terça-feira;Colisão lateral mesmo sentido;Dupla;0;0;-18.85140204;-48.25345932;Segura;Sudeste;1 Trimestre
605891;2024.0;n;6.0;2024-06-08;GO;364;387;SANTA RITA DO ARAGUAIA;Reação tardia ou ineficiente do condutor;Com Vítimas Feridas;2;Céu Claro;Plena Noite;sábado;Atropelamento de Pedestre;Simples;0;0;-17.32269041;-53.20916247;Segura;Centro-Oeste;2 Trimestre
599555;2024.0;n;5.0;2024-05-10;MT;163;521;VARZEA GRANDE;Desrespeitar a preferência no cruzamento;Com Vítimas Feridas;3;Céu Claro;Pleno dia;sexta-feira;Colisão transversal;Simples;0;0;-15.6677244;-56.18227899;Segura;Centro-Oeste;2 Trimestre
625691;2024.0;n;9.0;2024-09-04;PR;116;100;SAO JOSE DOS PINHAIS;Ausência de reação do condutor;Com Vítimas Feridas;1;Céu Claro;Pleno dia;quarta-feira;Saída de leito carroçável;Dupla;0;0;-25.565225;-49.160175;Segura;Sul;3 Trimestre
616904;2024.0;n;7.0;2024-07-01;BA;324;623;SALVADOR;Mal súbito do condutor;Com Vítimas Feridas;3;Céu Claro;Pleno dia;segunda-feira;Engavetamento;Dupla;0;0;-12.92628699;-38.46838679;Segura;Nordeste;3 Trimestre
598524;2024.0;n;5.0;2024-05-05;SP;116;101,6;PINDAMONHANGABA;Demais falhas mecânicas ou elétricas;Com Vítimas Feridas;3;Céu Claro;Plena Noite;domingo;Colisão lateral mesmo sentido;Múltipla;0;1;-22.99074204;-45.48115098;Perigosa;Sudeste;2 Trimestre
652964;2025.0;n;1.0;2025-01-03;SC;101;134;BALNEARIO CAMBORIU;Reação tardia ou ineficiente do condutor;Com Vítimas Feridas;4;Nublado;Pleno dia;sexta-feira;Colisão lateral mesmo sentido;Múltipla;0;0;-27,00218;-48,636433;Segura;Sul;1 Trimestre
665347;2025.0;n;3.0;2025-03-05;SC;101;48,3;JOINVILLE;Condutor deixou de manter distância do veículo da frente;Com Vítimas Feridas;3;Céu Claro;Pleno dia;quarta-feira;Engavetamento;Dupla;0;0;-26,376825;-48,853286;Segura;Sul;1 Trimestre
593032;2024.0;n;4.0;2024-04-10;PR;376;128,8;ALTO PARANA;Manobra de mudança de faixa;Com Vítimas Feridas;6;Céu Claro;Pleno dia;quarta-feira;Colisão traseira;Dupla;0;0;-23.16687649;-52.25152136;Segura;Sul;2 Trimestre
665220;2025.0;n;3.0;2025-03-04;SC;282;378,1;HERVAL DOESTE;Transitar na contramão;Com Vítimas Feridas;3;Céu Claro;Pleno dia;terça-feira;Colisão frontal;Simples;0;1;-27,215657;-51,472575;Perigosa;Sul;1 Trimestre
673348;2025.0;n;4.0;2025-04-13;RS;290;77;GRAVATAI;Condutor Dormindo;Com Vítimas Feridas;3;Nublado;Pleno dia;domingo;Colisão traseira;Múltipla;0;0;-29,95593499;-51,02658704;Segura;Sul;2 Trimestre
664989;2025.0;n;3.0;2025-03-03;RS;158;15,7;FREDERICO WESTPHALEN;Demais falhas mecânicas ou elétricas;Sem Vítimas;2;Céu Claro;Pleno dia;segunda-feira;Incêndio;Simples;0;0;-27,23948;-53,337136;Segura;Sul;1 Trimestre
614519;2024.0;n;7.0;2024-07-14;PR;373;248;GUAMIRANGA;Animais na Pista;Sem Vítimas;1;Céu Claro;Plena Noite;domingo;Atropelamento de Animal;Simples;0;0;-25.19042059;-50.83313898;Segura;Sul;3 Trimestre
656687;2025.0;n;1.0;2025-01-22;PR;277;156;PALMEIRA;Reação tardia ou ineficiente do condutor;Com Vítimas Feridas;2;Céu Claro;Pleno dia;quarta-feira;Colisão traseira;Simples;0;0;-25,47298;-49,82104;Segura;Sul;1 Trimestre
667651;2025.0;n;3.0;2025-03-16;MT;364;267,4;JACIARA;Ingestão de álcool pelo condutor;Com Vítimas Feridas;3;Nublado;Pleno dia;domingo;Colisão traseira;Dupla;0;0;-15,98398468;-54,92987221;Segura;Centro-Oeste;1 Trimestre
602963;2024.0;n;5.0;2024-05-25;RO;364;672;CANDEIAS DO JAMARI;Demais falhas mecânicas ou elétricas;Sem Vítimas;1;Céu Claro;Plena Noite;sábado;Incêndio;Simples;0;0;-8.77787321;-63.51664198;Segura;Norte;2 Trimestre
574042;2024.0;n;1.0;2024-01-11;PR;153;518,9;GENERAL CARNEIRO;Reação tardia ou ineficiente do condutor;Com Vítimas Feridas;2;Nublado;Pleno dia;quinta-feira;Saída de leito carroçável;Simples;0;1;-26.59244151;-51.45618439;Perigosa;Sul;1 Trimestre
653866;2025.0;n;1.0;2025-01-08;MG;40;509;RIBEIRAO DAS NEVES;Ausência de reação do condutor;Com Vítimas Feridas;2;Chuva;Pleno dia;quarta-feira;Colisão traseira;Dupla;0;0;-19,76728744;-44,12855905;Segura;Sudeste;1 Trimestre
658021;2025.0;n;1.0;2025-01-29;BA;116;1,9;VITORIA DA CONQUISTA;Condutor deixou de manter distância do veículo da frente;Com Vítimas Feridas;4;Céu Claro;Pleno dia;quarta-feira;Colisão traseira;Simples;0;1;-14,825193;-40,851287;Perigosa;Nordeste;1 Trimestre
687886;2025.0;n;4.0;2025-04-28;PR;277;726,4;FOZ DO IGUACU;Acessar a via sem observar a presença dos outros veículos;Com Vítimas Fatais;5;Sol;Pleno dia;segunda-feira;Queda de ocupante de veículo;Dupla;1;0;-25,51033;-54,55818;Perigosa;Sul;2 Trimestre
626965;2024.0;n;9.0;2024-09-09;GO;364;239;JATAI;Transitar na contramão;Com Vítimas Feridas;6;Céu Claro;Pleno dia;segunda-feira;Colisão lateral sentido oposto;Simples;0;1;-17.785084;-52.074951;Perigosa;Centro-Oeste;3 Trimestre
601916;2024.0;n;5.0;2024-05-20;PE;316;46;ARARIPINA;Animais na Pista;Com Vítimas Feridas;2;Céu Claro;Plena Noite;segunda-feira;Atropelamento de Animal;Simples;0;1;-7.69556738;-40.34957133;Perigosa;Nordeste;2 Trimestre
622475;2024.0;n;8.0;2024-08-20;SP;116;230,8;SAO PAULO;Ausência de reação do condutor;Com Vítimas Feridas;2;Céu Claro;Pleno dia;terça-feira;Colisão lateral mesmo sentido;Múltipla;0;0;-23.52251783;-46.5855702;Segura;Sudeste;3 Trimestre
628869;2024.0;n;8.0;2024-08-05;MG;40;527;CONTAGEM;Reação tardia ou ineficiente do condutor;Com Vítimas Feridas;3;Céu Claro;Plena Noite;segunda-feira;Colisão lateral mesmo sentido;Simples;0;0;-19.90149502;-44.04938939;Segura;Sudeste;3 Trimestre
585495;2024.0;n;3.0;2024-03-06;MG;381;496;BETIM;Demais falhas mecânicas ou elétricas;Com Vítimas Feridas;2;Chuva;Plena Noite;quarta-feira;Tombamento;Dupla;0;1;-19.99676497;-44.20958506;Perigosa;Sudeste;1 Trimestre
581292;2024.0;n;2.0;2024-02-15;RS;285;207;LAGOA VERMELHA;Ultrapassagem Indevida;Com Vítimas Feridas;3;Nublado;Pleno dia;quinta-feira;Colisão lateral mesmo sentido;Simples;0;0;-28.22011;-51.588711;Segura;Sul;1 Trimestre
604319;2024.0;n;5.0;2024-05-31;MT;158;666;NOVA XAVANTINA;Ausência de reação do condutor;Com Vítimas Fatais;2;Céu Claro;Plena Noite;sexta-feira;Colisão lateral sentido oposto;Simples;2;0;-14.77295493;-52.32380483;Perigosa;Centro-Oeste;2 Trimestre
614968;2024.0;n;6.0;2024-06-29;PA;163;936,4;BELTERRA;Acostamento em desnível;Com Vítimas Feridas;2;Céu Claro;Pleno dia;sábado;Tombamento;Simples;0;0;-2.92020695;-54.92463029;Segura;Norte;2 Trimestre
629438;2024.0;n;9.0;2024-09-20;SC;282;339,4;CAMPOS NOVOS;Ausência de reação do condutor;Com Vítimas Feridas;2;Nublado;Pleno dia;sexta-feira;Colisão traseira;Simples;0;0;-27.392731;-51.195118;Segura;Sul;3 Trimestre
669912;2025.0;n;3.0;2025-03-27;ES;101;290,5;CARIACICA;Ausência de reação do condutor;Com Vítimas Fatais;2;Céu Claro;Anoitecer;quinta-feira;Colisão traseira;Dupla;1;0;-20,29494489;-40,39329529;Perigosa;Sudeste;1 Trimestre
655498;2025.0;n;1.0;2025-01-16;BA;324;519,5;FEIRA DE SANTANA;Ausência de reação do condutor;Sem Vítimas;4;Nublado;Anoitecer;quinta-feira;Colisão traseira;Dupla;0;0;-12,27781301;-38,92892456;Segura;Nordeste;1 Trimestre
663687;2025.0;n;2.0;2025-02-25;BA;324;625,6;SALVADOR;Trafegar com motocicleta (ou similar) entre as faixas;Com Vítimas Feridas;3;Nublado;Plena Noite;terça-feira;Colisão lateral mesmo sentido;Múltipla;0;1;-12,959585;-38,473059;Perigosa;Nordeste;1 Trimestre
584668;2024.0;n;3.0;2024-03-03;BA;116;836,8;VITORIA DA CONQUISTA;Ausência de reação do condutor;Com Vítimas Feridas;2;Céu Claro;Pleno dia;domingo;Colisão traseira;Simples;0;1;-14.961907;-40.90668;Perigosa;Nordeste;1 Trimestre
625916;2024.0;n;9.0;2024-09-05;PR;153;359;RIO AZUL;Reação tardia ou ineficiente do condutor;Com Vítimas Feridas;2;Garoa/Chuvisco;Pleno dia;quinta-feira;Tombamento;Simples;0;0;-25.6678841;-50.74541694;Segura;Sul;3 Trimestre
609401;2024.0;n;6.0;2024-06-22;PR;376;514,9;PONTA GROSSA;Acessar a via sem observar a presença dos outros veículos;Com Vítimas Feridas;4;Céu Claro;Plena Noite;sábado;Colisão transversal;Dupla;0;1;-25.24605745;-50.02255016;Perigosa;Sul;2 Trimestre
612183;2024.0;n;7.0;2024-07-05;SC;116;246,3;LAGES;Acesso irregular;Com Vítimas Feridas;4;Céu Claro;Pleno dia;sexta-feira;Colisão lateral mesmo sentido;Múltipla;0;1;-27.8060626;-50.36577523;Perigosa;Sul;3 Trimestre
608325;2024.0;n;6.0;2024-06-18;PR;369;156,1;LONDRINA;Ausência de reação do condutor;Sem Vítimas;6;Céu Claro;Pleno dia;terça-feira;Colisão lateral mesmo sentido;Dupla;0;0;-23.29225106;-51.21574229;Segura;Sul;2 Trimestre
601310;2024.0;n;5.0;2024-05-18;DF;80;10;BRASILIA;Ausência de reação do condutor;Com Vítimas Feridas;2;Céu Claro;Pleno dia;sábado;Colisão traseira;Simples;0;2;-15.731;-48.168938;Perigosa;Centro-Oeste;2 Trimestre
652685;2025.0;n;1.0;2025-01-02;RS;470;217;BENTO GONCALVES;Reação tardia ou ineficiente do condutor;Com Vítimas Feridas;1;Nublado;Pleno dia;quinta-feira;Colisão com objeto;Dupla;0;0;-29,16462512;-51,52551964;Segura;Sul;1 Trimestre
660209;2025.0;n;2.0;2025-02-09;PR;116;197,8;RIO NEGRO;Ausência de reação do condutor;Com Vítimas Feridas;3;Garoa/Chuvisco;Plena Noite;domingo;Saída de leito carroçável;Simples;0;0;-26,02155422;-49,67567373;Segura;Sul;1 Trimestre
610169;2024.0;n;6.0;2024-06-26;RJ;101;334;RIO DE JANEIRO;Acessar a via sem observar a presença dos outros veículos;Com Vítimas Fatais;3;Céu Claro;Pleno dia;quarta-feira;Colisão lateral mesmo sentido;Múltipla;1;1;-22.88517902;-43.21704364;Perigosa;Sudeste;2 Trimestre
654396;2025.0;n;1.0;2025-01-11;MT;364;347,7;SANTO ANTONIO DO LEVERGER;Reação tardia ou ineficiente do condutor;Com Vítimas Feridas;5;Chuva;Pleno dia;sábado;Colisão traseira;Dupla;0;0;-15,80416834;-55,55429598;Segura;Centro-Oeste;1 Trimestre
668339;2025.0;n;3.0;2025-03-19;PA;10;239,6;IPIXUNA DO PARA;Transitar na contramão;Com Vítimas Fatais;4;Chuva;Plena Noite;quarta-feira;Colisão frontal;Simples;1;0;-2,347273;-47,562614;Perigosa;Norte;1 Trimestre
576116;2024.0;n;1.0;2024-01-21;CE;222;182,1;SOBRAL;Condutor Dormindo;Com Vítimas Feridas;2;Céu Claro;Anoitecer;domingo;Saída de leito carroçável;Simples;0;1;-3.760037;-40.067568;Perigosa;Nordeste;1 Trimestre
623426;2024.0;n;8.0;2024-08-24;BA;407;127;SENHOR DO BONFIM;Acessar a via sem observar a presença dos outros veículos;Com Vítimas Feridas;3;Céu Claro;Pleno dia;sábado;Colisão transversal;Simples;0;1;-10.46231315;-40.17519422;Perigosa;Nordeste;3 Trimestre
594158;2024.0;n;3.0;2024-03-30;MG;50;18,2;UBERLANDIA;Reação tardia ou ineficiente do condutor;Com Vítimas Feridas;4;Céu Claro;Pleno dia;sábado;Colisão com objeto;Dupla;0;0;-18.92980655;-48.19411397;Segura;Sudeste;1 Trimestre
614532;2024.0;n;7.0;2024-07-15;RS;287;331,5;SAO VICENTE DO SUL;Ingestão de álcool pelo condutor;Sem Vítimas;3;Nublado;Plena Noite;segunda-feira;Colisão frontal;Simples;0;0;-29.67358415;-54.66987142;Segura;Sul;3 Trimestre
611128;2024.0;n;6.0;2024-06-30;MS;158;340,6;BRASILANDIA;Acessar a via sem observar a presença dos outros veículos;Com Vítimas Feridas;3;Garoa/Chuvisco;Plena Noite;domingo;Colisão transversal;Simples;0;0;-21.25574166;-52.02703357;Segura;Centro-Oeste;2 Trimestre