id;ano;feriado;mes;data_inversa;uf;br;km;municipio;causa_acidente;classificacao_acidente;veiculos;condicao_metereologica;fase_dia;dia_semana;tipo_acidente;tipo_pista;mortos;feridos_graves;latitude;longitude;status;regiao;periodo
665025;2025.0;n;3.0;2025-03-03;SE;101;199;CRISTINAPOLIS;Ausência de reação do condutor;Com Vítimas Feridas;1;Céu Claro;Plena Noite;segunda-feira;Tombamento;Simples;0;0;-11,48212719;-37,76604043;Segura;Nordeste;1 Trimestre
605554;2024.0;n;6.0;2024-06-06;RJ;101;297;ITABORAI;Reação tardia ou ineficiente do condutor;Sem Vítimas;3;Céu Claro;Pleno dia;quinta-feira;Colisão frontal;Simples;0;0;-22.76942037;-42.91873581;Segura;Sudeste;2 Trimestre
673092;2025.0;n;4.0;2025-04-12;SC;101;136;BALNEARIO CAMBORIU;Reação tardia ou ineficiente do condutor;Com Vítimas Feridas;3;Céu Claro;Plena Noite;sábado;Colisão com objeto;Dupla;0;0;-27,01000168;-48,61525968;Segura;Sul;2 Trimestre
590039;2024.0;n;3.0;2024-03-27;MG;381;491;BETIM;Condutor deixou de manter distância do veículo da frente;Com Vítimas Feridas;2;Céu Claro;Pleno dia;quarta-feira;Capotamento;Dupla;0;0;-19.97018187;-44.18210416;Segura;Sudeste;1 Trimestre
673854;2025.0;n;3.0;2025-03-16;BA;324;388;GAVIAO;Condutor Dormindo;Com Vítimas Feridas;1;Céu Claro;Plena Noite;domingo;Tombamento;Simples;0;0;-11,52093351;-39,72106811;Segura;Nordeste;1 Trimestre
652636;2025.0;y;1.0;2025-01-01;PR;277;47;MORRETES;Chuva;Com Vítimas Feridas;1;Chuva;Plena Noite;quarta-feira;Tombamento;Dupla;0;0;-25,58937591;-48,87336932;Segura;Sul;1 Trimestre
615463;2024.0;n;7.0;2024-07-19;BA;242;660;MUQUEM DE SAO FRANCISCO;Reação tardia ou ineficiente do condutor;Com Vítimas Feridas;6;Céu Claro;Pleno dia;sexta-feira;Colisão traseira;Simples;0;0;-12.20307858;-43.64488595;Segura;Nordeste;3 Trimestre
621806;2024.0;n;8.0;2024-08-17;RO;364;426,1;JARU;Ultrapassagem Indevida;Com Vítimas Feridas;2;Céu Claro;Pleno dia;sábado;Colisão lateral mesmo sentido;Dupla;0;0;-10.432443;-62.479584;Segura;Norte;3 Trimestre
596899;2024.0;n;4.0;2024-04-28;MT;70;517;VARZEA GRANDE;Ingestão de álcool pelo condutor;Com Vítimas Feridas;5;Céu Claro;Pleno dia;domingo;Queda de ocupante de veículo;Simples;0;0;-15.70061496;-56.16384074;Segura;Centro-Oeste;2 Trimestre
673091;2025.0;n;4.0;2025-04-12;GO;414;350;COCALZINHO DE GOIAS;Reação tardia ou ineficiente do condutor;Com Vítimas Feridas;2;Nublado;Plena Noite;sábado;Colisão traseira;Simples;0;0;-15,631753;-48,671319;Segura;Centro-Oeste;2 Trimestre
618759;2024.0;n;8.0;2024-08-03;BA;242;658;MUQUEM DE SAO FRANCISCO;Condutor Dormindo;Com Vítimas Feridas;2;Céu Claro;Amanhecer;sábado;Saída de leito carroçável;Simples;0;1;-12.22801682;-43.83110047;Perigosa;Nordeste;3 Trimestre
653171;2025.0;n;1.0;2025-01-04;PR;280;307,3;BARRACAO;Condutor deixou de manter distância do veículo da frente;Com Vítimas Feridas;2;Céu Claro;Pleno dia;sábado;Colisão traseira;Simples;0;0;-26,2912219;-53,45385075;Segura;Sul;1 Trimestre
582580;2024.0;n;2.0;2024-02-22;MT;174;293;PONTES E LACERDA;Conversão proibida;Com Vítimas Feridas;3;Céu Claro;Pleno dia;quinta-feira;Colisão transversal;Simples;0;0;-15.18889293;-59.32384877;Segura;Centro-Oeste;1 Trimestre
595133;2024.0;n;4.0;2024-04-20;PI;222;0,4;SAO JOAO DA FRONTEIRA;Pista esburacada;Com Vítimas Feridas;1;Céu Claro;Amanhecer;sábado;Tombamento;Simples;0;0;-3.918148;-41.23305;Segura;Nordeste;2 Trimestre
608440;2024.0;n;6.0;2024-06-18;MG;262;34;MANHUACU;Pedestre cruzava a pista fora da faixa;Com Vítimas Fatais;2;Céu Claro;Plena Noite;terça-feira;Atropelamento de Pedestre;Simples;1;0;-20.25692664;-42.01099203;Perigosa;Sudeste;2 Trimestre
576524;2024.0;n;1.0;2024-01-22;PR;476;198,3;LAPA;Ausência de reação do condutor;Com Vítimas Feridas;5;Chuva;Plena Noite;segunda-feira;Colisão traseira;Dupla;0;1;-25.765606;-49.73917;Perigosa;Sul;1 Trimestre
673689;2025.0;n;4.0;2025-04-14;RJ;116;309;RESENDE;Acessar a via sem observar a presença dos outros veículos;Sem Vítimas;5;Sol;Pleno dia;segunda-feira;Colisão lateral mesmo sentido;Dupla;0;0;-22,45814984;-44,4223423;Segura;Sudeste;2 Trimestre
622252;2024.0;n;8.0;2024-08-19;SC;280;42,9;GUARAMIRIM;Acessar a via sem observar a presença dos outros veículos;Com Vítimas Fatais;4;Nevoeiro/Neblina;Pleno dia;segunda-feira;Colisão transversal;Simples;1;0;-26.4511979;-48.8775431;Perigosa;Sul;3 Trimestre
659811;2025.0;n;2.0;2025-02-07;RN;101;100,8;PARNAMIRIM;Reação tardia ou ineficiente do condutor;Com Vítimas Fatais;2;Nublado;Pleno dia;sexta-feira;Colisão com objeto;Dupla;1;1;-5,88106901;-35,22542396;Perigosa;Nordeste;1 Trimestre
574397;2024.0;n;1.0;2024-01-13;TO;153;402;MIRANORTE;Reação tardia ou ineficiente do condutor;Com Vítimas Feridas;2;Chuva;Pleno dia;sábado;Saída de leito carroçável;Simples;0;0;-9.42769595;-48.5731633;Segura;Norte;1 Trimestre
601730;2024.0;n;5.0;2024-05-20;RS;293;0;PELOTAS;Ingestão de álcool pelo condutor;Sem Vítimas;2;Nublado;Plena Noite;segunda-feira;Colisão transversal;Simples;0;0;-31.75694431;-52.35742807;Segura;Sul;2 Trimestre
590216;2024.0;n;3.0;2024-03-28;SC;282;376,4;HERVAL DOESTE;Suicídio (presumido);Com Vítimas Fatais;3;Céu Claro;Amanhecer;quinta-feira;Atropelamento de Pedestre;Simples;1;0;-27.2230317;-51.458607;Perigosa;Sul;1 Trimestre
612090;2024.0;n;7.0;2024-07-05;TO;226;27;PALMEIRAS DO TOCANTINS;Reação tardia ou ineficiente do condutor;Com Vítimas Feridas;3;Céu Claro;Amanhecer;sexta-feira;Eventos atípicos;Simples;0;0;-6.643788;-47.675686;Segura;Norte;3 Trimestre
617403;2024.0;n;7.0;2024-07-28;MG;381;438,9;SANTA LUZIA;Reação tardia ou ineficiente do condutor;Com Vítimas Fatais;4;Céu Claro;Pleno dia;domingo;Colisão traseira;Simples;1;0;-19.80934407;-43.777791;Perigosa;Sudeste;3 Trimestre
655246;2025.0;n;1.0;2025-01-15;SP;381;76;SAO PAULO;Ausência de reação do condutor;Com Vítimas Feridas;3;Nublado;Pleno dia;quarta-feira;Atropelamento de Pedestre;Dupla;0;0;-23,38372401;-46,56502116;Segura;Sudeste;1 Trimestre
626440;2024.0;y;9.0;2024-09-07;RS;290;57;GLORINHA;Condutor deixou de manter distância do veículo da frente;Com Vítimas Feridas;3;Nublado;Pleno dia;sábado;Colisão traseira;Dupla;0;1;-29.918623;-50.828213;Perigosa;Sul;3 Trimestre
619062;2024.0;n;7.0;2024-07-31;BA;324;595;CANDEIAS;Ausência de reação do condutor;Com Vítimas Feridas;2;Céu Claro;Pleno dia;quarta-feira;Saída de leito carroçável;Dupla;0;0;-12.71235341;-38.45524557;Segura;Nordeste;3 Trimestre
610338;2024.0;n;6.0;2024-06-27;RN;304;31,7;MOSSORO;Acessar a via sem observar a presença dos outros veículos;Com Vítimas Feridas;3;Céu Claro;Pleno dia;quinta-feira;Colisão transversal;Simples;0;1;-5.12587296;-37.34293919;Perigosa;Nordeste;2 Trimestre
620478;2024.0;n;8.0;2024-08-11;MG;381;311;ANTONIO DIAS;Condutor Dormindo;Com Vítimas Feridas;2;Céu Claro;Plena Noite;domingo;Colisão frontal;Simples;0;0;-19.66923825;-42.96926993;Segura;Sudeste;3 Trimestre
655336;2025.0;n;1.0;2025-01-15;PR;277;125;CAMPO LARGO;Pedestre cruzava a pista fora da faixa;Com Vítimas Feridas;3;Nublado;Plena Noite;quarta-feira;Atropelamento de Pedestre;Dupla;0;1;-25,43532998;-49,53688145;Perigosa;Sul;1 Trimestre
629413;2024.0;n;9.0;2024-09-20;DF;60;3;BRASILIA;Manobra de mudança de faixa;Sem Vítimas;2;Céu Claro;Pleno dia;sexta-feira;Colisão lateral mesmo sentido;Dupla;0;0;-15.890521;-48.086864;Segura;Centro-Oeste;3 Trimestre
597474;2024.0;n;4.0;2024-04-04;MG;381;942;EXTREMA;Velocidade Incompatível;Com Vítimas Feridas;2;Céu Claro;Pleno dia;quinta-feira;Saída de leito carroçável;Dupla;0;0;-22.86605937;-46.34940386;Segura;Sudeste;2 Trimestre
578662;2024.0;n;1.0;2024-01-23;MT;364;27;ALTO ARAGUAIA;Transitar na contramão;Com Vítimas Fatais;4;Céu Claro;Pleno dia;terça-feira;Colisão frontal;Simples;3;2;-17.17425847;-53.39357512;Perigosa;Centro-Oeste;1 Trimestre
653575;2025.0;n;1.0;2025-01-06;PB;101;88;JOAO PESSOA;Manobra de mudança de faixa;Com Vítimas Feridas;2;Céu Claro;Plena Noite;segunda-feira;Colisão lateral mesmo sentido;Dupla;0;0;-7,16470016;-34,89993643;Segura;Nordeste;1 Trimestre
590577;2024.0;y;3.0;2024-03-29;MG;381;585;CARMOPOLIS DE MINAS;Ingestão de álcool pelo condutor;Sem Vítimas;2;Nublado;Pleno dia;sexta-feira;Saída de leito carroçável;Dupla;0;0;-20.538292;-44.64046;Segura;Sudeste;1 Trimestre
657973;2025.0;n;1.0;2025-01-28;MG;116;414,1;GOVERNADOR VALADARES;Reação tardia ou ineficiente do condutor;Com Vítimas Feridas;3;Céu Claro;Pleno dia;terça-feira;Colisão lateral sentido oposto;Simples;0;1;-18,88434898;-41,94851182;Perigosa;Sudeste;1 Trimestre
594676;2024.0;n;4.0;2024-04-18;MG;381;523;BRUMADINHO;Condutor Dormindo;Com Vítimas Feridas;6;Céu Claro;Pleno dia;quinta-feira;Colisão traseira;Dupla;0;0;-20.13371583;-44.30876255;Segura;Sudeste;2 Trimestre
616281;2024.0;n;7.0;2024-07-22;MG;153;83,5;PRATA;Deficiência do Sistema de Iluminação/Sinalização;Com Vítimas Feridas;2;Céu Claro;Plena Noite;segunda-feira;Colisão traseira;Simples;0;0;-19.08815127;-48.99176131;Segura;Sudeste;3 Trimestre
658202;2025.0;n;1.0;2025-01-30;SP;116;456,9;REGISTRO;Acessar a via sem observar a presença dos outros veículos;Sem Vítimas;3;Nublado;Pleno dia;quinta-feira;Colisão lateral mesmo sentido;Dupla;0;0;-24,580349;-47,88461;Segura;Sudeste;1 Trimestre
626596;2024.0;n;9.0;2024-09-08;PE;232;117;CARUARU;Reação tardia ou ineficiente do condutor;Com Vítimas Feridas;1;Chuva;Amanhecer;domingo;Saída de leito carroçável;Dupla;0;1;-8.29529153;-35.8754959;Perigosa;Nordeste;3 Trimestre
579909;2024.0;n;2.0;2024-02-09;PR;369;159;CAMBE;Condutor deixou de manter distância do veículo da frente;Com Vítimas Feridas;2;Céu Claro;Plena Noite;sexta-feira;Colisão traseira;Dupla;0;0;-23.28418003;-51.24316871;Segura;Sul;1 Trimestre
573994;2024.0;n;1.0;2024-01-11;RS;285;296,6;PASSO FUNDO;Reação tardia ou ineficiente do condutor;Com Vítimas Feridas;2;Céu Claro;Pleno dia;quinta-feira;Saída de leito carroçável;Simples;0;0;-28.2339272;-52.40753174;Segura;Sul;1 Trimestre
579561;2024.0;n;1.0;2024-01-11;GO;364;308,5;MINEIROS;Demais falhas mecânicas ou elétricas;Sem Vítimas;4;Chuva;Amanhecer;quinta-feira;Incêndio;Simples;0;0;-17.498772;-52.543625;Segura;Centro-Oeste;1 Trimestre
609852;2024.0;n;6.0;2024-06-24;MT;174;484;COMODORO;Acessar a via sem observar a presença dos outros veículos;Com Vítimas Feridas;2;Céu Claro;Plena Noite;segunda-feira;Colisão transversal;Simples;0;1;-13.67691867;-59.79088068;Perigosa;Centro-Oeste;2 Trimestre
667972;2025.0;n;3.0;2025-03-08;PA;230;1118;ITAITUBA;Ausência de reação do condutor;Com Vítimas Feridas;7;Chuva;Plena Noite;sábado;Colisão traseira;Simples;0;0;-4,35698041;-55,80607483;Segura;Norte;1 Trimestre
611366;2024.0;n;7.0;2024-07-01;SP;116;509;CAJATI;Velocidade Incompatível;Com Vítimas Feridas;2;Céu Claro;Pleno dia;segunda-feira;Tombamento;Simples;0;0;-24.81945809;-48.2116127;Segura;Sudeste;3 Trimestre
618489;2024.0;n;8.0;2024-08-02;RO;364;201;PIMENTA BUENO;Ausência de reação do condutor;Com Vítimas Feridas;5;Céu Claro;Pleno dia;sexta-feira;Colisão lateral sentido oposto;Simples;0;0;-11.64409593;-61.19495886;Segura;Norte;3 Trimestre
577049;2024.0;n;1.0;2024-01-25;PR;376;315;ORTIGUEIRA;Velocidade Incompatível;Sem Vítimas;2;Nublado;Pleno dia;quinta-feira;Saída de leito carroçável;Dupla;0;0;-24.02668686;-51.09740947;Segura;Sul;1 Trimestre
670158;2025.0;n;3.0;2025-03-28;SE;235;52,9;ITABAIANA;Acessar a via sem observar a presença dos outros veículos;Com Vítimas Fatais;2;Céu Claro;Pleno dia;sexta-feira;Colisão transversal;Múltipla;1;0;-10,685497;-37,440645;Perigosa;Nordeste;1 Trimestre
656052;2025.0;n;1.0;2025-01-19;BA;116;728;MANOEL VITORINO;Reação tardia ou ineficiente do condutor;Sem Vítimas;1;Céu Claro;Pleno dia;domingo;Colisão com objeto;Simples;0;0;-14,26300405;-40,28864987;Segura;Nordeste;1 Trimestre
616574;2024.0;n;7.0;2024-07-24;PR;116;12,5;COLOMBO;Ausência de reação do condutor;Sem Vítimas;2;Céu Claro;Pleno dia;quarta-feira;Colisão com objeto;Simples;0;0;-25.3755;-49.1496;Segura;Sul;3 Trimestre
658667;2025.0;n;2.0;2025-02-01;RO;364;743;PORTO VELHO;Acessar a via sem observar a presença dos outros veículos;Com Vítimas Feridas;2;Nublado;Pleno dia;sábado;Colisão lateral mesmo sentido;Simples;0;1;-9,001498;-64,00623601;Perigosa;Norte;1 Trimestre
579587;2024.0;n;2.0;2024-02-07;PR;277;586,4;CASCAVEL;Desrespeitar a preferência no cruzamento;Com Vítimas Feridas;4;Céu Claro;Pleno dia;quarta-feira;Colisão transversal;Simples;0;0;-24.9649472;-53.4210459;Segura;Sul;1 Trimestre
592132;2024.0;n;1.0;2024-01-31;PR;116;125;FAZENDA RIO GRANDE;Semáforo com defeito;Com Vítimas Feridas;3;Garoa/Chuvisco;Pleno dia;quarta-feira;Colisão traseira;Múltipla;0;0;-25.59505309;-49.31630659;Segura;Sul;1 Trimestre
581038;2024.0;n;2.0;2024-02-14;PR;376;665;GUARATUBA;Problema com o freio;Com Vítimas Feridas;1;Nublado;Plena Noite;quarta-feira;Saída de leito carroçável;Simples;0;1;-25.85455838;-48.95670808;Perigosa;Sul;1 Trimestre
657795;2025.0;n;1.0;2025-01-27;SC;280;230;CANOINHAS;Mal súbito do condutor;Com Vítimas Feridas;4;Céu Claro;Plena Noite;segunda-feira;Colisão frontal;Simples;0;0;-26,18756479;-50,36192211;Segura;Sul;1 Trimestre
671207;2025.0;n;4.0;2025-04-02;SC;101;449,8;SAO JOAO DO SUL;Reação tardia ou ineficiente do condutor;Com Vítimas Feridas;3;Chuva;Plena Noite;quarta-feira;Colisão traseira;Múltipla;0;2;-29,177525;-49,753333;Perigosa;Sul;2 Trimestre
622759;2024.0;n;8.0;2024-08-21;MA;316;434;PERITORO;Manobra de mudança de faixa;Com Vítimas Feridas;2;Céu Claro;Plena Noite;quarta-feira;Colisão transversal;Simples;0;1;-4.409076;-44.258495;Perigosa;Nordeste;3 Trimestre
653239;2025.0;n;1.0;2025-01-04;MG;364;30;FRUTAL;Animais na Pista;Com Vítimas Feridas;2;Céu Claro;Plena Noite;sábado;Atropelamento de Animal;Simples;0;0;-20,025185;-48,94096;Segura;Sudeste;1 Trimestre
612900;2024.0;n;7.0;2024-07-07;PR;277;205,2;PALMEIRA;Reação tardia ou ineficiente do condutor;Com Vítimas Fatais;3;Nublado;Pleno dia;domingo;Colisão frontal;Simples;1;0;-25.46446641;-50.249942;Perigosa;Sul;3 Trimestre
686871;2025.0;n;4.0;2025-04-23;SC;153;101,9;CONCORDIA;Ultrapassagem Indevida;Com Vítimas Fatais;4;Céu Claro;Pleno dia;quarta-feira;Colisão frontal;Simples;1;0;-27,26464;-51,95953;Perigosa;Sul;2 Trimestre
610946;2024.0;n;6.0;2024-06-29;SC;163;74,9;SAO MIGUEL DO OESTE;Transitar na contramão;Com Vítimas Feridas;3;Céu Claro;Plena Noite;sábado;Colisão frontal;Simples;0;1;-26.69477185;-53.51594925;Perigosa;Sul;2 Trimestre
669933;2025.0;n;3.0;2025-03-27;SC;101;384;ICARA;Velocidade Incompatível;Com Vítimas Feridas;2;Céu Claro;Anoitecer;quinta-feira;Tombamento;Simples;0;0;-28,77698812;-49,31784153;Segura;Sul;1 Trimestre
687888;2025.0;n;4.0;2025-04-28;PR;153;484,5;GENERAL CARNEIRO;Desrespeitar a preferência no cruzamento;Sem Vítimas;4;Céu Claro;Pleno dia;segunda-feira;Colisão transversal;Dupla;0;0;-26,387;-51,27305;Segura;Sul;2 Trimestre
622616;2024.0;n;8.0;2024-08-21;MG;381;483;BETIM;Velocidade Incompatível;Com Vítimas Feridas;2;Céu Claro;Plena Noite;quarta-feira;Tombamento;Dupla;0;0;-19.9582891;-44.08025551;Segura;Sudeste;3 Trimestre
672861;2025.0;n;4.0;2025-04-11;SC;101;57,8;ARAQUARI;Velocidade Incompatível;Com Vítimas Fatais;4;Nublado;Plena Noite;sexta-feira;Colisão com objeto;Dupla;1;0;-26,4391;-48,802493;Perigosa;Sul;2 Trimestre
657081;2025.0;n;1.0;2025-01-03;PI;316;259;IPIRANGA DO PIAUI;Acessar a via sem observar a presença dos outros veículos;Com Vítimas Feridas;2;Sol;Pleno dia;sexta-feira;Colisão frontal;Simples;0;1;-6,81961598;-41,73781153;Perigosa;Nordeste;1 Trimestre
608436;2024.0;n;6.0;2024-06-18;SC;480;125,4;CHAPECO;Manobra de mudança de faixa;Com Vítimas Feridas;3;Nublado;Plena Noite;terça-feira;Colisão lateral mesmo sentido;Dupla;0;0;-27.01164515;-52.63953123;Segura;Sul;2 Trimestre
602816;2024.0;n;5.0;2024-05-25;PB;230;231;JUAZEIRINHO;Manobra de mudança de faixa;Sem Vítimas;2;Céu Claro;Plena Noite;sábado;Colisão lateral sentido oposto;Simples;0;0;-7.0343;-36.4926;Segura;Nordeste;2 Trimestre
662130;2025.0;n;2.0;2025-02-17;RJ;40;118;DUQUE DE CAXIAS;Demais falhas mecânicas ou elétricas;Sem Vítimas;1;Céu Claro;Pleno dia;segunda-feira;Incêndio;Múltipla;0;0;-22,75470802;-43,28737838;Segura;Sudeste;1 Trimestre
669528;2025.0;n;3.0;2025-03-25;PA;222;182;BOM JESUS DO TOCANTINS;Reação tardia ou ineficiente do condutor;Com Vítimas Fatais;3;Chuva;Pleno dia;terça-feira;Colisão frontal;Simples;1;1;-5,077352;-48,683348;Perigosa;Norte;1 Trimestre
588819;2024.0;n;3.0;2024-03-21;PI;135;541;SAO GONCALO DO GURGUEIA;Transitar na contramão;Com Vítimas Feridas;2;Chuva;Pleno dia;quinta-feira;Colisão frontal;Simples;0;0;-10.0491259;-45.29005279;Segura;Nordeste;1 Trimestre
592647;2024.0;n;3.0;2024-03-21;MG;50;179;UBERABA;Suicídio (presumido);Com Vítimas Fatais;2;Céu Claro;Pleno dia;quinta-feira;Atropelamento de Pedestre;Dupla;1;0;-19.77827047;-47.93140998;Perigosa;Sudeste;1 Trimestre
576199;2024.0;n;1.0;2024-01-21;SP;153;76,6;BADY BASSITT;Ausência de reação do condutor;Sem Vítimas;2;Nublado;Pleno dia;domingo;Colisão com objeto;Dupla;0;0;-20.89941041;-49.4431879;Segura;Sudeste;1 Trimestre
600154;2024.0;n;5.0;2024-05-13;MG;251;522,5;MONTES CLAROS;Ausência de reação do condutor;Com Vítimas Feridas;3;Céu Claro;Amanhecer;segunda-feira;Colisão com objeto;Simples;0;1;-16.6754567;-43.7987724;Perigosa;Sudeste;2 Trimestre
662105;2025.0;n;2.0;2025-02-18;BA;101;31,7;ESPLANADA;Ausência de reação do condutor;Com Vítimas Feridas;1;Céu Claro;Amanhecer;terça-feira;Tombamento;Dupla;0;0;-11,79445617;-37,9546697;Segura;Nordeste;1 Trimestre
580181;2024.0;n;2.0;2024-02-10;PI;402;68;LUIS CORREIA;Transitar na contramão;Sem Vítimas;2;Céu Claro;Plena Noite;sábado;Colisão lateral sentido oposto;Simples;0;0;-3.09729973;-41.51393695;Segura;Nordeste;1 Trimestre
598248;2024.0;n;5.0;2024-05-04;PR;277;19,5;MORRETES;Reação tardia ou ineficiente do condutor;Com Vítimas Feridas;3;Sol;Pleno dia;sábado;Colisão traseira;Dupla;0;0;-25.53841441;-48.69586945;Segura;Sul;2 Trimestre
572621;2024.0;n;1.0;2024-01-04;PE;232;4,4;RECIFE;Carga excessiva e/ou mal acondicionada;Com Vítimas Feridas;3;Céu Claro;Pleno dia;quinta-feira;Tombamento;Dupla;0;1;-8.06602;-34.940719;Perigosa;Nordeste;1 Trimestre
630378;2024.0;n;9.0;2024-09-25;PE;101;65;RECIFE;Reação tardia ou ineficiente do condutor;Com Vítimas Feridas;2;Céu Claro;Pleno dia;quarta-feira;Colisão transversal;Dupla;0;0;-8.02478597;-34.94276635;Segura;Nordeste;3 Trimestre
689786;2025.0;y;4.0;2025-04-21;PR;277;165;PORTO AMAZONAS;Reação tardia ou ineficiente do condutor;Sem Vítimas;2;Céu Claro;Anoitecer;segunda-feira;Colisão lateral mesmo sentido;Simples;0;0;-25,47246966;-49,89771064;Segura;Sul;2 Trimestre
622876;2024.0;n;8.0;2024-08-22;PB;104;160;BARRA DE SANTANA;Demais falhas mecânicas ou elétricas;Sem Vítimas;2;Sol;Pleno dia;quinta-feira;Incêndio;Simples;0;0;-7.51950272;-35.98521435;Segura;Nordeste;3 Trimestre
658612;2025.0;n;2.0;2025-02-01;SP;116;516;CAJATI;Acumulo de óleo sobre o pavimento;Com Vítimas Feridas;2;Nublado;Pleno dia;sábado;Queda de ocupante de veículo;Dupla;0;0;-24,87423036;-48,2190838;Segura;Sudeste;1 Trimestre
672288;2025.0;n;4.0;2025-04-08;RJ;493;99;SEROPEDICA;Demais falhas mecânicas ou elétricas;Sem Vítimas;1;Nublado;Plena Noite;terça-feira;Incêndio;Dupla;0;0;-22,736117;-43,719165;Segura;Sudeste;2 Trimestre
601207;2024.0;n;5.0;2024-05-17;MG;50;22,3;ARAGUARI;Ausência de sinalização;Com Vítimas Fatais;4;Céu Claro;Plena Noite;sexta-feira;Colisão traseira;Dupla;1;0;-18.607515;-48.054594;Perigosa;Sudeste;2 Trimestre
615929;2024.0;n;7.0;2024-07-21;SP;116;287,5;ITAPECERICA DA SERRA;Reação tardia ou ineficiente do condutor;Com Vítimas Feridas;2;Céu Claro;Pleno dia;domingo;Saída de leito carroçável;Dupla;0;0;-23.71441779;-46.87929634;Segura;Sudeste;3 Trimestre
590586;2024.0;y;3.0;2024-03-29;MG;40;276;TRES MARIAS;Problema com o freio;Com Vítimas Feridas;3;Céu Claro;Pleno dia;sexta-feira;Colisão traseira;Simples;0;0;-18.20602828;-45.23123233;Segura;Sudeste;1 Trimestre
623182;2024.0;n;8.0;2024-08-23;SP;116;305;SAO LOURENCO DA SERRA;Curva acentuada;Com Vítimas Feridas;1;Céu Claro;Pleno dia;sexta-feira;Tombamento;Simples;0;0;-23.84287313;-46.93238591;Segura;Sudeste;3 Trimestre
666903;2025.0;n;3.0;2025-03-13;MG;381;188,6;PERIQUITO;Condutor deixou de manter distância do veículo da frente;Com Vítimas Feridas;5;Nublado;Plena Noite;quinta-feira;Colisão traseira;Simples;0;1;-19,066845;-42,171859;Perigosa;Sudeste;1 Trimestre
598006;2024.0;n;5.0;2024-05-03;RJ;354;9;RESENDE;Reação tardia ou ineficiente do condutor;Com Vítimas Feridas;2;Céu Claro;Pleno dia;sexta-feira;Colisão frontal;Simples;0;0;-22.416546;-44.745617;Segura;Sudeste;2 Trimestre
619876;2024.0;n;8.0;2024-08-08;RS;392;316,5;SAO SEPE;Ausência de reação do condutor;Com Vítimas Feridas;4;Céu Claro;Pleno dia;quinta-feira;Engavetamento;Simples;0;0;-30.02053093;-53.68300157;Segura;Sul;3 Trimestre
625333;2024.0;n;7.0;2024-07-09;MG;116;418,9;ALPERCATA;Ultrapassagem Indevida;Com Vítimas Fatais;2;Céu Claro;Pleno dia;terça-feira;Colisão frontal;Simples;1;0;-18.92615524;-41.93954989;Perigosa;Sudeste;3 Trimestre
671478;2025.0;n;4.0;2025-04-04;MG;381;598,1;CARMOPOLIS DE MINAS;Manobra de mudança de faixa;Com Vítimas Feridas;5;Céu Claro;Pleno dia;sexta-feira;Colisão traseira;Dupla;0;0;-20,59440727;-44,70507167;Segura;Sudeste;2 Trimestre
582481;2024.0;n;2.0;2024-02-21;PA;230;563;ANAPU;Demais falhas mecânicas ou elétricas;Sem Vítimas;3;Céu Claro;Pleno dia;quarta-feira;Saída de leito carroçável;Simples;0;0;-3.122475;-51.699595;Segura;Norte;1 Trimestre
591664;2024.0;n;4.0;2024-04-03;MG;116;430,8;ENGENHEIRO CALDAS;Ultrapassagem Indevida;Com Vítimas Fatais;3;Céu Claro;Plena Noite;quarta-feira;Colisão frontal;Simples;1;0;-18.99809891;-41.97757268;Perigosa;Sudeste;2 Trimestre
670947;2025.0;n;3.0;2025-03-29;BA;349;933;CORRENTINA;Demais falhas mecânicas ou elétricas;Sem Vítimas;3;Nublado;Amanhecer;sábado;Incêndio;Simples;0;0;-13,36349;-44,64607;Segura;Nordeste;1 Trimestre
591491;2024.0;n;4.0;2024-04-02;PI;135;556;SAO GONCALO DO GURGUEIA;Pista Escorregadia;Com Vítimas Feridas;5;Nublado;Pleno dia;terça-feira;Colisão transversal;Simples;0;0;-10.14113986;-45.20179291;Segura;Nordeste;2 Trimestre
596625;2024.0;n;4.0;2024-04-26;MT;70;673,3;CACERES;Reação tardia ou ineficiente do condutor;Sem Vítimas;2;Céu Claro;Plena Noite;sexta-feira;Colisão lateral sentido oposto;Simples;0;0;-16.0715562;-57.27496572;Segura;Centro-Oeste;2 Trimestre
616825;2024.0;n;7.0;2024-07-25;RS;116;299,7;GUAIBA;Condutor deixou de manter distância do veículo da frente;Com Vítimas Feridas;3;Céu Claro;Anoitecer;quinta-feira;Colisão traseira;Dupla;0;0;-30.11517464;-51.34563087;Segura;Sul;3 Trimestre
605867;2024.0;n;6.0;2024-06-07;RJ;116;307;RESENDE;Manobra de mudança de faixa;Com Vítimas Feridas;2;Céu Claro;Plena Noite;sexta-feira;Colisão lateral mesmo sentido;Dupla;0;0;-22.45713262;-44.41063703;Segura;Sudeste;2 Trimestre
584277;2024.0;n;3.0;2024-03-01;MT;364;296;JACIARA;Reação tardia ou ineficiente do condutor;Com Vítimas Feridas;3;Nublado;Pleno dia;sexta-feira;Saída de leito carroçável;Dupla;0;0;-15.8641558;-55.12584675;Segura;Centro-Oeste;1 Trimestre
628467;2024.0;n;9.0;2024-09-16;MG;40;717,2;BARBACENA;Velocidade Incompatível;Com Vítimas Feridas;3;Céu Claro;Pleno dia;segunda-feira;Saída de leito carroçável;Dupla;0;1;-21.26034802;-43.66189055;Perigosa;Sudeste;3 Trimestre