id;ano;feriado;mes;data_inversa;uf;br;km;municipio;causa_acidente;classificacao_acidente;veiculos;condicao_metereologica;fase_dia;dia_semana;tipo_acidente;tipo_pista;mortos;feridos_graves;latitude;longitude;status;regiao;periodo
663488;2025.0;n;2.0;2025-02-24;MG;381;363;SAO GONCALO DO RIO ABAIXO;Transitar na contramão;Com Vítimas Fatais;3;Chuva;Plena Noite;segunda-feira;Colisão frontal;Dupla;1;0;-19,856754;-43,219754;Perigosa;Sudeste;1 Trimestre
589750;2024.0;n;3.0;2024-03-25;RJ;116;237;PIRAI;Demais falhas mecânicas ou elétricas;Sem Vítimas;1;Nublado;Pleno dia;segunda-feira;Incêndio;Dupla;0;0;-22.6648253;-43.8735;Segura;Sudeste;1 Trimestre
622517;2024.0;n;8.0;2024-08-20;MG;262;147;RIO CASCA;Reação tardia ou ineficiente do condutor;Com Vítimas Feridas;1;Céu Claro;Pleno dia;terça-feira;Colisão com objeto;Simples;0;0;-20.02007782;-42.74457075;Segura;Sudeste;3 Trimestre
587061;2024.0;n;3.0;2024-03-13;SC;101;236,3;PALHOCA;Acessar a via sem observar a presença dos outros veículos;Com Vítimas Fatais;6;Céu Claro;Plena Noite;quarta-feira;Colisão lateral mesmo sentido;Dupla;1;0;-27.829308;-48.6300206;Perigosa;Sul;1 Trimestre
671653;2025.0;n;4.0;2025-04-05;RS;392;58,5;PELOTAS;Condutor Dormindo;Com Vítimas Feridas;2;Chuva;Plena Noite;sábado;Saída de leito carroçável;Dupla;0;0;-31,80038238;-52,33430207;Segura;Sul;2 Trimestre
609103;2024.0;n;6.0;2024-06-21;AL;316;132;MINADOR DO NEGRAO;Ausência de sinalização;Sem Vítimas;1;Chuva;Plena Noite;sexta-feira;Saída de leito carroçável;Simples;0;0;-9.39069017;-36.83155775;Segura;Nordeste;2 Trimestre
614970;2024.0;n;7.0;2024-07-17;SP;116;97,5;PINDAMONHANGABA;Ausência de reação do condutor;Com Vítimas Feridas;2;Nublado;Amanhecer;quarta-feira;Tombamento;Dupla;0;0;-22.97375666;-45.44726115;Segura;Sudeste;3 Trimestre
592752;2024.0;n;4.0;2024-04-08;RS;386;73,8;BOA VISTA DAS MISSOES;Acessar a via sem observar a presença dos outros veículos;Com Vítimas Feridas;3;Céu Claro;Plena Noite;segunda-feira;Colisão transversal;Simples;0;0;-27.693541;-53.300945;Segura;Sul;2 Trimestre
652972;2025.0;n;1.0;2025-01-03;MG;40;827,5;SIMAO PEREIRA;Chuva;Com Vítimas Feridas;1;Garoa/Chuvisco;Pleno dia;sexta-feira;Capotamento;Dupla;0;2;-21,98932602;-43,2844189;Perigosa;Sudeste;1 Trimestre
661963;2025.0;n;2.0;2025-02-17;MG;40;476,1;SETE LAGOAS;Ausência de reação do condutor;Com Vítimas Feridas;2;Sol;Pleno dia;segunda-feira;Colisão traseira;Dupla;0;0;-19,514403;-44,270133;Segura;Sudeste;1 Trimestre
600872;2024.0;n;5.0;2024-05-15;MA;10;153,2;PORTO FRANCO;Velocidade Incompatível;Com Vítimas Feridas;1;Céu Claro;Plena Noite;quarta-feira;Tombamento;Simples;0;0;-6.373761;-47.380894;Segura;Nordeste;2 Trimestre
574150;2024.0;n;1.0;2024-01-12;PR;163;231;CASCAVEL;Manobra de mudança de faixa;Com Vítimas Feridas;2;Céu Claro;Pleno dia;sexta-feira;Colisão lateral mesmo sentido;Dupla;0;0;-24.897235;-53.533793;Segura;Sul;1 Trimestre
579814;2024.0;n;2.0;2024-02-08;ES;101;272;SERRA;Ausência de reação do condutor;Com Vítimas Feridas;3;Céu Claro;Pleno dia;quinta-feira;Colisão lateral mesmo sentido;Dupla;0;0;-20.22724888;-40.28426988;Segura;Sudeste;1 Trimestre
628160;2024.0;n;9.0;2024-09-15;BA;235;98;JEREMOABO;Ingestão de álcool pelo condutor;Com Vítimas Fatais;2;Céu Claro;Plena Noite;domingo;Colisão frontal;Simples;1;0;-10.05494471;-38.49322673;Perigosa;Nordeste;3 Trimestre
613571;2024.0;n;7.0;2024-07-10;MG;153;183,5;FRUTAL;Condutor deixou de manter distância do veículo da frente;Com Vítimas Feridas;3;Céu Claro;Pleno dia;quarta-feira;Colisão traseira;Simples;0;1;-19.88094003;-48.97505084;Perigosa;Sudeste;3 Trimestre
658606;2025.0;n;2.0;2025-02-01;MG;262;90,2;ABRE CAMPO;Transitar na contramão;Com Vítimas Fatais;7;Nublado;Pleno dia;sábado;Colisão frontal;Simples;1;0;-20,331908;-42,465708;Perigosa;Sudeste;1 Trimestre
663613;2025.0;n;2.0;2025-02-25;PR;277;23,5;MORRETES;Manobra de mudança de faixa;Com Vítimas Feridas;3;Sol;Pleno dia;terça-feira;Colisão lateral mesmo sentido;Dupla;0;0;-25,52801171;-48,73910129;Segura;Sul;1 Trimestre
653517;2025.0;n;1.0;2025-01-06;MS;158;136,6;APARECIDA DO TABOADO;Velocidade Incompatível;Com Vítimas Feridas;3;Chuva;Pleno dia;segunda-feira;Colisão frontal;Simples;0;1;-19,99898502;-51,11416952;Perigosa;Centro-Oeste;1 Trimestre
613094;2024.0;n;7.0;2024-07-08;PR;272;547;FRANCISCO ALVES;Condutor Dormindo;Com Vítimas Feridas;3;Nublado;Pleno dia;segunda-feira;Colisão frontal;Simples;0;1;-24.0705604;-53.9185329;Perigosa;Sul;3 Trimestre
572925;2024.0;n;1.0;2024-01-06;GO;364;379,7;SANTA RITA DO ARAGUAIA;Reação tardia ou ineficiente do condutor;Sem Vítimas;4;Céu Claro;Pleno dia;sábado;Tombamento;Simples;0;0;-17.361963;-53.149731;Segura;Centro-Oeste;1 Trimestre
667604;2025.0;n;3.0;2025-03-16;MG;381;630;OLIVEIRA;Ausência de reação do condutor;Com Vítimas Feridas;2;Nublado;Pleno dia;domingo;Saída de leito carroçável;Dupla;0;0;-20,829278;-44,812463;Segura;Sudeste;1 Trimestre
619946;2024.0;n;8.0;2024-08-08;BA;101;64;ENTRE RIOS;Chuva;Sem Vítimas;2;Chuva;Pleno dia;quinta-feira;Saída de leito carroçável;Dupla;0;0;-11.96618423;-38.14476501;Segura;Nordeste;3 Trimestre
688299;2025.0;n;4.0;2025-04-30;RJ;101;47;CAMPOS DOS GOYTACAZES;Reação tardia ou ineficiente do condutor;Com Vítimas Feridas;2;Nublado;Anoitecer;quarta-feira;Colisão traseira;Simples;0;1;-21,6080922;-41,3165089;Perigosa;Sudeste;2 Trimestre
627180;2024.0;n;9.0;2024-09-10;PR;487;127,9;TUNEIRAS DO OESTE;Reação tardia ou ineficiente do condutor;Com Vítimas Feridas;3;Céu Claro;Pleno dia;terça-feira;Colisão lateral sentido oposto;Simples;0;1;-23.87287888;-52.85937496;Perigosa;Sul;3 Trimestre
600259;2024.0;n;5.0;2024-05-13;SC;470;327,1;CAMPOS NOVOS;Desrespeitar a preferência no cruzamento;Com Vítimas Feridas;2;Chuva;Pleno dia;segunda-feira;Colisão transversal;Simples;0;0;-27.46696317;-51.27320766;Segura;Sul;2 Trimestre
586699;2024.0;n;3.0;2024-03-12;SC;101;14;GARUVA;Condutor deixou de manter distância do veículo da frente;Com Vítimas Feridas;6;Nublado;Pleno dia;terça-feira;Colisão traseira;Dupla;0;1;-26.103686;-48.870616;Perigosa;Sul;1 Trimestre
652857;2025.0;n;1.0;2025-01-02;RJ;493;9;GUAPIMIRIM;Iluminação deficiente;Com Vítimas Feridas;2;Nublado;Plena Noite;quinta-feira;Atropelamento de Pedestre;Simples;0;1;-22,70436802;-42,9550061;Perigosa;Sudeste;1 Trimestre
615937;2024.0;n;7.0;2024-07-21;PR;277;4,8;PARANAGUA;Reação tardia ou ineficiente do condutor;Com Vítimas Feridas;5;Sol;Pleno dia;domingo;Colisão traseira;Dupla;0;0;-25.56404;-48.632822;Segura;Sul;3 Trimestre
575521;2024.0;n;1.0;2024-01-18;RS;293;305,3;SANTANA DO LIVRAMENTO;Reação tardia ou ineficiente do condutor;Com Vítimas Fatais;5;Nublado;Pleno dia;quinta-feira;Saída de leito carroçável;Simples;2;3;-30.78765247;-55.18643031;Perigosa;Sul;1 Trimestre
660040;2025.0;n;2.0;2025-02-08;PR;376;172,1;MARINGA;Ultrapassagem Indevida;Com Vítimas Feridas;2;Céu Claro;Pleno dia;sábado;Colisão lateral mesmo sentido;Dupla;0;1;-23,41819121;-51,9748807;Perigosa;Sul;1 Trimestre
613294;2024.0;n;7.0;2024-07-09;MG;381;233,7;BELO ORIENTE;Reação tardia ou ineficiente do condutor;Com Vítimas Feridas;4;Céu Claro;Pleno dia;terça-feira;Colisão traseira;Simples;0;0;-19.3460465;-42.4325675;Segura;Sudeste;3 Trimestre
660583;2025.0;n;2.0;2025-02-10;DF;40;1,7;BRASILIA;Reação tardia ou ineficiente do condutor;Com Vítimas Feridas;3;Céu Claro;Plena Noite;segunda-feira;Colisão traseira;Dupla;0;1;-15,985532;-47,987747;Perigosa;Centro-Oeste;1 Trimestre
668343;2025.0;n;3.0;2025-03-20;PB;230;62,5;CRUZ DO ESPIRITO SANTO;Ausência de reação do condutor;Com Vítimas Feridas;2;Chuva;Plena Noite;quinta-feira;Capotamento;Dupla;0;0;-7,19802894;-35,16670877;Segura;Nordeste;1 Trimestre
595691;2024.0;n;4.0;2024-04-22;PR;376;534;PALMEIRA;Reação tardia ou ineficiente do condutor;Com Vítimas Feridas;2;Céu Claro;Pleno dia;segunda-feira;Colisão traseira;Dupla;0;1;-25.33821;-49.85163;Perigosa;Sul;2 Trimestre
576605;2024.0;n;1.0;2024-01-23;PR;376;183;SARANDI;Ausência de reação do condutor;Com Vítimas Feridas;3;Nublado;Pleno dia;terça-feira;Colisão lateral mesmo sentido;Múltipla;0;0;-23.44159097;-51.87067398;Segura;Sul;1 Trimestre
671830;2025.0;n;4.0;2025-04-05;CE;116;12;FORTALEZA;Ausência de reação do condutor;Com Vítimas Feridas;3;Céu Claro;Plena Noite;sábado;Colisão lateral mesmo sentido;Dupla;0;0;-3,85558932;-38,49466145;Segura;Nordeste;2 Trimestre
580918;2024.0;n;2.0;2024-02-13;RS;386;396,9;TRIUNFO;Velocidade Incompatível;Com Vítimas Feridas;5;Chuva;Pleno dia;terça-feira;Engavetamento;Dupla;0;0;-29.73741516;-51.62676215;Segura;Sul;1 Trimestre
605378;2024.0;n;6.0;2024-06-05;MT;70;384,2;CAMPO VERDE;Reação tardia ou ineficiente do condutor;Com Vítimas Feridas;4;Céu Claro;Pleno dia;quarta-feira;Tombamento;Simples;0;0;-15.5394616;-55.1437292;Segura;Centro-Oeste;2 Trimestre
653034;2025.0;n;1.0;2025-01-03;PR;277;300;PRUDENTOPOLIS;Ausência de reação do condutor;Sem Vítimas;3;Céu Claro;Pleno dia;sexta-feira;Colisão traseira;Simples;0;0;-25,31084217;-51,09699901;Segura;Sul;1 Trimestre
619992;2024.0;n;8.0;2024-08-09;MG;381;824;CAREACU;Reação tardia ou ineficiente do condutor;Com Vítimas Feridas;2;Céu Claro;Amanhecer;sexta-feira;Saída de leito carroçável;Dupla;0;0;-22.12136648;-45.77006905;Segura;Sudeste;3 Trimestre
585876;2024.0;n;3.0;2024-03-08;RS;392;266,2;CACAPAVA DO SUL;Reação tardia ou ineficiente do condutor;Sem Vítimas;2;Chuva;Pleno dia;sexta-feira;Saída de leito carroçável;Simples;0;0;-30.42600205;-53.49895076;Segura;Sul;1 Trimestre
610154;2024.0;n;6.0;2024-06-26;MG;40;747;SANTOS DUMONT;Acessar a via sem observar a presença dos outros veículos;Com Vítimas Feridas;2;Céu Claro;Pleno dia;quarta-feira;Colisão transversal;Simples;0;0;-21.4328731;-43.55221915;Segura;Sudeste;2 Trimestre
628844;2024.0;n;9.0;2024-09-17;SC;163;119,8;DIONISIO CERQUEIRA;Velocidade Incompatível;Com Vítimas Feridas;2;Céu Claro;Plena Noite;terça-feira;Saída de leito carroçável;Simples;0;0;-26.33696105;-53.54629684;Segura;Sul;3 Trimestre
659273;2025.0;n;2.0;2025-02-04;MG;153;1;ARAPORA;Velocidade Incompatível;Com Vítimas Fatais;3;Nublado;Pleno dia;terça-feira;Tombamento;Dupla;1;0;-18,41758;-49,194427;Perigosa;Sudeste;1 Trimestre
669765;2025.0;n;3.0;2025-03-26;MG;116;658,8;SAO FRANCISCO DO GLORIA;Acumulo de areia ou detritos sobre o pavimento;Com Vítimas Feridas;2;Chuva;Anoitecer;quarta-feira;Colisão traseira;Simples;0;0;-20,78933788;-42,29950905;Segura;Sudeste;1 Trimestre
653579;2025.0;n;1.0;2025-01-06;MT;174;379;CONQUISTA DOESTE;Ultrapassagem Indevida;Com Vítimas Feridas;2;Nublado;Pleno dia;segunda-feira;Colisão lateral sentido oposto;Simples;0;1;-14,54560168;-59,54265515;Perigosa;Centro-Oeste;1 Trimestre
588950;2024.0;n;3.0;2024-03-22;MG;262;755,3;SACRAMENTO;Ausência de reação do condutor;Com Vítimas Feridas;3;Céu Claro;Pleno dia;sexta-feira;Saída de leito carroçável;Simples;0;0;-19.65377333;-47.5548499;Segura;Sudeste;1 Trimestre
660099;2025.0;n;2.0;2025-02-08;GO;153;436,6;ANAPOLIS;Faixas de trânsito com largura insuficiente;Sem Vítimas;2;Céu Claro;Pleno dia;sábado;Colisão lateral mesmo sentido;Simples;0;0;-16,299337;-48,928112;Segura;Centro-Oeste;1 Trimestre
620955;2024.0;n;7.0;2024-07-16;AC;317;283;EPITACIOLANDIA;Condutor deixou de manter distância do veículo da frente;Com Vítimas Feridas;2;Céu Claro;Pleno dia;terça-feira;Colisão traseira;Simples;0;1;-11.01728;-68.65757;Perigosa;Norte;3 Trimestre
627603;2024.0;n;9.0;2024-09-12;RJ;40;73;PETROPOLIS;Entrada inopinada do pedestre;Com Vítimas Fatais;2;Céu Claro;Plena Noite;quinta-feira;Atropelamento de Pedestre;Simples;1;0;-22.46352401;-43.22321103;Perigosa;Sudeste;3 Trimestre
592387;2024.0;n;4.0;2024-04-07;PR;476;182;LAPA;Condutor Dormindo;Com Vítimas Feridas;2;Nublado;Pleno dia;domingo;Saída de leito carroçável;Dupla;0;0;-25.714262;-49.608009;Segura;Sul;2 Trimestre
572190;2024.0;n;1.0;2024-01-02;PR;277;315;GUARAPUAVA;Reação tardia ou ineficiente do condutor;Com Vítimas Feridas;4;Chuva;Pleno dia;terça-feira;Engavetamento;Simples;0;0;-25.30825309;-51.20948921;Segura;Sul;1 Trimestre
611521;2024.0;n;7.0;2024-07-02;SP;116;301;SAO LOURENCO DA SERRA;Ausência de reação do condutor;Com Vítimas Feridas;2;Céu Claro;Pleno dia;terça-feira;Colisão traseira;Dupla;0;0;-23.81147602;-46.92298208;Segura;Sudeste;3 Trimestre
607664;2024.0;n;6.0;2024-06-15;PR;158;349;PALMITAL;Demais falhas mecânicas ou elétricas;Com Vítimas Feridas;1;Nublado;Pleno dia;sábado;Saída de leito carroçável;Simples;0;0;-24.98184262;-52.29803484;Segura;Sul;2 Trimestre
613385;2024.0;n;7.0;2024-07-10;GO;153;337;JARAGUA;Condutor Dormindo;Com Vítimas Feridas;2;Céu Claro;Plena Noite;quarta-feira;Colisão lateral sentido oposto;Simples;0;0;-15.571553;-49.419502;Segura;Centro-Oeste;3 Trimestre
667160;2025.0;n;3.0;2025-03-14;PB;230;1;CABEDELO;Acessar a via sem observar a presença dos outros veículos;Com Vítimas Feridas;3;Céu Claro;Pleno dia;sexta-feira;Colisão transversal;Dupla;0;0;-6,975633;-34,831688;Segura;Nordeste;1 Trimestre
603321;2024.0;n;5.0;2024-05-27;SP;381;59,9;MAIRIPORA;Condutor deixou de manter distância do veículo da frente;Com Vítimas Feridas;4;Chuva;Pleno dia;segunda-feira;Engavetamento;Dupla;0;0;-23.28270705;-46.58787791;Segura;Sudeste;2 Trimestre
574247;2024.0;n;1.0;2024-01-12;RS;386;401,9;TRIUNFO;Ausência de reação do condutor;Com Vítimas Feridas;1;Céu Claro;Pleno dia;sexta-feira;Colisão com objeto;Simples;0;0;-29.758154;-51.594955;Segura;Sul;1 Trimestre
611986;2024.0;n;7.0;2024-07-04;MA;135;33;BACABEIRA;Demais falhas mecânicas ou elétricas;Sem Vítimas;2;Céu Claro;Pleno dia;quinta-feira;Incêndio;Dupla;0;0;-2.83108301;-44.3745066;Segura;Nordeste;3 Trimestre
604362;2024.0;n;5.0;2024-05-31;BA;110;170;RIBEIRA DO POMBAL;Pedestre cruzava a pista fora da faixa;Com Vítimas Fatais;3;Céu Claro;Plena Noite;sexta-feira;Atropelamento de Pedestre;Simples;1;0;-10.84261;-38.53121901;Perigosa;Nordeste;2 Trimestre
598036;2024.0;n;5.0;2024-05-03;SC;282;18,3;PALHOCA;Trafegar com motocicleta (ou similar) entre as faixas;Com Vítimas Feridas;2;Céu Claro;Pleno dia;sexta-feira;Colisão transversal;Simples;0;1;-27.672798;-48.694286;Perigosa;Sul;2 Trimestre
585552;2024.0;n;3.0;2024-03-07;MG;262;621,2;IBIA;Transitar na contramão;Com Vítimas Fatais;5;Céu Claro;Plena Noite;quinta-feira;Colisão frontal;Simples;2;0;-19.58433463;-46.39957666;Perigosa;Sudeste;1 Trimestre
605732;2024.0;n;6.0;2024-06-07;PI;316;10,9;TERESINA;Desrespeitar a preferência no cruzamento;Com Vítimas Feridas;2;Céu Claro;Pleno dia;sexta-feira;Colisão transversal;Dupla;0;1;-5.190726;-42.761345;Perigosa;Nordeste;2 Trimestre
652796;2025.0;n;1.0;2025-01-02;RS;287;316;MATA;Condutor Dormindo;Com Vítimas Feridas;1;Céu Claro;Pleno dia;quinta-feira;Saída de leito carroçável;Simples;0;1;-29,65140716;-54,53287505;Perigosa;Sul;1 Trimestre
581459;2024.0;n;2.0;2024-02-16;PR;163;255,5;TOLEDO;Reação tardia ou ineficiente do condutor;Com Vítimas Feridas;3;Sol;Pleno dia;sexta-feira;Colisão traseira;Dupla;0;1;-24.68418265;-53.77699081;Perigosa;Sul;1 Trimestre
657502;2025.0;n;1.0;2025-01-26;CE;116;547;PENAFORTE;Manobra de mudança de faixa;Com Vítimas Feridas;3;Céu Claro;Pleno dia;domingo;Colisão lateral mesmo sentido;Simples;0;0;-7,82040438;-39,0865509;Segura;Nordeste;1 Trimestre
582136;2024.0;n;2.0;2024-02-19;SC;153;29,6;AGUA DOCE;Acumulo de óleo sobre o pavimento;Com Vítimas Fatais;4;Nublado;Pleno dia;segunda-feira;Colisão frontal;Simples;1;0;-26.7904333;-51.6887564;Perigosa;Sul;1 Trimestre
653885;2025.0;n;1.0;2025-01-08;GO;153;549;PROFESSOR JAMIL;Acumulo de água sobre o pavimento;Com Vítimas Feridas;2;Chuva;Pleno dia;quarta-feira;Saída de leito carroçável;Dupla;0;0;-17,1321;-49,2141;Segura;Centro-Oeste;1 Trimestre
601718;2024.0;n;5.0;2024-05-19;PA;316;55,6;CASTANHAL;Ingestão de substâncias psicoativas pelo condutor;Com Vítimas Feridas;1;Céu Claro;Plena Noite;domingo;Tombamento;Dupla;0;0;-1.30561339;-47.99919919;Segura;Norte;2 Trimestre
656430;2025.0;n;1.0;2025-01-21;RS;116;427;CRISTAL;Acessar a via sem observar a presença dos outros veículos;Com Vítimas Fatais;5;Céu Claro;Pleno dia;terça-feira;Colisão transversal;Simples;1;0;-30,99035;-52,038357;Perigosa;Sul;1 Trimestre
624164;2024.0;n;8.0;2024-08-28;SC;282;118;BOM RETIRO;Demais falhas mecânicas ou elétricas;Com Vítimas Feridas;2;Céu Claro;Pleno dia;quarta-feira;Colisão com objeto;Simples;0;0;-27.777065;-49.411317;Segura;Sul;3 Trimestre
600452;2024.0;n;5.0;2024-05-07;RJ;40;59;PETROPOLIS;Transitar no Acostamento;Sem Vítimas;3;Nublado;Pleno dia;terça-feira;Colisão lateral mesmo sentido;Dupla;0;0;-22.38628773;-43.13543464;Segura;Sudeste;2 Trimestre
602552;2024.0;n;5.0;2024-05-24;RS;285;156,3;MUITOS CAPOES;Transitar na contramão;Com Vítimas Fatais;4;Nevoeiro/Neblina;Amanhecer;sexta-feira;Colisão lateral sentido oposto;Simples;1;0;-28.32421566;-51.19128942;Perigosa;Sul;2 Trimestre
615114;2024.0;n;7.0;2024-07-17;BA;116;633;JAGUAQUARA;Ingestão de álcool pelo condutor;Sem Vítimas;7;Céu Claro;Plena Noite;quarta-feira;Colisão frontal;Simples;0;0;-13.47539479;-40.03995749;Segura;Nordeste;3 Trimestre
600594;2024.0;n;5.0;2024-05-15;PR;277;231;FERNANDES PINHEIRO;Reação tardia ou ineficiente do condutor;Com Vítimas Feridas;1;Céu Claro;Amanhecer;quarta-feira;Tombamento;Simples;0;1;-25.47102707;-50.47003802;Perigosa;Sul;2 Trimestre
673669;2025.0;n;4.0;2025-04-14;RS;158;319;SANTA MARIA;Demais falhas mecânicas ou elétricas;Sem Vítimas;3;Céu Claro;Pleno dia;segunda-feira;Incêndio;Dupla;0;0;-29,67918855;-53,77749681;Segura;Sul;2 Trimestre
593371;2024.0;n;4.0;2024-04-11;MG;262;781;UBERABA;Transitar na contramão;Com Vítimas Fatais;4;Céu Claro;Plena Noite;quinta-feira;Colisão frontal;Simples;1;0;-19.75033611;-47.76840193;Perigosa;Sudeste;2 Trimestre
577055;2024.0;n;1.0;2024-01-25;ES;262;182;IBATIBA;Ausência de reação do condutor;Com Vítimas Feridas;3;Céu Claro;Pleno dia;quinta-feira;Eventos atípicos;Simples;0;0;-20.29633169;-41.68745393;Segura;Sudeste;1 Trimestre
608278;2024.0;n;6.0;2024-06-18;BA;242;289;LAJEDINHO;Reação tardia ou ineficiente do condutor;Sem Vítimas;1;Garoa/Chuvisco;Plena Noite;terça-feira;Saída de leito carroçável;Simples;0;0;-12.44405625;-40.79930804;Segura;Nordeste;2 Trimestre
611040;2024.0;n;6.0;2024-06-30;RJ;101;47;CAMPOS DOS GOYTACAZES;Reação tardia ou ineficiente do condutor;Com Vítimas Feridas;2;Céu Claro;Pleno dia;domingo;Atropelamento de Pedestre;Simples;0;1;-21.60743504;-41.31655533;Perigosa;Sudeste;2 Trimestre
620690;2024.0;n;8.0;2024-08-12;PE;104;19,9;TAQUARITINGA DO NORTE;Ausência de sinalização;Com Vítimas Feridas;1;Céu Claro;Plena Noite;segunda-feira;Tombamento;Simples;0;0;-7.947535;-36.127937;Segura;Nordeste;3 Trimestre
625460;2024.0;n;9.0;2024-09-03;SC;101;47;JOINVILLE;Reação tardia ou ineficiente do condutor;Com Vítimas Feridas;3;Nublado;Pleno dia;terça-feira;Colisão lateral mesmo sentido;Múltipla;0;0;-26.36672555;-48.85817528;Segura;Sul;3 Trimestre
576630;2024.0;n;1.0;2024-01-23;ES;101;148;LINHARES;Manobra de mudança de faixa;Com Vítimas Feridas;3;Céu Claro;Pleno dia;terça-feira;Colisão lateral mesmo sentido;Simples;0;0;-19.38787399;-40.06752766;Segura;Sudeste;1 Trimestre
577162;2024.0;n;1.0;2024-01-26;MG;381;453;SABARA;Transitar no Acostamento;Com Vítimas Feridas;2;Céu Claro;Pleno dia;sexta-feira;Colisão lateral mesmo sentido;Simples;0;0;-19.85197588;-43.88851019;Segura;Sudeste;1 Trimestre
609298;2024.0;n;6.0;2024-06-22;RJ;101;132;CARAPEBUS;Ausência de reação do condutor;Com Vítimas Feridas;1;Céu Claro;Plena Noite;sábado;Colisão com objeto;Dupla;0;0;-22.12299312;-41.70695979;Segura;Sudeste;2 Trimestre
619687;2024.0;n;8.0;2024-08-07;MT;364;208;RONDONOPOLIS;Reação tardia ou ineficiente do condutor;Com Vítimas Feridas;1;Céu Claro;Pleno dia;quarta-feira;Saída de leito carroçável;Dupla;0;0;-16.43621099;-54.68287599;Segura;Centro-Oeste;3 Trimestre
620356;2024.0;n;8.0;2024-08-10;RS;285;376;SANTA BARBARA DO SUL;Ausência de reação do condutor;Com Vítimas Feridas;2;Céu Claro;Pleno dia;sábado;Saída de leito carroçável;Simples;0;1;-28.417088;-53.119617;Perigosa;Sul;3 Trimestre
603706;2024.0;n;5.0;2024-05-29;SP;116;306;SAO LOURENCO DA SERRA;Condutor Dormindo;Com Vítimas Feridas;9;Céu Claro;Pleno dia;quarta-feira;Colisão traseira;Dupla;0;1;-23.8486091;-46.93801566;Perigosa;Sudeste;2 Trimestre
658475;2025.0;n;1.0;2025-01-31;PR;163;238,6;TOLEDO;Pista esburacada;Com Vítimas Feridas;1;Nublado;Pleno dia;sexta-feira;Saída de leito carroçável;Dupla;0;1;-24,717822;-53,711597;Perigosa;Sul;1 Trimestre
656758;2025.0;n;1.0;2025-01-22;BA;110;375;CATU;Velocidade Incompatível;Com Vítimas Feridas;2;Céu Claro;Pleno dia;quarta-feira;Tombamento;Simples;0;0;-12,41306752;-38,4670231;Segura;Nordeste;1 Trimestre
598610;2024.0;n;5.0;2024-05-06;PE;101;81;JABOATAO DOS GUARARAPES;Acessar a via sem observar a presença dos outros veículos;Sem Vítimas;2;Céu Claro;Pleno dia;segunda-feira;Colisão transversal;Dupla;0;0;-8.167005;-34.938365;Segura;Nordeste;2 Trimestre
668574;2025.0;n;3.0;2025-03-21;RS;287;400,2;SANTIAGO;Acessar a via sem observar a presença dos outros veículos;Sem Vítimas;2;Céu Claro;Pleno dia;sexta-feira;Colisão transversal;Simples;0;0;-29,16173678;-54,87881184;Segura;Sul;1 Trimestre
613932;2024.0;n;7.0;2024-07-12;PR;277;586,4;CASCAVEL;Desrespeitar a preferência no cruzamento;Com Vítimas Feridas;4;Chuva;Pleno dia;sexta-feira;Colisão transversal;Simples;0;0;-24.96693;-53.4246;Segura;Sul;3 Trimestre
585089;2024.0;n;3.0;2024-03-05;PA;10;137;PARAGOMINAS;Ausência de sinalização;Com Vítimas Feridas;6;Nublado;Amanhecer;terça-feira;Colisão traseira;Simples;0;0;-3.24103008;-47.47626444;Segura;Norte;1 Trimestre
612913;2024.0;n;7.0;2024-07-07;CE;222;93;UMIRIM;Transitar na contramão;Com Vítimas Fatais;3;Céu Claro;Plena Noite;domingo;Colisão frontal;Simples;2;0;-3.69225317;-39.36916962;Perigosa;Nordeste;3 Trimestre
597476;2024.0;n;4.0;2024-04-30;PR;116;106;SAO JOSE DOS PINHAIS;Ausência de reação do condutor;Com Vítimas Fatais;1;Sol;Pleno dia;terça-feira;Saída de leito carroçável;Dupla;1;1;-25.56972322;-49.2203526;Perigosa;Sul;2 Trimestre
661950;2025.0;n;2.0;2025-02-17;MG;381;857,7;POUSO ALEGRE;Mal súbito do condutor;Sem Vítimas;3;Sol;Pleno dia;segunda-feira;Saída de leito carroçável;Dupla;0;0;-22,3341773;-45,92156967;Segura;Sudeste;1 Trimestre
654145;2025.0;n;1.0;2025-01-10;MG;381;483;BETIM;Velocidade Incompatível;Com Vítimas Fatais;2;Nublado;Amanhecer;sexta-feira;Capotamento;Dupla;1;0;-19,95763335;-44,07925308;Perigosa;Sudeste;1 Trimestre
607352;2024.0;n;6.0;2024-06-14;RS;290;26;SANTO ANTONIO DA PATRULHA;Ausência de reação do condutor;Com Vítimas Feridas;3;Céu Claro;Amanhecer;sexta-feira;Colisão lateral sentido oposto;Dupla;0;1;-29.880135;-50.514297;Perigosa;Sul;2 Trimestre
606979;2024.0;n;6.0;2024-06-12;SC;280;304,6;PORTO UNIAO;Carga excessiva e/ou mal acondicionada;Com Vítimas Feridas;2;Céu Claro;Pleno dia;quarta-feira;Colisão com objeto;Simples;0;0;-26.27999553;-51.05063229;Segura;Sul;2 Trimestre
616619;2024.0;n;7.0;2024-07-24;MT;163;854;SINOP;Desrespeitar a preferência no cruzamento;Com Vítimas Feridas;3;Céu Claro;Pleno dia;quarta-feira;Colisão transversal;Simples;0;0;-11.69332;-55.45158;Segura;Centro-Oeste;3 Trimestre