id;ano;feriado;mes;data_inversa;uf;br;km;municipio;causa_acidente;classificacao_acidente;veiculos;condicao_metereologica;fase_dia;dia_semana;tipo_acidente;tipo_pista;mortos;feridos_graves;latitude;longitude;status;regiao;periodo
604059;2024.0;n;5.0;2024-05-30;RS;285;293,1;PASSO FUNDO;Desrespeitar a preferência no cruzamento;Com Vítimas Feridas;3;Sol;Pleno dia;quinta-feira;Colisão transversal;Simples;0;0;-28.236645;-52.375156;Segura;Sul;2 Trimestre
657092;2025.0;n;1.0;2025-01-24;PI;343;332;TERESINA;Ausência de reação do condutor;Com Vítimas Feridas;2;Céu Claro;Plena Noite;sexta-feira;Colisão lateral mesmo sentido;Dupla;0;1;-5,058209;-42,66679;Perigosa;Nordeste;1 Trimestre
657181;2025.0;n;1.0;2025-01-24;PA;163;421,5;ITAITUBA;Acostamento em desnível;Com Vítimas Feridas;2;Chuva;Pleno dia;sexta-feira;Saída de leito carroçável;Simples;0;0;-6,13110818;-55,61925136;Segura;Norte;1 Trimestre
598373;2024.0;n;5.0;2024-05-04;MG;365;745;ITUIUTABA;Velocidade Incompatível;Com Vítimas Feridas;3;Céu Claro;Plena Noite;sábado;Tombamento;Simples;0;0;-18.92045773;-49.41898027;Segura;Sudeste;2 Trimestre
653246;2025.0;n;1.0;2025-01-04;DF;70;3,3;BRASILIA;Ingestão de álcool pelo condutor;Sem Vítimas;2;Céu Claro;Plena Noite;sábado;Colisão traseira;Dupla;0;0;-15,802453;-48,080387;Segura;Centro-Oeste;1 Trimestre
582740;2024.0;n;2.0;2024-02-11;MS;463;22;DOURADOS;Mal súbito do condutor;Com Vítimas Feridas;2;Céu Claro;Pleno dia;domingo;Colisão com objeto;Simples;0;0;-22.26975269;-55.00053321;Segura;Centro-Oeste;1 Trimestre
619685;2024.0;n;8.0;2024-08-02;MS;267;4,4;BATAGUASSU;Reação tardia ou ineficiente do condutor;Com Vítimas Feridas;6;Céu Claro;Pleno dia;sexta-feira;Colisão traseira;Simples;0;1;-21.75373184;-52.18409692;Perigosa;Centro-Oeste;3 Trimestre
660741;2025.0;n;2.0;2025-02-11;MA;10;296;SAO FRANCISCO DO BREJAO;Chuva;Sem Vítimas;1;Chuva;Pleno dia;terça-feira;Saída de leito carroçável;Simples;0;0;-5,148785;-47,54071;Segura;Nordeste;1 Trimestre
575677;2024.0;n;1.0;2024-01-19;MS;163;399,3;NOVA ALVORADA DO SUL;Demais falhas mecânicas ou elétricas;Sem Vítimas;5;Céu Claro;Pleno dia;sexta-feira;Colisão lateral mesmo sentido;Simples;0;0;-21.17689;-54.47335;Segura;Centro-Oeste;1 Trimestre
622323;2024.0;n;8.0;2024-08-05;MA;226;368;GRAJAU;Problema com o freio;Sem Vítimas;2;Céu Claro;Pleno dia;segunda-feira;Incêndio;Simples;0;0;-5.61117563;-45.7470412;Segura;Nordeste;3 Trimestre
600418;2024.0;n;5.0;2024-05-14;MT;70;666;CACERES;Demais falhas mecânicas ou elétricas;Sem Vítimas;1;Garoa/Chuvisco;Amanhecer;terça-feira;Incêndio;Simples;0;0;-16.02489709;-57.23760493;Segura;Centro-Oeste;2 Trimestre
605901;2024.0;n;6.0;2024-06-08;SP;116;217,8;GUARULHOS;Ausência de reação do condutor;Sem Vítimas;2;Céu Claro;Plena Noite;sábado;Colisão lateral mesmo sentido;Múltipla;0;0;-23.45423824;-46.47119028;Segura;Sudeste;2 Trimestre
617153;2024.0;n;7.0;2024-07-27;SC;101;130,4;BALNEARIO CAMBORIU;Conversão proibida;Com Vítimas Feridas;2;Céu Claro;Pleno dia;sábado;Colisão transversal;Múltipla;0;0;-26.98407618;-48.66977107;Segura;Sul;3 Trimestre
660024;2025.0;n;2.0;2025-02-08;SP;116;11;QUELUZ;Manobra de mudança de faixa;Com Vítimas Feridas;4;Céu Claro;Pleno dia;sábado;Colisão lateral mesmo sentido;Dupla;0;1;-22,54158257;-44,79682894;Perigosa;Sudeste;1 Trimestre
659582;2025.0;n;2.0;2025-02-06;RS;290;161,8;ARROIO DOS RATOS;Reação tardia ou ineficiente do condutor;Com Vítimas Fatais;7;Nublado;Pleno dia;quinta-feira;Colisão transversal;Simples;1;0;-30,112318;-51,818535;Perigosa;Sul;1 Trimestre
652573;2025.0;y;1.0;2025-01-01;RS;116;376;TAPES;Ausência de reação do condutor;Com Vítimas Feridas;2;Céu Claro;Pleno dia;quarta-feira;Saída de leito carroçável;Dupla;0;0;-30,739714;-51,62594;Segura;Sul;1 Trimestre
615648;2024.0;n;7.0;2024-07-20;RO;364;226,3;CACOAL;Ausência de reação do condutor;Com Vítimas Feridas;4;Céu Claro;Amanhecer;sábado;Colisão traseira;Simples;0;0;-11.500757;-61.370192;Segura;Norte;3 Trimestre
573999;2024.0;n;1.0;2024-01-11;BA;324;515,5;FEIRA DE SANTANA;Condutor deixou de manter distância do veículo da frente;Com Vítimas Feridas;2;Sol;Pleno dia;quinta-feira;Colisão traseira;Simples;0;0;-12.23547809;-38.94396807;Segura;Nordeste;1 Trimestre
652666;2025.0;y;1.0;2025-01-01;RS;386;439;NOVA SANTA RITA;Ausência de reação do condutor;Com Vítimas Feridas;1;Nublado;Plena Noite;quarta-feira;Colisão traseira;Dupla;0;0;-29,87313079;-51,24708306;Segura;Sul;1 Trimestre
599566;2024.0;n;5.0;2024-05-10;MG;381;504;BETIM;Manobra de mudança de faixa;Com Vítimas Feridas;2;Céu Claro;Plena Noite;sexta-feira;Colisão lateral mesmo sentido;Dupla;0;0;-20.029793;-44.235754;Segura;Sudeste;2 Trimestre
669388;2025.0;n;3.0;2025-03-24;MT;163;786;VERA;Demais falhas mecânicas ou elétricas;Sem Vítimas;3;Nublado;Plena Noite;segunda-feira;Incêndio;Simples;0;0;-12,2856868;-55,5625067;Segura;Centro-Oeste;1 Trimestre
591231;2024.0;n;4.0;2024-04-01;GO;153;30;PORANGATU;Reação tardia ou ineficiente do condutor;Com Vítimas Feridas;1;Sol;Pleno dia;segunda-feira;Tombamento;Simples;0;0;-13.086911;-49.192348;Segura;Centro-Oeste;2 Trimestre
603824;2024.0;n;3.0;2024-03-21;PR;376;461;PONTA GROSSA;Ausência de reação do condutor;Com Vítimas Feridas;3;Céu Claro;Plena Noite;quinta-feira;Tombamento;Dupla;0;0;-25.01133488;-50.34693693;Segura;Sul;1 Trimestre
599648;2024.0;n;5.0;2024-05-10;TO;153;793,5;TALISMA;Reação tardia ou ineficiente do condutor;Com Vítimas Feridas;3;Céu Claro;Plena Noite;sexta-feira;Capotamento;Simples;0;0;-12.75405104;-49.0845148;Segura;Norte;2 Trimestre
588943;2024.0;n;3.0;2024-03-22;SP;116;285;EMBU DAS ARTES;Trafegar com motocicleta (ou similar) entre as faixas;Com Vítimas Feridas;2;Garoa/Chuvisco;Pleno dia;sexta-feira;Colisão lateral mesmo sentido;Dupla;0;0;-23.70407794;-46.87249709;Segura;Sudeste;1 Trimestre
630329;2024.0;n;9.0;2024-09-24;GO;452;179;ITUMBIARA;Acessar a via sem observar a presença dos outros veículos;Com Vítimas Feridas;3;Céu Claro;Plena Noite;terça-feira;Colisão transversal;Simples;0;0;-18.37027474;-49.36134287;Segura;Centro-Oeste;3 Trimestre
672316;2025.0;n;4.0;2025-04-08;BA;135;48;FORMOSA DO RIO PRETO;Reação tardia ou ineficiente do condutor;Com Vítimas Fatais;6;Céu Claro;Pleno dia;terça-feira;Colisão lateral sentido oposto;Simples;1;0;-11,172859;-45,065757;Perigosa;Nordeste;2 Trimestre
574944;2024.0;n;1.0;2024-01-15;RJ;101;46;CAMPOS DOS GOYTACAZES;Desrespeitar a preferência no cruzamento;Com Vítimas Feridas;3;Céu Claro;Pleno dia;segunda-feira;Colisão transversal;Simples;0;0;-21.59839998;-41.3168335;Segura;Sudeste;1 Trimestre
618236;2024.0;n;8.0;2024-08-01;CE;116;510;BREJO SANTO;Suicídio (presumido);Com Vítimas Feridas;3;Céu Claro;Pleno dia;quinta-feira;Atropelamento de Pedestre;Simples;0;0;-7.52740627;-38.99889975;Segura;Nordeste;3 Trimestre
589727;2024.0;n;3.0;2024-03-25;BA;101;667;ITAPEBI;Velocidade Incompatível;Com Vítimas Feridas;2;Céu Claro;Plena Noite;segunda-feira;Tombamento;Simples;0;1;-15.99094;-39.57266;Perigosa;Nordeste;1 Trimestre
600330;2024.0;n;5.0;2024-05-13;RJ;40;91;PETROPOLIS;Demais falhas mecânicas ou elétricas;Com Vítimas Feridas;1;Céu Claro;Pleno dia;segunda-feira;Saída de leito carroçável;Dupla;0;0;-22.54903566;-43.24229724;Segura;Sudeste;2 Trimestre
673919;2025.0;n;4.0;2025-04-15;BA;110;309;INHAMBUPE;Entrada inopinada do pedestre;Com Vítimas Feridas;2;Céu Claro;Anoitecer;terça-feira;Atropelamento de Pedestre;Simples;0;1;-11,936223;-38,370808;Perigosa;Nordeste;2 Trimestre
581705;2024.0;n;2.0;2024-02-17;RS;448;15;CANOAS;Reação tardia ou ineficiente do condutor;Com Vítimas Feridas;3;Garoa/Chuvisco;Pleno dia;sábado;Colisão traseira;Múltipla;0;0;-29.92004835;-51.23212874;Segura;Sul;1 Trimestre
669778;2025.0;n;3.0;2025-03-26;CE;222;147;IRAUCUBA;Ingestão de álcool pelo condutor;Com Vítimas Fatais;2;Nublado;Plena Noite;quarta-feira;Colisão traseira;Simples;1;0;-3,75009164;-39,77123553;Perigosa;Nordeste;1 Trimestre
578120;2024.0;n;1.0;2024-01-31;SP;381;86;SAO PAULO;Entrada inopinada do pedestre;Com Vítimas Fatais;3;Céu Claro;Amanhecer;quarta-feira;Atropelamento de Pedestre;Múltipla;1;0;-23.45930499;-46.57161179;Perigosa;Sudeste;1 Trimestre
593520;2024.0;n;4.0;2024-04-12;CE;116;9;FORTALEZA;Trafegar com motocicleta (ou similar) entre as faixas;Com Vítimas Feridas;3;Céu Claro;Anoitecer;sexta-feira;Colisão lateral mesmo sentido;Múltipla;0;1;-3.82779096;-38.50486117;Perigosa;Nordeste;2 Trimestre
655160;2025.0;n;1.0;2025-01-14;MG;251;204;CACHOEIRA DE PAJEU;Demais falhas mecânicas ou elétricas;Sem Vítimas;3;Chuva;Plena Noite;terça-feira;Incêndio;Simples;0;0;-15,86747511;-41,51345492;Segura;Sudeste;1 Trimestre
662327;2025.0;n;2.0;2025-02-19;PR;280;293,5;FLOR DA SERRA DO SUL;Desrespeitar a preferência no cruzamento;Com Vítimas Feridas;3;Nublado;Pleno dia;quarta-feira;Colisão transversal;Simples;0;1;-26,25026574;-53,33540044;Perigosa;Sul;1 Trimestre
599248;2024.0;n;4.0;2024-04-08;RJ;116;185;NOVA IGUACU;Reação tardia ou ineficiente do condutor;Sem Vítimas;1;Céu Claro;Pleno dia;segunda-feira;Saída de leito carroçável;Dupla;0;0;-22.74444349;-43.50830555;Segura;Sudeste;2 Trimestre
673994;2025.0;n;4.0;2025-04-16;PR;376;313,5;ORTIGUEIRA;Velocidade Incompatível;Com Vítimas Feridas;1;Céu Claro;Amanhecer;quarta-feira;Tombamento;Dupla;0;1;-23,98091461;-51,08539581;Perigosa;Sul;2 Trimestre
580905;2024.0;n;2.0;2024-02-13;BA;101;654;ITAPEBI;Chuva;Com Vítimas Fatais;1;Chuva;Pleno dia;terça-feira;Saída de leito carroçável;Simples;1;0;-16.05214898;-39.61572239;Perigosa;Nordeste;1 Trimestre
575848;2024.0;n;1.0;2024-01-19;BA;101;431;MARAU;Reação tardia ou ineficiente do condutor;Com Vítimas Feridas;1;Nublado;Plena Noite;sexta-feira;Saída de leito carroçável;Simples;0;0;-14.192983;-39.315217;Segura;Nordeste;1 Trimestre
665322;2025.0;n;3.0;2025-03-05;MG;40;699,5;BARBACENA;Velocidade Incompatível;Com Vítimas Feridas;2;Céu Claro;Pleno dia;quarta-feira;Tombamento;Dupla;0;0;-21,19995894;-43,74913931;Segura;Sudeste;1 Trimestre
595705;2024.0;n;4.0;2024-04-22;RS;285;471,1;CORONEL BARROS;Ausência de reação do condutor;Com Vítimas Feridas;2;Chuva;Pleno dia;segunda-feira;Saída de leito carroçável;Simples;0;0;-28.383434;-54.010761;Segura;Sul;2 Trimestre
603615;2024.0;n;5.0;2024-05-28;MG;40;716;BARBACENA;Reação tardia ou ineficiente do condutor;Com Vítimas Feridas;2;Céu Claro;Anoitecer;terça-feira;Colisão com objeto;Dupla;0;0;-21.25153502;-43.66402206;Segura;Sudeste;2 Trimestre
608699;2024.0;n;6.0;2024-06-20;DF;20;7,9;BRASILIA;Manobra de mudança de faixa;Com Vítimas Feridas;4;Céu Claro;Pleno dia;quinta-feira;Engavetamento;Dupla;0;0;-15.662208;-47.799866;Segura;Centro-Oeste;2 Trimestre
687930;2025.0;n;4.0;2025-04-28;RS;153;383,2;NOVO CABRAIS;Ingestão de álcool pelo condutor;Sem Vítimas;2;Céu Claro;Plena Noite;segunda-feira;Colisão transversal;Simples;0;0;-29,821685;-52,969485;Segura;Sul;2 Trimestre
619365;2024.0;n;6.0;2024-06-10;BA;242;323;LAJEDINHO;Curva acentuada;Com Vítimas Feridas;3;Garoa/Chuvisco;Plena Noite;segunda-feira;Tombamento;Simples;0;0;-12.46696077;-41.08411368;Segura;Nordeste;2 Trimestre
578338;2024.0;n;2.0;2024-02-01;MA;316;518,1;CAXIAS;Acumulo de óleo sobre o pavimento;Sem Vítimas;1;Chuva;Pleno dia;quinta-feira;Tombamento;Simples;0;0;-4.767323;-43.61478;Segura;Nordeste;1 Trimestre
662601;2025.0;n;2.0;2025-02-20;SP;116;149;SAO JOSE DOS CAMPOS;Trafegar com motocicleta (ou similar) entre as faixas;Com Vítimas Feridas;5;Céu Claro;Anoitecer;quinta-feira;Colisão lateral mesmo sentido;Dupla;0;0;-23,20700047;-45,88626861;Segura;Sudeste;1 Trimestre
608882;2024.0;n;6.0;2024-06-21;GO;40;80;CRISTALINA;Reação tardia ou ineficiente do condutor;Com Vítimas Feridas;2;Céu Claro;Plena Noite;sexta-feira;Colisão traseira;Dupla;0;0;-16.669464;-47.713391;Segura;Centro-Oeste;2 Trimestre
604889;2024.0;n;6.0;2024-06-03;MG;116;334;CAMPANARIO;Transitar na contramão;Com Vítimas Feridas;5;Nublado;Amanhecer;segunda-feira;Colisão lateral sentido oposto;Simples;0;1;-18.27073201;-41.73771999;Perigosa;Sudeste;2 Trimestre
658727;2025.0;n;2.0;2025-02-02;PR;116;158;MANDIRITUBA;Reação tardia ou ineficiente do condutor;Com Vítimas Fatais;2;Garoa/Chuvisco;Plena Noite;domingo;Colisão frontal;Simples;1;0;-25,86774621;-49,37339398;Perigosa;Sul;1 Trimestre
597904;2024.0;n;5.0;2024-05-02;PR;116;38,6;CAMPINA GRANDE DO SUL;Ausência de sinalização;Com Vítimas Fatais;5;Céu Claro;Plena Noite;quinta-feira;Colisão com objeto;Dupla;1;0;-25.155107;-48.861464;Perigosa;Sul;2 Trimestre
661254;2025.0;n;2.0;2025-02-14;CE;116;3,2;FORTALEZA;Manobra de mudança de faixa;Sem Vítimas;2;Céu Claro;Pleno dia;sexta-feira;Colisão lateral mesmo sentido;Simples;0;0;-3,77866493;-38,51490171;Segura;Nordeste;1 Trimestre
580556;2024.0;n;2.0;2024-02-11;GO;153;577;PROFESSOR JAMIL;Velocidade Incompatível;Com Vítimas Feridas;5;Chuva;Pleno dia;domingo;Colisão traseira;Dupla;0;0;-17.362;-49.2477;Segura;Centro-Oeste;1 Trimestre
582158;2024.0;n;2.0;2024-02-20;PR;369;504;CASCAVEL;Acessar a via sem observar a presença dos outros veículos;Com Vítimas Feridas;3;Céu Claro;Amanhecer;terça-feira;Colisão transversal;Simples;0;0;-24.8169;-53.2964;Segura;Sul;1 Trimestre
660872;2025.0;n;2.0;2025-02-11;MG;251;419,4;GRAO MOGOL;Condutor Dormindo;Com Vítimas Fatais;3;Céu Claro;Plena Noite;terça-feira;Colisão frontal;Simples;2;0;-16,30855141;-43,0771689;Perigosa;Sudeste;1 Trimestre
685719;2025.0;y;4.0;2025-04-18;PR;116;58;CAMPINA GRANDE DO SUL;Manobra de mudança de faixa;Com Vítimas Feridas;2;Nublado;Pleno dia;sexta-feira;Tombamento;Dupla;0;1;-25,298196;-48,940483;Perigosa;Sul;2 Trimestre
573216;2024.0;n;1.0;2024-01-07;BA;101;396,2;IBIRAPITANGA;Reação tardia ou ineficiente do condutor;Com Vítimas Feridas;2;Nublado;Anoitecer;domingo;Saída de leito carroçável;Simples;0;0;-13.988666;-39.4644;Segura;Nordeste;1 Trimestre
665557;2025.0;n;3.0;2025-03-06;MG;381;942;EXTREMA;Acessar a via sem observar a presença dos outros veículos;Sem Vítimas;3;Céu Claro;Pleno dia;quinta-feira;Colisão lateral mesmo sentido;Múltipla;0;0;-22,8335709;-46,3169908;Segura;Sudeste;1 Trimestre
669812;2025.0;n;3.0;2025-03-27;SP;116;353;MIRACATU;Demais falhas mecânicas ou elétricas;Com Vítimas Feridas;2;Céu Claro;Pleno dia;quinta-feira;Colisão traseira;Dupla;0;0;-24,267568;-47,3932467;Segura;Sudeste;1 Trimestre
664899;2025.0;n;3.0;2025-03-03;CE;222;231;SOBRAL;Ausência de reação do condutor;Com Vítimas Fatais;2;Céu Claro;Plena Noite;segunda-feira;Colisão traseira;Simples;1;0;-3,706892;-40,408262;Perigosa;Nordeste;1 Trimestre
573788;2024.0;n;1.0;2024-01-10;SP;116;519;CAJATI;Reação tardia ou ineficiente do condutor;Com Vítimas Feridas;2;Céu Claro;Pleno dia;quarta-feira;Tombamento;Simples;0;0;-24.88932071;-48.23326417;Segura;Sudeste;1 Trimestre
586722;2024.0;n;3.0;2024-03-12;CE;116;26;ITAITINGA;Acessar a via sem observar a presença dos outros veículos;Com Vítimas Feridas;2;Céu Claro;Pleno dia;terça-feira;Colisão lateral mesmo sentido;Dupla;0;0;-3.9752959;-38.51436047;Segura;Nordeste;1 Trimestre
671978;2025.0;n;4.0;2025-04-06;SC;101;233,7;PALHOCA;Reação tardia ou ineficiente do condutor;Com Vítimas Feridas;31;Céu Claro;Pleno dia;domingo;Colisão com objeto;Dupla;0;4;-27,808425;-48,638622;Perigosa;Sul;2 Trimestre
593556;2024.0;n;4.0;2024-04-12;CE;222;139,9;IRAUCUBA;Pista esburacada;Com Vítimas Fatais;3;Céu Claro;Plena Noite;sexta-feira;Colisão traseira;Simples;1;0;-3.74550768;-39.70014474;Perigosa;Nordeste;2 Trimestre
621647;2024.0;n;8.0;2024-08-16;RJ;101;402;ITAGUAI;Iluminação deficiente;Com Vítimas Feridas;2;Céu Claro;Plena Noite;sexta-feira;Colisão lateral mesmo sentido;Dupla;0;0;-22.85437433;-43.78440169;Segura;Sudeste;3 Trimestre
576634;2024.0;n;1.0;2024-01-23;SP;116;222;GUARULHOS;Manobra de mudança de faixa;Com Vítimas Feridas;2;Chuva;Pleno dia;terça-feira;Colisão lateral mesmo sentido;Múltipla;0;0;-23.47093408;-46.51631097;Segura;Sudeste;1 Trimestre
657656;2025.0;n;1.0;2025-01-27;BA;324;420;RIACHAO DO JACUIPE;Pedestre cruzava a pista fora da faixa;Com Vítimas Feridas;2;Céu Claro;Pleno dia;segunda-feira;Atropelamento de Pedestre;Simples;0;0;-11,70700787;-39,52362288;Segura;Nordeste;1 Trimestre
620334;2024.0;n;8.0;2024-08-10;TO;153;656;GURUPI;Reação tardia ou ineficiente do condutor;Com Vítimas Feridas;2;Céu Claro;Pleno dia;sábado;Colisão traseira;Simples;0;0;-11.58755413;-49.03595459;Segura;Norte;3 Trimestre
688290;2025.0;n;4.0;2025-04-30;RS;470;230;CARLOS BARBOSA;Ausência de reação do condutor;Com Vítimas Feridas;3;Céu Claro;Pleno dia;quarta-feira;Colisão lateral mesmo sentido;Dupla;0;0;-29,27865904;-51,49250921;Segura;Sul;2 Trimestre
587937;2024.0;n;3.0;2024-03-17;PR;376;451;TIBAGI;Velocidade Incompatível;Com Vítimas Feridas;2;Garoa/Chuvisco;Anoitecer;domingo;Tombamento;Dupla;0;0;-24.94239016;-50.40224704;Segura;Sul;1 Trimestre
618379;2024.0;n;8.0;2024-08-01;PB;101;94;JOAO PESSOA;Ausência de reação do condutor;Com Vítimas Feridas;2;Chuva;Plena Noite;quinta-feira;Saída de leito carroçável;Dupla;0;0;-7.19683829;-34.90588313;Segura;Nordeste;3 Trimestre
622625;2024.0;n;8.0;2024-08-21;SC;282;246,5;SAO JOSE DO CERRITO;Velocidade Incompatível;Com Vítimas Feridas;4;Nublado;Amanhecer;quarta-feira;Saída de leito carroçável;Simples;0;1;-27.727213;-50.529724;Perigosa;Sul;3 Trimestre
578541;2024.0;n;2.0;2024-02-02;MS;262;644,5;MIRANDA;Condutor Dormindo;Com Vítimas Fatais;5;Céu Claro;Pleno dia;sexta-feira;Colisão lateral sentido oposto;Simples;1;0;-19.77042509;-56.95811316;Perigosa;Centro-Oeste;1 Trimestre
621032;2024.0;n;8.0;2024-08-13;ES;101;273;SERRA;Ausência de reação do condutor;Com Vítimas Feridas;2;Nublado;Plena Noite;terça-feira;Saída de leito carroçável;Múltipla;0;0;-20.22029207;-40.29048811;Segura;Sudeste;3 Trimestre
584284;2024.0;n;3.0;2024-03-01;PR;376;494;PONTA GROSSA;Manobra de mudança de faixa;Com Vítimas Feridas;3;Chuva;Pleno dia;sexta-feira;Colisão traseira;Dupla;0;0;-25.16566955;-50.11640967;Segura;Sul;1 Trimestre
626404;2024.0;y;9.0;2024-09-07;PR;376;631,2;SAO JOSE DOS PINHAIS;Problema com o freio;Sem Vítimas;4;Céu Claro;Pleno dia;sábado;Incêndio;Dupla;0;0;-25.713187;-49.13943;Segura;Sul;3 Trimestre
577128;2024.0;n;1.0;2024-01-26;ES;101;282,2;CARIACICA;Ausência de reação do condutor;Com Vítimas Feridas;2;Nublado;Pleno dia;sexta-feira;Colisão traseira;Dupla;0;1;-20.22882158;-40.36623228;Perigosa;Sudeste;1 Trimestre
626168;2024.0;n;9.0;2024-09-06;AL;316;247;ATALAIA;Condutor deixou de manter distância do veículo da frente;Com Vítimas Feridas;3;Nublado;Pleno dia;sexta-feira;Colisão traseira;Simples;0;1;-9.52549872;-35.99508253;Perigosa;Nordeste;3 Trimestre
583603;2024.0;n;1.0;2024-01-30;GO;153;560;PROFESSOR JAMIL;Reação tardia ou ineficiente do condutor;Com Vítimas Fatais;1;Céu Claro;Pleno dia;terça-feira;Saída de leito carroçável;Dupla;2;0;-17.2174;-49.2288;Perigosa;Centro-Oeste;1 Trimestre
659455;2025.0;n;2.0;2025-02-05;MG;381;513;IGARAPE;Problema com o freio;Com Vítimas Feridas;3;Céu Claro;Pleno dia;quarta-feira;Colisão lateral sentido oposto;Simples;0;1;-20,099993;-44,318903;Perigosa;Sudeste;1 Trimestre
620108;2024.0;n;7.0;2024-07-16;SC;101;197,1;BIGUACU;Acessar a via sem observar a presença dos outros veículos;Com Vítimas Feridas;2;Chuva;Pleno dia;terça-feira;Colisão lateral mesmo sentido;Dupla;0;0;-27.51844497;-48.63848496;Segura;Sul;3 Trimestre
619573;2024.0;n;8.0;2024-08-07;SP;116;86;PINDAMONHANGABA;Acesso irregular;Com Vítimas Feridas;5;Céu Claro;Plena Noite;quarta-feira;Colisão traseira;Dupla;0;1;-22.92639476;-45.35307511;Perigosa;Sudeste;3 Trimestre
669386;2025.0;n;2.0;2025-02-19;SC;116;10,8;MAFRA;Reação tardia ou ineficiente do condutor;Com Vítimas Fatais;5;Chuva;Pleno dia;quarta-feira;Engavetamento;Simples;1;2;-26,1755878;-49,857169;Perigosa;Sul;1 Trimestre
603606;2024.0;n;5.0;2024-05-28;PR;373;302,4;PRUDENTOPOLIS;Reação tardia ou ineficiente do condutor;Sem Vítimas;2;Céu Claro;Pleno dia;terça-feira;Saída de leito carroçável;Simples;0;0;-25.30812239;-51.16549194;Segura;Sul;2 Trimestre
653314;2025.0;n;1.0;2025-01-05;RJ;354;20;RESENDE;Transitar na contramão;Com Vítimas Feridas;2;Céu Claro;Pleno dia;domingo;Colisão lateral sentido oposto;Simples;0;2;-22,477699;-44,70911;Perigosa;Sudeste;1 Trimestre
688220;2025.0;n;4.0;2025-04-30;SP;116;462;PARIQUERA-ACU;Ausência de reação do condutor;Com Vítimas Feridas;3;Céu Claro;Pleno dia;quarta-feira;Colisão lateral mesmo sentido;Simples;0;0;-24,62500149;-47,89793909;Segura;Sudeste;2 Trimestre
601783;2024.0;n;5.0;2024-05-20;BA;101;899;CARAVELAS;Condutor deixou de manter distância do veículo da frente;Sem Vítimas;2;Céu Claro;Pleno dia;segunda-feira;Colisão traseira;Simples;0;0;-17.71255155;-39.76793289;Segura;Nordeste;2 Trimestre
613251;2024.0;n;7.0;2024-07-09;MT;70;517;VARZEA GRANDE;Demais falhas mecânicas ou elétricas;Com Vítimas Feridas;1;Céu Claro;Pleno dia;terça-feira;Colisão com objeto;Simples;0;1;-15.69924643;-56.16416216;Perigosa;Centro-Oeste;3 Trimestre
581135;2024.0;n;2.0;2024-02-14;SC;101;115;ITAJAI;Trafegar com motocicleta (ou similar) entre as faixas;Com Vítimas Feridas;4;Nublado;Pleno dia;quarta-feira;Colisão traseira;Múltipla;0;0;-26.87064015;-48.72954134;Segura;Sul;1 Trimestre
656890;2025.0;n;1.0;2025-01-23;PR;376;302,9;MAUA DA SERRA;Velocidade Incompatível;Com Vítimas Feridas;1;Nublado;Pleno dia;quinta-feira;Tombamento;Dupla;0;0;-23,93576347;-51,14095497;Segura;Sul;1 Trimestre
659824;2025.0;n;2.0;2025-02-07;SC;163;76,5;SAO MIGUEL DO OESTE;Ultrapassagem Indevida;Sem Vítimas;4;Céu Claro;Pleno dia;sexta-feira;Colisão lateral mesmo sentido;Simples;0;0;-26,68004792;-53,51502657;Segura;Sul;1 Trimestre
583916;2024.0;n;2.0;2024-02-28;PE;232;52,1;VITORIA DE SANTO ANTAO;Ausência de reação do condutor;Sem Vítimas;3;Chuva;Plena Noite;quarta-feira;Colisão traseira;Dupla;0;0;-8.13420544;-35.34022822;Segura;Nordeste;1 Trimestre
621602;2024.0;n;8.0;2024-08-16;MG;40;629,9;CONSELHEIRO LAFAIETE;Retorno proibido;Com Vítimas Feridas;2;Sol;Pleno dia;sexta-feira;Colisão transversal;Simples;0;1;-20.660554;-43.802083;Perigosa;Sudeste;3 Trimestre
586907;2024.0;n;3.0;2024-03-12;MT;364;615,1;DIAMANTINO;Reação tardia ou ineficiente do condutor;Com Vítimas Feridas;5;Céu Claro;Pleno dia;terça-feira;Colisão lateral sentido oposto;Simples;0;0;-14.41680214;-56.30735406;Segura;Centro-Oeste;1 Trimestre
572295;2024.0;n;1.0;2024-01-03;MA;10;267;IMPERATRIZ;Ausência de sinalização;Sem Vítimas;3;Nublado;Plena Noite;quarta-feira;Colisão com objeto;Dupla;0;0;-5.400108;-47.473038;Segura;Nordeste;1 Trimestre
591660;2024.0;n;4.0;2024-04-04;SC;280;162;MAFRA;Ingestão de álcool pelo condutor;Com Vítimas Feridas;4;Céu Claro;Plena Noite;quinta-feira;Colisão lateral sentido oposto;Simples;0;0;-26.20386631;-49.79088509;Segura;Sul;2 Trimestre
591306;2024.0;n;4.0;2024-04-02;TO;153;333;GUARAI;Manobra de mudança de faixa;Com Vítimas Feridas;2;Céu Claro;Pleno dia;terça-feira;Colisão traseira;Múltipla;0;1;-8.835718;-48.512123;Perigosa;Norte;2 Trimestre
589155;2024.0;n;3.0;2024-03-23;MG;365;682,5;MONTE ALEGRE DE MINAS;Condutor Dormindo;Com Vítimas Feridas;3;Garoa/Chuvisco;Amanhecer;sábado;Saída de leito carroçável;Dupla;0;0;-18.85072626;-48.84092331;Segura;Sudeste;1 Trimestre
608921;2024.0;n;6.0;2024-06-21;MG;381;452,1;SABARA;Ausência de reação do condutor;Com Vítimas Feridas;5;Céu Claro;Pleno dia;sexta-feira;Colisão lateral sentido oposto;Simples;0;0;-19.84339604;-43.88596993;Segura;Sudeste;2 Trimestre