id;ano;feriado;mes;data_inversa;uf;br;km;municipio;causa_acidente;classificacao_acidente;veiculos;condicao_metereologica;fase_dia;dia_semana;tipo_acidente;tipo_pista;mortos;feridos_graves;latitude;longitude;status;regiao;periodo
630433;2024.0;n;9.0;2024-09-25;SP;116;116;TAUBATE;Ausência de reação do condutor;Sem Vítimas;5;Céu Claro;Pleno dia;quarta-feira;Engavetamento;Dupla;0;0;-23.05376319;-45.6088049;Segura;Sudeste;3 Trimestre
626538;2024.0;y;9.0;2024-09-07;RJ;493;69;NOVA IGUACU;Reação tardia ou ineficiente do condutor;Com Vítimas Feridas;2;Céu Claro;Plena Noite;sábado;Saída de leito carroçável;Dupla;0;0;-22.682063;-43.475246;Segura;Sudeste;3 Trimestre
662008;2025.0;n;2.0;2025-02-17;RS;285;208,5;LAGOA VERMELHA;Acessar a via sem observar a presença dos outros veículos;Com Vítimas Feridas;4;Nublado;Pleno dia;segunda-feira;Colisão transversal;Simples;0;0;-28,224096;-51,610735;Segura;Sul;1 Trimestre
672151;2025.0;n;4.0;2025-04-04;BA;116;693;JEQUIE;Condutor Dormindo;Com Vítimas Feridas;3;Céu Claro;Plena Noite;sexta-feira;Tombamento;Simples;0;0;-14,003104;-40,182791;Segura;Nordeste;2 Trimestre
655219;2025.0;n;1.0;2025-01-15;MT;364;166,5;PEDRA PRETA;Reação tardia ou ineficiente do condutor;Com Vítimas Feridas;5;Sol;Pleno dia;quarta-feira;Colisão lateral mesmo sentido;Simples;0;0;-16,671022;-54,306168;Segura;Centro-Oeste;1 Trimestre
575146;2024.0;n;1.0;2024-01-16;SC;101;89;BARRA VELHA;Ausência de reação do condutor;Com Vítimas Feridas;2;Nublado;Pleno dia;terça-feira;Colisão traseira;Dupla;0;1;-26.65175997;-48.68721921;Perigosa;Sul;1 Trimestre
603974;2024.0;n;5.0;2024-05-30;MS;163;563;BANDEIRANTES;Carga excessiva e/ou mal acondicionada;Com Vítimas Feridas;5;Céu Claro;Pleno dia;quinta-feira;Colisão com objeto;Simples;0;0;-19.79312509;-54.36765367;Segura;Centro-Oeste;2 Trimestre
673057;2025.0;n;4.0;2025-04-11;RS;290;295;CACHOEIRA DO SUL;Reação tardia ou ineficiente do condutor;Com Vítimas Feridas;4;Céu Claro;Pleno dia;sexta-feira;Colisão traseira;Simples;0;0;-30,29978192;-53,14999208;Segura;Sul;2 Trimestre
629448;2024.0;n;9.0;2024-09-20;SC;101;121;ITAJAI;Demais falhas mecânicas ou elétricas;Sem Vítimas;2;Nublado;Plena Noite;sexta-feira;Incêndio;Múltipla;0;0;-26.92103178;-48.70856446;Segura;Sul;3 Trimestre
667183;2025.0;n;3.0;2025-03-14;MG;381;360;JOAO MONLEVADE;Reação tardia ou ineficiente do condutor;Com Vítimas Feridas;3;Céu Claro;Pleno dia;sexta-feira;Colisão lateral mesmo sentido;Simples;0;0;-19,83965197;-43,19666505;Segura;Sudeste;1 Trimestre
665746;2025.0;n;3.0;2025-03-07;SC;101;257,9;PAULO LOPES;Reação tardia ou ineficiente do condutor;Com Vítimas Feridas;4;Céu Claro;Pleno dia;sexta-feira;Colisão traseira;Dupla;0;1;-28,00463659;-48,69448006;Perigosa;Sul;1 Trimestre
615186;2024.0;n;7.0;2024-07-18;PR;116;106;SAO JOSE DOS PINHAIS;Manobra de mudança de faixa;Com Vítimas Feridas;4;Nevoeiro/Neblina;Pleno dia;quinta-feira;Colisão lateral mesmo sentido;Dupla;0;0;-25.57040449;-49.21729088;Segura;Sul;3 Trimestre
653028;2025.0;n;1.0;2025-01-03;MG;251;211,1;CACHOEIRA DE PAJEU;Acumulo de água sobre o pavimento;Com Vítimas Feridas;1;Chuva;Plena Noite;sexta-feira;Colisão com objeto;Simples;0;0;-15,89906;-41,53467;Segura;Sudeste;1 Trimestre
666143;2025.0;n;3.0;2025-03-09;PR;376;625;SAO JOSE DOS PINHAIS;Acessar a via sem observar a presença dos outros veículos;Com Vítimas Feridas;3;Céu Claro;Pleno dia;domingo;Colisão traseira;Dupla;0;0;-25,65611562;-49,15638143;Segura;Sul;1 Trimestre
581070;2024.0;n;2.0;2024-02-10;MT;158;697;BARRA DO GARCAS;Ausência de reação do condutor;Sem Vítimas;11;Céu Claro;Pleno dia;sábado;Colisão traseira;Simples;0;0;-15.031419;-52.23907;Segura;Centro-Oeste;1 Trimestre
617088;2024.0;n;7.0;2024-07-26;MG;116;412,8;GOVERNADOR VALADARES;Condutor deixou de manter distância do veículo da frente;Com Vítimas Feridas;4;Nublado;Anoitecer;sexta-feira;Colisão traseira;Simples;0;0;-18.86882342;-41.97144241;Segura;Sudeste;3 Trimestre
629045;2024.0;n;9.0;2024-09-18;RJ;116;230;PIRAI;Ausência de reação do condutor;Sem Vítimas;1;Céu Claro;Plena Noite;quarta-feira;Tombamento;Simples;0;0;-22.65208783;-43.82143902;Segura;Sudeste;3 Trimestre
629605;2024.0;n;9.0;2024-09-21;MA;10;292;IMPERATRIZ;Acesso irregular;Com Vítimas Feridas;5;Céu Claro;Pleno dia;sábado;Saída de leito carroçável;Simples;0;0;-5.181159;-47.525482;Segura;Nordeste;3 Trimestre
629885;2024.0;n;9.0;2024-09-22;PR;476;182;LAPA;Velocidade Incompatível;Com Vítimas Feridas;2;Céu Claro;Anoitecer;domingo;Tombamento;Simples;0;0;-25.7170592;-49.61476743;Segura;Sul;3 Trimestre
671865;2025.0;n;4.0;2025-04-05;RO;364;305;PRESIDENTE MEDICI;Acessar a via sem observar a presença dos outros veículos;Com Vítimas Feridas;4;Céu Claro;Plena Noite;sábado;Colisão lateral sentido oposto;Dupla;0;2;-11,19594339;-61,90140367;Perigosa;Norte;2 Trimestre
656406;2025.0;n;1.0;2025-01-21;GO;60;393;RIO VERDE;Ausência de sinalização;Com Vítimas Feridas;6;Céu Claro;Pleno dia;terça-feira;Colisão lateral mesmo sentido;Dupla;0;2;-17,8248;-50,9889;Perigosa;Centro-Oeste;1 Trimestre
622711;2024.0;n;8.0;2024-08-21;SP;116;292,5;ITAPECERICA DA SERRA;Reação tardia ou ineficiente do condutor;Com Vítimas Feridas;2;Céu Claro;Pleno dia;quarta-feira;Colisão traseira;Dupla;0;0;-23.74581995;-46.90003027;Segura;Sudeste;3 Trimestre
598476;2024.0;n;4.0;2024-04-11;MT;364;299;JACIARA;Acumulo de água sobre o pavimento;Com Vítimas Fatais;3;Chuva;Pleno dia;quinta-feira;Saída de leito carroçável;Dupla;1;0;-15.84691555;-55.14590671;Perigosa;Centro-Oeste;2 Trimestre
613106;2024.0;n;7.0;2024-07-08;SC;101;208;SAO JOSE;Ausência de reação do condutor;Com Vítimas Feridas;3;Céu Claro;Plena Noite;segunda-feira;Colisão lateral mesmo sentido;Múltipla;0;0;-27.60327979;-48.63201818;Segura;Sul;3 Trimestre
658395;2025.0;n;1.0;2025-01-31;MS;262;320,9;CAMPO GRANDE;Acessar a via sem observar a presença dos outros veículos;Com Vítimas Feridas;2;Céu Claro;Pleno dia;sexta-feira;Colisão transversal;Simples;0;0;-20,4698075;-54,48459148;Segura;Centro-Oeste;1 Trimestre
624795;2024.0;n;8.0;2024-08-31;PR;277;592;CASCAVEL;Carga excessiva e/ou mal acondicionada;Com Vítimas Feridas;2;Céu Claro;Pleno dia;sábado;Tombamento;Simples;0;0;-24.9830035;-53.4737159;Segura;Sul;3 Trimestre
622886;2024.0;n;8.0;2024-08-22;GO;153;436,9;ANAPOLIS;Condutor deixou de manter distância do veículo da frente;Sem Vítimas;3;Céu Claro;Pleno dia;quinta-feira;Colisão traseira;Dupla;0;0;-16.283987;-48.951763;Segura;Centro-Oeste;3 Trimestre
602249;2024.0;n;5.0;2024-05-22;DF;70;9;BRASILIA;Entrada inopinada do pedestre;Com Vítimas Feridas;2;Céu Claro;Pleno dia;quarta-feira;Atropelamento de Pedestre;Dupla;0;0;-15.784615;-48.132023;Segura;Centro-Oeste;2 Trimestre
653025;2025.0;n;1.0;2025-01-03;SP;116;62,4;GUARATINGUETA;Pedestre andava na pista;Com Vítimas Feridas;2;Garoa/Chuvisco;Plena Noite;sexta-feira;Atropelamento de Pedestre;Dupla;0;1;-22,80538606;-45,17236692;Perigosa;Sudeste;1 Trimestre
613791;2024.0;n;7.0;2024-07-11;MS;262;384,9;TERENOS;Restrição de visibilidade em curvas horizontais;Sem Vítimas;3;Nublado;Plena Noite;quinta-feira;Colisão com objeto;Dupla;0;0;-20.434864;-54.87231;Segura;Centro-Oeste;3 Trimestre
615215;2024.0;n;6.0;2024-06-10;ES;101;144,8;LINHARES;Velocidade Incompatível;Com Vítimas Feridas;3;Céu Claro;Pleno dia;segunda-feira;Colisão traseira;Múltipla;0;0;-19.35188295;-40.0636685;Segura;Sudeste;2 Trimestre
673070;2025.0;n;4.0;2025-04-11;PA;10;287;MAE DO RIO;Reação tardia ou ineficiente do condutor;Com Vítimas Feridas;2;Céu Claro;Plena Noite;sexta-feira;Colisão com objeto;Simples;0;0;-1,924377;-47,52241;Segura;Norte;2 Trimestre
656899;2025.0;n;1.0;2025-01-23;BA;324;520;FEIRA DE SANTANA;Reação tardia ou ineficiente do condutor;Sem Vítimas;5;Céu Claro;Anoitecer;quinta-feira;Engavetamento;Dupla;0;0;-12,27376054;-38,93366564;Segura;Nordeste;1 Trimestre
622854;2024.0;n;8.0;2024-08-22;PR;369;153;LONDRINA;Mal súbito do condutor;Com Vítimas Fatais;2;Céu Claro;Pleno dia;quinta-feira;Saída de leito carroçável;Dupla;1;0;-23.29814563;-51.194645;Perigosa;Sul;3 Trimestre
605331;2024.0;n;6.0;2024-06-05;MT;364;396;CUIABA;Acessar a via sem observar a presença dos outros veículos;Com Vítimas Fatais;2;Céu Claro;Pleno dia;quarta-feira;Colisão transversal;Simples;1;1;-15.69004774;-55.90523988;Perigosa;Centro-Oeste;2 Trimestre
588888;2024.0;n;3.0;2024-03-21;SP;116;306,5;SAO LOURENCO DA SERRA;Reação tardia ou ineficiente do condutor;Com Vítimas Feridas;3;Garoa/Chuvisco;Plena Noite;quinta-feira;Atropelamento de Pedestre;Dupla;0;0;-23.8486091;-46.93801566;Segura;Sudeste;1 Trimestre
577082;2024.0;n;1.0;2024-01-25;PR;277;341;GUARAPUAVA;Reação tardia ou ineficiente do condutor;Com Vítimas Feridas;2;Céu Claro;Pleno dia;quinta-feira;Colisão traseira;Simples;0;0;-25.34479123;-51.40204092;Segura;Sul;1 Trimestre
584461;2024.0;n;3.0;2024-03-02;MT;163;750;SORRISO;Manobra de mudança de faixa;Com Vítimas Fatais;2;Céu Claro;Pleno dia;sábado;Colisão lateral mesmo sentido;Dupla;1;0;-12.569247;-55.725172;Perigosa;Centro-Oeste;1 Trimestre
621875;2024.0;n;8.0;2024-08-17;PR;277;520,2;GUARANIACU;Reação tardia ou ineficiente do condutor;Com Vítimas Fatais;5;Nublado;Pleno dia;sábado;Colisão traseira;Simples;2;0;-25.10482;-52.87305;Perigosa;Sul;3 Trimestre
671669;2025.0;n;4.0;2025-04-05;TO;226;45;DARCINOPOLIS;Condutor Dormindo;Sem Vítimas;2;Céu Claro;Plena Noite;sábado;Saída de leito carroçável;Simples;0;0;-6,758219;-47,785909;Segura;Norte;2 Trimestre
670515;2025.0;n;3.0;2025-03-30;SC;101;108,1;PENHA;Velocidade Incompatível;Com Vítimas Feridas;2;Sol;Pleno dia;domingo;Saída de leito carroçável;Dupla;0;0;-26,82761998;-48,69176919;Segura;Sul;1 Trimestre
585264;2024.0;n;3.0;2024-03-05;PR;158;507;CORONEL VIVIDA;Ingestão de álcool pelo condutor;Com Vítimas Feridas;2;Nublado;Plena Noite;terça-feira;Colisão frontal;Simples;0;0;-26.02180124;-52.57733183;Segura;Sul;1 Trimestre
629318;2024.0;n;9.0;2024-09-20;MG;267;263;AIURUOCA;Declive acentuado;Com Vítimas Feridas;1;Céu Claro;Pleno dia;sexta-feira;Saída de leito carroçável;Simples;0;0;-21.93458245;-44.57561505;Segura;Sudeste;3 Trimestre
608250;2024.0;n;6.0;2024-06-17;SP;153;21,8;NOVA GRANADA;Demais falhas mecânicas ou elétricas;Sem Vítimas;3;Céu Claro;Plena Noite;segunda-feira;Saída de leito carroçável;Simples;0;0;-20.47719509;-49.29698467;Segura;Sudeste;2 Trimestre
661011;2025.0;n;2.0;2025-02-12;MG;251;365;GRAO MOGOL;Transitar na contramão;Com Vítimas Fatais;2;Nublado;Plena Noite;quarta-feira;Colisão frontal;Simples;1;0;-16,2666249;-42,64514704;Perigosa;Sudeste;1 Trimestre
629194;2024.0;n;9.0;2024-09-19;BA;101;144,5;TEODORO SAMPAIO;Acesso irregular;Com Vítimas Fatais;2;Céu Claro;Pleno dia;quinta-feira;Atropelamento de Pedestre;Dupla;1;0;-12.29762008;-38.71632178;Perigosa;Nordeste;3 Trimestre
657966;2025.0;n;1.0;2025-01-28;RJ;116;187;NOVA IGUACU;Suicídio (presumido);Com Vítimas Fatais;3;Céu Claro;Plena Noite;terça-feira;Atropelamento de Pedestre;Múltipla;1;0;-22,73883756;-43,47245197;Perigosa;Sudeste;1 Trimestre
660058;2025.0;n;2.0;2025-02-08;SC;470;192,6;POUSO REDONDO;Demais falhas mecânicas ou elétricas;Com Vítimas Feridas;2;Céu Claro;Pleno dia;sábado;Tombamento;Simples;0;0;-27,293324;-50,078678;Segura;Sul;1 Trimestre
593474;2024.0;n;4.0;2024-04-12;PR;369;177,1;ROLANDIA;Área urbana sem a presença de local apropriado para a travessia de pedestres;Com Vítimas Feridas;3;Céu Claro;Pleno dia;sexta-feira;Colisão transversal;Múltipla;0;2;-23.33473659;-51.38874829;Perigosa;Sul;2 Trimestre
577404;2024.0;n;1.0;2024-01-27;SC;101;333;TUBARAO;Acessar a via sem observar a presença dos outros veículos;Com Vítimas Feridas;2;Céu Claro;Pleno dia;sábado;Colisão transversal;Dupla;0;0;-28.46630107;-48.99653096;Segura;Sul;1 Trimestre
600964;2024.0;n;5.0;2024-05-16;GO;60;109;GOIANAPOLIS;Carga excessiva e/ou mal acondicionada;Sem Vítimas;2;Céu Claro;Pleno dia;quinta-feira;Tombamento;Dupla;0;0;-16.44802169;-49.02335644;Segura;Centro-Oeste;2 Trimestre
620347;2024.0;n;8.0;2024-08-10;RJ;101;263;RIO BONITO;Ausência de reação do condutor;Com Vítimas Feridas;3;Chuva;Pleno dia;sábado;Colisão traseira;Dupla;0;0;-22.71887266;-42.62637498;Segura;Sudeste;3 Trimestre
653640;2025.0;n;1.0;2025-01-07;SE;101;124,9;ITAPORANGA DAJUDA;Mal súbito do condutor;Com Vítimas Feridas;2;Céu Claro;Pleno dia;terça-feira;Saída de leito carroçável;Dupla;0;2;-11,0497;-37,364988;Perigosa;Nordeste;1 Trimestre
601601;2024.0;n;5.0;2024-05-19;TO;153;334;GUARAI;Ausência de reação do condutor;Com Vítimas Feridas;3;Céu Claro;Pleno dia;domingo;Colisão traseira;Dupla;0;1;-8.835718;-48.512123;Perigosa;Norte;2 Trimestre
591307;2024.0;n;4.0;2024-04-02;PE;101;81,5;JABOATAO DOS GUARARAPES;Manobra de mudança de faixa;Sem Vítimas;3;Céu Claro;Pleno dia;terça-feira;Colisão lateral mesmo sentido;Dupla;0;0;-8.164272;-34.939225;Segura;Nordeste;2 Trimestre
652952;2025.0;n;1.0;2025-01-03;RN;226;325,5;MESSIAS TARGINO;Ultrapassagem Indevida;Com Vítimas Feridas;1;Céu Claro;Pleno dia;sexta-feira;Saída de leito carroçável;Simples;0;0;-6,07603518;-37,52521992;Segura;Nordeste;1 Trimestre
673897;2025.0;n;4.0;2025-04-15;MA;230;388;BALSAS;Reação tardia ou ineficiente do condutor;Com Vítimas Feridas;5;Céu Claro;Anoitecer;terça-feira;Colisão traseira;Simples;0;0;-7,4614;-46,01646;Segura;Nordeste;2 Trimestre
610770;2024.0;n;6.0;2024-06-29;TO;153;625;ALIANCA DO TOCANTINS;Reação tardia ou ineficiente do condutor;Com Vítimas Feridas;4;Céu Claro;Pleno dia;sábado;Colisão traseira;Simples;0;0;-11.31846291;-48.94418023;Segura;Norte;2 Trimestre
667911;2025.0;n;3.0;2025-03-17;MT;163;813,5;SINOP;Iluminação deficiente;Com Vítimas Feridas;4;Céu Claro;Pleno dia;segunda-feira;Colisão lateral mesmo sentido;Simples;0;0;-12,05286649;-55,51737422;Segura;Centro-Oeste;1 Trimestre
607094;2024.0;n;6.0;2024-06-13;SC;116;30,5;ITAIOPOLIS;Ingestão de álcool pelo condutor;Com Vítimas Fatais;3;Céu Claro;Plena Noite;quinta-feira;Colisão lateral sentido oposto;Simples;1;0;-26.31187517;-49.96286886;Perigosa;Sul;2 Trimestre
672991;2025.0;n;4.0;2025-04-11;PE;232;236;PESQUEIRA;Transitar na contramão;Com Vítimas Feridas;5;Céu Claro;Pleno dia;sexta-feira;Colisão lateral sentido oposto;Simples;0;2;-8,4131;-36,92708;Perigosa;Nordeste;2 Trimestre
572562;2024.0;n;1.0;2024-01-04;SC;101;95;BARRA VELHA;Ultrapassagem Indevida;Sem Vítimas;2;Sol;Pleno dia;quinta-feira;Colisão lateral mesmo sentido;Dupla;0;0;-26.70876413;-48.70221065;Segura;Sul;1 Trimestre
663709;2025.0;n;2.0;2025-02-25;CE;230;83;VARZEA ALEGRE;Trafegar com motocicleta (ou similar) entre as faixas;Com Vítimas Fatais;3;Céu Claro;Plena Noite;terça-feira;Colisão traseira;Simples;1;0;-6,790669;-39,321747;Perigosa;Nordeste;1 Trimestre
593093;2024.0;n;4.0;2024-04-10;TO;10;455;PALMAS;Objeto estático sobre o leito carroçável;Com Vítimas Feridas;2;Sol;Pleno dia;quarta-feira;Colisão com objeto;Múltipla;0;1;-10.28988078;-48.29735756;Perigosa;Norte;2 Trimestre
656676;2025.0;n;1.0;2025-01-22;CE;222;152;IRAUCUBA;Ausência de reação do condutor;Com Vítimas Fatais;5;Sol;Pleno dia;quarta-feira;Colisão com objeto;Simples;1;0;-3,73891788;-39,80610692;Perigosa;Nordeste;1 Trimestre
576158;2024.0;n;1.0;2024-01-21;AL;423;95,9;DELMIRO GOUVEIA;Demais falhas mecânicas ou elétricas;Sem Vítimas;3;Céu Claro;Pleno dia;domingo;Tombamento;Simples;0;0;-9.37554737;-38.11448387;Segura;Nordeste;1 Trimestre
629338;2024.0;n;9.0;2024-09-20;PR;277;7,5;PARANAGUA;Ausência de reação do condutor;Sem Vítimas;2;Nublado;Pleno dia;sexta-feira;Colisão com objeto;Simples;0;0;-25.568198;-48.615292;Segura;Sul;3 Trimestre
665081;2025.0;n;3.0;2025-03-04;PE;101;48;ABREU E LIMA;Demais falhas mecânicas ou elétricas;Sem Vítimas;1;Céu Claro;Pleno dia;terça-feira;Derramamento de carga;Múltipla;0;0;-7,892062;-34,903328;Segura;Nordeste;1 Trimestre
615400;2024.0;n;7.0;2024-07-19;PA;316;58;CASTANHAL;Acessar a via sem observar a presença dos outros veículos;Com Vítimas Feridas;2;Céu Claro;Pleno dia;sexta-feira;Colisão transversal;Dupla;0;0;-1.2998299;-47.97307488;Segura;Norte;3 Trimestre
623234;2024.0;n;8.0;2024-08-24;RS;116;246;SAO LEOPOLDO;Ingestão de álcool pelo condutor;Com Vítimas Feridas;4;Nublado;Plena Noite;sábado;Colisão com objeto;Dupla;0;1;-29.758751;-51.15186806;Perigosa;Sul;3 Trimestre
601331;2024.0;n;5.0;2024-05-18;RR;174;509;BOA VISTA;Acessar a via sem observar a presença dos outros veículos;Com Vítimas Feridas;2;Garoa/Chuvisco;Pleno dia;sábado;Colisão transversal;Simples;0;0;2.86507418;-60.79665366;Segura;Norte;2 Trimestre
618239;2024.0;n;8.0;2024-08-01;MS;262;608,3;MIRANDA;Ausência de reação do condutor;Sem Vítimas;1;Céu Claro;Pleno dia;quinta-feira;Colisão com objeto;Simples;0;0;-20.0447767;-56.78678964;Segura;Centro-Oeste;3 Trimestre
601240;2024.0;n;5.0;2024-05-18;SC;101;155;PORTO BELO;Reação tardia ou ineficiente do condutor;Com Vítimas Feridas;2;Garoa/Chuvisco;Plena Noite;sábado;Colisão traseira;Dupla;0;1;-27.16292;-48.61129;Perigosa;Sul;2 Trimestre
602802;2024.0;n;5.0;2024-05-25;GO;20;62;FORMOSA;Falta de elemento de contenção que evite a saída do leito carroçável;Com Vítimas Feridas;2;Vento;Plena Noite;sábado;Saída de leito carroçável;Simples;0;1;-15.22989;-47.172417;Perigosa;Centro-Oeste;2 Trimestre
656292;2025.0;n;1.0;2025-01-20;GO;452;192;ITUMBIARA;Reação tardia ou ineficiente do condutor;Sem Vítimas;4;Céu Claro;Pleno dia;segunda-feira;Derramamento de carga;Simples;0;0;-18,37188499;-49,262211;Segura;Centro-Oeste;1 Trimestre
661239;2025.0;n;2.0;2025-02-14;SC;116;120,9;SANTA CECILIA;Acessar a via sem observar a presença dos outros veículos;Com Vítimas Feridas;3;Céu Claro;Pleno dia;sexta-feira;Colisão transversal;Simples;0;1;-26,82744878;-50,37663407;Perigosa;Sul;1 Trimestre
588715;2024.0;n;3.0;2024-03-21;BA;242;417;SEABRA;Deficiência do Sistema de Iluminação/Sinalização;Sem Vítimas;2;Céu Claro;Plena Noite;quinta-feira;Colisão traseira;Simples;0;0;-12.43099561;-41.79739105;Segura;Nordeste;1 Trimestre
625800;2024.0;n;9.0;2024-09-04;PI;407;496;JAICOS;Ausência de reação do condutor;Com Vítimas Feridas;2;Céu Claro;Plena Noite;quarta-feira;Saída de leito carroçável;Simples;0;0;-7.54958226;-41.29690349;Segura;Nordeste;3 Trimestre
610821;2024.0;n;6.0;2024-06-29;PR;116;183;CAMPO DO TENENTE;Demais falhas mecânicas ou elétricas;Com Vítimas Feridas;5;Céu Claro;Pleno dia;sábado;Colisão lateral sentido oposto;Simples;0;0;-25.93408252;-49.63736575;Segura;Sul;2 Trimestre
617744;2024.0;n;7.0;2024-07-29;RJ;101;283;ITABORAI;Acesso irregular;Com Vítimas Feridas;2;Céu Claro;Pleno dia;segunda-feira;Colisão traseira;Dupla;0;0;-22.73591014;-42.80592689;Segura;Sudeste;3 Trimestre
592199;2024.0;n;4.0;2024-04-06;GO;60;390;RIO VERDE;Reação tardia ou ineficiente do condutor;Com Vítimas Feridas;5;Nublado;Pleno dia;sábado;Colisão traseira;Dupla;0;1;-17.823;-50.9515;Perigosa;Centro-Oeste;2 Trimestre
653671;2025.0;n;1.0;2025-01-07;MG;50;122,9;UBERABA;Reação tardia ou ineficiente do condutor;Com Vítimas Feridas;3;Nublado;Pleno dia;terça-feira;Colisão lateral mesmo sentido;Dupla;0;0;-19,32486914;-48,10279232;Segura;Sudeste;1 Trimestre
655313;2025.0;n;1.0;2025-01-15;PR;116;62;CAMPINA GRANDE DO SUL;Acessar a via sem observar a presença dos outros veículos;Com Vítimas Feridas;5;Chuva;Plena Noite;quarta-feira;Colisão transversal;Dupla;0;1;-25,30561332;-48,9732999;Perigosa;Sul;1 Trimestre
662525;2025.0;n;2.0;2025-02-20;AL;101;178,4;TEOTONIO VILELA;Mal súbito do condutor;Com Vítimas Feridas;3;Céu Claro;Pleno dia;quinta-feira;Colisão traseira;Dupla;0;0;-9,88723897;-36,390828;Segura;Nordeste;1 Trimestre
598354;2024.0;n;5.0;2024-05-05;BA;101;489;ITAJUIPE;Velocidade Incompatível;Com Vítimas Feridas;2;Céu Claro;Amanhecer;domingo;Tombamento;Simples;0;0;-14.6837;-39.363301;Segura;Nordeste;2 Trimestre
572456;2024.0;n;1.0;2024-01-03;MG;116;660,8;SAO FRANCISCO DO GLORIA;Velocidade Incompatível;Com Vítimas Feridas;1;Chuva;Pleno dia;quarta-feira;Saída de leito carroçável;Simples;0;0;-20.79372285;-42.30204025;Segura;Sudeste;1 Trimestre
665117;2025.0;n;3.0;2025-03-04;MA;135;236;PERITORO;Transitar na contramão;Com Vítimas Feridas;2;Céu Claro;Pleno dia;terça-feira;Colisão transversal;Simples;0;0;-4,458098;-44,378275;Segura;Nordeste;1 Trimestre
589199;2024.0;n;3.0;2024-03-23;CE;222;197;FORQUILHA;Velocidade Incompatível;Com Vítimas Feridas;4;Chuva;Pleno dia;sábado;Colisão lateral sentido oposto;Simples;0;0;-3.80735907;-40.17579399;Segura;Nordeste;1 Trimestre
592473;2024.0;n;4.0;2024-04-07;MT;70;520;VARZEA GRANDE;Transitar na contramão;Com Vítimas Fatais;5;Céu Claro;Pleno dia;domingo;Colisão frontal;Simples;1;1;-15.6700583;-56.1803008;Perigosa;Centro-Oeste;2 Trimestre
581504;2024.0;n;2.0;2024-02-16;RS;392;120;CANGUCU;Conversão proibida;Com Vítimas Feridas;3;Nublado;Pleno dia;sexta-feira;Colisão transversal;Simples;0;0;-31.39139698;-52.6887662;Segura;Sul;1 Trimestre
618396;2024.0;n;8.0;2024-08-02;MG;354;731,9;POUSO ALTO;Demais falhas mecânicas ou elétricas;Com Vítimas Feridas;1;Céu Claro;Plena Noite;sexta-feira;Saída de leito carroçável;Simples;0;0;-22.17128467;-44.96492386;Segura;Sudeste;3 Trimestre
605721;2024.0;n;6.0;2024-06-07;AC;364;345;MANOEL URBANO;Manobra de mudança de faixa;Com Vítimas Feridas;2;Nevoeiro/Neblina;Amanhecer;sexta-feira;Colisão frontal;Simples;0;1;-8.88582723;-69.28008012;Perigosa;Norte;2 Trimestre
670978;2025.0;n;4.0;2025-04-01;PR;116;167;QUITANDINHA;Acessar a via sem observar a presença dos outros veículos;Com Vítimas Feridas;2;Céu Claro;Plena Noite;terça-feira;Colisão transversal;Simples;0;0;-25,88469432;-49,49987233;Segura;Sul;2 Trimestre
671129;2025.0;n;4.0;2025-04-02;RS;290;356;SAO SEPE;Ausência de reação do condutor;Com Vítimas Feridas;2;Chuva;Pleno dia;quarta-feira;Saída de leito carroçável;Simples;0;1;-30,378191;-53,738554;Perigosa;Sul;2 Trimestre
662356;2025.0;n;2.0;2025-02-19;RS;290;101,5;PORTO ALEGRE;Condutor deixou de manter distância do veículo da frente;Com Vítimas Feridas;4;Céu Claro;Pleno dia;quarta-feira;Colisão traseira;Dupla;0;0;-29,985779;-51,246201;Segura;Sul;1 Trimestre
580273;2024.0;n;2.0;2024-02-10;RS;386;393,5;TRIUNFO;Manobra de mudança de faixa;Com Vítimas Feridas;3;Céu Claro;Pleno dia;sábado;Colisão lateral mesmo sentido;Dupla;0;0;-29.71176;-51.64938;Segura;Sul;1 Trimestre
619593;2024.0;n;8.0;2024-08-07;RJ;116;101;GUAPIMIRIM;Condutor Dormindo;Com Vítimas Feridas;2;Céu Claro;Plena Noite;quarta-feira;Colisão com objeto;Simples;0;0;-22.49374115;-43.00365418;Segura;Sudeste;3 Trimestre
666928;2025.0;n;3.0;2025-03-13;PR;376;522;PONTA GROSSA;Velocidade Incompatível;Sem Vítimas;3;Céu Claro;Pleno dia;quinta-feira;Colisão traseira;Dupla;0;0;-25,26231018;-49,97689247;Segura;Sul;1 Trimestre
581521;2024.0;n;2.0;2024-02-16;RJ;116;136;MAGE;Animais na Pista;Com Vítimas Feridas;3;Céu Claro;Pleno dia;sexta-feira;Colisão lateral mesmo sentido;Dupla;0;1;-22.64988985;-43.17250297;Perigosa;Sudeste;1 Trimestre
673248;2025.0;n;4.0;2025-04-12;PA;230;108;MARABA;Ingestão de álcool pelo condutor;Sem Vítimas;2;Céu Claro;Anoitecer;sábado;Colisão frontal;Simples;0;0;-5,375697;-49,02106;Segura;Norte;2 Trimestre
615164;2024.0;n;7.0;2024-07-18;PR;116;188,7;CAMPO DO TENENTE;Transitar na contramão;Com Vítimas Fatais;3;Nevoeiro/Neblina;Amanhecer;quinta-feira;Colisão frontal;Simples;1;1;-25.9674648;-49.6572785;Perigosa;Sul;3 Trimestre