id;ano;feriado;mes;data_inversa;uf;br;km;municipio;causa_acidente;classificacao_acidente;veiculos;condicao_metereologica;fase_dia;dia_semana;tipo_acidente;tipo_pista;mortos;feridos_graves;latitude;longitude;status;regiao;periodo
620276;2024.0;n;8.0;2024-08-10;RS;285;208,7;LAGOA VERMELHA;Demais falhas mecânicas ou elétricas;Sem Vítimas;2;Nublado;Plena Noite;sábado;Incêndio;Simples;0;0;-28.221825;-51.598278;Segura;Sul;3 Trimestre
617590;2024.0;n;7.0;2024-07-29;MA;316;420;PERITORO;Ausência de reação do condutor;Com Vítimas Feridas;2;Céu Claro;Plena Noite;segunda-feira;Colisão traseira;Simples;0;1;-4.351473;-44.371437;Perigosa;Nordeste;3 Trimestre
653585;2025.0;n;1.0;2025-01-06;SC;101;34,9;JOINVILLE;Manobra de mudança de faixa;Com Vítimas Feridas;1;Garoa/Chuvisco;Plena Noite;segunda-feira;Colisão lateral mesmo sentido;Dupla;0;1;-26,23667403;-48,91486706;Perigosa;Sul;1 Trimestre
575048;2024.0;n;1.0;2024-01-16;RN;304;115;ACU;Acessar a via sem observar a presença dos outros veículos;Com Vítimas Feridas;2;Sol;Pleno dia;terça-feira;Colisão lateral mesmo sentido;Simples;0;0;-5.61387215;-36.89679107;Segura;Nordeste;1 Trimestre
662027;2025.0;n;2.0;2025-02-17;DF;40;7,8;BRASILIA;Área urbana sem a presença de local apropriado para a travessia de pedestres;Com Vítimas Feridas;2;Sol;Pleno dia;segunda-feira;Colisão transversal;Dupla;0;0;-16,046535;-47,980625;Segura;Centro-Oeste;1 Trimestre
587386;2024.0;n;3.0;2024-03-15;MS;163;510;JARAGUARI;Conversão proibida;Com Vítimas Feridas;5;Céu Claro;Pleno dia;sexta-feira;Colisão transversal;Simples;0;0;-20.24542306;-54.48063561;Segura;Centro-Oeste;1 Trimestre
584920;2024.0;n;3.0;2024-03-04;PR;369;156;LONDRINA;Retorno proibido;Sem Vítimas;4;Céu Claro;Pleno dia;segunda-feira;Colisão com objeto;Dupla;0;0;-23.29137694;-51.21790767;Segura;Sul;1 Trimestre
596228;2024.0;n;4.0;2024-04-03;AL;423;19;CANAPI;Reação tardia ou ineficiente do condutor;Com Vítimas Feridas;2;Céu Claro;Pleno dia;quarta-feira;Colisão com objeto;Simples;0;0;-9.17394974;-37.45443908;Segura;Nordeste;2 Trimestre
628767;2024.0;n;9.0;2024-09-10;TO;153;255;COLINAS DO TOCANTINS;Demais falhas mecânicas ou elétricas;Sem Vítimas;2;Céu Claro;Plena Noite;terça-feira;Incêndio;Simples;0;0;-8.12603295;-48.47137172;Segura;Norte;3 Trimestre
605118;2024.0;n;5.0;2024-05-31;MT;70;222;POXOREO;Ultrapassagem Indevida;Sem Vítimas;2;Céu Claro;Pleno dia;sexta-feira;Colisão transversal;Simples;0;0;-15.65636375;-53.87757398;Segura;Centro-Oeste;2 Trimestre
576902;2024.0;n;1.0;2024-01-24;SC;470;64,4;INDAIAL;Ultrapassagem Indevida;Com Vítimas Feridas;2;Garoa/Chuvisco;Pleno dia;quarta-feira;Colisão lateral mesmo sentido;Simples;0;0;-26.87033144;-49.21053356;Segura;Sul;1 Trimestre
584538;2024.0;n;3.0;2024-03-02;MT;70;515,7;VARZEA GRANDE;Transitar na contramão;Com Vítimas Fatais;3;Céu Claro;Pleno dia;sábado;Colisão frontal;Simples;1;0;-15.70440937;-56.14809752;Perigosa;Centro-Oeste;1 Trimestre
609727;2024.0;n;5.0;2024-05-11;PA;163;447;ALTAMIRA;Reação tardia ou ineficiente do condutor;Sem Vítimas;6;Céu Claro;Pleno dia;sábado;Tombamento;Simples;0;0;-5.0;-55.0;Segura;Norte;2 Trimestre
626292;2024.0;y;9.0;2024-09-07;BA;324;530;FEIRA DE SANTANA;Ausência de reação do condutor;Com Vítimas Feridas;3;Céu Claro;Plena Noite;sábado;Colisão traseira;Dupla;0;0;-12.32818491;-38.86174193;Segura;Nordeste;3 Trimestre
592371;2024.0;n;4.0;2024-04-07;MS;163;490;CAMPO GRANDE;Pedestre cruzava a pista fora da faixa;Com Vítimas Feridas;2;Céu Claro;Pleno dia;domingo;Atropelamento de Pedestre;Simples;0;1;-20.40017983;-54.55539878;Perigosa;Centro-Oeste;2 Trimestre
573414;2024.0;n;1.0;2024-01-08;BA;116;12;VITORIA DA CONQUISTA;Ausência de reação do condutor;Com Vítimas Feridas;2;Céu Claro;Pleno dia;segunda-feira;Colisão traseira;Simples;0;0;-14.8794;-40.871;Segura;Nordeste;1 Trimestre
621406;2024.0;n;8.0;2024-08-15;MG;262;353;BETIM;Estacionar ou parar em local proibido;Com Vítimas Feridas;2;Céu Claro;Anoitecer;quinta-feira;Colisão com objeto;Múltipla;0;0;-19.95947688;-44.15416308;Segura;Sudeste;3 Trimestre
592689;2024.0;n;4.0;2024-04-08;MG;116;780,2;LEOPOLDINA;Velocidade Incompatível;Com Vítimas Feridas;2;Céu Claro;Pleno dia;segunda-feira;Tombamento;Simples;0;0;-21.61482397;-42.69263203;Segura;Sudeste;2 Trimestre
662192;2025.0;n;2.0;2025-02-18;PI;316;312;PICOS;Demais falhas mecânicas ou elétricas;Com Vítimas Feridas;2;Céu Claro;Pleno dia;terça-feira;Eventos atípicos;Dupla;0;0;-7,08092534;-41,4582602;Segura;Nordeste;1 Trimestre
662071;2025.0;n;2.0;2025-02-17;MG;262;385;MATEUS LEME;Ausência de reação do condutor;Com Vítimas Feridas;2;Céu Claro;Pleno dia;segunda-feira;Saída de leito carroçável;Dupla;0;0;-19,93325094;-44,42077402;Segura;Sudeste;1 Trimestre
660693;2025.0;n;2.0;2025-02-11;CE;222;21,6;CAUCAIA;Condutor deixou de manter distância do veículo da frente;Com Vítimas Feridas;3;Céu Claro;Pleno dia;terça-feira;Colisão traseira;Dupla;0;1;-3,73715313;-38,74293507;Perigosa;Nordeste;1 Trimestre
572309;2024.0;n;1.0;2024-01-02;BA;110;321;ALAGOINHAS;Fumaça;Sem Vítimas;2;Céu Claro;Plena Noite;terça-feira;Colisão frontal;Simples;0;0;-12.07521394;-38.34597792;Segura;Nordeste;1 Trimestre
614610;2024.0;n;7.0;2024-07-15;MG;116;363;FREI INOCENCIO;Transitar na contramão;Com Vítimas Fatais;3;Céu Claro;Amanhecer;segunda-feira;Colisão frontal;Simples;3;24;-18.48210577;-41.86936534;Perigosa;Sudeste;3 Trimestre
600027;2024.0;n;5.0;2024-05-12;RS;285;182,4;CAPAO BONITO DO SUL;Velocidade Incompatível;Com Vítimas Feridas;2;Nublado;Pleno dia;domingo;Saída de leito carroçável;Simples;0;0;-28.290833;-51.422482;Segura;Sul;2 Trimestre
596909;2024.0;n;4.0;2024-04-28;MG;365;5;MONTES CLAROS;Velocidade Incompatível;Com Vítimas Feridas;2;Sol;Pleno dia;domingo;Tombamento;Simples;0;1;-16.74574399;-43.88392402;Perigosa;Sudeste;2 Trimestre
595894;2024.0;n;4.0;2024-04-23;MS;163;314;RIO BRILHANTE;Ausência de reação do condutor;Com Vítimas Feridas;2;Céu Claro;Pleno dia;terça-feira;Colisão lateral mesmo sentido;Dupla;0;0;-21.86055206;-54.53047713;Segura;Centro-Oeste;2 Trimestre
584743;2024.0;n;3.0;2024-03-03;MG;381;940,8;EXTREMA;Velocidade Incompatível;Com Vítimas Feridas;3;Nublado;Pleno dia;domingo;Tombamento;Dupla;0;1;-22.8263303;-46.31351221;Perigosa;Sudeste;1 Trimestre
600871;2024.0;n;5.0;2024-05-16;MT;163;106;RONDONOPOLIS;Manobra de mudança de faixa;Com Vítimas Feridas;2;Céu Claro;Pleno dia;quinta-feira;Saída de leito carroçável;Dupla;0;0;-16.61130805;-54.70053179;Segura;Centro-Oeste;2 Trimestre
653354;2025.0;n;1.0;2025-01-05;RS;392;53,9;RIO GRANDE;Ingestão de álcool pelo condutor;Sem Vítimas;2;Céu Claro;Pleno dia;domingo;Saída de leito carroçável;Dupla;0;0;-31,84726997;-52,32688484;Segura;Sul;1 Trimestre
589182;2024.0;n;3.0;2024-03-23;BA;116;567;NOVA ITARANA;Acessar a via sem observar a presença dos outros veículos;Com Vítimas Feridas;3;Céu Claro;Pleno dia;sábado;Colisão transversal;Simples;0;1;-13.01465578;-39.95854139;Perigosa;Nordeste;1 Trimestre
626832;2024.0;n;9.0;2024-09-09;SP;116;385,8;MIRACATU;Condutor Dormindo;Com Vítimas Feridas;3;Céu Claro;Plena Noite;segunda-feira;Colisão com objeto;Dupla;0;0;-24.26249802;-47.37879753;Segura;Sudeste;3 Trimestre
611183;2024.0;n;7.0;2024-07-01;SP;116;114;TAUBATE;Reação tardia ou ineficiente do condutor;Com Vítimas Feridas;2;Nublado;Plena Noite;segunda-feira;Colisão traseira;Dupla;0;0;-23.04654177;-45.59018006;Segura;Sudeste;3 Trimestre
627967;2024.0;n;9.0;2024-09-14;SP;116;340,6;MIRACATU;Ausência de reação do condutor;Com Vítimas Feridas;2;Céu Claro;Pleno dia;sábado;Saída de leito carroçável;Dupla;0;0;-24.00328505;-47.15633198;Segura;Sudeste;3 Trimestre
599038;2024.0;n;5.0;2024-05-08;SC;282;322,6;CAMPOS NOVOS;Transitar na contramão;Com Vítimas Fatais;3;Céu Claro;Pleno dia;quarta-feira;Colisão frontal;Simples;2;1;-27.39437;-51.049665;Perigosa;Sul;2 Trimestre
606728;2024.0;n;6.0;2024-06-11;BA;116;577;BREJOES;Ausência de reação do condutor;Com Vítimas Feridas;3;Chuva;Pleno dia;terça-feira;Colisão traseira;Simples;0;0;-13.06383977;-39.9576803;Segura;Nordeste;2 Trimestre
662595;2025.0;n;2.0;2025-02-20;PR;277;650,5;MATELANDIA;Acessar a via sem observar a presença dos outros veículos;Com Vítimas Feridas;3;Céu Claro;Pleno dia;quinta-feira;Colisão transversal;Simples;0;2;-25,19035881;-53,93738222;Perigosa;Sul;1 Trimestre
580284;2024.0;n;2.0;2024-02-10;RS;116;241;NOVO HAMBURGO;Condutor deixou de manter distância do veículo da frente;Com Vítimas Feridas;4;Céu Claro;Pleno dia;sábado;Engavetamento;Dupla;0;0;-29.71396796;-51.1476744;Segura;Sul;1 Trimestre
666382;2025.0;n;3.0;2025-03-08;PE;423;124;SALOA;Ausência de reação do condutor;Com Vítimas Feridas;2;Céu Claro;Pleno dia;sábado;Colisão traseira;Simples;0;0;-8,942337;-36,70899963;Segura;Nordeste;1 Trimestre
592839;2024.0;n;4.0;2024-04-09;ES;262;75;DOMINGOS MARTINS;Ausência de reação do condutor;Sem Vítimas;3;Céu Claro;Pleno dia;terça-feira;Colisão traseira;Simples;0;0;-20.41504648;-40.90256283;Segura;Sudeste;2 Trimestre
627983;2024.0;n;9.0;2024-09-14;RS;116;124;SAO MARCOS;Reação tardia ou ineficiente do condutor;Com Vítimas Feridas;2;Céu Claro;Pleno dia;sábado;Colisão frontal;Simples;0;1;-29.02509511;-51.08256484;Perigosa;Sul;3 Trimestre
660834;2025.0;n;2.0;2025-02-11;RO;319;55;PORTO VELHO;Avarias e/ou desgaste excessivo no pneu;Com Vítimas Feridas;2;Chuva;Plena Noite;terça-feira;Saída de leito carroçável;Simples;0;0;-8,7436393;-63,94888401;Segura;Norte;1 Trimestre
652783;2025.0;n;1.0;2025-01-02;SC;101;149;ITAPEMA;Condutor deixou de manter distância do veículo da frente;Com Vítimas Feridas;3;Céu Claro;Pleno dia;quinta-feira;Colisão lateral mesmo sentido;Múltipla;0;0;-27,1089649;-48,61277586;Segura;Sul;1 Trimestre
627530;2024.0;y;9.0;2024-09-07;SC;282;476,5;VARGEAO;Acessar a via sem observar a presença dos outros veículos;Com Vítimas Feridas;3;Céu Claro;Plena Noite;sábado;Colisão transversal;Simples;0;0;-26.8832891;-52.1719032;Segura;Sul;3 Trimestre
667209;2025.0;n;3.0;2025-03-14;SC;101;321,2;PESCARIA BRAVA;Condutor deixou de manter distância do veículo da frente;Com Vítimas Feridas;3;Céu Claro;Pleno dia;sexta-feira;Colisão traseira;Múltipla;0;0;-28,426645;-48,908143;Segura;Sul;1 Trimestre
584414;2024.0;n;3.0;2024-03-02;MG;381;853;POUSO ALEGRE;Ausência de reação do condutor;Com Vítimas Feridas;3;Céu Claro;Pleno dia;sábado;Colisão traseira;Dupla;0;0;-22.30499294;-45.90167524;Segura;Sudeste;1 Trimestre
618156;2024.0;n;7.0;2024-07-31;GO;60;365;RIO VERDE;Ausência de reação do condutor;Com Vítimas Feridas;2;Céu Claro;Plena Noite;quarta-feira;Colisão traseira;Dupla;0;0;-17.6551;-50.8059;Segura;Centro-Oeste;3 Trimestre
605150;2024.0;n;6.0;2024-06-04;RS;386;36;FREDERICO WESTPHALEN;Acessar a via sem observar a presença dos outros veículos;Com Vítimas Feridas;3;Céu Claro;Pleno dia;terça-feira;Colisão traseira;Simples;0;0;-27.373381;-53.39772;Segura;Sul;2 Trimestre
652681;2025.0;n;1.0;2025-01-02;PR;153;204;TIBAGI;Reação tardia ou ineficiente do condutor;Com Vítimas Feridas;1;Céu Claro;Plena Noite;quinta-feira;Saída de leito carroçável;Simples;0;0;-24,49947212;-50,44548845;Segura;Sul;1 Trimestre
605261;2024.0;n;6.0;2024-06-05;RS;471;192,5;PANTANO GRANDE;Animais na Pista;Com Vítimas Feridas;1;Nublado;Plena Noite;quarta-feira;Tombamento;Simples;0;1;-30.16547788;-52.37420261;Perigosa;Sul;2 Trimestre
652788;2025.0;n;1.0;2025-01-02;PR;376;653;TIJUCAS DO SUL;Reação tardia ou ineficiente do condutor;Com Vítimas Feridas;1;Céu Claro;Pleno dia;quinta-feira;Saída de leito carroçável;Simples;0;0;-25,841523;-49,048668;Segura;Sul;1 Trimestre
581410;2024.0;n;2.0;2024-02-16;PR;369;445,9;UBIRATA;Condutor Dormindo;Com Vítimas Feridas;2;Nublado;Plena Noite;sexta-feira;Colisão traseira;Simples;0;0;-24.548;-52.9479;Segura;Sul;1 Trimestre
596598;2024.0;n;4.0;2024-04-26;SP;153;49,3;SAO JOSE DO RIO PRETO;Ingestão de álcool pelo condutor;Sem Vítimas;2;Céu Claro;Plena Noite;sexta-feira;Colisão traseira;Simples;0;0;-20.70000401;-49.33945823;Segura;Sudeste;2 Trimestre
622804;2024.0;n;8.0;2024-08-22;MG;116;506,4;UBAPORANGA;Acessar a via sem observar a presença dos outros veículos;Com Vítimas Feridas;2;Céu Claro;Amanhecer;quinta-feira;Colisão traseira;Simples;0;0;-19.61173388;-42.11344072;Segura;Sudeste;3 Trimestre
613313;2024.0;n;7.0;2024-07-09;MG;40;468;SETE LAGOAS;Acessar a via sem observar a presença dos outros veículos;Com Vítimas Feridas;3;Céu Claro;Plena Noite;terça-feira;Colisão transversal;Dupla;0;0;-19.45630182;-44.30941888;Segura;Sudeste;3 Trimestre
690867;2025.0;n;3.0;2025-03-31;MT;70;180;GENERAL CARNEIRO;Acostamento em desnível;Com Vítimas Feridas;1;Céu Claro;Pleno dia;segunda-feira;Tombamento;Simples;0;0;-15,641847;-53,574986;Segura;Centro-Oeste;1 Trimestre
589582;2024.0;n;3.0;2024-03-24;MG;365;488,9;PATROCINIO;Ausência de reação do condutor;Sem Vítimas;2;Chuva;Plena Noite;domingo;Colisão traseira;Simples;0;0;-18.90309317;-47.14086893;Segura;Sudeste;1 Trimestre
655023;2025.0;n;1.0;2025-01-14;RS;285;319,8;PASSO FUNDO;Condutor Dormindo;Com Vítimas Feridas;1;Céu Claro;Pleno dia;terça-feira;Saída de leito carroçável;Dupla;0;0;-28,269007;-52,610687;Segura;Sul;1 Trimestre
578791;2024.0;n;2.0;2024-02-03;BA;116;691;JEQUIE;Ausência de reação do condutor;Com Vítimas Feridas;2;Céu Claro;Pleno dia;sábado;Tombamento;Simples;0;0;-13.94789006;-40.16494773;Segura;Nordeste;1 Trimestre
621358;2024.0;n;8.0;2024-08-15;MG;365;449;GUIMARANIA;Suicídio (presumido);Com Vítimas Feridas;2;Céu Claro;Pleno dia;quinta-feira;Atropelamento de Pedestre;Simples;0;1;-18.83084564;-46.81816006;Perigosa;Sudeste;3 Trimestre
615532;2024.0;n;7.0;2024-07-19;MG;50;18,6;UBERLANDIA;Manobra de mudança de faixa;Com Vítimas Feridas;3;Céu Claro;Anoitecer;sexta-feira;Colisão lateral mesmo sentido;Dupla;0;0;-18.93435908;-48.20088387;Segura;Sudeste;3 Trimestre
618394;2024.0;n;8.0;2024-08-02;MG;381;725;CARMO DA CACHOEIRA;Ausência de reação do condutor;Com Vítimas Feridas;2;Nublado;Plena Noite;sexta-feira;Colisão traseira;Dupla;0;0;-21.50004573;-45.21358911;Segura;Sudeste;3 Trimestre
657264;2025.0;n;1.0;2025-01-25;RS;101;46;TERRA DE AREIA;Ausência de reação do condutor;Com Vítimas Feridas;1;Garoa/Chuvisco;Pleno dia;sábado;Colisão com objeto;Múltipla;0;0;-29,57664003;-50,06327396;Segura;Sul;1 Trimestre
604217;2024.0;n;5.0;2024-05-31;PR;376;231,9;APUCARANA;Desrespeitar a preferência no cruzamento;Com Vítimas Feridas;3;Céu Claro;Pleno dia;sexta-feira;Colisão transversal;Dupla;0;1;-23.568266;-51.512928;Perigosa;Sul;2 Trimestre
619360;2024.0;n;8.0;2024-08-05;CE;116;114;RUSSAS;Ausência de reação do condutor;Com Vítimas Fatais;10;Céu Claro;Plena Noite;segunda-feira;Colisão traseira;Simples;2;0;-4.59017224;-38.21458957;Perigosa;Nordeste;3 Trimestre
602434;2024.0;n;5.0;2024-05-23;MG;153;134,6;PRATA;Velocidade Incompatível;Com Vítimas Fatais;6;Céu Claro;Pleno dia;quinta-feira;Colisão frontal;Simples;1;1;-19.51436207;-48.84030206;Perigosa;Sudeste;2 Trimestre
601201;2024.0;n;5.0;2024-05-17;BA;101;765;ITABELA;Problema com o freio;Com Vítimas Feridas;2;Céu Claro;Plena Noite;sexta-feira;Colisão traseira;Simples;0;2;-16.87297285;-39.50612507;Perigosa;Nordeste;2 Trimestre
686344;2025.0;n;4.0;2025-04-20;SC;282;222,4;LAGES;Transitar na contramão;Com Vítimas Feridas;3;Garoa/Chuvisco;Plena Noite;domingo;Colisão lateral sentido oposto;Dupla;0;2;-27,823864;-50,337378;Perigosa;Sul;2 Trimestre
612292;2024.0;n;6.0;2024-06-19;ES;101;301,7;VIANA;Ausência de reação do condutor;Com Vítimas Feridas;3;Sol;Pleno dia;quarta-feira;Colisão traseira;Dupla;0;1;-20.358635;-40.432167;Perigosa;Sudeste;2 Trimestre
627197;2024.0;n;9.0;2024-09-10;SC;282;528;CORDILHEIRA ALTA;Carga excessiva e/ou mal acondicionada;Com Vítimas Feridas;4;Céu Claro;Pleno dia;terça-feira;Tombamento;Simples;0;0;-26.978798;-52.588566;Segura;Sul;3 Trimestre
659654;2025.0;n;2.0;2025-02-06;PE;101;51;PAULISTA;Acesso irregular;Com Vítimas Feridas;3;Chuva;Plena Noite;quinta-feira;Colisão lateral mesmo sentido;Dupla;0;0;-7,9169968;-34,89689272;Segura;Nordeste;1 Trimestre
576493;2024.0;n;1.0;2024-01-22;RS;116;516,7;PELOTAS;Acessar a via sem observar a presença dos outros veículos;Com Vítimas Feridas;2;Nublado;Anoitecer;segunda-feira;Colisão transversal;Dupla;0;0;-31.67522177;-52.34182298;Segura;Sul;1 Trimestre
661350;2025.0;n;2.0;2025-02-14;BA;116;492,7;RAFAEL JAMBEIRO;Ausência de reação do condutor;Com Vítimas Feridas;4;Céu Claro;Pleno dia;sexta-feira;Colisão traseira;Dupla;0;0;-12,57489;-39,50265;Segura;Nordeste;1 Trimestre
665983;2025.0;n;3.0;2025-03-08;MG;381;364;JOAO MONLEVADE;Reação tardia ou ineficiente do condutor;Com Vítimas Feridas;1;Céu Claro;Pleno dia;sábado;Capotamento;Simples;0;1;-19,8549331;-43,217128;Perigosa;Sudeste;1 Trimestre
686244;2025.0;n;4.0;2025-04-20;SC;101;237,5;PALHOCA;Reação tardia ou ineficiente do condutor;Sem Vítimas;2;Nublado;Anoitecer;domingo;Colisão lateral mesmo sentido;Dupla;0;0;-27,83966;-48,63262;Segura;Sul;2 Trimestre
686584;2025.0;y;4.0;2025-04-21;PR;376;633,5;SAO JOSE DOS PINHAIS;Reação tardia ou ineficiente do condutor;Sem Vítimas;5;Nublado;Plena Noite;segunda-feira;Colisão lateral mesmo sentido;Dupla;0;0;-25,732987;-49,132576;Segura;Sul;2 Trimestre
652864;2025.0;n;1.0;2025-01-03;PB;230;6;CABEDELO;Condutor Dormindo;Com Vítimas Feridas;1;Nublado;Plena Noite;sexta-feira;Tombamento;Simples;0;0;-7,02;-34,8359;Segura;Nordeste;1 Trimestre
602624;2024.0;n;5.0;2024-05-24;PA;230;16;BREJO GRANDE DO ARAGUAIA;Reação tardia ou ineficiente do condutor;Com Vítimas Fatais;3;Sol;Pleno dia;sexta-feira;Colisão frontal;Simples;1;0;-5.696301;-48.34225;Perigosa;Norte;2 Trimestre
685537;2025.0;n;4.0;2025-04-17;MG;381;483,7;BETIM;Manobra de mudança de faixa;Com Vítimas Feridas;2;Céu Claro;Plena Noite;quinta-feira;Colisão lateral mesmo sentido;Dupla;0;0;-19,95956859;-44,08586914;Segura;Sudeste;2 Trimestre
576682;2024.0;n;1.0;2024-01-23;MG;116;99;MEDINA;Transitar na contramão;Com Vítimas Feridas;2;Céu Claro;Pleno dia;terça-feira;Colisão lateral sentido oposto;Simples;0;0;-16.426161;-41.490856;Segura;Sudeste;1 Trimestre
658316;2025.0;n;1.0;2025-01-31;PR;476;192;LAPA;Velocidade Incompatível;Com Vítimas Fatais;3;Chuva;Plena Noite;sexta-feira;Colisão frontal;Simples;1;0;-25,731652;-49,704011;Perigosa;Sul;1 Trimestre
606653;2024.0;n;6.0;2024-06-10;PR;369;16;CAMBARA;Condutor usando celular;Com Vítimas Feridas;2;Céu Claro;Plena Noite;segunda-feira;Saída de leito carroçável;Simples;0;0;-23.02932265;-50.04678547;Segura;Sul;2 Trimestre
625093;2024.0;n;9.0;2024-09-01;PI;343;319;ALTOS;Manobra de mudança de faixa;Com Vítimas Feridas;2;Céu Claro;Pleno dia;domingo;Saída de leito carroçável;Simples;0;0;-5.048245;-42.560604;Segura;Nordeste;3 Trimestre
613634;2024.0;n;7.0;2024-07-11;SP;116;505;CAJATI;Reação tardia ou ineficiente do condutor;Com Vítimas Fatais;2;Garoa/Chuvisco;Amanhecer;quinta-feira;Colisão com objeto;Múltipla;1;0;-24.79028098;-48.21075278;Perigosa;Sudeste;3 Trimestre
579702;2024.0;n;2.0;2024-02-08;RJ;101;53;CAMPOS DOS GOYTACAZES;Reação tardia ou ineficiente do condutor;Com Vítimas Fatais;3;Céu Claro;Amanhecer;quinta-feira;Colisão transversal;Simples;1;0;-21.660484;-41.31128898;Perigosa;Sudeste;1 Trimestre
672879;2025.0;n;4.0;2025-04-11;PI;222;0;SAO JOAO DA FRONTEIRA;Velocidade Incompatível;Com Vítimas Feridas;1;Céu Claro;Plena Noite;sexta-feira;Capotamento;Simples;0;0;-3,916748;-41,237355;Segura;Nordeste;2 Trimestre
585809;2024.0;n;3.0;2024-03-08;ES;101;144,3;LINHARES;Condutor deixou de manter distância do veículo da frente;Com Vítimas Feridas;2;Céu Claro;Pleno dia;sexta-feira;Colisão traseira;Dupla;0;0;-19.35188295;-40.0636685;Segura;Sudeste;1 Trimestre
654175;2025.0;n;1.0;2025-01-10;BA;101;589,9;CAMACAN;Velocidade Incompatível;Com Vítimas Feridas;2;Chuva;Pleno dia;sexta-feira;Colisão frontal;Simples;0;0;-15,426887;-39,448864;Segura;Nordeste;1 Trimestre
582507;2024.0;n;2.0;2024-02-21;RJ;116;35,5;SAPUCAIA;Acumulo de água sobre o pavimento;Com Vítimas Feridas;1;Chuva;Plena Noite;quarta-feira;Saída de leito carroçável;Simples;0;0;-22.07307;-42.79567;Segura;Sudeste;1 Trimestre
581616;2024.0;n;2.0;2024-02-17;MG;251;464,7;GRAO MOGOL;Ausência de reação do condutor;Com Vítimas Feridas;4;Chuva;Amanhecer;sábado;Colisão frontal;Simples;0;2;-16.44852635;-43.40147861;Perigosa;Sudeste;1 Trimestre
629221;2024.0;n;9.0;2024-09-19;BA;101;103;ALAGOINHAS;Ingestão de álcool pelo condutor;Sem Vítimas;2;Céu Claro;Plena Noite;quinta-feira;Colisão frontal;Simples;0;0;-12.15963868;-38.41162324;Segura;Nordeste;3 Trimestre
671387;2025.0;n;4.0;2025-04-03;PR;376;603,5;CURITIBA;Velocidade Incompatível;Com Vítimas Fatais;8;Nublado;Plena Noite;quinta-feira;Colisão traseira;Dupla;1;0;-25,53081884;-49,32483304;Perigosa;Sul;2 Trimestre
589143;2024.0;n;3.0;2024-03-23;RS;290;40,9;SANTO ANTONIO DA PATRULHA;Condutor Dormindo;Com Vítimas Fatais;5;Céu Claro;Plena Noite;sábado;Colisão com objeto;Dupla;1;0;-29.886173;-50.658577;Perigosa;Sul;1 Trimestre
667707;2025.0;n;3.0;2025-03-16;TO;153;799,3;TALISMA;Reação tardia ou ineficiente do condutor;Com Vítimas Fatais;2;Céu Claro;Plena Noite;domingo;Colisão traseira;Simples;1;0;-12,81050615;-49,09715635;Perigosa;Norte;1 Trimestre
577857;2024.0;n;1.0;2024-01-29;MG;267;11;LEOPOLDINA;Reação tardia ou ineficiente do condutor;Com Vítimas Fatais;3;Céu Claro;Pleno dia;segunda-feira;Colisão traseira;Simples;1;0;-21.56999426;-42.70830382;Perigosa;Sudeste;1 Trimestre
576159;2024.0;n;1.0;2024-01-21;MG;40;247,5;SAO GONCALO DO ABAETE;Demais falhas mecânicas ou elétricas;Sem Vítimas;3;Céu Claro;Plena Noite;domingo;Incêndio;Simples;0;0;-18.10887028;-45.4657742;Segura;Sudeste;1 Trimestre
652536;2025.0;y;1.0;2025-01-01;SC;470;7;NAVEGANTES;Transitar na contramão;Com Vítimas Feridas;3;Céu Claro;Pleno dia;quarta-feira;Colisão frontal;Dupla;0;1;-26,84499;-48,71505;Perigosa;Sul;1 Trimestre
672627;2025.0;n;4.0;2025-04-09;PR;153;48,9;SANTO ANTONIO DA PLATINA;Acessar a via sem observar a presença dos outros veículos;Com Vítimas Feridas;3;Céu Claro;Plena Noite;quarta-feira;Colisão transversal;Simples;0;1;-23,3569284;-50,0632432;Perigosa;Sul;2 Trimestre
667094;2025.0;n;3.0;2025-03-14;RS;290;169,3;BUTIA;Condutor deixou de manter distância do veículo da frente;Com Vítimas Feridas;2;Céu Claro;Plena Noite;sexta-feira;Colisão traseira;Simples;0;1;-30,124838;-51,905549;Perigosa;Sul;1 Trimestre
620322;2024.0;n;8.0;2024-08-10;SC;470;132;LONTRAS;Condutor deixou de manter distância do veículo da frente;Com Vítimas Feridas;2;Céu Claro;Pleno dia;sábado;Colisão traseira;Simples;0;0;-27.170237;-49.574718;Segura;Sul;3 Trimestre
653883;2025.0;n;1.0;2025-01-08;SC;101;126,3;ITAJAI;Trafegar com motocicleta (ou similar) entre as faixas;Com Vítimas Fatais;2;Nublado;Pleno dia;quarta-feira;Colisão traseira;Dupla;2;0;-26,9587407;-48,6801338;Perigosa;Sul;1 Trimestre
616327;2024.0;n;6.0;2024-06-30;GO;364;384,3;SANTA RITA DO ARAGUAIA;Ausência de reação do condutor;Com Vítimas Feridas;4;Céu Claro;Pleno dia;domingo;Colisão frontal;Simples;0;1;-17.336027;-53.186886;Perigosa;Centro-Oeste;2 Trimestre
582322;2024.0;n;2.0;2024-02-20;SP;116;111,9;TAUBATE;Ausência de reação do condutor;Com Vítimas Feridas;3;Nublado;Plena Noite;terça-feira;Colisão traseira;Dupla;0;1;-23.03887149;-45.56097419;Perigosa;Sudeste;1 Trimestre