id;ano;feriado;mes;data_inversa;uf;br;km;municipio;causa_acidente;classificacao_acidente;veiculos;condicao_metereologica;fase_dia;dia_semana;tipo_acidente;tipo_pista;mortos;feridos_graves;latitude;longitude;status;regiao;periodo
652707;2025.0;n;1.0;2025-01-02;RN;304;192;LAJES;Acessar a via sem observar a presença dos outros veículos;Com Vítimas Feridas;2;Céu Claro;Amanhecer;quinta-feira;Colisão transversal;Simples;0;0;-5,70618096;-36,22696638;Segura;Nordeste;1 Trimestre
614898;2024.0;n;7.0;2024-07-09;MS;163;713;RIO VERDE DE MATO GROSSO;Demais falhas mecânicas ou elétricas;Com Vítimas Feridas;2;Céu Claro;Pleno dia;terça-feira;Colisão com objeto;Simples;0;1;-18.73077206;-54.81705577;Perigosa;Centro-Oeste;3 Trimestre
654027;2025.0;n;1.0;2025-01-04;GO;153;491;GOIANIA;Reação tardia ou ineficiente do condutor;Com Vítimas Feridas;3;Céu Claro;Plena Noite;sábado;Colisão com objeto;Dupla;0;1;-16,639;-49,2063;Perigosa;Centro-Oeste;1 Trimestre
581968;2024.0;n;2.0;2024-02-19;TO;153;240;COLINAS DO TOCANTINS;Ausência de reação do condutor;Com Vítimas Fatais;2;Céu Claro;Amanhecer;segunda-feira;Colisão frontal;Simples;1;0;-7.994203;-48.46468483;Perigosa;Norte;1 Trimestre
588964;2024.0;n;2.0;2024-02-28;BA;116;373;SERRINHA;Reação tardia ou ineficiente do condutor;Com Vítimas Fatais;6;Céu Claro;Pleno dia;quarta-feira;Colisão traseira;Simples;1;0;-11.7878313;-38.98560509;Perigosa;Nordeste;1 Trimestre
574387;2024.0;n;1.0;2024-01-13;MG;381;525,5;BRUMADINHO;Velocidade Incompatível;Com Vítimas Feridas;1;Céu Claro;Amanhecer;sábado;Tombamento;Dupla;0;1;-20.16710798;-44.33422398;Perigosa;Sudeste;1 Trimestre
612473;2024.0;n;7.0;2024-07-06;ES;262;164,1;IBATIBA;Transitar na contramão;Com Vítimas Feridas;4;Nevoeiro/Neblina;Pleno dia;sábado;Colisão frontal;Simples;0;1;-20.24268196;-41.54659319;Perigosa;Sudeste;3 Trimestre
606449;2024.0;n;5.0;2024-05-29;RJ;101;311;SAO GONCALO;Condutor Dormindo;Com Vítimas Fatais;2;Céu Claro;Pleno dia;quarta-feira;Colisão traseira;Dupla;1;0;-22.80062246;-43.05318779;Perigosa;Sudeste;2 Trimestre
617283;2024.0;n;7.0;2024-07-27;PR;376;346;ORTIGUEIRA;Reação tardia ou ineficiente do condutor;Com Vítimas Feridas;5;Céu Claro;Pleno dia;sábado;Colisão lateral sentido oposto;Simples;0;1;-24.21686179;-50.9366528;Perigosa;Sul;3 Trimestre
627233;2024.0;n;9.0;2024-09-10;MT;163;877;SINOP;Ausência de reação do condutor;Com Vítimas Feridas;3;Céu Claro;Plena Noite;terça-feira;Saída de leito carroçável;Simples;0;1;-11.50642;-55.373184;Perigosa;Centro-Oeste;3 Trimestre
582737;2024.0;n;2.0;2024-02-23;GO;50;147,5;IPAMERI;Acessar a via sem observar a presença dos outros veículos;Com Vítimas Fatais;3;Garoa/Chuvisco;Pleno dia;sexta-feira;Colisão traseira;Dupla;1;0;-17.1482;-47.7229;Perigosa;Centro-Oeste;1 Trimestre
688851;2025.0;n;4.0;2025-04-05;BA;101;579;CAMACAN;Ingestão de álcool pelo condutor;Com Vítimas Fatais;5;Céu Claro;Plena Noite;sábado;Colisão lateral sentido oposto;Simples;2;0;-15,349358;-39,501968;Perigosa;Nordeste;2 Trimestre
609400;2024.0;n;6.0;2024-06-23;RJ;116;190;QUEIMADOS;Condutor Dormindo;Com Vítimas Feridas;2;Céu Claro;Plena Noite;domingo;Colisão traseira;Dupla;0;0;-22.74123776;-43.5007311;Segura;Sudeste;2 Trimestre
572499;2024.0;n;1.0;2024-01-04;SC;101;127,8;BALNEARIO CAMBORIU;Mal súbito do condutor;Com Vítimas Feridas;3;Céu Claro;Plena Noite;quinta-feira;Colisão lateral mesmo sentido;Dupla;0;1;-26.97284292;-48.68299451;Perigosa;Sul;1 Trimestre
626896;2024.0;n;9.0;2024-09-09;MT;163;786;VERA;Acessar a via sem observar a presença dos outros veículos;Sem Vítimas;5;Céu Claro;Pleno dia;segunda-feira;Colisão transversal;Simples;0;0;-12.28674607;-55.56204785;Segura;Centro-Oeste;3 Trimestre
616321;2024.0;n;7.0;2024-07-23;SC;101;298,5;LAGUNA;Reação tardia ou ineficiente do condutor;Com Vítimas Feridas;3;Céu Claro;Pleno dia;terça-feira;Colisão traseira;Múltipla;0;0;-28.35076704;-48.73925149;Segura;Sul;3 Trimestre
597815;2024.0;n;5.0;2024-05-02;PR;373;199;IPIRANGA;Ausência de reação do condutor;Com Vítimas Feridas;1;Céu Claro;Amanhecer;quinta-feira;Saída de leito carroçável;Simples;0;0;-25.08427259;-50.40849951;Segura;Sul;2 Trimestre
613880;2024.0;n;7.0;2024-07-12;PR;153;523;GENERAL CARNEIRO;Acesso irregular;Com Vítimas Feridas;4;Garoa/Chuvisco;Amanhecer;sexta-feira;Colisão transversal;Simples;0;0;-26.60847174;-51.47593617;Segura;Sul;3 Trimestre
669979;2025.0;n;3.0;2025-03-28;SP;116;146;SAO JOSE DOS CAMPOS;Acessar a via sem observar a presença dos outros veículos;Sem Vítimas;2;Céu Claro;Plena Noite;sexta-feira;Colisão lateral mesmo sentido;Múltipla;0;0;-23,19481178;-45,86995897;Segura;Sudeste;1 Trimestre
661931;2025.0;n;2.0;2025-02-01;SC;101;39;JOINVILLE;Demais falhas mecânicas ou elétricas;Com Vítimas Feridas;3;Chuva;Pleno dia;sábado;Colisão com objeto;Dupla;0;0;-26,2628107;-48,90192257;Segura;Sul;1 Trimestre
585662;2024.0;n;3.0;2024-03-07;RS;116;253;SAPUCAIA DO SUL;Ausência de reação do condutor;Com Vítimas Fatais;4;Céu Claro;Pleno dia;quinta-feira;Engavetamento;Dupla;1;0;-29.81641659;-51.1698103;Perigosa;Sul;1 Trimestre
574104;2024.0;n;1.0;2024-01-12;RS;116;247,1;SAO LEOPOLDO;Demais falhas mecânicas ou elétricas;Sem Vítimas;2;Céu Claro;Amanhecer;sexta-feira;Incêndio;Múltipla;0;0;-29.76733091;-51.1535296;Segura;Sul;1 Trimestre
615055;2024.0;n;7.0;2024-07-17;MT;158;538,4;AGUA BOA;Ausência de reação do condutor;Sem Vítimas;4;Céu Claro;Pleno dia;quarta-feira;Tombamento;Simples;0;0;-13.82544302;-52.03866031;Segura;Centro-Oeste;3 Trimestre
583530;2024.0;n;2.0;2024-02-26;BA;116;499,3;SANTA TERESINHA;Ausência de reação do condutor;Com Vítimas Feridas;2;Céu Claro;Plena Noite;segunda-feira;Colisão frontal;Simples;0;1;-12.5856623;-39.52239348;Perigosa;Nordeste;1 Trimestre
575157;2024.0;n;1.0;2024-01-16;RS;287;350;JAGUARI;Velocidade Incompatível;Com Vítimas Feridas;1;Nublado;Pleno dia;terça-feira;Saída de leito carroçável;Simples;0;1;-29.51133302;-54.67711984;Perigosa;Sul;1 Trimestre
653014;2025.0;n;1.0;2025-01-03;PR;376;125,2;ALTO PARANA;Reação tardia ou ineficiente do condutor;Com Vítimas Feridas;1;Céu Claro;Pleno dia;sexta-feira;Saída de leito carroçável;Dupla;0;0;-23,14972357;-52,27427368;Segura;Sul;1 Trimestre
573789;2024.0;n;1.0;2024-01-10;CE;116;9,3;FORTALEZA;Manobra de mudança de faixa;Com Vítimas Feridas;2;Céu Claro;Pleno dia;quarta-feira;Colisão lateral mesmo sentido;Múltipla;0;0;-3.82779096;-38.50486117;Segura;Nordeste;1 Trimestre
588821;2024.0;n;3.0;2024-03-21;RJ;101;293;ITABORAI;Condutor deixou de manter distância do veículo da frente;Com Vítimas Feridas;2;Sol;Pleno dia;quinta-feira;Colisão traseira;Simples;0;0;-22.756203;-42.88724;Segura;Sudeste;1 Trimestre
662168;2025.0;n;2.0;2025-02-18;MS;163;452;CAMPO GRANDE;Demais falhas mecânicas ou elétricas;Sem Vítimas;1;Nublado;Pleno dia;terça-feira;Incêndio;Dupla;0;0;-20,70734807;-54,54695418;Segura;Centro-Oeste;1 Trimestre
654468;2025.0;n;1.0;2025-01-11;MT;163;747;SORRISO;Reação tardia ou ineficiente do condutor;Com Vítimas Feridas;6;Chuva;Pleno dia;sábado;Colisão traseira;Dupla;0;1;-12,59389449;-55,74342728;Perigosa;Centro-Oeste;1 Trimestre
597222;2024.0;n;4.0;2024-04-20;AM;174;890;MANAUS;Estacionar ou parar em local proibido;Com Vítimas Feridas;6;Nublado;Pleno dia;sábado;Colisão traseira;Simples;0;0;-2.92441787;-60.03694179;Segura;Norte;2 Trimestre
605076;2024.0;n;6.0;2024-06-03;MG;40;603;CONGONHAS;Acessar a via sem observar a presença dos outros veículos;Com Vítimas Feridas;2;Céu Claro;Plena Noite;segunda-feira;Colisão transversal;Simples;0;2;-20.4473083;-43.83984525;Perigosa;Sudeste;2 Trimestre
624554;2024.0;n;8.0;2024-08-30;MG;116;514,7;UBAPORANGA;Carga excessiva e/ou mal acondicionada;Com Vítimas Feridas;3;Sol;Pleno dia;sexta-feira;Derramamento de carga;Simples;0;1;-19.67880399;-42.11700024;Perigosa;Sudeste;3 Trimestre
628710;2024.0;n;9.0;2024-09-17;SP;116;546;BARRA DO TURVO;Velocidade Incompatível;Com Vítimas Feridas;5;Garoa/Chuvisco;Pleno dia;terça-feira;Colisão com objeto;Simples;0;0;-24.9470862;-48.43042095;Segura;Sudeste;3 Trimestre
596459;2024.0;n;4.0;2024-04-26;PR;376;600;CURITIBA;Condutor deixou de manter distância do veículo da frente;Com Vítimas Feridas;2;Céu Claro;Pleno dia;sexta-feira;Colisão traseira;Dupla;0;1;-25.53195602;-49.32205901;Perigosa;Sul;2 Trimestre
612939;2024.0;n;7.0;2024-07-08;SP;116;340;JUQUITIBA;Condutor Dormindo;Sem Vítimas;2;Garoa/Chuvisco;Pleno dia;segunda-feira;Colisão com objeto;Dupla;0;0;-24.00328505;-47.15633198;Segura;Sudeste;3 Trimestre
653079;2025.0;n;1.0;2025-01-04;MS;158;114,4;PARANAIBA;Conversão proibida;Sem Vítimas;2;Céu Claro;Amanhecer;sábado;Saída de leito carroçável;Simples;0;0;-19,82292705;-51,11442018;Segura;Centro-Oeste;1 Trimestre
623838;2024.0;n;8.0;2024-08-26;MG;40;525,3;CONTAGEM;Suicídio (presumido);Com Vítimas Fatais;2;Céu Claro;Anoitecer;segunda-feira;Colisão frontal;Dupla;1;0;-19.89255399;-44.04985478;Perigosa;Sudeste;3 Trimestre
580824;2024.0;n;2.0;2024-02-12;MG;262;48,3;MANHUACU;Ausência de reação do condutor;Com Vítimas Fatais;2;Céu Claro;Pleno dia;segunda-feira;Colisão frontal;Simples;1;0;-20.25373412;-42.12287611;Perigosa;Sudeste;1 Trimestre
670335;2025.0;n;3.0;2025-03-29;SC;282;443,6;PONTE SERRADA;Acumulo de água sobre o pavimento;Com Vítimas Feridas;4;Chuva;Pleno dia;sábado;Colisão lateral sentido oposto;Simples;0;0;-26,91926;-51,88567;Segura;Sul;1 Trimestre
608116;2024.0;n;6.0;2024-06-17;BA;116;816,8;VITORIA DA CONQUISTA;Acessar a via sem observar a presença dos outros veículos;Com Vítimas Feridas;5;Céu Claro;Pleno dia;segunda-feira;Colisão transversal;Simples;0;2;-14.77751018;-40.73036091;Perigosa;Nordeste;2 Trimestre
594828;2024.0;n;4.0;2024-04-18;RJ;116;199;QUEIMADOS;Acessar a via sem observar a presença dos outros veículos;Com Vítimas Fatais;2;Nublado;Plena Noite;quinta-feira;Atropelamento de Pedestre;Dupla;1;0;-22.72898648;-43.58452101;Perigosa;Sudeste;2 Trimestre
611772;2024.0;n;5.0;2024-05-26;BA;20;100;SAO DESIDERIO;Demais falhas na via;Com Vítimas Feridas;5;Céu Claro;Pleno dia;domingo;Colisão lateral sentido oposto;Simples;0;1;-13.0;-46.0;Perigosa;Nordeste;2 Trimestre
686201;2025.0;n;4.0;2025-04-20;GO;20;208;SIMOLANDIA;Ultrapassagem Indevida;Com Vítimas Feridas;8;Céu Claro;Pleno dia;domingo;Colisão lateral mesmo sentido;Simples;0;3;-14,40410769;-46,45122036;Perigosa;Centro-Oeste;2 Trimestre
628231;2024.0;n;9.0;2024-09-15;MG;116;2;DIVISA ALEGRE;Pedestre cruzava a pista fora da faixa;Com Vítimas Feridas;3;Céu Claro;Pleno dia;domingo;Atropelamento de Pedestre;Simples;0;0;-15.73455515;-41.34083437;Segura;Sudeste;3 Trimestre
598549;2024.0;n;5.0;2024-05-05;BA;235;4,2;PEDRO ALEXANDRE;Transitar na contramão;Sem Vítimas;2;Céu Claro;Plena Noite;domingo;Colisão lateral sentido oposto;Simples;0;0;-10.29174082;-37.76616481;Segura;Nordeste;2 Trimestre
612510;2024.0;n;7.0;2024-07-06;MG;381;442,9;SABARA;Ultrapassagem Indevida;Com Vítimas Fatais;4;Céu Claro;Pleno dia;sábado;Colisão traseira;Simples;1;2;-19.81160206;-43.79604396;Perigosa;Sudeste;3 Trimestre
591948;2024.0;n;4.0;2024-04-05;AL;104;32;UNIAO DOS PALMARES;Mal súbito do condutor;Com Vítimas Feridas;3;Céu Claro;Pleno dia;sexta-feira;Colisão frontal;Simples;0;0;-9.13743588;-36.01981091;Segura;Nordeste;2 Trimestre
605436;2024.0;n;6.0;2024-06-05;RS;290;182,4;MINAS DO LEAO;Acessar a via sem observar a presença dos outros veículos;Sem Vítimas;2;Céu Claro;Plena Noite;quarta-feira;Colisão transversal;Simples;0;0;-30.14417156;-52.04548717;Segura;Sul;2 Trimestre
618429;2024.0;n;8.0;2024-08-01;SC;280;233;CANOINHAS;Ausência de reação do condutor;Com Vítimas Fatais;3;Garoa/Chuvisco;Plena Noite;quinta-feira;Colisão frontal;Simples;2;0;-26.1910047;-50.3896921;Perigosa;Sul;3 Trimestre
577067;2024.0;n;1.0;2024-01-14;MG;365;387;PATOS DE MINAS;Reação tardia ou ineficiente do condutor;Com Vítimas Feridas;2;Céu Claro;Plena Noite;domingo;Colisão lateral sentido oposto;Dupla;0;1;-18.61055297;-46.28857506;Perigosa;Sudeste;1 Trimestre
579602;2024.0;n;2.0;2024-02-07;PR;277;195;PALMEIRA;Acessar a via sem observar a presença dos outros veículos;Com Vítimas Feridas;2;Céu Claro;Pleno dia;quarta-feira;Colisão lateral mesmo sentido;Simples;0;0;-25.43309215;-50.15896593;Segura;Sul;1 Trimestre
593345;2024.0;n;4.0;2024-04-11;SC;163;85,8;GUARACIABA;Ingestão de álcool pelo condutor;Sem Vítimas;1;Nublado;Plena Noite;quinta-feira;Saída de leito carroçável;Simples;0;0;-26.5993393;-53.51500511;Segura;Sul;2 Trimestre
629320;2024.0;n;9.0;2024-09-20;MG;381;933,2;EXTREMA;Velocidade Incompatível;Com Vítimas Feridas;3;Céu Claro;Pleno dia;sexta-feira;Tombamento;Dupla;0;0;-22.81492017;-46.2920647;Segura;Sudeste;3 Trimestre
625927;2024.0;n;9.0;2024-09-05;PR;277;419,1;CANTAGALO;Acessar a via sem observar a presença dos outros veículos;Com Vítimas Feridas;2;Céu Claro;Pleno dia;quinta-feira;Colisão lateral mesmo sentido;Simples;0;0;-25.41318664;-52.07945271;Segura;Sul;3 Trimestre
581844;2024.0;n;2.0;2024-02-15;RJ;40;123;DUQUE DE CAXIAS;Manobra de mudança de faixa;Com Vítimas Feridas;3;Nublado;Amanhecer;quinta-feira;Colisão lateral mesmo sentido;Dupla;0;0;-22.79907687;-43.29015739;Segura;Sudeste;1 Trimestre
668824;2025.0;n;3.0;2025-03-22;SE;101;87;NOSSA SENHORA DO SOCORRO;Velocidade Incompatível;Sem Vítimas;3;Céu Claro;Pleno dia;sábado;Colisão traseira;Dupla;0;0;-10,84472855;-37,13700771;Segura;Nordeste;1 Trimestre
627193;2024.0;n;9.0;2024-09-10;SC;101;49;JOINVILLE;Acessar a via sem observar a presença dos outros veículos;Com Vítimas Fatais;6;Nublado;Anoitecer;terça-feira;Colisão lateral mesmo sentido;Dupla;1;0;-26.3828741;-48.8509389;Perigosa;Sul;3 Trimestre
579701;2024.0;n;2.0;2024-02-07;MG;365;28,1;MONTES CLAROS;Reação tardia ou ineficiente do condutor;Com Vítimas Feridas;2;Chuva;Pleno dia;quarta-feira;Saída de leito carroçável;Simples;0;0;-16.84279211;-44.08613806;Segura;Sudeste;1 Trimestre
624625;2024.0;n;7.0;2024-07-25;PA;230;112;MARABA;Condutor deixou de manter distância do veículo da frente;Com Vítimas Feridas;4;Céu Claro;Pleno dia;quinta-feira;Colisão traseira;Simples;0;0;-5.36913479;-49.04877095;Segura;Norte;3 Trimestre
617416;2024.0;n;7.0;2024-07-28;MG;354;771,3;ITAMONTE;Velocidade Incompatível;Com Vítimas Feridas;3;Céu Claro;Pleno dia;domingo;Colisão lateral sentido oposto;Simples;0;1;-22.36272523;-44.77518082;Perigosa;Sudeste;3 Trimestre
601997;2024.0;n;5.0;2024-05-21;ES;262;53,2;MARECHAL FLORIANO;Transitar na contramão;Com Vítimas Fatais;4;Céu Claro;Pleno dia;terça-feira;Colisão lateral sentido oposto;Simples;2;0;-20.41397156;-40.73317528;Perigosa;Sudeste;2 Trimestre
582304;2024.0;n;2.0;2024-02-20;MT;163;1067;GUARANTA DO NORTE;Acessar a via sem observar a presença dos outros veículos;Com Vítimas Feridas;4;Chuva;Plena Noite;terça-feira;Colisão lateral mesmo sentido;Simples;0;0;-10.06966899;-54.90642513;Segura;Centro-Oeste;1 Trimestre
604788;2024.0;n;6.0;2024-06-02;PR;116;195,8;RIO NEGRO;Demais falhas mecânicas ou elétricas;Sem Vítimas;1;Céu Claro;Plena Noite;domingo;Incêndio;Simples;0;0;-25.99595516;-49.66757935;Segura;Sul;2 Trimestre
573914;2024.0;n;1.0;2024-01-03;MG;267;59,2;BICAS;Ausência de reação do condutor;Com Vítimas Fatais;2;Céu Claro;Pleno dia;quarta-feira;Colisão lateral sentido oposto;Simples;1;0;-21.7245573;-43.04402678;Perigosa;Sudeste;1 Trimestre
659202;2025.0;n;2.0;2025-02-04;PR;277;306;PRUDENTOPOLIS;Pedestre andava na pista;Com Vítimas Feridas;3;Nublado;Pleno dia;terça-feira;Atropelamento de Pedestre;Simples;0;1;-25,29937603;-51,14537699;Perigosa;Sul;1 Trimestre
653345;2025.0;n;1.0;2025-01-05;PR;469;13;FOZ DO IGUACU;Demais falhas mecânicas ou elétricas;Sem Vítimas;1;Céu Claro;Pleno dia;domingo;Incêndio;Simples;0;0;-25,5754;-54,5489;Segura;Sul;1 Trimestre
581116;2024.0;n;2.0;2024-02-14;RS;285;120,7;VACARIA;Acessar a via sem observar a presença dos outros veículos;Com Vítimas Feridas;3;Nublado;Pleno dia;quarta-feira;Colisão lateral mesmo sentido;Simples;0;0;-28.51029479;-50.93502045;Segura;Sul;1 Trimestre
590468;2024.0;y;3.0;2024-03-29;SC;101;148;ITAPEMA;Ingestão de álcool pelo condutor;Sem Vítimas;4;Céu Claro;Plena Noite;sexta-feira;Colisão traseira;Dupla;0;0;-27.06436;-48.59599405;Segura;Sul;1 Trimestre
688222;2025.0;n;4.0;2025-04-30;BA;101;300,5;VALENCA;Ausência de reação do condutor;Com Vítimas Fatais;3;Céu Claro;Amanhecer;quarta-feira;Saída de leito carroçável;Simples;1;0;-13,26449939;-39,32683659;Perigosa;Nordeste;2 Trimestre
659781;2025.0;n;2.0;2025-02-07;GO;153;503;APARECIDA DE GOIANIA;Acessar a via sem observar a presença dos outros veículos;Com Vítimas Feridas;4;Céu Claro;Pleno dia;sexta-feira;Colisão transversal;Dupla;0;0;-16,7366;-49,243;Segura;Centro-Oeste;1 Trimestre
607170;2024.0;n;6.0;2024-06-13;PR;116;12;CAMPINA GRANDE DO SUL;Reação tardia ou ineficiente do condutor;Com Vítimas Feridas;2;Céu Claro;Pleno dia;quinta-feira;Tombamento;Dupla;0;0;-25.09768382;-48.65908532;Segura;Sul;2 Trimestre
687026;2025.0;n;4.0;2025-04-22;AC;364;108;RIO BRANCO;Reação tardia ou ineficiente do condutor;Com Vítimas Feridas;1;Nublado;Plena Noite;terça-feira;Saída de leito carroçável;Simples;0;0;-10,017426;-67,654336;Segura;Norte;2 Trimestre
627292;2024.0;n;8.0;2024-08-23;SP;116;545;BARRA DO TURVO;Reação tardia ou ineficiente do condutor;Com Vítimas Feridas;2;Chuva;Plena Noite;sexta-feira;Colisão com objeto;Simples;0;0;-24.95016699;-48.42400302;Segura;Sudeste;3 Trimestre
605200;2024.0;n;6.0;2024-06-04;BA;324;606;SIMOES FILHO;Avarias e/ou desgaste excessivo no pneu;Sem Vítimas;2;Nublado;Anoitecer;terça-feira;Eventos atípicos;Dupla;0;0;-12.79340512;-38.40485325;Segura;Nordeste;2 Trimestre
619410;2024.0;n;8.0;2024-08-06;PE;232;8;RECIFE;Ausência de reação do condutor;Com Vítimas Feridas;3;Céu Claro;Pleno dia;terça-feira;Colisão traseira;Dupla;0;0;-8.07583727;-34.97015791;Segura;Nordeste;3 Trimestre
578715;2024.0;n;2.0;2024-02-03;MT;163;1033;PEIXOTO DE AZEVEDO;Ultrapassagem Indevida;Com Vítimas Feridas;2;Céu Claro;Pleno dia;sábado;Colisão lateral sentido oposto;Simples;0;0;-10.3429349;-55.04102846;Segura;Centro-Oeste;1 Trimestre
584695;2024.0;n;3.0;2024-03-03;PI;316;41,4;LAGOA DO PIAUI;Objeto estático sobre o leito carroçável;Com Vítimas Fatais;3;Nublado;Pleno dia;domingo;Colisão traseira;Simples;2;3;-5.41130487;-42.64513384;Perigosa;Nordeste;1 Trimestre
595760;2024.0;n;4.0;2024-04-22;RS;116;525;PELOTAS;Estacionar ou parar em local proibido;Com Vítimas Feridas;5;Céu Claro;Plena Noite;segunda-feira;Colisão traseira;Dupla;0;0;-31.7359522;-52.39349776;Segura;Sul;2 Trimestre
600327;2024.0;n;5.0;2024-05-13;PR;376;446;TIBAGI;Ausência de reação do condutor;Com Vítimas Feridas;1;Céu Claro;Plena Noite;segunda-feira;Colisão lateral mesmo sentido;Dupla;0;0;-24.90359202;-50.42244741;Segura;Sul;2 Trimestre
599777;2024.0;n;5.0;2024-05-11;GO;60;43,9;ALEXANIA;Reação tardia ou ineficiente do condutor;Com Vítimas Feridas;3;Céu Claro;Pleno dia;sábado;Colisão traseira;Dupla;0;0;-16.1164;-48.5892;Segura;Centro-Oeste;2 Trimestre
628840;2024.0;n;9.0;2024-09-18;PR;376;653;TIJUCAS DO SUL;Ausência de reação do condutor;Sem Vítimas;1;Céu Claro;Plena Noite;quarta-feira;Tombamento;Dupla;0;0;-25.84420191;-49.0604381;Segura;Sul;3 Trimestre
594868;2024.0;n;4.0;2024-04-19;PE;423;186,3;ITAIBA;Condutor Dormindo;Sem Vítimas;1;Céu Claro;Amanhecer;sexta-feira;Tombamento;Simples;0;0;-9.133045;-37.198836;Segura;Nordeste;2 Trimestre
598093;2024.0;n;5.0;2024-05-03;PR;153;45,9;SANTO ANTONIO DA PLATINA;Acessar a via sem observar a presença dos outros veículos;Com Vítimas Feridas;2;Céu Claro;Plena Noite;sexta-feira;Colisão transversal;Simples;0;0;-23.31948992;-50.06836564;Segura;Sul;2 Trimestre
603221;2024.0;n;5.0;2024-05-26;PI;402;36;PARNAIBA;Ingestão de álcool pelo condutor;Sem Vítimas;3;Chuva;Anoitecer;domingo;Colisão transversal;Simples;0;0;-2.94427636;-41.7359143;Segura;Nordeste;2 Trimestre
603773;2024.0;n;5.0;2024-05-29;PR;373;399,6;GUARAPUAVA;Desrespeitar a preferência no cruzamento;Com Vítimas Feridas;3;Céu Claro;Pleno dia;quarta-feira;Colisão transversal;Simples;0;1;-25.35596408;-51.23534897;Perigosa;Sul;2 Trimestre
590512;2024.0;y;3.0;2024-03-29;PB;101;96,2;CONDE;Acessar a via sem observar a presença dos outros veículos;Com Vítimas Fatais;2;Chuva;Pleno dia;sexta-feira;Colisão transversal;Dupla;2;2;-7.23846306;-34.9268519;Perigosa;Nordeste;1 Trimestre
671022;2025.0;n;4.0;2025-04-02;PR;369;344;CAMPO MOURAO;Velocidade Incompatível;Com Vítimas Feridas;2;Céu Claro;Plena Noite;quarta-feira;Tombamento;Simples;0;0;-24,08214684;-52,41230423;Segura;Sul;2 Trimestre
578474;2024.0;n;2.0;2024-02-02;BA;101;153;CONCEICAO DO JACUIPE;Condutor Dormindo;Com Vítimas Feridas;2;Céu Claro;Plena Noite;sexta-feira;Colisão traseira;Dupla;0;0;-12.35121978;-38.77466218;Segura;Nordeste;1 Trimestre
653100;2025.0;n;1.0;2025-01-04;RJ;101;384,7;RIO DE JANEIRO;Manobra de mudança de faixa;Com Vítimas Feridas;2;Sol;Pleno dia;sábado;Colisão lateral mesmo sentido;Dupla;0;0;-22,87911609;-43,62323999;Segura;Sudeste;1 Trimestre
656939;2025.0;n;1.0;2025-01-23;SC;101;36,8;PALHOCA;Ultrapassagem Indevida;Com Vítimas Feridas;3;Nublado;Plena Noite;quinta-feira;Colisão lateral mesmo sentido;Dupla;0;1;-27,6427;-48,6695;Perigosa;Sul;1 Trimestre
620289;2024.0;n;8.0;2024-08-10;RJ;116;220;PARACAMBI;Pista Escorregadia;Com Vítimas Feridas;1;Chuva;Pleno dia;sábado;Saída de leito carroçável;Dupla;0;0;-22.6776984;-43.8155365;Segura;Sudeste;3 Trimestre
671349;2025.0;n;4.0;2025-04-03;MG;365;16,8;MONTES CLAROS;Demais falhas na via;Com Vítimas Fatais;2;Céu Claro;Plena Noite;quinta-feira;Colisão frontal;Simples;3;1;-16,8649942;-43,9838644;Perigosa;Sudeste;2 Trimestre
673845;2025.0;n;4.0;2025-04-15;ES;101;285,6;CARIACICA;Acessar a via sem observar a presença dos outros veículos;Com Vítimas Feridas;3;Céu Claro;Pleno dia;terça-feira;Colisão transversal;Dupla;0;0;-20,25423855;-40,37464775;Segura;Sudeste;2 Trimestre
654304;2025.0;n;1.0;2025-01-10;MT;163;841;SINOP;Acessar a via sem observar a presença dos outros veículos;Com Vítimas Feridas;3;Céu Claro;Anoitecer;sexta-feira;Colisão transversal;Simples;0;0;-11,93347098;-55,51404107;Segura;Centro-Oeste;1 Trimestre
595173;2024.0;n;4.0;2024-04-20;MG;381;492;BETIM;Ausência de reação do condutor;Com Vítimas Feridas;2;Céu Claro;Pleno dia;sábado;Colisão lateral mesmo sentido;Dupla;0;0;-19.97490091;-44.19004301;Segura;Sudeste;2 Trimestre
655389;2025.0;n;1.0;2025-01-16;RO;319;57;PORTO VELHO;Ultrapassagem Indevida;Sem Vítimas;3;Nublado;Pleno dia;quinta-feira;Colisão traseira;Dupla;0;0;-8,7426448;-63,90230816;Segura;Norte;1 Trimestre
618282;2024.0;n;8.0;2024-08-01;PR;376;439,9;TIBAGI;Reação tardia ou ineficiente do condutor;Com Vítimas Feridas;2;Céu Claro;Pleno dia;quinta-feira;Tombamento;Dupla;0;0;-24.80403235;-50.48930168;Segura;Sul;3 Trimestre
622940;2024.0;n;8.0;2024-08-22;MG;40;802,8;MATIAS BARBOSA;Ausência de reação do condutor;Com Vítimas Feridas;2;Nublado;Plena Noite;quinta-feira;Colisão traseira;Dupla;0;0;-21.86534291;-43.36765294;Segura;Sudeste;3 Trimestre
668775;2025.0;n;3.0;2025-03-22;PB;101;117,6;CAAPORA;Reação tardia ou ineficiente do condutor;Com Vítimas Fatais;3;Céu Claro;Pleno dia;sábado;Colisão traseira;Dupla;1;0;-7,418948;-34,960877;Perigosa;Nordeste;1 Trimestre