id;ano;feriado;mes;data_inversa;uf;br;km;municipio;causa_acidente;classificacao_acidente;veiculos;condicao_metereologica;fase_dia;dia_semana;tipo_acidente;tipo_pista;mortos;feridos_graves;latitude;longitude;status;regiao;periodo
603071;2024.0;n;5.0;2024-05-26;TO;153;292;PRESIDENTE KENNEDY;Reação tardia ou ineficiente do condutor;Com Vítimas Feridas;6;Céu Claro;Pleno dia;domingo;Colisão traseira;Simples;0;0;-8.46172903;-48.48668779;Segura;Norte;2 Trimestre
600061;2024.0;n;5.0;2024-05-12;SP;116;380;MIRACATU;Condutor Dormindo;Com Vítimas Feridas;2;Céu Claro;Anoitecer;domingo;Saída de leito carroçável;Dupla;0;0;-24.21753686;-47.36651776;Segura;Sudeste;2 Trimestre
617131;2024.0;n;7.0;2024-07-27;TO;153;492;PARAISO DO TOCANTINS;Ingestão de álcool pelo condutor;Sem Vítimas;3;Céu Claro;Plena Noite;sábado;Colisão lateral sentido oposto;Simples;0;0;-10.15035953;-48.88468001;Segura;Norte;3 Trimestre
685314;2025.0;n;4.0;2025-04-17;RS;392;704,5;PORTO XAVIER;Reação tardia ou ineficiente do condutor;Sem Vítimas;1;Céu Claro;Amanhecer;quinta-feira;Saída de leito carroçável;Simples;0;0;-27,98730982;-55,13372714;Segura;Sul;2 Trimestre
661726;2025.0;n;2.0;2025-02-16;MG;381;427,5;CAETE;Manobra de mudança de faixa;Com Vítimas Feridas;4;Céu Claro;Pleno dia;domingo;Colisão lateral mesmo sentido;Dupla;0;1;-19,791003;-43,68128;Perigosa;Sudeste;1 Trimestre
617114;2024.0;n;7.0;2024-07-26;RJ;40;90;PETROPOLIS;Reação tardia ou ineficiente do condutor;Sem Vítimas;2;Garoa/Chuvisco;Plena Noite;sexta-feira;Colisão lateral mesmo sentido;Dupla;0;0;-22.550738;-43.236397;Segura;Sudeste;3 Trimestre
585820;2024.0;n;3.0;2024-03-08;ES;101;279,2;SERRA;Condutor deixou de manter distância do veículo da frente;Com Vítimas Feridas;3;Garoa/Chuvisco;Pleno dia;sexta-feira;Colisão traseira;Múltipla;0;0;-20.218122;-40.339325;Segura;Sudeste;1 Trimestre
597597;2024.0;y;5.0;2024-05-01;SC;101;211;PALHOCA;Condutor deixou de manter distância do veículo da frente;Com Vítimas Feridas;3;Céu Claro;Pleno dia;quarta-feira;Colisão traseira;Múltipla;0;0;-27.62329313;-48.65245588;Segura;Sul;2 Trimestre
653024;2025.0;n;1.0;2025-01-03;RJ;116;18;SAPUCAIA;Velocidade Incompatível;Com Vítimas Feridas;2;Nublado;Anoitecer;sexta-feira;Tombamento;Simples;0;1;-21,98843778;-42,7572571;Perigosa;Sudeste;1 Trimestre
586842;2024.0;n;3.0;2024-03-12;MG;381;925;ITAPEVA;Velocidade Incompatível;Com Vítimas Feridas;4;Céu Claro;Anoitecer;terça-feira;Tombamento;Dupla;0;0;-22.777207;-46.23911301;Segura;Sudeste;1 Trimestre
658464;2025.0;n;1.0;2025-01-30;MG;40;459,7;CAETANOPOLIS;Chuva;Com Vítimas Feridas;2;Chuva;Pleno dia;quinta-feira;Saída de leito carroçável;Dupla;0;0;-19,388919;-44,335457;Segura;Sudeste;1 Trimestre
655463;2025.0;n;1.0;2025-01-16;MG;116;21,9;AGUAS VERMELHAS;Velocidade Incompatível;Com Vítimas Feridas;1;Nublado;Pleno dia;quinta-feira;Tombamento;Simples;0;0;-15,84293113;-41,40943564;Segura;Sudeste;1 Trimestre
607641;2024.0;n;6.0;2024-06-15;SP;116;189;SANTA ISABEL;Pedestre andava na pista;Com Vítimas Fatais;3;Céu Claro;Pleno dia;sábado;Atropelamento de Pedestre;Dupla;1;0;-23.36435234;-46.22488684;Perigosa;Sudeste;2 Trimestre
608941;2024.0;n;6.0;2024-06-21;PR;376;498;PONTA GROSSA;Ausência de reação do condutor;Com Vítimas Feridas;4;Céu Claro;Pleno dia;sexta-feira;Colisão traseira;Dupla;0;0;-25.18839776;-50.0846328;Segura;Sul;2 Trimestre
578261;2024.0;n;1.0;2024-01-31;MT;158;625;AGUA BOA;Reação tardia ou ineficiente do condutor;Com Vítimas Feridas;2;Céu Claro;Plena Noite;quarta-feira;Tombamento;Simples;0;0;-14.49276784;-52.28569031;Segura;Centro-Oeste;1 Trimestre
587584;2024.0;n;3.0;2024-03-16;TO;153;624;ALIANCA DO TOCANTINS;Ingestão de álcool pelo condutor;Com Vítimas Feridas;3;Chuva;Amanhecer;sábado;Colisão traseira;Simples;0;0;-11.30983199;-48.94108506;Segura;Norte;1 Trimestre
616997;2024.0;n;7.0;2024-07-13;BA;324;625;SALVADOR;Objeto estático sobre o leito carroçável;Com Vítimas Feridas;2;Céu Claro;Pleno dia;sábado;Colisão com objeto;Dupla;0;0;-12.94194706;-38.47081224;Segura;Nordeste;3 Trimestre
621088;2024.0;n;8.0;2024-08-13;MG;262;458;NOVA SERRANA;Transitar na contramão;Com Vítimas Fatais;6;Céu Claro;Plena Noite;terça-feira;Colisão frontal;Simples;3;0;-19.83697491;-45.05802994;Perigosa;Sudeste;3 Trimestre
661951;2025.0;n;2.0;2025-02-17;ES;101;265;SERRA;Manobra de mudança de faixa;Sem Vítimas;2;Céu Claro;Pleno dia;segunda-feira;Colisão lateral mesmo sentido;Múltipla;0;0;-20,1816849;-40,26536036;Segura;Sudeste;1 Trimestre
628097;2024.0;n;9.0;2024-09-14;PE;316;104;OURICURI;Demais falhas mecânicas ou elétricas;Sem Vítimas;1;Céu Claro;Pleno dia;sábado;Incêndio;Simples;0;0;-7.95188563;-39.91377485;Segura;Nordeste;3 Trimestre
653476;2025.0;n;1.0;2025-01-06;PR;277;473,8;NOVA LARANJEIRAS;Reação tardia ou ineficiente do condutor;Sem Vítimas;2;Céu Claro;Pleno dia;segunda-feira;Tombamento;Simples;0;0;-25,30354721;-52,55960226;Segura;Sul;1 Trimestre
659083;2025.0;n;2.0;2025-02-03;MG;381;412;NOVA UNIAO;Velocidade Incompatível;Com Vítimas Feridas;2;Nublado;Plena Noite;segunda-feira;Colisão com objeto;Dupla;0;0;-19,72437271;-43,57094049;Segura;Sudeste;1 Trimestre
666845;2025.0;n;3.0;2025-03-12;MG;364;24;FRUTAL;Pedestre andava na pista;Com Vítimas Fatais;2;Céu Claro;Plena Noite;quarta-feira;Atropelamento de Pedestre;Simples;1;0;-20,03601544;-48,86787415;Perigosa;Sudeste;1 Trimestre
660176;2025.0;n;2.0;2025-02-08;RO;364;569;ITAPUA DO OESTE;Condutor deixou de manter distância do veículo da frente;Sem Vítimas;5;Chuva;Pleno dia;sábado;Colisão frontal;Simples;0;0;-9,48656987;-63,09585109;Segura;Norte;1 Trimestre
608217;2024.0;n;6.0;2024-06-17;MG;153;130;PRATA;Condutor deixou de manter distância do veículo da frente;Com Vítimas Feridas;7;Céu Claro;Pleno dia;segunda-feira;Engavetamento;Simples;0;0;-19.48466991;-48.86193486;Segura;Sudeste;2 Trimestre
609973;2024.0;n;6.0;2024-06-25;PR;376;595;CURITIBA;Condutor deixou de manter distância do veículo da frente;Com Vítimas Feridas;2;Chuva;Pleno dia;terça-feira;Colisão traseira;Dupla;0;0;-25.49321014;-49.34402638;Segura;Sul;2 Trimestre
593374;2024.0;n;3.0;2024-03-22;PR;277;102,8;CAMPO LARGO;Reação tardia ou ineficiente do condutor;Com Vítimas Fatais;2;Nublado;Plena Noite;sexta-feira;Saída de leito carroçável;Dupla;1;0;-25.42954269;-49.39465815;Perigosa;Sul;1 Trimestre
595861;2024.0;n;2.0;2024-02-29;MT;158;625;NOVA XAVANTINA;Condutor Dormindo;Com Vítimas Feridas;2;Céu Claro;Pleno dia;quinta-feira;Tombamento;Simples;0;1;-14.49276784;-52.28569031;Perigosa;Centro-Oeste;1 Trimestre
627420;2024.0;n;9.0;2024-09-11;MT;364;348;SANTO ANTONIO DO LEVERGER;Demais falhas mecânicas ou elétricas;Sem Vítimas;4;Céu Claro;Plena Noite;quarta-feira;Tombamento;Dupla;0;0;-15.80416834;-55.55429598;Segura;Centro-Oeste;3 Trimestre
688172;2025.0;n;4.0;2025-04-29;MA;226;179;GOVERNADOR EUGENIO BARROS;Transitar na contramão;Com Vítimas Feridas;2;Céu Claro;Plena Noite;terça-feira;Colisão transversal;Simples;0;1;-5,35411955;-44,0193558;Perigosa;Nordeste;2 Trimestre
602236;2024.0;n;4.0;2024-04-30;SP;116;132;CACAPAVA;Reação tardia ou ineficiente do condutor;Com Vítimas Feridas;4;Céu Claro;Pleno dia;terça-feira;Engavetamento;Dupla;0;0;-23.13169757;-45.74481322;Segura;Sudeste;2 Trimestre
653957;2025.0;n;1.0;2025-01-09;MT;70;742;CACERES;Ausência de reação do condutor;Com Vítimas Feridas;1;Nublado;Plena Noite;quinta-feira;Colisão traseira;Simples;0;1;-16,01875;-57,735366;Perigosa;Centro-Oeste;1 Trimestre
593625;2024.0;n;4.0;2024-04-13;RS;285;456;IJUI;Transitar na contramão;Com Vítimas Feridas;2;Nublado;Plena Noite;sábado;Colisão frontal;Simples;0;0;-28.3989;-53.8979;Segura;Sul;2 Trimestre
596202;2024.0;n;4.0;2024-04-25;AM;174;936,9;MANAUS;Ausência de sinalização;Com Vítimas Feridas;4;Nublado;Amanhecer;quinta-feira;Colisão com objeto;Simples;0;0;-2.514083;-60.037113;Segura;Norte;2 Trimestre
596254;2024.0;n;4.0;2024-04-08;MG;40;525,2;CONTAGEM;Condutor deixou de manter distância do veículo da frente;Com Vítimas Feridas;4;Céu Claro;Plena Noite;segunda-feira;Colisão traseira;Dupla;0;0;-19.88361702;-44.05039336;Segura;Sudeste;2 Trimestre
597706;2024.0;y;5.0;2024-05-01;MS;262;297;CAMPO GRANDE;Condutor Dormindo;Com Vítimas Feridas;3;Céu Claro;Plena Noite;quarta-feira;Colisão frontal;Simples;0;0;-20.50647192;-54.26860402;Segura;Centro-Oeste;2 Trimestre
600107;2024.0;n;5.0;2024-05-12;MS;163;179;JUTI;Transitar na contramão;Com Vítimas Feridas;2;Céu Claro;Plena Noite;domingo;Saída de leito carroçável;Simples;0;0;-22.83983611;-54.67208409;Segura;Centro-Oeste;2 Trimestre
587298;2024.0;n;3.0;2024-03-14;RJ;495;28;PETROPOLIS;Transitar na contramão;Com Vítimas Feridas;2;Céu Claro;Pleno dia;quinta-feira;Colisão frontal;Simples;0;1;-22.396297;-43.120255;Perigosa;Sudeste;1 Trimestre
609822;2024.0;n;6.0;2024-06-24;ES;101;66,3;SAO MATEUS;Desrespeitar a preferência no cruzamento;Com Vítimas Feridas;2;Céu Claro;Plena Noite;segunda-feira;Colisão transversal;Simples;0;2;-18.7165195;-39.87436378;Perigosa;Sudeste;2 Trimestre
662277;2025.0;n;2.0;2025-02-19;PR;116;115;CURITIBA;Ausência de reação do condutor;Com Vítimas Feridas;2;Céu Claro;Plena Noite;quarta-feira;Colisão traseira;Múltipla;0;1;-25,54925618;-49,30458069;Perigosa;Sul;1 Trimestre
654199;2025.0;n;1.0;2025-01-10;PB;412;93;SERRA BRANCA;Manobra de mudança de faixa;Com Vítimas Fatais;2;Céu Claro;Pleno dia;sexta-feira;Colisão frontal;Simples;1;0;-7,579538;-36,786976;Perigosa;Nordeste;1 Trimestre
594767;2024.0;n;4.0;2024-04-18;PR;376;490,9;PONTA GROSSA;Velocidade Incompatível;Com Vítimas Feridas;7;Sol;Pleno dia;quinta-feira;Engavetamento;Dupla;0;2;-25.10734326;-50.19215584;Perigosa;Sul;2 Trimestre
656036;2025.0;n;1.0;2025-01-19;MG;381;656;SANTO ANTONIO DO AMPARO;Mal súbito do condutor;Com Vítimas Feridas;6;Nublado;Pleno dia;domingo;Colisão com objeto;Dupla;0;0;-21,00645107;-44,97543296;Segura;Sudeste;1 Trimestre
626322;2024.0;y;9.0;2024-09-07;SC;101;160;PORTO BELO;Ausência de reação do condutor;Com Vítimas Fatais;4;Céu Claro;Plena Noite;sábado;Tombamento;Dupla;1;0;-27.20725;-48.61908;Perigosa;Sul;3 Trimestre
673210;2025.0;n;4.0;2025-04-12;GO;153;106;SANTA TEREZA DE GOIAS;Acessar a via sem observar a presença dos outros veículos;Com Vítimas Fatais;4;Nublado;Pleno dia;sábado;Colisão lateral mesmo sentido;Simples;1;0;-13,713832;-49,02102;Perigosa;Centro-Oeste;2 Trimestre
654473;2025.0;n;1.0;2025-01-11;SE;101;151;ESTANCIA;Condutor deixou de manter distância do veículo da frente;Sem Vítimas;2;Nublado;Anoitecer;sábado;Colisão traseira;Simples;0;0;-11,26151;-37,441227;Segura;Nordeste;1 Trimestre
664663;2025.0;n;3.0;2025-03-01;PR;369;108,1;URAI;Condutor deixou de manter distância do veículo da frente;Com Vítimas Feridas;2;Céu Claro;Plena Noite;sábado;Colisão traseira;Dupla;0;1;-23,264972;-50,789097;Perigosa;Sul;1 Trimestre
672032;2025.0;n;4.0;2025-04-06;BA;116;643;JAGUAQUARA;Problema com o freio;Com Vítimas Fatais;1;Céu Claro;Pleno dia;domingo;Capotamento;Simples;1;0;-13,60242;-40,08913;Perigosa;Nordeste;2 Trimestre
615672;2024.0;n;7.0;2024-07-20;SC;280;303,1;PORTO UNIAO;Reação tardia ou ineficiente do condutor;Com Vítimas Feridas;2;Nevoeiro/Neblina;Amanhecer;sábado;Saída de leito carroçável;Simples;0;0;-26.27999553;-51.05063229;Segura;Sul;3 Trimestre
603337;2024.0;n;5.0;2024-05-27;BA;242;259;BOA VISTA DO TUPIM;Reação tardia ou ineficiente do condutor;Com Vítimas Feridas;2;Céu Claro;Pleno dia;segunda-feira;Saída de leito carroçável;Simples;0;0;-12.47717032;-40.53771973;Segura;Nordeste;2 Trimestre
602347;2024.0;n;5.0;2024-05-23;SC;116;247,8;LAGES;Neblina;Com Vítimas Feridas;4;Nevoeiro/Neblina;Amanhecer;quinta-feira;Colisão traseira;Simples;0;0;-27.81801267;-50.37304401;Segura;Sul;2 Trimestre
613668;2024.0;n;7.0;2024-07-11;BA;101;125;TEODORO SAMPAIO;Ultrapassagem Indevida;Com Vítimas Feridas;2;Céu Claro;Pleno dia;quinta-feira;Saída de leito carroçável;Simples;0;0;-12.1952576;-38.59267504;Segura;Nordeste;3 Trimestre
653099;2025.0;n;1.0;2025-01-04;MG;365;409;PATOS DE MINAS;Pista Escorregadia;Com Vítimas Feridas;2;Chuva;Pleno dia;sábado;Saída de leito carroçável;Simples;0;0;-18,65228912;-46,51471573;Segura;Sudeste;1 Trimestre
613731;2024.0;n;7.0;2024-07-11;GO;153;516;HIDROLANDIA;Reação tardia ou ineficiente do condutor;Com Vítimas Feridas;2;Céu Claro;Pleno dia;quinta-feira;Saída de leito carroçável;Dupla;0;0;-16.8504;-49.2473;Segura;Centro-Oeste;3 Trimestre
670963;2025.0;n;4.0;2025-04-01;PR;116;28;CAMPINA GRANDE DO SUL;Reação tardia ou ineficiente do condutor;Com Vítimas Feridas;3;Nublado;Amanhecer;terça-feira;Colisão traseira;Dupla;0;1;-25,14714932;-48,8596344;Perigosa;Sul;2 Trimestre
664526;2025.0;n;3.0;2025-03-01;MS;158;101;PARANAIBA;Ausência de reação do condutor;Sem Vítimas;3;Sol;Pleno dia;sábado;Colisão traseira;Simples;0;0;-19,70907968;-51,14472628;Segura;Centro-Oeste;1 Trimestre
625257;2024.0;n;9.0;2024-09-02;MT;163;747;SORRISO;Manobra de mudança de faixa;Com Vítimas Fatais;4;Sol;Pleno dia;segunda-feira;Colisão traseira;Dupla;1;0;-12.59207258;-55.74238658;Perigosa;Centro-Oeste;3 Trimestre
603737;2024.0;n;5.0;2024-05-29;PR;376;89,3;PARANAVAI;Suicídio (presumido);Com Vítimas Feridas;3;Céu Claro;Pleno dia;quarta-feira;Colisão frontal;Simples;0;0;-22.99751013;-52.57548503;Segura;Sul;2 Trimestre
600233;2024.0;n;5.0;2024-05-13;MS;60;407;SIDROLANDIA;Condutor Dormindo;Com Vítimas Feridas;5;Céu Claro;Pleno dia;segunda-feira;Colisão lateral sentido oposto;Simples;0;0;-20.85833487;-54.81938633;Segura;Centro-Oeste;2 Trimestre
653103;2025.0;n;1.0;2025-01-04;SP;116;159,4;JACAREI;Demais falhas mecânicas ou elétricas;Com Vítimas Feridas;1;Céu Claro;Pleno dia;sábado;Queda de ocupante de veículo;Dupla;0;0;-23,26585409;-45,95983994;Segura;Sudeste;1 Trimestre
653390;2025.0;n;1.0;2025-01-05;BA;116;364;SERRINHA;Demais falhas mecânicas ou elétricas;Sem Vítimas;1;Céu Claro;Plena Noite;domingo;Incêndio;Simples;0;0;-11,734198;-38,98629845;Segura;Nordeste;1 Trimestre
592758;2024.0;n;4.0;2024-04-08;RJ;116;321;ITATIAIA;Ausência de reação do condutor;Com Vítimas Feridas;2;Céu Claro;Plena Noite;segunda-feira;Saída de leito carroçável;Simples;0;0;-22.48093378;-44.53547807;Segura;Sudeste;2 Trimestre
616198;2024.0;n;7.0;2024-07-15;BA;324;614;SALVADOR;Condutor deixou de manter distância do veículo da frente;Com Vítimas Feridas;4;Nublado;Pleno dia;segunda-feira;Engavetamento;Dupla;0;0;-12.8639793;-38.42370126;Segura;Nordeste;3 Trimestre
628740;2024.0;n;9.0;2024-09-17;MG;381;557;ITAGUARA;Problema com o freio;Com Vítimas Feridas;2;Céu Claro;Pleno dia;terça-feira;Saída de leito carroçável;Dupla;0;1;-20.35651781;-44.45838506;Perigosa;Sudeste;3 Trimestre
627190;2024.0;n;9.0;2024-09-10;SC;101;331,8;TUBARAO;Condutor deixou de manter distância do veículo da frente;Com Vítimas Feridas;2;Céu Claro;Anoitecer;terça-feira;Colisão traseira;Simples;0;0;-28.45567521;-48.9812689;Segura;Sul;3 Trimestre
667150;2025.0;n;3.0;2025-03-14;SP;116;461;REGISTRO;Ausência de reação do condutor;Com Vítimas Fatais;5;Nublado;Amanhecer;sexta-feira;Colisão traseira;Simples;1;0;-24,53700728;-47,85892195;Perigosa;Sudeste;1 Trimestre
621000;2024.0;n;8.0;2024-08-13;PR;153;111,1;IBAITI;Reação tardia ou ineficiente do condutor;Com Vítimas Feridas;5;Céu Claro;Pleno dia;terça-feira;Colisão lateral sentido oposto;Simples;0;0;-23.86125206;-50.19948581;Segura;Sul;3 Trimestre
589704;2024.0;n;3.0;2024-03-25;BA;101;740;ITABELA;Velocidade Incompatível;Com Vítimas Feridas;3;Chuva;Pleno dia;segunda-feira;Colisão frontal;Simples;0;1;-16.69551604;-39.47368803;Perigosa;Nordeste;1 Trimestre
686783;2025.0;n;4.0;2025-04-22;RS;392;30,9;RIO GRANDE;Condutor Dormindo;Com Vítimas Feridas;3;Céu Claro;Plena Noite;terça-feira;Colisão traseira;Dupla;0;0;-32,0409403;-52,28236914;Segura;Sul;2 Trimestre
653497;2025.0;n;1.0;2025-01-06;PR;277;364;GUARAPUAVA;Reação tardia ou ineficiente do condutor;Com Vítimas Feridas;3;Céu Claro;Pleno dia;segunda-feira;Saída de leito carroçável;Múltipla;0;0;-25,42195856;-51,6665554;Segura;Sul;1 Trimestre
613213;2024.0;n;7.0;2024-07-09;RS;290;400,7;SANTA MARGARIDA DO SUL;Demais falhas mecânicas ou elétricas;Sem Vítimas;2;Céu Claro;Pleno dia;terça-feira;Incêndio;Simples;0;0;-30.35437;-54.147533;Segura;Sul;3 Trimestre
598827;2024.0;n;3.0;2024-03-01;PI;343;588,8;FLORIANO;Condutor desrespeitou a iluminação vermelha do semáforo;Com Vítimas Feridas;2;Céu Claro;Pleno dia;sexta-feira;Colisão transversal;Simples;0;1;-6.77538891;-43.00812721;Perigosa;Nordeste;1 Trimestre
610657;2024.0;n;6.0;2024-06-28;MG;40;632,2;CONSELHEIRO LAFAIETE;Área urbana sem a presença de local apropriado para a travessia de pedestres;Com Vítimas Fatais;2;Céu Claro;Plena Noite;sexta-feira;Atropelamento de Pedestre;Dupla;1;0;-20.67946305;-43.79425764;Perigosa;Sudeste;2 Trimestre
583866;2024.0;n;2.0;2024-02-28;MG;40;602,9;CONGONHAS;Condutor deixou de manter distância do veículo da frente;Sem Vítimas;3;Céu Claro;Pleno dia;quarta-feira;Colisão traseira;Simples;0;0;-20.4483358;-43.84031206;Segura;Sudeste;1 Trimestre
607467;2024.0;n;6.0;2024-06-14;BA;242;422;SEABRA;Manobra de mudança de faixa;Com Vítimas Feridas;3;Céu Claro;Pleno dia;sexta-feira;Colisão frontal;Simples;0;0;-12.42107802;-41.83842802;Segura;Nordeste;2 Trimestre
608470;2024.0;n;6.0;2024-06-18;BA;116;765;POCOES;Condutor Dormindo;Com Vítimas Fatais;3;Céu Claro;Plena Noite;terça-feira;Colisão frontal;Simples;1;0;-14.57251472;-40.42465568;Perigosa;Nordeste;2 Trimestre
657763;2025.0;n;1.0;2025-01-27;SC;282;16,1;PALHOCA;Conversão proibida;Com Vítimas Feridas;3;Chuva;Plena Noite;segunda-feira;Colisão lateral sentido oposto;Simples;0;1;-27,658611;-48,681847;Perigosa;Sul;1 Trimestre
653754;2025.0;n;1.0;2025-01-07;PA;230;5;ALTAMIRA;Reação tardia ou ineficiente do condutor;Sem Vítimas;2;Céu Claro;Plena Noite;terça-feira;Colisão lateral sentido oposto;Simples;0;0;-3,18687974;-52,20033646;Segura;Norte;1 Trimestre
669783;2025.0;n;3.0;2025-03-26;MT;70;516;VARZEA GRANDE;Transitar na contramão;Com Vítimas Feridas;2;Céu Claro;Plena Noite;quarta-feira;Colisão lateral sentido oposto;Simples;0;0;-15,70556722;-56,14475962;Segura;Centro-Oeste;1 Trimestre
658169;2025.0;n;1.0;2025-01-30;RJ;101;67;CAMPOS DOS GOYTACAZES;Acesso irregular;Com Vítimas Feridas;4;Céu Claro;Pleno dia;quinta-feira;Colisão transversal;Simples;0;0;-21,83525792;-41,41878002;Segura;Sudeste;1 Trimestre
602143;2024.0;n;5.0;2024-05-06;PE;408;85;SAO LOURENCO DA MATA;Reação tardia ou ineficiente do condutor;Com Vítimas Feridas;2;Céu Claro;Pleno dia;segunda-feira;Colisão lateral mesmo sentido;Dupla;0;0;-7.95430093;-35.10252793;Segura;Nordeste;2 Trimestre
688158;2025.0;n;4.0;2025-04-30;PR;476;189;LAPA;Condutor Dormindo;Com Vítimas Feridas;2;Nublado;Plena Noite;quarta-feira;Capotamento;Simples;0;0;-25,716109;-49,684429;Segura;Sul;2 Trimestre
610008;2024.0;n;6.0;2024-06-25;SC;470;126,6;LONTRAS;Acessar a via sem observar a presença dos outros veículos;Com Vítimas Fatais;2;Garoa/Chuvisco;Pleno dia;terça-feira;Colisão transversal;Simples;1;0;-27.1360985;-49.54253554;Perigosa;Sul;2 Trimestre
664271;2025.0;n;2.0;2025-02-28;SP;116;165;JACAREI;Reação tardia ou ineficiente do condutor;Sem Vítimas;4;Céu Claro;Pleno dia;sexta-feira;Colisão traseira;Múltipla;0;0;-23,29649559;-46,00753784;Segura;Sudeste;1 Trimestre
672181;2025.0;n;4.0;2025-04-07;AL;316;239,9;ATALAIA;Reação tardia ou ineficiente do condutor;Com Vítimas Fatais;4;Céu Claro;Pleno dia;segunda-feira;Colisão lateral sentido oposto;Simples;1;0;-9,50400575;-36,05133533;Perigosa;Nordeste;2 Trimestre
658072;2025.0;n;1.0;2025-01-29;BA;110;122;ANTAS;Ultrapassagem Indevida;Com Vítimas Fatais;5;Céu Claro;Pleno dia;quarta-feira;Colisão frontal;Simples;6;1;-10,47304004;-38,37725019;Perigosa;Nordeste;1 Trimestre
616945;2024.0;n;7.0;2024-07-26;RJ;493;91;SEROPEDICA;Reação tardia ou ineficiente do condutor;Sem Vítimas;3;Nublado;Plena Noite;sexta-feira;Colisão traseira;Dupla;0;0;-22.68541969;-43.67434502;Segura;Sudeste;3 Trimestre
654273;2025.0;n;1.0;2025-01-10;GO;414;402,8;ABADIANIA;Transitar na contramão;Com Vítimas Feridas;4;Chuva;Pleno dia;sexta-feira;Colisão frontal;Simples;0;1;-15,99146056;-48,83559539;Perigosa;Centro-Oeste;1 Trimestre
583743;2024.0;n;2.0;2024-02-27;MG;153;155,6;COMENDADOR GOMES;Condutor deixou de manter distância do veículo da frente;Com Vítimas Feridas;7;Céu Claro;Plena Noite;terça-feira;Engavetamento;Simples;0;0;-19.62824275;-48.935707;Segura;Sudeste;1 Trimestre
672273;2025.0;n;4.0;2025-04-07;RS;386;286,6;SAO JOSE DO HERVAL;Carga excessiva e/ou mal acondicionada;Com Vítimas Feridas;4;Garoa/Chuvisco;Plena Noite;segunda-feira;Tombamento;Simples;0;0;-29,03887069;-52,29773954;Segura;Sul;2 Trimestre
673486;2025.0;n;4.0;2025-04-13;BA;116;218;EUCLIDES DA CUNHA;Ausência de reação do condutor;Com Vítimas Feridas;2;Céu Claro;Pleno dia;domingo;Colisão lateral sentido oposto;Simples;0;0;-10,524794;-39,003466;Segura;Nordeste;2 Trimestre
622779;2024.0;n;8.0;2024-08-21;GO;153;347;JARAGUA;Ausência de reação do condutor;Com Vítimas Feridas;2;Céu Claro;Anoitecer;quarta-feira;Colisão lateral sentido oposto;Simples;0;1;-15.645235;-49.368702;Perigosa;Centro-Oeste;3 Trimestre
623753;2024.0;n;8.0;2024-08-26;MA;135;7;SAO LUIS;Acessar a via sem observar a presença dos outros veículos;Sem Vítimas;3;Céu Claro;Pleno dia;segunda-feira;Colisão transversal;Dupla;0;0;-2.63608835;-44.26848552;Segura;Nordeste;3 Trimestre
672070;2025.0;n;4.0;2025-04-06;BA;324;355;CAPIM GROSSO;Ultrapassagem Indevida;Com Vítimas Feridas;2;Céu Claro;Plena Noite;domingo;Colisão frontal;Simples;0;0;-11,37806063;-40,00405312;Segura;Nordeste;2 Trimestre
590953;2024.0;n;3.0;2024-03-31;MT;364;579;NOBRES;Problema com o freio;Com Vítimas Feridas;5;Céu Claro;Pleno dia;domingo;Colisão traseira;Múltipla;0;0;-14.66298789;-56.29936934;Segura;Centro-Oeste;1 Trimestre
584026;2024.0;n;2.0;2024-02-29;RS;290;488,3;ROSARIO DO SUL;Demais falhas mecânicas ou elétricas;Sem Vítimas;1;Céu Claro;Pleno dia;quinta-feira;Saída de leito carroçável;Simples;0;0;-30.238927;-55.005288;Segura;Sul;1 Trimestre
607150;2024.0;n;6.0;2024-06-13;MT;163;734;SORRISO;Ultrapassagem Indevida;Sem Vítimas;2;Céu Claro;Pleno dia;quinta-feira;Colisão traseira;Simples;0;0;-12.68732532;-55.80115378;Segura;Centro-Oeste;2 Trimestre
619625;2024.0;n;8.0;2024-08-07;PI;230;193;OEIRAS;Reação tardia ou ineficiente do condutor;Com Vítimas Feridas;2;Céu Claro;Pleno dia;quarta-feira;Colisão frontal;Simples;0;1;-6.99024993;-42.09712204;Perigosa;Nordeste;3 Trimestre
686945;2025.0;n;4.0;2025-04-23;TO;153;750,8;FIGUEIROPOLIS;Reação tardia ou ineficiente do condutor;Com Vítimas Feridas;3;Nublado;Plena Noite;quarta-feira;Colisão transversal;Simples;0;0;-12,23231931;-49,15781021;Segura;Norte;2 Trimestre
608859;2024.0;n;6.0;2024-06-20;PR;376;107,2;PARANAVAI;Mal súbito do condutor;Com Vítimas Feridas;2;Céu Claro;Plena Noite;quinta-feira;Saída de leito carroçável;Dupla;0;0;-23.06349335;-52.43169241;Segura;Sul;2 Trimestre
687149;2025.0;n;4.0;2025-04-24;MG;116;546;SANTA BARBARA DO LESTE;Acessar a via sem observar a presença dos outros veículos;Com Vítimas Feridas;3;Nublado;Anoitecer;quinta-feira;Colisão lateral mesmo sentido;Simples;0;1;-19,942525;-42,131898;Perigosa;Sudeste;2 Trimestre
654274;2025.0;n;1.0;2025-01-10;RS;116;521,5;PELOTAS;Reação tardia ou ineficiente do condutor;Com Vítimas Feridas;3;Céu Claro;Pleno dia;sexta-feira;Colisão lateral mesmo sentido;Dupla;0;0;-31,714441;-52,374715;Segura;Sul;1 Trimestre