id;ano;feriado;mes;data_inversa;uf;br;km;municipio;causa_acidente;classificacao_acidente;veiculos;condicao_metereologica;fase_dia;dia_semana;tipo_acidente;tipo_pista;mortos;feridos_graves;latitude;longitude;status;regiao;periodo
659661;2025.0;n;2.0;2025-02-06;SC;101;451;SAO JOAO DO SUL;Desrespeitar a preferência no cruzamento;Com Vítimas Feridas;4;Nublado;Pleno dia;quinta-feira;Colisão transversal;Múltipla;0;1;-29,18580098;-49,75491285;Perigosa;Sul;1 Trimestre
573679;2024.0;n;1.0;2024-01-10;SC;116;308;CAPAO ALTO;Reação tardia ou ineficiente do condutor;Com Vítimas Feridas;2;Nublado;Plena Noite;quarta-feira;Tombamento;Simples;0;0;-28.19824113;-50.75066799;Segura;Sul;1 Trimestre
668040;2025.0;n;3.0;2025-03-18;BA;116;499,3;SANTA TERESINHA;Reação tardia ou ineficiente do condutor;Com Vítimas Feridas;3;Chuva;Pleno dia;terça-feira;Colisão traseira;Simples;0;0;-12,603922;-39,551028;Segura;Nordeste;1 Trimestre
663270;2025.0;n;2.0;2025-02-23;SC;158;139;PALMITOS;Acesso irregular;Com Vítimas Feridas;3;Céu Claro;Plena Noite;domingo;Colisão transversal;Simples;0;0;-27,1139854;-53,2161278;Segura;Sul;1 Trimestre
622917;2024.0;n;8.0;2024-08-22;SC;282;0,7;FLORIANOPOLIS;Ausência de reação do condutor;Com Vítimas Feridas;3;Nublado;Plena Noite;quinta-feira;Colisão traseira;Múltipla;0;0;-27.59845;-48.571995;Segura;Sul;3 Trimestre
588548;2024.0;n;3.0;2024-03-20;SC;101;117;ITAJAI;Acessar a via sem observar a presença dos outros veículos;Sem Vítimas;3;Céu Claro;Pleno dia;quarta-feira;Colisão transversal;Simples;0;0;-26.88747187;-48.72252969;Segura;Sul;1 Trimestre
607559;2024.0;n;6.0;2024-06-14;MG;381;158,7;GOVERNADOR VALADARES;Ausência de reação do condutor;Com Vítimas Feridas;3;Céu Claro;Plena Noite;sexta-feira;Colisão lateral mesmo sentido;Simples;0;1;-18.91795246;-42.01337465;Perigosa;Sudeste;2 Trimestre
595973;2024.0;n;4.0;2024-04-24;PE;428;173;PETROLINA;Demais falhas mecânicas ou elétricas;Com Vítimas Feridas;3;Céu Claro;Pleno dia;quarta-feira;Colisão com objeto;Simples;0;1;-9.24429991;-40.42112617;Perigosa;Nordeste;2 Trimestre
663649;2025.0;n;2.0;2025-02-25;SP;116;76,6;ROSEIRA;Reação tardia ou ineficiente do condutor;Com Vítimas Feridas;7;Céu Claro;Anoitecer;terça-feira;Engavetamento;Dupla;0;0;-22,88015417;-45,27558851;Segura;Sudeste;1 Trimestre
623439;2024.0;n;8.0;2024-08-24;SC;470;319,1;CAMPOS NOVOS;Ingestão de álcool pelo condutor;Com Vítimas Feridas;3;Céu Claro;Anoitecer;sábado;Colisão traseira;Simples;0;0;-27.41120477;-51.2289691;Segura;Sul;3 Trimestre
589663;2024.0;n;3.0;2024-03-25;PA;316;64;CASTANHAL;Ausência de reação do condutor;Com Vítimas Fatais;4;Céu Claro;Pleno dia;segunda-feira;Colisão traseira;Dupla;1;0;-1.29629557;-47.91983997;Perigosa;Norte;1 Trimestre
608495;2024.0;n;6.0;2024-06-19;GO;40;42,1;LUZIANIA;Condutor Dormindo;Com Vítimas Fatais;3;Céu Claro;Amanhecer;quarta-feira;Saída de leito carroçável;Simples;1;0;-16.367802;-47.826972;Perigosa;Centro-Oeste;2 Trimestre
688083;2025.0;n;4.0;2025-04-29;BA;116;369;LAMARAO;Condutor deixou de manter distância do veículo da frente;Sem Vítimas;2;Céu Claro;Pleno dia;terça-feira;Colisão traseira;Simples;0;0;-11,806806;-38,980742;Segura;Nordeste;2 Trimestre
610972;2024.0;n;6.0;2024-06-30;TO;153;242;COLINAS DO TOCANTINS;Condutor Dormindo;Com Vítimas Feridas;4;Céu Claro;Amanhecer;domingo;Colisão traseira;Simples;0;0;-8.01201701;-48.46522056;Segura;Norte;2 Trimestre
622100;2024.0;n;7.0;2024-07-20;PR;476;285;SAO MATEUS DO SUL;Reação tardia ou ineficiente do condutor;Sem Vítimas;3;Nevoeiro/Neblina;Plena Noite;sábado;Colisão frontal;Simples;0;0;-25.907349;-50.444057;Segura;Sul;3 Trimestre
612524;2024.0;n;7.0;2024-07-06;MG;381;155,8;GOVERNADOR VALADARES;Conversão proibida;Sem Vítimas;2;Céu Claro;Pleno dia;sábado;Colisão transversal;Simples;0;0;-18.90327004;-42.00340423;Segura;Sudeste;3 Trimestre
665413;2025.0;n;3.0;2025-03-05;MA;316;401,2;ALTO ALEGRE DO MARANHAO;Acessar a via sem observar a presença dos outros veículos;Com Vítimas Feridas;4;Céu Claro;Plena Noite;quarta-feira;Colisão transversal;Simples;0;0;-4,206265;-44,453103;Segura;Nordeste;1 Trimestre
585988;2024.0;n;3.0;2024-03-08;MG;116;81,1;MEDINA;Ausência de reação do condutor;Com Vítimas Fatais;8;Céu Claro;Pleno dia;sexta-feira;Colisão lateral sentido oposto;Simples;1;1;-16.28447738;-41.46992308;Perigosa;Sudeste;1 Trimestre
627596;2024.0;n;9.0;2024-09-12;MT;70;514;VARZEA GRANDE;Acessar a via sem observar a presença dos outros veículos;Com Vítimas Feridas;3;Céu Claro;Anoitecer;quinta-feira;Colisão lateral mesmo sentido;Simples;0;0;-15.70596963;-56.13285255;Segura;Centro-Oeste;3 Trimestre
616006;2024.0;n;7.0;2024-07-21;PR;280;311;BARRACAO;Reação tardia ou ineficiente do condutor;Sem Vítimas;1;Céu Claro;Pleno dia;domingo;Saída de leito carroçável;Simples;0;0;-26.29830274;-53.49117817;Segura;Sul;3 Trimestre
583922;2024.0;n;2.0;2024-02-28;GO;60;3,1;SANTO ANTONIO DO DESCOBERTO;Demais falhas mecânicas ou elétricas;Sem Vítimas;2;Nublado;Plena Noite;quarta-feira;Incêndio;Dupla;0;0;-16.078571;-48.268934;Segura;Centro-Oeste;1 Trimestre
593680;2024.0;n;2.0;2024-02-25;ES;262;121;CONCEICAO DO CASTELO;Reação tardia ou ineficiente do condutor;Com Vítimas Feridas;3;Céu Claro;Pleno dia;domingo;Tombamento;Simples;0;0;-20.29365543;-41.23018943;Segura;Sudeste;1 Trimestre
661766;2025.0;n;2.0;2025-02-16;RS;153;405,3;CACHOEIRA DO SUL;Suicídio (presumido);Com Vítimas Fatais;3;Céu Claro;Pleno dia;domingo;Colisão frontal;Simples;1;0;-30,05251956;-52,9080038;Perigosa;Sul;1 Trimestre
612344;2024.0;n;7.0;2024-07-05;GO;60;38;GOIANIA;Velocidade Incompatível;Sem Vítimas;1;Céu Claro;Plena Noite;sexta-feira;Tombamento;Dupla;0;0;-16.6777;-49.2676;Segura;Centro-Oeste;3 Trimestre
580523;2024.0;n;2.0;2024-02-11;SC;282;535,4;CHAPECO;Desrespeitar a preferência no cruzamento;Com Vítimas Feridas;2;Sol;Pleno dia;domingo;Colisão transversal;Simples;0;0;-26.99942338;-52.64596939;Segura;Sul;1 Trimestre
673924;2025.0;n;4.0;2025-04-15;PR;369;119;JATAIZINHO;Manobra de mudança de faixa;Com Vítimas Feridas;2;Chuva;Plena Noite;terça-feira;Colisão lateral mesmo sentido;Dupla;0;1;-23,285299;-50,890308;Perigosa;Sul;2 Trimestre
607727;2024.0;n;6.0;2024-06-15;PR;0;0;JANDAIA DO SUL;Velocidade Incompatível;Com Vítimas Fatais;6;Céu Claro;Pleno dia;sábado;Colisão lateral mesmo sentido;Dupla;1;0;-23.592227;-51.619723;Perigosa;Sul;2 Trimestre
579027;2024.0;n;2.0;2024-02-04;BA;110;11,7;PAULO AFONSO;Velocidade Incompatível;Com Vítimas Feridas;2;Céu Claro;Plena Noite;domingo;Colisão traseira;Simples;0;0;-9.54994104;-38.22123966;Segura;Nordeste;1 Trimestre
581885;2024.0;n;2.0;2024-02-18;SP;0;0;BADY BASSITT;Ausência de reação do condutor;Sem Vítimas;2;Nublado;Pleno dia;domingo;Incêndio;Dupla;0;0;-20.91678258;-49.49721334;Segura;Sudeste;1 Trimestre
583252;2024.0;n;2.0;2024-02-25;MS;158;70;PARANAIBA;Ingestão de álcool pelo condutor;Sem Vítimas;4;Céu Claro;Pleno dia;domingo;Capotamento;Simples;0;0;-19.48824064;-51.29391952;Segura;Centro-Oeste;1 Trimestre
672425;2025.0;n;4.0;2025-04-08;RJ;101;262;RIO BONITO;Reação tardia ou ineficiente do condutor;Com Vítimas Feridas;2;Céu Claro;Anoitecer;terça-feira;Tombamento;Dupla;0;0;-22,7128885;-42,6204827;Segura;Sudeste;2 Trimestre
592608;2024.0;n;4.0;2024-04-08;SC;280;139,8;RIO NEGRINHO;Pista Escorregadia;Com Vítimas Feridas;3;Garoa/Chuvisco;Pleno dia;segunda-feira;Saída de leito carroçável;Simples;0;1;-26.254826;-49.603124;Perigosa;Sul;2 Trimestre
627201;2024.0;n;9.0;2024-09-10;MA;316;257,2;SANTA INES;Ingestão de álcool pelo condutor;Com Vítimas Feridas;3;Céu Claro;Anoitecer;terça-feira;Colisão lateral sentido oposto;Simples;0;1;-3.655594;-45.416286;Perigosa;Nordeste;3 Trimestre
664337;2025.0;n;2.0;2025-02-28;PE;232;320;CUSTODIA;Ultrapassagem Indevida;Com Vítimas Fatais;4;Céu Claro;Plena Noite;sexta-feira;Colisão frontal;Simples;1;6;-8,123078;-37,533947;Perigosa;Nordeste;1 Trimestre
612459;2024.0;n;7.0;2024-07-06;MS;376;112,8;IVINHEMA;Reação tardia ou ineficiente do condutor;Com Vítimas Feridas;4;Céu Claro;Pleno dia;sábado;Colisão traseira;Simples;0;1;-22.29359307;-53.898203;Perigosa;Centro-Oeste;3 Trimestre
672866;2025.0;n;4.0;2025-04-11;RJ;116;261;PINHEIRAL;Ausência de reação do condutor;Com Vítimas Feridas;1;Nublado;Amanhecer;sexta-feira;Colisão com objeto;Múltipla;0;0;-22,58776443;-44,06022405;Segura;Sudeste;2 Trimestre
619973;2024.0;n;8.0;2024-08-08;DF;60;0;BRASILIA;Ausência de reação do condutor;Com Vítimas Feridas;3;Céu Claro;Plena Noite;quinta-feira;Colisão traseira;Dupla;0;0;-15.882499;-48.060212;Segura;Centro-Oeste;3 Trimestre
625256;2024.0;n;9.0;2024-09-02;MG;365;167;BURITIZEIRO;Ingestão de álcool pelo condutor;Com Vítimas Feridas;4;Céu Claro;Pleno dia;segunda-feira;Colisão traseira;Simples;0;0;-17.38264066;-44.97965606;Segura;Sudeste;3 Trimestre
572766;2024.0;n;1.0;2024-01-05;PR;376;498;PONTA GROSSA;Reação tardia ou ineficiente do condutor;Com Vítimas Feridas;3;Céu Claro;Pleno dia;sexta-feira;Colisão traseira;Dupla;0;0;-25.18839776;-50.0846328;Segura;Sul;1 Trimestre
576673;2024.0;n;1.0;2024-01-23;SC;282;51,9;AGUAS MORNAS;Acumulo de água sobre o pavimento;Com Vítimas Feridas;3;Chuva;Pleno dia;terça-feira;Colisão frontal;Simples;0;1;-27.703712;-48.959267;Perigosa;Sul;1 Trimestre
658441;2025.0;n;1.0;2025-01-31;PE;232;181;BELO JARDIM;Acesso irregular;Com Vítimas Fatais;2;Céu Claro;Pleno dia;sexta-feira;Colisão frontal;Simples;1;0;-8,34627974;-36,43776285;Perigosa;Nordeste;1 Trimestre
620782;2024.0;n;8.0;2024-08-12;MS;163;88;ITAQUIRAI;Demais falhas mecânicas ou elétricas;Com Vítimas Feridas;1;Céu Claro;Pleno dia;segunda-feira;Saída de leito carroçável;Simples;0;0;-23.38801296;-54.2114515;Segura;Centro-Oeste;3 Trimestre
626163;2024.0;n;9.0;2024-09-06;MT;364;301;JACIARA;Condutor deixou de manter distância do veículo da frente;Com Vítimas Fatais;4;Céu Claro;Pleno dia;sexta-feira;Colisão traseira;Dupla;2;1;-15.838373;-55.16146;Perigosa;Centro-Oeste;3 Trimestre
663340;2025.0;n;2.0;2025-02-23;PA;163;513;ITAITUBA;Reação tardia ou ineficiente do condutor;Com Vítimas Feridas;5;Céu Claro;Pleno dia;domingo;Colisão transversal;Simples;0;0;-5,411084;-55,886005;Segura;Norte;1 Trimestre
586642;2024.0;n;3.0;2024-03-11;BA;324;539;AMELIA RODRIGUES;Reação tardia ou ineficiente do condutor;Com Vítimas Feridas;4;Céu Claro;Plena Noite;segunda-feira;Colisão lateral mesmo sentido;Dupla;0;0;-12.37995647;-38.79955259;Segura;Nordeste;1 Trimestre
653547;2025.0;n;1.0;2025-01-06;MG;116;373;FREI INOCENCIO;Entrada inopinada do pedestre;Com Vítimas Feridas;2;Nublado;Pleno dia;segunda-feira;Atropelamento de Pedestre;Simples;0;2;-18,56390406;-41,90695775;Perigosa;Sudeste;1 Trimestre
655185;2025.0;n;1.0;2025-01-14;CE;222;207,5;FORQUILHA;Chuva;Com Vítimas Feridas;2;Chuva;Pleno dia;terça-feira;Colisão frontal;Simples;0;0;-3,78975803;-40,24374596;Segura;Nordeste;1 Trimestre
612229;2024.0;n;7.0;2024-07-05;AC;364;119;RIO BRANCO;Pista esburacada;Com Vítimas Feridas;2;Céu Claro;Pleno dia;sexta-feira;Colisão traseira;Dupla;0;1;-10.012444;-67.746305;Perigosa;Norte;3 Trimestre
619756;2024.0;n;8.0;2024-08-07;BA;116;604,6;IRAJUBA;Acumulo de água sobre o pavimento;Sem Vítimas;4;Chuva;Pleno dia;quarta-feira;Colisão lateral sentido oposto;Simples;0;0;-13.277358;-40.0155472;Segura;Nordeste;3 Trimestre
605661;2024.0;n;6.0;2024-06-07;PB;230;207;SOLEDADE;Demais falhas mecânicas ou elétricas;Sem Vítimas;1;Céu Claro;Pleno dia;sexta-feira;Incêndio;Simples;0;0;-7.0882;-36.298;Segura;Nordeste;2 Trimestre
615955;2024.0;n;7.0;2024-07-21;PR;163;159;LINDOESTE;Velocidade Incompatível;Com Vítimas Feridas;2;Céu Claro;Pleno dia;domingo;Tombamento;Dupla;0;0;-25.34495402;-53.58666028;Segura;Sul;3 Trimestre
609858;2024.0;n;6.0;2024-06-25;RS;158;289;JULIO DE CASTILHOS;Ausência de reação do condutor;Com Vítimas Feridas;2;Céu Claro;Plena Noite;terça-feira;Colisão lateral sentido oposto;Simples;0;0;-29.45844003;-53.68620684;Segura;Sul;2 Trimestre
576442;2024.0;n;1.0;2024-01-22;AL;316;242,9;ATALAIA;Manobra de mudança de faixa;Com Vítimas Feridas;3;Céu Claro;Pleno dia;segunda-feira;Colisão lateral mesmo sentido;Simples;0;2;-9.50727405;-36.02113501;Perigosa;Nordeste;1 Trimestre
619161;2024.0;n;8.0;2024-08-05;RS;392;81;PELOTAS;Reação tardia ou ineficiente do condutor;Com Vítimas Feridas;3;Chuva;Plena Noite;segunda-feira;Saída de leito carroçável;Simples;0;0;-31.66857878;-52.46031269;Segura;Sul;3 Trimestre
598562;2024.0;n;5.0;2024-05-05;PA;10;272,6;MAE DO RIO;Condutor deixou de manter distância do veículo da frente;Com Vítimas Fatais;3;Céu Claro;Plena Noite;domingo;Colisão traseira;Simples;1;0;-2.052389;-47.552586;Perigosa;Norte;2 Trimestre
592333;2024.0;n;4.0;2024-04-07;MG;50;86;UBERLANDIA;Condutor Dormindo;Com Vítimas Feridas;3;Céu Claro;Plena Noite;domingo;Colisão traseira;Dupla;0;0;-19.0137791;-48.2072524;Segura;Sudeste;2 Trimestre
655796;2025.0;n;1.0;2025-01-02;GO;153;606,6;MORRINHOS;Condutor Dormindo;Com Vítimas Feridas;2;Nublado;Plena Noite;quinta-feira;Colisão traseira;Dupla;0;0;-17,6034;-49,1878;Segura;Centro-Oeste;1 Trimestre
627250;2024.0;n;8.0;2024-08-17;MG;381;763;CAMPANHA;Fumaça;Com Vítimas Feridas;10;Céu Claro;Pleno dia;sábado;Colisão lateral mesmo sentido;Dupla;0;0;-21.74873501;-45.38842699;Segura;Sudeste;3 Trimestre
600382;2024.0;n;5.0;2024-05-14;RN;304;48,3;MOSSORO;Reação tardia ou ineficiente do condutor;Sem Vítimas;2;Céu Claro;Plena Noite;terça-feira;Saída de leito carroçável;Dupla;0;0;-5.22868577;-37.32203081;Segura;Nordeste;2 Trimestre
671406;2025.0;n;4.0;2025-04-04;SC;101;88;BARRA VELHA;Demais falhas mecânicas ou elétricas;Com Vítimas Feridas;3;Garoa/Chuvisco;Plena Noite;sexta-feira;Colisão lateral mesmo sentido;Múltipla;0;0;-26,64960143;-48,6869734;Segura;Sul;2 Trimestre
652679;2025.0;n;1.0;2025-01-02;PR;277;64;SAO JOSE DOS PINHAIS;Velocidade Incompatível;Sem Vítimas;1;Nublado;Plena Noite;quinta-feira;Saída de leito carroçável;Dupla;0;0;-25,55703867;-49,02612685;Segura;Sul;1 Trimestre
668060;2025.0;n;3.0;2025-03-18;MG;381;446,3;SANTA LUZIA;Ultrapassagem Indevida;Com Vítimas Fatais;2;Sol;Pleno dia;terça-feira;Colisão frontal;Simples;1;0;-19,8179258;-43,81103039;Perigosa;Sudeste;1 Trimestre
620172;2024.0;n;8.0;2024-08-09;PR;116;103;SAO JOSE DOS PINHAIS;Pedestre andava na pista;Com Vítimas Fatais;4;Garoa/Chuvisco;Plena Noite;sexta-feira;Atropelamento de Pedestre;Dupla;1;0;-25.570222;-49.188543;Perigosa;Sul;3 Trimestre
686243;2025.0;n;4.0;2025-04-16;PE;101;81;JABOATAO DOS GUARARAPES;Manobra de mudança de faixa;Com Vítimas Feridas;2;Céu Claro;Plena Noite;quarta-feira;Colisão lateral mesmo sentido;Dupla;0;0;-8,171055;-34,937735;Segura;Nordeste;2 Trimestre
619514;2024.0;n;8.0;2024-08-06;PA;230;120;MARABA;Reação tardia ou ineficiente do condutor;Com Vítimas Fatais;6;Nublado;Pleno dia;terça-feira;Colisão lateral mesmo sentido;Dupla;1;0;-5.35038318;-49.11434;Perigosa;Norte;3 Trimestre
622515;2024.0;n;7.0;2024-07-09;MG;381;485,5;BETIM;Ausência de reação do condutor;Com Vítimas Feridas;3;Céu Claro;Plena Noite;terça-feira;Colisão traseira;Dupla;0;0;-19.95659361;-44.12622893;Segura;Sudeste;3 Trimestre
592789;2024.0;n;4.0;2024-04-08;RJ;116;142;DUQUE DE CAXIAS;Transitar na contramão;Sem Vítimas;2;Céu Claro;Plena Noite;segunda-feira;Colisão frontal;Dupla;0;0;-22.64876087;-43.23031638;Segura;Sudeste;2 Trimestre
628668;2024.0;n;9.0;2024-09-04;MT;163;614,6;NOVA MUTUM;Acessar a via sem observar a presença dos outros veículos;Com Vítimas Feridas;2;Céu Claro;Pleno dia;quarta-feira;Colisão transversal;Simples;0;1;-13.78646858;-56.06336061;Perigosa;Centro-Oeste;3 Trimestre
625458;2024.0;n;9.0;2024-09-02;PA;10;162;PARAGOMINAS;Problema com o freio;Sem Vítimas;3;Céu Claro;Plena Noite;segunda-feira;Incêndio;Simples;0;0;-3.01841204;-47.46319881;Segura;Norte;3 Trimestre
627907;2024.0;n;9.0;2024-09-14;MT;364;1257;COMODORO;Pedestre andava na pista;Com Vítimas Fatais;2;Nevoeiro/Neblina;Plena Noite;sábado;Atropelamento de Pedestre;Simples;1;0;-13.65072516;-59.76865616;Perigosa;Centro-Oeste;3 Trimestre
662480;2025.0;n;2.0;2025-02-20;SC;101;208,9;SAO JOSE;Reação tardia ou ineficiente do condutor;Com Vítimas Feridas;4;Céu Claro;Pleno dia;quinta-feira;Colisão traseira;Múltipla;0;0;-27,60327979;-48,63201818;Segura;Sul;1 Trimestre
659990;2025.0;n;2.0;2025-02-08;PR;376;181,5;MARINGA;Ingestão de substâncias psicoativas pelo condutor;Sem Vítimas;2;Céu Claro;Pleno dia;sábado;Colisão com objeto;Dupla;0;0;-23,43197477;-51,88671852;Segura;Sul;1 Trimestre
662214;2025.0;n;2.0;2025-02-18;RJ;101;477;ANGRA DOS REIS;Problema com o freio;Com Vítimas Feridas;3;Nublado;Pleno dia;terça-feira;Colisão traseira;Simples;0;0;-22,99820396;-44,26554599;Segura;Sudeste;1 Trimestre
660476;2025.0;n;2.0;2025-02-10;GO;153;280;NOVA GLORIA;Ausência de reação do condutor;Com Vítimas Feridas;3;Céu Claro;Amanhecer;segunda-feira;Colisão traseira;Simples;0;0;-15,134809;-49,518436;Segura;Centro-Oeste;1 Trimestre
687186;2025.0;n;4.0;2025-04-25;MG;40;593,5;OURO PRETO;Manobra de mudança de faixa;Com Vítimas Feridas;4;Garoa/Chuvisco;Amanhecer;sexta-feira;Colisão lateral mesmo sentido;Simples;0;0;-20,39765285;-43,90256792;Segura;Sudeste;2 Trimestre
626033;2024.0;n;9.0;2024-09-05;RS;116;344;BARRA DO RIBEIRO;Ausência de reação do condutor;Com Vítimas Feridas;4;Nevoeiro/Neblina;Plena Noite;quinta-feira;Colisão traseira;Dupla;0;0;-30.49030601;-51.48990254;Segura;Sul;3 Trimestre
626870;2024.0;n;9.0;2024-09-09;GO;153;491;GOIANIA;Reação tardia ou ineficiente do condutor;Com Vítimas Feridas;4;Céu Claro;Pleno dia;segunda-feira;Colisão traseira;Dupla;0;1;-16.639;-49.2063;Perigosa;Centro-Oeste;3 Trimestre
615716;2024.0;n;6.0;2024-06-30;MS;163;373;NOVA ALVORADA DO SUL;Condutor Dormindo;Com Vítimas Feridas;5;Garoa/Chuvisco;Plena Noite;domingo;Colisão traseira;Dupla;0;1;-21.40151579;-54.40400077;Perigosa;Centro-Oeste;2 Trimestre
663731;2025.0;n;2.0;2025-02-26;MG;153;179;COMENDADOR GOMES;Condutor Dormindo;Com Vítimas Fatais;4;Céu Claro;Amanhecer;quarta-feira;Colisão frontal;Simples;1;0;-19,79374;-48,966392;Perigosa;Sudeste;1 Trimestre
653462;2025.0;n;1.0;2025-01-06;GO;153;328,9;RIANAPOLIS;Reação tardia ou ineficiente do condutor;Com Vítimas Feridas;1;Chuva;Amanhecer;segunda-feira;Saída de leito carroçável;Simples;0;0;-15,512035;-49,473373;Segura;Centro-Oeste;1 Trimestre
621479;2024.0;n;8.0;2024-08-16;SP;116;384;MIRACATU;Demais falhas mecânicas ou elétricas;Sem Vítimas;1;Nevoeiro/Neblina;Plena Noite;sexta-feira;Incêndio;Dupla;0;0;-24.24780677;-47.37000424;Segura;Sudeste;3 Trimestre
582367;2024.0;n;2.0;2024-02-21;MG;381;409;NOVA UNIAO;Ausência de reação do condutor;Com Vítimas Feridas;1;Chuva;Pleno dia;quarta-feira;Colisão com objeto;Dupla;0;0;-19.72394854;-43.57357979;Segura;Sudeste;1 Trimestre
687441;2025.0;n;4.0;2025-04-26;GO;80;24,7;PADRE BERNARDO;Ausência de reação do condutor;Com Vítimas Fatais;2;Céu Claro;Pleno dia;sábado;Colisão frontal;Simples;1;0;-15,38405329;-48,32847118;Perigosa;Centro-Oeste;2 Trimestre
581413;2024.0;n;2.0;2024-02-15;SC;101;396;MARACAJA;Ausência de reação do condutor;Com Vítimas Feridas;2;Céu Claro;Pleno dia;quinta-feira;Colisão traseira;Múltipla;0;1;-28.82459572;-49.40472033;Perigosa;Sul;1 Trimestre
607252;2024.0;n;6.0;2024-06-13;PR;153;415;PAULO FRONTIN;Ingestão de álcool pelo condutor;Sem Vítimas;1;Céu Claro;Anoitecer;quinta-feira;Tombamento;Simples;0;0;-26.04424294;-50.82572495;Segura;Sul;2 Trimestre
673276;2025.0;n;4.0;2025-04-12;PR;163;77;PLANALTO;Ingestão de álcool pelo condutor;Com Vítimas Feridas;3;Chuva;Plena Noite;sábado;Colisão lateral sentido oposto;Simples;0;1;-25,73551542;-53,80152313;Perigosa;Sul;2 Trimestre
672675;2025.0;n;4.0;2025-04-10;MS;267;75,3;BATAGUASSU;Condutor Dormindo;Com Vítimas Feridas;3;Céu Claro;Plena Noite;quinta-feira;Colisão lateral sentido oposto;Simples;0;1;-21,869061;-52,81607;Perigosa;Centro-Oeste;2 Trimestre
629035;2024.0;n;9.0;2024-09-18;SC;101;126,4;ITAJAI;Ingestão de álcool pelo condutor;Com Vítimas Feridas;4;Nublado;Plena Noite;quarta-feira;Colisão lateral mesmo sentido;Simples;0;0;-26.95564404;-48.67978366;Segura;Sul;3 Trimestre
617657;2024.0;n;7.0;2024-07-29;PR;163;2,3;BARRACAO;Transitar na contramão;Com Vítimas Fatais;4;Nevoeiro/Neblina;Pleno dia;segunda-feira;Colisão frontal;Simples;1;0;-26.278993;-53.576637;Perigosa;Sul;3 Trimestre
624127;2024.0;n;8.0;2024-08-28;CE;116;71,3;CHOROZINHO;Reação tardia ou ineficiente do condutor;Com Vítimas Feridas;4;Céu Claro;Pleno dia;quarta-feira;Colisão traseira;Simples;0;0;-4.334402;-38.479694;Segura;Nordeste;3 Trimestre
583750;2024.0;n;2.0;2024-02-27;CE;116;17;EUSEBIO;Velocidade Incompatível;Sem Vítimas;3;Céu Claro;Pleno dia;terça-feira;Tombamento;Múltipla;0;0;-3.89617918;-38.50336042;Segura;Nordeste;1 Trimestre
612952;2024.0;n;7.0;2024-07-08;SC;470;6;NAVEGANTES;Reação tardia ou ineficiente do condutor;Com Vítimas Feridas;3;Nublado;Pleno dia;segunda-feira;Colisão traseira;Dupla;0;0;-26.852238;-48.709545;Segura;Sul;3 Trimestre
628776;2024.0;n;9.0;2024-09-17;MA;135;7,9;SAO LUIS;Transitar no Acostamento;Com Vítimas Feridas;4;Sol;Pleno dia;terça-feira;Colisão lateral mesmo sentido;Dupla;0;0;-2.63608835;-44.26848552;Segura;Nordeste;3 Trimestre
670820;2025.0;n;3.0;2025-03-31;MG;262;371;JUATUBA;Acessar a via sem observar a presença dos outros veículos;Com Vítimas Feridas;2;Céu Claro;Plena Noite;segunda-feira;Colisão transversal;Múltipla;0;1;-19,9572801;-44,364477;Perigosa;Sudeste;1 Trimestre
625932;2024.0;n;9.0;2024-09-05;BA;101;230;SAPEACU;Reação tardia ou ineficiente do condutor;Sem Vítimas;2;Céu Claro;Pleno dia;quinta-feira;Tombamento;Simples;0;0;-12.83551106;-39.20129659;Segura;Nordeste;3 Trimestre
625456;2024.0;n;9.0;2024-09-03;SP;153;64,5;SAO JOSE DO RIO PRETO;Ausência de reação do condutor;Com Vítimas Feridas;2;Sol;Pleno dia;terça-feira;Colisão traseira;Dupla;0;0;-20.8355877;-49.36570039;Segura;Sudeste;3 Trimestre
652958;2025.0;n;1.0;2025-01-03;RJ;116;179;BELFORD ROXO;Reação tardia ou ineficiente do condutor;Com Vítimas Feridas;2;Nublado;Pleno dia;sexta-feira;Colisão traseira;Dupla;0;0;-22,769902;-43,408036;Segura;Sudeste;1 Trimestre
669834;2025.0;n;3.0;2025-03-27;SP;381;27;BRAGANCA PAULISTA;Reação tardia ou ineficiente do condutor;Com Vítimas Feridas;3;Céu Claro;Pleno dia;quinta-feira;Colisão traseira;Dupla;0;0;-23,03475313;-46,54598773;Segura;Sudeste;1 Trimestre
614921;2024.0;n;7.0;2024-07-16;SC;153;75;IRANI;Deficiência do Sistema de Iluminação/Sinalização;Com Vítimas Feridas;2;Céu Claro;Plena Noite;terça-feira;Colisão traseira;Simples;0;0;-27.0849;-51.909855;Segura;Sul;3 Trimestre
670329;2025.0;n;3.0;2025-03-29;GO;158;126;PIRANHAS;Condutor Dormindo;Sem Vítimas;3;Céu Claro;Pleno dia;sábado;Colisão lateral sentido oposto;Simples;0;0;-16,60240554;-51,72958088;Segura;Centro-Oeste;1 Trimestre
597393;2024.0;n;4.0;2024-04-30;PE;423;75;JUCATI;Condutor deixou de manter distância do veículo da frente;Sem Vítimas;3;Nublado;Pleno dia;terça-feira;Colisão traseira;Simples;0;0;-8.72421234;-36.42879161;Segura;Nordeste;2 Trimestre
669716;2025.0;n;3.0;2025-03-26;MG;251;467,6;MONTES CLAROS;Chuva;Com Vítimas Feridas;3;Chuva;Pleno dia;quarta-feira;Colisão lateral sentido oposto;Simples;0;0;-16,653687;-43,717919;Segura;Sudeste;1 Trimestre