id;ano;feriado;mes;data_inversa;uf;br;km;municipio;causa_acidente;classificacao_acidente;veiculos;condicao_metereologica;fase_dia;dia_semana;tipo_acidente;tipo_pista;mortos;feridos_graves;latitude;longitude;status;regiao;periodo
653523;2025.0;n;1.0;2025-01-06;MS;436;7,3;APARECIDA DO TABOADO;Velocidade Incompatível;Com Vítimas Feridas;1;Céu Claro;Pleno dia;segunda-feira;Colisão com objeto;Simples;0;0;-20,087124;-51,09403;Segura;Centro-Oeste;1 Trimestre
585638;2024.0;n;3.0;2024-03-07;MS;267;147;NOVA ANDRADINA;Reação tardia ou ineficiente do condutor;Com Vítimas Fatais;6;Céu Claro;Pleno dia;quinta-feira;Colisão com objeto;Simples;1;0;-21.65659582;-53.4462169;Perigosa;Centro-Oeste;1 Trimestre
653712;2025.0;n;1.0;2025-01-07;SC;282;3,2;FLORIANOPOLIS;Conversão proibida;Com Vítimas Feridas;2;Nublado;Pleno dia;terça-feira;Colisão lateral mesmo sentido;Múltipla;0;1;-27,600384;-48,599705;Perigosa;Sul;1 Trimestre
621153;2024.0;n;7.0;2024-07-19;SC;470;184,7;POUSO REDONDO;Ultrapassagem Indevida;Com Vítimas Feridas;4;Céu Claro;Pleno dia;sexta-feira;Colisão frontal;Simples;0;1;-27.253036;-50.026642;Perigosa;Sul;3 Trimestre
571806;2024.0;y;1.0;2024-01-01;BA;116;578;BREJOES;Ingestão de álcool pelo condutor;Com Vítimas Fatais;4;Céu Claro;Plena Noite;segunda-feira;Colisão frontal;Simples;1;0;-13.07158302;-39.9611107;Perigosa;Nordeste;1 Trimestre
572062;2024.0;n;1.0;2024-01-02;MA;135;66;SANTA RITA;Ausência de reação do condutor;Com Vítimas Feridas;2;Nublado;Pleno dia;terça-feira;Colisão traseira;Dupla;0;1;-3.10577998;-44.32276839;Perigosa;Nordeste;1 Trimestre
595158;2024.0;n;4.0;2024-04-20;MG;381;565;ITAGUARA;Estacionar ou parar em local proibido;Com Vítimas Feridas;5;Céu Claro;Amanhecer;sábado;Colisão traseira;Dupla;0;0;-20.40868701;-44.52561498;Segura;Sudeste;2 Trimestre
668077;2025.0;n;3.0;2025-03-18;MG;50;170,9;UBERABA;Ausência de reação do condutor;Sem Vítimas;3;Chuva;Pleno dia;terça-feira;Colisão traseira;Dupla;0;0;-19,74779595;-47,98298657;Segura;Sudeste;1 Trimestre
652765;2025.0;n;1.0;2025-01-02;PA;230;666,6;ALTAMIRA;Ingestão de álcool pelo condutor;Com Vítimas Feridas;1;Céu Claro;Pleno dia;quinta-feira;Saída de leito carroçável;Simples;0;1;-3,25634605;-52,35353196;Perigosa;Norte;1 Trimestre
623694;2024.0;n;8.0;2024-08-26;CE;304;98;ARACATI;Acessar a via sem observar a presença dos outros veículos;Com Vítimas Feridas;3;Céu Claro;Pleno dia;segunda-feira;Colisão transversal;Simples;0;3;-4.85869222;-37.46088434;Perigosa;Nordeste;3 Trimestre
593125;2024.0;n;4.0;2024-04-10;SC;470;75;INDAIAL;Suicídio (presumido);Com Vítimas Feridas;3;Céu Claro;Pleno dia;quarta-feira;Colisão frontal;Simples;0;1;-26.92544049;-49.28422901;Perigosa;Sul;2 Trimestre
653347;2025.0;n;1.0;2025-01-05;PB;230;27;JOAO PESSOA;Condutor deixou de manter distância do veículo da frente;Sem Vítimas;2;Céu Claro;Pleno dia;domingo;Colisão traseira;Múltipla;0;0;-7,1677;-34,8855;Segura;Nordeste;1 Trimestre
600807;2024.0;n;5.0;2024-05-16;RJ;101;107;CAMPOS DOS GOYTACAZES;Condutor Dormindo;Sem Vítimas;1;Nublado;Amanhecer;quinta-feira;Colisão com objeto;Dupla;0;0;-21.93299612;-41.6270108;Segura;Sudeste;2 Trimestre
652786;2025.0;n;1.0;2025-01-02;PR;116;46,5;CAMPINA GRANDE DO SUL;Chuva;Com Vítimas Feridas;1;Chuva;Pleno dia;quinta-feira;Saída de leito carroçável;Dupla;0;0;-25,20185401;-48,8962139;Segura;Sul;1 Trimestre
588910;2024.0;n;3.0;2024-03-22;RS;392;84,5;PELOTAS;Demais falhas mecânicas ou elétricas;Sem Vítimas;1;Nublado;Plena Noite;sexta-feira;Saída de leito carroçável;Simples;0;0;-31.64764106;-52.47931607;Segura;Sul;1 Trimestre
652504;2025.0;y;1.0;2025-01-01;PR;277;19,7;MORRETES;Velocidade Incompatível;Com Vítimas Feridas;1;Sol;Pleno dia;quarta-feira;Saída de leito carroçável;Dupla;0;0;-25,535132;-48,703615;Segura;Sul;1 Trimestre
653452;2025.0;n;1.0;2025-01-06;MG;116;411;GOVERNADOR VALADARES;Acessar a via sem observar a presença dos outros veículos;Com Vítimas Feridas;2;Céu Claro;Pleno dia;segunda-feira;Colisão transversal;Múltipla;0;1;-18,86244705;-41,97405237;Perigosa;Sudeste;1 Trimestre
653574;2025.0;n;1.0;2025-01-06;BA;349;1007;CORRENTINA;Reação tardia ou ineficiente do condutor;Com Vítimas Feridas;3;Céu Claro;Pleno dia;segunda-feira;Saída de leito carroçável;Simples;0;1;-13,798735;-46,164127;Perigosa;Nordeste;1 Trimestre
598707;2024.0;n;5.0;2024-05-06;MG;251;238,5;SANTA CRUZ DE SALINAS;Ausência de reação do condutor;Com Vítimas Feridas;2;Céu Claro;Amanhecer;segunda-feira;Saída de leito carroçável;Simples;0;0;-15.98855939;-41.75328255;Segura;Sudeste;2 Trimestre
592854;2024.0;n;4.0;2024-04-09;GO;414;373,6;COCALZINHO DE GOIAS;Acessar a via sem observar a presença dos outros veículos;Com Vítimas Feridas;2;Céu Claro;Pleno dia;terça-feira;Colisão lateral mesmo sentido;Dupla;0;0;-15.78671658;-48.77033272;Segura;Centro-Oeste;2 Trimestre
593359;2024.0;n;4.0;2024-04-11;BA;324;607;SIMOES FILHO;Ausência de reação do condutor;Com Vítimas Feridas;2;Garoa/Chuvisco;Plena Noite;quinta-feira;Colisão traseira;Dupla;0;1;-12.80271203;-38.40391318;Perigosa;Nordeste;2 Trimestre
618657;2024.0;n;8.0;2024-08-03;MT;70;25;BARRA DO GARCAS;Carga excessiva e/ou mal acondicionada;Com Vítimas Feridas;4;Céu Claro;Plena Noite;sábado;Eventos atípicos;Simples;0;0;-15.83258009;-52.46566923;Segura;Centro-Oeste;3 Trimestre
670186;2025.0;n;3.0;2025-03-28;MT;174;495;COMODORO;Transitar na contramão;Com Vítimas Fatais;5;Chuva;Pleno dia;sexta-feira;Colisão frontal;Simples;1;0;-13,57696619;-59,80844378;Perigosa;Centro-Oeste;1 Trimestre
605978;2024.0;n;6.0;2024-06-08;PR;277;4,5;PARANAGUA;Reação tardia ou ineficiente do condutor;Com Vítimas Feridas;2;Nublado;Pleno dia;sábado;Tombamento;Dupla;0;1;-25.568198;-48.615292;Perigosa;Sul;2 Trimestre
582492;2024.0;n;2.0;2024-02-21;SP;116;67,7;GUARATINGUETA;Chuva;Com Vítimas Feridas;4;Chuva;Plena Noite;quarta-feira;Colisão traseira;Dupla;0;1;-22.82867578;-45.2088941;Perigosa;Sudeste;1 Trimestre
598894;2024.0;n;5.0;2024-05-07;DF;60;3,9;BRASILIA;Velocidade Incompatível;Sem Vítimas;1;Céu Claro;Anoitecer;terça-feira;Saída de leito carroçável;Dupla;0;0;-15.892335;-48.094095;Segura;Centro-Oeste;2 Trimestre
662000;2025.0;n;2.0;2025-02-17;RJ;101;576;PARATY;Acessar a via sem observar a presença dos outros veículos;Com Vítimas Feridas;2;Céu Claro;Pleno dia;segunda-feira;Colisão transversal;Simples;0;0;-23,22679237;-44,72881647;Segura;Sudeste;1 Trimestre
661296;2025.0;n;2.0;2025-02-14;SP;381;43;ATIBAIA;Demais falhas mecânicas ou elétricas;Com Vítimas Feridas;3;Nublado;Pleno dia;sexta-feira;Colisão com objeto;Dupla;0;0;-23,15597105;-46,5740155;Segura;Sudeste;1 Trimestre
659360;2025.0;n;2.0;2025-02-05;MG;365;92;JEQUITAI;Velocidade Incompatível;Com Vítimas Feridas;1;Céu Claro;Amanhecer;quarta-feira;Tombamento;Simples;0;0;-17,21604745;-44,45298992;Segura;Sudeste;1 Trimestre
614627;2024.0;n;7.0;2024-07-15;PE;101;49,8;ABREU E LIMA;Carga excessiva e/ou mal acondicionada;Sem Vítimas;2;Céu Claro;Pleno dia;segunda-feira;Colisão com objeto;Dupla;0;0;-7.89174705;-34.9033493;Segura;Nordeste;3 Trimestre
602407;2024.0;n;5.0;2024-05-23;BA;101;261;SANTO ANTONIO DE JESUS;Ultrapassagem Indevida;Sem Vítimas;3;Céu Claro;Pleno dia;quinta-feira;Colisão transversal;Simples;0;0;-13.0815032;-39.27559444;Segura;Nordeste;2 Trimestre
577495;2024.0;n;1.0;2024-01-27;MT;364;1214;COMODORO;Transitar na contramão;Com Vítimas Feridas;5;Céu Claro;Pleno dia;sábado;Colisão frontal;Simples;0;0;-13.79273567;-59.44652101;Segura;Centro-Oeste;1 Trimestre
615023;2024.0;n;7.0;2024-07-15;MG;146;486,7;POCOS DE CALDAS;Reação tardia ou ineficiente do condutor;Com Vítimas Feridas;2;Céu Claro;Pleno dia;segunda-feira;Colisão lateral mesmo sentido;Simples;0;0;-21.80761964;-46.47150278;Segura;Sudeste;3 Trimestre
575596;2024.0;n;1.0;2024-01-18;MG;364;34,5;FRUTAL;Reação tardia ou ineficiente do condutor;Com Vítimas Feridas;3;Céu Claro;Plena Noite;quinta-feira;Colisão transversal;Simples;0;2;-19.98406949;-48.95777009;Perigosa;Sudeste;1 Trimestre
581961;2024.0;n;2.0;2024-02-18;RJ;354;13,6;RESENDE;Problema com o freio;Com Vítimas Feridas;1;Nublado;Plena Noite;domingo;Saída de leito carroçável;Simples;0;1;-22.436623;-44.735523;Perigosa;Sudeste;1 Trimestre
653134;2025.0;n;1.0;2025-01-04;MG;381;752;TRES CORACOES;Velocidade Incompatível;Com Vítimas Feridas;1;Sol;Pleno dia;sábado;Tombamento;Dupla;0;1;-21,67246754;-45,33430028;Perigosa;Sudeste;1 Trimestre
608072;2024.0;n;6.0;2024-06-17;RS;287;340;JAGUARI;Ultrapassagem Indevida;Com Vítimas Fatais;5;Nevoeiro/Neblina;Pleno dia;segunda-feira;Colisão frontal;Simples;2;0;-29.59617811;-54.68583284;Perigosa;Sul;2 Trimestre
625664;2024.0;n;9.0;2024-09-04;BA;324;515;FEIRA DE SANTANA;Deficiência do Sistema de Iluminação/Sinalização;Com Vítimas Feridas;3;Céu Claro;Pleno dia;quarta-feira;Colisão lateral mesmo sentido;Simples;0;0;-12.23547809;-38.94396807;Segura;Nordeste;3 Trimestre
666575;2025.0;n;1.0;2025-01-18;ES;101;249,8;SERRA;Transitar na contramão;Com Vítimas Feridas;3;Sol;Pleno dia;sábado;Colisão frontal;Simples;0;1;-20,07371936;-40,35345531;Perigosa;Sudeste;1 Trimestre
668600;2025.0;n;3.0;2025-03-21;PR;116;115,4;CURITIBA;Reação tardia ou ineficiente do condutor;Com Vítimas Feridas;4;Céu Claro;Amanhecer;sexta-feira;Engavetamento;Múltipla;0;0;-25,5490089;-49,30473978;Segura;Sul;1 Trimestre
661251;2025.0;n;2.0;2025-02-14;RJ;101;433;MANGARATIBA;Reação tardia ou ineficiente do condutor;Com Vítimas Feridas;2;Sol;Pleno dia;sexta-feira;Colisão traseira;Simples;0;1;-22,93842518;-44,03644001;Perigosa;Sudeste;1 Trimestre
627613;2024.0;n;9.0;2024-09-12;RS;116;503,4;PELOTAS;Condutor Dormindo;Sem Vítimas;2;Chuva;Plena Noite;quinta-feira;Saída de leito carroçável;Dupla;0;0;-31.57478208;-52.26587692;Segura;Sul;3 Trimestre
575115;2024.0;n;1.0;2024-01-16;PR;163;162,8;LINDOESTE;Velocidade Incompatível;Com Vítimas Feridas;2;Céu Claro;Pleno dia;terça-feira;Saída de leito carroçável;Dupla;0;0;-25.31897491;-53.59171426;Segura;Sul;1 Trimestre
629340;2024.0;n;9.0;2024-09-20;MT;364;191;RONDONOPOLIS;Ausência de reação do condutor;Com Vítimas Feridas;2;Céu Claro;Pleno dia;sexta-feira;Saída de leito carroçável;Simples;0;0;-16.54787198;-54.57547497;Segura;Centro-Oeste;3 Trimestre
686610;2025.0;n;4.0;2025-04-22;SP;116;28;CRUZEIRO;Condutor Dormindo;Com Vítimas Feridas;2;Nublado;Plena Noite;terça-feira;Colisão traseira;Dupla;0;0;-22,62583174;-44,9092598;Segura;Sudeste;2 Trimestre
653131;2025.0;n;1.0;2025-01-04;MG;116;777,4;LEOPOLDINA;Reação tardia ou ineficiente do condutor;Com Vítimas Feridas;2;Nublado;Pleno dia;sábado;Colisão frontal;Simples;0;0;-21,59632074;-42,69196405;Segura;Sudeste;1 Trimestre
599088;2024.0;n;5.0;2024-05-08;BA;410;35;TUCANO;Velocidade Incompatível;Com Vítimas Feridas;3;Nublado;Pleno dia;quarta-feira;Colisão traseira;Simples;0;0;-10.97784383;-38.77964013;Segura;Nordeste;2 Trimestre
606215;2024.0;n;6.0;2024-06-09;PR;277;52;SAO JOSE DOS PINHAIS;Ausência de reação do condutor;Sem Vítimas;4;Nublado;Pleno dia;domingo;Colisão traseira;Dupla;0;0;-25.5919376;-48.91592194;Segura;Sul;2 Trimestre
574072;2024.0;n;1.0;2024-01-11;PB;104;143;QUEIMADAS;Acessar a via sem observar a presença dos outros veículos;Com Vítimas Feridas;2;Nublado;Plena Noite;quinta-feira;Colisão frontal;Simples;0;1;-7.40477903;-35.89667929;Perigosa;Nordeste;1 Trimestre
586973;2024.0;n;1.0;2024-01-28;PR;277;307;GUARAPUAVA;Ausência de reação do condutor;Com Vítimas Fatais;2;Céu Claro;Amanhecer;domingo;Saída de leito carroçável;Simples;1;0;-25.317425;-51.19501;Perigosa;Sul;1 Trimestre
580197;2024.0;n;1.0;2024-01-16;PR;277;126;CAMPO LARGO;Reação tardia ou ineficiente do condutor;Com Vítimas Feridas;3;Nublado;Pleno dia;terça-feira;Engavetamento;Dupla;0;1;-25.4702437;-49.60515976;Perigosa;Sul;1 Trimestre
660053;2025.0;n;2.0;2025-02-08;BA;101;294;VALENCA;Transitar na contramão;Com Vítimas Feridas;2;Céu Claro;Plena Noite;sábado;Colisão frontal;Simples;0;1;-13,3289761;-39,36492987;Perigosa;Nordeste;1 Trimestre
624030;2024.0;n;8.0;2024-08-27;RS;285;386,9;SANTA BARBARA DO SUL;Ausência de reação do condutor;Com Vítimas Fatais;3;Céu Claro;Plena Noite;terça-feira;Colisão frontal;Simples;1;1;-28.41710598;-53.20575982;Perigosa;Sul;3 Trimestre
662002;2025.0;n;2.0;2025-02-17;PR;376;339;ORTIGUEIRA;Velocidade Incompatível;Com Vítimas Feridas;2;Céu Claro;Pleno dia;segunda-feira;Tombamento;Simples;0;0;-24,16423688;-50,96922472;Segura;Sul;1 Trimestre
600676;2024.0;n;5.0;2024-05-15;MA;10;303;ACAILANDIA;Transitar na contramão;Com Vítimas Feridas;3;Céu Claro;Pleno dia;quarta-feira;Colisão frontal;Simples;0;0;-5.08734;-47.555161;Segura;Nordeste;2 Trimestre
627206;2024.0;n;9.0;2024-09-10;MA;316;512;CODO;Transitar na contramão;Sem Vítimas;3;Céu Claro;Plena Noite;terça-feira;Colisão transversal;Simples;0;0;-4.75043;-43.664165;Segura;Nordeste;3 Trimestre
578394;2024.0;n;2.0;2024-02-01;RJ;40;82;PETROPOLIS;Manobra de mudança de faixa;Com Vítimas Feridas;3;Céu Claro;Pleno dia;quinta-feira;Atropelamento de Pedestre;Simples;0;0;-22.51183137;-43.23076171;Segura;Sudeste;1 Trimestre
598789;2024.0;n;5.0;2024-05-07;MS;60;515,4;MARACAJU;Reação tardia ou ineficiente do condutor;Com Vítimas Feridas;1;Céu Claro;Pleno dia;terça-feira;Tombamento;Simples;0;1;-21.17477404;-55.6368241;Perigosa;Centro-Oeste;2 Trimestre
654764;2025.0;n;1.0;2025-01-13;GO;153;245,5;SAO LUIZ DO NORTE;Ausência de reação do condutor;Com Vítimas Fatais;5;Nevoeiro/Neblina;Plena Noite;segunda-feira;Colisão transversal;Simples;3;2;-14,877201;-49,33485;Perigosa;Centro-Oeste;1 Trimestre
673434;2025.0;n;4.0;2025-04-13;PR;277;522,3;GUARANIACU;Ausência de reação do condutor;Com Vítimas Feridas;3;Nublado;Pleno dia;domingo;Colisão frontal;Simples;0;1;-25,10041654;-52,89257227;Perigosa;Sul;2 Trimestre
591789;2024.0;n;4.0;2024-04-04;MT;70;702;CACERES;Manobra de mudança de faixa;Com Vítimas Feridas;4;Chuva;Pleno dia;quinta-feira;Colisão frontal;Simples;0;0;-16.2432299;-57.45123218;Segura;Centro-Oeste;2 Trimestre
653241;2025.0;n;1.0;2025-01-04;GO;153;338;JARAGUA;Condutor deixou de manter distância do veículo da frente;Com Vítimas Feridas;2;Céu Claro;Plena Noite;sábado;Colisão traseira;Simples;0;0;-15,579773;-49,416214;Segura;Centro-Oeste;1 Trimestre
578402;2024.0;n;2.0;2024-02-01;RS;386;223,6;SOLEDADE;Condutor deixou de manter distância do veículo da frente;Com Vítimas Feridas;4;Céu Claro;Pleno dia;quinta-feira;Engavetamento;Simples;0;0;-28.65077665;-52.61333227;Segura;Sul;1 Trimestre
667255;2025.0;n;3.0;2025-03-14;MG;116;813,9;ALEM PARAIBA;Ausência de reação do condutor;Com Vítimas Fatais;2;Chuva;Anoitecer;sexta-feira;Colisão frontal;Simples;1;2;-21,86902523;-42,67084185;Perigosa;Sudeste;1 Trimestre
575409;2024.0;n;1.0;2024-01-18;RJ;116;202;SEROPEDICA;Reação tardia ou ineficiente do condutor;Com Vítimas Feridas;2;Céu Claro;Amanhecer;quinta-feira;Colisão transversal;Dupla;0;1;-22.72996588;-43.61317403;Perigosa;Sudeste;1 Trimestre
688163;2025.0;n;4.0;2025-04-30;SP;116;476;JACUPIRANGA;Condutor Dormindo;Com Vítimas Feridas;2;Céu Claro;Plena Noite;quarta-feira;Saída de leito carroçável;Múltipla;0;0;-24,66780537;-47,97435522;Segura;Sudeste;2 Trimestre
583470;2024.0;n;2.0;2024-02-26;MG;251;321;SALINAS;Afundamento ou ondulação no pavimento;Com Vítimas Fatais;1;Céu Claro;Pleno dia;segunda-feira;Saída de leito carroçável;Simples;1;0;-16.18343625;-42.33650208;Perigosa;Sudeste;1 Trimestre
657814;2025.0;n;1.0;2025-01-28;PR;277;675;MEDIANEIRA;Ausência de reação do condutor;Com Vítimas Feridas;2;Nevoeiro/Neblina;Plena Noite;terça-feira;Colisão traseira;Dupla;0;1;-25,29891949;-54,12338731;Perigosa;Sul;1 Trimestre
654757;2025.0;n;1.0;2025-01-12;MT;364;470;JANGADA;Ingestão de álcool pelo condutor;Sem Vítimas;4;Nublado;Plena Noite;domingo;Saída de leito carroçável;Simples;0;0;-15,4077;-56,36441;Segura;Centro-Oeste;1 Trimestre
605062;2024.0;n;6.0;2024-06-03;RJ;116;42,5;TERESOPOLIS;Conversão proibida;Com Vítimas Fatais;2;Céu Claro;Plena Noite;segunda-feira;Colisão transversal;Simples;1;0;-22.14560636;-42.79362881;Perigosa;Sudeste;2 Trimestre
607067;2024.0;n;6.0;2024-06-12;BA;101;255;CONCEICAO DO ALMEIDA;Transitar no Acostamento;Com Vítimas Feridas;3;Chuva;Plena Noite;quarta-feira;Colisão lateral mesmo sentido;Simples;0;0;-12.925146;-39.250732;Segura;Nordeste;2 Trimestre
572061;2024.0;n;1.0;2024-01-02;PB;101;117;CAAPORA;Manobra de mudança de faixa;Com Vítimas Feridas;2;Sol;Pleno dia;terça-feira;Colisão traseira;Dupla;0;0;-7.41357983;-34.95743528;Segura;Nordeste;1 Trimestre
669777;2025.0;n;3.0;2025-03-26;MG;262;843;UBERABA;Reação tardia ou ineficiente do condutor;Com Vítimas Feridas;3;Céu Claro;Anoitecer;quarta-feira;Colisão traseira;Dupla;0;0;-19,756072;-48,277725;Segura;Sudeste;1 Trimestre
613695;2024.0;n;7.0;2024-07-11;PE;101;2,9;GOIANA;Chuva;Com Vítimas Feridas;3;Chuva;Pleno dia;quinta-feira;Colisão traseira;Dupla;0;1;-7.51675334;-34.99198357;Perigosa;Nordeste;3 Trimestre
578892;2024.0;n;2.0;2024-02-04;MG;365;621,5;UBERLANDIA;Mal súbito do condutor;Com Vítimas Feridas;1;Chuva;Amanhecer;domingo;Colisão com objeto;Dupla;0;0;-18.9048022;-48.29052803;Segura;Sudeste;1 Trimestre
627492;2024.0;n;9.0;2024-09-12;ES;259;52,3;COLATINA;Acumulo de areia ou detritos sobre o pavimento;Com Vítimas Feridas;3;Céu Claro;Pleno dia;quinta-feira;Colisão frontal;Simples;0;0;-19.501325;-40.62826;Segura;Sudeste;3 Trimestre
668874;2025.0;n;3.0;2025-03-22;BA;324;411;NOVA FATIMA;Reação tardia ou ineficiente do condutor;Com Vítimas Fatais;2;Céu Claro;Pleno dia;sábado;Colisão frontal;Simples;1;1;-11,6516935;-39,58314836;Perigosa;Nordeste;1 Trimestre
600202;2024.0;n;5.0;2024-05-13;PE;423;91,2;GARANHUNS;Ausência de reação do condutor;Com Vítimas Fatais;3;Sol;Pleno dia;segunda-feira;Colisão frontal;Simples;1;0;-8.85375408;-36.46278381;Perigosa;Nordeste;2 Trimestre
687882;2025.0;n;4.0;2025-04-28;PB;230;403,2;POMBAL;Transitar na contramão;Com Vítimas Fatais;4;Céu Claro;Pleno dia;segunda-feira;Colisão lateral sentido oposto;Simples;1;0;-6,793353;-37,785485;Perigosa;Nordeste;2 Trimestre
574480;2024.0;n;1.0;2024-01-13;BA;324;530,9;FEIRA DE SANTANA;Ausência de reação do condutor;Com Vítimas Feridas;4;Sol;Pleno dia;sábado;Colisão traseira;Dupla;0;0;-12.33362408;-38.85454306;Segura;Nordeste;1 Trimestre
655550;2025.0;n;1.0;2025-01-17;SP;116;225;GUARULHOS;Reação tardia ou ineficiente do condutor;Com Vítimas Feridas;3;Nublado;Amanhecer;sexta-feira;Colisão traseira;Múltipla;0;1;-23,48586772;-46,54075317;Perigosa;Sudeste;1 Trimestre
617082;2024.0;n;7.0;2024-07-26;PR;277;3;PARANAGUA;Problema com o freio;Sem Vítimas;5;Céu Claro;Plena Noite;sexta-feira;Colisão traseira;Simples;0;0;-25.568198;-48.615292;Segura;Sul;3 Trimestre
653680;2025.0;n;1.0;2025-01-07;RS;386;215,2;TIO HUGO;Acessar a via sem observar a presença dos outros veículos;Com Vítimas Feridas;4;Céu Claro;Pleno dia;terça-feira;Colisão transversal;Simples;0;0;-28,57666;-52,596031;Segura;Sul;1 Trimestre
588907;2024.0;n;3.0;2024-03-22;MG;381;483,1;BETIM;Ausência de reação do condutor;Com Vítimas Feridas;3;Céu Claro;Plena Noite;sexta-feira;Colisão com objeto;Múltipla;0;0;-19.95594491;-44.10721699;Segura;Sudeste;1 Trimestre
666914;2025.0;n;3.0;2025-03-13;PB;230;13,8;CABEDELO;Condutor deixou de manter distância do veículo da frente;Com Vítimas Fatais;3;Céu Claro;Pleno dia;quinta-feira;Colisão traseira;Dupla;1;0;-7,088728;-34,848693;Perigosa;Nordeste;1 Trimestre
630262;2024.0;n;9.0;2024-09-24;SC;282;501,3;XANXERE;Acessar a via sem observar a presença dos outros veículos;Com Vítimas Feridas;3;Céu Claro;Pleno dia;terça-feira;Colisão transversal;Dupla;0;0;-26.882715;-52.381729;Segura;Sul;3 Trimestre
673794;2025.0;n;4.0;2025-04-15;PE;101;85;JABOATAO DOS GUARARAPES;Ausência de reação do condutor;Com Vítimas Feridas;3;Sol;Pleno dia;terça-feira;Colisão frontal;Dupla;0;1;-8,18374;-34,96458;Perigosa;Nordeste;2 Trimestre
686622;2025.0;n;4.0;2025-04-22;MG;365;684,5;MONTE ALEGRE DE MINAS;Ausência de reação do condutor;Com Vítimas Feridas;8;Céu Claro;Plena Noite;terça-feira;Colisão traseira;Dupla;0;0;-18,85959857;-48,86065288;Segura;Sudeste;2 Trimestre
599649;2024.0;n;5.0;2024-05-11;SC;470;85,5;RODEIO;Ingestão de álcool pelo condutor;Sem Vítimas;3;Céu Claro;Plena Noite;sábado;Colisão transversal;Simples;0;0;-26.956114;-49.350414;Segura;Sul;2 Trimestre
581791;2024.0;n;2.0;2024-02-17;BA;418;79;NOVA VICOSA;Ingestão de álcool pelo condutor;Com Vítimas Feridas;2;Nublado;Plena Noite;sábado;Colisão frontal;Simples;0;1;-17.865864;-39.751092;Perigosa;Nordeste;1 Trimestre
602361;2024.0;n;5.0;2024-05-23;SP;116;156;SAO JOSE DOS CAMPOS;Acessar a via sem observar a presença dos outros veículos;Com Vítimas Feridas;2;Céu Claro;Pleno dia;quinta-feira;Colisão lateral mesmo sentido;Múltipla;0;0;-23.25044084;-45.93572909;Segura;Sudeste;2 Trimestre
579376;2024.0;n;2.0;2024-02-06;PE;408;97;SAO LOURENCO DA MATA;Ausência de reação do condutor;Com Vítimas Feridas;2;Sol;Pleno dia;terça-feira;Colisão traseira;Dupla;0;1;-8.02843077;-35.03684556;Perigosa;Nordeste;1 Trimestre
653532;2025.0;n;1.0;2025-01-06;PB;230;26,5;JOAO PESSOA;Condutor deixou de manter distância do veículo da frente;Com Vítimas Feridas;2;Céu Claro;Pleno dia;segunda-feira;Colisão traseira;Dupla;0;1;-7,1693;-34,8782;Perigosa;Nordeste;1 Trimestre
582795;2024.0;n;2.0;2024-02-23;SC;285;38;TIMBE DO SUL;Conversão proibida;Com Vítimas Feridas;2;Céu Claro;Pleno dia;sexta-feira;Colisão transversal;Simples;0;0;-28.87667248;-49.75661467;Segura;Sul;1 Trimestre
575493;2024.0;n;1.0;2024-01-18;RS;285;293,1;PASSO FUNDO;Acessar a via sem observar a presença dos outros veículos;Com Vítimas Feridas;2;Chuva;Pleno dia;quinta-feira;Colisão transversal;Simples;0;0;-28.236645;-52.375156;Segura;Sul;1 Trimestre
588667;2024.0;n;3.0;2024-03-20;PR;116;0,2;CAMPINA GRANDE DO SUL;Velocidade Incompatível;Com Vítimas Feridas;2;Céu Claro;Plena Noite;quarta-feira;Colisão com objeto;Dupla;0;0;-25.0604;-48.562973;Segura;Sul;1 Trimestre
618631;2024.0;n;8.0;2024-08-02;SC;470;122,6;IBIRAMA;Velocidade Incompatível;Com Vítimas Feridas;2;Nublado;Pleno dia;sexta-feira;Saída de leito carroçável;Simples;0;0;-27.099888;-49.527679;Segura;Sul;3 Trimestre
592817;2024.0;n;4.0;2024-04-09;SP;116;211;GUARULHOS;Manobra de mudança de faixa;Com Vítimas Feridas;2;Céu Claro;Pleno dia;terça-feira;Colisão traseira;Múltipla;0;0;-23.4324306;-46.4194352;Segura;Sudeste;2 Trimestre
610615;2024.0;n;6.0;2024-06-28;SC;101;37;JOINVILLE;Condutor deixou de manter distância do veículo da frente;Sem Vítimas;5;Nublado;Pleno dia;sexta-feira;Colisão traseira;Dupla;0;0;-26.28733576;-48.88688564;Segura;Sul;2 Trimestre
665849;2025.0;n;3.0;2025-03-08;MT;163;548;DIAMANTINO;Ingestão de álcool pelo condutor;Sem Vítimas;4;Céu Claro;Plena Noite;sábado;Saída de leito carroçável;Simples;0;0;-14,241619;-56,123349;Segura;Centro-Oeste;1 Trimestre
617142;2024.0;n;7.0;2024-07-27;ES;101;7,3;SERRA;Demais falhas mecânicas ou elétricas;Sem Vítimas;1;Céu Claro;Amanhecer;sábado;Incêndio;Dupla;0;0;-20.129093;-40.308125;Segura;Sudeste;3 Trimestre
579417;2024.0;n;2.0;2024-02-06;MG;381;489;BETIM;Ausência de reação do condutor;Sem Vítimas;2;Nublado;Pleno dia;terça-feira;Colisão lateral mesmo sentido;Dupla;0;0;-19.96245618;-44.16455495;Segura;Sudeste;1 Trimestre
597388;2024.0;n;4.0;2024-04-30;MT;70;591;POCONE;Velocidade Incompatível;Com Vítimas Fatais;2;Céu Claro;Pleno dia;terça-feira;Saída de leito carroçável;Simples;1;0;-15.79168191;-56.65677806;Perigosa;Centro-Oeste;2 Trimestre