id;ano;feriado;mes;data_inversa;uf;br;km;municipio;causa_acidente;classificacao_acidente;veiculos;condicao_metereologica;fase_dia;dia_semana;tipo_acidente;tipo_pista;mortos;feridos_graves;latitude;longitude;status;regiao;periodo
621102;2024.0;n;8.0;2024-08-14;BA;101;804;ITAMARAJU;Demais falhas mecânicas ou elétricas;Sem Vítimas;3;Nublado;Plena Noite;quarta-feira;Tombamento;Simples;0;0;-16.98743495;-39.553442;Segura;Nordeste;3 Trimestre
667776;2025.0;n;3.0;2025-03-17;RS;470;220;BENTO GONCALVES;Acessar a via sem observar a presença dos outros veículos;Com Vítimas Feridas;2;Céu Claro;Pleno dia;segunda-feira;Colisão transversal;Dupla;0;1;-29,19810053;-51,51839018;Perigosa;Sul;1 Trimestre
582447;2024.0;n;1.0;2024-01-18;MS;158;55,5;PARANAIBA;Transitar na contramão;Com Vítimas Fatais;5;Garoa/Chuvisco;Plena Noite;quinta-feira;Colisão lateral sentido oposto;Simples;1;0;-19.40429068;-51.40386983;Perigosa;Centro-Oeste;1 Trimestre
673664;2025.0;n;4.0;2025-04-14;PR;153;123,3;IBAITI;Demais falhas mecânicas ou elétricas;Sem Vítimas;2;Céu Claro;Pleno dia;segunda-feira;Incêndio;Simples;0;0;-23,95074793;-50,23821831;Segura;Sul;2 Trimestre
578315;2024.0;n;2.0;2024-02-01;PR;163;151;SANTA LUCIA;Mal súbito do condutor;Com Vítimas Feridas;3;Céu Claro;Pleno dia;quinta-feira;Saída de leito carroçável;Dupla;0;2;-25.41040897;-53.5718868;Perigosa;Sul;1 Trimestre
624523;2024.0;n;8.0;2024-08-30;PE;101;79;JABOATAO DOS GUARARAPES;Trafegar com motocicleta (ou similar) entre as faixas;Com Vítimas Feridas;3;Céu Claro;Pleno dia;sexta-feira;Colisão lateral mesmo sentido;Dupla;0;0;-8.14366112;-34.94723453;Segura;Nordeste;3 Trimestre
614539;2024.0;n;7.0;2024-07-15;PA;316;28;SANTA IZABEL DO PARA;Demais falhas mecânicas ou elétricas;Sem Vítimas;2;Céu Claro;Amanhecer;segunda-feira;Tombamento;Dupla;0;0;-1.309112;-48.219658;Segura;Norte;3 Trimestre
606982;2024.0;n;6.0;2024-06-12;GO;50;255;CATALAO;Carga excessiva e/ou mal acondicionada;Sem Vítimas;2;Céu Claro;Pleno dia;quarta-feira;Incêndio;Dupla;0;0;-17.98296956;-47.80231067;Segura;Centro-Oeste;2 Trimestre
574864;2024.0;n;1.0;2024-01-15;SC;101;90,2;BARRA VELHA;Condutor deixou de manter distância do veículo da frente;Com Vítimas Feridas;5;Céu Claro;Pleno dia;segunda-feira;Engavetamento;Dupla;0;0;-26.66134309;-48.68870258;Segura;Sul;1 Trimestre
654816;2025.0;n;1.0;2025-01-13;RJ;393;269,9;BARRA DO PIRAI;Velocidade Incompatível;Com Vítimas Fatais;3;Chuva;Pleno dia;segunda-feira;Colisão frontal;Simples;1;0;-22,482791;-43,957907;Perigosa;Sudeste;1 Trimestre
667277;2025.0;n;3.0;2025-03-14;PR;373;255;PRUDENTOPOLIS;Manobra de mudança de faixa;Com Vítimas Feridas;3;Céu Claro;Pleno dia;sexta-feira;Colisão lateral mesmo sentido;Simples;0;0;-25,198742;-50,944717;Segura;Sul;1 Trimestre
578709;2024.0;n;2.0;2024-02-03;PA;163;591;TRAIRAO;Ingestão de substâncias psicoativas pelo condutor;Com Vítimas Feridas;10;Céu Claro;Amanhecer;sábado;Colisão lateral sentido oposto;Simples;0;1;-4.90250197;-56.18616339;Perigosa;Norte;1 Trimestre
582315;2024.0;n;2.0;2024-02-20;RO;435;73;COLORADO DO OESTE;Velocidade Incompatível;Com Vítimas Feridas;4;Garoa/Chuvisco;Anoitecer;terça-feira;Tombamento;Simples;0;0;-13.1038111;-60.4273343;Segura;Norte;1 Trimestre
662567;2025.0;n;1.0;2025-01-31;MG;365;431;PATOS DE MINAS;Reação tardia ou ineficiente do condutor;Com Vítimas Feridas;4;Chuva;Anoitecer;sexta-feira;Colisão transversal;Dupla;0;0;-18,76420074;-46,67446219;Segura;Sudeste;1 Trimestre
577365;2024.0;n;1.0;2024-01-27;MG;40;444;PARAOPEBA;Carga excessiva e/ou mal acondicionada;Sem Vítimas;1;Nublado;Pleno dia;sábado;Tombamento;Dupla;0;0;-19.28815;-44.392;Segura;Sudeste;1 Trimestre
603794;2024.0;n;5.0;2024-05-29;MG;50;73;UBERLANDIA;Manobra de mudança de faixa;Com Vítimas Feridas;5;Sol;Pleno dia;quarta-feira;Colisão lateral mesmo sentido;Dupla;0;0;-18.907263;-48.228497;Segura;Sudeste;2 Trimestre
580713;2024.0;n;2.0;2024-02-12;SC;470;70;INDAIAL;Demais falhas mecânicas ou elétricas;Com Vítimas Feridas;2;Céu Claro;Pleno dia;segunda-feira;Colisão traseira;Dupla;0;1;-26.889374;-49.254478;Perigosa;Sul;1 Trimestre
617435;2024.0;n;7.0;2024-07-28;SC;282;457,3;PONTE SERRADA;Transtornos Mentais (exceto suicidio);Com Vítimas Feridas;7;Nublado;Pleno dia;domingo;Colisão traseira;Simples;0;0;-26.880604;-52.013371;Segura;Sul;3 Trimestre
581687;2024.0;n;2.0;2024-02-17;TO;153;134;ARAGUAINA;Carga excessiva e/ou mal acondicionada;Com Vítimas Feridas;4;Céu Claro;Pleno dia;sábado;Tombamento;Simples;0;1;-7.12178379;-48.19293926;Perigosa;Norte;1 Trimestre
598773;2024.0;n;5.0;2024-05-07;RJ;40;59;PETROPOLIS;Reação tardia ou ineficiente do condutor;Com Vítimas Feridas;3;Céu Claro;Pleno dia;terça-feira;Tombamento;Dupla;0;0;-22.38628773;-43.13543464;Segura;Sudeste;2 Trimestre
583856;2024.0;n;2.0;2024-02-04;MT;364;838;CAMPO NOVO DO PARECIS;Reação tardia ou ineficiente do condutor;Com Vítimas Feridas;4;Céu Claro;Pleno dia;domingo;Saída de leito carroçável;Simples;0;0;-14.08850697;-57.99424022;Segura;Centro-Oeste;1 Trimestre
611256;2024.0;n;7.0;2024-07-01;SP;116;147;SAO JOSE DOS CAMPOS;Manobra de mudança de faixa;Com Vítimas Feridas;3;Nublado;Pleno dia;segunda-feira;Colisão lateral mesmo sentido;Dupla;0;0;-23.19542994;-45.87176303;Segura;Sudeste;3 Trimestre
597593;2024.0;y;5.0;2024-05-01;AL;101;124;SAO MIGUEL DOS CAMPOS;Ingestão de álcool pelo condutor;Sem Vítimas;2;Céu Claro;Pleno dia;quarta-feira;Saída de leito carroçável;Simples;0;0;-9.71109695;-36.04180208;Segura;Nordeste;2 Trimestre
586832;2024.0;n;3.0;2024-03-12;CE;222;248,7;SOBRAL;Transitar na contramão;Com Vítimas Feridas;2;Chuva;Plena Noite;terça-feira;Colisão frontal;Simples;0;1;-3.7568905;-40.54116703;Perigosa;Nordeste;1 Trimestre
687175;2025.0;n;4.0;2025-04-25;MG;381;614,9;OLIVEIRA;Velocidade Incompatível;Com Vítimas Feridas;1;Chuva;Amanhecer;sexta-feira;Saída de leito carroçável;Dupla;0;1;-20,71171272;-44,75894159;Perigosa;Sudeste;2 Trimestre
667212;2025.0;n;3.0;2025-03-14;SP;116;280;EMBU DAS ARTES;Reação tardia ou ineficiente do condutor;Com Vítimas Feridas;2;Céu Claro;Pleno dia;sexta-feira;Colisão traseira;Dupla;0;1;-23,64602;-46,841557;Perigosa;Sudeste;1 Trimestre
660636;2025.0;n;2.0;2025-02-10;MT;364;198;RONDONOPOLIS;Transitar na contramão;Com Vítimas Feridas;4;Chuva;Plena Noite;segunda-feira;Colisão frontal;Simples;0;1;-16,50621198;-54,62294799;Perigosa;Centro-Oeste;1 Trimestre
665241;2025.0;n;3.0;2025-03-05;MT;163;614;NOVA MUTUM;Reação tardia ou ineficiente do condutor;Com Vítimas Feridas;2;Chuva;Plena Noite;quarta-feira;Tombamento;Simples;0;0;-13,62730272;-56,03439331;Segura;Centro-Oeste;1 Trimestre
670383;2025.0;n;3.0;2025-03-29;MT;163;765;SORRISO;Ultrapassagem Indevida;Sem Vítimas;4;Nublado;Pleno dia;sábado;Colisão lateral mesmo sentido;Simples;0;0;-12,45426125;-55,66326141;Segura;Centro-Oeste;1 Trimestre
596398;2024.0;n;4.0;2024-04-26;MG;381;799,4;SAO GONCALO DO SAPUCAI;Velocidade Incompatível;Com Vítimas Feridas;2;Céu Claro;Plena Noite;sexta-feira;Saída de leito carroçável;Dupla;0;0;-21.92361372;-45.61220884;Segura;Sudeste;2 Trimestre
603819;2024.0;n;5.0;2024-05-29;PR;277;312;GUARAPUAVA;Ausência de reação do condutor;Com Vítimas Feridas;4;Céu Claro;Pleno dia;quarta-feira;Saída de leito carroçável;Simples;0;0;-25.32385863;-51.19262216;Segura;Sul;2 Trimestre
666886;2025.0;n;3.0;2025-03-13;TO;153;95;WANDERLANDIA;Transitar na contramão;Com Vítimas Fatais;3;Céu Claro;Pleno dia;quinta-feira;Colisão frontal;Múltipla;1;0;-6,90802236;-48,03943634;Perigosa;Norte;1 Trimestre
622830;2024.0;n;8.0;2024-08-22;PR;376;451;TIBAGI;Velocidade Incompatível;Com Vítimas Feridas;3;Céu Claro;Pleno dia;quinta-feira;Tombamento;Dupla;0;0;-24.94239016;-50.40224704;Segura;Sul;3 Trimestre
576794;2024.0;n;1.0;2024-01-24;MT;364;178;PEDRA PRETA;Acessar a via sem observar a presença dos outros veículos;Com Vítimas Feridas;2;Céu Claro;Pleno dia;quarta-feira;Colisão transversal;Simples;0;0;-16.60487698;-54.47377398;Segura;Centro-Oeste;1 Trimestre
653931;2025.0;n;1.0;2025-01-08;MT;70;56,6;BARRA DO GARCAS;Condutor Dormindo;Com Vítimas Feridas;1;Nublado;Plena Noite;quarta-feira;Capotamento;Simples;0;0;-15,7087872;-52,67042618;Segura;Centro-Oeste;1 Trimestre
618113;2024.0;n;7.0;2024-07-31;RJ;116;218;PARACAMBI;Ausência de reação do condutor;Com Vítimas Feridas;5;Céu Claro;Pleno dia;quarta-feira;Engavetamento;Dupla;0;0;-22.700907;-43.757046;Segura;Sudeste;3 Trimestre
600932;2024.0;n;5.0;2024-05-16;MA;316;249,6;BOM JARDIM;Ultrapassagem Indevida;Com Vítimas Fatais;3;Sol;Pleno dia;quinta-feira;Colisão frontal;Simples;1;0;-3.6483;-45.482876;Perigosa;Nordeste;2 Trimestre
686331;2025.0;n;4.0;2025-04-20;MG;116;376;MATHIAS LOBATO;Ausência de reação do condutor;Sem Vítimas;3;Céu Claro;Plena Noite;domingo;Colisão lateral sentido oposto;Simples;0;0;-18,575761;-41,91808;Segura;Sudeste;2 Trimestre
583648;2024.0;n;2.0;2024-02-27;SP;116;228;SAO PAULO;Reação tardia ou ineficiente do condutor;Com Vítimas Feridas;2;Céu Claro;Pleno dia;terça-feira;Colisão lateral mesmo sentido;Dupla;0;0;-23.50343484;-46.56638712;Segura;Sudeste;1 Trimestre
671229;2025.0;n;4.0;2025-04-03;RJ;40;116,9;DUQUE DE CAXIAS;Ausência de reação do condutor;Com Vítimas Fatais;3;Céu Claro;Plena Noite;quinta-feira;Colisão traseira;Múltipla;1;0;-22,74517569;-43,28794599;Perigosa;Sudeste;2 Trimestre
587254;2024.0;n;3.0;2024-03-14;MT;158;421;RIBEIRAO CASCALHEIRA;Pista esburacada;Sem Vítimas;4;Céu Claro;Pleno dia;quinta-feira;Saída de leito carroçável;Simples;0;0;-12.93072031;-51.82259908;Segura;Centro-Oeste;1 Trimestre
584272;2024.0;n;3.0;2024-03-01;SC;101;225,8;PALHOCA;Manobra de mudança de faixa;Com Vítimas Feridas;3;Céu Claro;Pleno dia;sexta-feira;Colisão lateral mesmo sentido;Dupla;0;0;-27.73292191;-48.6409567;Segura;Sul;1 Trimestre
615990;2024.0;n;7.0;2024-07-21;MG;262;422;IGARATINGA;Afundamento ou ondulação no pavimento;Com Vítimas Feridas;2;Céu Claro;Pleno dia;domingo;Tombamento;Simples;0;0;-19.88477767;-44.72993101;Segura;Sudeste;3 Trimestre
616707;2024.0;n;7.0;2024-07-25;PR;373;420;CANDOI;Condutor Dormindo;Com Vítimas Feridas;2;Céu Claro;Plena Noite;quinta-feira;Tombamento;Simples;0;1;-25.69481872;-52.16079429;Perigosa;Sul;3 Trimestre
604176;2024.0;n;5.0;2024-05-31;SC;470;43;GASPAR;Retorno proibido;Com Vítimas Feridas;2;Nublado;Pleno dia;sexta-feira;Colisão transversal;Simples;0;1;-26.874519;-49.013454;Perigosa;Sul;2 Trimestre
574016;2024.0;n;1.0;2024-01-11;MG;365;218;BURITIZEIRO;Demais falhas mecânicas ou elétricas;Sem Vítimas;2;Céu Claro;Pleno dia;quinta-feira;Incêndio;Simples;0;0;-17.59130864;-45.35991523;Segura;Sudeste;1 Trimestre
598203;2024.0;n;5.0;2024-05-04;PI;316;56;MONSENHOR GIL;Transitar no Acostamento;Com Vítimas Feridas;2;Nublado;Pleno dia;sábado;Colisão lateral mesmo sentido;Simples;0;0;-5.54323473;-42.62283776;Segura;Nordeste;2 Trimestre
688248;2025.0;n;4.0;2025-04-30;PR;376;57;GUAIRACA;Ausência de reação do condutor;Com Vítimas Feridas;3;Céu Claro;Pleno dia;quarta-feira;Atropelamento de Pedestre;Simples;0;1;-22,963839;-52,64302701;Perigosa;Sul;2 Trimestre
613535;2024.0;n;7.0;2024-07-10;PE;101;69;RECIFE;Reação tardia ou ineficiente do condutor;Com Vítimas Fatais;5;Céu Claro;Plena Noite;quarta-feira;Colisão traseira;Dupla;1;0;-8.05951606;-34.94581024;Perigosa;Nordeste;3 Trimestre
581543;2024.0;n;2.0;2024-02-16;MG;40;253;SAO GONCALO DO ABAETE;Transitar na contramão;Com Vítimas Fatais;4;Nublado;Plena Noite;sexta-feira;Colisão frontal;Simples;1;0;-18.12760614;-45.41828006;Perigosa;Sudeste;1 Trimestre
687209;2025.0;n;4.0;2025-04-25;MG;116;7;JUIZ DE FORA;Velocidade Incompatível;Com Vítimas Feridas;3;Chuva;Amanhecer;sexta-feira;Colisão transversal;Simples;0;2;-21,7730101;-43,34557391;Perigosa;Sudeste;2 Trimestre
658275;2025.0;n;1.0;2025-01-30;SC;101;42,1;JOINVILLE;Trafegar com motocicleta (ou similar) entre as faixas;Com Vítimas Feridas;4;Nublado;Pleno dia;quinta-feira;Colisão traseira;Dupla;0;0;-26,29251598;-48,88474385;Segura;Sul;1 Trimestre
686830;2025.0;n;4.0;2025-04-23;BA;242;894;BARREIRAS;Demais falhas mecânicas ou elétricas;Sem Vítimas;3;Céu Claro;Amanhecer;quarta-feira;Tombamento;Simples;0;0;-12,07;-45,635;Segura;Nordeste;2 Trimestre
587539;2024.0;n;3.0;2024-03-15;SC;470;72,6;INDAIAL;Reação tardia ou ineficiente do condutor;Com Vítimas Feridas;4;Céu Claro;Plena Noite;sexta-feira;Colisão traseira;Dupla;0;0;-26.901979;-49.268745;Segura;Sul;1 Trimestre
611284;2024.0;n;7.0;2024-07-01;RS;386;306,7;POUSO NOVO;Reação tardia ou ineficiente do condutor;Com Vítimas Feridas;3;Céu Claro;Pleno dia;segunda-feira;Engavetamento;Simples;0;1;-29.202335;-52.183838;Perigosa;Sul;3 Trimestre
685850;2025.0;y;4.0;2025-04-18;BA;110;226;NOVA SOURE;Reação tardia ou ineficiente do condutor;Com Vítimas Fatais;3;Céu Claro;Pleno dia;sexta-feira;Colisão frontal;Simples;1;0;-11,2756583;-38,4403977;Perigosa;Nordeste;2 Trimestre
658706;2025.0;n;2.0;2025-02-01;GO;153;113;SANTA TEREZA DE GOIAS;Reação tardia ou ineficiente do condutor;Com Vítimas Feridas;2;Chuva;Pleno dia;sábado;Tombamento;Simples;0;0;-13,761327;-49,028198;Segura;Centro-Oeste;1 Trimestre
608776;2024.0;n;6.0;2024-06-20;BA;324;585;CANDEIAS;Velocidade Incompatível;Com Vítimas Feridas;4;Céu Claro;Pleno dia;quinta-feira;Engavetamento;Dupla;0;1;-12.63012705;-38.47968619;Perigosa;Nordeste;2 Trimestre
670863;2025.0;n;4.0;2025-04-01;SP;116;362;MIRACATU;Mal súbito do condutor;Sem Vítimas;2;Céu Claro;Pleno dia;terça-feira;Saída de leito carroçável;Dupla;0;0;-24,121781;-47,270621;Segura;Sudeste;2 Trimestre
597954;2024.0;n;4.0;2024-04-30;PR;376;644;TIJUCAS DO SUL;Velocidade Incompatível;Com Vítimas Feridas;3;Sol;Pleno dia;terça-feira;Tombamento;Dupla;0;0;-25.81419584;-49.13167969;Segura;Sul;2 Trimestre
605914;2024.0;n;6.0;2024-06-08;SP;116;229;SAO PAULO;Acessar a via sem observar a presença dos outros veículos;Com Vítimas Feridas;2;Céu Claro;Pleno dia;sábado;Colisão lateral mesmo sentido;Múltipla;0;0;-23.51291902;-46.57604698;Segura;Sudeste;2 Trimestre
596114;2024.0;n;4.0;2024-04-24;PE;232;549;PARNAMIRIM;Reação tardia ou ineficiente do condutor;Sem Vítimas;3;Céu Claro;Pleno dia;quarta-feira;Colisão traseira;Simples;0;0;-8.08140781;-39.48231607;Segura;Nordeste;2 Trimestre
592635;2024.0;n;4.0;2024-04-08;MG;116;443,3;ENGENHEIRO CALDAS;Demais falhas mecânicas ou elétricas;Com Vítimas Feridas;1;Sol;Pleno dia;segunda-feira;Tombamento;Simples;0;1;-19.09760101;-42.0072935;Perigosa;Sudeste;2 Trimestre
610567;2024.0;n;6.0;2024-06-28;MG;40;784,2;JUIZ DE FORA;Velocidade Incompatível;Com Vítimas Feridas;5;Céu Claro;Pleno dia;sexta-feira;Tombamento;Dupla;0;2;-21.73048051;-43.43650818;Perigosa;Sudeste;2 Trimestre
687017;2025.0;n;4.0;2025-04-24;SC;470;57,9;BLUMENAU;Trafegar com motocicleta (ou similar) entre as faixas;Com Vítimas Feridas;2;Nublado;Pleno dia;quinta-feira;Colisão transversal;Simples;0;0;-26,88385;-49,14545;Segura;Sul;2 Trimestre
587340;2024.0;n;3.0;2024-03-09;MG;262;379;JUATUBA;Condutor Dormindo;Com Vítimas Feridas;1;Céu Claro;Plena Noite;sábado;Saída de leito carroçável;Dupla;0;0;-19.93208;-44.42604;Segura;Sudeste;1 Trimestre
685788;2025.0;y;4.0;2025-04-18;SC;101;117;ITAJAI;Reação tardia ou ineficiente do condutor;Sem Vítimas;2;Céu Claro;Pleno dia;sexta-feira;Colisão lateral mesmo sentido;Dupla;0;0;-26,88837874;-48,72222397;Segura;Sul;2 Trimestre
601389;2024.0;n;5.0;2024-05-18;MT;163;583;NOVA MUTUM;Reação tardia ou ineficiente do condutor;Sem Vítimas;8;Sol;Pleno dia;sábado;Colisão traseira;Simples;0;0;-14.05793518;-56.09856364;Segura;Centro-Oeste;2 Trimestre
621840;2024.0;n;8.0;2024-08-17;SC;101;202;SAO JOSE;Estacionar ou parar em local proibido;Com Vítimas Feridas;4;Sol;Pleno dia;sábado;Colisão lateral mesmo sentido;Simples;0;0;-27.55711595;-48.61897889;Segura;Sul;3 Trimestre
654431;2025.0;n;1.0;2025-01-11;CE;116;167;RUSSAS;Condutor Dormindo;Com Vítimas Feridas;3;Céu Claro;Pleno dia;sábado;Colisão lateral sentido oposto;Simples;0;0;-4,96888504;-38,00788193;Segura;Nordeste;1 Trimestre
582443;2024.0;n;2.0;2024-02-21;PR;376;668;GUARATUBA;Demais falhas mecânicas ou elétricas;Com Vítimas Feridas;7;Garoa/Chuvisco;Pleno dia;quarta-feira;Colisão com objeto;Dupla;0;1;-25.864159;-48.937538;Perigosa;Sul;1 Trimestre
589328;2024.0;n;3.0;2024-03-23;MT;163;112;RONDONOPOLIS;Condutor deixou de manter distância do veículo da frente;Com Vítimas Feridas;5;Chuva;Plena Noite;sábado;Colisão traseira;Dupla;0;0;-16.56184522;-54.67930759;Segura;Centro-Oeste;1 Trimestre
575177;2024.0;n;1.0;2024-01-16;PI;316;42;LAGOA DO PIAUI;Mal súbito do condutor;Com Vítimas Fatais;2;Céu Claro;Anoitecer;terça-feira;Colisão frontal;Simples;1;0;-5.41952403;-42.64045707;Perigosa;Nordeste;1 Trimestre
655268;2025.0;n;1.0;2025-01-15;PR;373;390;CANDOI;Transitar na contramão;Com Vítimas Feridas;3;Céu Claro;Pleno dia;quarta-feira;Colisão lateral sentido oposto;Simples;0;1;-25,52493827;-51,98455811;Perigosa;Sul;1 Trimestre
613334;2024.0;n;7.0;2024-07-09;ES;101;183,6;ARACRUZ;Reação tardia ou ineficiente do condutor;Com Vítimas Feridas;1;Céu Claro;Plena Noite;terça-feira;Tombamento;Simples;0;0;-19.64708421;-40.23286555;Segura;Sudeste;3 Trimestre
578260;2024.0;n;1.0;2024-01-31;RJ;40;32;TRES RIOS;Reação tardia ou ineficiente do condutor;Sem Vítimas;3;Chuva;Plena Noite;quarta-feira;Colisão traseira;Dupla;0;0;-22.19935287;-43.15764401;Segura;Sudeste;1 Trimestre
609325;2024.0;n;6.0;2024-06-22;TO;10;463;PALMAS;Reação tardia ou ineficiente do condutor;Sem Vítimas;5;Céu Claro;Plena Noite;sábado;Colisão transversal;Dupla;0;0;-10.240333;-48.312758;Segura;Norte;2 Trimestre
619499;2024.0;n;8.0;2024-08-06;PR;376;527;PONTA GROSSA;Ausência de reação do condutor;Com Vítimas Feridas;4;Céu Claro;Pleno dia;terça-feira;Colisão traseira;Dupla;0;0;-25.327481;-49.862779;Segura;Sul;3 Trimestre
653879;2025.0;n;1.0;2025-01-08;SP;116;225;GUARULHOS;Manobra de mudança de faixa;Sem Vítimas;2;Nublado;Pleno dia;quarta-feira;Colisão traseira;Múltipla;0;0;-23,48586772;-46,54075317;Segura;Sudeste;1 Trimestre
595927;2024.0;n;4.0;2024-04-23;MS;163;50;ELDORADO;Ausência de reação do condutor;Com Vítimas Feridas;2;Céu Claro;Plena Noite;terça-feira;Colisão traseira;Simples;0;2;-23.70499995;-54.26920532;Perigosa;Centro-Oeste;2 Trimestre
587266;2024.0;n;3.0;2024-03-14;PR;373;298;PRUDENTOPOLIS;Reação tardia ou ineficiente do condutor;Com Vítimas Fatais;1;Céu Claro;Anoitecer;quinta-feira;Capotamento;Simples;1;0;-25.29306257;-51.12921692;Perigosa;Sul;1 Trimestre
598619;2024.0;n;5.0;2024-05-06;PI;343;263;CAMPO MAIOR;Ausência de reação do condutor;Sem Vítimas;2;Céu Claro;Pleno dia;segunda-feira;Colisão traseira;Simples;0;0;-4.819326;-42.158821;Segura;Nordeste;2 Trimestre
583007;2024.0;n;2.0;2024-02-24;SC;282;538,9;CHAPECO;Reação tardia ou ineficiente do condutor;Sem Vítimas;4;Céu Claro;Pleno dia;sábado;Colisão traseira;Simples;0;0;-27.00079038;-52.67025948;Segura;Sul;1 Trimestre
687970;2025.0;n;4.0;2025-04-29;MG;40;548,9;NOVA LIMA;Condutor Dormindo;Com Vítimas Feridas;3;Céu Claro;Plena Noite;terça-feira;Colisão traseira;Dupla;0;1;-20,040069;-43,967077;Perigosa;Sudeste;2 Trimestre
598934;2024.0;n;5.0;2024-05-07;BA;242;302;LAJEDINHO;Carga excessiva e/ou mal acondicionada;Sem Vítimas;4;Céu Claro;Pleno dia;terça-feira;Derramamento de carga;Simples;0;0;-12.46397223;-40.90549998;Segura;Nordeste;2 Trimestre
625035;2024.0;n;9.0;2024-09-01;BA;324;545;AMELIA RODRIGUES;Reação tardia ou ineficiente do condutor;Com Vítimas Feridas;3;Chuva;Pleno dia;domingo;Saída de leito carroçável;Dupla;0;0;-12.40647;-38.753143;Segura;Nordeste;3 Trimestre
624669;2024.0;n;8.0;2024-08-30;MS;163;776;PEDRO GOMES;Ausência de reação do condutor;Com Vítimas Feridas;5;Céu Claro;Plena Noite;sexta-feira;Colisão traseira;Dupla;0;0;-18.13078309;-54.69813415;Segura;Centro-Oeste;3 Trimestre
652571;2025.0;y;1.0;2025-01-01;RJ;116;129;MAGE;Condutor deixou de manter distância do veículo da frente;Sem Vítimas;1;Nublado;Pleno dia;quarta-feira;Tombamento;Dupla;0;0;-22,66067042;-43,1166172;Segura;Sudeste;1 Trimestre
595046;2024.0;n;4.0;2024-04-19;BA;101;534;SAO JOSE DA VITORIA;Curva acentuada;Com Vítimas Feridas;3;Céu Claro;Pleno dia;sexta-feira;Tombamento;Simples;0;0;-15.1537051;-39.40306294;Segura;Nordeste;2 Trimestre
627434;2024.0;n;9.0;2024-09-12;PR;277;120;CAMPO LARGO;Reação tardia ou ineficiente do condutor;Com Vítimas Fatais;6;Céu Claro;Plena Noite;quinta-feira;Engavetamento;Simples;1;1;-25.43651772;-49.44346612;Perigosa;Sul;3 Trimestre
588258;2024.0;n;3.0;2024-03-18;SC;282;410,6;CATANDUVAS;Demais falhas mecânicas ou elétricas;Sem Vítimas;3;Céu Claro;Pleno dia;segunda-feira;Saída de leito carroçável;Simples;0;0;-27.061399;-51.671875;Segura;Sul;1 Trimestre
615141;2024.0;n;7.0;2024-07-18;ES;101;56;SAO MATEUS;Ausência de reação do condutor;Com Vítimas Feridas;3;Céu Claro;Plena Noite;quinta-feira;Saída de leito carroçável;Simples;0;0;-18.63807206;-39.87666322;Segura;Sudeste;3 Trimestre
583850;2024.0;n;2.0;2024-02-28;GO;50;284;CATALAO;Carga excessiva e/ou mal acondicionada;Com Vítimas Feridas;2;Céu Claro;Pleno dia;quarta-feira;Colisão frontal;Simples;0;0;-18.2049;-47.9609;Segura;Centro-Oeste;1 Trimestre
574878;2024.0;n;1.0;2024-01-15;SC;101;135;BALNEARIO CAMBORIU;Trafegar com motocicleta (ou similar) entre as faixas;Com Vítimas Feridas;3;Céu Claro;Pleno dia;segunda-feira;Colisão lateral mesmo sentido;Dupla;0;1;-27.0050108;-48.62677494;Perigosa;Sul;1 Trimestre
652601;2025.0;y;1.0;2025-01-01;SP;116;564;BARRA DO TURVO;Acumulo de água sobre o pavimento;Com Vítimas Feridas;1;Chuva;Anoitecer;quarta-feira;Colisão com objeto;Simples;0;0;-25,05014672;-48,55373383;Segura;Sudeste;1 Trimestre
599699;2024.0;n;5.0;2024-05-11;SC;282;500,2;XANXERE;Conversão proibida;Sem Vítimas;2;Nublado;Pleno dia;sábado;Colisão lateral mesmo sentido;Dupla;0;0;-26.881372;-52.37252;Segura;Sul;2 Trimestre
619911;2024.0;n;8.0;2024-08-08;SP;116;207;GUARULHOS;Demais falhas na via;Com Vítimas Feridas;2;Nublado;Plena Noite;quinta-feira;Colisão com objeto;Múltipla;0;1;-23.41972188;-46.38419203;Perigosa;Sudeste;3 Trimestre
689769;2025.0;n;4.0;2025-04-23;RS;386;245;SOLEDADE;Transitar na contramão;Com Vítimas Feridas;2;Céu Claro;Plena Noite;quarta-feira;Colisão frontal;Simples;0;0;-28,79900441;-52,51387445;Segura;Sul;2 Trimestre
577166;2024.0;n;1.0;2024-01-26;MG;40;437,1;PARAOPEBA;Reação tardia ou ineficiente do condutor;Com Vítimas Feridas;4;Nublado;Pleno dia;sexta-feira;Colisão traseira;Dupla;0;0;-19.23379;-44.43244;Segura;Sudeste;1 Trimestre
625975;2024.0;n;9.0;2024-09-05;PE;104;84;AGRESTINA;Manobra de mudança de faixa;Com Vítimas Feridas;2;Nublado;Plena Noite;quinta-feira;Colisão frontal;Simples;0;1;-8.430662;-35.959164;Perigosa;Nordeste;3 Trimestre
626436;2024.0;y;9.0;2024-09-07;RN;304;64,1;MOSSORO;Demais falhas mecânicas ou elétricas;Sem Vítimas;2;Céu Claro;Pleno dia;sábado;Incêndio;Simples;0;0;-5.35496318;-37.25207133;Segura;Nordeste;3 Trimestre
656877;2025.0;n;1.0;2025-01-23;CE;116;64;CHOROZINHO;Acessar a via sem observar a presença dos outros veículos;Sem Vítimas;3;Céu Claro;Pleno dia;quinta-feira;Colisão transversal;Simples;0;0;-4,29766043;-38,50128341;Segura;Nordeste;1 Trimestre
597309;2024.0;n;4.0;2024-04-29;SP;116;221;GUARULHOS;Velocidade Incompatível;Com Vítimas Feridas;3;Nevoeiro/Neblina;Plena Noite;segunda-feira;Colisão traseira;Múltipla;0;0;-23.46741916;-46.50655389;Segura;Sudeste;2 Trimestre