id;ano;feriado;mes;data_inversa;uf;br;km;municipio;causa_acidente;classificacao_acidente;veiculos;condicao_metereologica;fase_dia;dia_semana;tipo_acidente;tipo_pista;mortos;feridos_graves;latitude;longitude;status;regiao;periodo
662916;2025.0;n;2.0;2025-02-22;RJ;101;294;ITABORAI;Manobra de mudança de faixa;Sem Vítimas;3;Céu Claro;Pleno dia;sábado;Colisão lateral mesmo sentido;Dupla;0;0;-22,7624411;-42,9010663;Segura;Sudeste;1 Trimestre
665506;2025.0;n;3.0;2025-03-06;MS;163;575,2;BANDEIRANTES;Acesso irregular;Com Vítimas Feridas;3;Céu Claro;Pleno dia;quinta-feira;Atropelamento de Pedestre;Simples;0;0;-19,679834;-54,350328;Segura;Centro-Oeste;1 Trimestre
591617;2024.0;n;4.0;2024-04-03;PE;232;234;PESQUEIRA;Demais falhas mecânicas ou elétricas;Com Vítimas Feridas;1;Céu Claro;Pleno dia;quarta-feira;Saída de leito carroçável;Simples;0;1;-8.40708897;-36.910579;Perigosa;Nordeste;2 Trimestre
668723;2025.0;n;3.0;2025-03-21;MT;174;165;CACERES;Deficiência do Sistema de Iluminação/Sinalização;Com Vítimas Feridas;3;Céu Claro;Plena Noite;sexta-feira;Colisão traseira;Simples;0;1;-16,0299076;-57,7281997;Perigosa;Centro-Oeste;1 Trimestre
586056;2024.0;n;3.0;2024-03-09;ES;101;297;VIANA;Manobra de mudança de faixa;Com Vítimas Feridas;6;Céu Claro;Pleno dia;sábado;Colisão com objeto;Dupla;0;0;-20.3493338;-40.41226261;Segura;Sudeste;1 Trimestre
591263;2024.0;n;4.0;2024-04-01;MG;50;8;ARAGUARI;Manobra de mudança de faixa;Com Vítimas Feridas;3;Chuva;Plena Noite;segunda-feira;Colisão traseira;Dupla;0;0;-18.48857586;-48.04613852;Segura;Sudeste;2 Trimestre
613912;2024.0;n;7.0;2024-07-12;GO;364;278;MINEIROS;Demais falhas na via;Com Vítimas Feridas;3;Céu Claro;Pleno dia;sexta-feira;Tombamento;Simples;0;0;-17.637932;-52.371918;Segura;Centro-Oeste;3 Trimestre
670294;2025.0;n;3.0;2025-03-29;CE;116;27;ITAITINGA;Pedestre cruzava a pista fora da faixa;Com Vítimas Feridas;2;Nublado;Pleno dia;sábado;Atropelamento de Pedestre;Dupla;0;1;-3,989953;-38,516185;Perigosa;Nordeste;1 Trimestre
619681;2024.0;n;8.0;2024-08-07;SC;163;112,7;GUARUJA DO SUL;Acessar a via sem observar a presença dos outros veículos;Com Vítimas Feridas;4;Nublado;Pleno dia;quarta-feira;Colisão lateral mesmo sentido;Simples;0;0;-26.39002442;-53.51715088;Segura;Sul;3 Trimestre
586499;2024.0;n;3.0;2024-03-11;SE;235;37,5;AREIA BRANCA;Condutor deixou de manter distância do veículo da frente;Com Vítimas Feridas;3;Céu Claro;Pleno dia;segunda-feira;Engavetamento;Simples;0;1;-10.769654;-37.337318;Perigosa;Nordeste;1 Trimestre
656465;2025.0;n;1.0;2025-01-21;PR;277;109,5;CURITIBA;Condutor deixou de manter distância do veículo da frente;Com Vítimas Feridas;3;Sol;Pleno dia;terça-feira;Colisão traseira;Dupla;0;0;-25,42708838;-49,38419938;Segura;Sul;1 Trimestre
619391;2024.0;n;8.0;2024-08-06;PR;116;1;QUATRO BARRAS;Acessar a via sem observar a presença dos outros veículos;Com Vítimas Feridas;2;Céu Claro;Amanhecer;terça-feira;Colisão traseira;Dupla;0;0;-25.3514;-49.0599;Segura;Sul;3 Trimestre
672147;2025.0;n;4.0;2025-04-07;CE;116;6;FORTALEZA;Condutor deixou de manter distância do veículo da frente;Sem Vítimas;3;Céu Claro;Pleno dia;segunda-feira;Colisão traseira;Dupla;0;0;-3,80141;-38,504768;Segura;Nordeste;2 Trimestre
611228;2024.0;n;7.0;2024-07-01;RJ;116;229;PIRAI;Reação tardia ou ineficiente do condutor;Com Vítimas Feridas;3;Nublado;Pleno dia;segunda-feira;Colisão traseira;Dupla;0;0;-22.65646622;-43.82206692;Segura;Sudeste;3 Trimestre
664415;2025.0;n;3.0;2025-03-01;CE;116;164;RUSSAS;Ausência de reação do condutor;Com Vítimas Fatais;2;Céu Claro;Amanhecer;sábado;Colisão com objeto;Simples;1;0;-4,95209016;-37,99467087;Perigosa;Nordeste;1 Trimestre
585352;2024.0;n;3.0;2024-03-06;RS;116;257;ESTEIO;Reação tardia ou ineficiente do condutor;Com Vítimas Feridas;3;Céu Claro;Pleno dia;quarta-feira;Engavetamento;Dupla;0;0;-29.84886857;-51.17858061;Segura;Sul;1 Trimestre
598861;2024.0;n;5.0;2024-05-07;ES;101;422,5;ATILIO VIVACQUA;Ausência de reação do condutor;Com Vítimas Fatais;5;Céu Claro;Pleno dia;terça-feira;Colisão transversal;Simples;2;1;-20.98070633;-41.11625915;Perigosa;Sudeste;2 Trimestre
665940;2025.0;n;3.0;2025-03-08;MG;116;172;GOVERNADOR VALADARES;Ultrapassagem Indevida;Com Vítimas Feridas;3;Céu Claro;Pleno dia;sábado;Colisão traseira;Simples;0;1;-18,966099;-42,082286;Perigosa;Sudeste;1 Trimestre
627559;2024.0;n;9.0;2024-09-12;RS;392;332;SANTA MARIA;Transitar na contramão;Com Vítimas Feridas;4;Céu Claro;Pleno dia;quinta-feira;Colisão lateral sentido oposto;Simples;0;0;-29.886602;-53.73231499;Segura;Sul;3 Trimestre
660538;2025.0;n;2.0;2025-02-10;MT;364;357;SANTO ANTONIO DO LEVERGER;Reação tardia ou ineficiente do condutor;Com Vítimas Feridas;2;Garoa/Chuvisco;Pleno dia;segunda-feira;Saída de leito carroçável;Simples;0;0;-15,78489984;-55,60855772;Segura;Centro-Oeste;1 Trimestre
665887;2025.0;n;3.0;2025-03-08;MG;116;530,7;CARATINGA;Ingestão de substâncias psicoativas pelo condutor;Com Vítimas Fatais;2;Céu Claro;Amanhecer;sábado;Colisão lateral sentido oposto;Simples;1;0;-19,816687;-42,136218;Perigosa;Sudeste;1 Trimestre
615506;2024.0;n;7.0;2024-07-19;RO;429;125,7;ALVORADA DOESTE;Mal súbito do condutor;Com Vítimas Feridas;2;Céu Claro;Pleno dia;sexta-feira;Colisão frontal;Simples;0;0;-11.510115;-62.500673;Segura;Norte;3 Trimestre
609994;2024.0;n;6.0;2024-06-25;MT;364;454;VARZEA GRANDE;Ultrapassagem Indevida;Com Vítimas Fatais;11;Céu Claro;Pleno dia;terça-feira;Colisão lateral sentido oposto;Simples;1;0;-15.57126241;-56.25105218;Perigosa;Centro-Oeste;2 Trimestre
630325;2024.0;n;9.0;2024-09-24;BA;101;37;ESPLANADA;Acessar a via sem observar a presença dos outros veículos;Com Vítimas Feridas;2;Céu Claro;Plena Noite;terça-feira;Colisão transversal;Simples;0;0;-11.83041202;-37.99123193;Segura;Nordeste;3 Trimestre
579599;2024.0;n;1.0;2024-01-06;PE;104;68;CARUARU;Demais falhas mecânicas ou elétricas;Com Vítimas Feridas;2;Céu Claro;Pleno dia;sábado;Colisão lateral mesmo sentido;Dupla;0;1;-8.306963;-35.989668;Perigosa;Nordeste;1 Trimestre
608585;2024.0;n;6.0;2024-06-19;MG;381;889;CAMBUI;Velocidade Incompatível;Com Vítimas Feridas;1;Sol;Pleno dia;quarta-feira;Colisão com objeto;Dupla;0;0;-22.57874206;-46.04473491;Segura;Sudeste;2 Trimestre
667091;2025.0;n;3.0;2025-03-14;MT;364;10;ALTO ARAGUAIA;Animais na Pista;Sem Vítimas;3;Céu Claro;Amanhecer;sexta-feira;Tombamento;Simples;0;0;-17,27364969;-53,28424931;Segura;Centro-Oeste;1 Trimestre
600291;2024.0;n;5.0;2024-05-13;SP;116;511;CAJATI;Reação tardia ou ineficiente do condutor;Com Vítimas Feridas;2;Céu Claro;Pleno dia;segunda-feira;Tombamento;Simples;0;0;-24.83558399;-48.2223738;Segura;Sudeste;2 Trimestre
582357;2024.0;n;2.0;2024-02-14;SC;470;2,2;NAVEGANTES;Frear bruscamente;Com Vítimas Feridas;2;Garoa/Chuvisco;Plena Noite;quarta-feira;Saída de leito carroçável;Múltipla;0;1;-26.868551;-48.674831;Perigosa;Sul;1 Trimestre
668036;2025.0;n;3.0;2025-03-18;SP;116;100,9;PINDAMONHANGABA;Trafegar com motocicleta (ou similar) entre as faixas;Com Vítimas Feridas;2;Céu Claro;Pleno dia;terça-feira;Colisão lateral mesmo sentido;Múltipla;0;1;-22,9909008;-45,4797174;Perigosa;Sudeste;1 Trimestre
599593;2024.0;n;5.0;2024-05-10;RS;116;611;JAGUARAO;Velocidade Incompatível;Com Vítimas Fatais;2;Chuva;Plena Noite;sexta-feira;Colisão lateral mesmo sentido;Simples;1;0;-32.56067023;-53.38439839;Perigosa;Sul;2 Trimestre
616658;2024.0;n;7.0;2024-07-24;RJ;393;229;VASSOURAS;Pedestre andava na pista;Com Vítimas Feridas;2;Céu Claro;Plena Noite;quarta-feira;Atropelamento de Pedestre;Dupla;0;0;-22.35662374;-43.59317007;Segura;Sudeste;3 Trimestre
629665;2024.0;n;9.0;2024-09-21;SC;101;222,8;PALHOCA;Manobra de mudança de faixa;Com Vítimas Feridas;2;Nublado;Plena Noite;sábado;Colisão lateral mesmo sentido;Dupla;0;0;-27.70865409;-48.65586407;Segura;Sul;3 Trimestre
579576;2024.0;n;2.0;2024-02-07;MG;365;31;MONTES CLAROS;Pista Escorregadia;Com Vítimas Feridas;1;Chuva;Pleno dia;quarta-feira;Saída de leito carroçável;Simples;0;0;-16.85025469;-44.11000723;Segura;Sudeste;1 Trimestre
667983;2025.0;n;3.0;2025-03-18;RJ;116;178;NOVA IGUACU;Ausência de reação do condutor;Com Vítimas Feridas;3;Céu Claro;Pleno dia;terça-feira;Queda de ocupante de veículo;Dupla;0;0;-22,74439;-43,449206;Segura;Sudeste;1 Trimestre
624209;2024.0;n;8.0;2024-08-28;PR;376;501;PONTA GROSSA;Manobra de mudança de faixa;Com Vítimas Feridas;2;Céu Claro;Plena Noite;quarta-feira;Colisão com objeto;Dupla;0;0;-25.20894789;-50.06444688;Segura;Sul;3 Trimestre
608958;2024.0;n;6.0;2024-06-12;GO;158;70;PIRANHAS;Estacionar ou parar em local proibido;Com Vítimas Feridas;3;Céu Claro;Plena Noite;quarta-feira;Colisão traseira;Simples;0;1;-16.34414294;-51.9333639;Perigosa;Centro-Oeste;2 Trimestre
624210;2024.0;n;8.0;2024-08-28;PR;163;11,6;BARRACAO;Reação tardia ou ineficiente do condutor;Com Vítimas Fatais;3;Céu Claro;Pleno dia;quarta-feira;Queda de ocupante de veículo;Simples;1;0;-26.25066;-53.635523;Perigosa;Sul;3 Trimestre
624848;2024.0;n;8.0;2024-08-31;ES;101;270;SERRA;Ausência de reação do condutor;Com Vítimas Feridas;4;Céu Claro;Pleno dia;sábado;Colisão traseira;Múltipla;0;0;-20.22662056;-40.27075088;Segura;Sudeste;3 Trimestre
614988;2024.0;n;7.0;2024-07-17;MT;163;859;SINOP;Demais falhas mecânicas ou elétricas;Sem Vítimas;2;Céu Claro;Pleno dia;quarta-feira;Incêndio;Simples;0;0;-11.65953393;-55.44222057;Segura;Centro-Oeste;3 Trimestre
656167;2025.0;n;1.0;2025-01-19;PI;316;56;MONSENHOR GIL;Transitar na contramão;Sem Vítimas;3;Nublado;Plena Noite;domingo;Colisão lateral sentido oposto;Simples;0;0;-5,54323473;-42,62283776;Segura;Nordeste;1 Trimestre
670287;2025.0;n;3.0;2025-03-26;RJ;493;68;NOVA IGUACU;Velocidade Incompatível;Com Vítimas Feridas;1;Céu Claro;Pleno dia;quarta-feira;Saída de leito carroçável;Dupla;0;0;-22,68180116;-43,47289855;Segura;Sudeste;1 Trimestre
615418;2024.0;n;7.0;2024-07-18;MS;262;762,1;CORUMBA;Reação tardia ou ineficiente do condutor;Com Vítimas Feridas;3;Céu Claro;Anoitecer;quinta-feira;Queda de ocupante de veículo;Simples;0;0;-19.12764098;-57.62375735;Segura;Centro-Oeste;3 Trimestre
624784;2024.0;n;8.0;2024-08-31;MG;40;417,1;CURVELO;Ultrapassagem Indevida;Com Vítimas Feridas;2;Céu Claro;Pleno dia;sábado;Colisão transversal;Simples;0;0;-19.15620979;-44.59445792;Segura;Sudeste;3 Trimestre
599187;2024.0;n;5.0;2024-05-09;BA;101;453;ITACARE;Ultrapassagem Indevida;Com Vítimas Fatais;3;Garoa/Chuvisco;Amanhecer;quinta-feira;Colisão frontal;Simples;1;0;-14.383609;-39.324995;Perigosa;Nordeste;2 Trimestre
660059;2025.0;n;2.0;2025-02-08;SC;101;193;BIGUACU;Acessar a via sem observar a presença dos outros veículos;Com Vítimas Feridas;5;Sol;Pleno dia;sábado;Colisão lateral mesmo sentido;Múltipla;0;0;-27,489574;-48,655914;Segura;Sul;1 Trimestre
585750;2024.0;n;3.0;2024-03-07;RJ;116;246,7;PIRAI;Reação tardia ou ineficiente do condutor;Com Vítimas Fatais;2;Céu Claro;Pleno dia;quinta-feira;Tombamento;Dupla;1;0;-22.60655103;-43.93505207;Perigosa;Sudeste;1 Trimestre
660062;2025.0;n;2.0;2025-02-08;GO;153;299;RIALMA;Ultrapassagem Indevida;Com Vítimas Fatais;4;Céu Claro;Pleno dia;sábado;Colisão frontal;Simples;1;0;-15,277585;-49,552872;Perigosa;Centro-Oeste;1 Trimestre
625835;2024.0;n;9.0;2024-09-04;CE;116;51,9;PACAJUS;Transitar na contramão;Com Vítimas Fatais;3;Céu Claro;Plena Noite;quarta-feira;Colisão frontal;Dupla;1;0;-4.18523574;-38.48627044;Perigosa;Nordeste;3 Trimestre
600861;2024.0;n;5.0;2024-05-16;PR;369;415,5;JURANDA;Condutor deixou de manter distância do veículo da frente;Com Vítimas Feridas;3;Céu Claro;Pleno dia;quinta-feira;Engavetamento;Simples;0;1;-24.46968786;-52.8681353;Perigosa;Sul;2 Trimestre
592493;2024.0;n;4.0;2024-04-07;BA;101;185;SAO GONCALO DOS CAMPOS;Acessar a via sem observar a presença dos outros veículos;Com Vítimas Fatais;3;Chuva;Plena Noite;domingo;Colisão transversal;Simples;2;0;-12.465785;-38.93519282;Perigosa;Nordeste;2 Trimestre
586487;2024.0;n;3.0;2024-03-10;MG;381;821,2;CAREACU;Chuva;Sem Vítimas;2;Chuva;Plena Noite;domingo;Saída de leito carroçável;Dupla;0;0;-22.11209226;-45.74742779;Segura;Sudeste;1 Trimestre
603326;2024.0;n;5.0;2024-05-18;PE;232;504;SALGUEIRO;Condutor deixou de manter distância do veículo da frente;Sem Vítimas;3;Céu Claro;Pleno dia;sábado;Colisão traseira;Simples;0;0;-8.05261085;-39.08587407;Segura;Nordeste;2 Trimestre
581380;2024.0;n;2.0;2024-02-15;MG;262;391;FLORESTAL;Objeto estático sobre o leito carroçável;Com Vítimas Feridas;1;Chuva;Plena Noite;quinta-feira;Tombamento;Dupla;0;0;-19.92369912;-44.46409813;Segura;Sudeste;1 Trimestre
626540;2024.0;y;9.0;2024-09-07;ES;101;211,7;IBIRACU;Acessar a via sem observar a presença dos outros veículos;Com Vítimas Feridas;2;Nublado;Plena Noite;sábado;Colisão lateral mesmo sentido;Simples;0;0;-19.80700903;-40.36767233;Segura;Sudeste;3 Trimestre
653561;2025.0;n;1.0;2025-01-06;BA;324;530;FEIRA DE SANTANA;Frear bruscamente;Com Vítimas Feridas;3;Céu Claro;Anoitecer;segunda-feira;Colisão traseira;Dupla;0;0;-12,32818491;-38,86174193;Segura;Nordeste;1 Trimestre
628972;2024.0;n;9.0;2024-09-18;BA;101;231;SAPEACU;Condutor Dormindo;Com Vítimas Feridas;1;Céu Claro;Pleno dia;quarta-feira;Saída de leito carroçável;Simples;0;0;-12.84349412;-39.20479086;Segura;Nordeste;3 Trimestre
587877;2024.0;n;3.0;2024-03-17;SP;116;372;MIRACATU;Velocidade Incompatível;Com Vítimas Fatais;3;Chuva;Pleno dia;domingo;Tombamento;Dupla;1;1;-24.16540804;-47.33274697;Perigosa;Sudeste;1 Trimestre
672636;2025.0;n;4.0;2025-04-09;GO;414;428;ABADIANIA;Deficiência do Sistema de Iluminação/Sinalização;Com Vítimas Feridas;4;Céu Claro;Plena Noite;quarta-feira;Colisão traseira;Simples;0;0;-16,203355;-48,911955;Segura;Centro-Oeste;2 Trimestre
626095;2024.0;n;9.0;2024-09-06;SP;116;528;BARRA DO TURVO;Reação tardia ou ineficiente do condutor;Com Vítimas Fatais;4;Garoa/Chuvisco;Pleno dia;sexta-feira;Colisão lateral mesmo sentido;Dupla;1;0;-24.939211;-48.301248;Perigosa;Sudeste;3 Trimestre
685450;2025.0;n;4.0;2025-04-16;MG;381;537;ITATIAIUCU;Reação tardia ou ineficiente do condutor;Com Vítimas Feridas;5;Nublado;Plena Noite;quarta-feira;Colisão traseira;Dupla;0;0;-20,202014;-44,387676;Segura;Sudeste;2 Trimestre
605765;2024.0;n;4.0;2024-04-22;SC;470;155,1;AGRONOMICA;Ausência de reação do condutor;Com Vítimas Fatais;7;Céu Claro;Pleno dia;segunda-feira;Colisão frontal;Simples;2;0;-27.27897389;-49.75434238;Perigosa;Sul;2 Trimestre
658345;2025.0;n;1.0;2025-01-31;GO;20;41;FORMOSA;Reação tardia ou ineficiente do condutor;Com Vítimas Feridas;3;Céu Claro;Amanhecer;sexta-feira;Colisão traseira;Simples;0;0;-15,396284;-47,099884;Segura;Centro-Oeste;1 Trimestre
588655;2024.0;n;3.0;2024-03-20;RJ;493;81;DUQUE DE CAXIAS;Ausência de reação do condutor;Com Vítimas Feridas;3;Céu Claro;Plena Noite;quarta-feira;Colisão traseira;Dupla;0;0;-22.672089;-43.285053;Segura;Sudeste;1 Trimestre
668605;2025.0;n;3.0;2025-03-21;BA;101;868;TEIXEIRA DE FREITAS;Acessar a via sem observar a presença dos outros veículos;Sem Vítimas;2;Céu Claro;Pleno dia;sexta-feira;Colisão lateral mesmo sentido;Simples;0;0;-17,465063;-39,703127;Segura;Nordeste;1 Trimestre
669998;2025.0;n;3.0;2025-03-28;MG;40;632,4;CONSELHEIRO LAFAIETE;Ingestão de álcool pelo condutor;Com Vítimas Fatais;2;Céu Claro;Amanhecer;sexta-feira;Colisão com objeto;Simples;1;0;-20,68021775;-43,79437678;Perigosa;Sudeste;1 Trimestre
687472;2025.0;n;4.0;2025-04-26;MG;251;442,1;GRAO MOGOL;Ausência de reação do condutor;Com Vítimas Fatais;5;Céu Claro;Pleno dia;sábado;Engavetamento;Simples;1;0;-16,4066607;-43,2276084;Perigosa;Sudeste;2 Trimestre
597803;2024.0;n;5.0;2024-05-02;BA;116;757,6;POCOES;Acessar a via sem observar a presença dos outros veículos;Com Vítimas Feridas;4;Céu Claro;Pleno dia;quinta-feira;Colisão transversal;Simples;0;1;-14.526837;-40.379643;Perigosa;Nordeste;2 Trimestre
665769;2025.0;n;3.0;2025-03-07;PR;116;110;CURITIBA;Reação tardia ou ineficiente do condutor;Com Vítimas Feridas;5;Céu Claro;Pleno dia;sexta-feira;Engavetamento;Dupla;0;0;-25,55858707;-49,26773787;Segura;Sul;1 Trimestre
583407;2024.0;n;2.0;2024-02-26;RS;116;241;NOVO HAMBURGO;Avarias e/ou desgaste excessivo no pneu;Com Vítimas Feridas;2;Nublado;Pleno dia;segunda-feira;Colisão traseira;Dupla;0;1;-29.71396796;-51.1476744;Perigosa;Sul;1 Trimestre
594598;2024.0;n;4.0;2024-04-17;RS;285;594;SANTO ANTONIO DAS MISSOES;Ausência de reação do condutor;Com Vítimas Feridas;4;Céu Claro;Pleno dia;quarta-feira;Colisão transversal;Simples;0;0;-28.485386;-55.222969;Segura;Sul;2 Trimestre
577455;2024.0;n;1.0;2024-01-27;RO;364;382;OURO PRETO DO OESTE;Demais falhas mecânicas ou elétricas;Sem Vítimas;2;Céu Claro;Pleno dia;sábado;Colisão com objeto;Simples;0;0;-10.72605374;-62.23652595;Segura;Norte;1 Trimestre
584813;2024.0;n;3.0;2024-03-03;MT;163;838,9;SINOP;Acessar a via sem observar a presença dos outros veículos;Com Vítimas Feridas;3;Céu Claro;Plena Noite;domingo;Colisão transversal;Dupla;0;1;-11.82753182;-55.48635489;Perigosa;Centro-Oeste;1 Trimestre
597412;2024.0;n;4.0;2024-04-30;MG;40;638,8;CONSELHEIRO LAFAIETE;Reação tardia ou ineficiente do condutor;Com Vítimas Feridas;2;Céu Claro;Pleno dia;terça-feira;Colisão traseira;Simples;0;0;-20.733307;-43.799682;Segura;Sudeste;2 Trimestre
593461;2024.0;n;3.0;2024-03-25;SC;101;129,5;BALNEARIO CAMBORIU;Reação tardia ou ineficiente do condutor;Com Vítimas Fatais;3;Céu Claro;Pleno dia;segunda-feira;Colisão lateral mesmo sentido;Múltipla;2;0;-26.9823592;-48.6743693;Perigosa;Sul;1 Trimestre
577435;2024.0;n;1.0;2024-01-27;PB;101;94;CONDE;Ausência de reação do condutor;Sem Vítimas;2;Céu Claro;Plena Noite;sábado;Colisão com objeto;Dupla;0;0;-7.21483297;-34.9117521;Segura;Nordeste;1 Trimestre
608296;2024.0;n;6.0;2024-06-17;BA;407;136,4;SENHOR DO BONFIM;Transitar na contramão;Com Vítimas Feridas;2;Chuva;Plena Noite;segunda-feira;Colisão frontal;Simples;0;1;-10.53291198;-40.13849766;Perigosa;Nordeste;2 Trimestre
629695;2024.0;n;9.0;2024-09-21;DF;80;3;BRASILIA;Ingestão de álcool pelo condutor;Com Vítimas Feridas;4;Nublado;Plena Noite;sábado;Colisão transversal;Simples;0;0;-15.731544;-48.102749;Segura;Centro-Oeste;3 Trimestre
661227;2025.0;n;2.0;2025-02-14;MG;365;667;MONTE ALEGRE DE MINAS;Demais falhas mecânicas ou elétricas;Sem Vítimas;2;Céu Claro;Plena Noite;sexta-feira;Incêndio;Dupla;0;0;-18,88888028;-48,70753505;Segura;Sudeste;1 Trimestre
662949;2025.0;n;2.0;2025-02-22;CE;222;37;CAUCAIA;Avarias e/ou desgaste excessivo no pneu;Sem Vítimas;1;Céu Claro;Pleno dia;sábado;Saída de leito carroçável;Simples;0;0;-3,69372;-38,885293;Segura;Nordeste;1 Trimestre
620483;2024.0;n;8.0;2024-08-11;SC;116;225,5;CORREIA PINTO;Ausência de reação do condutor;Com Vítimas Feridas;2;Nevoeiro/Neblina;Pleno dia;domingo;Saída de leito carroçável;Simples;0;0;-27.61850811;-50.34537224;Segura;Sul;3 Trimestre
628755;2024.0;n;9.0;2024-09-17;MT;163;820,6;SINOP;Acessar a via sem observar a presença dos outros veículos;Com Vítimas Feridas;2;Sol;Pleno dia;terça-feira;Colisão traseira;Simples;0;0;-11.98968;-55.51703;Segura;Centro-Oeste;3 Trimestre
595530;2024.0;y;4.0;2024-04-21;RS;116;568,7;PEDRO OSORIO;Condutor Dormindo;Com Vítimas Feridas;3;Céu Claro;Plena Noite;domingo;Saída de leito carroçável;Simples;0;0;-31.93245709;-52.742533;Segura;Sul;2 Trimestre
661736;2025.0;n;2.0;2025-02-16;MT;70;505;CUIABA;Transitar na contramão;Com Vítimas Feridas;5;Céu Claro;Pleno dia;domingo;Colisão frontal;Simples;0;1;-15,66438002;-55,96475201;Perigosa;Centro-Oeste;1 Trimestre
576491;2024.0;n;1.0;2024-01-22;MS;163;103;ITAQUIRAI;Condutor deixou de manter distância do veículo da frente;Com Vítimas Feridas;4;Chuva;Plena Noite;segunda-feira;Colisão traseira;Simples;0;0;-23.2534093;-54.22740398;Segura;Centro-Oeste;1 Trimestre
609685;2024.0;n;5.0;2024-05-23;MG;381;491;BETIM;Ausência de reação do condutor;Com Vítimas Feridas;4;Céu Claro;Pleno dia;quinta-feira;Colisão traseira;Múltipla;0;0;-19.9590181;-44.1540363;Segura;Sudeste;2 Trimestre
622767;2024.0;n;8.0;2024-08-21;RS;386;345;LAJEADO;Velocidade Incompatível;Com Vítimas Feridas;2;Céu Claro;Plena Noite;quarta-feira;Tombamento;Dupla;0;0;-29.443069;-51.984135;Segura;Sul;3 Trimestre
589883;2024.0;n;3.0;2024-03-26;MT;364;545;ROSARIO OESTE;Demais falhas mecânicas ou elétricas;Sem Vítimas;3;Nublado;Pleno dia;terça-feira;Colisão traseira;Dupla;0;0;-14.88773405;-56.46355582;Segura;Centro-Oeste;1 Trimestre
665730;2025.0;n;3.0;2025-03-07;RN;304;302;PARNAMIRIM;Manobra de mudança de faixa;Com Vítimas Feridas;3;Céu Claro;Pleno dia;sexta-feira;Colisão lateral mesmo sentido;Dupla;0;0;-5,8909832;-35,265833;Segura;Nordeste;1 Trimestre
607031;2024.0;n;6.0;2024-06-12;BA;242;732;CATOLANDIA;Reação tardia ou ineficiente do condutor;Com Vítimas Feridas;3;Céu Claro;Pleno dia;quarta-feira;Engavetamento;Simples;0;1;-12.1966;-44.4888;Perigosa;Nordeste;2 Trimestre
581178;2024.0;n;2.0;2024-02-14;MS;163;543;BANDEIRANTES;Velocidade Incompatível;Com Vítimas Feridas;4;Céu Claro;Anoitecer;quarta-feira;Colisão traseira;Simples;0;0;-19.96315981;-54.37880145;Segura;Centro-Oeste;1 Trimestre
605385;2024.0;n;6.0;2024-06-05;MG;381;330;NOVA ERA;Ultrapassagem Indevida;Com Vítimas Feridas;2;Céu Claro;Plena Noite;quarta-feira;Saída de leito carroçável;Simples;0;0;-19.78715144;-43.05117784;Segura;Sudeste;2 Trimestre
665218;2025.0;n;3.0;2025-03-04;ES;101;384;RIO NOVO DO SUL;Reação tardia ou ineficiente do condutor;Com Vítimas Feridas;2;Nublado;Plena Noite;terça-feira;Saída de leito carroçável;Simples;0;0;-20,82882201;-40,85716724;Segura;Sudeste;1 Trimestre
652606;2025.0;y;1.0;2025-01-01;MG;381;908,3;CAMBUI;Ausência de reação do condutor;Com Vítimas Feridas;1;Chuva;Pleno dia;quarta-feira;Saída de leito carroçável;Dupla;0;0;-22,67643127;-46,09828949;Segura;Sudeste;1 Trimestre
601932;2024.0;n;5.0;2024-05-21;SP;116;477;JACUPIRANGA;Velocidade Incompatível;Com Vítimas Fatais;4;Céu Claro;Plena Noite;terça-feira;Colisão traseira;Dupla;1;0;-24.69842695;-48.00304804;Perigosa;Sudeste;2 Trimestre
593476;2024.0;n;4.0;2024-04-12;TO;153;133;ARAGUAINA;Transitar na contramão;Com Vítimas Feridas;3;Sol;Pleno dia;sexta-feira;Colisão lateral sentido oposto;Simples;0;0;-7.11461109;-48.18743388;Segura;Norte;2 Trimestre
617677;2024.0;n;7.0;2024-07-29;GO;153;657,4;GOIATUBA;Condutor Dormindo;Com Vítimas Fatais;3;Céu Claro;Pleno dia;segunda-feira;Colisão traseira;Dupla;2;1;-18.0277;-49.265;Perigosa;Centro-Oeste;3 Trimestre
613725;2024.0;n;7.0;2024-07-11;RJ;101;53;CAMPOS DOS GOYTACAZES;Conversão proibida;Com Vítimas Feridas;2;Céu Claro;Pleno dia;quinta-feira;Colisão transversal;Simples;0;0;-21.66233707;-41.31142193;Segura;Sudeste;3 Trimestre
623038;2024.0;n;8.0;2024-08-23;BA;101;779;ITAMARAJU;Reação tardia ou ineficiente do condutor;Com Vítimas Feridas;1;Céu Claro;Pleno dia;sexta-feira;Colisão com objeto;Simples;0;0;-16.97556506;-39.55143756;Segura;Nordeste;3 Trimestre
621396;2024.0;n;8.0;2024-08-15;PR;277;32,5;MORRETES;Velocidade Incompatível;Com Vítimas Feridas;5;Sol;Pleno dia;quinta-feira;Tombamento;Dupla;0;0;-25.5606498;-48.8149952;Segura;Sul;3 Trimestre
685914;2025.0;n;4.0;2025-04-19;PA;316;172;SANTA LUZIA DO PARA;Transitar na contramão;Com Vítimas Feridas;2;Nublado;Pleno dia;sábado;Colisão transversal;Simples;0;1;-1,354413;-47,051275;Perigosa;Norte;2 Trimestre