id;ano;feriado;mes;data_inversa;uf;br;km;municipio;causa_acidente;classificacao_acidente;veiculos;condicao_metereologica;fase_dia;dia_semana;tipo_acidente;tipo_pista;mortos;feridos_graves;latitude;longitude;status;regiao;periodo
620882;2024.0;n;8.0;2024-08-12;PA;308;171;TRACUATEUA;Reação tardia ou ineficiente do condutor;Com Vítimas Feridas;1;Céu Claro;Pleno dia;segunda-feira;Saída de leito carroçável;Simples;0;0;-1.18459831;-47.00973118;Segura;Norte;3 Trimestre
603320;2024.0;n;5.0;2024-05-27;AM;230;612,4;HUMAITA;Reação tardia ou ineficiente do condutor;Sem Vítimas;2;Céu Claro;Pleno dia;segunda-feira;Colisão com objeto;Simples;0;0;-7.5569038;-63.0832132;Segura;Norte;2 Trimestre
664087;2025.0;n;2.0;2025-02-27;SC;280;41;ARAQUARI;Demais falhas mecânicas ou elétricas;Com Vítimas Feridas;1;Céu Claro;Plena Noite;quinta-feira;Tombamento;Dupla;0;0;-26,4502429;-48,8603418;Segura;Sul;1 Trimestre
626021;2024.0;n;9.0;2024-09-05;MA;226;244,4;TUNTUM;Conversão proibida;Com Vítimas Fatais;2;Céu Claro;Anoitecer;quinta-feira;Colisão transversal;Simples;4;1;-5.39921402;-44.819873;Perigosa;Nordeste;3 Trimestre
577800;2024.0;n;1.0;2024-01-29;MG;381;260;IPATINGA;Trafegar com motocicleta (ou similar) entre as faixas;Com Vítimas Feridas;4;Nublado;Pleno dia;segunda-feira;Colisão lateral mesmo sentido;Dupla;0;1;-19.53123633;-42.62069343;Perigosa;Sudeste;1 Trimestre
607290;2024.0;n;6.0;2024-06-13;SP;116;22;LAVRINHAS;Carga excessiva e/ou mal acondicionada;Com Vítimas Feridas;2;Nublado;Plena Noite;quinta-feira;Tombamento;Dupla;0;0;-22.58368521;-44.87772952;Segura;Sudeste;2 Trimestre
591869;2024.0;n;4.0;2024-04-05;SC;101;333,8;TUBARAO;Manobra de mudança de faixa;Com Vítimas Feridas;2;Nublado;Pleno dia;sexta-feira;Colisão transversal;Dupla;0;0;-28.46730446;-49.00604302;Segura;Sul;2 Trimestre
663062;2025.0;n;2.0;2025-02-23;MG;262;587;CAMPOS ALTOS;Velocidade Incompatível;Com Vítimas Feridas;2;Céu Claro;Plena Noite;domingo;Tombamento;Simples;0;0;-19,65870246;-46,13119483;Segura;Sudeste;1 Trimestre
660481;2025.0;n;2.0;2025-02-09;RJ;493;80;JAPERI;Condutor Dormindo;Com Vítimas Feridas;1;Céu Claro;Plena Noite;domingo;Saída de leito carroçável;Múltipla;0;0;-22,66318515;-43,56894493;Segura;Sudeste;1 Trimestre
607888;2024.0;n;6.0;2024-06-16;MT;70;506;CUIABA;Acessar a via sem observar a presença dos outros veículos;Com Vítimas Feridas;4;Céu Claro;Amanhecer;domingo;Saída de leito carroçável;Simples;0;1;-15.70300747;-56.06805552;Perigosa;Centro-Oeste;2 Trimestre
607787;2024.0;n;6.0;2024-06-15;MG;365;401;PATOS DE MINAS;Ultrapassagem Indevida;Com Vítimas Feridas;2;Céu Claro;Plena Noite;sábado;Colisão lateral mesmo sentido;Simples;0;0;-18.63309325;-46.4411538;Segura;Sudeste;2 Trimestre
622792;2024.0;n;8.0;2024-08-22;GO;60;130;GOIANIA;Demais falhas mecânicas ou elétricas;Sem Vítimas;2;Céu Claro;Plena Noite;quinta-feira;Incêndio;Dupla;0;0;-16.5675;-49.1554;Segura;Centro-Oeste;3 Trimestre
664167;2025.0;n;2.0;2025-02-25;MG;116;383,5;MATHIAS LOBATO;Transitar na contramão;Com Vítimas Feridas;2;Céu Claro;Plena Noite;terça-feira;Colisão lateral sentido oposto;Simples;0;1;-18,635704;-41,948747;Perigosa;Sudeste;1 Trimestre
686406;2025.0;y;4.0;2025-04-21;CE;222;30;CAUCAIA;Manobra de mudança de faixa;Com Vítimas Feridas;4;Céu Claro;Pleno dia;segunda-feira;Colisão traseira;Dupla;0;2;-3,71116743;-38,825;Perigosa;Nordeste;2 Trimestre
663496;2025.0;n;2.0;2025-02-24;RO;364;391,3;OURO PRETO DO OESTE;Ausência de reação do condutor;Com Vítimas Feridas;2;Céu Claro;Pleno dia;segunda-feira;Colisão traseira;Simples;0;0;-10,666435;-62,290983;Segura;Norte;1 Trimestre
671332;2025.0;n;4.0;2025-04-03;PR;277;399;CANDOI;Carga excessiva e/ou mal acondicionada;Sem Vítimas;3;Céu Claro;Pleno dia;quinta-feira;Colisão com objeto;Simples;0;0;-25,4599633;-51,9592017;Segura;Sul;2 Trimestre
602252;2024.0;n;5.0;2024-05-22;MG;262;398;FLORESTAL;Acessar a via sem observar a presença dos outros veículos;Com Vítimas Feridas;2;Céu Claro;Pleno dia;quarta-feira;Colisão lateral mesmo sentido;Dupla;0;1;-19.90299685;-44.524329;Perigosa;Sudeste;2 Trimestre
691599;2025.0;n;3.0;2025-03-30;MG;40;614,2;CONGONHAS;Conversão proibida;Com Vítimas Feridas;2;Céu Claro;Plena Noite;domingo;Colisão transversal;Simples;0;1;-20,4970189;-43,8165408;Perigosa;Sudeste;1 Trimestre
605989;2024.0;n;6.0;2024-06-08;MS;158;51,4;PARANAIBA;Manobra de mudança de faixa;Com Vítimas Feridas;4;Sol;Pleno dia;sábado;Colisão lateral mesmo sentido;Simples;0;1;-19.38373911;-51.43499208;Perigosa;Centro-Oeste;2 Trimestre
622977;2024.0;n;8.0;2024-08-22;PR;153;120;IBAITI;Demais falhas mecânicas ou elétricas;Sem Vítimas;2;Céu Claro;Plena Noite;quinta-feira;Incêndio;Simples;0;0;-23.9235742;-50.2346818;Segura;Sul;3 Trimestre
576541;2024.0;n;1.0;2024-01-22;BA;324;614;SALVADOR;Trafegar com motocicleta (ou similar) entre as faixas;Com Vítimas Fatais;3;Céu Claro;Pleno dia;segunda-feira;Colisão lateral mesmo sentido;Dupla;1;0;-12.8639793;-38.42370126;Perigosa;Nordeste;1 Trimestre
572035;2024.0;n;1.0;2024-01-02;BA;324;470;TANQUINHO;Condutor Dormindo;Com Vítimas Feridas;1;Céu Claro;Plena Noite;terça-feira;Saída de leito carroçável;Simples;0;0;-11.96401516;-39.14447808;Segura;Nordeste;1 Trimestre
669468;2025.0;n;3.0;2025-03-25;MT;70;728;CACERES;Demais falhas mecânicas ou elétricas;Sem Vítimas;1;Céu Claro;Pleno dia;terça-feira;Incêndio;Simples;0;0;-16,11749639;-57,66607281;Segura;Centro-Oeste;1 Trimestre
612129;2024.0;n;6.0;2024-06-18;PA;163;672;ITAITUBA;Reação tardia ou ineficiente do condutor;Com Vítimas Feridas;5;Céu Claro;Amanhecer;terça-feira;Colisão frontal;Dupla;0;1;-4.36777988;-55.78577616;Perigosa;Norte;2 Trimestre
610859;2024.0;n;6.0;2024-06-29;SC;280;29;ARAQUARI;Mal súbito do condutor;Com Vítimas Feridas;4;Céu Claro;Anoitecer;sábado;Colisão lateral sentido oposto;Simples;0;2;-26.41066264;-48.75295628;Perigosa;Sul;2 Trimestre
685665;2025.0;n;4.0;2025-04-16;GO;153;618,4;MORRINHOS;Velocidade Incompatível;Com Vítimas Feridas;2;Nublado;Pleno dia;quarta-feira;Tombamento;Dupla;0;0;-17,52640623;-49,21531677;Segura;Centro-Oeste;2 Trimestre
609941;2024.0;n;6.0;2024-06-25;PA;230;1141;ITAITUBA;Velocidade Incompatível;Com Vítimas Feridas;2;Sol;Pleno dia;terça-feira;Colisão transversal;Simples;0;0;-4.25911073;-56.03851318;Segura;Norte;2 Trimestre
583565;2024.0;n;2.0;2024-02-26;PR;277;37,8;MORRETES;Condutor Dormindo;Com Vítimas Feridas;3;Garoa/Chuvisco;Plena Noite;segunda-feira;Colisão com objeto;Dupla;0;0;-25.57373761;-48.84458184;Segura;Sul;1 Trimestre
686255;2025.0;n;4.0;2025-04-04;MT;364;542;ROSARIO OESTE;Acessar a via sem observar a presença dos outros veículos;Com Vítimas Feridas;5;Nublado;Plena Noite;sexta-feira;Colisão transversal;Simples;0;1;-14,83617435;-56,43573761;Perigosa;Centro-Oeste;2 Trimestre
670117;2025.0;n;3.0;2025-03-28;RS;471;151,2;SANTA CRUZ DO SUL;Manobra de mudança de faixa;Com Vítimas Feridas;3;Céu Claro;Pleno dia;sexta-feira;Colisão lateral mesmo sentido;Dupla;0;0;-29,78584165;-52,41123319;Segura;Sul;1 Trimestre
583313;2024.0;n;2.0;2024-02-25;BA;101;254;CONCEICAO DO ALMEIDA;Ultrapassagem Indevida;Com Vítimas Fatais;6;Céu Claro;Anoitecer;domingo;Colisão frontal;Simples;2;0;-12.91662;-39.244712;Perigosa;Nordeste;1 Trimestre
666383;2025.0;n;3.0;2025-03-10;BA;116;17,2;VITORIA DA CONQUISTA;Pedestre andava na pista;Com Vítimas Feridas;2;Céu Claro;Pleno dia;segunda-feira;Atropelamento de Pedestre;Simples;0;0;-14,902065;-40,840116;Segura;Nordeste;1 Trimestre
582381;2024.0;n;1.0;2024-01-27;MT;70;235;PRIMAVERA DO LESTE;Ausência de reação do condutor;Com Vítimas Feridas;2;Céu Claro;Pleno dia;sábado;Tombamento;Simples;0;0;-15.5384497;-54.2802585;Segura;Centro-Oeste;1 Trimestre
579174;2024.0;n;2.0;2024-02-05;SP;116;477,3;JACUPIRANGA;Pedestre cruzava a pista fora da faixa;Com Vítimas Feridas;3;Sol;Pleno dia;segunda-feira;Atropelamento de Pedestre;Dupla;0;1;-24.69842695;-48.00304804;Perigosa;Sudeste;1 Trimestre
656038;2025.0;n;1.0;2025-01-19;RN;101;124;SAO JOSE DE MIPIBU;Manobra de mudança de faixa;Sem Vítimas;3;Céu Claro;Pleno dia;domingo;Colisão lateral mesmo sentido;Dupla;0;0;-6,07054896;-35,23785797;Segura;Nordeste;1 Trimestre
579005;2024.0;n;2.0;2024-02-04;PR;373;174;PONTA GROSSA;Velocidade Incompatível;Com Vítimas Feridas;3;Céu Claro;Pleno dia;domingo;Colisão transversal;Dupla;0;1;-25.07594908;-50.20995715;Perigosa;Sul;1 Trimestre
590196;2024.0;n;3.0;2024-03-27;PR;376;662;TIJUCAS DO SUL;Demais falhas mecânicas ou elétricas;Sem Vítimas;2;Céu Claro;Plena Noite;quarta-feira;Incêndio;Dupla;0;0;-25.85297981;-48.97679978;Segura;Sul;1 Trimestre
618415;2024.0;n;8.0;2024-08-02;PE;101;80,3;JABOATAO DOS GUARARAPES;Condutor deixou de manter distância do veículo da frente;Com Vítimas Feridas;2;Céu Claro;Pleno dia;sexta-feira;Colisão traseira;Múltipla;0;0;-8.154691;-34.942096;Segura;Nordeste;3 Trimestre
652985;2025.0;n;1.0;2025-01-03;MT;364;587;DIAMANTINO;Condutor deixou de manter distância do veículo da frente;Com Vítimas Feridas;3;Céu Claro;Pleno dia;sexta-feira;Engavetamento;Dupla;0;0;-14,61012536;-56,25164264;Segura;Centro-Oeste;1 Trimestre
582541;2024.0;n;2.0;2024-02-02;MG;40;527,1;CONTAGEM;Reação tardia ou ineficiente do condutor;Com Vítimas Feridas;3;Céu Claro;Plena Noite;sexta-feira;Colisão lateral mesmo sentido;Dupla;0;2;-19.90511718;-44.04785134;Perigosa;Sudeste;1 Trimestre
582806;2024.0;n;2.0;2024-02-23;SP;153;31,5;NOVA GRANADA;Conversão proibida;Com Vítimas Fatais;2;Nublado;Pleno dia;sexta-feira;Colisão transversal;Simples;2;0;-20.54746171;-49.32959617;Perigosa;Sudeste;1 Trimestre
665843;2025.0;n;3.0;2025-03-08;DF;60;3,9;BRASILIA;Ingestão de álcool pelo condutor;Sem Vítimas;3;Céu Claro;Plena Noite;sábado;Colisão traseira;Dupla;0;0;-15,89286;-48,094735;Segura;Centro-Oeste;1 Trimestre
661628;2025.0;n;2.0;2025-02-15;SC;282;384,7;JOACABA;Velocidade Incompatível;Com Vítimas Feridas;3;Chuva;Plena Noite;sábado;Colisão lateral sentido oposto;Simples;0;3;-27,20299;-51,515095;Perigosa;Sul;1 Trimestre
655178;2025.0;n;1.0;2025-01-15;MS;376;125,4;IVINHEMA;Manobra de mudança de faixa;Com Vítimas Feridas;3;Céu Claro;Pleno dia;quarta-feira;Colisão lateral sentido oposto;Simples;0;0;-22,3464942;-53,7333601;Segura;Centro-Oeste;1 Trimestre
582418;2024.0;n;2.0;2024-02-21;SC;101;324,8;CAPIVARI DE BAIXO;Reação tardia ou ineficiente do condutor;Com Vítimas Feridas;3;Céu Claro;Pleno dia;quarta-feira;Colisão traseira;Múltipla;0;0;-28.42516271;-48.93259193;Segura;Sul;1 Trimestre
617809;2024.0;n;7.0;2024-07-30;CE;116;323,8;JAGUARIBE;Ingestão de álcool pelo condutor;Com Vítimas Feridas;3;Céu Claro;Plena Noite;terça-feira;Colisão frontal;Simples;0;1;-6.01487408;-38.64030983;Perigosa;Nordeste;3 Trimestre
663049;2025.0;n;2.0;2025-02-22;MG;116;375,4;MATHIAS LOBATO;Ingestão de álcool pelo condutor;Com Vítimas Feridas;3;Céu Claro;Plena Noite;sábado;Colisão lateral mesmo sentido;Simples;0;0;-18,57403311;-41,91359282;Segura;Sudeste;1 Trimestre
626736;2024.0;n;9.0;2024-09-08;PA;163;642,5;TRAIRAO;Reação tardia ou ineficiente do condutor;Com Vítimas Feridas;2;Céu Claro;Pleno dia;domingo;Colisão traseira;Simples;0;0;-4.57327803;-55.92723875;Segura;Norte;3 Trimestre
619890;2024.0;n;8.0;2024-08-08;CE;222;19,2;CAUCAIA;Velocidade Incompatível;Com Vítimas Feridas;5;Céu Claro;Pleno dia;quinta-feira;Engavetamento;Simples;0;1;-3.74316996;-38.73141506;Perigosa;Nordeste;3 Trimestre
624102;2024.0;n;8.0;2024-08-28;RS;290;90;PORTO ALEGRE;Ausência de reação do condutor;Com Vítimas Feridas;5;Garoa/Chuvisco;Pleno dia;quarta-feira;Colisão traseira;Dupla;0;0;-29.968319;-51.157398;Segura;Sul;3 Trimestre
687694;2025.0;n;4.0;2025-04-27;MT;163;1102;GUARANTA DO NORTE;Velocidade Incompatível;Com Vítimas Feridas;3;Céu Claro;Pleno dia;domingo;Tombamento;Simples;0;1;-9,6495794;-54,873038;Perigosa;Centro-Oeste;2 Trimestre
669877;2025.0;n;3.0;2025-03-27;RS;290;115;ELDORADO DO SUL;Acostamento em desnível;Com Vítimas Feridas;3;Céu Claro;Pleno dia;quinta-feira;Tombamento;Simples;0;0;-30,04542607;-51,35619164;Segura;Sul;1 Trimestre
657105;2025.0;n;1.0;2025-01-24;RS;290;352,2;SAO SEPE;Velocidade Incompatível;Com Vítimas Fatais;4;Chuva;Pleno dia;sexta-feira;Colisão frontal;Simples;1;3;-30,372091;-53,692841;Perigosa;Sul;1 Trimestre
616473;2024.0;n;7.0;2024-07-24;PR;376;439,8;TIBAGI;Velocidade Incompatível;Com Vítimas Feridas;1;Céu Claro;Plena Noite;quarta-feira;Tombamento;Dupla;0;0;-24.80490308;-50.48851848;Segura;Sul;3 Trimestre
666579;2025.0;n;3.0;2025-03-11;PR;376;654;TIJUCAS DO SUL;Ausência de reação do condutor;Com Vítimas Feridas;2;Nublado;Pleno dia;terça-feira;Saída de leito carroçável;Dupla;0;0;-25,8410044;-49,0447175;Segura;Sul;1 Trimestre
654356;2025.0;n;1.0;2025-01-11;SP;116;223,2;GUARULHOS;Manobra de mudança de faixa;Com Vítimas Feridas;2;Céu Claro;Pleno dia;sábado;Colisão lateral mesmo sentido;Múltipla;0;0;-23,47559815;-46,5246609;Segura;Sudeste;1 Trimestre
619334;2024.0;n;8.0;2024-08-05;SP;116;284;ITAPECERICA DA SERRA;Velocidade Incompatível;Com Vítimas Feridas;3;Céu Claro;Plena Noite;segunda-feira;Tombamento;Dupla;0;0;-23.69998;-46.867767;Segura;Sudeste;3 Trimestre
668748;2025.0;n;3.0;2025-03-22;PR;277;590,8;CASCAVEL;Ingestão de álcool pelo condutor;Com Vítimas Feridas;4;Céu Claro;Plena Noite;sábado;Colisão frontal;Simples;0;1;-24,98497075;-53,46551542;Perigosa;Sul;1 Trimestre
587334;2024.0;n;3.0;2024-03-15;MG;381;633,4;SANTO ANTONIO DO AMPARO;Ausência de reação do condutor;Com Vítimas Feridas;3;Céu Claro;Amanhecer;sexta-feira;Colisão traseira;Dupla;0;1;-20.86933705;-44.84336892;Perigosa;Sudeste;1 Trimestre
595201;2024.0;n;4.0;2024-04-20;PR;116;91,6;SAO JOSE DOS PINHAIS;Manobra de mudança de faixa;Sem Vítimas;3;Céu Claro;Pleno dia;sábado;Colisão lateral mesmo sentido;Dupla;0;0;-25.50173873;-49.12064552;Segura;Sul;2 Trimestre
595724;2024.0;n;4.0;2024-04-22;PR;277;112,1;CAMPO LARGO;Entrada inopinada do pedestre;Com Vítimas Feridas;3;Céu Claro;Pleno dia;segunda-feira;Atropelamento de Pedestre;Dupla;0;1;-25.448;-49.476;Perigosa;Sul;2 Trimestre
591255;2024.0;n;4.0;2024-04-01;PB;101;116;CAAPORA;Reação tardia ou ineficiente do condutor;Com Vítimas Feridas;4;Nublado;Plena Noite;segunda-feira;Saída de leito carroçável;Dupla;0;0;-7.405261;-34.95492;Segura;Nordeste;2 Trimestre
615038;2024.0;n;7.0;2024-07-17;AL;101;81,1;RIO LARGO;Ausência de reação do condutor;Com Vítimas Feridas;1;Nublado;Pleno dia;quarta-feira;Saída de leito carroçável;Dupla;0;1;-9.44701176;-35.851915;Perigosa;Nordeste;3 Trimestre
655484;2025.0;n;1.0;2025-01-16;MG;262;446;NOVA SERRANA;Transitar na contramão;Sem Vítimas;4;Nublado;Anoitecer;quinta-feira;Colisão lateral sentido oposto;Simples;0;0;-19,87514825;-44,95031205;Segura;Sudeste;1 Trimestre
605070;2024.0;n;6.0;2024-06-04;RS;392;335;SANTA MARIA;Demais falhas mecânicas ou elétricas;Com Vítimas Feridas;3;Céu Claro;Plena Noite;terça-feira;Colisão com objeto;Simples;0;0;-29.8620152;-53.74518736;Segura;Sul;2 Trimestre
611014;2024.0;n;6.0;2024-06-30;GO;40;95;CRISTALINA;Acessar a via sem observar a presença dos outros veículos;Sem Vítimas;4;Céu Claro;Pleno dia;domingo;Colisão lateral mesmo sentido;Simples;0;0;-16.750555;-47.607549;Segura;Centro-Oeste;2 Trimestre
667316;2025.0;n;3.0;2025-03-15;RS;153;686;BAGE;Problema com o freio;Sem Vítimas;2;Céu Claro;Plena Noite;sábado;Incêndio;Simples;0;0;-31,3327616;-53,98528;Segura;Sul;1 Trimestre
605073;2024.0;n;6.0;2024-06-04;SP;116;178;SANTA ISABEL;Reação tardia ou ineficiente do condutor;Com Vítimas Feridas;3;Nublado;Plena Noite;terça-feira;Colisão traseira;Dupla;0;1;-23.327667;-46.128108;Perigosa;Sudeste;2 Trimestre
582054;2024.0;n;2.0;2024-02-19;SC;282;103,9;ALFREDO WAGNER;Demais falhas mecânicas ou elétricas;Sem Vítimas;1;Céu Claro;Pleno dia;segunda-feira;Incêndio;Simples;0;0;-27.694868;-49.324345;Segura;Sul;1 Trimestre
585121;2024.0;n;3.0;2024-03-05;PI;316;8;TERESINA;Transitar no Acostamento;Com Vítimas Feridas;2;Céu Claro;Pleno dia;terça-feira;Colisão traseira;Múltipla;0;1;-5.16483402;-42.76899508;Perigosa;Nordeste;1 Trimestre
660490;2025.0;n;2.0;2025-02-10;RS;290;233;RIO PARDO;Problema na suspensão;Com Vítimas Feridas;2;Céu Claro;Pleno dia;segunda-feira;Saída de leito carroçável;Simples;0;0;-30,213642;-52,550747;Segura;Sul;1 Trimestre
656515;2025.0;n;1.0;2025-01-21;RS;386;408;TRIUNFO;Reação tardia ou ineficiente do condutor;Com Vítimas Feridas;2;Céu Claro;Pleno dia;terça-feira;Tombamento;Simples;0;0;-29,791815;-51,535404;Segura;Sul;1 Trimestre
664939;2025.0;n;3.0;2025-03-03;MG;381;361;JOAO MONLEVADE;Acesso irregular;Com Vítimas Fatais;3;Céu Claro;Pleno dia;segunda-feira;Colisão frontal;Simples;1;0;-19,8494271;-43,2075645;Perigosa;Sudeste;1 Trimestre
654595;2025.0;n;1.0;2025-01-12;MS;163;483;CAMPO GRANDE;Acessar a via sem observar a presença dos outros veículos;Com Vítimas Feridas;4;Céu Claro;Pleno dia;domingo;Colisão transversal;Simples;0;1;-20,45726263;-54,54671829;Perigosa;Centro-Oeste;1 Trimestre
672185;2025.0;n;4.0;2025-04-07;SC;282;54,2;RANCHO QUEIMADO;Velocidade Incompatível;Com Vítimas Feridas;2;Chuva;Pleno dia;segunda-feira;Colisão frontal;Simples;0;0;-27,6872695;-49,00099017;Segura;Sul;2 Trimestre
587207;2024.0;n;2.0;2024-02-27;RS;392;2,1;RIO GRANDE;Condutor deixou de manter distância do veículo da frente;Com Vítimas Feridas;7;Garoa/Chuvisco;Pleno dia;terça-feira;Engavetamento;Simples;0;0;-32.05362099;-52.08645803;Segura;Sul;1 Trimestre
616670;2024.0;n;7.0;2024-07-24;SC;282;506;XANXERE;Ausência de sinalização;Com Vítimas Feridas;2;Céu Claro;Pleno dia;quarta-feira;Colisão lateral mesmo sentido;Simples;0;0;-26.88604788;-52.43869901;Segura;Sul;3 Trimestre
595132;2024.0;n;4.0;2024-04-20;SP;116;488;CAJATI;Suicídio (presumido);Com Vítimas Feridas;1;Nublado;Amanhecer;sábado;Eventos atípicos;Simples;0;1;-24.73097634;-48.09815591;Perigosa;Sudeste;2 Trimestre
610574;2024.0;n;6.0;2024-06-28;SP;381;89;GUARULHOS;Ingestão de álcool pelo condutor;Com Vítimas Feridas;3;Céu Claro;Pleno dia;sexta-feira;Colisão traseira;Dupla;0;0;-23.48469299;-46.55983288;Segura;Sudeste;2 Trimestre
615420;2024.0;n;7.0;2024-07-19;PR;277;423,3;CANTAGALO;Velocidade Incompatível;Com Vítimas Fatais;4;Céu Claro;Pleno dia;sexta-feira;Colisão frontal;Simples;2;0;-25.3819388;-52.14002609;Perigosa;Sul;3 Trimestre
608452;2024.0;n;6.0;2024-06-18;RJ;40;123;DUQUE DE CAXIAS;Trafegar com motocicleta (ou similar) entre as faixas;Com Vítimas Fatais;3;Céu Claro;Anoitecer;terça-feira;Colisão lateral mesmo sentido;Dupla;1;0;-22.802187;-43.290373;Perigosa;Sudeste;2 Trimestre
663427;2025.0;n;2.0;2025-02-24;MG;262;431;SAO GONCALO DO PARA;Reação tardia ou ineficiente do condutor;Com Vítimas Fatais;3;Céu Claro;Pleno dia;segunda-feira;Tombamento;Dupla;1;0;-19,894253;-44,876348;Perigosa;Sudeste;1 Trimestre
588088;2024.0;n;3.0;2024-03-18;SC;101;124;ITAJAI;Ausência de reação do condutor;Com Vítimas Feridas;2;Céu Claro;Pleno dia;segunda-feira;Colisão traseira;Dupla;0;0;-26.94335064;-48.69198648;Segura;Sul;1 Trimestre
574817;2024.0;n;1.0;2024-01-15;PR;277;659,5;MATELANDIA;Velocidade Incompatível;Com Vítimas Feridas;1;Céu Claro;Plena Noite;segunda-feira;Colisão com objeto;Dupla;0;1;-25.24664169;-53.98334832;Perigosa;Sul;1 Trimestre
588259;2024.0;n;3.0;2024-03-18;MS;163;481;CAMPO GRANDE;Acesso irregular;Com Vítimas Feridas;5;Céu Claro;Plena Noite;segunda-feira;Colisão frontal;Simples;0;1;-20.469381;-54.55955;Perigosa;Centro-Oeste;1 Trimestre
659793;2025.0;n;2.0;2025-02-04;RJ;40;102;DUQUE DE CAXIAS;Reação tardia ou ineficiente do condutor;Com Vítimas Feridas;5;Céu Claro;Pleno dia;terça-feira;Engavetamento;Simples;0;0;-22,61089297;-43,28656077;Segura;Sudeste;1 Trimestre
621141;2024.0;n;7.0;2024-07-22;MT;163;583;NOVA MUTUM;Transitar na contramão;Com Vítimas Feridas;5;Céu Claro;Pleno dia;segunda-feira;Colisão frontal;Simples;0;3;-13.947438;-56.096455;Perigosa;Centro-Oeste;3 Trimestre
622884;2024.0;n;8.0;2024-08-22;MG;354;760,6;ITAMONTE;Velocidade Incompatível;Com Vítimas Feridas;2;Céu Claro;Pleno dia;quinta-feira;Tombamento;Simples;0;0;-22.33634273;-44.82845824;Segura;Sudeste;3 Trimestre
659246;2025.0;n;2.0;2025-02-04;SC;116;141;SANTA CECILIA;Acessar a via sem observar a presença dos outros veículos;Com Vítimas Feridas;2;Sol;Pleno dia;terça-feira;Colisão frontal;Simples;0;0;-26,97282394;-50,40309796;Segura;Sul;1 Trimestre
668658;2025.0;n;3.0;2025-03-21;BA;110;59;JEREMOABO;Carga excessiva e/ou mal acondicionada;Com Vítimas Feridas;2;Sol;Pleno dia;sexta-feira;Tombamento;Simples;0;0;-9,936628;-38,293369;Segura;Nordeste;1 Trimestre
661438;2025.0;n;2.0;2025-02-15;RJ;116;226,9;PARACAMBI;Condutor Dormindo;Sem Vítimas;1;Céu Claro;Plena Noite;sábado;Tombamento;Dupla;0;0;-22,67208078;-43,81789284;Segura;Sudeste;1 Trimestre
577158;2024.0;n;1.0;2024-01-26;PI;316;288;DOM EXPEDITO LOPES;Problema com o freio;Com Vítimas Feridas;4;Sol;Pleno dia;sexta-feira;Colisão traseira;Simples;0;0;-6.98459811;-41.63276312;Segura;Nordeste;1 Trimestre
580247;2024.0;n;2.0;2024-02-10;MG;50;191,4;UBERABA;Problema com o freio;Com Vítimas Feridas;10;Céu Claro;Pleno dia;sábado;Colisão traseira;Dupla;0;4;-19.862761;-47.865264;Perigosa;Sudeste;1 Trimestre
666792;2025.0;n;3.0;2025-03-12;CE;222;3,2;CAUCAIA;Condutor deixou de manter distância do veículo da frente;Com Vítimas Feridas;2;Céu Claro;Pleno dia;quarta-feira;Colisão traseira;Múltipla;0;1;-3,740628;-38,598062;Perigosa;Nordeste;1 Trimestre
657083;2025.0;n;1.0;2025-01-24;AL;101;138;SAO MIGUEL DOS CAMPOS;Reação tardia ou ineficiente do condutor;Sem Vítimas;3;Céu Claro;Plena Noite;sexta-feira;Colisão transversal;Dupla;0;0;-9,80975158;-36,11701903;Segura;Nordeste;1 Trimestre
653236;2025.0;n;1.0;2025-01-04;SC;101;149;ITAPEMA;Ultrapassagem Indevida;Com Vítimas Feridas;2;Sol;Pleno dia;sábado;Colisão lateral mesmo sentido;Múltipla;0;0;-27,1089649;-48,61277586;Segura;Sul;1 Trimestre
663833;2025.0;n;2.0;2025-02-26;MT;158;447;RIBEIRAO CASCALHEIRA;Pista esburacada;Com Vítimas Feridas;2;Chuva;Pleno dia;quarta-feira;Saída de leito carroçável;Simples;0;0;-13,11458945;-51,92310333;Segura;Centro-Oeste;1 Trimestre
578228;2024.0;n;1.0;2024-01-31;MG;267;88;JUIZ DE FORA;Ultrapassagem Indevida;Com Vítimas Feridas;3;Chuva;Anoitecer;quarta-feira;Colisão frontal;Simples;0;0;-21.76570445;-43.28755086;Segura;Sudeste;1 Trimestre
671275;2025.0;n;2.0;2025-02-19;SP;116;162;JACAREI;Reação tardia ou ineficiente do condutor;Com Vítimas Feridas;5;Céu Claro;Pleno dia;quarta-feira;Engavetamento;Dupla;0;1;-23,28133317;-45,98394689;Perigosa;Sudeste;1 Trimestre
663360;2025.0;n;2.0;2025-02-24;MA;135;10;SAO LUIS;Acessar a via sem observar a presença dos outros veículos;Com Vítimas Feridas;2;Céu Claro;Pleno dia;segunda-feira;Colisão lateral mesmo sentido;Dupla;0;0;-2,662893;-44,285905;Segura;Nordeste;1 Trimestre
665862;2025.0;n;3.0;2025-03-07;MT;70;60;BARRA DO GARCAS;Ingestão de álcool pelo condutor;Com Vítimas Feridas;3;Céu Claro;Plena Noite;sexta-feira;Capotamento;Simples;0;0;-15,700622;-52,679525;Segura;Centro-Oeste;1 Trimestre
657643;2025.0;n;1.0;2025-01-27;RJ;116;293;BARRA MANSA;Demais falhas na via;Com Vítimas Feridas;2;Nublado;Pleno dia;segunda-feira;Tombamento;Dupla;0;0;-22,45745983;-44,29161274;Segura;Sudeste;1 Trimestre
652938;2025.0;n;1.0;2025-01-03;BA;101;24,7;ESPLANADA;Ausência de reação do condutor;Com Vítimas Feridas;3;Céu Claro;Pleno dia;sexta-feira;Colisão com objeto;Simples;0;0;-11,74325485;-37,93913118;Segura;Nordeste;1 Trimestre