id;ano;feriado;mes;data_inversa;uf;br;km;municipio;causa_acidente;classificacao_acidente;veiculos;condicao_metereologica;fase_dia;dia_semana;tipo_acidente;tipo_pista;mortos;feridos_graves;latitude;longitude;status;regiao;periodo
592777;2024.0;n;4.0;2024-04-08;MS;163;180;JUTI;Deficiência do Sistema de Iluminação/Sinalização;Sem Vítimas;4;Céu Claro;Plena Noite;segunda-feira;Colisão traseira;Simples;0;0;-22.83392022;-54.67955916;Segura;Centro-Oeste;2 Trimestre
668628;2025.0;n;3.0;2025-03-21;SP;116;143;SAO JOSE DOS CAMPOS;Pedestre andava na pista;Com Vítimas Feridas;2;Céu Claro;Pleno dia;sexta-feira;Atropelamento de Pedestre;Dupla;0;1;-23,180204;-45,841612;Perigosa;Sudeste;1 Trimestre
652624;2025.0;y;1.0;2025-01-01;PR;369;91,2;CORNELIO PROCOPIO;Falta de elemento de contenção que evite a saída do leito carroçável;Com Vítimas Feridas;1;Chuva;Pleno dia;quarta-feira;Saída de leito carroçável;Simples;0;1;-23,202938;-50,655234;Perigosa;Sul;1 Trimestre
596298;2024.0;n;4.0;2024-04-25;RJ;40;53,5;PETROPOLIS;Demais falhas mecânicas ou elétricas;Sem Vítimas;1;Céu Claro;Pleno dia;quinta-feira;Incêndio;Dupla;0;0;-22.34399896;-43.13243691;Segura;Sudeste;2 Trimestre
654323;2025.0;n;1.0;2025-01-10;GO;20;211;POSSE;Condutor Dormindo;Com Vítimas Feridas;5;Garoa/Chuvisco;Plena Noite;sexta-feira;Tombamento;Simples;0;0;-14,266476;-46,37154;Segura;Centro-Oeste;1 Trimestre
671192;2025.0;n;4.0;2025-04-02;RO;364;398;OURO PRETO DO OESTE;Ausência de reação do condutor;Com Vítimas Feridas;6;Céu Claro;Pleno dia;quarta-feira;Colisão traseira;Simples;0;0;-10,64524018;-62,31199086;Segura;Norte;2 Trimestre
597244;2024.0;n;4.0;2024-04-29;PE;104;66,8;CARUARU;Reação tardia ou ineficiente do condutor;Sem Vítimas;3;Céu Claro;Pleno dia;segunda-feira;Engavetamento;Dupla;0;0;-8.2937;-35.9864;Segura;Nordeste;2 Trimestre
576479;2024.0;n;1.0;2024-01-22;RJ;116;98,9;GUAPIMIRIM;Pista Escorregadia;Com Vítimas Feridas;3;Chuva;Pleno dia;segunda-feira;Colisão lateral sentido oposto;Simples;0;1;-22.48285706;-42.99723936;Perigosa;Sudeste;1 Trimestre
593075;2024.0;n;4.0;2024-04-10;RJ;465;13;SEROPEDICA;Transitar no Acostamento;Com Vítimas Feridas;2;Céu Claro;Pleno dia;quarta-feira;Colisão transversal;Simples;0;0;-22.798468;-43.645508;Segura;Sudeste;2 Trimestre
661026;2025.0;n;2.0;2025-02-13;SP;116;515;CAJATI;Problema com o freio;Com Vítimas Feridas;2;Nublado;Plena Noite;quinta-feira;Colisão traseira;Simples;0;0;-24,86704083;-48,21738184;Segura;Sudeste;1 Trimestre
687650;2025.0;n;4.0;2025-04-27;PI;316;182;VALENCA DO PIAUI;Manobra de mudança de faixa;Com Vítimas Feridas;5;Céu Claro;Pleno dia;domingo;Capotamento;Simples;0;1;-6,406144;-41,8381824;Perigosa;Nordeste;2 Trimestre
607844;2024.0;n;6.0;2024-06-16;BA;242;659;MUQUEM DE SAO FRANCISCO;Curva acentuada;Com Vítimas Feridas;3;Céu Claro;Amanhecer;domingo;Saída de leito carroçável;Simples;0;0;-12.22808;-43.83238;Segura;Nordeste;2 Trimestre
579416;2024.0;n;2.0;2024-02-06;RS;158;223,3;CRUZ ALTA;Ausência de reação do condutor;Com Vítimas Feridas;3;Céu Claro;Pleno dia;terça-feira;Engavetamento;Simples;0;0;-28.88719277;-53.61882847;Segura;Sul;1 Trimestre
655724;2025.0;n;1.0;2025-01-17;ES;101;144,8;LINHARES;Condutor desrespeitou a iluminação vermelha do semáforo;Com Vítimas Fatais;3;Céu Claro;Plena Noite;sexta-feira;Colisão transversal;Simples;1;0;-19,35188295;-40,0636685;Perigosa;Sudeste;1 Trimestre
608899;2024.0;n;6.0;2024-06-20;RJ;116;197;QUEIMADOS;Iluminação deficiente;Com Vítimas Feridas;2;Céu Claro;Plena Noite;quinta-feira;Colisão traseira;Dupla;0;0;-22.72980637;-43.56512004;Segura;Sudeste;2 Trimestre
686762;2025.0;n;4.0;2025-04-22;PI;343;56;BURITI DOS LOPES;Carga excessiva e/ou mal acondicionada;Sem Vítimas;1;Céu Claro;Pleno dia;terça-feira;Tombamento;Simples;0;0;-3,22853702;-41,81524515;Segura;Nordeste;2 Trimestre
612271;2024.0;n;7.0;2024-07-05;AL;101;64;MESSIAS;Chuva;Com Vítimas Feridas;1;Chuva;Amanhecer;sexta-feira;Saída de leito carroçável;Dupla;0;0;-9.31533293;-35.83028732;Segura;Nordeste;3 Trimestre
605276;2024.0;n;6.0;2024-06-04;MA;222;502,5;BURITICUPU;Condutor Dormindo;Com Vítimas Feridas;2;Céu Claro;Plena Noite;terça-feira;Colisão frontal;Simples;0;0;-4.31278214;-46.26275333;Segura;Nordeste;2 Trimestre
620758;2024.0;n;8.0;2024-08-12;SC;153;0,5;AGUA DOCE;Reação tardia ou ineficiente do condutor;Com Vítimas Feridas;2;Céu Claro;Amanhecer;segunda-feira;Tombamento;Simples;0;0;-26.61304728;-51.49641752;Segura;Sul;3 Trimestre
670251;2025.0;n;3.0;2025-03-29;MA;135;3;SAO LUIS;Reação tardia ou ineficiente do condutor;Com Vítimas Feridas;3;Nublado;Amanhecer;sábado;Tombamento;Dupla;0;0;-2,652503;-44,305418;Segura;Nordeste;1 Trimestre
586657;2024.0;n;3.0;2024-03-11;RJ;116;137;MAGE;Reação tardia ou ineficiente do condutor;Com Vítimas Feridas;3;Nublado;Plena Noite;segunda-feira;Colisão traseira;Dupla;0;0;-22.64791994;-43.18200799;Segura;Sudeste;1 Trimestre
594148;2024.0;n;4.0;2024-04-15;ES;101;66;SAO MATEUS;Condutor desrespeitou a iluminação vermelha do semáforo;Com Vítimas Feridas;4;Céu Claro;Pleno dia;segunda-feira;Colisão transversal;Dupla;0;1;-18.70935945;-39.87762087;Perigosa;Sudeste;2 Trimestre
587917;2024.0;n;3.0;2024-03-17;RO;364;106;PIMENTA BUENO;Suicídio (presumido);Com Vítimas Feridas;5;Céu Claro;Pleno dia;domingo;Atropelamento de Pedestre;Simples;0;1;-12.23970382;-60.68053067;Perigosa;Norte;1 Trimestre
572244;2024.0;n;1.0;2024-01-02;SC;282;51,8;AGUAS MORNAS;Ausência de reação do condutor;Com Vítimas Feridas;3;Garoa/Chuvisco;Anoitecer;terça-feira;Colisão frontal;Simples;0;0;-27.703712;-48.959267;Segura;Sul;1 Trimestre
594774;2024.0;n;4.0;2024-04-18;SC;116;105,8;MONTE CASTELO;Demais falhas mecânicas ou elétricas;Sem Vítimas;3;Céu Claro;Pleno dia;quinta-feira;Colisão traseira;Simples;0;0;-26.75095005;-50.31749478;Segura;Sul;2 Trimestre
618993;2024.0;n;8.0;2024-08-04;BA;101;770;ITABELA;Transitar na contramão;Com Vítimas Fatais;3;Nublado;Pleno dia;domingo;Colisão frontal;Simples;1;0;-16.89385437;-39.52065468;Perigosa;Nordeste;3 Trimestre
671846;2025.0;n;4.0;2025-04-05;SP;116;482,7;CAJATI;Ausência de reação do condutor;Com Vítimas Feridas;5;Chuva;Plena Noite;sábado;Engavetamento;Dupla;0;2;-24,72211383;-48,0678981;Perigosa;Sudeste;2 Trimestre
589822;2024.0;n;3.0;2024-03-05;BA;116;422;FEIRA DE SANTANA;Desrespeitar a preferência no cruzamento;Com Vítimas Feridas;3;Céu Claro;Plena Noite;terça-feira;Colisão traseira;Dupla;0;0;-12.2306836;-38.96535158;Segura;Nordeste;1 Trimestre
621337;2024.0;n;8.0;2024-08-15;PE;101;124;ESCADA;Condutor deixou de manter distância do veículo da frente;Com Vítimas Feridas;2;Garoa/Chuvisco;Pleno dia;quinta-feira;Colisão traseira;Dupla;0;0;-8.361745;-35.213108;Segura;Nordeste;3 Trimestre
604922;2024.0;n;6.0;2024-06-03;SP;116;80,1;ROSEIRA;Demais falhas mecânicas ou elétricas;Sem Vítimas;2;Nublado;Pleno dia;segunda-feira;Colisão com objeto;Dupla;0;0;-22.89958454;-45.30245564;Segura;Sudeste;2 Trimestre
600602;2024.0;n;5.0;2024-05-15;BA;116;160;CANUDOS;Acostamento em desnível;Sem Vítimas;3;Céu Claro;Plena Noite;quarta-feira;Saída de leito carroçável;Simples;0;0;-10.014247;-39.16041298;Segura;Nordeste;2 Trimestre
580763;2024.0;n;2.0;2024-02-12;SC;280;38,3;ARAQUARI;Ausência de reação do condutor;Com Vítimas Feridas;8;Sol;Pleno dia;segunda-feira;Engavetamento;Simples;0;0;-26.44812855;-48.82794004;Segura;Sul;1 Trimestre
598750;2024.0;n;5.0;2024-05-06;PR;163;145;SANTA LUCIA;Condutor Dormindo;Com Vítimas Feridas;3;Céu Claro;Plena Noite;segunda-feira;Colisão traseira;Dupla;0;0;-25.460586;-53.582651;Segura;Sul;2 Trimestre
686761;2025.0;n;4.0;2025-04-22;MS;163;556,1;BANDEIRANTES;Condutor Dormindo;Com Vítimas Feridas;3;Céu Claro;Pleno dia;terça-feira;Saída de leito carroçável;Simples;0;0;-19,8509723;-54,3694935;Segura;Centro-Oeste;2 Trimestre
594530;2024.0;n;4.0;2024-04-17;BA;110;348;ALAGOINHAS;Manobra de mudança de faixa;Com Vítimas Feridas;2;Nublado;Pleno dia;quarta-feira;Colisão frontal;Simples;0;1;-12.26960367;-38.37451672;Perigosa;Nordeste;2 Trimestre
620754;2024.0;n;8.0;2024-08-12;PI;316;11,9;TERESINA;Estacionar ou parar em local proibido;Com Vítimas Fatais;3;Céu Claro;Pleno dia;segunda-feira;Colisão com objeto;Múltipla;1;0;-5.191739;-42.76076102;Perigosa;Nordeste;3 Trimestre
617935;2024.0;n;7.0;2024-07-30;SC;101;106;PENHA;Reação tardia ou ineficiente do condutor;Com Vítimas Feridas;4;Nublado;Plena Noite;terça-feira;Colisão lateral mesmo sentido;Dupla;0;0;-26.81031601;-48.68293896;Segura;Sul;3 Trimestre
610384;2024.0;n;6.0;2024-06-27;PE;101;205;XEXEU;Ausência de reação do condutor;Com Vítimas Feridas;2;Céu Claro;Pleno dia;quinta-feira;Tombamento;Dupla;0;1;-8.813152;-35.63283;Perigosa;Nordeste;2 Trimestre
656576;2025.0;n;1.0;2025-01-21;MG;365;386,7;PATOS DE MINAS;Pedestre - Ingestão de álcool/ substâncias psicoativas;Com Vítimas Fatais;2;Nublado;Plena Noite;terça-feira;Atropelamento de Pedestre;Simples;1;0;-18,60051001;-46,28239399;Perigosa;Sudeste;1 Trimestre
584876;2024.0;n;3.0;2024-03-04;AL;101;165;CAMPO ALEGRE;Avarias e/ou desgaste excessivo no pneu;Com Vítimas Feridas;1;Céu Claro;Pleno dia;segunda-feira;Saída de leito carroçável;Dupla;0;1;-9.8996779;-36.283047;Perigosa;Nordeste;1 Trimestre
590451;2024.0;y;3.0;2024-03-29;PR;277;212;PALMEIRA;Transitar na contramão;Com Vítimas Fatais;4;Céu Claro;Plena Noite;sexta-feira;Colisão frontal;Simples;1;0;-25.47468373;-50.3135171;Perigosa;Sul;1 Trimestre
614702;2024.0;n;7.0;2024-07-15;PB;230;417,9;POMBAL;Transitar na contramão;Com Vítimas Feridas;3;Céu Claro;Plena Noite;segunda-feira;Colisão lateral mesmo sentido;Simples;0;0;-6.725107;-37.867833;Segura;Nordeste;3 Trimestre
610880;2024.0;n;6.0;2024-06-29;RS;290;19;SANTO ANTONIO DA PATRULHA;Mal súbito do condutor;Com Vítimas Feridas;2;Céu Claro;Plena Noite;sábado;Colisão traseira;Dupla;0;0;-29.88612132;-50.44912577;Segura;Sul;2 Trimestre
600116;2024.0;n;5.0;2024-05-12;BA;101;530;SAO JOSE DA VITORIA;Ultrapassagem Indevida;Com Vítimas Feridas;5;Céu Claro;Plena Noite;domingo;Colisão frontal;Simples;0;1;-15.13086315;-39.37770958;Perigosa;Nordeste;2 Trimestre
584640;2024.0;n;3.0;2024-03-02;RO;364;424,7;JARU;Reação tardia ou ineficiente do condutor;Com Vítimas Feridas;2;Garoa/Chuvisco;Plena Noite;sábado;Colisão traseira;Simples;0;1;-10.44457274;-62.46568412;Perigosa;Norte;1 Trimestre
588622;2024.0;n;3.0;2024-03-20;AC;364;136;RIO BRANCO;Reação tardia ou ineficiente do condutor;Com Vítimas Feridas;3;Céu Claro;Pleno dia;quarta-feira;Atropelamento de Pedestre;Dupla;0;0;-9.977578;-67.8489;Segura;Norte;1 Trimestre
686327;2025.0;n;4.0;2025-04-20;BA;101;534;SAO JOSE DA VITORIA;Velocidade Incompatível;Com Vítimas Feridas;1;Céu Claro;Plena Noite;domingo;Tombamento;Simples;0;0;-15,03361;-39,331088;Segura;Nordeste;2 Trimestre
613159;2024.0;n;7.0;2024-07-09;SP;116;142,8;SAO JOSE DOS CAMPOS;Reação tardia ou ineficiente do condutor;Com Vítimas Feridas;3;Garoa/Chuvisco;Plena Noite;terça-feira;Colisão traseira;Dupla;0;0;-23.17426078;-45.82940111;Segura;Sudeste;3 Trimestre
593188;2024.0;n;4.0;2024-04-10;PR;153;106,3;IBAITI;Demais falhas mecânicas ou elétricas;Com Vítimas Feridas;2;Céu Claro;Plena Noite;quarta-feira;Saída de leito carroçável;Dupla;0;0;-23.82227712;-50.18354479;Segura;Sul;2 Trimestre
583716;2024.0;n;2.0;2024-02-27;PR;277;496,2;GUARANIACU;Ausência de reação do condutor;Com Vítimas Feridas;2;Chuva;Pleno dia;terça-feira;Saída de leito carroçável;Simples;0;0;-25.19210596;-52.6568109;Segura;Sul;1 Trimestre
598828;2024.0;n;5.0;2024-05-07;MG;381;495,2;BETIM;Condutor deixou de manter distância do veículo da frente;Com Vítimas Feridas;3;Sol;Pleno dia;terça-feira;Engavetamento;Múltipla;0;0;-19.973237;-44.1850413;Segura;Sudeste;2 Trimestre
622973;2024.0;n;8.0;2024-08-22;ES;101;385,8;RIO NOVO DO SUL;Carga excessiva e/ou mal acondicionada;Com Vítimas Feridas;2;Céu Claro;Plena Noite;quinta-feira;Tombamento;Simples;0;0;-20.83675912;-40.86790091;Segura;Sudeste;3 Trimestre
614449;2024.0;n;7.0;2024-07-14;SC;282;433,9;VARGEM BONITA;Neblina;Com Vítimas Feridas;4;Nevoeiro/Neblina;Pleno dia;domingo;Colisão transversal;Simples;0;0;-26.97752;-51.823841;Segura;Sul;3 Trimestre
616718;2024.0;n;7.0;2024-07-25;MG;365;625,6;UBERLANDIA;Trafegar com motocicleta (ou similar) entre as faixas;Com Vítimas Fatais;4;Céu Claro;Pleno dia;quinta-feira;Colisão lateral mesmo sentido;Dupla;2;0;-18.90585472;-48.32526001;Perigosa;Sudeste;3 Trimestre
661890;2025.0;n;2.0;2025-02-17;SC;116;141,9;SANTA CECILIA;Transitar na contramão;Sem Vítimas;2;Chuva;Plena Noite;segunda-feira;Colisão lateral sentido oposto;Simples;0;0;-26,97282394;-50,40309796;Segura;Sul;1 Trimestre
577020;2024.0;n;1.0;2024-01-25;CE;20;391;CAUCAIA;Reação tardia ou ineficiente do condutor;Com Vítimas Feridas;5;Céu Claro;Pleno dia;quinta-feira;Colisão lateral sentido oposto;Simples;0;0;-3.84905477;-38.77921916;Segura;Nordeste;1 Trimestre
592162;2024.0;n;4.0;2024-04-06;GO;158;157;CAIAPONIA;Acessar a via sem observar a presença dos outros veículos;Com Vítimas Feridas;4;Céu Claro;Pleno dia;sábado;Colisão transversal;Simples;0;0;-16.956467;-51.82909;Segura;Centro-Oeste;2 Trimestre
596042;2024.0;n;4.0;2024-04-24;SP;116;550;BARRA DO TURVO;Reação tardia ou ineficiente do condutor;Com Vítimas Feridas;2;Céu Claro;Pleno dia;quarta-feira;Tombamento;Simples;0;0;-24.96633469;-48.46871853;Segura;Sudeste;2 Trimestre
673358;2025.0;n;4.0;2025-04-13;PB;116;9,1;CACHOEIRA DOS INDIOS;Chuva;Com Vítimas Feridas;1;Chuva;Plena Noite;domingo;Saída de leito carroçável;Simples;0;1;-6,97164333;-38,73451;Perigosa;Nordeste;2 Trimestre
653798;2025.0;n;1.0;2025-01-08;SE;101;85;NOSSA SENHORA DO SOCORRO;Acumulo de óleo sobre o pavimento;Com Vítimas Feridas;3;Céu Claro;Pleno dia;quarta-feira;Tombamento;Simples;0;0;-10,85131425;-37,13656783;Segura;Nordeste;1 Trimestre
653423;2025.0;n;1.0;2025-01-05;MA;230;12;BARAO DE GRAJAU;Animais na Pista;Com Vítimas Feridas;1;Céu Claro;Plena Noite;domingo;Atropelamento de Animal;Simples;0;1;-6,72235987;-43,10918195;Perigosa;Nordeste;1 Trimestre
622653;2024.0;n;5.0;2024-05-03;SP;116;510;CAJATI;Ausência de reação do condutor;Com Vítimas Fatais;5;Céu Claro;Pleno dia;sexta-feira;Colisão traseira;Dupla;1;0;-24.82768986;-48.21855823;Perigosa;Sudeste;2 Trimestre
598793;2024.0;n;5.0;2024-05-07;SC;101;205;SAO JOSE;Ausência de reação do condutor;Com Vítimas Feridas;3;Céu Claro;Pleno dia;terça-feira;Colisão lateral mesmo sentido;Múltipla;0;0;-27.58313237;-48.61532885;Segura;Sul;2 Trimestre
581470;2024.0;n;2.0;2024-02-16;MT;163;827;SINOP;Condutor deixou de manter distância do veículo da frente;Com Vítimas Feridas;2;Céu Claro;Pleno dia;sexta-feira;Colisão traseira;Simples;0;1;-11.93;-55.513;Perigosa;Centro-Oeste;1 Trimestre
605788;2024.0;n;4.0;2024-04-24;GO;364;89,9;CACHOEIRA ALTA;Transitar na contramão;Com Vítimas Fatais;3;Céu Claro;Plena Noite;quarta-feira;Colisão frontal;Simples;3;1;-18.50174977;-51.0708046;Perigosa;Centro-Oeste;2 Trimestre
630410;2024.0;n;9.0;2024-09-25;PR;277;74;SAO JOSE DOS PINHAIS;Ausência de reação do condutor;Com Vítimas Feridas;3;Sol;Pleno dia;quarta-feira;Engavetamento;Dupla;0;0;-25.49627708;-49.16313171;Segura;Sul;3 Trimestre
583097;2024.0;n;2.0;2024-02-23;MG;267;201,2;BOM JARDIM DE MINAS;Problema com o freio;Com Vítimas Feridas;2;Nublado;Plena Noite;sexta-feira;Tombamento;Simples;0;0;-21.931292;-44.094997;Segura;Sudeste;1 Trimestre
652484;2025.0;y;1.0;2025-01-01;SC;101;446;SANTA ROSA DO SUL;Ingestão de álcool pelo condutor;Com Vítimas Feridas;2;Céu Claro;Plena Noite;quarta-feira;Colisão traseira;Dupla;0;1;-29,1519083;-49,72709298;Perigosa;Sul;1 Trimestre
605664;2024.0;n;6.0;2024-06-07;SE;101;167;SANTA LUZIA DO ITANHY;Acumulo de água sobre o pavimento;Com Vítimas Feridas;2;Chuva;Pleno dia;sexta-feira;Colisão frontal;Simples;0;1;-11.32878328;-37.56697367;Perigosa;Nordeste;2 Trimestre
588133;2024.0;n;3.0;2024-03-18;MG;262;580;CAMPOS ALTOS;Retorno proibido;Com Vítimas Feridas;4;Céu Claro;Pleno dia;segunda-feira;Colisão transversal;Simples;0;1;-19.6646721;-46.06563103;Perigosa;Sudeste;1 Trimestre
576074;2024.0;n;1.0;2024-01-20;MG;116;785,7;LEOPOLDINA;Transitar na contramão;Com Vítimas Feridas;3;Céu Claro;Plena Noite;sábado;Colisão frontal;Simples;0;3;-21.63945948;-42.71309186;Perigosa;Sudeste;1 Trimestre
620332;2024.0;n;8.0;2024-08-10;MG;116;94;MEDINA;Curva acentuada;Com Vítimas Feridas;2;Nublado;Plena Noite;sábado;Saída de leito carroçável;Simples;0;0;-16.384692;-41.47280999;Segura;Sudeste;3 Trimestre
594618;2024.0;n;4.0;2024-04-17;RS;116;398;CAMAQUA;Transitar na contramão;Com Vítimas Feridas;3;Céu Claro;Plena Noite;quarta-feira;Colisão frontal;Simples;0;1;-30.85277648;-51.77498979;Perigosa;Sul;2 Trimestre
627684;2024.0;n;9.0;2024-09-13;SP;153;60,1;SAO JOSE DO RIO PRETO;Ausência de reação do condutor;Sem Vítimas;2;Céu Claro;Pleno dia;sexta-feira;Colisão lateral mesmo sentido;Dupla;0;0;-20.79627979;-49.35480206;Segura;Sudeste;3 Trimestre
673124;2025.0;n;3.0;2025-03-15;PA;163;362,7;NOVO PROGRESSO;Reação tardia ou ineficiente do condutor;Com Vítimas Feridas;1;Chuva;Plena Noite;sábado;Saída de leito carroçável;Simples;0;1;-6,61618279;-55,50086975;Perigosa;Norte;1 Trimestre
584159;2024.0;n;2.0;2024-02-29;MT;158;536;AGUA BOA;Demais falhas mecânicas ou elétricas;Com Vítimas Feridas;1;Céu Claro;Pleno dia;quinta-feira;Saída de leito carroçável;Simples;0;0;-13.80730502;-52.03950938;Segura;Centro-Oeste;1 Trimestre
665518;2025.0;n;3.0;2025-03-06;MG;381;809;CAREACU;Reação tardia ou ineficiente do condutor;Com Vítimas Feridas;3;Céu Claro;Pleno dia;quinta-feira;Colisão traseira;Dupla;0;0;-21,98731049;-45,6605511;Segura;Sudeste;1 Trimestre
591257;2024.0;n;4.0;2024-04-01;SP;116;507;CAJATI;Velocidade Incompatível;Com Vítimas Feridas;2;Céu Claro;Plena Noite;segunda-feira;Saída de leito carroçável;Dupla;0;1;-24.805288;-48.214966;Perigosa;Sudeste;2 Trimestre
574836;2024.0;n;1.0;2024-01-15;ES;101;297;VIANA;Manobra de mudança de faixa;Com Vítimas Feridas;3;Céu Claro;Pleno dia;segunda-feira;Colisão com objeto;Dupla;0;0;-20.34529844;-40.41026774;Segura;Sudeste;1 Trimestre
627463;2024.0;n;9.0;2024-09-12;SP;116;84;PINDAMONHANGABA;Avarias e/ou desgaste excessivo no pneu;Com Vítimas Feridas;3;Céu Claro;Pleno dia;quinta-feira;Colisão traseira;Dupla;0;0;-22.91777173;-45.33596814;Segura;Sudeste;3 Trimestre
669690;2025.0;n;3.0;2025-03-26;SC;470;270,5;CURITIBANOS;Demais falhas na via;Com Vítimas Feridas;2;Nevoeiro/Neblina;Amanhecer;quarta-feira;Tombamento;Simples;0;1;-27,31870459;-50,76833725;Perigosa;Sul;1 Trimestre
577839;2024.0;n;1.0;2024-01-29;MG;116;342,2;CAMPANARIO;Ultrapassagem Indevida;Com Vítimas Feridas;2;Sol;Pleno dia;segunda-feira;Colisão lateral sentido oposto;Simples;0;0;-18.338596;-41.766617;Segura;Sudeste;1 Trimestre
613453;2024.0;n;7.0;2024-07-10;MT;364;275;JACIARA;Manobra de mudança de faixa;Com Vítimas Feridas;4;Céu Claro;Pleno dia;quarta-feira;Colisão lateral mesmo sentido;Dupla;0;0;-15.95085604;-54.98237599;Segura;Centro-Oeste;3 Trimestre
613789;2024.0;n;7.0;2024-07-11;MT;163;736;SORRISO;Reação tardia ou ineficiente do condutor;Sem Vítimas;4;Céu Claro;Pleno dia;quinta-feira;Tombamento;Simples;0;0;-12.78531298;-55.83736483;Segura;Centro-Oeste;3 Trimestre
661100;2025.0;n;2.0;2025-02-10;AL;101;56,1;FLEXEIRAS;Condutor Dormindo;Sem Vítimas;1;Céu Claro;Amanhecer;segunda-feira;Saída de leito carroçável;Dupla;0;0;-9,26780247;-35,78483784;Segura;Nordeste;1 Trimestre
668665;2025.0;n;3.0;2025-03-21;PE;101;64;RECIFE;Condutor deixou de manter distância do veículo da frente;Com Vítimas Feridas;2;Céu Claro;Anoitecer;sexta-feira;Colisão traseira;Dupla;0;1;-8,017719;-34,941363;Perigosa;Nordeste;1 Trimestre
595969;2024.0;n;4.0;2024-04-24;SE;101;163,4;SANTA LUZIA DO ITANHY;Velocidade Incompatível;Com Vítimas Feridas;2;Nublado;Amanhecer;quarta-feira;Tombamento;Simples;0;0;-11.30466694;-37.50742901;Segura;Nordeste;2 Trimestre
670782;2025.0;n;3.0;2025-03-31;PR;277;503,1;DIAMANTE DO SUL;Ultrapassagem Indevida;Com Vítimas Feridas;6;Céu Claro;Pleno dia;segunda-feira;Colisão lateral mesmo sentido;Simples;0;0;-25,1353;-52,7169;Segura;Sul;1 Trimestre
583986;2024.0;n;2.0;2024-02-29;MT;70;2,6;BARRA DO GARCAS;Velocidade Incompatível;Com Vítimas Feridas;4;Céu Claro;Amanhecer;quinta-feira;Colisão traseira;Dupla;0;1;-15.88749699;-52.26810568;Perigosa;Centro-Oeste;1 Trimestre
594712;2024.0;n;4.0;2024-04-17;SP;116;32;CRUZEIRO;Ausência de reação do condutor;Com Vítimas Feridas;2;Céu Claro;Plena Noite;quarta-feira;Colisão traseira;Múltipla;0;1;-22.6422031;-44.94731891;Perigosa;Sudeste;2 Trimestre
661080;2025.0;n;2.0;2025-02-13;ES;101;291,9;CARIACICA;Desrespeitar a preferência no cruzamento;Com Vítimas Feridas;2;Céu Claro;Pleno dia;quinta-feira;Colisão transversal;Dupla;0;1;-20,29755744;-40,39445616;Perigosa;Sudeste;1 Trimestre
618030;2024.0;n;7.0;2024-07-31;RJ;116;139;MAGE;Condutor deixou de manter distância do veículo da frente;Com Vítimas Feridas;4;Nublado;Pleno dia;quarta-feira;Colisão traseira;Múltipla;0;1;-22.64655224;-43.20138601;Perigosa;Sudeste;3 Trimestre
613625;2024.0;n;7.0;2024-07-11;SP;116;51,2;LORENA;Transitar na contramão;Com Vítimas Feridas;2;Céu Claro;Amanhecer;quinta-feira;Colisão frontal;Dupla;0;0;-22.74157511;-45.09206392;Segura;Sudeste;3 Trimestre
629267;2024.0;n;9.0;2024-09-20;PE;232;335,4;CUSTODIA;Ingestão de álcool pelo condutor;Sem Vítimas;4;Vento;Plena Noite;sexta-feira;Colisão lateral sentido oposto;Simples;0;0;-8.0843408;-37.64570494;Segura;Nordeste;3 Trimestre
622241;2024.0;n;8.0;2024-08-19;SC;101;57;ARAQUARI;Reação tardia ou ineficiente do condutor;Com Vítimas Feridas;2;Nevoeiro/Neblina;Plena Noite;segunda-feira;Tombamento;Múltipla;0;0;-26.43813944;-48.80385518;Segura;Sul;3 Trimestre
601800;2024.0;n;5.0;2024-05-20;GO;70;316;JUSSARA;Acessar a via sem observar a presença dos outros veículos;Sem Vítimas;2;Céu Claro;Pleno dia;segunda-feira;Colisão transversal;Simples;0;0;-15.87345884;-50.8528018;Segura;Centro-Oeste;2 Trimestre
614184;2024.0;n;7.0;2024-07-13;RJ;116;238;PIRAI;Reação tardia ou ineficiente do condutor;Com Vítimas Feridas;3;Chuva;Pleno dia;sábado;Colisão lateral mesmo sentido;Múltipla;0;0;-22.66466911;-43.88337304;Segura;Sudeste;3 Trimestre
622785;2024.0;n;8.0;2024-08-21;MA;135;104;ITAPECURU MIRIM;Transitar na contramão;Sem Vítimas;4;Céu Claro;Plena Noite;quarta-feira;Colisão lateral sentido oposto;Simples;0;0;-3.38911583;-44.4963842;Segura;Nordeste;3 Trimestre
615062;2024.0;n;7.0;2024-07-17;MG;116;424,9;ALPERCATA;Demais falhas na via;Com Vítimas Feridas;1;Sol;Pleno dia;quarta-feira;Colisão com objeto;Simples;0;0;-18.97690994;-41.98253806;Segura;Sudeste;3 Trimestre
573838;2024.0;n;1.0;2024-01-10;MG;381;674,5;PERDOES;Velocidade Incompatível;Com Vítimas Feridas;3;Nublado;Pleno dia;quarta-feira;Tombamento;Dupla;0;0;-21.107021;-45.09114;Segura;Sudeste;1 Trimestre
588165;2024.0;n;3.0;2024-03-18;PI;343;81,2;BURITI DOS LOPES;Mal súbito do condutor;Sem Vítimas;2;Nublado;Pleno dia;segunda-feira;Colisão traseira;Simples;0;0;-3.418552;-41.73816;Segura;Nordeste;1 Trimestre
574989;2024.0;n;1.0;2024-01-15;SP;116;229,1;SAO PAULO;Condutor Dormindo;Com Vítimas Fatais;8;Nublado;Plena Noite;segunda-feira;Engavetamento;Múltipla;3;2;-23.512397;-46.575819;Perigosa;Sudeste;1 Trimestre