id;ano;feriado;mes;data_inversa;uf;br;km;municipio;causa_acidente;classificacao_acidente;veiculos;condicao_metereologica;fase_dia;dia_semana;tipo_acidente;tipo_pista;mortos;feridos_graves;latitude;longitude;status;regiao;periodo
604344;2024.0;n;5.0;2024-05-31;PE;232;423;SERRA TALHADA;Transitar na contramão;Com Vítimas Feridas;2;Céu Claro;Plena Noite;sexta-feira;Colisão lateral sentido oposto;Simples;0;3;-7.99944636;-38.41234012;Perigosa;Nordeste;2 Trimestre
617515;2024.0;n;7.0;2024-07-28;MT;364;265;JACIARA;Entrada inopinada do pedestre;Com Vítimas Feridas;3;Céu Claro;Anoitecer;domingo;Atropelamento de Pedestre;Dupla;0;1;-16.00440488;-54.92002387;Perigosa;Centro-Oeste;3 Trimestre
594560;2024.0;n;4.0;2024-04-17;CE;116;3,2;FORTALEZA;Acessar a via sem observar a presença dos outros veículos;Com Vítimas Feridas;2;Céu Claro;Anoitecer;quarta-feira;Colisão lateral mesmo sentido;Dupla;0;0;-3.76159894;-38.51900662;Segura;Nordeste;2 Trimestre
662173;2025.0;n;2.0;2025-02-18;SC;470;85,6;RODEIO;Transitar na contramão;Com Vítimas Fatais;3;Céu Claro;Pleno dia;terça-feira;Colisão frontal;Simples;1;0;-26,9516096;-49,3544902;Perigosa;Sul;1 Trimestre
608320;2024.0;n;6.0;2024-06-18;RO;364;23,8;VILHENA;Reação tardia ou ineficiente do condutor;Com Vítimas Feridas;6;Céu Claro;Pleno dia;terça-feira;Colisão traseira;Simples;0;0;-12.72492207;-60.220407;Segura;Norte;2 Trimestre
593102;2024.0;n;4.0;2024-04-10;PE;101;91;CABO DE SANTO AGOSTINHO;Ausência de reação do condutor;Sem Vítimas;1;Nublado;Pleno dia;quarta-feira;Saída de leito carroçável;Dupla;0;0;-8.22399812;-34.99290474;Segura;Nordeste;2 Trimestre
577342;2024.0;n;1.0;2024-01-26;PE;232;555;PARNAMIRIM;Reação tardia ou ineficiente do condutor;Com Vítimas Fatais;2;Garoa/Chuvisco;Plena Noite;sexta-feira;Tombamento;Simples;1;1;-8.089178;-39.532785;Perigosa;Nordeste;1 Trimestre
615277;2024.0;n;7.0;2024-07-18;RS;158;322;SANTA MARIA;Ausência de reação do condutor;Com Vítimas Feridas;2;Céu Claro;Pleno dia;quinta-feira;Colisão lateral mesmo sentido;Simples;0;0;-29.69143328;-53.77424459;Segura;Sul;3 Trimestre
658074;2025.0;n;1.0;2025-01-29;GO;153;502,6;APARECIDA DE GOIANIA;Trafegar com motocicleta (ou similar) entre as faixas;Com Vítimas Feridas;4;Nublado;Pleno dia;quarta-feira;Queda de ocupante de veículo;Dupla;0;1;-16,7287;-49,2424;Perigosa;Centro-Oeste;1 Trimestre
669968;2025.0;n;3.0;2025-03-27;RJ;493;90;JAPERI;Reação tardia ou ineficiente do condutor;Com Vítimas Feridas;1;Nublado;Anoitecer;quinta-feira;Saída de leito carroçável;Dupla;0;1;-22,6689024;-43,6273152;Perigosa;Sudeste;1 Trimestre
573637;2024.0;n;1.0;2024-01-09;SC;101;215;PALHOCA;Acessar a via sem observar a presença dos outros veículos;Com Vítimas Feridas;3;Chuva;Plena Noite;terça-feira;Colisão frontal;Dupla;0;0;-27.65184843;-48.67604941;Segura;Sul;1 Trimestre
621224;2024.0;n;8.0;2024-08-14;MG;381;482;BETIM;Ausência de reação do condutor;Com Vítimas Feridas;2;Céu Claro;Plena Noite;quarta-feira;Colisão traseira;Dupla;0;0;-19.955532;-44.097209;Segura;Sudeste;3 Trimestre
671101;2025.0;n;4.0;2025-04-02;RS;290;459,4;ROSARIO DO SUL;Ultrapassagem Indevida;Com Vítimas Feridas;2;Garoa/Chuvisco;Pleno dia;quarta-feira;Colisão frontal;Simples;0;1;-30,225857;-54,709302;Perigosa;Sul;2 Trimestre
628069;2024.0;n;9.0;2024-09-14;BA;116;881,7;CANDIDO SALES;Ausência de reação do condutor;Com Vítimas Feridas;2;Céu Claro;Anoitecer;sábado;Saída de leito carroçável;Simples;0;0;-15.31978389;-41.15178108;Segura;Nordeste;3 Trimestre
657414;2025.0;n;1.0;2025-01-22;MT;364;463,8;VARZEA GRANDE;Condutor deixou de manter distância do veículo da frente;Com Vítimas Feridas;7;Sol;Pleno dia;quarta-feira;Colisão traseira;Simples;0;1;-15,45097;-56,32643;Perigosa;Centro-Oeste;1 Trimestre
588102;2024.0;n;3.0;2024-03-15;SC;280;285,4;IRINEOPOLIS;Velocidade Incompatível;Com Vítimas Feridas;2;Céu Claro;Amanhecer;sexta-feira;Colisão frontal;Simples;0;1;-26.29239616;-50.87751706;Perigosa;Sul;1 Trimestre
572404;2024.0;n;1.0;2024-01-03;RJ;393;143;SAPUCAIA;Acessar a via sem observar a presença dos outros veículos;Com Vítimas Feridas;2;Nublado;Pleno dia;quarta-feira;Colisão lateral mesmo sentido;Simples;0;0;-22.02408891;-42.97247704;Segura;Sudeste;1 Trimestre
671172;2025.0;n;2.0;2025-02-09;MT;364;69;ALTO GARCAS;Condutor deixou de manter distância do veículo da frente;Com Vítimas Feridas;2;Céu Claro;Pleno dia;domingo;Saída de leito carroçável;Simples;0;0;-16,91562356;-53,62237221;Segura;Centro-Oeste;1 Trimestre
657633;2025.0;n;1.0;2025-01-27;BA;242;477;IBITIARA;Ausência de reação do condutor;Com Vítimas Feridas;5;Céu Claro;Plena Noite;segunda-feira;Colisão com objeto;Simples;0;1;-12,47317295;-42,2897659;Perigosa;Nordeste;1 Trimestre
653706;2025.0;n;1.0;2025-01-07;RS;386;266;CANOAS;Reação tardia ou ineficiente do condutor;Com Vítimas Feridas;2;Céu Claro;Pleno dia;terça-feira;Colisão com objeto;Múltipla;0;0;-29,94381632;-51,17686987;Segura;Sul;1 Trimestre
593739;2024.0;n;4.0;2024-04-13;RS;116;527;PELOTAS;Velocidade Incompatível;Com Vítimas Feridas;3;Chuva;Pleno dia;sábado;Tombamento;Dupla;0;1;-31.74580494;-52.40594387;Perigosa;Sul;2 Trimestre
612153;2024.0;n;7.0;2024-07-05;ES;262;98,3;VENDA NOVA DO IMIGRANTE;Reação tardia ou ineficiente do condutor;Sem Vítimas;2;Céu Claro;Pleno dia;sexta-feira;Colisão lateral mesmo sentido;Simples;0;0;-20.35623595;-41.08499497;Segura;Sudeste;3 Trimestre
668235;2025.0;n;2.0;2025-02-02;PA;163;309,6;NOVO PROGRESSO;Reação tardia ou ineficiente do condutor;Sem Vítimas;5;Chuva;Amanhecer;domingo;Colisão frontal;Simples;0;0;-7,050078;-55,410765;Segura;Norte;1 Trimestre
596062;2024.0;n;4.0;2024-04-24;RS;285;6;SAO BORJA;Acessar a via sem observar a presença dos outros veículos;Com Vítimas Feridas;2;Nublado;Pleno dia;quarta-feira;Colisão transversal;Simples;0;1;-28.661;-56.0052;Perigosa;Sul;2 Trimestre
608011;2024.0;n;6.0;2024-06-16;ES;262;105;VENDA NOVA DO IMIGRANTE;Transitar na contramão;Com Vítimas Feridas;2;Céu Claro;Plena Noite;domingo;Colisão transversal;Simples;0;1;-20.32624656;-41.13598921;Perigosa;Sudeste;2 Trimestre
591577;2024.0;n;4.0;2024-04-03;PB;101;90;JOAO PESSOA;Acesso irregular;Com Vítimas Feridas;2;Céu Claro;Pleno dia;quarta-feira;Colisão transversal;Dupla;0;1;-7.179652;-34.900417;Perigosa;Nordeste;2 Trimestre
578667;2024.0;n;2.0;2024-02-02;GO;153;173;CAMPINORTE;Ultrapassagem Indevida;Com Vítimas Fatais;2;Céu Claro;Plena Noite;sexta-feira;Colisão frontal;Simples;1;0;-14.29261;-49.15028;Perigosa;Centro-Oeste;1 Trimestre
653644;2025.0;n;1.0;2025-01-07;MG;251;288,6;SALINAS;Demais falhas mecânicas ou elétricas;Sem Vítimas;1;Céu Claro;Pleno dia;terça-feira;Incêndio;Simples;0;0;-16,04478237;-42,14449883;Segura;Sudeste;1 Trimestre
657742;2025.0;n;1.0;2025-01-27;SC;101;19,5;BIGUACU;Manobra de mudança de faixa;Com Vítimas Feridas;2;Nublado;Pleno dia;segunda-feira;Colisão lateral mesmo sentido;Dupla;0;0;-27,4946;-48,6561;Segura;Sul;1 Trimestre
586931;2024.0;n;3.0;2024-03-13;GO;20;54;FORMOSA;Demais falhas mecânicas ou elétricas;Com Vítimas Feridas;2;Nublado;Pleno dia;quarta-feira;Tombamento;Múltipla;0;0;-15.298045;-47.148319;Segura;Centro-Oeste;1 Trimestre
653128;2025.0;n;1.0;2025-01-04;SC;101;458;PASSO DE TORRES;Manobra de mudança de faixa;Com Vítimas Feridas;2;Céu Claro;Pleno dia;sábado;Colisão traseira;Dupla;0;1;-29,24075694;-49,75535784;Perigosa;Sul;1 Trimestre
590181;2024.0;n;3.0;2024-03-27;MG;262;408;PARA DE MINAS;Reação tardia ou ineficiente do condutor;Com Vítimas Feridas;2;Céu Claro;Plena Noite;quarta-feira;Colisão traseira;Dupla;0;1;-19.88464192;-44.61618402;Perigosa;Sudeste;1 Trimestre
671072;2025.0;n;4.0;2025-04-02;SP;381;86;SAO PAULO;Demais falhas mecânicas ou elétricas;Sem Vítimas;2;Céu Claro;Plena Noite;quarta-feira;Incêndio;Múltipla;0;0;-23,46374288;-46,5710932;Segura;Sudeste;2 Trimestre
590743;2024.0;n;3.0;2024-03-30;PR;163;272;QUATRO PONTES;Condutor Dormindo;Com Vítimas Feridas;2;Céu Claro;Pleno dia;sábado;Colisão lateral mesmo sentido;Dupla;0;0;-24.61372945;-53.93739939;Segura;Sul;1 Trimestre
652659;2025.0;y;1.0;2025-01-01;PR;376;636,5;TIJUCAS DO SUL;Manobra de mudança de faixa;Com Vítimas Feridas;2;Nublado;Plena Noite;quarta-feira;Colisão lateral mesmo sentido;Dupla;0;0;-25,76723798;-49,12369251;Segura;Sul;1 Trimestre
595472;2024.0;y;4.0;2024-04-21;BA;242;337;LENCOIS;Curva acentuada;Com Vítimas Feridas;2;Nublado;Pleno dia;domingo;Tombamento;Simples;0;0;-12.50261567;-41.23031616;Segura;Nordeste;2 Trimestre
659982;2025.0;n;2.0;2025-02-08;MG;381;906,8;CAMBUI;Reação tardia ou ineficiente do condutor;Sem Vítimas;6;Nublado;Plena Noite;sábado;Colisão traseira;Dupla;0;0;-22,67334898;-46,0934412;Segura;Sudeste;1 Trimestre
619884;2024.0;n;8.0;2024-08-08;RJ;116;197;QUEIMADOS;Pedestre andava na pista;Com Vítimas Fatais;2;Céu Claro;Plena Noite;quinta-feira;Atropelamento de Pedestre;Dupla;1;0;-22.72980637;-43.56512004;Perigosa;Sudeste;3 Trimestre
583633;2024.0;n;2.0;2024-02-27;MS;267;234,3;NOVA ALVORADA DO SUL;Reação tardia ou ineficiente do condutor;Com Vítimas Feridas;5;Céu Claro;Pleno dia;terça-feira;Colisão lateral mesmo sentido;Simples;0;0;-21.50969578;-54.24777385;Segura;Centro-Oeste;1 Trimestre
605587;2024.0;n;6.0;2024-06-06;GO;153;307;RIALMA;Reação tardia ou ineficiente do condutor;Com Vítimas Feridas;1;Céu Claro;Plena Noite;quinta-feira;Saída de leito carroçável;Simples;0;0;-15.338693;-49.569584;Segura;Centro-Oeste;2 Trimestre
597308;2024.0;n;4.0;2024-04-29;BA;20;132;SAO DESIDERIO;Condutor deixou de manter distância do veículo da frente;Com Vítimas Feridas;4;Céu Claro;Pleno dia;segunda-feira;Colisão lateral mesmo sentido;Simples;0;1;-12.7824;-45.9519;Perigosa;Nordeste;2 Trimestre
620350;2024.0;n;8.0;2024-08-10;RJ;101;261;RIO BONITO;Reação tardia ou ineficiente do condutor;Com Vítimas Feridas;2;Chuva;Pleno dia;sábado;Saída de leito carroçável;Dupla;0;0;-22.71139378;-42.61157199;Segura;Sudeste;3 Trimestre
613714;2024.0;n;7.0;2024-07-11;MG;251;304;SALINAS;Carga excessiva e/ou mal acondicionada;Sem Vítimas;2;Céu Claro;Pleno dia;quinta-feira;Incêndio;Simples;0;0;-16.14057075;-42.26991996;Segura;Sudeste;3 Trimestre
612296;2024.0;n;7.0;2024-07-05;MA;135;186,9;SAO MATEUS DO MARANHAO;Animais na Pista;Com Vítimas Feridas;4;Céu Claro;Pleno dia;sexta-feira;Colisão lateral sentido oposto;Simples;0;1;-4.07327101;-44.47380819;Perigosa;Nordeste;3 Trimestre
660723;2025.0;n;2.0;2025-02-11;PE;110;105,6;SERTANIA;Curva acentuada;Com Vítimas Feridas;2;Sol;Pleno dia;terça-feira;Tombamento;Simples;0;0;-8,39951118;-37,35666188;Segura;Nordeste;1 Trimestre
587191;2024.0;n;3.0;2024-03-14;MG;116;577,3;MANHUACU;Velocidade Incompatível;Com Vítimas Feridas;5;Céu Claro;Pleno dia;quinta-feira;Colisão lateral sentido oposto;Simples;0;0;-20.161295;-42.189066;Segura;Sudeste;1 Trimestre
593820;2024.0;n;4.0;2024-04-13;BA;116;522,2;ITATIM;Acessar a via sem observar a presença dos outros veículos;Sem Vítimas;7;Céu Claro;Plena Noite;sábado;Colisão lateral sentido oposto;Simples;0;0;-12.69238361;-39.69577419;Segura;Nordeste;2 Trimestre
611393;2024.0;n;7.0;2024-07-01;MS;163;462;CAMPO GRANDE;Ausência de reação do condutor;Com Vítimas Feridas;3;Céu Claro;Plena Noite;segunda-feira;Saída de leito carroçável;Simples;0;0;-20.62069293;-54.5742707;Segura;Centro-Oeste;3 Trimestre
601188;2024.0;n;5.0;2024-05-17;PR;116;17;CAMPINA GRANDE DO SUL;Velocidade Incompatível;Sem Vítimas;3;Garoa/Chuvisco;Plena Noite;sexta-feira;Tombamento;Dupla;0;0;-25.10305915;-48.70103892;Segura;Sul;2 Trimestre
669436;2025.0;n;3.0;2025-03-25;PA;316;54;CASTANHAL;Ausência de reação do condutor;Com Vítimas Feridas;3;Céu Claro;Pleno dia;terça-feira;Engavetamento;Dupla;0;0;-1,3060714;-48,0074145;Segura;Norte;1 Trimestre
686734;2025.0;n;4.0;2025-04-22;MG;40;696,5;BARBACENA;Manobra de mudança de faixa;Com Vítimas Feridas;3;Nublado;Pleno dia;terça-feira;Colisão lateral mesmo sentido;Simples;0;0;-21,176206;-43,756165;Segura;Sudeste;2 Trimestre
583005;2024.0;n;2.0;2024-02-24;SP;116;300;SAO LOURENCO DA SERRA;Manobra de mudança de faixa;Com Vítimas Feridas;4;Céu Claro;Amanhecer;sábado;Colisão lateral mesmo sentido;Dupla;0;0;-23.79791758;-46.91475576;Segura;Sudeste;1 Trimestre
663968;2025.0;n;2.0;2025-02-27;PE;101;69,9;RECIFE;Manobra de mudança de faixa;Sem Vítimas;3;Sol;Pleno dia;quinta-feira;Colisão lateral mesmo sentido;Dupla;0;0;-8,06672637;-34,94307109;Segura;Nordeste;1 Trimestre
585736;2024.0;n;3.0;2024-03-07;AP;156;378;FERREIRA GOMES;Pedestre andava na pista;Com Vítimas Feridas;2;Chuva;Plena Noite;quinta-feira;Atropelamento de Pedestre;Simples;0;1;0.83381102;-51.19467504;Perigosa;Norte;1 Trimestre
596894;2024.0;n;4.0;2024-04-27;BA;407;221;CAPIM GROSSO;Ausência de sinalização;Com Vítimas Feridas;2;Chuva;Plena Noite;sábado;Colisão lateral sentido oposto;Simples;0;1;-11.28477721;-39.98886108;Perigosa;Nordeste;2 Trimestre
575327;2024.0;n;1.0;2024-01-17;PR;277;670,5;MEDIANEIRA;Transitar na contramão;Com Vítimas Feridas;3;Nublado;Pleno dia;quarta-feira;Colisão frontal;Dupla;0;1;-25.28037085;-54.07911108;Perigosa;Sul;1 Trimestre
617904;2024.0;n;7.0;2024-07-30;BA;324;535;AMELIA RODRIGUES;Ausência de reação do condutor;Com Vítimas Feridas;3;Céu Claro;Pleno dia;terça-feira;Colisão traseira;Dupla;0;0;-12.35775097;-38.82802597;Segura;Nordeste;3 Trimestre
660647;2025.0;n;2.0;2025-02-11;MG;50;204;DELTA;Reação tardia ou ineficiente do condutor;Com Vítimas Feridas;2;Céu Claro;Pleno dia;terça-feira;Tombamento;Dupla;0;0;-19,92627147;-47,82191068;Segura;Sudeste;1 Trimestre
653914;2025.0;n;1.0;2025-01-08;BA;101;126;PEDRAO;Ausência de reação do condutor;Com Vítimas Feridas;3;Céu Claro;Anoitecer;quarta-feira;Tombamento;Simples;0;1;-12,19979483;-38,59985325;Perigosa;Nordeste;1 Trimestre
656429;2025.0;n;1.0;2025-01-21;GO;153;501,3;GOIANIA;Objeto estático sobre o leito carroçável;Com Vítimas Fatais;5;Sol;Pleno dia;terça-feira;Tombamento;Múltipla;1;0;-16,71340496;-49,23382197;Perigosa;Centro-Oeste;1 Trimestre
656749;2025.0;n;1.0;2025-01-22;SC;101;138;BALNEARIO CAMBORIU;Condutor deixou de manter distância do veículo da frente;Com Vítimas Feridas;2;Céu Claro;Plena Noite;quarta-feira;Colisão traseira;Dupla;0;0;-27,02397426;-48,60761649;Segura;Sul;1 Trimestre
606080;2024.0;n;6.0;2024-06-08;SC;101;124,1;ITAJAI;Manobra de mudança de faixa;Com Vítimas Feridas;2;Céu Claro;Plena Noite;sábado;Colisão lateral mesmo sentido;Dupla;0;0;-26.94335064;-48.69198648;Segura;Sul;2 Trimestre
614897;2024.0;n;7.0;2024-07-16;MG;40;143;JOAO PINHEIRO;Acessar a via sem observar a presença dos outros veículos;Com Vítimas Feridas;2;Céu Claro;Pleno dia;terça-feira;Colisão lateral mesmo sentido;Simples;0;1;-17.7457975;-46.17842682;Perigosa;Sudeste;3 Trimestre
626539;2024.0;y;9.0;2024-09-07;PI;316;83;LAGOINHA DO PIAUI;Condutor deixou de manter distância do veículo da frente;Com Vítimas Feridas;2;Céu Claro;Plena Noite;sábado;Colisão lateral mesmo sentido;Simples;0;1;-5.76504417;-42.60991708;Perigosa;Nordeste;3 Trimestre
589271;2024.0;n;3.0;2024-03-23;RS;285;97,5;MONTE ALEGRE DOS CAMPOS;Demais falhas mecânicas ou elétricas;Sem Vítimas;2;Céu Claro;Pleno dia;sábado;Capotamento;Simples;0;0;-28.590602;-50.754878;Segura;Sul;1 Trimestre
667005;2025.0;n;3.0;2025-03-13;ES;262;31,4;DOMINGOS MARTINS;Faixas de trânsito com largura insuficiente;Com Vítimas Feridas;3;Céu Claro;Pleno dia;quinta-feira;Colisão frontal;Simples;0;0;-20,37905602;-40,57387937;Segura;Sudeste;1 Trimestre
655714;2025.0;n;1.0;2025-01-17;TO;153;798,8;TALISMA;Ausência de reação do condutor;Com Vítimas Feridas;2;Nublado;Anoitecer;sexta-feira;Saída de leito carroçável;Simples;0;0;-12,79876213;-49,09430239;Segura;Norte;1 Trimestre
626861;2024.0;n;9.0;2024-09-09;PR;163;184;SANTA TEREZA DO OESTE;Reação tardia ou ineficiente do condutor;Com Vítimas Feridas;3;Céu Claro;Amanhecer;segunda-feira;Colisão traseira;Dupla;0;0;-25.14321919;-53.58795779;Segura;Sul;3 Trimestre
598908;2024.0;n;5.0;2024-05-07;PA;163;539,7;TRAIRAO;Demais falhas mecânicas ou elétricas;Sem Vítimas;4;Nublado;Pleno dia;terça-feira;Incêndio;Simples;0;0;-5.26695606;-56.03643007;Segura;Norte;2 Trimestre
687039;2025.0;n;4.0;2025-04-24;MG;381;597,3;CARMOPOLIS DE MINAS;Condutor usando celular;Com Vítimas Feridas;2;Nublado;Pleno dia;quinta-feira;Saída de leito carroçável;Dupla;0;0;-20,55499148;-44,66134608;Segura;Sudeste;2 Trimestre
629940;2024.0;n;9.0;2024-09-22;RS;386;437;NOVA SANTA RITA;Ingestão de álcool pelo condutor;Sem Vítimas;2;Céu Claro;Plena Noite;domingo;Saída de leito carroçável;Múltipla;0;0;-29.85945022;-51.25950336;Segura;Sul;3 Trimestre
655187;2025.0;n;1.0;2025-01-15;SP;116;224;GUARULHOS;Problema com o freio;Com Vítimas Feridas;4;Sol;Pleno dia;quarta-feira;Engavetamento;Múltipla;0;0;-23,48071896;-46,53271603;Segura;Sudeste;1 Trimestre
610604;2024.0;n;6.0;2024-06-28;PR;116;89;PIRAQUARA;Ausência de reação do condutor;Com Vítimas Feridas;4;Céu Claro;Pleno dia;sexta-feira;Colisão traseira;Dupla;0;0;-25.45428705;-49.08817119;Segura;Sul;2 Trimestre
586146;2024.0;n;3.0;2024-03-09;RO;364;515,3;ARIQUEMES;Acessar a via sem observar a presença dos outros veículos;Com Vítimas Feridas;5;Céu Claro;Pleno dia;sábado;Colisão transversal;Simples;0;0;-9.92497302;-63.05491046;Segura;Norte;1 Trimestre
685794;2025.0;y;4.0;2025-04-18;RS;153;396;CACHOEIRA DO SUL;Ausência de reação do condutor;Com Vítimas Feridas;3;Céu Claro;Pleno dia;sexta-feira;Colisão frontal;Simples;0;3;-29,8566442;-52,96315259;Perigosa;Sul;2 Trimestre
622756;2024.0;n;8.0;2024-08-21;RJ;40;105;DUQUE DE CAXIAS;Pedestre cruzava a pista fora da faixa;Com Vítimas Feridas;2;Céu Claro;Pleno dia;quarta-feira;Atropelamento de Pedestre;Simples;0;1;-22.63784806;-43.28428824;Perigosa;Sudeste;3 Trimestre
615259;2024.0;n;7.0;2024-07-18;GO;452;21;RIO VERDE;Ultrapassagem Indevida;Com Vítimas Feridas;10;Céu Claro;Pleno dia;quinta-feira;Colisão com objeto;Simples;0;0;-17.87416193;-50.72575996;Segura;Centro-Oeste;3 Trimestre
658158;2025.0;n;1.0;2025-01-30;PR;373;227,9;IMBITUVA;Reação tardia ou ineficiente do condutor;Com Vítimas Feridas;2;Céu Claro;Plena Noite;quinta-feira;Saída de leito carroçável;Simples;0;0;-25,17459823;-50,63931587;Segura;Sul;1 Trimestre
686399;2025.0;y;4.0;2025-04-21;GO;20;208,7;POSSE;Estacionar ou parar em local proibido;Com Vítimas Feridas;5;Céu Claro;Pleno dia;segunda-feira;Colisão traseira;Simples;0;0;-14,2;-46,3;Segura;Centro-Oeste;2 Trimestre
574339;2024.0;n;1.0;2024-01-13;RS;290;113,7;ELDORADO DO SUL;Ausência de reação do condutor;Com Vítimas Feridas;5;Céu Claro;Plena Noite;sábado;Colisão lateral sentido oposto;Simples;0;0;-30.043636;-51.337456;Segura;Sul;1 Trimestre
617589;2024.0;n;7.0;2024-07-29;MG;381;505;BETIM;Animais na Pista;Com Vítimas Feridas;3;Céu Claro;Plena Noite;segunda-feira;Atropelamento de Animal;Dupla;0;0;-20.04478441;-44.27276484;Segura;Sudeste;3 Trimestre
628793;2024.0;n;9.0;2024-09-17;MG;116;358;FREI INOCENCIO;Reação tardia ou ineficiente do condutor;Com Vítimas Feridas;2;Nublado;Pleno dia;terça-feira;Colisão traseira;Simples;0;0;-18.44604914;-41.84297392;Segura;Sudeste;3 Trimestre
652750;2025.0;n;1.0;2025-01-02;PE;232;16;JABOATAO DOS GUARARAPES;Acessar a via sem observar a presença dos outros veículos;Com Vítimas Feridas;2;Céu Claro;Pleno dia;quinta-feira;Colisão traseira;Dupla;0;0;-8,09414193;-35,03716601;Segura;Nordeste;1 Trimestre
613100;2024.0;n;7.0;2024-07-08;RJ;116;191;NOVA IGUACU;Acesso irregular;Com Vítimas Feridas;2;Céu Claro;Plena Noite;segunda-feira;Atropelamento de Pedestre;Dupla;0;1;-22.74421443;-43.509822;Perigosa;Sudeste;3 Trimestre
672426;2025.0;n;4.0;2025-04-08;ES;101;290;CARIACICA;Demais falhas mecânicas ou elétricas;Sem Vítimas;1;Céu Claro;Plena Noite;terça-feira;Incêndio;Dupla;0;0;-20,287047;-40,392323;Segura;Sudeste;2 Trimestre
667358;2025.0;n;3.0;2025-03-15;SP;153;281,3;OCAUCU;Manobra de mudança de faixa;Com Vítimas Feridas;3;Céu Claro;Pleno dia;sábado;Colisão lateral mesmo sentido;Simples;0;0;-22,428838;-49,8592711;Segura;Sudeste;1 Trimestre
578304;2024.0;n;2.0;2024-02-01;PR;116;19;ANTONINA;Reação tardia ou ineficiente do condutor;Com Vítimas Feridas;2;Céu Claro;Pleno dia;quinta-feira;Colisão traseira;Simples;0;0;-25.103087;-48.72037;Segura;Sul;1 Trimestre
574610;2024.0;n;1.0;2024-01-14;MT;364;383;SANTO ANTONIO DO LEVERGER;Ausência de reação do condutor;Com Vítimas Feridas;4;Céu Claro;Amanhecer;domingo;Colisão traseira;Múltipla;0;0;-15.70214023;-55.82954341;Segura;Centro-Oeste;1 Trimestre
673815;2025.0;n;4.0;2025-04-14;RN;405;16;MOSSORO;Frear bruscamente;Sem Vítimas;2;Céu Claro;Plena Noite;segunda-feira;Colisão traseira;Simples;0;0;-5,21337;-37,492197;Segura;Nordeste;2 Trimestre
590301;2024.0;n;3.0;2024-03-28;GO;153;501,9;GOIANIA;Condutor deixou de manter distância do veículo da frente;Com Vítimas Feridas;3;Nublado;Pleno dia;quinta-feira;Colisão traseira;Múltipla;0;0;-16.72660146;-49.24119473;Segura;Centro-Oeste;1 Trimestre
594638;2024.0;n;4.0;2024-04-18;ES;259;27;COLATINA;Ausência de reação do condutor;Sem Vítimas;2;Nublado;Plena Noite;quinta-feira;Incêndio;Simples;0;0;-19.61117801;-40.49065728;Segura;Sudeste;2 Trimestre
594611;2024.0;n;4.0;2024-04-17;MT;158;707;BARRA DO GARCAS;Manobra de mudança de faixa;Sem Vítimas;3;Céu Claro;Pleno dia;quarta-feira;Tombamento;Simples;0;0;-15.11688707;-52.21024826;Segura;Centro-Oeste;2 Trimestre
652698;2025.0;n;1.0;2025-01-02;RN;304;41;MOSSORO;Acessar a via sem observar a presença dos outros veículos;Com Vítimas Feridas;2;Céu Claro;Pleno dia;quinta-feira;Colisão lateral mesmo sentido;Dupla;0;2;-5,20483515;-37,37615746;Perigosa;Nordeste;1 Trimestre
588908;2024.0;n;3.0;2024-03-22;SC;470;47,7;BLUMENAU;Demais falhas mecânicas ou elétricas;Com Vítimas Feridas;3;Nublado;Plena Noite;sexta-feira;Colisão transversal;Simples;0;0;-26.864044;-49.046516;Segura;Sul;1 Trimestre
664470;2025.0;n;3.0;2025-03-01;RS;392;315;SAO SEPE;Ausência de reação do condutor;Sem Vítimas;1;Céu Claro;Pleno dia;sábado;Saída de leito carroçável;Simples;0;0;-30,029397;-53,681617;Segura;Sul;1 Trimestre
574495;2024.0;n;1.0;2024-01-13;BA;101;161,9;CONCEICAO DO JACUIPE;Ausência de reação do condutor;Com Vítimas Feridas;4;Sol;Pleno dia;sábado;Colisão traseira;Dupla;0;0;-12.35551436;-38.782478;Segura;Nordeste;1 Trimestre
593327;2024.0;n;4.0;2024-04-11;RJ;101;333;RIO DE JANEIRO;Ausência de reação do condutor;Com Vítimas Fatais;3;Céu Claro;Plena Noite;quinta-feira;Colisão traseira;Múltipla;1;0;-22.87827816;-43.21053578;Perigosa;Sudeste;2 Trimestre
660621;2025.0;n;2.0;2025-02-10;RJ;116;147;DUQUE DE CAXIAS;Ausência de reação do condutor;Com Vítimas Feridas;2;Céu Claro;Plena Noite;segunda-feira;Colisão com objeto;Múltipla;0;0;-22,66978425;-43,27286493;Segura;Sudeste;1 Trimestre
670397;2025.0;n;3.0;2025-03-29;BA;116;135;CANUDOS;Demais falhas mecânicas ou elétricas;Sem Vítimas;2;Céu Claro;Pleno dia;sábado;Incêndio;Simples;0;0;-9,79628;-39,1447;Segura;Nordeste;1 Trimestre
663958;2025.0;n;2.0;2025-02-27;PI;343;588,8;FLORIANO;Condutor deixou de manter distância do veículo da frente;Com Vítimas Feridas;4;Céu Claro;Pleno dia;quinta-feira;Colisão lateral mesmo sentido;Simples;0;0;-6,77545283;-43,00797701;Segura;Nordeste;1 Trimestre
594372;2024.0;n;4.0;2024-04-16;BA;324;592;CANDEIAS;Condutor deixou de manter distância do veículo da frente;Com Vítimas Feridas;1;Chuva;Pleno dia;terça-feira;Colisão traseira;Dupla;0;0;-12.69021804;-38.46568118;Segura;Nordeste;2 Trimestre