id;ano;feriado;mes;data_inversa;uf;br;km;municipio;causa_acidente;classificacao_acidente;veiculos;condicao_metereologica;fase_dia;dia_semana;tipo_acidente;tipo_pista;mortos;feridos_graves;latitude;longitude;status;regiao;periodo
668591;2025.0;n;3.0;2025-03-21;RJ;116;196;QUEIMADOS;Acessar a via sem observar a presença dos outros veículos;Com Vítimas Feridas;2;Céu Claro;Pleno dia;sexta-feira;Colisão lateral mesmo sentido;Dupla;0;0;-22,73437496;-43,55559289;Segura;Sudeste;1 Trimestre
605869;2024.0;n;6.0;2024-06-07;DF;80;14;BRASILIA;Ultrapassagem Indevida;Com Vítimas Fatais;3;Céu Claro;Plena Noite;sexta-feira;Colisão frontal;Simples;1;0;-15.7095;-48.199628;Perigosa;Centro-Oeste;2 Trimestre
620684;2024.0;n;8.0;2024-08-12;SP;116;22,3;LAVRINHAS;Velocidade Incompatível;Com Vítimas Feridas;2;Céu Claro;Plena Noite;segunda-feira;Colisão com objeto;Dupla;0;0;-22.58368521;-44.87772952;Segura;Sudeste;3 Trimestre
597406;2024.0;n;4.0;2024-04-30;SC;282;585,4;PINHALZINHO;Manobra de mudança de faixa;Com Vítimas Feridas;2;Céu Claro;Pleno dia;terça-feira;Colisão lateral sentido oposto;Simples;0;0;-26.830591;-53.025528;Segura;Sul;2 Trimestre
606210;2024.0;n;6.0;2024-06-09;TO;226;5;AGUIARNOPOLIS;Ultrapassagem Indevida;Com Vítimas Fatais;4;Céu Claro;Pleno dia;domingo;Colisão lateral sentido oposto;Simples;1;0;-6.570574;-47.501114;Perigosa;Norte;2 Trimestre
612360;2024.0;n;7.0;2024-07-06;MS;163;467,8;CAMPO GRANDE;Transitar na contramão;Com Vítimas Fatais;4;Céu Claro;Plena Noite;sábado;Colisão frontal;Simples;3;0;-20.57406377;-54.56902615;Perigosa;Centro-Oeste;3 Trimestre
686757;2025.0;n;4.0;2025-04-22;GO;60;102,1;GOIANAPOLIS;Acessar a via sem observar a presença dos outros veículos;Com Vítimas Feridas;5;Céu Claro;Anoitecer;terça-feira;Colisão lateral mesmo sentido;Dupla;0;1;-16,40811848;-48,98704503;Perigosa;Centro-Oeste;2 Trimestre
608714;2024.0;n;6.0;2024-06-20;GO;153;661,6;GOIATUBA;Acumulo de areia ou detritos sobre o pavimento;Com Vítimas Feridas;2;Céu Claro;Pleno dia;quinta-feira;Colisão traseira;Simples;0;0;-18.0638;-49.269;Segura;Centro-Oeste;2 Trimestre
581005;2024.0;n;2.0;2024-02-13;PR;277;1;PARANAGUA;Ausência de reação do condutor;Com Vítimas Feridas;3;Nublado;Plena Noite;terça-feira;Colisão traseira;Simples;0;1;-25.568198;-48.615292;Perigosa;Sul;1 Trimestre
623094;2024.0;n;8.0;2024-08-23;PB;230;25;JOAO PESSOA;Avarias e/ou desgaste excessivo no pneu;Com Vítimas Feridas;2;Céu Claro;Pleno dia;sexta-feira;Queda de ocupante de veículo;Dupla;0;0;-7.1707;-34.8684;Segura;Nordeste;3 Trimestre
608849;2024.0;n;6.0;2024-06-20;SP;153;114,7;JOSE BONIFACIO;Ingestão de álcool pelo condutor;Com Vítimas Feridas;4;Céu Claro;Plena Noite;quinta-feira;Colisão traseira;Simples;0;0;-21.12117412;-49.69084075;Segura;Sudeste;2 Trimestre
668651;2025.0;n;3.0;2025-03-21;BA;418;77;NOVA VICOSA;Velocidade Incompatível;Com Vítimas Fatais;5;Chuva;Pleno dia;sexta-feira;Saída de leito carroçável;Simples;3;0;-17,877368;-39,77398;Perigosa;Nordeste;1 Trimestre
625919;2024.0;n;9.0;2024-09-05;BA;116;604;IRAJUBA;Ultrapassagem Indevida;Com Vítimas Feridas;3;Céu Claro;Pleno dia;quinta-feira;Colisão frontal;Simples;0;0;-13.23346504;-40.01732582;Segura;Nordeste;3 Trimestre
659329;2025.0;n;1.0;2025-01-22;MS;262;449;DOIS IRMAOS DO BURITI;Ausência de reação do condutor;Com Vítimas Feridas;4;Céu Claro;Plena Noite;quarta-feira;Colisão traseira;Simples;0;0;-20,54178326;-55,44642492;Segura;Centro-Oeste;1 Trimestre
666825;2025.0;n;3.0;2025-03-12;BA;116;646;JAGUAQUARA;Manobra de mudança de faixa;Com Vítimas Feridas;3;Céu Claro;Anoitecer;quarta-feira;Colisão frontal;Simples;0;1;-13,61104051;-40,0912056;Perigosa;Nordeste;1 Trimestre
623274;2024.0;n;8.0;2024-08-24;ES;101;297;CARIACICA;Reação tardia ou ineficiente do condutor;Sem Vítimas;2;Céu Claro;Pleno dia;sábado;Colisão traseira;Dupla;0;0;-20.34529844;-40.41026774;Segura;Sudeste;3 Trimestre
572401;2024.0;n;1.0;2024-01-03;MA;135;4;SAO LUIS;Acessar a via sem observar a presença dos outros veículos;Com Vítimas Feridas;2;Nublado;Pleno dia;quarta-feira;Colisão transversal;Dupla;0;1;-2.61424881;-44.25257023;Perigosa;Nordeste;1 Trimestre
579691;2024.0;n;2.0;2024-02-07;MG;116;2;DIVISA ALEGRE;Acesso irregular;Com Vítimas Feridas;3;Nublado;Plena Noite;quarta-feira;Colisão frontal;Simples;0;1;-15.717818;-41.340694;Perigosa;Sudeste;1 Trimestre
606872;2024.0;n;6.0;2024-06-12;PR;116;69,5;QUATRO BARRAS;Neblina;Com Vítimas Fatais;2;Nevoeiro/Neblina;Plena Noite;quarta-feira;Colisão traseira;Dupla;1;0;-25.33112288;-49.03156015;Perigosa;Sul;2 Trimestre
600502;2024.0;n;5.0;2024-05-14;ES;101;166;LINHARES;Condutor deixou de manter distância do veículo da frente;Com Vítimas Fatais;6;Céu Claro;Pleno dia;terça-feira;Engavetamento;Simples;1;0;-19.52077663;-40.14566638;Perigosa;Sudeste;2 Trimestre
612041;2024.0;n;7.0;2024-07-04;SC;101;415;ARARANGUA;Acessar a via sem observar a presença dos outros veículos;Com Vítimas Feridas;4;Céu Claro;Plena Noite;quinta-feira;Tombamento;Múltipla;0;0;-28.96774842;-49.52382445;Segura;Sul;3 Trimestre
669076;2025.0;n;3.0;2025-03-23;MG;40;235;SAO GONCALO DO ABAETE;Chuva;Com Vítimas Feridas;2;Chuva;Pleno dia;domingo;Saída de leito carroçável;Simples;0;1;-18,02738363;-45,53472519;Perigosa;Sudeste;1 Trimestre
609212;2024.0;n;6.0;2024-06-22;RN;406;122,1;TAIPU;Ausência de reação do condutor;Com Vítimas Feridas;2;Céu Claro;Pleno dia;sábado;Colisão lateral mesmo sentido;Simples;0;3;-5.58902879;-35.65036593;Perigosa;Nordeste;2 Trimestre
601098;2024.0;n;5.0;2024-05-17;PR;376;525;PONTA GROSSA;Ingestão de álcool pelo condutor;Sem Vítimas;3;Sol;Pleno dia;sexta-feira;Colisão traseira;Dupla;0;0;-25.31565784;-49.87766188;Segura;Sul;2 Trimestre
611884;2024.0;n;7.0;2024-07-04;SC;470;81,9;RODEIO;Velocidade Incompatível;Com Vítimas Feridas;2;Céu Claro;Plena Noite;quinta-feira;Tombamento;Simples;0;0;-26.95900448;-49.32496548;Segura;Sul;3 Trimestre
576175;2024.0;n;1.0;2024-01-21;PB;230;27,9;JOAO PESSOA;Manobra de mudança de faixa;Com Vítimas Feridas;3;Céu Claro;Pleno dia;domingo;Colisão lateral mesmo sentido;Múltipla;0;0;-7.165318;-34.898401;Segura;Nordeste;1 Trimestre
588170;2024.0;n;3.0;2024-03-18;RS;116;236,5;ESTANCIA VELHA;Reação tardia ou ineficiente do condutor;Sem Vítimas;2;Céu Claro;Pleno dia;segunda-feira;Colisão traseira;Dupla;0;0;-29.66938502;-51.14304731;Segura;Sul;1 Trimestre
584064;2024.0;n;2.0;2024-02-29;RS;290;193;RIO PARDO;Demais falhas mecânicas ou elétricas;Sem Vítimas;4;Nublado;Pleno dia;quinta-feira;Colisão lateral sentido oposto;Simples;0;0;-30.17095327;-52.21286774;Segura;Sul;1 Trimestre
672528;2025.0;n;4.0;2025-04-09;MT;163;799;VERA;Avarias e/ou desgaste excessivo no pneu;Com Vítimas Feridas;3;Chuva;Pleno dia;quarta-feira;Colisão lateral sentido oposto;Simples;0;0;-12,17371;-55,52196;Segura;Centro-Oeste;2 Trimestre
672943;2025.0;n;4.0;2025-04-11;SC;101;44,2;JOINVILLE;Chuva;Sem Vítimas;2;Chuva;Pleno dia;sexta-feira;Colisão traseira;Dupla;0;0;-26,1903084;-48,9121458;Segura;Sul;2 Trimestre
652533;2025.0;y;1.0;2025-01-01;MA;135;33;BACABEIRA;Ausência de reação do condutor;Sem Vítimas;2;Céu Claro;Pleno dia;quarta-feira;Saída de leito carroçável;Dupla;0;0;-2,83108301;-44,3745066;Segura;Nordeste;1 Trimestre
688099;2025.0;n;4.0;2025-04-29;SC;101;114;ITAJAI;Trafegar com motocicleta (ou similar) entre as faixas;Com Vítimas Feridas;2;Céu Claro;Anoitecer;terça-feira;Tombamento;Dupla;0;0;-26,86856373;-48,73003006;Segura;Sul;2 Trimestre
620106;2024.0;n;8.0;2024-08-09;MG;381;362;SAO GONCALO DO RIO ABAIXO;Ausência de reação do condutor;Sem Vítimas;4;Céu Claro;Pleno dia;sexta-feira;Colisão traseira;Simples;0;0;-19.85643939;-43.24280693;Segura;Sudeste;3 Trimestre
668715;2025.0;n;3.0;2025-03-21;AL;101;138;SAO MIGUEL DOS CAMPOS;Ingestão de álcool pelo condutor;Sem Vítimas;3;Céu Claro;Plena Noite;sexta-feira;Colisão lateral mesmo sentido;Simples;0;0;-9,80096639;-36,11163501;Segura;Nordeste;1 Trimestre
662030;2025.0;n;2.0;2025-02-17;AL;101;190;JUNQUEIRO;Ingestão de álcool pelo condutor;Sem Vítimas;3;Céu Claro;Pleno dia;segunda-feira;Colisão transversal;Simples;0;0;-9,92466195;-36,47137449;Segura;Nordeste;1 Trimestre
662076;2025.0;n;2.0;2025-02-17;MT;163;619;NOVA MUTUM;Reação tardia ou ineficiente do condutor;Com Vítimas Feridas;3;Céu Claro;Anoitecer;segunda-feira;Saída de leito carroçável;Simples;0;0;-13,634026;-56,034512;Segura;Centro-Oeste;1 Trimestre
663318;2025.0;n;2.0;2025-02-24;PR;376;308,2;ORTIGUEIRA;Velocidade Incompatível;Com Vítimas Feridas;2;Sol;Amanhecer;segunda-feira;Tombamento;Dupla;0;1;-23,9511751;-51,11844063;Perigosa;Sul;1 Trimestre
608184;2024.0;n;6.0;2024-06-17;MG;262;548;LUZ;Condutor deixou de manter distância do veículo da frente;Sem Vítimas;3;Céu Claro;Pleno dia;segunda-feira;Colisão traseira;Simples;0;0;-19.73163489;-45.8631039;Segura;Sudeste;2 Trimestre
670006;2025.0;n;3.0;2025-03-28;TO;153;574;SANTA RITA DO TOCANTINS;Transitar na contramão;Com Vítimas Feridas;2;Céu Claro;Plena Noite;sexta-feira;Colisão frontal;Simples;0;0;-10,86342471;-48,9057122;Segura;Norte;1 Trimestre
611431;2024.0;n;7.0;2024-07-02;SC;101;401,6;MARACAJA;Velocidade Incompatível;Com Vítimas Fatais;4;Nevoeiro/Neblina;Amanhecer;terça-feira;Colisão traseira;Múltipla;1;0;-28.8766775;-49.4564418;Perigosa;Sul;3 Trimestre
628893;2024.0;n;9.0;2024-09-18;MG;365;460;PATROCINIO;Demais falhas mecânicas ou elétricas;Sem Vítimas;2;Céu Claro;Amanhecer;quarta-feira;Incêndio;Simples;0;0;-18.87589421;-46.91028685;Segura;Sudeste;3 Trimestre
657892;2025.0;n;1.0;2025-01-28;PR;376;614;SAO JOSE DOS PINHAIS;Velocidade Incompatível;Sem Vítimas;2;Céu Claro;Pleno dia;terça-feira;Saída de leito carroçável;Simples;0;0;-25,56746628;-49,18078065;Segura;Sul;1 Trimestre
657704;2025.0;n;1.0;2025-01-27;RS;158;444,7;ROSARIO DO SUL;Velocidade Incompatível;Com Vítimas Feridas;2;Céu Claro;Pleno dia;segunda-feira;Tombamento;Simples;0;0;-30,22973447;-54,7298776;Segura;Sul;1 Trimestre
580020;2024.0;n;2.0;2024-02-09;MG;381;908,8;CAMBUI;Retorno proibido;Com Vítimas Feridas;2;Sol;Pleno dia;sexta-feira;Colisão transversal;Dupla;0;1;-22.71744092;-46.12652111;Perigosa;Sudeste;1 Trimestre
591285;2024.0;n;4.0;2024-04-01;MG;40;320,6;TRES MARIAS;Velocidade Incompatível;Com Vítimas Feridas;2;Céu Claro;Plena Noite;segunda-feira;Tombamento;Simples;0;0;-18.51992012;-45.07606745;Segura;Sudeste;2 Trimestre
627024;2024.0;n;9.0;2024-09-09;PR;158;528,9;PATO BRANCO;Mal súbito do condutor;Com Vítimas Feridas;2;Céu Claro;Plena Noite;segunda-feira;Saída de leito carroçável;Simples;0;0;-26.17852896;-52.66276667;Segura;Sul;3 Trimestre
603890;2024.0;n;5.0;2024-05-29;MG;116;4,1;DIVISA ALEGRE;Pedestre andava na pista;Com Vítimas Fatais;3;Céu Claro;Plena Noite;quarta-feira;Atropelamento de Pedestre;Simples;1;0;-15.73455515;-41.34083437;Perigosa;Sudeste;2 Trimestre
599483;2024.0;n;5.0;2024-05-10;SE;101;66;ROSARIO DO CATETE;Ultrapassagem Indevida;Com Vítimas Feridas;2;Sol;Pleno dia;sexta-feira;Colisão frontal;Simples;0;2;-10.71207086;-37.05954216;Perigosa;Nordeste;2 Trimestre
591886;2024.0;n;4.0;2024-04-05;PR;277;583,6;CASCAVEL;Manobra de mudança de faixa;Com Vítimas Feridas;5;Céu Claro;Pleno dia;sexta-feira;Colisão lateral mesmo sentido;Dupla;0;0;-24.97165493;-53.39428595;Segura;Sul;2 Trimestre
613230;2024.0;n;7.0;2024-07-09;MT;163;846;SINOP;Acessar a via sem observar a presença dos outros veículos;Com Vítimas Feridas;4;Céu Claro;Pleno dia;terça-feira;Colisão transversal;Simples;0;1;-11.76168747;-55.46931839;Perigosa;Centro-Oeste;3 Trimestre
588913;2024.0;n;3.0;2024-03-22;BA;116;656,9;JEQUIE;Ingestão de álcool pelo condutor;Sem Vítimas;2;Céu Claro;Plena Noite;sexta-feira;Colisão lateral sentido oposto;Simples;0;0;-13.66414221;-40.09537258;Segura;Nordeste;1 Trimestre
664356;2025.0;n;2.0;2025-02-28;ES;101;391,1;RIO NOVO DO SUL;Ausência de reação do condutor;Com Vítimas Feridas;2;Céu Claro;Plena Noite;sexta-feira;Tombamento;Simples;0;1;-20,86507;-40,89711;Perigosa;Sudeste;1 Trimestre
605609;2024.0;n;6.0;2024-06-06;MG;40;790;JUIZ DE FORA;Reação tardia ou ineficiente do condutor;Com Vítimas Feridas;5;Céu Claro;Plena Noite;quinta-feira;Capotamento;Dupla;0;0;-21.77130707;-43.43618608;Segura;Sudeste;2 Trimestre
667377;2025.0;n;3.0;2025-03-15;RJ;393;268;BARRA DO PIRAI;Acessar a via sem observar a presença dos outros veículos;Com Vítimas Feridas;3;Nublado;Pleno dia;sábado;Colisão transversal;Simples;0;1;-22,47671322;-43,94389629;Perigosa;Sudeste;1 Trimestre
588363;2024.0;n;3.0;2024-03-19;MG;381;770,3;CAMPANHA;Reação tardia ou ineficiente do condutor;Com Vítimas Fatais;4;Céu Claro;Pleno dia;terça-feira;Colisão traseira;Dupla;1;0;-21.78806301;-45.439064;Perigosa;Sudeste;1 Trimestre
598484;2024.0;n;5.0;2024-05-05;PR;163;140,4;CAPITAO LEONIDAS MARQUES;Velocidade Incompatível;Sem Vítimas;4;Céu Claro;Pleno dia;domingo;Colisão com objeto;Simples;0;0;-25.49765306;-53.59938318;Segura;Sul;2 Trimestre
664639;2025.0;n;3.0;2025-03-02;SP;116;219;GUARULHOS;Ingestão de álcool pelo condutor;Sem Vítimas;3;Céu Claro;Plena Noite;domingo;Colisão traseira;Múltipla;0;0;-23,46411686;-46,49726808;Segura;Sudeste;1 Trimestre
673173;2025.0;n;4.0;2025-04-12;SC;280;7,6;SAO FRANCISCO DO SUL;Acessar a via sem observar a presença dos outros veículos;Com Vítimas Feridas;2;Nublado;Pleno dia;sábado;Colisão lateral mesmo sentido;Simples;0;1;-26,27648468;-48,64504695;Perigosa;Sul;2 Trimestre
627521;2024.0;n;9.0;2024-09-12;BA;101;262;SANTO ANTONIO DE JESUS;Condutor deixou de manter distância do veículo da frente;Com Vítimas Feridas;4;Chuva;Pleno dia;quinta-feira;Colisão traseira;Simples;0;0;-13.0815032;-39.27559444;Segura;Nordeste;3 Trimestre
665515;2025.0;n;3.0;2025-03-06;SP;116;157;SAO JOSE DOS CAMPOS;Reação tardia ou ineficiente do condutor;Com Vítimas Feridas;2;Céu Claro;Pleno dia;quinta-feira;Colisão com objeto;Dupla;0;0;-23,25511507;-45,94335359;Segura;Sudeste;1 Trimestre
623077;2024.0;n;8.0;2024-08-23;PA;316;150,7;CAPANEMA;Desrespeitar a preferência no cruzamento;Com Vítimas Fatais;4;Céu Claro;Pleno dia;sexta-feira;Colisão transversal;Dupla;1;0;-1.212467;-47.184642;Perigosa;Norte;3 Trimestre
580681;2024.0;n;2.0;2024-02-11;RJ;101;175;MACAE;Velocidade Incompatível;Com Vítimas Fatais;2;Céu Claro;Plena Noite;domingo;Colisão frontal;Simples;1;0;-22.37846293;-41.96901206;Perigosa;Sudeste;1 Trimestre
608853;2024.0;n;6.0;2024-06-20;SC;101;158;TIJUCAS;Animais na Pista;Com Vítimas Feridas;3;Nublado;Plena Noite;quinta-feira;Atropelamento de Animal;Dupla;0;0;-27.19096301;-48.61259017;Segura;Sul;2 Trimestre
661144;2025.0;n;2.0;2025-02-13;SC;101;35,4;JOINVILLE;Reação tardia ou ineficiente do condutor;Com Vítimas Feridas;3;Chuva;Pleno dia;quinta-feira;Engavetamento;Dupla;0;0;-26,271198;-48,894674;Segura;Sul;1 Trimestre
612368;2024.0;n;7.0;2024-07-06;PB;230;174;CAMPINA GRANDE;Reação tardia ou ineficiente do condutor;Com Vítimas Feridas;2;Garoa/Chuvisco;Plena Noite;sábado;Tombamento;Simples;0;0;-7.1794;-36.0164;Segura;Nordeste;3 Trimestre
584307;2024.0;n;3.0;2024-03-01;PR;376;616,9;SAO JOSE DOS PINHAIS;Reação tardia ou ineficiente do condutor;Com Vítimas Feridas;3;Céu Claro;Plena Noite;sexta-feira;Tombamento;Dupla;0;1;-25.57583659;-49.17953679;Perigosa;Sul;1 Trimestre
653162;2025.0;n;1.0;2025-01-04;PR;373;276;PRUDENTOPOLIS;Reação tardia ou ineficiente do condutor;Sem Vítimas;1;Céu Claro;Pleno dia;sábado;Saída de leito carroçável;Simples;0;0;-25,25754888;-51,07658207;Segura;Sul;1 Trimestre
626037;2024.0;n;9.0;2024-09-05;SC;101;31;JOINVILLE;Manobra de mudança de faixa;Com Vítimas Feridas;5;Nublado;Plena Noite;quinta-feira;Colisão lateral mesmo sentido;Dupla;0;0;-26.22195899;-48.91634925;Segura;Sul;3 Trimestre
615425;2024.0;n;7.0;2024-07-19;GO;153;118;SANTA TEREZA DE GOIAS;Reação tardia ou ineficiente do condutor;Com Vítimas Feridas;2;Céu Claro;Pleno dia;sexta-feira;Colisão traseira;Simples;0;0;-13.8053;-49.03791;Segura;Centro-Oeste;3 Trimestre
602208;2024.0;n;5.0;2024-05-22;SC;470;89,5;ASCURRA;Acessar a via sem observar a presença dos outros veículos;Com Vítimas Feridas;3;Céu Claro;Pleno dia;quarta-feira;Colisão transversal;Simples;0;0;-26.961573;-49.371918;Segura;Sul;2 Trimestre
662091;2025.0;n;2.0;2025-02-17;SC;282;117,9;ALFREDO WAGNER;Velocidade Incompatível;Com Vítimas Fatais;4;Chuva;Pleno dia;segunda-feira;Colisão frontal;Simples;1;1;-27,7770576;-49,4115229;Perigosa;Sul;1 Trimestre
601742;2024.0;n;5.0;2024-05-19;MG;50;183;UBERABA;Objeto estático sobre o leito carroçável;Com Vítimas Feridas;3;Céu Claro;Plena Noite;domingo;Eventos atípicos;Dupla;0;1;-19.81144569;-47.89850235;Perigosa;Sudeste;2 Trimestre
597325;2024.0;n;4.0;2024-04-29;BA;116;320;ARACI;Pedestre andava na pista;Com Vítimas Fatais;3;Nublado;Plena Noite;segunda-feira;Atropelamento de Pedestre;Simples;1;0;-11.33102397;-38.95406505;Perigosa;Nordeste;2 Trimestre
596453;2024.0;n;4.0;2024-04-26;PA;316;271,9;CACHOEIRA DO PIRIA;Acessar a via sem observar a presença dos outros veículos;Com Vítimas Feridas;3;Céu Claro;Pleno dia;sexta-feira;Colisão traseira;Simples;0;1;-1.81592182;-46.33982613;Perigosa;Norte;2 Trimestre
577149;2024.0;n;1.0;2024-01-26;MG;40;825;SIMAO PEREIRA;Velocidade Incompatível;Com Vítimas Feridas;2;Nublado;Pleno dia;sexta-feira;Tombamento;Simples;0;0;-21.9735272;-43.28541842;Segura;Sudeste;1 Trimestre
596412;2024.0;n;4.0;2024-04-26;RS;116;266;CANOAS;Ausência de reação do condutor;Com Vítimas Feridas;2;Chuva;Pleno dia;sexta-feira;Colisão traseira;Dupla;0;0;-29.93242399;-51.17742077;Segura;Sul;2 Trimestre
580179;2024.0;n;2.0;2024-02-06;RJ;101;328;RIO DE JANEIRO;Ausência de reação do condutor;Com Vítimas Feridas;2;Céu Claro;Plena Noite;terça-feira;Colisão traseira;Múltipla;0;0;-22.87028692;-43.16579699;Segura;Sudeste;1 Trimestre
604793;2024.0;n;6.0;2024-06-02;GO;60;132;GOIANIA;Demais falhas mecânicas ou elétricas;Sem Vítimas;2;Céu Claro;Plena Noite;domingo;Incêndio;Dupla;0;0;-16.581;-49.168;Segura;Centro-Oeste;2 Trimestre
687181;2025.0;n;4.0;2025-04-25;SC;282;111,7;ALFREDO WAGNER;Curva acentuada;Com Vítimas Feridas;4;Céu Claro;Pleno dia;sexta-feira;Colisão lateral sentido oposto;Simples;0;2;-27,733783;-49,374037;Perigosa;Sul;2 Trimestre
610145;2024.0;n;6.0;2024-06-26;PR;376;407,7;TIBAGI;Reação tardia ou ineficiente do condutor;Com Vítimas Feridas;3;Céu Claro;Pleno dia;quarta-feira;Colisão lateral mesmo sentido;Dupla;0;0;-24.60320973;-50.66396445;Segura;Sul;2 Trimestre
685830;2025.0;y;4.0;2025-04-18;RS;287;403;SANTIAGO;Ingestão de álcool pelo condutor;Com Vítimas Feridas;2;Céu Claro;Pleno dia;sexta-feira;Saída de leito carroçável;Simples;0;0;-29,14890395;-54,88609221;Segura;Sul;2 Trimestre
587533;2024.0;n;3.0;2024-03-15;GO;20;192;POSSE;Ausência de reação do condutor;Sem Vítimas;2;Nublado;Plena Noite;sexta-feira;Colisão traseira;Simples;0;0;-14.381867;-46.446095;Segura;Centro-Oeste;1 Trimestre
668479;2025.0;n;3.0;2025-03-20;MG;40;528;CONTAGEM;Ausência de reação do condutor;Com Vítimas Feridas;2;Chuva;Pleno dia;quinta-feira;Colisão traseira;Dupla;0;0;-19,91596216;-44,03982544;Segura;Sudeste;1 Trimestre
687400;2025.0;n;4.0;2025-04-25;MT;163;603;NOVA MUTUM;Retorno proibido;Com Vítimas Feridas;5;Céu Claro;Plena Noite;sexta-feira;Colisão transversal;Simples;0;0;-13,78774612;-56,06374026;Segura;Centro-Oeste;2 Trimestre
665989;2025.0;n;3.0;2025-03-08;BA;101;385;IBIRAPITANGA;Velocidade Incompatível;Com Vítimas Fatais;1;Céu Claro;Pleno dia;sábado;Capotamento;Simples;1;0;-13,908873;-39,480525;Perigosa;Nordeste;1 Trimestre
620185;2024.0;n;8.0;2024-08-09;ES;101;350,7;ANCHIETA;Transitar na contramão;Com Vítimas Fatais;4;Céu Claro;Plena Noite;sexta-feira;Colisão frontal;Simples;1;0;-20.65985684;-40.64894709;Perigosa;Sudeste;3 Trimestre
588567;2024.0;n;3.0;2024-03-20;ES;101;299;VIANA;Condutor deixou de manter distância do veículo da frente;Com Vítimas Feridas;4;Céu Claro;Pleno dia;quarta-feira;Engavetamento;Dupla;0;0;-20.35860628;-40.42327504;Segura;Sudeste;1 Trimestre
576566;2024.0;n;1.0;2024-01-23;SC;101;215,8;PALHOCA;Condutor deixou de manter distância do veículo da frente;Com Vítimas Feridas;2;Nublado;Pleno dia;terça-feira;Colisão traseira;Múltipla;0;1;-27.65184843;-48.67604941;Perigosa;Sul;1 Trimestre
673869;2025.0;n;4.0;2025-04-15;PB;230;36;SANTA RITA;Condutor Dormindo;Com Vítimas Feridas;3;Céu Claro;Pleno dia;terça-feira;Colisão traseira;Dupla;0;0;-7,12534131;-34,94817311;Segura;Nordeste;2 Trimestre
620512;2024.0;n;8.0;2024-08-11;PE;232;62,3;POMBOS;Pedestre andava na pista;Com Vítimas Feridas;4;Céu Claro;Pleno dia;domingo;Colisão traseira;Dupla;0;0;-8.15598579;-35.42308007;Segura;Nordeste;3 Trimestre
611261;2024.0;n;7.0;2024-07-01;PR;277;585,7;CASCAVEL;Retorno proibido;Com Vítimas Feridas;3;Céu Claro;Pleno dia;segunda-feira;Colisão transversal;Simples;0;6;-24.96419488;-53.41964722;Perigosa;Sul;3 Trimestre
673752;2025.0;n;4.0;2025-04-14;BA;116;735;BOA NOVA;Velocidade Incompatível;Com Vítimas Feridas;2;Céu Claro;Plena Noite;segunda-feira;Tombamento;Simples;0;1;-14,351097;-40,334098;Perigosa;Nordeste;2 Trimestre
614592;2024.0;n;7.0;2024-07-15;MG;40;40;PARACATU;Transitar na contramão;Com Vítimas Feridas;2;Céu Claro;Pleno dia;segunda-feira;Colisão frontal;Simples;0;1;-17.21013894;-46.88089301;Perigosa;Sudeste;3 Trimestre
575639;2024.0;n;1.0;2024-01-18;MG;365;333;JOAO PINHEIRO;Ultrapassagem Indevida;Com Vítimas Fatais;5;Nublado;Anoitecer;quinta-feira;Colisão frontal;Simples;2;0;-18.3152;-45.9729;Perigosa;Sudeste;1 Trimestre
594715;2024.0;n;4.0;2024-04-18;SP;116;152;SAO JOSE DOS CAMPOS;Reação tardia ou ineficiente do condutor;Com Vítimas Feridas;2;Nublado;Pleno dia;quinta-feira;Tombamento;Dupla;0;0;-23.22620401;-45.90682999;Segura;Sudeste;2 Trimestre
587574;2024.0;n;3.0;2024-03-16;MG;381;378;SAO GONCALO DO RIO ABAIXO;Velocidade Incompatível;Com Vítimas Feridas;3;Céu Claro;Plena Noite;sábado;Colisão lateral sentido oposto;Simples;0;0;-19.83376284;-43.36060015;Segura;Sudeste;1 Trimestre
623674;2024.0;n;8.0;2024-08-26;MG;40;637,9;CONSELHEIRO LAFAIETE;Estacionar ou parar em local proibido;Com Vítimas Feridas;2;Céu Claro;Plena Noite;segunda-feira;Colisão transversal;Simples;0;0;-20.7152208;-43.79625842;Segura;Sudeste;3 Trimestre
572336;2024.0;n;1.0;2024-01-03;SC;101;209,8;SAO JOSE;Manobra de mudança de faixa;Com Vítimas Feridas;3;Nublado;Pleno dia;quarta-feira;Colisão lateral mesmo sentido;Múltipla;0;0;-27.61000542;-48.63895057;Segura;Sul;1 Trimestre
593620;2024.0;n;4.0;2024-04-12;MA;10;270;IMPERATRIZ;Condutor deixou de manter distância do veículo da frente;Com Vítimas Feridas;2;Céu Claro;Plena Noite;sexta-feira;Colisão traseira;Simples;0;1;-5.373673;-47.478401;Perigosa;Nordeste;2 Trimestre
582019;2024.0;n;2.0;2024-02-19;SC;282;526;XAXIM;Condutor usando celular;Com Vítimas Feridas;3;Chuva;Pleno dia;segunda-feira;Colisão frontal;Simples;0;1;-26.96869198;-52.57369252;Perigosa;Sul;1 Trimestre
621547;2024.0;n;8.0;2024-08-16;PI;316;98;BARRO DURO;Transitar na contramão;Com Vítimas Fatais;3;Céu Claro;Pleno dia;sexta-feira;Colisão frontal;Simples;1;0;-5.82615973;-42.500555;Perigosa;Nordeste;3 Trimestre
617841;2024.0;n;7.0;2024-07-30;SC;101;41,9;JOINVILLE;Manobra de mudança de faixa;Com Vítimas Feridas;4;Nublado;Pleno dia;terça-feira;Colisão lateral mesmo sentido;Dupla;0;0;-26.29251598;-48.88474385;Segura;Sul;3 Trimestre