id;ano;feriado;mes;data_inversa;uf;br;km;municipio;causa_acidente;classificacao_acidente;veiculos;condicao_metereologica;fase_dia;dia_semana;tipo_acidente;tipo_pista;mortos;feridos_graves;latitude;longitude;status;regiao;periodo
606504;2024.0;n;6.0;2024-06-04;RN;101;112;PARNAMIRIM;Manobra de mudança de faixa;Sem Vítimas;2;Céu Claro;Pleno dia;terça-feira;Colisão lateral mesmo sentido;Múltipla;0;0;-5.96429;-35.264877;Segura;Nordeste;2 Trimestre
653179;2025.0;n;1.0;2025-01-04;MA;316;406,5;ALTO ALEGRE DO MARANHAO;Chuva;Com Vítimas Feridas;1;Chuva;Pleno dia;sábado;Saída de leito carroçável;Simples;0;0;-4,24808;-44,435707;Segura;Nordeste;1 Trimestre
592274;2024.0;n;4.0;2024-04-06;RO;364;424;JARU;Acessar a via sem observar a presença dos outros veículos;Com Vítimas Feridas;5;Nublado;Anoitecer;sábado;Colisão lateral mesmo sentido;Simples;0;0;-10.44457274;-62.46568412;Segura;Norte;2 Trimestre
573918;2024.0;n;1.0;2024-01-11;PE;232;9;RECIFE;Ausência de reação do condutor;Com Vítimas Feridas;3;Garoa/Chuvisco;Pleno dia;quinta-feira;Colisão traseira;Dupla;0;0;-8.07764447;-34.97863609;Segura;Nordeste;1 Trimestre
673862;2025.0;n;4.0;2025-04-15;PE;101;91;JABOATAO DOS GUARARAPES;Carga excessiva e/ou mal acondicionada;Com Vítimas Feridas;2;Céu Claro;Pleno dia;terça-feira;Derramamento de carga;Dupla;0;1;-8,224552;-34,993483;Perigosa;Nordeste;2 Trimestre
609809;2024.0;n;6.0;2024-06-24;MT;364;521,1;VARZEA GRANDE;Acesso irregular;Com Vítimas Fatais;3;Céu Claro;Pleno dia;segunda-feira;Colisão transversal;Simples;1;1;-15.670709;-56.179794;Perigosa;Centro-Oeste;2 Trimestre
654826;2025.0;n;1.0;2025-01-13;RO;364;500;ARIQUEMES;Reação tardia ou ineficiente do condutor;Com Vítimas Feridas;1;Garoa/Chuvisco;Amanhecer;segunda-feira;Saída de leito carroçável;Simples;0;0;-10,03031535;-62,98144529;Segura;Norte;1 Trimestre
664493;2025.0;n;3.0;2025-03-01;MG;40;617,2;CONGONHAS;Reação tardia ou ineficiente do condutor;Com Vítimas Feridas;3;Céu Claro;Pleno dia;sábado;Colisão traseira;Simples;0;0;-20,56239609;-43,81204605;Segura;Sudeste;1 Trimestre
607218;2024.0;n;6.0;2024-06-13;MG;50;186;UBERABA;Ausência de reação do condutor;Com Vítimas Feridas;5;Céu Claro;Pleno dia;quinta-feira;Engavetamento;Dupla;0;0;-19.82507776;-47.89035168;Segura;Sudeste;2 Trimestre
585093;2024.0;n;3.0;2024-03-05;CE;222;93;UMIRIM;Condutor Dormindo;Com Vítimas Feridas;3;Nublado;Plena Noite;terça-feira;Colisão lateral sentido oposto;Simples;0;1;-3.69225317;-39.36916962;Perigosa;Nordeste;1 Trimestre
660588;2025.0;n;2.0;2025-02-03;RS;290;175,5;BUTIA;Acessar a via sem observar a presença dos outros veículos;Com Vítimas Feridas;2;Céu Claro;Plena Noite;segunda-feira;Colisão transversal;Dupla;0;1;-30,129343;-51,961823;Perigosa;Sul;1 Trimestre
580098;2024.0;n;2.0;2024-02-09;PA;163;844;PLACAS;Reação tardia ou ineficiente do condutor;Com Vítimas Feridas;3;Chuva;Anoitecer;sexta-feira;Tombamento;Simples;0;0;-3.68577791;-54.82389988;Segura;Norte;1 Trimestre
579216;2024.0;n;2.0;2024-02-05;RS;158;197,7;CRUZ ALTA;Acessar a via sem observar a presença dos outros veículos;Com Vítimas Feridas;2;Céu Claro;Pleno dia;segunda-feira;Colisão transversal;Simples;0;1;-28.65940526;-53.59096461;Perigosa;Sul;1 Trimestre
663997;2025.0;n;2.0;2025-02-27;PE;423;124;PARANATAMA;Ausência de sinalização;Sem Vítimas;2;Garoa/Chuvisco;Pleno dia;quinta-feira;Colisão frontal;Simples;0;0;-8,935895;-36,720685;Segura;Nordeste;1 Trimestre
687223;2025.0;n;4.0;2025-04-16;MG;50;70;UBERLANDIA;Ausência de reação do condutor;Com Vítimas Feridas;2;Nublado;Anoitecer;quarta-feira;Colisão traseira;Dupla;0;0;-18,88676133;-48,26215122;Segura;Sudeste;2 Trimestre
585364;2024.0;n;3.0;2024-03-06;MG;40;109,2;LAGOA GRANDE;Transitar na contramão;Com Vítimas Feridas;3;Céu Claro;Pleno dia;quarta-feira;Colisão frontal;Simples;0;1;-17.63060747;-46.45792007;Perigosa;Sudeste;1 Trimestre
596692;2024.0;n;4.0;2024-04-27;MG;381;486;BETIM;Manobra de mudança de faixa;Sem Vítimas;4;Nublado;Pleno dia;sábado;Colisão lateral mesmo sentido;Dupla;0;0;-19.95644414;-44.13611598;Segura;Sudeste;2 Trimestre
573885;2024.0;n;1.0;2024-01-11;PB;361;75,5;PIANCO;Reação tardia ou ineficiente do condutor;Com Vítimas Feridas;1;Céu Claro;Plena Noite;quinta-feira;Saída de leito carroçável;Simples;0;1;-7.190908;-37.85121;Perigosa;Nordeste;1 Trimestre
593826;2024.0;n;4.0;2024-04-13;BA;116;519;ITATIM;Acessar a via sem observar a presença dos outros veículos;Com Vítimas Fatais;3;Céu Claro;Plena Noite;sábado;Atropelamento de Pedestre;Simples;1;0;-12.68062205;-39.67114397;Perigosa;Nordeste;2 Trimestre
602365;2024.0;n;5.0;2024-05-23;DF;60;3;BRASILIA;Manobra de mudança de faixa;Com Vítimas Feridas;2;Céu Claro;Pleno dia;quinta-feira;Colisão traseira;Dupla;0;0;-15.890521;-48.086864;Segura;Centro-Oeste;2 Trimestre
670735;2025.0;n;3.0;2025-03-31;ES;101;329,8;GUARAPARI;Acessar a via sem observar a presença dos outros veículos;Com Vítimas Feridas;2;Nublado;Pleno dia;segunda-feira;Colisão traseira;Dupla;0;1;-20,59137546;-40,49941236;Perigosa;Sudeste;1 Trimestre
619969;2024.0;n;8.0;2024-08-08;MT;364;239;RONDONOPOLIS;Demais Fenômenos da natureza;Sem Vítimas;2;Céu Claro;Plena Noite;quinta-feira;Incêndio;Dupla;0;0;-16.1876524;-54.78578459;Segura;Centro-Oeste;3 Trimestre
622860;2024.0;n;8.0;2024-08-21;PR;153;143;VENTANIA;Demais falhas mecânicas ou elétricas;Com Vítimas Feridas;1;Céu Claro;Plena Noite;quarta-feira;Incêndio;Simples;0;0;-24.10443105;-50.24661083;Segura;Sul;3 Trimestre
663538;2025.0;n;2.0;2025-02-25;MG;381;754,5;TRES CORACOES;Reação tardia ou ineficiente do condutor;Com Vítimas Feridas;2;Céu Claro;Plena Noite;terça-feira;Saída de leito carroçável;Dupla;0;1;-21,6675385;-45,3198355;Perigosa;Sudeste;1 Trimestre
615311;2024.0;n;7.0;2024-07-03;BA;116;569,6;BREJOES;Velocidade Incompatível;Sem Vítimas;2;Céu Claro;Pleno dia;quarta-feira;Tombamento;Simples;0;0;-13.00012602;-39.95465592;Segura;Nordeste;3 Trimestre
673400;2025.0;n;4.0;2025-04-13;GO;153;440;ANAPOLIS;Mal súbito do condutor;Com Vítimas Feridas;4;Céu Claro;Pleno dia;domingo;Colisão com objeto;Dupla;0;0;-16,329347;-48,922128;Segura;Centro-Oeste;2 Trimestre
580228;2024.0;n;2.0;2024-02-10;PI;343;15;PARNAIBA;Desrespeitar a preferência no cruzamento;Sem Vítimas;2;Chuva;Pleno dia;sábado;Colisão transversal;Dupla;0;0;-2.93659;-41.754936;Segura;Nordeste;1 Trimestre
602364;2024.0;n;5.0;2024-05-23;RS;290;347,8;CACAPAVA DO SUL;Afundamento ou ondulação no pavimento;Com Vítimas Feridas;3;Chuva;Pleno dia;quinta-feira;Colisão frontal;Simples;0;1;-30.372007;-53.655449;Perigosa;Sul;2 Trimestre
687838;2025.0;n;4.0;2025-04-07;BA;242;323;LAJEDINHO;Reação tardia ou ineficiente do condutor;Com Vítimas Feridas;1;Céu Claro;Pleno dia;segunda-feira;Tombamento;Simples;0;1;-12,46562;-41,085393;Perigosa;Nordeste;2 Trimestre
585478;2024.0;n;3.0;2024-03-06;RJ;116;297;PORTO REAL;Chuva;Com Vítimas Feridas;6;Chuva;Pleno dia;quarta-feira;Engavetamento;Dupla;0;1;-22.450125;-44.330193;Perigosa;Sudeste;1 Trimestre
672673;2025.0;n;4.0;2025-04-10;AL;423;101;DELMIRO GOUVEIA;Ausência de reação do condutor;Sem Vítimas;4;Céu Claro;Amanhecer;quinta-feira;Saída de leito carroçável;Simples;0;0;-9,395967;-38,168683;Segura;Nordeste;2 Trimestre
656840;2025.0;n;1.0;2025-01-23;MG;381;506,5;SAO JOAQUIM DE BICAS;Ausência de reação do condutor;Com Vítimas Feridas;3;Céu Claro;Pleno dia;quinta-feira;Colisão lateral mesmo sentido;Dupla;0;1;-20,05039397;-44,27962502;Perigosa;Sudeste;1 Trimestre
667722;2025.0;n;3.0;2025-03-16;BA;324;531;FEIRA DE SANTANA;Pedestre andava na pista;Com Vítimas Fatais;2;Céu Claro;Plena Noite;domingo;Atropelamento de Pedestre;Dupla;1;0;-12,3461017;-38,83876;Perigosa;Nordeste;1 Trimestre
610210;2024.0;n;6.0;2024-06-26;SC;282;458,3;PONTE SERRADA;Desrespeitar a preferência no cruzamento;Com Vítimas Feridas;3;Garoa/Chuvisco;Pleno dia;quarta-feira;Colisão transversal;Simples;0;0;-26.86647589;-52.02280012;Segura;Sul;2 Trimestre
627277;2024.0;n;9.0;2024-09-11;MG;251;393,6;GRAO MOGOL;Velocidade Incompatível;Com Vítimas Feridas;2;Céu Claro;Pleno dia;quarta-feira;Colisão lateral mesmo sentido;Simples;0;0;-16.22140971;-42.86161382;Segura;Sudeste;3 Trimestre
628184;2024.0;n;9.0;2024-09-14;MG;40;641,9;CONSELHEIRO LAFAIETE;Conversão proibida;Com Vítimas Feridas;2;Céu Claro;Plena Noite;sábado;Colisão transversal;Simples;0;0;-20.760545;-43.80557;Segura;Sudeste;3 Trimestre
671494;2025.0;n;4.0;2025-04-04;SP;116;215;GUARULHOS;Demais falhas mecânicas ou elétricas;Com Vítimas Feridas;1;Céu Claro;Pleno dia;sexta-feira;Atropelamento de Pedestre;Dupla;0;1;-23,44941333;-46,46072216;Perigosa;Sudeste;2 Trimestre
669965;2025.0;n;3.0;2025-03-27;MG;381;873,5;ESTIVA;Ausência de reação do condutor;Com Vítimas Feridas;2;Céu Claro;Plena Noite;quinta-feira;Tombamento;Dupla;0;0;-22,42049844;-45,96511108;Segura;Sudeste;1 Trimestre
583935;2024.0;n;2.0;2024-02-28;MG;267;286;BAEPENDI;Velocidade Incompatível;Com Vítimas Feridas;3;Céu Claro;Pleno dia;quarta-feira;Tombamento;Simples;0;0;-21.92460612;-44.77877599;Segura;Sudeste;1 Trimestre
594824;2024.0;n;4.0;2024-04-18;RO;364;10;VILHENA;Manobra de mudança de faixa;Com Vítimas Feridas;5;Céu Claro;Pleno dia;quinta-feira;Colisão lateral mesmo sentido;Simples;0;0;-12.75194006;-60.10600907;Segura;Norte;2 Trimestre
614351;2024.0;n;7.0;2024-07-14;MT;163;1089;GUARANTA DO NORTE;Condutor deixou de manter distância do veículo da frente;Sem Vítimas;5;Céu Claro;Amanhecer;domingo;Colisão traseira;Múltipla;0;0;-9.87521489;-54.89439011;Segura;Centro-Oeste;3 Trimestre
608243;2024.0;n;6.0;2024-06-17;PR;153;222,9;TIBAGI;Velocidade Incompatível;Sem Vítimas;4;Sol;Pleno dia;segunda-feira;Tombamento;Simples;0;0;-24.65345001;-50.45324743;Segura;Sul;2 Trimestre
661274;2025.0;n;2.0;2025-02-14;PR;376;162;MARINGA;Manobra de mudança de faixa;Com Vítimas Feridas;2;Céu Claro;Pleno dia;sexta-feira;Colisão lateral mesmo sentido;Dupla;0;0;-23,37710685;-52,04510993;Segura;Sul;1 Trimestre
599116;2024.0;n;5.0;2024-05-08;PB;230;157,1;CAMPINA GRANDE;Acumulo de areia ou detritos sobre o pavimento;Com Vítimas Feridas;2;Céu Claro;Anoitecer;quarta-feira;Queda de ocupante de veículo;Simples;0;1;-7.2693;-35.9138;Perigosa;Nordeste;2 Trimestre
610449;2024.0;n;6.0;2024-06-27;SC;101;211,7;PALHOCA;Condutor deixou de manter distância do veículo da frente;Com Vítimas Feridas;3;Céu Claro;Plena Noite;quinta-feira;Colisão traseira;Múltipla;0;0;-27.62329313;-48.65245588;Segura;Sul;2 Trimestre
589691;2024.0;n;3.0;2024-03-25;PR;476;274;SAO MATEUS DO SUL;Condutor deixou de manter distância do veículo da frente;Sem Vítimas;3;Céu Claro;Pleno dia;segunda-feira;Engavetamento;Simples;0;0;-25.893393;-50.377842;Segura;Sul;1 Trimestre
598110;2024.0;n;5.0;2024-05-03;BA;242;221;ITABERABA;Acessar a via sem observar a presença dos outros veículos;Com Vítimas Feridas;2;Céu Claro;Plena Noite;sexta-feira;Colisão transversal;Simples;0;1;-12.52111736;-40.242341;Perigosa;Nordeste;2 Trimestre
652960;2025.0;n;1.0;2025-01-03;RJ;465;10;SEROPEDICA;Reação tardia ou ineficiente do condutor;Sem Vítimas;3;Nublado;Pleno dia;sexta-feira;Engavetamento;Simples;0;0;-22,777218;-43,663025;Segura;Sudeste;1 Trimestre
626930;2024.0;n;9.0;2024-09-09;BA;410;9;RIBEIRA DO POMBAL;Demais falhas mecânicas ou elétricas;Sem Vítimas;1;Céu Claro;Pleno dia;segunda-feira;Incêndio;Simples;0;0;-10.85740917;-38.59945291;Segura;Nordeste;3 Trimestre
587811;2024.0;n;3.0;2024-03-17;BA;242;221;ITABERABA;Transitar na contramão;Com Vítimas Fatais;5;Céu Claro;Amanhecer;domingo;Colisão frontal;Simples;1;0;-12.52111;-40.24028;Perigosa;Nordeste;1 Trimestre
615241;2024.0;n;7.0;2024-07-18;RJ;116;286,8;BARRA MANSA;Condutor deixou de manter distância do veículo da frente;Com Vítimas Feridas;2;Céu Claro;Pleno dia;quinta-feira;Colisão traseira;Dupla;0;0;-22.49846046;-44.23342487;Segura;Sudeste;3 Trimestre
575511;2024.0;n;1.0;2024-01-18;SC;470;178,7;POUSO REDONDO;Reação tardia ou ineficiente do condutor;Com Vítimas Feridas;1;Chuva;Pleno dia;quinta-feira;Saída de leito carroçável;Simples;0;0;-27.248392;-49.967083;Segura;Sul;1 Trimestre
667298;2025.0;n;3.0;2025-03-14;AL;101;153;CAMPO ALEGRE;Demais falhas mecânicas ou elétricas;Com Vítimas Feridas;1;Céu Claro;Plena Noite;sexta-feira;Incêndio;Dupla;0;0;-9,89106932;-36,19033813;Segura;Nordeste;1 Trimestre
673189;2025.0;n;4.0;2025-04-12;PA;10;291,1;MAE DO RIO;Manobra de mudança de faixa;Com Vítimas Feridas;5;Céu Claro;Pleno dia;sábado;Colisão com objeto;Simples;0;1;-1,887243;-47,521913;Perigosa;Norte;2 Trimestre
686137;2025.0;n;4.0;2025-04-16;MT;364;323;SANTO ANTONIO DO LEVERGER;Acumulo de água sobre o pavimento;Sem Vítimas;1;Chuva;Pleno dia;quarta-feira;Saída de leito carroçável;Dupla;0;0;-15,8122355;-55,36696001;Segura;Centro-Oeste;2 Trimestre
582678;2024.0;n;2.0;2024-02-22;PA;163;513;ITAITUBA;Reação tardia ou ineficiente do condutor;Sem Vítimas;3;Céu Claro;Pleno dia;quinta-feira;Tombamento;Simples;0;0;-5.41042998;-55.88634589;Segura;Norte;1 Trimestre
668400;2025.0;n;3.0;2025-03-20;MG;262;553;LUZ;Curva acentuada;Com Vítimas Fatais;5;Céu Claro;Pleno dia;quinta-feira;Tombamento;Simples;1;0;-19,72150447;-45,87495804;Perigosa;Sudeste;1 Trimestre
594628;2024.0;n;4.0;2024-04-17;MG;381;905;CAMBUI;Demais falhas mecânicas ou elétricas;Com Vítimas Feridas;2;Nublado;Plena Noite;quarta-feira;Colisão com objeto;Dupla;0;0;-22.66003183;-46.08822048;Segura;Sudeste;2 Trimestre
619674;2024.0;n;8.0;2024-08-07;BA;242;658;MUQUEM DE SAO FRANCISCO;Condutor deixou de manter distância do veículo da frente;Sem Vítimas;2;Céu Claro;Pleno dia;quarta-feira;Colisão lateral mesmo sentido;Simples;0;0;-12.23030613;-43.83716583;Segura;Nordeste;3 Trimestre
666065;2025.0;n;3.0;2025-03-09;MG;381;578,9;CARMOPOLIS DE MINAS;Condutor Dormindo;Sem Vítimas;3;Céu Claro;Plena Noite;domingo;Saída de leito carroçável;Dupla;0;0;-20,4773559;-44,58479404;Segura;Sudeste;1 Trimestre
670711;2025.0;n;3.0;2025-03-31;PE;232;461,7;MIRANDIBA;Condutor Dormindo;Com Vítimas Fatais;1;Céu Claro;Amanhecer;segunda-feira;Saída de leito carroçável;Simples;1;1;-8,02551653;-38,75581741;Perigosa;Nordeste;1 Trimestre
608944;2024.0;n;6.0;2024-06-20;PR;153;496;GENERAL CARNEIRO;Acessar a via sem observar a presença dos outros veículos;Com Vítimas Feridas;3;Céu Claro;Pleno dia;quinta-feira;Colisão transversal;Simples;0;2;-26.46995836;-51.32743835;Perigosa;Sul;2 Trimestre
584815;2024.0;n;3.0;2024-03-03;MG;116;713,3;MURIAE;Reação tardia ou ineficiente do condutor;Com Vítimas Feridas;2;Céu Claro;Plena Noite;domingo;Saída de leito carroçável;Simples;0;0;-21.19366225;-42.37694698;Segura;Sudeste;1 Trimestre
623902;2024.0;n;8.0;2024-08-27;RJ;40;121;DUQUE DE CAXIAS;Reação tardia ou ineficiente do condutor;Com Vítimas Feridas;2;Céu Claro;Amanhecer;terça-feira;Colisão traseira;Múltipla;0;1;-22.78185499;-43.28571273;Perigosa;Sudeste;3 Trimestre
588060;2024.0;n;3.0;2024-03-18;SC;470;258;CURITIBANOS;Ausência de reação do condutor;Sem Vítimas;2;Céu Claro;Pleno dia;segunda-feira;Saída de leito carroçável;Simples;0;0;-27.307161;-50.651653;Segura;Sul;1 Trimestre
654302;2025.0;n;1.0;2025-01-10;MS;163;680,4;RIO VERDE DE MATO GROSSO;Acessar a via sem observar a presença dos outros veículos;Com Vítimas Feridas;5;Céu Claro;Plena Noite;sexta-feira;Colisão transversal;Simples;0;1;-18,92417173;-54,83538529;Perigosa;Centro-Oeste;1 Trimestre
597004;2024.0;n;4.0;2024-04-28;MG;153;121;PRATA;Ausência de reação do condutor;Com Vítimas Fatais;3;Céu Claro;Anoitecer;domingo;Colisão frontal;Dupla;1;0;-19.40976334;-48.8946104;Perigosa;Sudeste;2 Trimestre
660616;2025.0;n;2.0;2025-02-10;BA;324;526;FEIRA DE SANTANA;Ausência de reação do condutor;Com Vítimas Feridas;3;Céu Claro;Plena Noite;segunda-feira;Colisão traseira;Dupla;0;1;-12,30639712;-38,89051509;Perigosa;Nordeste;1 Trimestre
599609;2024.0;n;5.0;2024-05-10;PR;376;303;MAUA DA SERRA;Condutor Dormindo;Com Vítimas Feridas;3;Céu Claro;Plena Noite;sexta-feira;Colisão traseira;Dupla;0;0;-23.94940698;-51.11940888;Segura;Sul;2 Trimestre
578367;2024.0;n;2.0;2024-02-01;SC;480;128,7;CHAPECO;Ausência de reação do condutor;Com Vítimas Feridas;2;Céu Claro;Pleno dia;quinta-feira;Colisão traseira;Simples;0;0;-27.03781899;-52.63432603;Segura;Sul;1 Trimestre
582363;2024.0;n;2.0;2024-02-21;PR;116;46,7;CAMPINA GRANDE DO SUL;Manobra de mudança de faixa;Sem Vítimas;2;Garoa/Chuvisco;Pleno dia;quarta-feira;Colisão lateral mesmo sentido;Dupla;0;0;-25.20185401;-48.8962139;Segura;Sul;1 Trimestre
605547;2024.0;n;6.0;2024-06-06;PR;163;64;PEROLA DOESTE;Acesso irregular;Com Vítimas Feridas;3;Céu Claro;Pleno dia;quinta-feira;Colisão transversal;Simples;0;0;-25.87341795;-53.7451074;Segura;Sul;2 Trimestre
622683;2024.0;n;8.0;2024-08-21;PR;153;329;IRATI;Reação tardia ou ineficiente do condutor;Com Vítimas Feridas;1;Céu Claro;Pleno dia;quarta-feira;Tombamento;Simples;0;0;-25.45341779;-50.61908841;Segura;Sul;3 Trimestre
615659;2024.0;n;7.0;2024-07-20;BA;101;715;EUNAPOLIS;Ausência de reação do condutor;Com Vítimas Feridas;2;Chuva;Pleno dia;sábado;Colisão traseira;Simples;0;1;-16.35271;-39.579805;Perigosa;Nordeste;3 Trimestre
609821;2024.0;n;6.0;2024-06-24;MS;267;178,8;NOVA ANDRADINA;Reação tardia ou ineficiente do condutor;Com Vítimas Feridas;3;Céu Claro;Anoitecer;segunda-feira;Colisão traseira;Simples;0;2;-21.61204424;-53.74029303;Perigosa;Centro-Oeste;2 Trimestre
608395;2024.0;n;6.0;2024-06-18;GO;364;201;JATAI;Demais falhas mecânicas ou elétricas;Sem Vítimas;4;Céu Claro;Pleno dia;terça-feira;Tombamento;Dupla;0;0;-17.914806;-51.765602;Segura;Centro-Oeste;2 Trimestre
686744;2025.0;n;4.0;2025-04-22;RO;319;60;PORTO VELHO;Ausência de reação do condutor;Sem Vítimas;5;Céu Claro;Pleno dia;terça-feira;Colisão traseira;Múltipla;0;0;-8,74070095;-63,88980802;Segura;Norte;2 Trimestre
655379;2025.0;n;1.0;2025-01-16;RS;153;48,4;ERECHIM;Ultrapassagem Indevida;Com Vítimas Feridas;3;Céu Claro;Pleno dia;quinta-feira;Colisão lateral mesmo sentido;Dupla;0;1;-27,65118001;-52,257248;Perigosa;Sul;1 Trimestre
601105;2024.0;n;5.0;2024-05-17;SC;282;468,4;PONTE SERRADA;Ausência de reação do condutor;Com Vítimas Feridas;2;Chuva;Pleno dia;sexta-feira;Colisão com objeto;Simples;0;0;-26.85438876;-52.08444357;Segura;Sul;2 Trimestre
665875;2025.0;n;3.0;2025-03-08;SP;116;410;JUQUIA;Demais falhas mecânicas ou elétricas;Sem Vítimas;3;Céu Claro;Pleno dia;sábado;Incêndio;Dupla;0;0;-24,32969654;-47,61779308;Segura;Sudeste;1 Trimestre
605190;2024.0;n;6.0;2024-06-04;MG;153;143;PRATA;Velocidade Incompatível;Com Vítimas Feridas;4;Céu Claro;Pleno dia;terça-feira;Colisão traseira;Simples;0;0;-19.59131213;-48.83018771;Segura;Sudeste;2 Trimestre
626216;2024.0;n;9.0;2024-09-06;PR;163;164,5;LINDOESTE;Reação tardia ou ineficiente do condutor;Sem Vítimas;3;Céu Claro;Pleno dia;sexta-feira;Colisão lateral mesmo sentido;Simples;0;0;-25.25496253;-53.57710361;Segura;Sul;3 Trimestre
628573;2024.0;n;9.0;2024-09-16;TO;153;141;ARAGUAINA;Desrespeitar a preferência no cruzamento;Com Vítimas Feridas;3;Céu Claro;Pleno dia;segunda-feira;Colisão transversal;Dupla;0;0;-7.175959;-48.219548;Segura;Norte;3 Trimestre
572600;2024.0;n;1.0;2024-01-04;MG;116;600,1;SAO JOAO DO MANHUACU;Velocidade Incompatível;Sem Vítimas;1;Chuva;Pleno dia;quinta-feira;Tombamento;Simples;0;0;-20.33157703;-42.14776317;Segura;Sudeste;1 Trimestre
582785;2024.0;n;2.0;2024-02-23;SP;116;228;GUARULHOS;Acessar a via sem observar a presença dos outros veículos;Com Vítimas Feridas;3;Céu Claro;Pleno dia;sexta-feira;Colisão lateral mesmo sentido;Múltipla;0;0;-23.50343484;-46.56638712;Segura;Sudeste;1 Trimestre
581203;2024.0;n;2.0;2024-02-14;MG;262;651,8;IBIA;Ultrapassagem Indevida;Com Vítimas Feridas;5;Céu Claro;Pleno dia;quarta-feira;Colisão lateral sentido oposto;Simples;0;3;-19.57399291;-46.64068393;Perigosa;Sudeste;1 Trimestre
669497;2025.0;n;3.0;2025-03-25;SP;381;47;ATIBAIA;Demais falhas mecânicas ou elétricas;Sem Vítimas;4;Céu Claro;Pleno dia;terça-feira;Eventos atípicos;Dupla;0;0;-23,19179853;-46,58528913;Segura;Sudeste;1 Trimestre
587614;2024.0;n;3.0;2024-03-16;SC;282;582,5;PINHALZINHO;Condutor Dormindo;Com Vítimas Feridas;1;Céu Claro;Plena Noite;sábado;Saída de leito carroçável;Simples;0;0;-26.826683;-53.002621;Segura;Sul;1 Trimestre
687072;2025.0;n;4.0;2025-04-24;MG;381;423;CAETE;Ausência de reação do condutor;Com Vítimas Feridas;4;Céu Claro;Pleno dia;quinta-feira;Colisão traseira;Dupla;0;1;-19,7828574;-43,66378784;Perigosa;Sudeste;2 Trimestre
664992;2025.0;n;3.0;2025-03-03;RO;364;602;ITAPUA DO OESTE;Ausência de reação do condutor;Com Vítimas Feridas;3;Chuva;Pleno dia;segunda-feira;Colisão lateral mesmo sentido;Simples;0;0;-9,19283115;-63,18810225;Segura;Norte;1 Trimestre
623178;2024.0;n;8.0;2024-08-23;MG;262;575,7;CORREGO DANTA;Transitar na contramão;Com Vítimas Fatais;3;Céu Claro;Pleno dia;sexta-feira;Colisão frontal;Simples;3;1;-19.672084;-46.044439;Perigosa;Sudeste;3 Trimestre
606732;2024.0;n;6.0;2024-06-11;MG;262;439;NOVA SERRANA;Fumaça;Com Vítimas Feridas;3;Nevoeiro/Neblina;Amanhecer;terça-feira;Colisão traseira;Dupla;0;0;-19.89197285;-44.88685183;Segura;Sudeste;2 Trimestre
685596;2025.0;n;4.0;2025-04-17;RS;392;6,4;RIO GRANDE;Acessar a via sem observar a presença dos outros veículos;Com Vítimas Feridas;3;Céu Claro;Plena Noite;quinta-feira;Colisão transversal;Simples;0;0;-32,08873265;-52,10722273;Segura;Sul;2 Trimestre
615940;2024.0;n;7.0;2024-07-21;RO;364;323;PRESIDENTE MEDICI;Reação tardia ou ineficiente do condutor;Com Vítimas Feridas;4;Céu Claro;Pleno dia;domingo;Colisão traseira;Simples;0;0;-11.043831;-61.92997893;Segura;Norte;3 Trimestre
671396;2025.0;n;4.0;2025-04-04;CE;116;38;HORIZONTE;Objeto estático sobre o leito carroçável;Sem Vítimas;3;Chuva;Plena Noite;sexta-feira;Colisão traseira;Dupla;0;0;-4,0878;-38,50064;Segura;Nordeste;2 Trimestre
668306;2025.0;n;3.0;2025-03-19;RS;392;717,9;PORTO XAVIER;Ultrapassagem Indevida;Com Vítimas Feridas;5;Céu Claro;Plena Noite;quarta-feira;Colisão frontal;Simples;0;2;-27,927827;-55,134281;Perigosa;Sul;1 Trimestre
587052;2024.0;n;3.0;2024-03-13;PR;163;293;MARECHAL CANDIDO RONDON;Acessar a via sem observar a presença dos outros veículos;Com Vítimas Feridas;3;Céu Claro;Pleno dia;quarta-feira;Colisão transversal;Simples;0;1;-24.51149718;-54.11831975;Perigosa;Sul;1 Trimestre
578060;2024.0;n;1.0;2024-01-30;ES;262;137,2;BREJETUBA;Velocidade Incompatível;Com Vítimas Feridas;2;Nublado;Plena Noite;terça-feira;Tombamento;Simples;0;0;-20.23526078;-41.34327555;Segura;Sudeste;1 Trimestre
620247;2024.0;n;8.0;2024-08-10;BA;101;79;ENTRE RIOS;Reação tardia ou ineficiente do condutor;Sem Vítimas;3;Céu Claro;Amanhecer;sábado;Tombamento;Dupla;0;0;-12.01196305;-38.26882996;Segura;Nordeste;3 Trimestre
586010;2024.0;n;3.0;2024-03-09;SE;101;66,6;MARUIM;Transitar na contramão;Sem Vítimas;3;Céu Claro;Plena Noite;sábado;Colisão frontal;Simples;0;0;-10.71207086;-37.05954216;Segura;Nordeste;1 Trimestre
618860;2024.0;n;8.0;2024-08-03;MG;381;906,5;CAMBUI;Velocidade Incompatível;Com Vítimas Feridas;3;Céu Claro;Plena Noite;sábado;Colisão com objeto;Dupla;0;0;-22.6697303;-46.09341826;Segura;Sudeste;3 Trimestre
585738;2024.0;n;3.0;2024-03-07;MG;262;621;IBIA;Reação tardia ou ineficiente do condutor;Com Vítimas Feridas;4;Céu Claro;Plena Noite;quinta-feira;Colisão traseira;Simples;0;1;-19.5881098;-46.378886;Perigosa;Sudeste;1 Trimestre