id;ano;feriado;mes;data_inversa;uf;br;km;municipio;causa_acidente;classificacao_acidente;veiculos;condicao_metereologica;fase_dia;dia_semana;tipo_acidente;tipo_pista;mortos;feridos_graves;latitude;longitude;status;regiao;periodo
598686;2024.0;n;5.0;2024-05-06;PA;308;153;CAPANEMA;Ausência de reação do condutor;Com Vítimas Feridas;2;Chuva;Pleno dia;segunda-feira;Colisão traseira;Simples;0;0;-1.2039773;-47.1668111;Segura;Norte;2 Trimestre
607265;2024.0;n;6.0;2024-06-13;SC;163;68,9;SAO MIGUEL DO OESTE;Reação tardia ou ineficiente do condutor;Com Vítimas Feridas;5;Céu Claro;Pleno dia;quinta-feira;Colisão lateral mesmo sentido;Dupla;0;0;-26.74254442;-53.50100398;Segura;Sul;2 Trimestre
652622;2025.0;y;1.0;2025-01-01;SC;101;115;ITAJAI;Avarias e/ou desgaste excessivo no pneu;Com Vítimas Feridas;1;Nublado;Anoitecer;quarta-feira;Tombamento;Dupla;0;0;-26,87064015;-48,72954134;Segura;Sul;1 Trimestre
616307;2024.0;n;7.0;2024-07-23;BA;116;762,3;POCOES;Estacionar ou parar em local proibido;Com Vítimas Feridas;3;Céu Claro;Pleno dia;terça-feira;Colisão lateral mesmo sentido;Simples;0;0;-14.55282247;-40.40455386;Segura;Nordeste;3 Trimestre
592384;2024.0;n;3.0;2024-03-02;PA;163;104;ALTAMIRA;Reação tardia ou ineficiente do condutor;Com Vítimas Feridas;4;Céu Claro;Pleno dia;sábado;Tombamento;Simples;0;0;-8.728298;-54.979658;Segura;Norte;1 Trimestre
606875;2024.0;n;6.0;2024-06-12;BA;101;751,1;PORTO SEGURO;Ingestão de álcool pelo condutor;Sem Vítimas;2;Céu Claro;Plena Noite;quarta-feira;Colisão frontal;Simples;0;0;-16.76698299;-39.47088666;Segura;Nordeste;2 Trimestre
580174;2024.0;n;2.0;2024-02-10;RJ;116;190;NOVA IGUACU;Ingestão de álcool pelo condutor;Com Vítimas Feridas;4;Céu Claro;Amanhecer;sábado;Colisão traseira;Dupla;0;0;-22.74123776;-43.5007311;Segura;Sudeste;1 Trimestre
656584;2025.0;n;1.0;2025-01-22;MG;365;31,5;MONTES CLAROS;Ausência de reação do condutor;Com Vítimas Feridas;2;Nublado;Plena Noite;quarta-feira;Colisão traseira;Simples;0;0;-16,85025469;-44,11000723;Segura;Sudeste;1 Trimestre
598092;2024.0;n;5.0;2024-05-03;PR;373;191,7;PONTA GROSSA;Ultrapassagem Indevida;Com Vítimas Feridas;2;Céu Claro;Plena Noite;sexta-feira;Saída de leito carroçável;Simples;0;0;-25.05786317;-50.34675466;Segura;Sul;2 Trimestre
602089;2024.0;n;5.0;2024-05-21;PI;316;61;MONSENHOR GIL;Ultrapassagem Indevida;Com Vítimas Feridas;2;Céu Claro;Plena Noite;terça-feira;Colisão lateral mesmo sentido;Simples;0;0;-5.58402402;-42.61489907;Segura;Nordeste;2 Trimestre
573664;2024.0;n;1.0;2024-01-09;MT;364;312;JACIARA;Reação tardia ou ineficiente do condutor;Com Vítimas Feridas;4;Nublado;Plena Noite;terça-feira;Colisão traseira;Dupla;0;0;-15.81254719;-55.25660503;Segura;Centro-Oeste;1 Trimestre
669795;2025.0;n;3.0;2025-03-26;RJ;40;97;DUQUE DE CAXIAS;Problema com o freio;Com Vítimas Feridas;2;Céu Claro;Plena Noite;quarta-feira;Tombamento;Dupla;0;0;-22,57345127;-43,27690233;Segura;Sudeste;1 Trimestre
595227;2024.0;n;4.0;2024-04-19;MA;226;229,4;TUNTUM;Condutor Dormindo;Com Vítimas Feridas;2;Sol;Pleno dia;sexta-feira;Colisão traseira;Simples;0;1;-5.34310867;-44.70081804;Perigosa;Nordeste;2 Trimestre
630201;2024.0;n;9.0;2024-09-24;MG;116;109,6;ITAOBIM;Manobra de mudança de faixa;Com Vítimas Feridas;3;Nublado;Amanhecer;terça-feira;Colisão lateral mesmo sentido;Simples;0;0;-16.504778;-41.509861;Segura;Sudeste;3 Trimestre
656454;2025.0;n;1.0;2025-01-21;CE;116;18;EUSEBIO;Manobra de mudança de faixa;Com Vítimas Feridas;2;Céu Claro;Pleno dia;terça-feira;Colisão lateral sentido oposto;Dupla;0;0;-3,90496605;-38,50518756;Segura;Nordeste;1 Trimestre
616044;2024.0;n;7.0;2024-07-21;MT;158;328;BOM JESUS DO ARAGUAIA;Deficiência do Sistema de Iluminação/Sinalização;Sem Vítimas;5;Céu Claro;Plena Noite;domingo;Colisão traseira;Simples;0;0;-12.14416605;-51.71178707;Segura;Centro-Oeste;3 Trimestre
661793;2025.0;n;2.0;2025-02-16;MG;381;336;BELA VISTA DE MINAS;Ausência de reação do condutor;Com Vítimas Feridas;2;Céu Claro;Pleno dia;domingo;Tombamento;Simples;0;0;-19,82119502;-43,07407899;Segura;Sudeste;1 Trimestre
671012;2025.0;n;4.0;2025-04-02;MG;381;2;BETIM;Animais na Pista;Com Vítimas Feridas;2;Nublado;Plena Noite;quarta-feira;Colisão com objeto;Dupla;0;0;-19,97987077;-44,16088376;Segura;Sudeste;2 Trimestre
604667;2024.0;n;6.0;2024-06-02;CE;116;23;AQUIRAZ;Estacionar ou parar em local proibido;Sem Vítimas;4;Nublado;Pleno dia;domingo;Colisão traseira;Dupla;0;0;-3.94905489;-38.51212845;Segura;Nordeste;2 Trimestre
623086;2024.0;n;8.0;2024-08-23;BA;242;303;IBIQUERA;Reação tardia ou ineficiente do condutor;Com Vítimas Fatais;3;Sol;Pleno dia;sexta-feira;Tombamento;Simples;1;0;-12.463728;-40.903709;Perigosa;Nordeste;3 Trimestre
619210;2024.0;n;8.0;2024-08-05;MG;381;320;NOVA ERA;Frear bruscamente;Com Vítimas Feridas;3;Chuva;Amanhecer;segunda-feira;Colisão lateral sentido oposto;Simples;0;0;-19.6931627;-42.99284935;Segura;Sudeste;3 Trimestre
662829;2025.0;n;2.0;2025-02-21;SC;470;116,4;IBIRAMA;Velocidade Incompatível;Com Vítimas Feridas;2;Nublado;Pleno dia;sexta-feira;Tombamento;Simples;0;1;-27,08160182;-49,50033367;Perigosa;Sul;1 Trimestre
671382;2025.0;n;4.0;2025-04-03;PE;232;21;MORENO;Avarias e/ou desgaste excessivo no pneu;Com Vítimas Feridas;3;Céu Claro;Plena Noite;quinta-feira;Tombamento;Dupla;0;1;-8,097272;-35,082072;Perigosa;Nordeste;2 Trimestre
686366;2025.0;y;4.0;2025-04-21;RS;290;103;PORTO ALEGRE;Acumulo de areia ou detritos sobre o pavimento;Com Vítimas Feridas;2;Céu Claro;Pleno dia;segunda-feira;Queda de ocupante de veículo;Dupla;0;0;-29,99150116;-51,26996214;Segura;Sul;2 Trimestre
577776;2024.0;n;1.0;2024-01-29;RS;392;125;CANGUCU;Ausência de reação do condutor;Com Vítimas Fatais;5;Nublado;Pleno dia;segunda-feira;Colisão transversal;Simples;1;1;-31.36506;-52.72544;Perigosa;Sul;1 Trimestre
593198;2024.0;n;4.0;2024-04-11;MG;116;698,5;MURIAE;Ausência de reação do condutor;Com Vítimas Feridas;2;Nublado;Plena Noite;quinta-feira;Colisão traseira;Simples;0;1;-21.08628099;-42.37472805;Perigosa;Sudeste;2 Trimestre
580885;2024.0;n;2.0;2024-02-12;MG;251;223;SANTA CRUZ DE SALINAS;Condutor Dormindo;Com Vítimas Feridas;1;Céu Claro;Pleno dia;segunda-feira;Saída de leito carroçável;Simples;0;0;-15.95877788;-41.64451999;Segura;Sudeste;1 Trimestre
585290;2024.0;n;3.0;2024-03-06;RS;386;369;FAZENDA VILANOVA;Condutor deixou de manter distância do veículo da frente;Com Vítimas Feridas;2;Céu Claro;Pleno dia;quarta-feira;Colisão traseira;Dupla;0;0;-29.587444;-51.831783;Segura;Sul;1 Trimestre
652570;2025.0;y;1.0;2025-01-01;ES;262;155;IBATIBA;Reação tardia ou ineficiente do condutor;Com Vítimas Feridas;1;Nublado;Pleno dia;quarta-feira;Colisão com objeto;Simples;0;0;-20,22651793;-41,47055672;Segura;Sudeste;1 Trimestre
669168;2025.0;n;1.0;2025-01-26;SP;116;496;CAJATI;Ausência de reação do condutor;Com Vítimas Feridas;2;Chuva;Plena Noite;domingo;Colisão lateral mesmo sentido;Dupla;0;0;-24,75945513;-48,16458078;Segura;Sudeste;1 Trimestre
619392;2024.0;n;8.0;2024-08-06;SC;470;107,8;APIUNA;Ausência de reação do condutor;Com Vítimas Feridas;1;Nublado;Plena Noite;terça-feira;Tombamento;Simples;0;0;-27.077623;-49.43145;Segura;Sul;3 Trimestre
593142;2024.0;n;4.0;2024-04-10;SC;282;211,1;LAGES;Reação tardia ou ineficiente do condutor;Com Vítimas Feridas;3;Céu Claro;Pleno dia;quarta-feira;Colisão traseira;Dupla;0;0;-27.780222;-50.241741;Segura;Sul;2 Trimestre
593364;2024.0;n;4.0;2024-04-11;SP;116;231;SAO PAULO;Reação tardia ou ineficiente do condutor;Com Vítimas Feridas;2;Céu Claro;Pleno dia;quinta-feira;Colisão lateral mesmo sentido;Múltipla;0;0;-23.5290581;-46.59398303;Segura;Sudeste;2 Trimestre
574765;2024.0;n;1.0;2024-01-14;PR;277;5,2;PARANAGUA;Ausência de reação do condutor;Com Vítimas Feridas;5;Céu Claro;Plena Noite;domingo;Colisão com objeto;Dupla;0;1;-25.55856483;-48.57273996;Perigosa;Sul;1 Trimestre
607285;2024.0;n;6.0;2024-06-05;PR;277;484,1;NOVA LARANJEIRAS;Manobra de mudança de faixa;Com Vítimas Feridas;3;Céu Claro;Pleno dia;quarta-feira;Colisão frontal;Simples;0;1;-25.25915206;-52.628614;Perigosa;Sul;2 Trimestre
652974;2025.0;n;1.0;2025-01-03;AL;316;226;ATALAIA;Ausência de reação do condutor;Com Vítimas Feridas;2;Nublado;Pleno dia;sexta-feira;Colisão lateral sentido oposto;Simples;0;0;-9,48398693;-36,15120494;Segura;Nordeste;1 Trimestre
613933;2024.0;n;7.0;2024-07-12;MG;381;442;SABARA;Ausência de reação do condutor;Com Vítimas Feridas;4;Céu Claro;Pleno dia;sexta-feira;Engavetamento;Simples;0;0;-19.8183901;-43.81131985;Segura;Sudeste;3 Trimestre
670182;2025.0;n;3.0;2025-03-28;BA;101;760;ITABELA;Transitar na contramão;Com Vítimas Fatais;6;Nublado;Plena Noite;sexta-feira;Colisão lateral sentido oposto;Simples;1;2;-16,65872376;-39,51559067;Perigosa;Nordeste;1 Trimestre
652740;2025.0;n;1.0;2025-01-02;MT;364;189;RONDONOPOLIS;Ausência de reação do condutor;Com Vítimas Feridas;1;Céu Claro;Pleno dia;quinta-feira;Queda de ocupante de veículo;Simples;0;0;-16,55814995;-54,56173598;Segura;Centro-Oeste;1 Trimestre
668167;2025.0;n;3.0;2025-03-19;ES;101;236,1;FUNDAO;Reação tardia ou ineficiente do condutor;Com Vítimas Fatais;2;Céu Claro;Pleno dia;quarta-feira;Colisão traseira;Simples;1;0;-19,987038;-40,414078;Perigosa;Sudeste;1 Trimestre
664872;2025.0;n;3.0;2025-03-02;RJ;116;169;RIO DE JANEIRO;Ausência de reação do condutor;Sem Vítimas;1;Céu Claro;Plena Noite;domingo;Tombamento;Múltipla;0;0;-22,81668872;-43,32327068;Segura;Sudeste;1 Trimestre
612844;2024.0;n;7.0;2024-07-07;RS;386;291,3;POUSO NOVO;Transitar na contramão;Sem Vítimas;3;Nevoeiro/Neblina;Plena Noite;domingo;Colisão lateral sentido oposto;Simples;0;0;-29.098166;-52.249744;Segura;Sul;3 Trimestre
586133;2024.0;n;3.0;2024-03-09;MG;365;83,5;JEQUITAI;Ausência de reação do condutor;Com Vítimas Feridas;4;Céu Claro;Pleno dia;sábado;Colisão traseira;Simples;0;1;-17.16221758;-44.400429;Perigosa;Sudeste;1 Trimestre
605589;2024.0;n;6.0;2024-06-06;PR;163;236;TOLEDO;Frear bruscamente;Com Vítimas Feridas;3;Céu Claro;Pleno dia;quinta-feira;Colisão traseira;Dupla;0;0;-24.717822;-53.711597;Segura;Sul;2 Trimestre
605574;2024.0;n;6.0;2024-06-06;BA;101;667;ITAPEBI;Demais falhas mecânicas ou elétricas;Sem Vítimas;1;Nublado;Pleno dia;quinta-feira;Incêndio;Simples;0;0;-15.98828092;-39.57256079;Segura;Nordeste;2 Trimestre
662935;2025.0;n;2.0;2025-02-22;MT;163;546;DIAMANTINO;Transitar na contramão;Com Vítimas Feridas;4;Céu Claro;Pleno dia;sábado;Colisão lateral sentido oposto;Simples;0;1;-14,23011265;-56,10712624;Perigosa;Centro-Oeste;1 Trimestre
652547;2025.0;y;1.0;2025-01-01;SC;282;99,3;ALFREDO WAGNER;Demais falhas mecânicas ou elétricas;Com Vítimas Feridas;2;Céu Claro;Pleno dia;quarta-feira;Colisão frontal;Simples;0;0;-27,700373;-49,287563;Segura;Sul;1 Trimestre
671365;2025.0;n;4.0;2025-04-03;SP;381;38;ATIBAIA;Reação tardia ou ineficiente do condutor;Com Vítimas Feridas;3;Chuva;Plena Noite;quinta-feira;Engavetamento;Dupla;0;0;-23,11424955;-46,57167256;Segura;Sudeste;2 Trimestre
662260;2025.0;n;2.0;2025-02-18;PR;277;560,1;CASCAVEL;Ingestão de álcool pelo condutor;Com Vítimas Feridas;3;Céu Claro;Plena Noite;terça-feira;Colisão frontal;Simples;0;1;-25,06663015;-53,2151556;Perigosa;Sul;1 Trimestre
591895;2024.0;n;4.0;2024-04-05;AP;210;1;MACAPA;Ausência de reação do condutor;Com Vítimas Feridas;6;Sol;Pleno dia;sexta-feira;Colisão traseira;Dupla;0;0;0.07816717;-51.06998693;Segura;Norte;2 Trimestre
600798;2024.0;n;5.0;2024-05-16;MG;381;939;EXTREMA;Acessar a via sem observar a presença dos outros veículos;Com Vítimas Feridas;3;Céu Claro;Plena Noite;quinta-feira;Colisão traseira;Dupla;0;0;-22.83044241;-46.31512785;Segura;Sudeste;2 Trimestre
597975;2024.0;n;5.0;2024-05-03;BA;116;852,4;VITORIA DA CONQUISTA;Ausência de reação do condutor;Com Vítimas Feridas;4;Sol;Pleno dia;sexta-feira;Colisão traseira;Simples;0;0;-15.06977;-41.000627;Segura;Nordeste;2 Trimestre
596153;2024.0;n;4.0;2024-04-24;RJ;493;51;DUQUE DE CAXIAS;Acesso irregular;Com Vítimas Feridas;2;Céu Claro;Plena Noite;quarta-feira;Colisão traseira;Dupla;0;2;-22.66906;-43.30996156;Perigosa;Sudeste;2 Trimestre
583636;2024.0;n;2.0;2024-02-26;PE;101;88,6;JABOATAO DOS GUARARAPES;Reação tardia ou ineficiente do condutor;Com Vítimas Feridas;3;Céu Claro;Pleno dia;segunda-feira;Engavetamento;Dupla;0;0;-8.204855;-34.982083;Segura;Nordeste;1 Trimestre
660976;2025.0;n;2.0;2025-02-12;MG;153;111,2;PRATA;Ultrapassagem Indevida;Com Vítimas Feridas;4;Chuva;Pleno dia;quarta-feira;Colisão lateral sentido oposto;Simples;0;0;-19,323623;-48,90629302;Segura;Sudeste;1 Trimestre
614947;2024.0;n;7.0;2024-07-17;ES;101;201,2;JOAO NEIVA;Condutor Dormindo;Com Vítimas Feridas;3;Nublado;Plena Noite;quarta-feira;Colisão traseira;Simples;0;0;-19.73362414;-40.36120476;Segura;Sudeste;3 Trimestre
654291;2025.0;n;1.0;2025-01-10;CE;116;524,8;JATI;Chuva;Com Vítimas Fatais;2;Chuva;Pleno dia;sexta-feira;Colisão lateral sentido oposto;Simples;1;1;-7,64286;-39,02366;Perigosa;Nordeste;1 Trimestre
604191;2024.0;n;5.0;2024-05-31;GO;153;498;GOIANIA;Velocidade Incompatível;Com Vítimas Feridas;3;Céu Claro;Pleno dia;sexta-feira;Colisão traseira;Dupla;0;0;-16.6939;-49.2321;Segura;Centro-Oeste;2 Trimestre
686124;2025.0;n;4.0;2025-04-20;MA;226;15,3;TIMON;Animais na Pista;Com Vítimas Feridas;3;Céu Claro;Plena Noite;domingo;Atropelamento de Animal;Simples;0;0;-5,103093;-42,942493;Segura;Nordeste;2 Trimestre
665674;2025.0;n;3.0;2025-03-07;MG;381;720,9;CARMO DA CACHOEIRA;Ausência de reação do condutor;Com Vítimas Fatais;2;Céu Claro;Plena Noite;sexta-feira;Colisão com objeto;Dupla;1;0;-21,43255694;-45,21071434;Perigosa;Sudeste;1 Trimestre
584108;2024.0;n;2.0;2024-02-29;ES;262;108;VENDA NOVA DO IMIGRANTE;Transitar na contramão;Com Vítimas Feridas;2;Céu Claro;Anoitecer;quinta-feira;Colisão frontal;Simples;0;0;-20.33360896;-41.16233002;Segura;Sudeste;1 Trimestre
666588;2025.0;n;3.0;2025-03-11;MT;158;439,9;RIBEIRAO CASCALHEIRA;Ausência de reação do condutor;Com Vítimas Fatais;5;Céu Claro;Pleno dia;terça-feira;Colisão frontal;Simples;1;0;-13,060875;-51,891618;Perigosa;Centro-Oeste;1 Trimestre
600958;2024.0;n;5.0;2024-05-16;RJ;116;214;SEROPEDICA;Manobra de mudança de faixa;Sem Vítimas;2;Nublado;Plena Noite;quinta-feira;Colisão lateral mesmo sentido;Dupla;0;0;-22.713438;-43.734085;Segura;Sudeste;2 Trimestre
573046;2024.0;n;1.0;2024-01-06;RO;364;14;VILHENA;Ausência de reação do condutor;Com Vítimas Feridas;4;Garoa/Chuvisco;Plena Noite;sábado;Colisão com objeto;Dupla;0;1;-12.73898138;-60.13911417;Perigosa;Norte;1 Trimestre
666394;2025.0;n;3.0;2025-03-10;MG;381;937;EXTREMA;Ausência de reação do condutor;Com Vítimas Feridas;3;Chuva;Pleno dia;segunda-feira;Colisão traseira;Dupla;0;0;-22,81196696;-46,28840446;Segura;Sudeste;1 Trimestre
687155;2025.0;n;4.0;2025-04-24;MG;365;354,4;VARJAO DE MINAS;Demais falhas mecânicas ou elétricas;Sem Vítimas;2;Céu Claro;Plena Noite;quinta-feira;Incêndio;Simples;0;0;-18,461271;-46,083393;Segura;Sudeste;2 Trimestre
614712;2024.0;n;7.0;2024-07-15;MG;381;558;ITAGUARA;Ausência de reação do condutor;Com Vítimas Feridas;4;Céu Claro;Plena Noite;segunda-feira;Colisão traseira;Dupla;0;0;-20.37563821;-44.47422681;Segura;Sudeste;3 Trimestre
656677;2025.0;n;1.0;2025-01-22;BA;116;704;MANOEL VITORINO;Reação tardia ou ineficiente do condutor;Com Vítimas Fatais;4;Chuva;Pleno dia;quarta-feira;Colisão traseira;Simples;1;0;-14,06331897;-40,20550622;Perigosa;Nordeste;1 Trimestre
655006;2025.0;n;1.0;2025-01-14;PR;153;114,1;IBAITI;Manobra de mudança de faixa;Com Vítimas Fatais;2;Céu Claro;Plena Noite;terça-feira;Colisão frontal;Simples;1;1;-23,88704983;-50,20290258;Perigosa;Sul;1 Trimestre
673758;2025.0;n;4.0;2025-04-15;ES;101;199;ARACRUZ;Reação tardia ou ineficiente do condutor;Com Vítimas Feridas;5;Nublado;Plena Noite;terça-feira;Engavetamento;Simples;0;1;-19,70215553;-40,32475638;Perigosa;Sudeste;2 Trimestre
592350;2024.0;n;4.0;2024-04-06;BA;324;517;FEIRA DE SANTANA;Acessar a via sem observar a presença dos outros veículos;Com Vítimas Feridas;3;Céu Claro;Pleno dia;sábado;Colisão transversal;Simples;0;1;-12.24953308;-38.93362525;Perigosa;Nordeste;2 Trimestre
666738;2025.0;n;3.0;2025-03-12;ES;101;242;SERRA;Reação tardia ou ineficiente do condutor;Com Vítimas Fatais;2;Céu Claro;Pleno dia;quarta-feira;Colisão traseira;Simples;1;0;-20,03920158;-40,39311167;Perigosa;Sudeste;1 Trimestre
577943;2024.0;n;1.0;2024-01-30;RJ;116;170;RIO DE JANEIRO;Trafegar com motocicleta (ou similar) entre as faixas;Com Vítimas Feridas;2;Céu Claro;Pleno dia;terça-feira;Colisão lateral mesmo sentido;Dupla;0;0;-22.81113183;-43.3336729;Segura;Sudeste;1 Trimestre
653190;2025.0;n;1.0;2025-01-04;PE;407;130;PETROLINA;Transitar na contramão;Com Vítimas Feridas;2;Céu Claro;Plena Noite;sábado;Colisão frontal;Dupla;0;0;-9,40536698;-40,50435309;Segura;Nordeste;1 Trimestre
625580;2024.0;n;9.0;2024-09-03;SC;101;172;TIJUCAS;Condutor Dormindo;Com Vítimas Feridas;5;Nublado;Plena Noite;terça-feira;Colisão traseira;Dupla;0;1;-27.31398818;-48.63155831;Perigosa;Sul;3 Trimestre
593749;2024.0;n;4.0;2024-04-13;PE;232;57,5;POMBOS;Reação tardia ou ineficiente do condutor;Com Vítimas Feridas;2;Céu Claro;Pleno dia;sábado;Atropelamento de Pedestre;Dupla;0;1;-8.1412132;-35.38181492;Perigosa;Nordeste;2 Trimestre
585965;2024.0;n;3.0;2024-03-08;SC;101;44,3;JOINVILLE;Manobra de mudança de faixa;Com Vítimas Feridas;4;Chuva;Plena Noite;sexta-feira;Colisão lateral mesmo sentido;Múltipla;0;0;-26.33899916;-48.85911942;Segura;Sul;1 Trimestre
617587;2024.0;n;7.0;2024-07-29;PR;277;67;SAO JOSE DOS PINHAIS;Ausência de reação do condutor;Sem Vítimas;2;Céu Claro;Plena Noite;segunda-feira;Colisão traseira;Dupla;0;0;-25.54511074;-49.05291088;Segura;Sul;3 Trimestre
602257;2024.0;n;5.0;2024-05-22;TO;153;683,6;CARIRI DO TOCANTINS;Mal súbito do condutor;Sem Vítimas;2;Céu Claro;Pleno dia;quarta-feira;Saída de leito carroçável;Simples;0;0;-11.813967;-49.12936499;Segura;Norte;2 Trimestre
581090;2024.0;n;2.0;2024-02-14;PE;232;9;RECIFE;Frear bruscamente;Com Vítimas Feridas;5;Céu Claro;Pleno dia;quarta-feira;Colisão traseira;Múltipla;0;0;-8.07764447;-34.97863609;Segura;Nordeste;1 Trimestre
656484;2025.0;n;1.0;2025-01-21;PE;101;60;RECIFE;Acessar a via sem observar a presença dos outros veículos;Com Vítimas Feridas;2;Céu Claro;Pleno dia;terça-feira;Colisão transversal;Múltipla;0;0;-7,98344307;-34,93176727;Segura;Nordeste;1 Trimestre
674018;2025.0;n;2.0;2025-02-11;AM;174;891;MANAUS;Velocidade Incompatível;Com Vítimas Feridas;3;Céu Claro;Pleno dia;terça-feira;Tombamento;Simples;0;1;-2,91557503;-60,03880044;Perigosa;Norte;1 Trimestre
668521;2025.0;n;3.0;2025-03-20;BA;101;421;IBIRAPITANGA;Ausência de reação do condutor;Com Vítimas Feridas;3;Céu Claro;Pleno dia;quinta-feira;Tombamento;Simples;0;2;-14,137332;-39,35733;Perigosa;Nordeste;1 Trimestre
575725;2024.0;n;1.0;2024-01-19;SC;116;305,4;CAPAO ALTO;Problema com o freio;Com Vítimas Feridas;2;Sol;Pleno dia;sexta-feira;Tombamento;Simples;0;1;-28.19840483;-50.72325701;Perigosa;Sul;1 Trimestre
578318;2024.0;n;2.0;2024-02-01;RS;386;436;NOVA SANTA RITA;Desrespeitar a preferência no cruzamento;Com Vítimas Feridas;3;Céu Claro;Pleno dia;quinta-feira;Colisão transversal;Simples;0;0;-29.85672118;-51.26226604;Segura;Sul;1 Trimestre
654741;2025.0;n;1.0;2025-01-12;ES;101;64;SAO MATEUS;Ingestão de álcool pelo condutor;Com Vítimas Feridas;4;Garoa/Chuvisco;Plena Noite;domingo;Colisão frontal;Simples;0;0;-18,70428583;-39,87065983;Segura;Sudeste;1 Trimestre
583655;2024.0;n;2.0;2024-02-27;SC;282;69;RANCHO QUEIMADO;Ausência de reação do condutor;Com Vítimas Feridas;1;Nublado;Pleno dia;terça-feira;Tombamento;Simples;0;0;-27.690144;-49.083813;Segura;Sul;1 Trimestre
619203;2024.0;n;8.0;2024-08-05;RJ;40;94;DUQUE DE CAXIAS;Demais falhas mecânicas ou elétricas;Com Vítimas Feridas;1;Céu Claro;Pleno dia;segunda-feira;Colisão com objeto;Simples;0;1;-22.55763285;-43.26574352;Perigosa;Sudeste;3 Trimestre
665480;2025.0;n;3.0;2025-03-06;MG;116;23;CACHOEIRA DE PAJEU;Demais falhas na via;Com Vítimas Feridas;2;Chuva;Pleno dia;quinta-feira;Tombamento;Simples;0;0;-15,863785;-41,42643;Segura;Sudeste;1 Trimestre
625405;2024.0;n;9.0;2024-09-02;MG;262;503,7;LUZ;Demais falhas mecânicas ou elétricas;Com Vítimas Feridas;1;Céu Claro;Plena Noite;segunda-feira;Saída de leito carroçável;Simples;0;0;-19.77231046;-45.50182343;Segura;Sudeste;3 Trimestre
576472;2024.0;n;1.0;2024-01-22;MG;262;36,3;MANHUACU;Ultrapassagem Indevida;Com Vítimas Feridas;2;Céu Claro;Pleno dia;segunda-feira;Colisão lateral mesmo sentido;Simples;0;0;-20.25932046;-42.02298331;Segura;Sudeste;1 Trimestre
611143;2024.0;n;6.0;2024-06-30;TO;153;447;BARROLANDIA;Ingestão de álcool pelo condutor;Sem Vítimas;3;Céu Claro;Plena Noite;domingo;Colisão frontal;Simples;0;0;-9.79957988;-48.71715924;Segura;Norte;2 Trimestre
686986;2025.0;n;4.0;2025-04-24;BA;324;620;SALVADOR;Condutor deixou de manter distância do veículo da frente;Com Vítimas Feridas;2;Garoa/Chuvisco;Amanhecer;quinta-feira;Colisão traseira;Dupla;0;0;-12,919791;-38,465798;Segura;Nordeste;2 Trimestre
673253;2025.0;n;4.0;2025-04-12;SC;470;270;BRUNOPOLIS;Velocidade Incompatível;Com Vítimas Feridas;3;Céu Claro;Pleno dia;sábado;Saída de leito carroçável;Simples;0;0;-27,32175486;-50,77537537;Segura;Sul;2 Trimestre
672191;2025.0;n;4.0;2025-04-07;RS;386;2,2;IRAI;Transitar na contramão;Com Vítimas Feridas;6;Nublado;Pleno dia;segunda-feira;Colisão lateral sentido oposto;Simples;0;0;-27,17836;-53,24327;Segura;Sul;2 Trimestre
653278;2025.0;n;1.0;2025-01-05;PB;230;20;JOAO PESSOA;Pista Escorregadia;Com Vítimas Feridas;1;Chuva;Pleno dia;domingo;Tombamento;Dupla;0;0;-7,13716779;-34,85377908;Segura;Nordeste;1 Trimestre
576717;2024.0;n;1.0;2024-01-23;MT;364;227;RONDONOPOLIS;Reação tardia ou ineficiente do condutor;Com Vítimas Feridas;3;Céu Claro;Plena Noite;terça-feira;Tombamento;Dupla;0;0;-16.29044795;-54.76386888;Segura;Centro-Oeste;1 Trimestre
594355;2024.0;n;4.0;2024-04-16;SP;116;287;ITAPECERICA DA SERRA;Suicídio (presumido);Com Vítimas Feridas;2;Céu Claro;Pleno dia;terça-feira;Atropelamento de Pedestre;Dupla;0;1;-23.69334837;-46.86369896;Perigosa;Sudeste;2 Trimestre
652602;2025.0;y;1.0;2025-01-01;MG;262;58,5;MANHUACU;Demais falhas mecânicas ou elétricas;Sem Vítimas;1;Nublado;Pleno dia;quarta-feira;Incêndio;Simples;0;0;-20,27569196;-42,19796103;Segura;Sudeste;1 Trimestre
584152;2024.0;n;3.0;2024-03-01;RO;364;234,9;CACOAL;Condutor Dormindo;Com Vítimas Feridas;5;Céu Claro;Plena Noite;sexta-feira;Colisão traseira;Simples;0;0;-11.450907;-61.43007;Segura;Norte;1 Trimestre
596482;2024.0;n;4.0;2024-04-25;MA;316;480;CODO;Demais falhas mecânicas ou elétricas;Sem Vítimas;1;Nublado;Plena Noite;quinta-feira;Incêndio;Simples;0;0;-4.625359;-43.915423;Segura;Nordeste;2 Trimestre
654115;2025.0;n;1.0;2025-01-09;PR;369;438,1;UBIRATA;Acesso irregular;Com Vítimas Feridas;3;Céu Claro;Plena Noite;quinta-feira;Colisão frontal;Simples;0;0;-24,54731836;-53,04233551;Segura;Sul;1 Trimestre
653219;2025.0;n;1.0;2025-01-04;MG;262;362;BETIM;Ausência de reação do condutor;Com Vítimas Feridas;1;Céu Claro;Plena Noite;sábado;Tombamento;Dupla;0;0;-19,98025969;-44,22672112;Segura;Sudeste;1 Trimestre
656041;2025.0;n;1.0;2025-01-19;RJ;116;262;VOLTA REDONDA;Mal súbito do condutor;Sem Vítimas;3;Céu Claro;Pleno dia;domingo;Eventos atípicos;Dupla;0;0;-22,593;-44,072;Segura;Sudeste;1 Trimestre