id;ano;feriado;mes;data_inversa;uf;br;km;municipio;causa_acidente;classificacao_acidente;veiculos;condicao_metereologica;fase_dia;dia_semana;tipo_acidente;tipo_pista;mortos;feridos_graves;latitude;longitude;status;regiao;periodo
629705;2024.0;n;9.0;2024-09-21;ES;101;339,8;GUARAPARI;Animais na Pista;Com Vítimas Feridas;2;Céu Claro;Plena Noite;sábado;Atropelamento de Animal;Dupla;0;0;-20.64347205;-40.55826601;Segura;Sudeste;3 Trimestre
595539;2024.0;y;4.0;2024-04-21;ES;101;264,5;SERRA;Demais falhas mecânicas ou elétricas;Sem Vítimas;2;Céu Claro;Pleno dia;domingo;Derramamento de carga;Dupla;0;0;-20.17950196;-40.26520371;Segura;Sudeste;2 Trimestre
608193;2024.0;n;6.0;2024-06-17;GO;40;5,9;VALPARAISO DE GOIAS;Reação tardia ou ineficiente do condutor;Com Vítimas Feridas;2;Céu Claro;Pleno dia;segunda-feira;Colisão traseira;Dupla;0;1;-16.093134;-47.982236;Perigosa;Centro-Oeste;2 Trimestre
580833;2024.0;n;2.0;2024-02-12;MG;381;527;BRUMADINHO;Ausência de reação do condutor;Com Vítimas Feridas;2;Céu Claro;Plena Noite;segunda-feira;Tombamento;Dupla;0;1;-20.16283256;-44.35072739;Perigosa;Sudeste;1 Trimestre
625174;2024.0;n;9.0;2024-09-01;MG;381;621,3;OLIVEIRA;Ausência de reação do condutor;Com Vítimas Feridas;3;Nublado;Plena Noite;domingo;Colisão traseira;Dupla;0;0;-20.76482184;-44.77958679;Segura;Sudeste;3 Trimestre
673226;2025.0;n;4.0;2025-04-12;SP;381;66,8;MAIRIPORA;Carga excessiva e/ou mal acondicionada;Sem Vítimas;2;Céu Claro;Anoitecer;sábado;Incêndio;Múltipla;0;0;-23,331729;-46,577399;Segura;Sudeste;2 Trimestre
604149;2024.0;n;5.0;2024-05-31;RJ;40;116;DUQUE DE CAXIAS;Demais falhas mecânicas ou elétricas;Sem Vítimas;1;Nublado;Plena Noite;sexta-feira;Incêndio;Múltipla;0;0;-22.74344414;-43.28789234;Segura;Sudeste;2 Trimestre
586097;2024.0;n;3.0;2024-03-09;MG;40;624,9;CONSELHEIRO LAFAIETE;Condutor deixou de manter distância do veículo da frente;Com Vítimas Feridas;3;Céu Claro;Pleno dia;sábado;Colisão traseira;Simples;0;0;-20.61105611;-43.80635422;Segura;Sudeste;1 Trimestre
621741;2024.0;n;8.0;2024-08-16;MG;40;193,3;JOAO PINHEIRO;Condutor Dormindo;Com Vítimas Fatais;2;Céu Claro;Plena Noite;sexta-feira;Tombamento;Simples;1;0;-18.00452103;-45.86983899;Perigosa;Sudeste;3 Trimestre
659917;2025.0;n;2.0;2025-02-07;PR;277;115;CAMPO LARGO;Condutor deixou de manter distância do veículo da frente;Sem Vítimas;2;Garoa/Chuvisco;Plena Noite;sexta-feira;Colisão traseira;Dupla;0;0;-25,435;-49,44;Segura;Sul;1 Trimestre
624852;2024.0;n;8.0;2024-08-31;PA;316;52;CASTANHAL;Ausência de reação do condutor;Sem Vítimas;2;Céu Claro;Pleno dia;sábado;Colisão traseira;Dupla;0;0;-1.30732485;-48.02586802;Segura;Norte;3 Trimestre
669312;2025.0;n;3.0;2025-03-21;RS;153;46;ERECHIM;Transitar na contramão;Sem Vítimas;3;Céu Claro;Plena Noite;sexta-feira;Colisão lateral sentido oposto;Simples;0;0;-27,64048299;-52,24315438;Segura;Sul;1 Trimestre
576677;2024.0;n;1.0;2024-01-23;PB;104;97;ESPERANCA;Velocidade Incompatível;Com Vítimas Feridas;2;Céu Claro;Pleno dia;terça-feira;Colisão lateral sentido oposto;Simples;0;1;-7.01994564;-35.85788662;Perigosa;Nordeste;1 Trimestre
593388;2024.0;n;4.0;2024-04-12;PR;277;336;GUARAPUAVA;Condutor deixou de manter distância do veículo da frente;Com Vítimas Fatais;10;Nublado;Plena Noite;sexta-feira;Engavetamento;Dupla;2;0;-25.35828834;-51.35737181;Perigosa;Sul;2 Trimestre
583863;2024.0;n;2.0;2024-02-28;TO;10;460;PALMAS;Reação tardia ou ineficiente do condutor;Sem Vítimas;2;Sol;Pleno dia;quarta-feira;Colisão com objeto;Dupla;0;0;-10.18165389;-48.17412734;Segura;Norte;1 Trimestre
667612;2025.0;n;3.0;2025-03-16;SC;101;103,2;BALNEARIO PICARRAS;Ingestão de álcool pelo condutor;Sem Vítimas;2;Nublado;Pleno dia;domingo;Saída de leito carroçável;Múltipla;0;0;-26,78496;-48,68267;Segura;Sul;1 Trimestre
579150;2024.0;n;2.0;2024-02-05;SC;101;122;ITAJAI;Trafegar com motocicleta (ou similar) entre as faixas;Com Vítimas Feridas;3;Céu Claro;Pleno dia;segunda-feira;Colisão traseira;Múltipla;0;1;-26.92955916;-48.70499836;Perigosa;Sul;1 Trimestre
654024;2025.0;n;1.0;2025-01-09;GO;20;117,8;FLORES DE GOIAS;Ultrapassagem Indevida;Com Vítimas Feridas;2;Chuva;Pleno dia;quinta-feira;Colisão frontal;Simples;0;0;-14,880402;-46,853172;Segura;Centro-Oeste;1 Trimestre
600755;2024.0;n;5.0;2024-05-15;GO;153;206;URUACU;Ultrapassagem Indevida;Com Vítimas Feridas;8;Céu Claro;Pleno dia;quarta-feira;Colisão lateral mesmo sentido;Simples;0;0;-14.567051;-49.156227;Segura;Centro-Oeste;2 Trimestre
572399;2024.0;n;1.0;2024-01-03;SP;116;67,4;GUARATINGUETA;Reação tardia ou ineficiente do condutor;Com Vítimas Feridas;3;Chuva;Pleno dia;quarta-feira;Colisão traseira;Dupla;0;1;-22.82988582;-45.21222174;Perigosa;Sudeste;1 Trimestre
616515;2024.0;n;7.0;2024-07-24;GO;153;506,7;GOIANIA;Reação tardia ou ineficiente do condutor;Com Vítimas Feridas;6;Céu Claro;Pleno dia;quarta-feira;Colisão traseira;Dupla;0;3;-16.7633;-49.24;Perigosa;Centro-Oeste;3 Trimestre
607181;2024.0;n;6.0;2024-06-13;RS;290;153;ARROIO DOS RATOS;Suicídio (presumido);Com Vítimas Fatais;2;Céu Claro;Pleno dia;quinta-feira;Colisão frontal;Simples;1;0;-30.105652;-51.73777;Perigosa;Sul;2 Trimestre
602420;2024.0;n;5.0;2024-05-23;SC;153;97,2;CONCORDIA;Acessar a via sem observar a presença dos outros veículos;Com Vítimas Feridas;4;Sol;Pleno dia;quinta-feira;Colisão transversal;Simples;0;0;-27.22921818;-51.95297241;Segura;Sul;2 Trimestre
615456;2024.0;n;7.0;2024-07-19;PR;277;12;PARANAGUA;Manobra de mudança de faixa;Com Vítimas Feridas;2;Céu Claro;Pleno dia;sexta-feira;Colisão transversal;Dupla;0;0;-25.568198;-48.615292;Segura;Sul;3 Trimestre
657510;2025.0;n;1.0;2025-01-26;MG;116;148,9;PONTO DOS VOLANTES;Transitar na contramão;Com Vítimas Fatais;3;Céu Claro;Pleno dia;domingo;Colisão frontal;Simples;1;3;-16,83568806;-41,47878089;Perigosa;Sudeste;1 Trimestre
611743;2024.0;n;7.0;2024-07-03;MG;0;0;BELO HORIZONTE;Manobra de mudança de faixa;Sem Vítimas;2;Sol;Pleno dia;quarta-feira;Colisão lateral mesmo sentido;Dupla;0;0;-19.85223971;-43.96121264;Segura;Sudeste;3 Trimestre
613775;2024.0;n;7.0;2024-07-11;PA;230;472;PACAJA;Demais falhas mecânicas ou elétricas;Sem Vítimas;2;Céu Claro;Pleno dia;quinta-feira;Incêndio;Simples;0;0;-3.59969405;-51.04457803;Segura;Norte;3 Trimestre
672587;2025.0;n;4.0;2025-04-09;SC;470;111,4;APIUNA;Reação tardia ou ineficiente do condutor;Com Vítimas Feridas;2;Céu Claro;Pleno dia;quarta-feira;Colisão lateral sentido oposto;Simples;0;1;-27,09920264;-49,46177244;Perigosa;Sul;2 Trimestre
654813;2025.0;n;1.0;2025-01-13;PB;230;125,4;RIACHAO DO BACAMARTE;Reação tardia ou ineficiente do condutor;Com Vítimas Feridas;2;Nublado;Pleno dia;segunda-feira;Colisão traseira;Dupla;0;1;-7,2498;-35,6827;Perigosa;Nordeste;1 Trimestre
581575;2024.0;n;2.0;2024-02-16;MT;364;207;RONDONOPOLIS;Acessar a via sem observar a presença dos outros veículos;Sem Vítimas;6;Céu Claro;Plena Noite;sexta-feira;Colisão transversal;Dupla;0;0;-16.4410184;-54.67563283;Segura;Centro-Oeste;1 Trimestre
619442;2024.0;n;8.0;2024-08-06;MG;381;536,4;ITATIAIUCU;Manobra de mudança de faixa;Com Vítimas Feridas;3;Sol;Pleno dia;terça-feira;Colisão lateral mesmo sentido;Dupla;0;0;-20.22443302;-44.39530859;Segura;Sudeste;3 Trimestre
574210;2024.0;n;1.0;2024-01-12;SP;116;199;ARUJA;Condutor deixou de manter distância do veículo da frente;Com Vítimas Feridas;2;Chuva;Pleno dia;sexta-feira;Colisão traseira;Dupla;0;0;-23.40185327;-46.31154312;Segura;Sudeste;1 Trimestre
687568;2025.0;n;4.0;2025-04-26;GO;60;42;ALEXANIA;Ingestão de álcool pelo condutor;Sem Vítimas;2;Chuva;Plena Noite;sábado;Saída de leito carroçável;Dupla;0;0;-16,109696;-48,581537;Segura;Centro-Oeste;2 Trimestre
599224;2024.0;n;3.0;2024-03-01;PI;343;591,6;FLORIANO;Manobra de mudança de faixa;Com Vítimas Feridas;2;Céu Claro;Pleno dia;sexta-feira;Colisão transversal;Dupla;0;1;-6.781361;-43.023224;Perigosa;Nordeste;1 Trimestre
653233;2025.0;n;1.0;2025-01-04;SC;116;218,9;CORREIA PINTO;Entrada inopinada do pedestre;Com Vítimas Feridas;2;Céu Claro;Plena Noite;sábado;Atropelamento de Pedestre;Simples;0;0;-27,56247698;-50,37616896;Segura;Sul;1 Trimestre
597504;2024.0;n;4.0;2024-04-30;SC;101;133;BALNEARIO CAMBORIU;Reação tardia ou ineficiente do condutor;Com Vítimas Feridas;2;Sol;Anoitecer;terça-feira;Tombamento;Dupla;0;0;-26.99936;-48.64609;Segura;Sul;2 Trimestre
577294;2024.0;n;1.0;2024-01-26;MT;364;292;JACIARA;Reação tardia ou ineficiente do condutor;Com Vítimas Feridas;7;Céu Claro;Anoitecer;sexta-feira;Colisão lateral mesmo sentido;Dupla;0;0;-15.89220915;-55.1038862;Segura;Centro-Oeste;1 Trimestre
664954;2025.0;n;3.0;2025-03-03;MS;163;206;CAARAPO;Velocidade Incompatível;Com Vítimas Feridas;2;Céu Claro;Pleno dia;segunda-feira;Tombamento;Simples;0;0;-22,64854165;-54,8105979;Segura;Centro-Oeste;1 Trimestre
608276;2024.0;n;6.0;2024-06-18;MA;316;282;BELA VISTA DO MARANHAO;Demais falhas na via;Com Vítimas Feridas;2;Céu Claro;Plena Noite;terça-feira;Tombamento;Simples;0;0;-3.76045803;-45.22144318;Segura;Nordeste;2 Trimestre
673570;2025.0;n;4.0;2025-04-14;BA;116;463;SANTO ESTEVAO;Demais falhas mecânicas ou elétricas;Com Vítimas Feridas;4;Céu Claro;Amanhecer;segunda-feira;Colisão com objeto;Dupla;0;1;-12,45524603;-39,26039457;Perigosa;Nordeste;2 Trimestre
575635;2024.0;n;1.0;2024-01-19;ES;101;276;SERRA;Acessar a via sem observar a presença dos outros veículos;Com Vítimas Feridas;2;Céu Claro;Pleno dia;sexta-feira;Saída de leito carroçável;Dupla;0;0;-20.20788726;-40.3133509;Segura;Sudeste;1 Trimestre
621104;2024.0;n;8.0;2024-08-14;ES;101;404;ITAPEMIRIM;Velocidade Incompatível;Com Vítimas Feridas;2;Céu Claro;Pleno dia;quarta-feira;Colisão lateral sentido oposto;Simples;0;0;-20.89541789;-41.00720306;Segura;Sudeste;3 Trimestre
588526;2024.0;n;3.0;2024-03-20;RJ;101;405;ITAGUAI;Ultrapassagem Indevida;Com Vítimas Feridas;3;Céu Claro;Pleno dia;quarta-feira;Colisão traseira;Dupla;0;1;-22.867606;-43.802743;Perigosa;Sudeste;1 Trimestre
656828;2025.0;n;1.0;2025-01-23;RS;116;37;VACARIA;Acessar a via sem observar a presença dos outros veículos;Com Vítimas Feridas;3;Céu Claro;Pleno dia;quinta-feira;Colisão transversal;Simples;0;0;-28,49871957;-50,9176864;Segura;Sul;1 Trimestre
595283;2024.0;n;4.0;2024-04-20;BA;116;902;CANDIDO SALES;Condutor deixou de manter distância do veículo da frente;Com Vítimas Feridas;2;Céu Claro;Pleno dia;sábado;Colisão traseira;Simples;0;1;-15.37380567;-41.19182131;Perigosa;Nordeste;2 Trimestre
661142;2025.0;n;2.0;2025-02-13;MG;381;438,5;SABARA;Entrada inopinada do pedestre;Com Vítimas Feridas;2;Sol;Pleno dia;quinta-feira;Atropelamento de Pedestre;Simples;0;0;-19,802885;-43,761903;Segura;Sudeste;1 Trimestre
653163;2025.0;n;1.0;2025-01-04;SC;282;58;RANCHO QUEIMADO;Condutor Dormindo;Com Vítimas Feridas;1;Céu Claro;Pleno dia;sábado;Saída de leito carroçável;Simples;0;0;-27,683594;-49,005539;Segura;Sul;1 Trimestre
572060;2024.0;y;1.0;2024-01-01;BA;242;366;PALMEIRAS;Velocidade Incompatível;Sem Vítimas;4;Chuva;Anoitecer;segunda-feira;Colisão com objeto;Simples;0;0;-12.46767097;-41.43877801;Segura;Nordeste;1 Trimestre
612063;2024.0;n;7.0;2024-07-05;TO;226;26;PALMEIRAS DO TOCANTINS;Afundamento ou ondulação no pavimento;Com Vítimas Feridas;3;Céu Claro;Plena Noite;sexta-feira;Saída de leito carroçável;Simples;0;0;-6.641345;-47.667072;Segura;Norte;3 Trimestre
612914;2024.0;n;7.0;2024-07-07;PB;116;11,3;CACHOEIRA DOS INDIOS;Velocidade Incompatível;Com Vítimas Fatais;2;Chuva;Plena Noite;domingo;Colisão frontal;Simples;1;1;-6.985178;-38.744354;Perigosa;Nordeste;3 Trimestre
608245;2024.0;n;6.0;2024-06-17;GO;60;163;GOIANIA;Ausência de sinalização;Com Vítimas Feridas;3;Céu Claro;Pleno dia;segunda-feira;Colisão com objeto;Dupla;0;0;-16.7002;-49.3335;Segura;Centro-Oeste;2 Trimestre
616696;2024.0;n;7.0;2024-07-24;MG;365;71,5;JEQUITAI;Reação tardia ou ineficiente do condutor;Com Vítimas Feridas;4;Céu Claro;Plena Noite;quarta-feira;Saída de leito carroçável;Simples;0;0;-17.08977211;-44.34399059;Segura;Sudeste;3 Trimestre
602557;2024.0;n;5.0;2024-05-24;MG;262;30,1;REDUTO;Transitar na contramão;Com Vítimas Feridas;2;Sol;Pleno dia;sexta-feira;Colisão frontal;Simples;0;1;-20.25053259;-41.98730227;Perigosa;Sudeste;2 Trimestre
630113;2024.0;n;9.0;2024-09-23;MS;376;147,9;IVINHEMA;Ultrapassagem Indevida;Com Vítimas Feridas;1;Sol;Pleno dia;segunda-feira;Saída de leito carroçável;Simples;0;0;-22.3851216;-53.57861605;Segura;Centro-Oeste;3 Trimestre
603364;2024.0;n;5.0;2024-05-27;PB;101;112,9;ALHANDRA;Condutor usando celular;Com Vítimas Feridas;3;Céu Claro;Pleno dia;segunda-feira;Colisão traseira;Dupla;0;1;-7.37530762;-34.95572805;Perigosa;Nordeste;2 Trimestre
585060;2024.0;n;3.0;2024-03-04;MG;262;576,8;CORREGO DANTA;Acessar a via sem observar a presença dos outros veículos;Com Vítimas Feridas;4;Chuva;Plena Noite;segunda-feira;Colisão transversal;Simples;0;0;-19.68486101;-46.03918512;Segura;Sudeste;1 Trimestre
652719;2025.0;n;1.0;2025-01-02;MT;163;1102;GUARANTA DO NORTE;Ausência de reação do condutor;Com Vítimas Feridas;2;Garoa/Chuvisco;Pleno dia;quinta-feira;Tombamento;Dupla;0;2;-9,77791545;-54,90365982;Perigosa;Centro-Oeste;1 Trimestre
685649;2025.0;y;4.0;2025-04-18;BA;242;502;OLIVEIRA DOS BREJINHOS;Ingestão de álcool pelo condutor;Com Vítimas Feridas;2;Céu Claro;Plena Noite;sexta-feira;Colisão transversal;Simples;0;1;-12,36608765;-42,45453;Perigosa;Nordeste;2 Trimestre
622942;2024.0;n;8.0;2024-08-22;MS;262;496,7;ANASTACIO;Ausência de reação do condutor;Com Vítimas Feridas;6;Céu Claro;Pleno dia;quinta-feira;Colisão traseira;Simples;0;0;-20.50256808;-55.871888;Segura;Centro-Oeste;3 Trimestre
664928;2025.0;n;3.0;2025-03-03;TO;153;147;ARAGUAINA;Manobra de mudança de faixa;Com Vítimas Feridas;5;Céu Claro;Pleno dia;segunda-feira;Colisão lateral mesmo sentido;Dupla;0;0;-7,22743065;-48,25065494;Segura;Norte;1 Trimestre
593384;2024.0;n;4.0;2024-04-12;CE;222;18,8;CAUCAIA;Ingestão de álcool pelo condutor;Com Vítimas Feridas;3;Garoa/Chuvisco;Plena Noite;sexta-feira;Colisão lateral sentido oposto;Simples;0;0;-3.73715313;-38.74293507;Segura;Nordeste;2 Trimestre
582430;2024.0;n;2.0;2024-02-21;MS;267;204;NOVA ALVORADA DO SUL;Manobra de mudança de faixa;Com Vítimas Feridas;3;Céu Claro;Pleno dia;quarta-feira;Colisão frontal;Simples;0;0;-21.58974453;-53.98737304;Segura;Centro-Oeste;1 Trimestre
661229;2025.0;n;2.0;2025-02-13;MG;262;388;MATEUS LEME;Ausência de reação do condutor;Com Vítimas Feridas;2;Céu Claro;Plena Noite;quinta-feira;Tombamento;Dupla;0;0;-19,9366751;-44,44352695;Segura;Sudeste;1 Trimestre
629095;2024.0;n;9.0;2024-09-19;GO;452;115;BOM JESUS DE GOIAS;Ausência de reação do condutor;Com Vítimas Feridas;3;Céu Claro;Pleno dia;quinta-feira;Colisão lateral sentido oposto;Simples;0;0;-18.19170882;-49.8740929;Segura;Centro-Oeste;3 Trimestre
659585;2025.0;n;2.0;2025-02-06;RS;101;12,3;DOM PEDRO DE ALCANTARA;Desrespeitar a preferência no cruzamento;Com Vítimas Feridas;2;Céu Claro;Pleno dia;quinta-feira;Colisão lateral mesmo sentido;Dupla;0;0;-29,38659602;-49,83647398;Segura;Sul;1 Trimestre
600617;2024.0;n;5.0;2024-05-15;CE;20;380;CAUCAIA;Ausência de reação do condutor;Com Vítimas Feridas;2;Chuva;Pleno dia;quarta-feira;Colisão traseira;Simples;0;0;-3.91625499;-38.85098301;Segura;Nordeste;2 Trimestre
575846;2024.0;n;1.0;2024-01-19;GO;60;109;GOIANAPOLIS;Ingestão de álcool pelo condutor;Sem Vítimas;2;Chuva;Plena Noite;sexta-feira;Colisão lateral mesmo sentido;Múltipla;0;0;-16.4478;-49.0224;Segura;Centro-Oeste;1 Trimestre
612232;2024.0;n;7.0;2024-07-05;AM;319;704,6;HUMAITA;Demais falhas mecânicas ou elétricas;Com Vítimas Feridas;3;Céu Claro;Pleno dia;sexta-feira;Eventos atípicos;Simples;0;1;-7.75385382;-63.14101154;Perigosa;Norte;3 Trimestre
619016;2024.0;n;8.0;2024-08-04;BA;116;556;BREJOES;Manobra de mudança de faixa;Com Vítimas Feridas;3;Nublado;Pleno dia;domingo;Colisão frontal;Simples;0;0;-12.9370135;-39.9066028;Segura;Nordeste;3 Trimestre
661883;2025.0;n;2.0;2025-02-17;PR;116;71;QUATRO BARRAS;Carga excessiva e/ou mal acondicionada;Sem Vítimas;6;Céu Claro;Plena Noite;segunda-feira;Derramamento de carga;Dupla;0;0;-25,347478;-49,044212;Segura;Sul;1 Trimestre
575384;2024.0;n;1.0;2024-01-17;SP;116;205;ARUJA;Condutor deixou de manter distância do veículo da frente;Com Vítimas Feridas;3;Céu Claro;Plena Noite;quarta-feira;Colisão traseira;Múltipla;0;1;-23.41475243;-46.36600788;Perigosa;Sudeste;1 Trimestre
652731;2025.0;n;1.0;2025-01-02;PI;316;415;MARCOLANDIA;Ingestão de álcool pelo condutor;Com Vítimas Feridas;1;Céu Claro;Pleno dia;quinta-feira;Saída de leito carroçável;Simples;0;0;-7,43280012;-40,68261908;Segura;Nordeste;1 Trimestre
578807;2024.0;n;2.0;2024-02-03;MS;262;491,8;ANASTACIO;Acessar a via sem observar a presença dos outros veículos;Com Vítimas Feridas;2;Céu Claro;Plena Noite;sábado;Atropelamento de Pedestre;Simples;0;1;-20.50107013;-55.82486196;Perigosa;Centro-Oeste;1 Trimestre
603176;2024.0;n;5.0;2024-05-26;MG;50;178;UBERABA;Velocidade Incompatível;Com Vítimas Feridas;3;Céu Claro;Anoitecer;domingo;Colisão traseira;Dupla;0;1;-19.77896821;-47.94093599;Perigosa;Sudeste;2 Trimestre
593660;2024.0;n;4.0;2024-04-13;SC;101;206,9;SAO JOSE;Condutor desrespeitou a iluminação vermelha do semáforo;Com Vítimas Feridas;2;Chuva;Pleno dia;sábado;Colisão transversal;Dupla;0;0;-27.59193546;-48.61824557;Segura;Sul;2 Trimestre
599490;2024.0;n;4.0;2024-04-09;SP;116;230;SAO PAULO;Reação tardia ou ineficiente do condutor;Com Vítimas Fatais;4;Céu Claro;Plena Noite;terça-feira;Engavetamento;Múltipla;1;1;-23.52251783;-46.5855702;Perigosa;Sudeste;2 Trimestre
685941;2025.0;n;4.0;2025-04-17;PR;376;242;APUCARANA;Ausência de reação do condutor;Sem Vítimas;4;Nublado;Plena Noite;quinta-feira;Colisão com objeto;Dupla;0;0;-23,58139067;-51,43491983;Segura;Sul;2 Trimestre
610138;2024.0;n;6.0;2024-06-22;BA;101;376;IBIRAPITANGA;Chuva;Com Vítimas Feridas;1;Chuva;Plena Noite;sábado;Saída de leito carroçável;Simples;0;0;-13.95803902;-39.48365202;Segura;Nordeste;2 Trimestre
619453;2024.0;n;8.0;2024-08-06;BA;116;911;ENCRUZILHADA;Velocidade Incompatível;Sem Vítimas;6;Céu Claro;Pleno dia;terça-feira;Colisão traseira;Simples;0;0;-15.52218;-41.24284;Segura;Nordeste;3 Trimestre
611455;2024.0;n;6.0;2024-06-29;SC;101;138;BALNEARIO CAMBORIU;Ingestão de álcool pelo condutor;Com Vítimas Feridas;2;Nublado;Plena Noite;sábado;Colisão traseira;Dupla;0;0;-27.02397426;-48.60761649;Segura;Sul;2 Trimestre
576933;2024.0;n;1.0;2024-01-21;SC;480;123,9;CHAPECO;Carga excessiva e/ou mal acondicionada;Sem Vítimas;2;Céu Claro;Pleno dia;domingo;Colisão com objeto;Dupla;0;0;-27.00196618;-52.64485359;Segura;Sul;1 Trimestre
597017;2024.0;n;4.0;2024-04-28;TO;153;415;MIRANORTE;Acessar a via sem observar a presença dos outros veículos;Sem Vítimas;3;Nublado;Anoitecer;domingo;Colisão lateral mesmo sentido;Dupla;0;0;-9.5413271;-48.59447265;Segura;Norte;2 Trimestre
669347;2025.0;n;3.0;2025-03-24;DF;20;26,2;BRASILIA;Acumulo de água sobre o pavimento;Sem Vítimas;1;Chuva;Plena Noite;segunda-feira;Saída de leito carroçável;Dupla;0;0;-15,596095;-47,641812;Segura;Centro-Oeste;1 Trimestre
618305;2024.0;n;8.0;2024-08-01;MG;40;550,5;NOVA LIMA;Transitar no Acostamento;Sem Vítimas;3;Céu Claro;Pleno dia;quinta-feira;Colisão lateral mesmo sentido;Dupla;0;0;-20.0477638;-43.96439441;Segura;Sudeste;3 Trimestre
614615;2024.0;n;7.0;2024-07-09;SC;470;142,2;RIO DO SUL;Transitar na contramão;Com Vítimas Feridas;2;Chuva;Plena Noite;terça-feira;Colisão lateral sentido oposto;Simples;0;1;-27.229801;-49.6693;Perigosa;Sul;3 Trimestre
666819;2025.0;n;3.0;2025-03-12;RS;116;143;CAXIAS DO SUL;Condutor desrespeitou a iluminação vermelha do semáforo;Com Vítimas Feridas;2;Céu Claro;Anoitecer;quarta-feira;Colisão transversal;Dupla;0;0;-29,1214186;-51,1226123;Segura;Sul;1 Trimestre
662058;2025.0;n;2.0;2025-02-17;PR;153;316;IMBITUVA;Ausência de reação do condutor;Com Vítimas Feridas;4;Céu Claro;Pleno dia;segunda-feira;Colisão lateral sentido oposto;Simples;0;0;-25,33983496;-50,6357076;Segura;Sul;1 Trimestre
582425;2024.0;n;1.0;2024-01-28;MG;381;936;EXTREMA;Chuva;Sem Vítimas;2;Chuva;Pleno dia;domingo;Saída de leito carroçável;Dupla;0;0;-22.82914914;-46.31469547;Segura;Sudeste;1 Trimestre
657782;2025.0;n;1.0;2025-01-27;SP;116;316;SAO LOURENCO DA SERRA;Reação tardia ou ineficiente do condutor;Com Vítimas Feridas;1;Nublado;Plena Noite;segunda-feira;Tombamento;Dupla;0;0;-23,91054997;-46,99149375;Segura;Sudeste;1 Trimestre
615032;2024.0;n;7.0;2024-07-17;PE;408;37,4;ALIANCA;Reação tardia ou ineficiente do condutor;Com Vítimas Feridas;1;Céu Claro;Pleno dia;quarta-feira;Tombamento;Simples;0;0;-7.62704413;-35.24453391;Segura;Nordeste;3 Trimestre
622890;2024.0;n;8.0;2024-08-22;AL;101;242;PORTO REAL DO COLEGIO;Condutor Dormindo;Sem Vítimas;2;Céu Claro;Pleno dia;quinta-feira;Saída de leito carroçável;Dupla;0;0;-10.16106508;-36.81395391;Segura;Nordeste;3 Trimestre
601461;2024.0;n;5.0;2024-05-18;MG;116;2;DIVISA ALEGRE;Manobra de mudança de faixa;Com Vítimas Feridas;3;Céu Claro;Plena Noite;sábado;Colisão transversal;Simples;0;2;-15.71767418;-41.34054455;Perigosa;Sudeste;2 Trimestre
607600;2024.0;n;6.0;2024-06-15;AL;101;124,3;SAO MIGUEL DOS CAMPOS;Ingestão de álcool pelo condutor;Com Vítimas Fatais;3;Nublado;Amanhecer;sábado;Colisão frontal;Dupla;1;0;-9.71109695;-36.04180208;Perigosa;Nordeste;2 Trimestre
669567;2025.0;n;3.0;2025-03-25;SP;116;206;GUARULHOS;Estacionar ou parar em local proibido;Com Vítimas Feridas;2;Vento;Plena Noite;terça-feira;Colisão traseira;Múltipla;0;0;-23,41712737;-46,37408828;Segura;Sudeste;1 Trimestre
613941;2024.0;n;7.0;2024-07-12;MG;381;882,9;ESTIVA;Manobra de mudança de faixa;Sem Vítimas;4;Céu Claro;Pleno dia;sexta-feira;Colisão lateral mesmo sentido;Dupla;0;0;-22.48501497;-46.01094246;Segura;Sudeste;3 Trimestre
626927;2024.0;n;9.0;2024-09-09;SP;116;113;TAUBATE;Demais falhas mecânicas ou elétricas;Com Vítimas Feridas;2;Céu Claro;Pleno dia;segunda-feira;Colisão lateral mesmo sentido;Dupla;0;0;-23.0440828;-45.58041405;Segura;Sudeste;3 Trimestre
594914;2024.0;n;4.0;2024-04-19;RJ;40;121;DUQUE DE CAXIAS;Trafegar com motocicleta (ou similar) entre as faixas;Com Vítimas Feridas;2;Céu Claro;Pleno dia;sexta-feira;Colisão lateral mesmo sentido;Simples;0;0;-22.78185499;-43.28571273;Segura;Sudeste;2 Trimestre
620613;2024.0;n;8.0;2024-08-11;SP;153;27,7;NOVA GRANADA;Ingestão de álcool pelo condutor;Sem Vítimas;3;Céu Claro;Pleno dia;domingo;Colisão transversal;Simples;0;0;-20.51309795;-49.32308726;Segura;Sudeste;3 Trimestre
587754;2024.0;n;3.0;2024-03-16;SC;116;255;LAGES;Acessar a via sem observar a presença dos outros veículos;Sem Vítimas;2;Céu Claro;Plena Noite;sábado;Colisão frontal;Simples;0;0;-27.87402097;-50.40238738;Segura;Sul;1 Trimestre
572555;2024.0;n;1.0;2024-01-04;PE;232;79,6;GRAVATA;Mal súbito do condutor;Com Vítimas Feridas;2;Sol;Pleno dia;quinta-feira;Colisão frontal;Simples;0;1;-8.19460572;-35.56074803;Perigosa;Nordeste;1 Trimestre
579803;2024.0;n;2.0;2024-02-02;PA;163;579;TRAIRAO;Animais na Pista;Sem Vítimas;4;Nublado;Anoitecer;sexta-feira;Atropelamento de Animal;Simples;0;0;-5.07340914;-56.17069244;Segura;Norte;1 Trimestre
582023;2024.0;n;2.0;2024-02-19;SC;101;28,2;JOINVILLE;Manobra de mudança de faixa;Com Vítimas Feridas;3;Sol;Pleno dia;segunda-feira;Colisão lateral mesmo sentido;Dupla;0;0;-26.21412901;-48.91602516;Segura;Sul;1 Trimestre