id;ano;feriado;mes;data_inversa;uf;br;km;municipio;causa_acidente;classificacao_acidente;veiculos;condicao_metereologica;fase_dia;dia_semana;tipo_acidente;tipo_pista;mortos;feridos_graves;latitude;longitude;status;regiao;periodo
665185;2025.0;n;3.0;2025-03-04;MT;163;521,5;VARZEA GRANDE;Reação tardia ou ineficiente do condutor;Sem Vítimas;4;Céu Claro;Anoitecer;terça-feira;Colisão traseira;Simples;0;0;-15,667633;-56,182062;Segura;Centro-Oeste;1 Trimestre
597943;2024.0;n;5.0;2024-05-02;RO;364;11;VILHENA;Acessar a via sem observar a presença dos outros veículos;Com Vítimas Feridas;4;Céu Claro;Pleno dia;quinta-feira;Colisão transversal;Simples;0;0;-12.74605898;-60.11270299;Segura;Norte;2 Trimestre
578911;2024.0;n;2.0;2024-02-04;MG;381;837,5;SAO SEBASTIAO DA BELA VISTA;Manobra de mudança de faixa;Com Vítimas Feridas;3;Nublado;Pleno dia;domingo;Colisão lateral mesmo sentido;Dupla;0;0;-22.18544691;-45.84411022;Segura;Sudeste;1 Trimestre
653956;2025.0;n;1.0;2025-01-09;PR;116;19;ANTONINA;Ausência de reação do condutor;Com Vítimas Feridas;3;Garoa/Chuvisco;Amanhecer;quinta-feira;Colisão traseira;Dupla;0;0;-25,103087;-48,72037;Segura;Sul;1 Trimestre
659952;2025.0;n;2.0;2025-02-07;MG;381;722,8;CARMO DA CACHOEIRA;Ausência de reação do condutor;Com Vítimas Feridas;2;Céu Claro;Plena Noite;sexta-feira;Colisão traseira;Dupla;0;0;-21,47729514;-45,20207819;Segura;Sudeste;1 Trimestre
593447;2024.0;n;4.0;2024-04-12;SC;158;105,5;CUNHA PORA;Ultrapassagem Indevida;Com Vítimas Feridas;2;Céu Claro;Pleno dia;sexta-feira;Colisão lateral sentido oposto;Simples;0;0;-26.87517922;-53.1636706;Segura;Sul;2 Trimestre
600367;2024.0;n;5.0;2024-05-13;PA;10;280;MAE DO RIO;Reação tardia ou ineficiente do condutor;Com Vítimas Feridas;2;Chuva;Plena Noite;segunda-feira;Tombamento;Simples;0;1;-1.98579402;-47.52579196;Perigosa;Norte;2 Trimestre
596394;2024.0;n;4.0;2024-04-26;MT;364;185;PEDRA PRETA;Condutor deixou de manter distância do veículo da frente;Sem Vítimas;2;Céu Claro;Plena Noite;sexta-feira;Colisão traseira;Simples;0;0;-16.58366439;-54.5217669;Segura;Centro-Oeste;2 Trimestre
580461;2024.0;n;2.0;2024-02-11;CE;116;17;EUSEBIO;Condutor Dormindo;Sem Vítimas;2;Chuva;Pleno dia;domingo;Saída de leito carroçável;Dupla;0;0;-3.89617918;-38.50336042;Segura;Nordeste;1 Trimestre
590501;2024.0;y;3.0;2024-03-29;RS;386;386;TABAI;Manobra de mudança de faixa;Sem Vítimas;3;Céu Claro;Pleno dia;sexta-feira;Colisão traseira;Dupla;0;0;-29.688717;-51.717327;Segura;Sul;1 Trimestre
687256;2025.0;n;4.0;2025-04-25;RS;101;31;TRES CACHOEIRAS;Acessar a via sem observar a presença dos outros veículos;Com Vítimas Feridas;4;Céu Claro;Pleno dia;sexta-feira;Colisão traseira;Dupla;0;0;-29,49009068;-49,9753782;Segura;Sul;2 Trimestre
598575;2024.0;n;5.0;2024-05-05;SC;101;10;GARUVA;Velocidade Incompatível;Com Vítimas Feridas;4;Garoa/Chuvisco;Plena Noite;domingo;Colisão lateral sentido oposto;Simples;0;0;-26.063011;-48.86020605;Segura;Sul;2 Trimestre
590814;2024.0;n;3.0;2024-03-30;SP;116;211;GUARULHOS;Entrada inopinada do pedestre;Com Vítimas Fatais;2;Céu Claro;Plena Noite;sábado;Atropelamento de Pedestre;Múltipla;1;0;-23.4324306;-46.4194352;Perigosa;Sudeste;1 Trimestre
618377;2024.0;n;8.0;2024-08-01;BA;135;131;RIACHAO DAS NEVES;Reação tardia ou ineficiente do condutor;Com Vítimas Feridas;2;Céu Claro;Plena Noite;quinta-feira;Tombamento;Simples;0;1;-11.80196188;-44.87450291;Perigosa;Nordeste;3 Trimestre
686373;2025.0;y;4.0;2025-04-21;BA;135;104;RIACHAO DAS NEVES;Ausência de reação do condutor;Com Vítimas Fatais;4;Céu Claro;Amanhecer;segunda-feira;Colisão lateral sentido oposto;Simples;4;0;-11,5887;-44,831442;Perigosa;Nordeste;2 Trimestre
599057;2024.0;n;5.0;2024-05-08;PR;376;314,5;ORTIGUEIRA;Reação tardia ou ineficiente do condutor;Com Vítimas Feridas;3;Céu Claro;Pleno dia;quarta-feira;Tombamento;Dupla;0;0;-23.97357573;-51.10442877;Segura;Sul;2 Trimestre
630081;2024.0;n;9.0;2024-09-23;SP;116;74;APARECIDA;Ausência de reação do condutor;Com Vítimas Feridas;2;Céu Claro;Pleno dia;segunda-feira;Colisão traseira;Dupla;0;1;-22.87353809;-45.25320023;Perigosa;Sudeste;3 Trimestre
576093;2024.0;n;1.0;2024-01-21;AL;101;175,9;TEOTONIO VILELA;Ingestão de álcool pelo condutor;Com Vítimas Feridas;3;Céu Claro;Plena Noite;domingo;Colisão frontal;Dupla;0;1;-9.89834517;-36.3666691;Perigosa;Nordeste;1 Trimestre
607752;2024.0;n;6.0;2024-06-15;RJ;356;166;SAO JOAO DA BARRA;Reação tardia ou ineficiente do condutor;Com Vítimas Feridas;2;Céu Claro;Plena Noite;sábado;Colisão lateral sentido oposto;Simples;0;0;-21.712973;-41.132984;Segura;Sudeste;2 Trimestre
621726;2024.0;n;8.0;2024-08-14;PA;163;299;NOVO PROGRESSO;Acessar a via sem observar a presença dos outros veículos;Com Vítimas Feridas;2;Céu Claro;Pleno dia;quarta-feira;Colisão lateral mesmo sentido;Simples;0;0;-7.1690255;-55.36319733;Segura;Norte;3 Trimestre
588685;2024.0;n;3.0;2024-03-20;SC;153;49;VARGEM BONITA;Velocidade Incompatível;Com Vítimas Feridas;2;Chuva;Pleno dia;quarta-feira;Tombamento;Simples;0;0;-26.908381;-51.783154;Segura;Sul;1 Trimestre
624403;2024.0;n;8.0;2024-08-29;SP;153;62,3;SAO JOSE DO RIO PRETO;Ausência de reação do condutor;Com Vítimas Feridas;3;Céu Claro;Pleno dia;quinta-feira;Colisão traseira;Dupla;0;2;-20.81325404;-49.35675563;Perigosa;Sudeste;3 Trimestre
605696;2024.0;n;6.0;2024-06-07;BA;324;553;TERRA NOVA;Manobra de mudança de faixa;Com Vítimas Feridas;3;Céu Claro;Pleno dia;sexta-feira;Saída de leito carroçável;Dupla;0;0;-12.45504393;-38.70402395;Segura;Nordeste;2 Trimestre
606745;2024.0;n;6.0;2024-06-11;RS;101;22;TRES CACHOEIRAS;Acessar a via sem observar a presença dos outros veículos;Com Vítimas Feridas;3;Céu Claro;Pleno dia;terça-feira;Colisão lateral mesmo sentido;Dupla;0;0;-29.4398072;-49.90113887;Segura;Sul;2 Trimestre
575879;2024.0;n;1.0;2024-01-20;SP;116;82,5;ROSEIRA;Ingestão de álcool pelo condutor;Com Vítimas Feridas;5;Nublado;Amanhecer;sábado;Colisão traseira;Dupla;0;0;-22.90918532;-45.31883185;Segura;Sudeste;1 Trimestre
591844;2024.0;n;4.0;2024-04-04;AM;319;87;CANUTAMA;Reação tardia ou ineficiente do condutor;Com Vítimas Fatais;4;Nublado;Pleno dia;quinta-feira;Colisão traseira;Simples;1;0;-8.16775954;-63.80713463;Perigosa;Norte;2 Trimestre
628306;2024.0;n;9.0;2024-09-15;SC;280;111;CORUPA;Acessar a via sem observar a presença dos outros veículos;Com Vítimas Feridas;4;Chuva;Pleno dia;domingo;Colisão transversal;Simples;0;2;-26.31295828;-49.38837778;Perigosa;Sul;3 Trimestre
686921;2025.0;n;4.0;2025-04-23;DF;70;16;BRASILIA;Demais falhas mecânicas ou elétricas;Sem Vítimas;2;Céu Claro;Plena Noite;quarta-feira;Incêndio;Dupla;0;0;-15,7957385;-48,1959962;Segura;Centro-Oeste;2 Trimestre
588747;2024.0;n;3.0;2024-03-16;BA;101;588;CAMACAN;Acessar a via sem observar a presença dos outros veículos;Com Vítimas Feridas;2;Céu Claro;Pleno dia;sábado;Colisão lateral sentido oposto;Simples;0;0;-15.57185184;-39.40626224;Segura;Nordeste;1 Trimestre
628397;2024.0;n;9.0;2024-09-15;SP;116;523;CAJATI;Reação tardia ou ineficiente do condutor;Com Vítimas Feridas;2;Chuva;Plena Noite;domingo;Saída de leito carroçável;Dupla;0;0;-24.91273105;-48.25307091;Segura;Sudeste;3 Trimestre
658958;2025.0;n;2.0;2025-02-03;AL;101;93;RIO LARGO;Reação tardia ou ineficiente do condutor;Com Vítimas Feridas;4;Chuva;Plena Noite;segunda-feira;Colisão traseira;Simples;0;0;-9,50845198;-35,92634901;Segura;Nordeste;1 Trimestre
588000;2024.0;n;3.0;2024-03-17;GO;80;82;PADRE BERNARDO;Reação tardia ou ineficiente do condutor;Com Vítimas Feridas;2;Céu Claro;Plena Noite;domingo;Colisão traseira;Simples;0;1;-15.214273;-48.579413;Perigosa;Centro-Oeste;1 Trimestre
630130;2024.0;n;9.0;2024-09-23;PB;230;512;CAJAZEIRAS;Ultrapassagem Indevida;Com Vítimas Fatais;3;Céu Claro;Plena Noite;segunda-feira;Colisão traseira;Simples;4;3;-6.8847;-38.6229;Perigosa;Nordeste;3 Trimestre
667330;2025.0;n;3.0;2025-03-15;ES;101;246,1;SERRA;Condutor Dormindo;Com Vítimas Feridas;2;Céu Claro;Plena Noite;sábado;Colisão com objeto;Simples;0;0;-20,0647545;-40,37611932;Segura;Sudeste;1 Trimestre
662166;2025.0;n;2.0;2025-02-18;MG;381;453;SABARA;Acessar a via sem observar a presença dos outros veículos;Com Vítimas Feridas;3;Sol;Pleno dia;terça-feira;Colisão lateral mesmo sentido;Simples;0;1;-19,84153255;-43,86207819;Perigosa;Sudeste;1 Trimestre
590427;2024.0;n;3.0;2024-03-28;PR;277;659;MATELANDIA;Velocidade Incompatível;Com Vítimas Feridas;3;Céu Claro;Plena Noite;quinta-feira;Tombamento;Dupla;0;0;-25.24664169;-53.98334832;Segura;Sul;1 Trimestre
668685;2025.0;n;3.0;2025-03-21;PR;277;114;CAMPO LARGO;Pedestre cruzava a pista fora da faixa;Com Vítimas Fatais;2;Céu Claro;Pleno dia;sexta-feira;Atropelamento de Pedestre;Dupla;1;0;-25,431887;-49,427895;Perigosa;Sul;1 Trimestre
627442;2024.0;n;9.0;2024-09-12;MG;40;432;PARAOPEBA;Ausência de reação do condutor;Sem Vítimas;2;Céu Claro;Plena Noite;quinta-feira;Saída de leito carroçável;Dupla;0;0;-19.20302941;-44.47243131;Segura;Sudeste;3 Trimestre
586794;2024.0;n;3.0;2024-03-12;SP;116;339;JUQUITIBA;Reação tardia ou ineficiente do condutor;Com Vítimas Feridas;2;Céu Claro;Pleno dia;terça-feira;Tombamento;Dupla;0;0;-23.9983939;-47.14927316;Segura;Sudeste;1 Trimestre
686691;2025.0;n;4.0;2025-04-22;SP;153;80,8;BADY BASSITT;Manobra de mudança de faixa;Com Vítimas Feridas;3;Céu Claro;Pleno dia;terça-feira;Colisão lateral mesmo sentido;Dupla;0;0;-20,910503;-49,48549;Segura;Sudeste;2 Trimestre
575055;2024.0;n;1.0;2024-01-16;RS;116;247;SAO LEOPOLDO;Objeto estático sobre o leito carroçável;Com Vítimas Feridas;2;Céu Claro;Pleno dia;terça-feira;Queda de ocupante de veículo;Dupla;0;0;-29.76733091;-51.1535296;Segura;Sul;1 Trimestre
617339;2024.0;n;7.0;2024-07-27;SP;116;301,6;SAO LOURENCO DA SERRA;Condutor Dormindo;Com Vítimas Feridas;1;Céu Claro;Plena Noite;sábado;Saída de leito carroçável;Dupla;0;0;-23.80951339;-46.92402363;Segura;Sudeste;3 Trimestre
657430;2025.0;n;1.0;2025-01-26;RS;285;243;CIRIACO;Ausência de reação do condutor;Com Vítimas Feridas;2;Céu Claro;Pleno dia;domingo;Colisão lateral sentido oposto;Simples;0;0;-28,265223;-51,918598;Segura;Sul;1 Trimestre
626830;2024.0;n;9.0;2024-09-08;BA;101;312;PRESIDENTE TANCREDO NEVES;Transitar na contramão;Com Vítimas Fatais;5;Céu Claro;Plena Noite;domingo;Colisão frontal;Simples;1;0;-13.454264;-39.420333;Perigosa;Nordeste;3 Trimestre
630069;2024.0;n;9.0;2024-09-23;MG;365;454;PATROCINIO;Mal súbito do condutor;Com Vítimas Feridas;1;Céu Claro;Pleno dia;segunda-feira;Saída de leito carroçável;Simples;0;1;-18.84425723;-46.8637369;Perigosa;Sudeste;3 Trimestre
599727;2024.0;n;5.0;2024-05-11;AL;101;194;SAO SEBASTIAO;Ausência de reação do condutor;Com Vítimas Feridas;2;Nublado;Pleno dia;sábado;Colisão traseira;Simples;0;0;-9.936889;-36.494044;Segura;Nordeste;2 Trimestre
666852;2025.0;n;3.0;2025-03-12;MT;364;299;JACIARA;Acumulo de água sobre o pavimento;Com Vítimas Feridas;5;Chuva;Anoitecer;quarta-feira;Colisão traseira;Dupla;0;0;-15,840149;-55,156565;Segura;Centro-Oeste;1 Trimestre
609722;2024.0;n;6.0;2024-06-24;RS;386;435;NOVA SANTA RITA;Condutor deixou de manter distância do veículo da frente;Com Vítimas Feridas;3;Nublado;Pleno dia;segunda-feira;Colisão traseira;Simples;0;0;-29.847723;-51.27079546;Segura;Sul;2 Trimestre
613249;2024.0;n;6.0;2024-06-19;SC;101;206;SAO JOSE;Reação tardia ou ineficiente do condutor;Com Vítimas Feridas;3;Céu Claro;Pleno dia;quarta-feira;Colisão lateral mesmo sentido;Dupla;0;1;-27.59193546;-48.61824557;Perigosa;Sul;2 Trimestre
628288;2024.0;n;9.0;2024-09-15;MG;381;401;BOM JESUS DO AMPARO;Velocidade Incompatível;Com Vítimas Feridas;4;Céu Claro;Pleno dia;domingo;Tombamento;Dupla;0;1;-19.74743793;-43.52145519;Perigosa;Sudeste;3 Trimestre
592422;2024.0;n;3.0;2024-03-22;MG;116;397,9;GOVERNADOR VALADARES;Velocidade Incompatível;Com Vítimas Feridas;3;Céu Claro;Pleno dia;sexta-feira;Tombamento;Simples;0;2;-18.74640854;-41.98322296;Perigosa;Sudeste;1 Trimestre
572601;2024.0;n;1.0;2024-01-04;RO;364;25,2;VILHENA;Ultrapassagem Indevida;Com Vítimas Feridas;4;Céu Claro;Pleno dia;quinta-feira;Colisão traseira;Simples;0;0;-12.72429829;-60.23883701;Segura;Norte;1 Trimestre
573888;2024.0;n;1.0;2024-01-11;PI;343;304,4;ALTOS;Desrespeitar a preferência no cruzamento;Sem Vítimas;4;Céu Claro;Plena Noite;quinta-feira;Colisão transversal;Simples;0;0;-5.03109693;-42.43846893;Segura;Nordeste;1 Trimestre
621189;2024.0;n;8.0;2024-08-14;SC;101;105;PENHA;Velocidade Incompatível;Com Vítimas Feridas;3;Sol;Pleno dia;quarta-feira;Tombamento;Simples;0;0;-26.79281742;-48.68080819;Segura;Sul;3 Trimestre
608384;2024.0;n;6.0;2024-06-18;PR;369;149;LONDRINA;Demais falhas mecânicas ou elétricas;Sem Vítimas;3;Céu Claro;Pleno dia;terça-feira;Eventos atípicos;Dupla;0;0;-23.29283;-51.153834;Segura;Sul;2 Trimestre
623810;2024.0;n;8.0;2024-08-26;CE;116;420,7;IPAUMIRIM;Demais falhas na via;Com Vítimas Feridas;2;Céu Claro;Pleno dia;segunda-feira;Tombamento;Simples;0;0;-6.76086622;-38.78023035;Segura;Nordeste;3 Trimestre
613245;2024.0;n;7.0;2024-07-09;BA;101;725;EUNAPOLIS;Velocidade Incompatível;Com Vítimas Feridas;1;Céu Claro;Pleno dia;terça-feira;Capotamento;Simples;0;2;-16.42867594;-39.5794487;Perigosa;Nordeste;3 Trimestre
620378;2024.0;n;8.0;2024-08-10;BA;110;321,8;ALAGOINHAS;Reação tardia ou ineficiente do condutor;Com Vítimas Feridas;2;Céu Claro;Pleno dia;sábado;Saída de leito carroçável;Simples;0;0;-12.07521394;-38.34597792;Segura;Nordeste;3 Trimestre
658425;2025.0;n;1.0;2025-01-31;MG;381;616;OLIVEIRA;Curva acentuada;Com Vítimas Feridas;2;Chuva;Pleno dia;sexta-feira;Saída de leito carroçável;Dupla;0;0;-20,75304819;-44,77475634;Segura;Sudeste;1 Trimestre
609172;2024.0;n;6.0;2024-06-22;PB;230;234,4;JUAZEIRINHO;Condutor deixou de manter distância do veículo da frente;Com Vítimas Feridas;4;Nublado;Pleno dia;sábado;Colisão traseira;Simples;0;0;-7.0388;-36.5116;Segura;Nordeste;2 Trimestre
581039;2024.0;n;2.0;2024-02-14;SC;470;54;BLUMENAU;Reação tardia ou ineficiente do condutor;Com Vítimas Feridas;3;Chuva;Plena Noite;quarta-feira;Colisão frontal;Dupla;0;0;-26.871065;-49.110374;Segura;Sul;1 Trimestre
658666;2025.0;n;2.0;2025-02-01;CE;20;317;CANINDE;Transitar na contramão;Com Vítimas Fatais;2;Céu Claro;Pleno dia;sábado;Colisão lateral sentido oposto;Simples;1;1;-4,29121502;-39,24974699;Perigosa;Nordeste;1 Trimestre
613646;2024.0;n;7.0;2024-07-10;MT;163;579;NOVA MUTUM;Acessar a via sem observar a presença dos outros veículos;Com Vítimas Feridas;2;Céu Claro;Plena Noite;quarta-feira;Colisão lateral sentido oposto;Simples;0;0;-14.090363;-56.113688;Segura;Centro-Oeste;3 Trimestre
597459;2024.0;n;4.0;2024-04-30;RS;290;94;PORTO ALEGRE;Reação tardia ou ineficiente do condutor;Com Vítimas Feridas;2;Chuva;Pleno dia;terça-feira;Colisão com objeto;Simples;0;0;-29.973856;-51.197853;Segura;Sul;2 Trimestre
608338;2024.0;n;6.0;2024-06-18;ES;262;80,3;DOMINGOS MARTINS;Velocidade Incompatível;Com Vítimas Feridas;2;Sol;Pleno dia;terça-feira;Tombamento;Simples;0;0;-20.40924049;-40.94035394;Segura;Sudeste;2 Trimestre
599906;2024.0;n;5.0;2024-05-12;RN;406;152;CEARA-MIRIM;Ingestão de álcool pelo condutor;Com Vítimas Feridas;2;Chuva;Plena Noite;domingo;Colisão frontal;Simples;0;1;-5.65651272;-35.41672366;Perigosa;Nordeste;2 Trimestre
597932;2024.0;n;5.0;2024-05-03;RJ;40;13;TRES RIOS;Reação tardia ou ineficiente do condutor;Com Vítimas Feridas;2;Nevoeiro/Neblina;Amanhecer;sexta-feira;Colisão traseira;Dupla;0;0;-22.06389311;-43.19613917;Segura;Sudeste;2 Trimestre
596775;2024.0;n;4.0;2024-04-27;AL;101;134;SAO MIGUEL DOS CAMPOS;Transitar na contramão;Com Vítimas Feridas;3;Nublado;Plena Noite;sábado;Colisão frontal;Simples;0;0;-9.78051903;-36.10610645;Segura;Nordeste;2 Trimestre
585063;2024.0;n;3.0;2024-03-04;MT;364;498;JANGADA;Conversão proibida;Com Vítimas Feridas;8;Céu Claro;Plena Noite;segunda-feira;Colisão transversal;Simples;0;1;-15.26383164;-56.45548663;Perigosa;Centro-Oeste;1 Trimestre
653936;2025.0;n;1.0;2025-01-08;MT;163;1103;GUARANTA DO NORTE;Reação tardia ou ineficiente do condutor;Com Vítimas Feridas;2;Chuva;Plena Noite;quarta-feira;Saída de leito carroçável;Simples;0;0;-9,644055;-54,879392;Segura;Centro-Oeste;1 Trimestre
617172;2024.0;n;7.0;2024-07-27;SC;101;174,8;GOVERNADOR CELSO RAMOS;Frear bruscamente;Com Vítimas Feridas;2;Nevoeiro/Neblina;Amanhecer;sábado;Colisão traseira;Dupla;0;0;-27.33081601;-48.62697562;Segura;Sul;3 Trimestre
652537;2025.0;y;1.0;2025-01-01;MG;262;129;RIO CASCA;Ausência de reação do condutor;Com Vítimas Feridas;1;Garoa/Chuvisco;Pleno dia;quarta-feira;Saída de leito carroçável;Simples;0;0;-20,21312389;-42,65721909;Segura;Sudeste;1 Trimestre
576496;2024.0;n;1.0;2024-01-22;BA;242;258;BOA VISTA DO TUPIM;Velocidade Incompatível;Sem Vítimas;4;Céu Claro;Pleno dia;segunda-feira;Tombamento;Simples;0;0;-12.47654323;-40.53365808;Segura;Nordeste;1 Trimestre
588367;2024.0;n;3.0;2024-03-19;CE;222;26;CAUCAIA;Condutor deixou de manter distância do veículo da frente;Com Vítimas Feridas;3;Céu Claro;Pleno dia;terça-feira;Engavetamento;Dupla;0;0;-3.727674;-38.775226;Segura;Nordeste;1 Trimestre
686958;2025.0;n;4.0;2025-04-23;BA;349;832;SERRA DO RAMALHO;Manobra de mudança de faixa;Com Vítimas Fatais;3;Céu Claro;Plena Noite;quarta-feira;Colisão frontal;Simples;2;0;-13,303;-43,7565;Perigosa;Nordeste;2 Trimestre
587556;2024.0;n;3.0;2024-03-15;PR;153;513,5;GENERAL CARNEIRO;Condutor Dormindo;Com Vítimas Feridas;2;Céu Claro;Plena Noite;sexta-feira;Saída de leito carroçável;Simples;0;0;-26.53878004;-51.41670227;Segura;Sul;1 Trimestre
613375;2024.0;n;7.0;2024-07-10;SC;280;163,9;MAFRA;Acessar a via sem observar a presença dos outros veículos;Com Vítimas Feridas;2;Chuva;Plena Noite;quarta-feira;Colisão transversal;Simples;0;1;-26.19230663;-49.80362578;Perigosa;Sul;3 Trimestre
622523;2024.0;n;8.0;2024-08-20;SC;116;154;SANTA CECILIA;Velocidade Incompatível;Com Vítimas Feridas;3;Nublado;Pleno dia;terça-feira;Colisão frontal;Simples;0;0;-27.0659161;-50.4277677;Segura;Sul;3 Trimestre
589983;2024.0;n;3.0;2024-03-27;PE;232;62,6;POMBOS;Demais falhas mecânicas ou elétricas;Sem Vítimas;1;Céu Claro;Amanhecer;quarta-feira;Saída de leito carroçável;Dupla;0;0;-8.15598579;-35.42308007;Segura;Nordeste;1 Trimestre
602530;2024.0;n;5.0;2024-05-23;MA;135;4,3;SAO LUIS;Falta de elemento de contenção que evite a saída do leito carroçável;Com Vítimas Feridas;3;Céu Claro;Plena Noite;quinta-feira;Colisão lateral mesmo sentido;Dupla;0;1;-2.53073;-44.3068;Perigosa;Nordeste;2 Trimestre
604152;2024.0;n;5.0;2024-05-31;RN;406;115;POCO BRANCO;Avarias e/ou desgaste excessivo no pneu;Sem Vítimas;1;Céu Claro;Plena Noite;sexta-feira;Saída de leito carroçável;Simples;0;0;-5.57023884;-35.71071495;Segura;Nordeste;2 Trimestre
629816;2024.0;n;9.0;2024-09-22;RJ;116;130;MAGE;Velocidade Incompatível;Com Vítimas Feridas;2;Sol;Pleno dia;domingo;Tombamento;Dupla;0;0;-22.65949914;-43.11671944;Segura;Sudeste;3 Trimestre
630129;2024.0;n;9.0;2024-09-23;PE;101;206,4;XEXEU;Reação tardia ou ineficiente do condutor;Com Vítimas Feridas;2;Céu Claro;Anoitecer;segunda-feira;Tombamento;Dupla;0;0;-8.83845696;-35.63621337;Segura;Nordeste;3 Trimestre
671427;2025.0;n;4.0;2025-04-04;BA;101;99;ALAGOINHAS;Acessar a via sem observar a presença dos outros veículos;Com Vítimas Feridas;3;Céu Claro;Pleno dia;sexta-feira;Colisão transversal;Simples;0;0;-12,07943628;-38,34628701;Segura;Nordeste;2 Trimestre
599632;2024.0;n;5.0;2024-05-10;PR;153;108,8;IBAITI;Condutor Dormindo;Com Vítimas Feridas;3;Céu Claro;Plena Noite;sexta-feira;Colisão traseira;Simples;0;1;-23.8479;-50.19259148;Perigosa;Sul;2 Trimestre
656625;2025.0;n;1.0;2025-01-22;RJ;465;2,4;SEROPEDICA;Conversão proibida;Com Vítimas Feridas;2;Céu Claro;Pleno dia;quarta-feira;Colisão lateral mesmo sentido;Simples;0;0;-22,727266;-43,718712;Segura;Sudeste;1 Trimestre
593392;2024.0;n;4.0;2024-04-12;RJ;116;146;DUQUE DE CAXIAS;Ausência de reação do condutor;Com Vítimas Feridas;1;Céu Claro;Amanhecer;sexta-feira;Saída de leito carroçável;Dupla;0;0;-22.66687859;-43.26368215;Segura;Sudeste;2 Trimestre
661670;2025.0;n;2.0;2025-02-16;SC;101;273,5;IMBITUBA;Ausência de reação do condutor;Com Vítimas Feridas;4;Céu Claro;Plena Noite;domingo;Colisão lateral mesmo sentido;Dupla;0;0;-28,13681403;-48,69203389;Segura;Sul;1 Trimestre
670020;2025.0;n;3.0;2025-03-27;SC;470;67;INDAIAL;Acessar a via sem observar a presença dos outros veículos;Com Vítimas Feridas;3;Nevoeiro/Neblina;Plena Noite;quinta-feira;Colisão transversal;Simples;0;0;-26,87015722;-49,22658741;Segura;Sul;1 Trimestre
595960;2024.0;n;4.0;2024-04-23;GO;153;27;PORANGATU;Reação tardia ou ineficiente do condutor;Com Vítimas Fatais;2;Céu Claro;Plena Noite;terça-feira;Atropelamento de Pedestre;Simples;1;0;-13.062036;-49.182079;Perigosa;Centro-Oeste;2 Trimestre
585347;2024.0;n;3.0;2024-03-06;MG;40;525,9;CONTAGEM;Manobra de mudança de faixa;Com Vítimas Feridas;3;Chuva;Pleno dia;quarta-feira;Colisão lateral mesmo sentido;Múltipla;0;0;-19.8923574;-44.05014396;Segura;Sudeste;1 Trimestre
605494;2024.0;n;6.0;2024-06-06;PR;376;493;PONTA GROSSA;Acessar a via sem observar a presença dos outros veículos;Com Vítimas Feridas;3;Céu Claro;Pleno dia;quinta-feira;Colisão lateral mesmo sentido;Dupla;0;0;-25.16001091;-50.12436895;Segura;Sul;2 Trimestre
603874;2024.0;n;5.0;2024-05-29;ES;262;95,9;VENDA NOVA DO IMIGRANTE;Desrespeitar a preferência no cruzamento;Com Vítimas Feridas;3;Nublado;Plena Noite;quarta-feira;Colisão transversal;Simples;0;1;-20.36398712;-41.0657984;Perigosa;Sudeste;2 Trimestre
663536;2025.0;n;2.0;2025-02-25;BA;20;193;LUIS EDUARDO MAGALHAES;Ingestão de álcool pelo condutor;Com Vítimas Feridas;4;Céu Claro;Plena Noite;terça-feira;Tombamento;Simples;0;0;-12,25815244;-45,84025462;Segura;Nordeste;1 Trimestre
672603;2025.0;n;4.0;2025-04-09;MG;40;665,3;CARANDAI;Desrespeitar a preferência no cruzamento;Com Vítimas Fatais;3;Céu Claro;Plena Noite;quarta-feira;Colisão transversal;Simples;2;1;-20,943382;-43,810095;Perigosa;Sudeste;2 Trimestre
585796;2024.0;n;1.0;2024-01-29;MG;40;525;CONTAGEM;Acesso irregular;Com Vítimas Feridas;3;Nublado;Plena Noite;segunda-feira;Colisão traseira;Dupla;0;2;-19.88361702;-44.05039336;Perigosa;Sudeste;1 Trimestre
670852;2025.0;n;4.0;2025-04-01;MG;365;665,8;MONTE ALEGRE DE MINAS;Condutor Dormindo;Com Vítimas Feridas;4;Nublado;Amanhecer;terça-feira;Colisão traseira;Dupla;0;1;-18,89098063;-48,69503852;Perigosa;Sudeste;2 Trimestre
613022;2024.0;n;7.0;2024-07-08;GO;60;206,7;GUAPO;Ingestão de álcool pelo condutor;Sem Vítimas;2;Céu Claro;Pleno dia;segunda-feira;Colisão lateral mesmo sentido;Dupla;0;0;-16.92387953;-49.66386795;Segura;Centro-Oeste;3 Trimestre
599703;2024.0;n;5.0;2024-05-10;PA;316;122;NOVA TIMBOTEUA;Ultrapassagem Indevida;Com Vítimas Fatais;5;Nevoeiro/Neblina;Amanhecer;sexta-feira;Colisão frontal;Simples;1;3;-1.31305099;-47.417276;Perigosa;Norte;2 Trimestre
608548;2024.0;n;6.0;2024-06-19;PR;369;143;LONDRINA;Transitar na contramão;Com Vítimas Feridas;2;Céu Claro;Pleno dia;quarta-feira;Colisão frontal;Dupla;0;1;-23.29305219;-51.09756231;Perigosa;Sul;2 Trimestre
616534;2024.0;n;7.0;2024-07-24;PI;135;500;MONTE ALEGRE DO PIAUI;Transitar na contramão;Com Vítimas Fatais;2;Céu Claro;Pleno dia;quarta-feira;Colisão frontal;Simples;1;0;-9.73827734;-45.26741798;Perigosa;Nordeste;3 Trimestre