id;ano;feriado;mes;data_inversa;uf;br;km;municipio;causa_acidente;classificacao_acidente;veiculos;condicao_metereologica;fase_dia;dia_semana;tipo_acidente;tipo_pista;mortos;feridos_graves;latitude;longitude;status;regiao;periodo
606851;2024.0;n;6.0;2024-06-11;RS;101;7,9;TORRES;Acessar a via sem observar a presença dos outros veículos;Com Vítimas Fatais;3;Céu Claro;Plena Noite;terça-feira;Tombamento;Dupla;1;0;-29.35399189;-49.8004501;Perigosa;Sul;2 Trimestre
583021;2024.0;n;2.0;2024-02-24;ES;101;269;SERRA;Ingestão de álcool pelo condutor;Sem Vítimas;3;Céu Claro;Pleno dia;sábado;Colisão lateral mesmo sentido;Dupla;0;0;-20.21740496;-40.26990578;Segura;Sudeste;1 Trimestre
610298;2024.0;n;6.0;2024-06-27;RJ;356;18;ITAPERUNA;Manobra de mudança de faixa;Com Vítimas Fatais;3;Céu Claro;Amanhecer;quinta-feira;Colisão frontal;Simples;1;0;-21.17851503;-42.02934599;Perigosa;Sudeste;2 Trimestre
622667;2024.0;n;8.0;2024-08-21;PR;116;100;SAO JOSE DOS PINHAIS;Ausência de reação do condutor;Com Vítimas Feridas;3;Garoa/Chuvisco;Pleno dia;quarta-feira;Colisão lateral mesmo sentido;Dupla;0;1;-25.53379421;-49.14663578;Perigosa;Sul;3 Trimestre
623581;2024.0;n;8.0;2024-08-25;BA;324;530;FEIRA DE SANTANA;Reação tardia ou ineficiente do condutor;Com Vítimas Feridas;4;Céu Claro;Anoitecer;domingo;Colisão traseira;Dupla;0;0;-12.32818491;-38.86174193;Segura;Nordeste;3 Trimestre
605768;2024.0;n;6.0;2024-06-07;PR;277;1,3;PARANAGUA;Condutor deixou de manter distância do veículo da frente;Com Vítimas Feridas;5;Céu Claro;Pleno dia;sexta-feira;Colisão lateral mesmo sentido;Simples;0;0;-25.530637;-48.548807;Segura;Sul;2 Trimestre
589378;2024.0;n;3.0;2024-03-24;AL;101;57,7;MESSIAS;Problema com o freio;Com Vítimas Feridas;1;Céu Claro;Amanhecer;domingo;Saída de leito carroçável;Dupla;0;0;-9.2726282;-35.79226676;Segura;Nordeste;1 Trimestre
627324;2024.0;n;9.0;2024-09-11;MT;163;102,3;RONDONOPOLIS;Ausência de reação do condutor;Com Vítimas Feridas;9;Sol;Pleno dia;quarta-feira;Engavetamento;Dupla;0;0;-16.63713456;-54.69416719;Segura;Centro-Oeste;3 Trimestre
614580;2024.0;n;7.0;2024-07-15;SC;280;66,8;JARAGUA DO SUL;Acessar a via sem observar a presença dos outros veículos;Com Vítimas Feridas;2;Chuva;Pleno dia;segunda-feira;Colisão transversal;Simples;0;0;-26.4775146;-49.10363575;Segura;Sul;3 Trimestre
597721;2024.0;n;5.0;2024-05-02;MG;116;500,5;INHAPIM;Transitar na contramão;Com Vítimas Feridas;3;Céu Claro;Plena Noite;quinta-feira;Colisão frontal;Simples;0;0;-19.57017905;-42.12132627;Segura;Sudeste;2 Trimestre
653960;2025.0;n;1.0;2025-01-09;MG;251;287;SALINAS;Reação tardia ou ineficiente do condutor;Com Vítimas Feridas;2;Garoa/Chuvisco;Plena Noite;quinta-feira;Colisão traseira;Simples;0;0;-16,03987431;-42,1366024;Segura;Sudeste;1 Trimestre
668219;2025.0;n;3.0;2025-03-19;MG;267;62;BICAS;Ausência de reação do condutor;Com Vítimas Feridas;1;Nublado;Pleno dia;quarta-feira;Saída de leito carroçável;Simples;0;0;-21,73201346;-43,08307886;Segura;Sudeste;1 Trimestre
610277;2024.0;n;6.0;2024-06-27;RJ;393;201;VASSOURAS;Manobra de mudança de faixa;Sem Vítimas;3;Céu Claro;Plena Noite;quinta-feira;Colisão transversal;Simples;0;0;-22.21504929;-43.40702789;Segura;Sudeste;2 Trimestre
599261;2024.0;n;5.0;2024-05-09;MT;364;151;PEDRA PRETA;Reação tardia ou ineficiente do condutor;Com Vítimas Feridas;20;Céu Claro;Pleno dia;quinta-feira;Engavetamento;Simples;0;0;-16.78856215;-54.21603106;Segura;Centro-Oeste;2 Trimestre
624676;2024.0;n;8.0;2024-08-30;RR;401;89;BONFIM;Ausência de reação do condutor;Com Vítimas Feridas;3;Céu Claro;Plena Noite;sexta-feira;Colisão frontal;Simples;0;2;3.25956958;-60.09215594;Perigosa;Norte;3 Trimestre
654344;2025.0;n;1.0;2025-01-11;SC;116;220,5;CORREIA PINTO;Ingestão de álcool pelo condutor;Com Vítimas Feridas;3;Nublado;Plena Noite;sábado;Colisão traseira;Simples;0;0;-27,59033425;-50,36271214;Segura;Sul;1 Trimestre
575117;2024.0;n;1.0;2024-01-16;RO;364;487;ARIQUEMES;Condutor deixou de manter distância do veículo da frente;Com Vítimas Feridas;3;Céu Claro;Pleno dia;terça-feira;Colisão lateral mesmo sentido;Simples;0;0;-10.1121516;-62.92105484;Segura;Norte;1 Trimestre
654556;2025.0;n;1.0;2025-01-11;BA;116;770,5;POCOES;Frear bruscamente;Sem Vítimas;1;Garoa/Chuvisco;Plena Noite;sábado;Tombamento;Simples;0;0;-14,55506709;-40,4074369;Segura;Nordeste;1 Trimestre
591662;2024.0;n;4.0;2024-04-04;RS;116;524;PELOTAS;Avarias e/ou desgaste excessivo no pneu;Com Vítimas Feridas;2;Chuva;Plena Noite;quinta-feira;Saída de leito carroçável;Dupla;0;0;-31.72863738;-52.38746675;Segura;Sul;2 Trimestre
626756;2024.0;n;9.0;2024-09-08;SP;153;29;NOVA GRANADA;Demais falhas mecânicas ou elétricas;Com Vítimas Feridas;3;Céu Claro;Plena Noite;domingo;Colisão com objeto;Simples;0;0;-20.52148;-49.326782;Segura;Sudeste;3 Trimestre
620070;2024.0;n;8.0;2024-08-09;PE;428;183;PETROLINA;Ausência de reação do condutor;Sem Vítimas;2;Céu Claro;Pleno dia;sexta-feira;Colisão com objeto;Dupla;0;0;-9.32412987;-40.46211325;Segura;Nordeste;3 Trimestre
622115;2024.0;n;8.0;2024-08-18;RS;116;40,2;VACARIA;Acessar a via sem observar a presença dos outros veículos;Com Vítimas Feridas;3;Céu Claro;Anoitecer;domingo;Colisão transversal;Simples;0;0;-28.52119958;-50.94262427;Segura;Sul;3 Trimestre
686878;2025.0;n;4.0;2025-04-23;BA;324;608;SIMOES FILHO;Carga excessiva e/ou mal acondicionada;Com Vítimas Feridas;1;Céu Claro;Pleno dia;quarta-feira;Tombamento;Dupla;0;0;-12,819595;-38,4087878;Segura;Nordeste;2 Trimestre
582813;2024.0;n;2.0;2024-02-23;ES;101;264;SERRA;Ausência de reação do condutor;Com Vítimas Feridas;4;Céu Claro;Pleno dia;sexta-feira;Engavetamento;Múltipla;0;0;-20.17292791;-40.26736384;Segura;Sudeste;1 Trimestre
611538;2024.0;n;7.0;2024-07-02;GO;60;11,1;SANTO ANTONIO DO DESCOBERTO;Velocidade Incompatível;Com Vítimas Feridas;3;Céu Claro;Anoitecer;terça-feira;Colisão traseira;Dupla;0;0;-16.1183886;-48.3240509;Segura;Centro-Oeste;3 Trimestre
627578;2024.0;n;9.0;2024-09-12;MA;10;222,9;GOVERNADOR EDISON LOBAO;Fumaça;Sem Vítimas;4;Céu Claro;Pleno dia;quinta-feira;Incêndio;Simples;0;0;-5.772689;-47.359318;Segura;Nordeste;3 Trimestre
605156;2024.0;n;6.0;2024-06-04;AM;319;693;HUMAITA;Ingestão de álcool pelo condutor;Sem Vítimas;4;Céu Claro;Pleno dia;terça-feira;Tombamento;Simples;0;0;-7.679187;-63.08162918;Segura;Norte;2 Trimestre
596516;2024.0;n;4.0;2024-04-26;PR;277;31,8;MORRETES;Reação tardia ou ineficiente do condutor;Com Vítimas Feridas;6;Nublado;Pleno dia;sexta-feira;Colisão com objeto;Dupla;0;0;-25.56131287;-48.81189045;Segura;Sul;2 Trimestre
667912;2025.0;n;1.0;2025-01-13;ES;101;321,7;GUARAPARI;Ausência de reação do condutor;Com Vítimas Feridas;2;Chuva;Amanhecer;segunda-feira;Colisão traseira;Dupla;0;0;-20,52517057;-40,48003793;Segura;Sudeste;1 Trimestre
662892;2025.0;n;2.0;2025-02-22;PR;277;21,5;MORRETES;Acessar a via sem observar a presença dos outros veículos;Sem Vítimas;3;Céu Claro;Pleno dia;sábado;Colisão lateral mesmo sentido;Dupla;0;0;-25,530523;-48,720102;Segura;Sul;1 Trimestre
595306;2024.0;n;4.0;2024-04-20;MG;381;351;JOAO MONLEVADE;Transitar na contramão;Com Vítimas Feridas;3;Céu Claro;Plena Noite;sábado;Colisão lateral sentido oposto;Simples;0;0;-19.85717425;-43.12365532;Segura;Sudeste;2 Trimestre
616699;2024.0;n;7.0;2024-07-25;RS;290;50;GLORINHA;Condutor Dormindo;Com Vítimas Feridas;3;Céu Claro;Amanhecer;quinta-feira;Colisão lateral mesmo sentido;Dupla;0;0;-29.906758;-50.758089;Segura;Sul;3 Trimestre
630493;2024.0;n;9.0;2024-09-25;SC;101;117,3;ITAJAI;Desrespeitar a preferência no cruzamento;Com Vítimas Feridas;3;Céu Claro;Plena Noite;quarta-feira;Colisão transversal;Simples;0;0;-26.88747187;-48.72252969;Segura;Sul;3 Trimestre
669741;2025.0;n;3.0;2025-03-26;PR;376;614;SAO JOSE DOS PINHAIS;Manobra de mudança de faixa;Com Vítimas Feridas;2;Nublado;Anoitecer;quarta-feira;Colisão traseira;Dupla;0;0;-25,57250675;-49,18051529;Segura;Sul;1 Trimestre
660452;2025.0;n;2.0;2025-02-10;MG;381;398,7;BOM JESUS DO AMPARO;Pedestre andava na pista;Com Vítimas Fatais;2;Céu Claro;Pleno dia;segunda-feira;Atropelamento de Pedestre;Dupla;1;0;-19,753452;-43,474711;Perigosa;Sudeste;1 Trimestre
592099;2024.0;n;4.0;2024-04-06;BA;242;351;LENCOIS;Reação tardia ou ineficiente do condutor;Com Vítimas Feridas;2;Chuva;Amanhecer;sábado;Tombamento;Simples;0;0;-12.49243908;-41.3280788;Segura;Nordeste;2 Trimestre
664937;2025.0;n;3.0;2025-03-03;SP;381;71;SAO PAULO;Condutor deixou de manter distância do veículo da frente;Com Vítimas Feridas;2;Céu Claro;Pleno dia;segunda-feira;Colisão lateral mesmo sentido;Dupla;0;1;-23,35678394;-46,54911887;Perigosa;Sudeste;1 Trimestre
609764;2024.0;n;6.0;2024-06-24;SC;153;72,3;IRANI;Condutor deixou de manter distância do veículo da frente;Com Vítimas Feridas;3;Chuva;Pleno dia;segunda-feira;Colisão traseira;Simples;0;0;-27.065798;-51.893486;Segura;Sul;2 Trimestre
620750;2024.0;n;8.0;2024-08-12;MG;381;503,9;BETIM;Reação tardia ou ineficiente do condutor;Com Vítimas Feridas;4;Céu Claro;Pleno dia;segunda-feira;Colisão traseira;Dupla;0;1;-20.029109;-44.235193;Perigosa;Sudeste;3 Trimestre
602087;2024.0;n;5.0;2024-05-21;PR;277;19,4;MORRETES;Ausência de reação do condutor;Com Vítimas Feridas;7;Nublado;Plena Noite;terça-feira;Colisão traseira;Dupla;0;1;-25.53577839;-48.70166838;Perigosa;Sul;2 Trimestre
599969;2024.0;n;2.0;2024-02-04;MT;70;514;VARZEA GRANDE;Condutor desrespeitou a iluminação vermelha do semáforo;Sem Vítimas;4;Nublado;Pleno dia;domingo;Colisão transversal;Simples;0;0;-15.70634076;-56.13696098;Segura;Centro-Oeste;1 Trimestre
671238;2025.0;n;4.0;2025-04-03;AL;101;176,8;TEOTONIO VILELA;Acessar a via sem observar a presença dos outros veículos;Com Vítimas Feridas;2;Céu Claro;Amanhecer;quinta-feira;Colisão frontal;Simples;0;0;-9,8953637;-36,3723807;Segura;Nordeste;2 Trimestre
686645;2025.0;n;4.0;2025-04-16;MA;135;13;SAO LUIS;Pista Escorregadia;Com Vítimas Feridas;2;Chuva;Pleno dia;quarta-feira;Saída de leito carroçável;Dupla;0;0;-2,61398701;-44,32125829;Segura;Nordeste;2 Trimestre
629599;2024.0;n;9.0;2024-09-21;PE;101;53;PAULISTA;Trafegar com motocicleta (ou similar) entre as faixas;Com Vítimas Feridas;4;Sol;Pleno dia;sábado;Colisão lateral mesmo sentido;Dupla;0;1;-7.935743;-34.903057;Perigosa;Nordeste;3 Trimestre
658239;2025.0;n;1.0;2025-01-30;BA;116;543;MILAGRES;Condutor deixou de manter distância do veículo da frente;Com Vítimas Fatais;4;Céu Claro;Pleno dia;quinta-feira;Colisão traseira;Simples;1;0;-12,85096022;-39,84407187;Perigosa;Nordeste;1 Trimestre
614590;2024.0;n;6.0;2024-06-14;PR;476;303;SAO MATEUS DO SUL;Demais falhas na via;Com Vítimas Feridas;2;Céu Claro;Amanhecer;sexta-feira;Tombamento;Simples;0;0;-25.999022;-50.588963;Segura;Sul;2 Trimestre
627544;2024.0;n;9.0;2024-09-12;RS;290;131;ELDORADO DO SUL;Reação tardia ou ineficiente do condutor;Com Vítimas Feridas;2;Garoa/Chuvisco;Pleno dia;quinta-feira;Saída de leito carroçável;Dupla;0;0;-30.060116;-51.520683;Segura;Sul;3 Trimestre
689778;2025.0;n;4.0;2025-04-23;PE;101;69;RECIFE;Reação tardia ou ineficiente do condutor;Com Vítimas Feridas;2;Céu Claro;Pleno dia;quarta-feira;Colisão traseira;Dupla;0;0;-8,06205694;-34,94466363;Segura;Nordeste;2 Trimestre
603780;2024.0;n;5.0;2024-05-29;PR;376;336;ORTIGUEIRA;Ausência de reação do condutor;Com Vítimas Feridas;2;Céu Claro;Pleno dia;quarta-feira;Tombamento;Simples;0;0;-24.14373736;-50.9860962;Segura;Sul;2 Trimestre
671519;2025.0;n;4.0;2025-04-04;PR;376;435,7;TIBAGI;Transitar na contramão;Com Vítimas Fatais;4;Céu Claro;Pleno dia;sexta-feira;Colisão com objeto;Simples;1;1;-24,779;-50,514278;Perigosa;Sul;2 Trimestre
665676;2025.0;n;3.0;2025-03-07;PE;232;31;MORENO;Demais falhas mecânicas ou elétricas;Sem Vítimas;1;Céu Claro;Pleno dia;sexta-feira;Incêndio;Dupla;0;0;-8,10973;-35,15695;Segura;Nordeste;1 Trimestre
661644;2025.0;n;2.0;2025-02-15;MA;222;152;VARGEM GRANDE;Transitar na contramão;Com Vítimas Fatais;2;Céu Claro;Plena Noite;sábado;Colisão frontal;Simples;1;0;-3,53485254;-43,94414714;Perigosa;Nordeste;1 Trimestre
573910;2024.0;n;1.0;2024-01-11;MG;251;512,8;FRANCISCO SA;Transitar na contramão;Com Vítimas Feridas;2;Céu Claro;Pleno dia;quinta-feira;Colisão lateral sentido oposto;Simples;0;0;-16.6553239;-43.71906108;Segura;Sudeste;1 Trimestre
662159;2025.0;n;2.0;2025-02-18;SC;282;614;MARAVILHA;Demais Fenômenos da natureza;Sem Vítimas;2;Chuva;Plena Noite;terça-feira;Colisão traseira;Simples;0;0;-26,76932;-53,264568;Segura;Sul;1 Trimestre
611706;2024.0;n;7.0;2024-07-03;GO;60;406;RIO VERDE;Conversão proibida;Com Vítimas Feridas;3;Céu Claro;Pleno dia;quarta-feira;Colisão transversal;Dupla;0;0;-17.8154;-51.1083;Segura;Centro-Oeste;3 Trimestre
597924;2024.0;n;5.0;2024-05-02;PA;163;974;SANTAREM;Acessar a via sem observar a presença dos outros veículos;Com Vítimas Feridas;2;Céu Claro;Pleno dia;quinta-feira;Colisão lateral mesmo sentido;Simples;0;1;-2.64682651;-54.80109589;Perigosa;Norte;2 Trimestre
600615;2024.0;n;5.0;2024-05-14;RO;364;386,3;OURO PRETO DO OESTE;Acessar a via sem observar a presença dos outros veículos;Com Vítimas Feridas;2;Céu Claro;Pleno dia;terça-feira;Colisão transversal;Simples;0;0;-10.70116422;-62.26238327;Segura;Norte;2 Trimestre
584408;2024.0;n;3.0;2024-03-02;CE;222;3;FORTALEZA;Avarias e/ou desgaste excessivo no pneu;Com Vítimas Feridas;2;Céu Claro;Pleno dia;sábado;Colisão com objeto;Dupla;0;0;-3.7403769;-38.59569202;Segura;Nordeste;1 Trimestre
660687;2025.0;n;2.0;2025-02-11;PB;230;12,2;CABEDELO;Ausência de reação do condutor;Sem Vítimas;3;Céu Claro;Pleno dia;terça-feira;Colisão transversal;Dupla;0;0;-7,07340353;-34,84973882;Segura;Nordeste;1 Trimestre
660280;2025.0;n;2.0;2025-02-09;SP;116;291;ITAPECERICA DA SERRA;Ausência de reação do condutor;Com Vítimas Feridas;3;Céu Claro;Pleno dia;domingo;Colisão traseira;Dupla;0;0;-23,73826593;-46,89672721;Segura;Sudeste;1 Trimestre
664981;2025.0;n;3.0;2025-03-03;CE;222;309;TIANGUA;Acessar a via sem observar a presença dos outros veículos;Com Vítimas Feridas;3;Céu Claro;Pleno dia;segunda-feira;Colisão transversal;Dupla;0;1;-3,703853;-40,976172;Perigosa;Nordeste;1 Trimestre
585585;2024.0;n;1.0;2024-01-31;SC;280;130;RIO NEGRINHO;Ingestão de álcool pelo condutor;Com Vítimas Feridas;2;Céu Claro;Pleno dia;quarta-feira;Colisão lateral sentido oposto;Simples;0;0;-26.2530246;-49.52924913;Segura;Sul;1 Trimestre
671363;2025.0;n;4.0;2025-04-03;BA;116;731;BOA NOVA;Ausência de reação do condutor;Com Vítimas Feridas;7;Céu Claro;Pleno dia;quinta-feira;Colisão traseira;Simples;0;1;-14,31168148;-40,32282829;Perigosa;Nordeste;2 Trimestre
606431;2024.0;n;6.0;2024-06-10;MS;163;157;JUTI;Ausência de reação do condutor;Com Vítimas Feridas;3;Céu Claro;Plena Noite;segunda-feira;Saída de leito carroçável;Simples;0;0;-22.92731619;-54.48464303;Segura;Centro-Oeste;2 Trimestre
616179;2024.0;n;7.0;2024-07-22;PR;116;152;MANDIRITUBA;Desrespeitar a preferência no cruzamento;Com Vítimas Feridas;2;Céu Claro;Pleno dia;segunda-feira;Colisão transversal;Simples;0;0;-25.86232262;-49.36191559;Segura;Sul;3 Trimestre
608678;2024.0;n;6.0;2024-06-19;RO;429;309,4;PRESIDENTE MEDICI;Ingestão de álcool pelo condutor;Com Vítimas Feridas;5;Céu Claro;Plena Noite;quarta-feira;Colisão transversal;Simples;0;1;-11.16026996;-61.90160394;Perigosa;Norte;2 Trimestre
656303;2025.0;n;1.0;2025-01-20;MG;381;929,9;ITAPEVA;Velocidade Incompatível;Com Vítimas Feridas;2;Céu Claro;Pleno dia;segunda-feira;Tombamento;Dupla;0;0;-22,77475998;-46,23893809;Segura;Sudeste;1 Trimestre
585831;2024.0;n;3.0;2024-03-08;PR;376;421;TIBAGI;Reação tardia ou ineficiente do condutor;Com Vítimas Feridas;3;Céu Claro;Pleno dia;sexta-feira;Tombamento;Dupla;0;0;-24.69031;-50.581493;Segura;Sul;1 Trimestre
587761;2024.0;n;3.0;2024-03-17;PR;163;331;GUAIRA;Ingestão de álcool pelo condutor;Sem Vítimas;4;Céu Claro;Plena Noite;domingo;Colisão lateral sentido oposto;Simples;0;0;-24.240841;-54.19934555;Segura;Sul;1 Trimestre
574757;2024.0;n;1.0;2024-01-14;RS;158;194,7;CRUZ ALTA;Faixas de trânsito com largura insuficiente;Sem Vítimas;2;Chuva;Plena Noite;domingo;Colisão lateral mesmo sentido;Simples;0;0;-28.64697462;-53.57707143;Segura;Sul;1 Trimestre
652889;2025.0;n;1.0;2025-01-03;PE;232;276;SERTANIA;Carga excessiva e/ou mal acondicionada;Com Vítimas Feridas;2;Céu Claro;Pleno dia;sexta-feira;Derramamento de carga;Simples;0;1;-8,37073085;-37,26126285;Perigosa;Nordeste;1 Trimestre
662145;2025.0;n;2.0;2025-02-16;RJ;101;305;SAO GONCALO;Demais falhas mecânicas ou elétricas;Sem Vítimas;2;Céu Claro;Plena Noite;domingo;Colisão traseira;Dupla;0;0;-22,78702832;-42,99589293;Segura;Sudeste;1 Trimestre
592431;2024.0;n;4.0;2024-04-07;ES;101;277,8;SERRA;Ausência de reação do condutor;Com Vítimas Feridas;1;Céu Claro;Pleno dia;domingo;Saída de leito carroçável;Dupla;0;1;-20.21307738;-40.32125972;Perigosa;Sudeste;2 Trimestre
596970;2024.0;n;4.0;2024-04-28;PR;277;138,9;BALSA NOVA;Reação tardia ou ineficiente do condutor;Com Vítimas Feridas;4;Céu Claro;Pleno dia;domingo;Tombamento;Dupla;0;0;-25.475047;-49.7211;Segura;Sul;2 Trimestre
662080;2025.0;n;2.0;2025-02-17;RJ;116;131;MAGE;Deficiência do Sistema de Iluminação/Sinalização;Com Vítimas Feridas;2;Céu Claro;Plena Noite;segunda-feira;Colisão frontal;Simples;0;0;-22,65608024;-43,12511494;Segura;Sudeste;1 Trimestre
594905;2024.0;n;3.0;2024-03-14;PI;222;43;BRASILEIRA;Velocidade Incompatível;Com Vítimas Feridas;1;Sol;Pleno dia;quinta-feira;Saída de leito carroçável;Simples;0;1;-4.08647291;-41.5607771;Perigosa;Nordeste;1 Trimestre
672312;2025.0;n;4.0;2025-04-08;RS;101;36;TRES CACHOEIRAS;Ausência de reação do condutor;Com Vítimas Feridas;2;Chuva;Amanhecer;terça-feira;Tombamento;Dupla;0;0;-29,5225879;-50,00035979;Segura;Sul;2 Trimestre
575021;2024.0;n;1.0;2024-01-16;SC;470;169;POUSO REDONDO;Acessar a via sem observar a presença dos outros veículos;Com Vítimas Feridas;4;Céu Claro;Pleno dia;terça-feira;Colisão transversal;Simples;0;1;-27.26552112;-49.88151312;Perigosa;Sul;1 Trimestre
588505;2024.0;n;3.0;2024-03-20;MG;381;481,1;CONTAGEM;Ausência de reação do condutor;Com Vítimas Feridas;2;Nublado;Pleno dia;quarta-feira;Colisão traseira;Múltipla;0;0;-19.9586406;-44.0616339;Segura;Sudeste;1 Trimestre
658002;2025.0;n;1.0;2025-01-29;GO;50;279,7;CATALAO;Desrespeitar a preferência no cruzamento;Sem Vítimas;3;Céu Claro;Pleno dia;quarta-feira;Colisão transversal;Dupla;0;0;-18,1739;-47,9289;Segura;Centro-Oeste;1 Trimestre
612343;2024.0;n;7.0;2024-07-05;RJ;40;109;DUQUE DE CAXIAS;Reação tardia ou ineficiente do condutor;Com Vítimas Feridas;3;Céu Claro;Plena Noite;sexta-feira;Engavetamento;Múltipla;0;0;-22.67374628;-43.28638368;Segura;Sudeste;3 Trimestre
576857;2024.0;n;1.0;2024-01-24;AL;101;76,9;RIO LARGO;Reação tardia ou ineficiente do condutor;Sem Vítimas;1;Céu Claro;Pleno dia;quarta-feira;Colisão com objeto;Dupla;0;0;-9.41335597;-35.84073284;Segura;Nordeste;1 Trimestre
619354;2024.0;n;8.0;2024-08-05;SC;101;50,8;JOINVILLE;Suicídio (presumido);Com Vítimas Feridas;3;Céu Claro;Plena Noite;segunda-feira;Atropelamento de Pedestre;Dupla;0;1;-26.37546719;-48.85479619;Perigosa;Sul;3 Trimestre
582758;2024.0;n;2.0;2024-02-23;SP;116;216;GUARULHOS;Reação tardia ou ineficiente do condutor;Com Vítimas Feridas;3;Céu Claro;Pleno dia;sexta-feira;Colisão lateral mesmo sentido;Múltipla;0;0;-23.45056589;-46.46258105;Segura;Sudeste;1 Trimestre
611142;2024.0;n;6.0;2024-06-30;PE;232;518;SALGUEIRO;Reação tardia ou ineficiente do condutor;Sem Vítimas;3;Céu Claro;Plena Noite;domingo;Colisão traseira;Simples;0;0;-8.061821;-39.206123;Segura;Nordeste;2 Trimestre
593433;2024.0;n;4.0;2024-04-12;PR;277;347,2;GUARAPUAVA;Desrespeitar a preferência no cruzamento;Com Vítimas Feridas;2;Céu Claro;Pleno dia;sexta-feira;Colisão frontal;Simples;0;1;-25.37575671;-51.50354683;Perigosa;Sul;2 Trimestre
586041;2024.0;n;3.0;2024-03-08;MG;251;494,5;FRANCISCO SA;Demais falhas mecânicas ou elétricas;Sem Vítimas;2;Céu Claro;Plena Noite;sexta-feira;Incêndio;Simples;0;0;-16.55575876;-43.6098222;Segura;Sudeste;1 Trimestre
595148;2024.0;n;4.0;2024-04-20;PR;116;42;CAMPINA GRANDE DO SUL;Demais Fenômenos da natureza;Com Vítimas Feridas;3;Sol;Amanhecer;sábado;Colisão traseira;Múltipla;0;1;-25.17611697;-48.874256;Perigosa;Sul;2 Trimestre
619837;2024.0;n;7.0;2024-07-19;BA;324;537;CONCEICAO DO JACUIPE;Manobra de mudança de faixa;Sem Vítimas;2;Nevoeiro/Neblina;Amanhecer;sexta-feira;Colisão traseira;Dupla;0;0;-12.36902201;-38.81384601;Segura;Nordeste;3 Trimestre
627099;2024.0;n;9.0;2024-09-10;MG;153;231,6;FRONTEIRA;Acessar a via sem observar a presença dos outros veículos;Sem Vítimas;5;Céu Claro;Pleno dia;terça-feira;Colisão transversal;Simples;0;0;-20.23980467;-49.16101941;Segura;Sudeste;3 Trimestre
612521;2024.0;n;7.0;2024-07-06;RS;101;85,5;OSORIO;Pedestre - Ingestão de álcool/ substâncias psicoativas;Com Vítimas Feridas;3;Céu Claro;Pleno dia;sábado;Atropelamento de Pedestre;Dupla;0;0;-29.87526674;-50.25701165;Segura;Sul;3 Trimestre
671167;2025.0;n;4.0;2025-04-02;PR;376;339;ORTIGUEIRA;Reação tardia ou ineficiente do condutor;Sem Vítimas;3;Céu Claro;Pleno dia;quarta-feira;Saída de leito carroçável;Simples;0;0;-24,1442088;-50,997641;Segura;Sul;2 Trimestre
662660;2025.0;n;2.0;2025-02-21;PR;476;145,7;CURITIBA;Trafegar com motocicleta (ou similar) entre as faixas;Com Vítimas Feridas;4;Nublado;Amanhecer;sexta-feira;Colisão lateral mesmo sentido;Dupla;0;0;-25,550225;-49,327464;Segura;Sul;1 Trimestre
660729;2025.0;n;2.0;2025-02-11;GO;20;196;POSSE;Demais falhas mecânicas ou elétricas;Com Vítimas Feridas;1;Céu Claro;Pleno dia;terça-feira;Saída de leito carroçável;Simples;0;1;-14,347785;-46,439873;Perigosa;Centro-Oeste;1 Trimestre
618494;2024.0;n;8.0;2024-08-02;MT;163;798;VERA;Ultrapassagem Indevida;Com Vítimas Feridas;5;Céu Claro;Pleno dia;sexta-feira;Colisão lateral mesmo sentido;Simples;0;0;-12.190175;-55.532073;Segura;Centro-Oeste;3 Trimestre
668033;2025.0;n;1.0;2025-01-31;SP;116;219;GUARULHOS;Ausência de reação do condutor;Com Vítimas Feridas;3;Chuva;Plena Noite;sexta-feira;Colisão traseira;Múltipla;0;0;-23,46143954;-46,48885316;Segura;Sudeste;1 Trimestre
618493;2024.0;n;7.0;2024-07-25;CE;116;175,6;RUSSAS;Ultrapassagem Indevida;Com Vítimas Feridas;1;Céu Claro;Pleno dia;quinta-feira;Capotamento;Simples;0;1;-5.01875184;-38.05602007;Perigosa;Nordeste;3 Trimestre
623676;2024.0;n;8.0;2024-08-26;RJ;116;334;RESENDE;Chuva;Com Vítimas Feridas;1;Chuva;Plena Noite;segunda-feira;Tombamento;Dupla;0;0;-22.49236889;-44.65204499;Segura;Sudeste;3 Trimestre
577205;2024.0;n;1.0;2024-01-26;PR;277;20;MORRETES;Reação tardia ou ineficiente do condutor;Com Vítimas Feridas;2;Chuva;Pleno dia;sexta-feira;Tombamento;Dupla;0;0;-25.55344668;-48.66191283;Segura;Sul;1 Trimestre
611918;2024.0;n;7.0;2024-07-04;RS;116;268;CANOAS;Reação tardia ou ineficiente do condutor;Com Vítimas Feridas;3;Nublado;Pleno dia;quinta-feira;Colisão lateral mesmo sentido;Dupla;0;0;-29.95042502;-51.17652939;Segura;Sul;3 Trimestre
596183;2024.0;n;4.0;2024-04-24;MG;262;12,9;MARTINS SOARES;Ausência de reação do condutor;Sem Vítimas;1;Céu Claro;Plena Noite;quarta-feira;Colisão com objeto;Simples;0;0;-20.25771509;-41.86161294;Segura;Sudeste;2 Trimestre
671728;2025.0;n;4.0;2025-04-05;MT;364;562,7;NOBRES;Ausência de reação do condutor;Com Vítimas Fatais;5;Nublado;Pleno dia;sábado;Colisão com objeto;Dupla;1;0;-14,710467;-56,322941;Perigosa;Centro-Oeste;2 Trimestre