id;ano;feriado;mes;data_inversa;uf;br;km;municipio;causa_acidente;classificacao_acidente;veiculos;condicao_metereologica;fase_dia;dia_semana;tipo_acidente;tipo_pista;mortos;feridos_graves;latitude;longitude;status;regiao;periodo
580584;2024.0;n;2.0;2024-02-11;PE;232;230;PESQUEIRA;Transitar na contramão;Sem Vítimas;2;Céu Claro;Plena Noite;domingo;Colisão frontal;Simples;0;0;-8.40207956;-36.87425106;Segura;Nordeste;1 Trimestre
652825;2025.0;n;1.0;2025-01-02;PB;230;147,6;CAMPINA GRANDE;Reação tardia ou ineficiente do condutor;Com Vítimas Feridas;1;Céu Claro;Plena Noite;quinta-feira;Tombamento;Dupla;0;0;-7,2425;-35,8567;Segura;Nordeste;1 Trimestre
575825;2024.0;n;1.0;2024-01-19;MT;364;270;JACIARA;Avarias e/ou desgaste excessivo no pneu;Com Vítimas Feridas;3;Chuva;Anoitecer;sexta-feira;Colisão frontal;Simples;0;1;-15.9689785;-54.94463002;Perigosa;Centro-Oeste;1 Trimestre
572033;2024.0;n;1.0;2024-01-02;RJ;40;84;DUQUE DE CAXIAS;Pista Escorregadia;Com Vítimas Feridas;2;Garoa/Chuvisco;Plena Noite;terça-feira;Colisão traseira;Simples;0;0;-22.52145512;-43.23707996;Segura;Sudeste;1 Trimestre
672720;2025.0;n;4.0;2025-04-10;MT;158;632;NOVA XAVANTINA;Reação tardia ou ineficiente do condutor;Com Vítimas Feridas;8;Céu Claro;Pleno dia;quinta-feira;Colisão lateral sentido oposto;Simples;0;0;-14,53394864;-52,33077145;Segura;Centro-Oeste;2 Trimestre
622176;2024.0;n;8.0;2024-08-18;AL;101;138,6;SAO MIGUEL DOS CAMPOS;Suicídio (presumido);Com Vítimas Feridas;2;Céu Claro;Plena Noite;domingo;Atropelamento de Pedestre;Simples;0;1;-9.80975158;-36.11701903;Perigosa;Nordeste;3 Trimestre
591533;2024.0;n;4.0;2024-04-03;RS;386;138,4;SARANDI;Acessar a via sem observar a presença dos outros veículos;Com Vítimas Feridas;3;Céu Claro;Pleno dia;quarta-feira;Colisão transversal;Simples;0;0;-27.982561;-52.903069;Segura;Sul;2 Trimestre
593659;2024.0;n;4.0;2024-04-13;PR;277;603,6;SANTA TEREZA DO OESTE;Reação tardia ou ineficiente do condutor;Com Vítimas Fatais;3;Céu Claro;Amanhecer;sábado;Colisão frontal;Simples;1;0;-25.028649;-53.565611;Perigosa;Sul;2 Trimestre
576862;2024.0;n;1.0;2024-01-24;MT;364;53,7;ALTO GARCAS;Falta de acostamento;Com Vítimas Feridas;3;Céu Claro;Pleno dia;quarta-feira;Saída de leito carroçável;Simples;0;0;-16.97719447;-53.51200104;Segura;Centro-Oeste;1 Trimestre
668190;2025.0;n;3.0;2025-03-19;RJ;493;96;SEROPEDICA;Ausência de reação do condutor;Com Vítimas Feridas;3;Nublado;Pleno dia;quarta-feira;Colisão lateral mesmo sentido;Dupla;0;0;-22,711956;-43,702193;Segura;Sudeste;1 Trimestre
652641;2025.0;y;1.0;2025-01-01;SE;101;95;SAO CRISTOVAO;Ingestão de álcool pelo condutor;Com Vítimas Feridas;1;Céu Claro;Plena Noite;quarta-feira;Colisão com objeto;Simples;0;0;-10,91877187;-37,16854161;Segura;Nordeste;1 Trimestre
614693;2024.0;n;7.0;2024-07-15;MS;487;33,2;ITAQUIRAI;Pedestre cruzava a pista fora da faixa;Com Vítimas Fatais;3;Céu Claro;Pleno dia;segunda-feira;Atropelamento de Pedestre;Simples;1;0;-23.27828459;-53.90138268;Perigosa;Centro-Oeste;3 Trimestre
592972;2024.0;n;4.0;2024-04-09;PA;10;301;IRITUIA;Condutor deixou de manter distância do veículo da frente;Sem Vítimas;4;Céu Claro;Anoitecer;terça-feira;Colisão traseira;Simples;0;0;-1.79908701;-47.51402881;Segura;Norte;2 Trimestre
598670;2024.0;n;5.0;2024-05-06;ES;101;272;SERRA;Condutor deixou de manter distância do veículo da frente;Com Vítimas Feridas;2;Céu Claro;Pleno dia;segunda-feira;Colisão traseira;Dupla;0;0;-20.22724888;-40.28426988;Segura;Sudeste;2 Trimestre
593679;2024.0;n;4.0;2024-04-13;MG;251;427,2;GRAO MOGOL;Reação tardia ou ineficiente do condutor;Com Vítimas Fatais;2;Sol;Pleno dia;sábado;Colisão com objeto;Simples;1;0;-16.32518469;-43.12300086;Perigosa;Sudeste;2 Trimestre
580685;2024.0;n;2.0;2024-02-12;PR;376;488,9;PONTA GROSSA;Manobra de mudança de faixa;Com Vítimas Feridas;6;Céu Claro;Plena Noite;segunda-feira;Saída de leito carroçável;Dupla;0;0;-25.0916436;-50.19653338;Segura;Sul;1 Trimestre
627977;2024.0;n;9.0;2024-09-14;MG;381;197,5;PERIQUITO;Ausência de reação do condutor;Com Vítimas Feridas;3;Céu Claro;Plena Noite;sábado;Tombamento;Simples;0;1;-19.13611511;-42.21359991;Perigosa;Sudeste;3 Trimestre
626008;2024.0;n;9.0;2024-09-05;BA;110;85;JEREMOABO;Objeto estático sobre o leito carroçável;Com Vítimas Fatais;4;Céu Claro;Plena Noite;quinta-feira;Colisão traseira;Simples;1;0;-10.137831;-38.296102;Perigosa;Nordeste;3 Trimestre
665839;2025.0;n;3.0;2025-03-07;MT;70;238;POXOREO;Ausência de reação do condutor;Com Vítimas Feridas;3;Céu Claro;Plena Noite;sexta-feira;Colisão lateral sentido oposto;Simples;0;1;-15,625748;-54,011657;Perigosa;Centro-Oeste;1 Trimestre
659697;2025.0;n;2.0;2025-02-06;GO;20;212,3;POSSE;Animais na Pista;Com Vítimas Feridas;2;Céu Claro;Plena Noite;quinta-feira;Atropelamento de Animal;Simples;0;0;-14,259401;-46,365856;Segura;Centro-Oeste;1 Trimestre
669957;2025.0;n;1.0;2025-01-14;SE;235;1,6;ARACAJU;Velocidade Incompatível;Com Vítimas Feridas;1;Nublado;Plena Noite;terça-feira;Tombamento;Simples;0;0;-10,9073;-37,0947;Segura;Nordeste;1 Trimestre
671047;2025.0;n;4.0;2025-04-02;PE;232;9;JABOATAO DOS GUARARAPES;Manobra de mudança de faixa;Sem Vítimas;2;Nublado;Pleno dia;quarta-feira;Colisão lateral mesmo sentido;Dupla;0;0;-8,079042;-34,984013;Segura;Nordeste;2 Trimestre
586556;2024.0;n;3.0;2024-03-11;PR;476;157,7;ARAUCARIA;Acessar a via sem observar a presença dos outros veículos;Com Vítimas Feridas;3;Céu Claro;Pleno dia;segunda-feira;Colisão transversal;Simples;0;0;-25.60639;-49.421112;Segura;Sul;1 Trimestre
615061;2024.0;n;7.0;2024-07-17;SP;116;209,7;GUARULHOS;Trafegar com motocicleta (ou similar) entre as faixas;Com Vítimas Feridas;4;Nublado;Anoitecer;quarta-feira;Colisão lateral mesmo sentido;Múltipla;0;0;-23.42511799;-46.40221101;Segura;Sudeste;3 Trimestre
591142;2024.0;n;4.0;2024-04-01;MT;163;113;RONDONOPOLIS;Condutor Dormindo;Com Vítimas Feridas;5;Céu Claro;Pleno dia;segunda-feira;Colisão traseira;Dupla;0;0;-16.55390587;-54.67507124;Segura;Centro-Oeste;2 Trimestre
573645;2024.0;n;1.0;2024-01-09;PR;376;663;GUARATUBA;Demais falhas mecânicas ou elétricas;Sem Vítimas;2;Chuva;Plena Noite;terça-feira;Incêndio;Dupla;0;0;-25.85276631;-48.97556799;Segura;Sul;1 Trimestre
654812;2025.0;n;1.0;2025-01-13;MG;381;351,5;JOAO MONLEVADE;Pista Escorregadia;Com Vítimas Feridas;4;Chuva;Pleno dia;segunda-feira;Colisão frontal;Simples;0;1;-19,84644336;-43,16611234;Perigosa;Sudeste;1 Trimestre
592180;2024.0;n;4.0;2024-04-06;SC;470;90;ASCURRA;Ausência de reação do condutor;Sem Vítimas;1;Nublado;Pleno dia;sábado;Colisão com objeto;Simples;0;0;-26.969337;-49.367718;Segura;Sul;2 Trimestre
592646;2024.0;n;4.0;2024-04-08;ES;101;27;CONCEICAO DA BARRA;Ingestão de álcool pelo condutor;Com Vítimas Feridas;2;Nublado;Pleno dia;segunda-feira;Colisão frontal;Simples;0;1;-18.38365905;-39.94481814;Perigosa;Sudeste;2 Trimestre
610278;2024.0;n;6.0;2024-06-26;MA;230;426,8;BALSAS;Problema com o freio;Sem Vítimas;3;Céu Claro;Plena Noite;quarta-feira;Incêndio;Simples;0;0;-7.46003624;-46.23306166;Segura;Nordeste;2 Trimestre
577053;2024.0;n;1.0;2024-01-25;MA;316;95,7;PRESIDENTE MEDICI;Conversão proibida;Com Vítimas Fatais;2;Chuva;Pleno dia;quinta-feira;Colisão frontal;Simples;1;0;-2.374514;-45.821014;Perigosa;Nordeste;1 Trimestre
628135;2024.0;n;9.0;2024-09-14;PR;373;197,5;IPIRANGA;Reação tardia ou ineficiente do condutor;Com Vítimas Fatais;2;Nublado;Plena Noite;sábado;Tombamento;Simples;1;0;-25.07408013;-50.39314608;Perigosa;Sul;3 Trimestre
582996;2024.0;n;2.0;2024-02-24;MT;70;120;GENERAL CARNEIRO;Demais falhas mecânicas ou elétricas;Sem Vítimas;1;Garoa/Chuvisco;Pleno dia;sábado;Incêndio;Simples;0;0;-15.59752533;-53.12106998;Segura;Centro-Oeste;1 Trimestre
667109;2025.0;n;3.0;2025-03-14;SP;116;109;TAUBATE;Condutor deixou de manter distância do veículo da frente;Com Vítimas Feridas;3;Nublado;Pleno dia;sexta-feira;Colisão traseira;Dupla;0;0;-23,0299812;-45,54654086;Segura;Sudeste;1 Trimestre
578888;2024.0;n;2.0;2024-02-03;MG;262;651;IBIA;Condutor Dormindo;Com Vítimas Feridas;2;Nublado;Plena Noite;sábado;Saída de leito carroçável;Simples;0;0;-19.569754;-46.658166;Segura;Sudeste;1 Trimestre
626971;2024.0;n;9.0;2024-09-09;SP;116;227;GUARULHOS;Manobra de mudança de faixa;Com Vítimas Feridas;2;Sol;Pleno dia;segunda-feira;Colisão lateral mesmo sentido;Múltipla;0;0;-23.49659264;-46.55648754;Segura;Sudeste;3 Trimestre
596967;2024.0;n;4.0;2024-04-28;TO;153;721,8;FIGUEIROPOLIS;Acessar a via sem observar a presença dos outros veículos;Sem Vítimas;3;Céu Claro;Pleno dia;domingo;Colisão transversal;Simples;0;0;-12.12858166;-49.17194586;Segura;Norte;2 Trimestre
589524;2024.0;n;3.0;2024-03-24;SC;470;127;LONTRAS;Ultrapassagem Indevida;Com Vítimas Feridas;3;Céu Claro;Plena Noite;domingo;Colisão lateral mesmo sentido;Simples;0;0;-27.14322769;-49.54884946;Segura;Sul;1 Trimestre
580679;2024.0;n;2.0;2024-02-11;SC;163;70;SAO MIGUEL DO OESTE;Ingestão de álcool pelo condutor;Sem Vítimas;3;Céu Claro;Plena Noite;domingo;Colisão transversal;Simples;0;0;-26.73461723;-53.50680015;Segura;Sul;1 Trimestre
665157;2025.0;n;2.0;2025-02-08;MT;163;669;LUCAS DO RIO VERDE;Demais falhas mecânicas ou elétricas;Com Vítimas Feridas;2;Chuva;Pleno dia;sábado;Colisão lateral sentido oposto;Simples;0;0;-13,2238;-56,0042;Segura;Centro-Oeste;1 Trimestre
617978;2024.0;n;7.0;2024-07-30;SC;101;416;ARARANGUA;Condutor deixou de manter distância do veículo da frente;Com Vítimas Feridas;2;Céu Claro;Plena Noite;terça-feira;Colisão traseira;Múltipla;0;0;-28.97051273;-49.52688217;Segura;Sul;3 Trimestre
589587;2024.0;n;3.0;2024-03-25;PE;408;96,4;SAO LOURENCO DA MATA;Demais falhas mecânicas ou elétricas;Sem Vítimas;1;Céu Claro;Pleno dia;segunda-feira;Incêndio;Dupla;0;0;-8.025435;-35.038536;Segura;Nordeste;1 Trimestre
652789;2025.0;n;1.0;2025-01-02;SP;116;225;GUARULHOS;Ausência de reação do condutor;Com Vítimas Feridas;2;Nublado;Pleno dia;quinta-feira;Colisão traseira;Múltipla;0;0;-23,48586772;-46,54075317;Segura;Sudeste;1 Trimestre
604384;2024.0;y;4.0;2024-04-21;ES;259;21;JOAO NEIVA;Ingestão de álcool pelo condutor;Com Vítimas Feridas;2;Céu Claro;Pleno dia;domingo;Tombamento;Simples;0;0;-19.64519879;-40.46319281;Segura;Sudeste;2 Trimestre
602411;2024.0;n;3.0;2024-03-11;ES;101;134,9;LINHARES;Acessar a via sem observar a presença dos outros veículos;Com Vítimas Feridas;2;Céu Claro;Pleno dia;segunda-feira;Colisão transversal;Simples;0;0;-19.26602502;-40.08886123;Segura;Sudeste;1 Trimestre
657231;2025.0;n;1.0;2025-01-25;CE;20;124;TAUA;Afundamento ou ondulação no pavimento;Com Vítimas Feridas;2;Céu Claro;Pleno dia;sábado;Tombamento;Simples;0;0;-5,69290412;-40,12999046;Segura;Nordeste;1 Trimestre
575042;2024.0;n;1.0;2024-01-16;PR;376;673;GUARATUBA;Ausência de reação do condutor;Com Vítimas Feridas;1;Nublado;Pleno dia;terça-feira;Saída de leito carroçável;Dupla;0;1;-25.90092097;-48.92572096;Perigosa;Sul;1 Trimestre
621505;2024.0;n;8.0;2024-08-16;RS;285;292;PASSO FUNDO;Ingestão de álcool pelo condutor;Sem Vítimas;2;Céu Claro;Pleno dia;sexta-feira;Colisão lateral mesmo sentido;Dupla;0;0;-28.239017;-52.365276;Segura;Sul;3 Trimestre
652650;2025.0;y;1.0;2025-01-01;RS;290;53;GLORINHA;Reação tardia ou ineficiente do condutor;Com Vítimas Feridas;2;Chuva;Plena Noite;quarta-feira;Colisão traseira;Dupla;0;0;-29,912077;-50,787758;Segura;Sul;1 Trimestre
687344;2025.0;n;4.0;2025-04-25;TO;153;150;ARAGUAINA;Manobra de mudança de faixa;Com Vítimas Feridas;3;Céu Claro;Plena Noite;sexta-feira;Colisão frontal;Simples;0;1;-7,3233522;-48,3070174;Perigosa;Norte;2 Trimestre
670771;2025.0;n;3.0;2025-03-31;PI;343;339,7;TERESINA;Avarias e/ou desgaste excessivo no pneu;Com Vítimas Feridas;1;Chuva;Pleno dia;segunda-feira;Colisão com objeto;Dupla;0;0;-5,072592;-42,73447;Segura;Nordeste;1 Trimestre
654054;2025.0;n;1.0;2025-01-09;MG;40;786,9;JUIZ DE FORA;Curva acentuada;Com Vítimas Feridas;3;Nublado;Pleno dia;quinta-feira;Tombamento;Dupla;0;1;-21,75139026;-43,44522893;Perigosa;Sudeste;1 Trimestre
655471;2025.0;n;1.0;2025-01-16;PR;373;313;GUARAPUAVA;Acessar a via sem observar a presença dos outros veículos;Com Vítimas Feridas;2;Céu Claro;Pleno dia;quinta-feira;Colisão transversal;Simples;0;0;-25,34518618;-51,21916619;Segura;Sul;1 Trimestre
653311;2025.0;n;1.0;2025-01-05;MA;135;43;BACABEIRA;Reação tardia ou ineficiente do condutor;Sem Vítimas;2;Céu Claro;Pleno dia;domingo;Colisão traseira;Dupla;0;0;-2,91264134;-44,35402453;Segura;Nordeste;1 Trimestre
666885;2025.0;n;3.0;2025-03-13;SP;116;550;BARRA DO TURVO;Condutor deixou de manter distância do veículo da frente;Sem Vítimas;2;Chuva;Pleno dia;quinta-feira;Colisão traseira;Simples;0;0;-24,966603;-48,474052;Segura;Sudeste;1 Trimestre
602040;2024.0;n;5.0;2024-05-21;MG;267;200,1;BOM JARDIM DE MINAS;Ultrapassagem Indevida;Com Vítimas Fatais;2;Céu Claro;Pleno dia;terça-feira;Colisão frontal;Simples;1;1;-21.93311108;-44.08851501;Perigosa;Sudeste;2 Trimestre
618491;2024.0;n;7.0;2024-07-02;MA;226;388,9;GRAJAU;Demais falhas mecânicas ou elétricas;Com Vítimas Feridas;2;Céu Claro;Plena Noite;terça-feira;Incêndio;Simples;0;0;-5.69087076;-45.90911811;Segura;Nordeste;3 Trimestre
618715;2024.0;n;6.0;2024-06-12;SE;101;192;CRISTINAPOLIS;Objeto estático sobre o leito carroçável;Com Vítimas Feridas;4;Chuva;Plena Noite;quarta-feira;Engavetamento;Simples;0;0;-11.4332193;-37.73032763;Segura;Nordeste;2 Trimestre
662558;2025.0;n;2.0;2025-02-07;PR;476;253;ANTONIO OLINTO;Conversão proibida;Com Vítimas Feridas;3;Nublado;Pleno dia;sexta-feira;Colisão transversal;Simples;0;0;-25,885603;-50,182251;Segura;Sul;1 Trimestre
595175;2024.0;n;4.0;2024-04-20;PR;116;42;CAMPINA GRANDE DO SUL;Demais Fenômenos da natureza;Com Vítimas Feridas;4;Céu Claro;Amanhecer;sábado;Colisão traseira;Dupla;0;0;-25.17611697;-48.874256;Segura;Sul;2 Trimestre
687894;2025.0;n;4.0;2025-04-28;MT;70;220;GENERAL CARNEIRO;Ausência de reação do condutor;Com Vítimas Feridas;3;Céu Claro;Pleno dia;segunda-feira;Tombamento;Simples;0;0;-15,68222;-53,8495;Segura;Centro-Oeste;2 Trimestre
660889;2025.0;n;2.0;2025-02-12;PE;101;43;IGARASSU;Condutor deixou de manter distância do veículo da frente;Com Vítimas Feridas;3;Céu Claro;Pleno dia;quarta-feira;Colisão lateral mesmo sentido;Múltipla;0;0;-7,84753808;-34,90977038;Segura;Nordeste;1 Trimestre
685783;2025.0;y;4.0;2025-04-18;BA;116;389;SANTA BARBARA;Ingestão de álcool pelo condutor;Com Vítimas Feridas;2;Sol;Pleno dia;sexta-feira;Colisão transversal;Dupla;0;0;-11,931661;-38,981085;Segura;Nordeste;2 Trimestre
624651;2024.0;n;8.0;2024-08-30;PR;116;92;SAO JOSE DOS PINHAIS;Reação tardia ou ineficiente do condutor;Com Vítimas Feridas;2;Céu Claro;Plena Noite;sexta-feira;Saída de leito carroçável;Simples;0;1;-25.50919483;-49.12611723;Perigosa;Sul;3 Trimestre
613894;2024.0;n;7.0;2024-07-12;MT;364;497;JANGADA;Conversão proibida;Com Vítimas Feridas;7;Céu Claro;Pleno dia;sexta-feira;Colisão transversal;Simples;0;0;-15.2702463;-56.4491103;Segura;Centro-Oeste;3 Trimestre
666288;2025.0;n;3.0;2025-03-10;PI;316;194,8;VALENCA DO PIAUI;Reação tardia ou ineficiente do condutor;Sem Vítimas;2;Nublado;Plena Noite;segunda-feira;Colisão traseira;Simples;0;0;-6,3135;-41,8636;Segura;Nordeste;1 Trimestre
573496;2024.0;n;1.0;2024-01-09;PB;101;11,7;MAMANGUAPE;Velocidade Incompatível;Com Vítimas Feridas;3;Céu Claro;Pleno dia;terça-feira;Tombamento;Dupla;0;0;-6.59461177;-35.14474869;Segura;Nordeste;1 Trimestre
596921;2024.0;n;4.0;2024-04-28;RO;364;515;ARIQUEMES;Desrespeitar a preferência no cruzamento;Sem Vítimas;4;Sol;Pleno dia;domingo;Colisão transversal;Simples;0;0;-9.93398403;-63.05522959;Segura;Norte;2 Trimestre
611871;2024.0;n;7.0;2024-07-04;GO;60;37;ALEXANIA;Condutor Dormindo;Com Vítimas Feridas;3;Céu Claro;Pleno dia;quinta-feira;Colisão com objeto;Dupla;0;0;-16.1147;-48.5387;Segura;Centro-Oeste;3 Trimestre
653502;2025.0;n;1.0;2025-01-06;PR;376;463,1;PONTA GROSSA;Velocidade Incompatível;Com Vítimas Feridas;2;Céu Claro;Pleno dia;segunda-feira;Tombamento;Dupla;0;0;-25,022566;-50,33223;Segura;Sul;1 Trimestre
588641;2024.0;n;3.0;2024-03-20;SC;101;164,3;TIJUCAS;Acesso irregular;Com Vítimas Feridas;2;Nublado;Anoitecer;quarta-feira;Colisão com objeto;Múltipla;0;0;-27.243868;-48.6309;Segura;Sul;1 Trimestre
583881;2024.0;n;2.0;2024-02-28;SC;101;123;ITAJAI;Condutor deixou de manter distância do veículo da frente;Com Vítimas Feridas;2;Céu Claro;Pleno dia;quarta-feira;Colisão traseira;Simples;0;1;-26.93668609;-48.69876905;Perigosa;Sul;1 Trimestre
615735;2024.0;n;7.0;2024-07-20;SC;101;334,3;TUBARAO;Acessar a via sem observar a presença dos outros veículos;Com Vítimas Feridas;2;Céu Claro;Pleno dia;sábado;Saída de leito carroçável;Múltipla;0;1;-28.47253927;-49.02245522;Perigosa;Sul;3 Trimestre
652919;2025.0;n;1.0;2025-01-03;PE;232;5;RECIFE;Condutor deixou de manter distância do veículo da frente;Com Vítimas Feridas;2;Sol;Pleno dia;sexta-feira;Colisão traseira;Múltipla;0;1;-8,06795766;-34,94535414;Perigosa;Nordeste;1 Trimestre
615276;2024.0;n;7.0;2024-07-18;MS;267;359;MARACAJU;Ausência de reação do condutor;Com Vítimas Feridas;6;Céu Claro;Pleno dia;quinta-feira;Engavetamento;Simples;0;0;-21.64836;-55.095505;Segura;Centro-Oeste;3 Trimestre
626946;2024.0;n;9.0;2024-09-09;MA;226;537;CAMPESTRE DO MARANHAO;Carga excessiva e/ou mal acondicionada;Com Vítimas Feridas;2;Sol;Pleno dia;segunda-feira;Colisão traseira;Simples;0;1;-6.22716495;-47.10743605;Perigosa;Nordeste;3 Trimestre
605690;2024.0;n;5.0;2024-05-18;CE;222;63,6;SAO GONCALO DO AMARANTE;Ingestão de álcool pelo condutor;Com Vítimas Feridas;2;Céu Claro;Plena Noite;sábado;Colisão frontal;Simples;0;0;-3.671885;-39.1127;Segura;Nordeste;2 Trimestre
653153;2025.0;n;1.0;2025-01-04;SC;280;233,9;CANOINHAS;Acessar a via sem observar a presença dos outros veículos;Com Vítimas Feridas;2;Céu Claro;Pleno dia;sábado;Colisão transversal;Simples;0;1;-26,19146187;-50,39215;Perigosa;Sul;1 Trimestre
603207;2024.0;n;5.0;2024-05-26;MG;365;680;MONTE ALEGRE DE MINAS;Ausência de reação do condutor;Com Vítimas Fatais;2;Céu Claro;Plena Noite;domingo;Saída de leito carroçável;Dupla;1;0;-18.84915171;-48.81914097;Perigosa;Sudeste;2 Trimestre
608092;2024.0;n;6.0;2024-06-17;GO;40;154,1;CRISTALINA;Curva acentuada;Com Vítimas Feridas;1;Céu Claro;Amanhecer;segunda-feira;Saída de leito carroçável;Simples;0;0;-17.021539;-47.178851;Segura;Centro-Oeste;2 Trimestre
612477;2024.0;n;7.0;2024-07-06;RS;285;566;SAO LUIZ GONZAGA;Desrespeitar a preferência no cruzamento;Com Vítimas Fatais;3;Céu Claro;Pleno dia;sábado;Colisão transversal;Simples;1;0;-28.41710738;-54.93833542;Perigosa;Sul;3 Trimestre
591974;2024.0;n;4.0;2024-04-05;GO;452;39;SANTA HELENA DE GOIAS;Acesso irregular;Com Vítimas Feridas;1;Céu Claro;Pleno dia;sexta-feira;Tombamento;Simples;0;0;-17.924692;-50.565716;Segura;Centro-Oeste;2 Trimestre
609415;2024.0;n;6.0;2024-06-23;RO;364;518;ARIQUEMES;Reação tardia ou ineficiente do condutor;Sem Vítimas;2;Céu Claro;Amanhecer;domingo;Colisão transversal;Simples;0;0;-9.897787;-63.05624596;Segura;Norte;2 Trimestre
604587;2024.0;n;6.0;2024-06-02;MT;174;378;CONQUISTA DOESTE;Ingestão de álcool pelo condutor;Com Vítimas Feridas;2;Céu Claro;Plena Noite;domingo;Colisão frontal;Simples;0;0;-14.53847436;-59.54641342;Segura;Centro-Oeste;2 Trimestre
588390;2024.0;n;3.0;2024-03-19;SP;381;86;SAO PAULO;Reação tardia ou ineficiente do condutor;Com Vítimas Feridas;3;Céu Claro;Plena Noite;terça-feira;Colisão traseira;Dupla;0;0;-23.45930499;-46.57161179;Segura;Sudeste;1 Trimestre
653351;2025.0;n;1.0;2025-01-05;MG;356;279,3;EUGENOPOLIS;Velocidade Incompatível;Com Vítimas Feridas;2;Nublado;Pleno dia;domingo;Tombamento;Simples;0;0;-21,12514202;-42,254502;Segura;Sudeste;1 Trimestre
670988;2025.0;n;4.0;2025-04-01;SC;116;148,2;BOM RETIRO;Reação tardia ou ineficiente do condutor;Com Vítimas Feridas;2;Céu Claro;Pleno dia;terça-feira;Colisão lateral sentido oposto;Simples;0;0;-27,77946;-49,650673;Segura;Sul;2 Trimestre
583310;2024.0;n;2.0;2024-02-25;GO;60;134;GOIANIA;Ingestão de álcool pelo condutor;Sem Vítimas;5;Céu Claro;Plena Noite;domingo;Colisão lateral mesmo sentido;Dupla;0;0;-16.5827;-49.1876;Segura;Centro-Oeste;1 Trimestre
592957;2024.0;n;4.0;2024-04-09;SP;116;223,8;GUARULHOS;Manobra de mudança de faixa;Com Vítimas Feridas;3;Nublado;Plena Noite;terça-feira;Colisão traseira;Múltipla;0;0;-23.47559815;-46.5246609;Segura;Sudeste;2 Trimestre
605811;2024.0;n;6.0;2024-06-07;CE;116;65,7;CHOROZINHO;Ingestão de álcool pelo condutor;Sem Vítimas;2;Céu Claro;Plena Noite;sexta-feira;Colisão transversal;Simples;0;0;-4.29950987;-38.50193024;Segura;Nordeste;2 Trimestre
670150;2025.0;n;3.0;2025-03-28;SP;116;511;CAJATI;Velocidade Incompatível;Com Vítimas Feridas;2;Céu Claro;Anoitecer;sexta-feira;Saída de leito carroçável;Simples;0;0;-24,847108;-48,214477;Segura;Sudeste;1 Trimestre
661568;2025.0;n;2.0;2025-02-15;MG;116;688,7;MURIAE;Condutor Dormindo;Com Vítimas Feridas;2;Céu Claro;Pleno dia;sábado;Tombamento;Simples;0;0;-21,00463422;-42,36667213;Segura;Sudeste;1 Trimestre
614157;2024.0;n;7.0;2024-07-13;SP;381;77;SAO PAULO;Demais falhas mecânicas ou elétricas;Com Vítimas Feridas;2;Céu Claro;Pleno dia;sábado;Saída de leito carroçável;Dupla;0;0;-23.392153;-46.57151;Segura;Sudeste;3 Trimestre
575335;2024.0;n;1.0;2024-01-17;MS;163;451,5;CAMPO GRANDE;Ausência de reação do condutor;Com Vítimas Feridas;3;Nublado;Pleno dia;quarta-feira;Tombamento;Simples;0;0;-20.71284752;-54.54527378;Segura;Centro-Oeste;1 Trimestre
602973;2024.0;n;5.0;2024-05-25;PR;376;597;CURITIBA;Ingestão de álcool pelo condutor;Sem Vítimas;4;Nublado;Plena Noite;sábado;Colisão lateral mesmo sentido;Dupla;0;0;-25.510571;-49.338848;Segura;Sul;2 Trimestre
662179;2025.0;n;2.0;2025-02-18;MT;163;871;SINOP;Ausência de reação do condutor;Com Vítimas Fatais;7;Céu Claro;Pleno dia;terça-feira;Engavetamento;Simples;1;0;-11,552788;-55,400653;Perigosa;Centro-Oeste;1 Trimestre
670510;2025.0;n;3.0;2025-03-30;BA;110;1;PAULO AFONSO;Condutor deixou de manter distância do veículo da frente;Com Vítimas Feridas;3;Céu Claro;Pleno dia;domingo;Engavetamento;Simples;0;0;-9,4377045;-38,2041201;Segura;Nordeste;1 Trimestre
669514;2025.0;n;3.0;2025-03-25;MG;40;747,9;SANTOS DUMONT;Falta de acostamento;Com Vítimas Feridas;4;Nublado;Pleno dia;terça-feira;Colisão lateral mesmo sentido;Simples;0;0;-21,4780802;-43,54578137;Segura;Sudeste;1 Trimestre
652695;2025.0;n;1.0;2025-01-02;PE;101;69;RECIFE;Reação tardia ou ineficiente do condutor;Com Vítimas Feridas;1;Céu Claro;Pleno dia;quinta-feira;Queda de ocupante de veículo;Múltipla;0;1;-8,05951606;-34,94581024;Perigosa;Nordeste;1 Trimestre
596032;2024.0;n;4.0;2024-04-24;SE;101;89,9;NOSSA SENHORA DO SOCORRO;Manobra de mudança de faixa;Sem Vítimas;2;Céu Claro;Pleno dia;quarta-feira;Colisão com objeto;Dupla;0;0;-10.88051024;-37.13355535;Segura;Nordeste;2 Trimestre
652566;2025.0;y;1.0;2025-01-01;MG;40;463,8;SETE LAGOAS;Pista esburacada;Com Vítimas Feridas;1;Céu Claro;Pleno dia;quarta-feira;Saída de leito carroçável;Dupla;0;0;-19,42224803;-44,33870213;Segura;Sudeste;1 Trimestre
614966;2024.0;n;7.0;2024-07-16;RO;364;294;PRESIDENTE MEDICI;Ultrapassagem Indevida;Com Vítimas Feridas;7;Céu Claro;Plena Noite;terça-feira;Colisão lateral sentido oposto;Simples;0;1;-11.29701584;-61.89403573;Perigosa;Norte;3 Trimestre