id;ano;feriado;mes;data_inversa;uf;br;km;municipio;causa_acidente;classificacao_acidente;veiculos;condicao_metereologica;fase_dia;dia_semana;tipo_acidente;tipo_pista;mortos;feridos_graves;latitude;longitude;status;regiao;periodo
603588;2024.0;n;5.0;2024-05-28;BA;116;29;VITORIA DA CONQUISTA;Demais falhas mecânicas ou elétricas;Sem Vítimas;5;Céu Claro;Pleno dia;terça-feira;Colisão traseira;Simples;0;0;-14.83427;-40.82308;Segura;Nordeste;2 Trimestre
611788;2024.0;n;7.0;2024-07-03;PR;476;233;LAPA;Velocidade Incompatível;Sem Vítimas;4;Céu Claro;Pleno dia;quarta-feira;Tombamento;Simples;0;0;-25.882042;-50.008629;Segura;Sul;3 Trimestre
575645;2024.0;n;1.0;2024-01-19;MG;365;5;MONTES CLAROS;Velocidade Incompatível;Com Vítimas Fatais;1;Sol;Pleno dia;sexta-feira;Colisão com objeto;Simples;1;1;-16.74574399;-43.88392402;Perigosa;Sudeste;1 Trimestre
596429;2024.0;n;4.0;2024-04-26;BA;116;909,8;CANDIDO SALES;Condutor Dormindo;Com Vítimas Fatais;3;Nublado;Plena Noite;sexta-feira;Colisão traseira;Simples;1;0;-15.513611;-41.237298;Perigosa;Nordeste;2 Trimestre
687612;2025.0;n;4.0;2025-04-27;PR;277;328;GUARAPUAVA;Condutor usando celular;Com Vítimas Feridas;1;Nevoeiro/Neblina;Amanhecer;domingo;Saída de leito carroçável;Simples;0;0;-25,35955731;-51,35379051;Segura;Sul;2 Trimestre
666973;2025.0;n;3.0;2025-03-13;TO;153;185;NOVA OLINDA;Transitar na contramão;Com Vítimas Feridas;2;Céu Claro;Pleno dia;quinta-feira;Colisão lateral sentido oposto;Simples;0;1;-7,55761067;-48,4199667;Perigosa;Norte;1 Trimestre
578833;2024.0;n;2.0;2024-02-03;BA;407;37,6;JUAZEIRO;Ultrapassagem Indevida;Com Vítimas Fatais;3;Céu Claro;Pleno dia;sábado;Colisão frontal;Simples;1;0;-9.70639516;-40.36659835;Perigosa;Nordeste;1 Trimestre
608126;2024.0;n;6.0;2024-06-17;SP;116;143;SAO JOSE DOS CAMPOS;Reação tardia ou ineficiente do condutor;Com Vítimas Feridas;3;Sol;Pleno dia;segunda-feira;Engavetamento;Dupla;0;0;-23.17849879;-45.83787411;Segura;Sudeste;2 Trimestre
666370;2025.0;n;3.0;2025-03-10;BA;116;18,2;VITORIA DA CONQUISTA;Conversão proibida;Com Vítimas Feridas;2;Céu Claro;Pleno dia;segunda-feira;Colisão lateral mesmo sentido;Simples;0;0;-14,90241514;-40,84473252;Segura;Nordeste;1 Trimestre
666692;2025.0;n;3.0;2025-03-12;ES;101;301;VIANA;Condutor deixou de manter distância do veículo da frente;Com Vítimas Feridas;3;Sol;Pleno dia;quarta-feira;Colisão lateral mesmo sentido;Dupla;0;0;-20,367431;-40,443776;Segura;Sudeste;1 Trimestre
670218;2025.0;n;3.0;2025-03-28;MG;381;421;CAETE;Demais falhas mecânicas ou elétricas;Sem Vítimas;1;Céu Claro;Plena Noite;sexta-feira;Incêndio;Dupla;0;0;-19,763025;-43,641241;Segura;Sudeste;1 Trimestre
629052;2024.0;n;9.0;2024-09-19;MG;50;16,4;ARAGUARI;Curva acentuada;Sem Vítimas;2;Céu Claro;Pleno dia;quinta-feira;Colisão com objeto;Dupla;0;0;-18.55486284;-48.05572438;Segura;Sudeste;3 Trimestre
686754;2025.0;n;2.0;2025-02-21;PR;376;172,6;MARINGA;Reação tardia ou ineficiente do condutor;Com Vítimas Feridas;2;Nublado;Pleno dia;sexta-feira;Colisão transversal;Dupla;0;0;-23,41865;-51,974165;Segura;Sul;1 Trimestre
616403;2024.0;n;7.0;2024-07-23;PR;158;527,8;PATO BRANCO;Estacionar ou parar em local proibido;Com Vítimas Feridas;3;Céu Claro;Pleno dia;terça-feira;Colisão traseira;Dupla;0;0;-26.17891;-52.662678;Segura;Sul;3 Trimestre
669269;2025.0;n;3.0;2025-03-24;SC;480;128,6;CHAPECO;Mal súbito do condutor;Com Vítimas Feridas;3;Céu Claro;Pleno dia;segunda-feira;Saída de leito carroçável;Dupla;0;0;-27,04525308;-52,63615933;Segura;Sul;1 Trimestre
663291;2025.0;n;2.0;2025-02-23;PI;135;432;MONTE ALEGRE DO PIAUI;Transitar na contramão;Com Vítimas Fatais;3;Nublado;Plena Noite;domingo;Colisão frontal;Simples;1;2;-9,557952;-44,765422;Perigosa;Nordeste;1 Trimestre
593263;2024.0;n;4.0;2024-04-11;RS;386;413;MONTENEGRO;Chuva;Com Vítimas Feridas;3;Chuva;Pleno dia;quinta-feira;Colisão lateral sentido oposto;Simples;0;0;-29.814081;-51.493126;Segura;Sul;2 Trimestre
613524;2024.0;n;7.0;2024-07-10;MT;364;202;RONDONOPOLIS;Ausência de reação do condutor;Sem Vítimas;5;Céu Claro;Anoitecer;quarta-feira;Engavetamento;Dupla;0;0;-16.48347324;-54.64970354;Segura;Centro-Oeste;3 Trimestre
582420;2024.0;n;2.0;2024-02-21;RJ;116;184;NOVA IGUACU;Velocidade Incompatível;Sem Vítimas;2;Sol;Pleno dia;quarta-feira;Colisão lateral mesmo sentido;Dupla;0;0;-22.74647215;-43.44594311;Segura;Sudeste;1 Trimestre
593732;2024.0;n;4.0;2024-04-13;RO;364;231,4;CACOAL;Ultrapassagem Indevida;Com Vítimas Fatais;6;Sol;Pleno dia;sábado;Colisão frontal;Simples;1;0;-11.469031;-61.401464;Perigosa;Norte;2 Trimestre
583848;2024.0;n;2.0;2024-02-28;MG;381;572;ITAGUARA;Manobra de mudança de faixa;Com Vítimas Feridas;4;Sol;Pleno dia;quarta-feira;Colisão lateral mesmo sentido;Dupla;0;0;-20.45206504;-44.5689098;Segura;Sudeste;1 Trimestre
665589;2025.0;n;3.0;2025-03-06;RS;116;144,7;CAXIAS DO SUL;Manobra de mudança de faixa;Sem Vítimas;2;Céu Claro;Plena Noite;quinta-feira;Colisão lateral mesmo sentido;Dupla;0;0;-29,13256627;-51,12915874;Segura;Sul;1 Trimestre
604363;2024.0;n;6.0;2024-06-01;CE;116;454,7;BARRO;Transitar na contramão;Com Vítimas Feridas;2;Céu Claro;Plena Noite;sábado;Colisão frontal;Simples;0;0;-7.15137597;-38.7786803;Segura;Nordeste;2 Trimestre
607599;2024.0;n;6.0;2024-06-14;MG;50;177;UBERABA;Demais falhas mecânicas ou elétricas;Sem Vítimas;1;Céu Claro;Plena Noite;sexta-feira;Incêndio;Dupla;0;0;-19.77914852;-47.95047701;Segura;Sudeste;2 Trimestre
656327;2025.0;n;1.0;2025-01-20;SC;470;353,6;CAMPOS NOVOS;Reação tardia ou ineficiente do condutor;Com Vítimas Feridas;2;Céu Claro;Pleno dia;segunda-feira;Tombamento;Simples;0;0;-27,574747;-51,466583;Segura;Sul;1 Trimestre
575003;2024.0;n;1.0;2024-01-15;PR;277;502,9;GUARANIACU;Condutor Dormindo;Com Vítimas Feridas;4;Garoa/Chuvisco;Pleno dia;segunda-feira;Colisão frontal;Simples;0;2;-25.15665106;-52.69694215;Perigosa;Sul;1 Trimestre
625461;2024.0;n;9.0;2024-09-03;SP;116;445,8;REGISTRO;Acessar a via sem observar a presença dos outros veículos;Com Vítimas Feridas;7;Nublado;Pleno dia;terça-feira;Colisão lateral mesmo sentido;Dupla;0;0;-24.49790715;-47.84208686;Segura;Sudeste;3 Trimestre
606213;2024.0;n;6.0;2024-06-09;GO;153;276;NOVA GLORIA;Retorno proibido;Com Vítimas Fatais;3;Nublado;Amanhecer;domingo;Colisão transversal;Simples;1;0;-15.112444;-49.489918;Perigosa;Centro-Oeste;2 Trimestre
687593;2025.0;n;4.0;2025-04-27;RN;304;101,2;ACU;Ingestão de álcool pelo condutor;Com Vítimas Feridas;2;Céu Claro;Plena Noite;domingo;Colisão frontal;Simples;0;0;-5,580398;-37,014288;Segura;Nordeste;2 Trimestre
671611;2025.0;n;4.0;2025-04-04;RJ;101;501;ANGRA DOS REIS;Chuva;Com Vítimas Feridas;3;Chuva;Plena Noite;sexta-feira;Colisão traseira;Simples;0;0;-22,91512;-44,3504;Segura;Sudeste;2 Trimestre
622946;2024.0;n;8.0;2024-08-22;GO;60;376;RIO VERDE;Reação tardia ou ineficiente do condutor;Sem Vítimas;4;Céu Claro;Plena Noite;quinta-feira;Saída de leito carroçável;Dupla;0;0;-17.7311;-50.8695;Segura;Centro-Oeste;3 Trimestre
663718;2025.0;n;2.0;2025-02-25;PR;376;525,7;PONTA GROSSA;Condutor Dormindo;Com Vítimas Feridas;4;Céu Claro;Plena Noite;terça-feira;Colisão traseira;Dupla;0;3;-25,28;-49,919;Perigosa;Sul;1 Trimestre
688160;2025.0;n;4.0;2025-04-30;PR;373;242,4;GUAMIRANGA;Ingestão de álcool pelo condutor;Com Vítimas Feridas;2;Céu Claro;Plena Noite;quarta-feira;Colisão lateral mesmo sentido;Simples;0;1;-25,19678671;-50,77958107;Perigosa;Sul;2 Trimestre
594911;2024.0;n;4.0;2024-04-19;PR;376;437,6;TIBAGI;Ausência de reação do condutor;Sem Vítimas;4;Sol;Pleno dia;sexta-feira;Colisão lateral mesmo sentido;Dupla;0;0;-24.79047092;-50.50197537;Segura;Sul;2 Trimestre
660970;2025.0;n;1.0;2025-01-11;BA;101;231;SAPEACU;Ausência de reação do condutor;Com Vítimas Feridas;3;Chuva;Pleno dia;sábado;Colisão traseira;Simples;0;0;-12,84349412;-39,20479086;Segura;Nordeste;1 Trimestre
656804;2025.0;n;1.0;2025-01-23;PR;116;111;CURITIBA;Ausência de reação do condutor;Com Vítimas Feridas;2;Céu Claro;Pleno dia;quinta-feira;Colisão traseira;Dupla;0;1;-25,5575675;-49,2703943;Perigosa;Sul;1 Trimestre
686590;2025.0;y;4.0;2025-04-21;RS;471;542,8;SANTA VITORIA DO PALMAR;Condutor Dormindo;Com Vítimas Feridas;2;Céu Claro;Plena Noite;segunda-feira;Saída de leito carroçável;Simples;0;2;-32,70860296;-52,62394908;Perigosa;Sul;2 Trimestre
666717;2025.0;n;3.0;2025-03-12;CE;116;10,8;FORTALEZA;Condutor deixou de manter distância do veículo da frente;Com Vítimas Feridas;4;Nublado;Pleno dia;quarta-feira;Engavetamento;Múltipla;0;0;-3,8427063;-38,49944115;Segura;Nordeste;1 Trimestre
668467;2025.0;n;3.0;2025-03-20;PR;116;8;CAMPINA GRANDE DO SUL;Reação tardia ou ineficiente do condutor;Com Vítimas Feridas;2;Céu Claro;Pleno dia;quinta-feira;Colisão traseira;Dupla;0;1;-25,08123277;-48,62449108;Perigosa;Sul;1 Trimestre
599358;2024.0;n;5.0;2024-05-09;MA;135;23;SAO LUIS;Problema com o freio;Sem Vítimas;6;Céu Claro;Pleno dia;quinta-feira;Colisão transversal;Dupla;0;0;-2.75265593;-44.34833106;Segura;Nordeste;2 Trimestre
612876;2024.0;n;7.0;2024-07-07;BA;101;86;ALAGOINHAS;Demais falhas mecânicas ou elétricas;Sem Vítimas;4;Céu Claro;Pleno dia;domingo;Incêndio;Simples;0;0;-12.05781429;-38.31213949;Segura;Nordeste;3 Trimestre
578736;2024.0;n;2.0;2024-02-03;PR;277;63,2;SAO JOSE DOS PINHAIS;Pedestre andava na pista;Com Vítimas Feridas;4;Céu Claro;Pleno dia;sábado;Atropelamento de Pedestre;Dupla;0;0;-25.54036665;-49.06301737;Segura;Sul;1 Trimestre
582841;2024.0;n;2.0;2024-02-23;MA;10;227;GOVERNADOR EDISON LOBAO;Ausência de reação do condutor;Com Vítimas Fatais;3;Garoa/Chuvisco;Plena Noite;sexta-feira;Colisão lateral mesmo sentido;Dupla;1;1;-5.717922;-47.360086;Perigosa;Nordeste;1 Trimestre
616477;2024.0;n;7.0;2024-07-23;GO;70;394;MONTES CLAROS DE GOIAS;Reação tardia ou ineficiente do condutor;Com Vítimas Feridas;6;Céu Claro;Plena Noite;terça-feira;Colisão traseira;Simples;0;1;-15.87449747;-51.52553558;Perigosa;Centro-Oeste;3 Trimestre
625888;2024.0;n;9.0;2024-09-05;MS;163;178;JUTI;Demais falhas mecânicas ou elétricas;Sem Vítimas;1;Nublado;Pleno dia;quinta-feira;Saída de leito carroçável;Simples;0;0;-22.8457226;-54.66458372;Segura;Centro-Oeste;3 Trimestre
592156;2024.0;n;4.0;2024-04-06;MT;70;508;CUIABA;Ausência de reação do condutor;Com Vítimas Feridas;2;Céu Claro;Pleno dia;sábado;Colisão traseira;Simples;0;0;-15.6538904;-55.98982818;Segura;Centro-Oeste;2 Trimestre
670422;2025.0;n;3.0;2025-03-29;PR;476;182;LAPA;Ausência de reação do condutor;Com Vítimas Feridas;2;Céu Claro;Plena Noite;sábado;Saída de leito carroçável;Simples;0;1;-25,71701283;-49,61470474;Perigosa;Sul;1 Trimestre
628005;2024.0;n;9.0;2024-09-14;PI;343;49,3;BURITI DOS LOPES;Manobra de mudança de faixa;Com Vítimas Feridas;3;Sol;Pleno dia;sábado;Colisão lateral sentido oposto;Simples;0;1;-3.178615;-41.861942;Perigosa;Nordeste;3 Trimestre
575814;2024.0;n;1.0;2024-01-19;SP;381;2;VARGEM;Chuva;Sem Vítimas;2;Chuva;Plena Noite;sexta-feira;Colisão traseira;Dupla;0;0;-22.88187369;-46.39059388;Segura;Sudeste;1 Trimestre
575431;2024.0;n;1.0;2024-01-18;PR;116;116;CURITIBA;Acessar a via sem observar a presença dos outros veículos;Com Vítimas Feridas;2;Céu Claro;Pleno dia;quinta-feira;Colisão lateral mesmo sentido;Dupla;0;1;-25.55468195;-49.27402397;Perigosa;Sul;1 Trimestre
599805;2024.0;n;5.0;2024-05-11;GO;40;8,8;VALPARAISO DE GOIAS;Reação tardia ou ineficiente do condutor;Com Vítimas Feridas;2;Céu Claro;Plena Noite;sábado;Colisão transversal;Dupla;0;0;-16.11597007;-47.96736717;Segura;Centro-Oeste;2 Trimestre
660731;2025.0;n;2.0;2025-02-11;RN;405;91;ITAU;Condutor deixou de manter distância do veículo da frente;Com Vítimas Fatais;2;Céu Claro;Pleno dia;terça-feira;Colisão lateral mesmo sentido;Simples;1;0;-5,74557258;-37,8612021;Perigosa;Nordeste;1 Trimestre
587235;2024.0;n;3.0;2024-03-14;PI;343;344,8;TERESINA;Condutor deixou de manter distância do veículo da frente;Sem Vítimas;2;Céu Claro;Pleno dia;quinta-feira;Colisão traseira;Simples;0;0;-5.102889;-42.766506;Segura;Nordeste;1 Trimestre
612152;2024.0;n;7.0;2024-07-05;RJ;393;187;PARAIBA DO SUL;Condutor deixou de manter distância do veículo da frente;Com Vítimas Feridas;3;Céu Claro;Pleno dia;sexta-feira;Colisão traseira;Simples;0;0;-22.16789247;-43.32231045;Segura;Sudeste;3 Trimestre
583413;2024.0;n;1.0;2024-01-05;RR;401;58;BONFIM;Reação tardia ou ineficiente do condutor;Com Vítimas Feridas;1;Céu Claro;Pleno dia;sexta-feira;Saída de leito carroçável;Dupla;0;0;3.11391913;-60.32282704;Segura;Norte;1 Trimestre
627479;2024.0;n;9.0;2024-09-12;MG;40;442,9;PARAOPEBA;Demais falhas mecânicas ou elétricas;Com Vítimas Feridas;1;Céu Claro;Pleno dia;quinta-feira;Colisão com objeto;Dupla;0;0;-19.28442753;-44.41678047;Segura;Sudeste;3 Trimestre
617894;2024.0;n;7.0;2024-07-30;MG;381;333;NOVA ERA;Ausência de reação do condutor;Sem Vítimas;2;Céu Claro;Pleno dia;terça-feira;Saída de leito carroçável;Simples;0;0;-19.80306599;-43.06083702;Segura;Sudeste;3 Trimestre
572793;2024.0;n;1.0;2024-01-05;RJ;101;437;MANGARATIBA;Avarias e/ou desgaste excessivo no pneu;Com Vítimas Feridas;1;Céu Claro;Pleno dia;sexta-feira;Saída de leito carroçável;Simples;0;0;-22.94811517;-44.06549304;Segura;Sudeste;1 Trimestre
591207;2024.0;n;4.0;2024-04-01;PR;376;591;CURITIBA;Manobra de mudança de faixa;Com Vítimas Feridas;3;Céu Claro;Pleno dia;segunda-feira;Colisão lateral mesmo sentido;Dupla;0;1;-25.46488;-49.357148;Perigosa;Sul;2 Trimestre
669023;2025.0;n;3.0;2025-03-23;MG;116;228;TEOFILO OTONI;Ausência de reação do condutor;Sem Vítimas;2;Chuva;Amanhecer;domingo;Tombamento;Dupla;0;0;-17,464494;-41,495997;Segura;Sudeste;1 Trimestre
659204;2025.0;n;2.0;2025-02-04;RS;116;247,9;SAO LEOPOLDO;Ausência de reação do condutor;Sem Vítimas;4;Céu Claro;Pleno dia;terça-feira;Engavetamento;Múltipla;0;0;-29,76733091;-51,1535296;Segura;Sul;1 Trimestre
659381;2025.0;n;2.0;2025-02-05;MG;50;19;UBERLANDIA;Manobra de mudança de faixa;Com Vítimas Feridas;2;Sol;Pleno dia;quarta-feira;Tombamento;Dupla;0;0;-18,935284;-48,202407;Segura;Sudeste;1 Trimestre
613901;2024.0;n;7.0;2024-07-10;GO;153;324,2;RIANAPOLIS;Condutor deixou de manter distância do veículo da frente;Sem Vítimas;4;Céu Claro;Pleno dia;quarta-feira;Colisão traseira;Simples;0;0;-15.481514;-49.493187;Segura;Centro-Oeste;3 Trimestre
605203;2024.0;n;6.0;2024-06-04;RO;364;239;CACOAL;Condutor desrespeitou a iluminação vermelha do semáforo;Sem Vítimas;5;Céu Claro;Pleno dia;terça-feira;Colisão transversal;Simples;0;0;-11.43425083;-61.46267289;Segura;Norte;2 Trimestre
613272;2024.0;n;7.0;2024-07-09;PR;277;7,2;PARANAGUA;Acessar a via sem observar a presença dos outros veículos;Com Vítimas Feridas;3;Chuva;Pleno dia;terça-feira;Colisão transversal;Simples;0;0;-25.5115284;-48.51990581;Segura;Sul;3 Trimestre
590141;2024.0;n;3.0;2024-03-27;SP;116;316,5;JUQUITIBA;Velocidade Incompatível;Com Vítimas Feridas;4;Céu Claro;Plena Noite;quarta-feira;Colisão lateral mesmo sentido;Dupla;0;0;-23.91054997;-46.99149375;Segura;Sudeste;1 Trimestre
686157;2025.0;n;4.0;2025-04-16;SC;101;87;BARRA VELHA;Acesso irregular;Com Vítimas Feridas;2;Céu Claro;Plena Noite;quarta-feira;Colisão traseira;Múltipla;0;1;-26,6256123;-48,71163333;Perigosa;Sul;2 Trimestre
627199;2024.0;n;9.0;2024-09-10;SC;101;216,3;PALHOCA;Manobra de mudança de faixa;Com Vítimas Feridas;3;Nublado;Plena Noite;terça-feira;Colisão lateral mesmo sentido;Múltipla;0;0;-27.65981409;-48.67747798;Segura;Sul;3 Trimestre
627290;2024.0;n;9.0;2024-09-11;PR;376;50,9;LOANDA;Transitar na contramão;Com Vítimas Feridas;4;Céu Claro;Pleno dia;quarta-feira;Colisão frontal;Simples;0;0;-22.89538724;-52.91616517;Segura;Sul;3 Trimestre
576648;2024.0;n;1.0;2024-01-23;GO;452;176,8;ITUMBIARA;Ausência de sinalização;Com Vítimas Feridas;3;Céu Claro;Pleno dia;terça-feira;Colisão lateral mesmo sentido;Simples;0;0;-18.35517115;-49.38032508;Segura;Centro-Oeste;1 Trimestre
654339;2025.0;n;1.0;2025-01-11;MG;381;323;NOVA ERA;Condutor Dormindo;Com Vítimas Feridas;3;Nublado;Plena Noite;sábado;Colisão traseira;Simples;0;0;-19,72257777;-43,00807259;Segura;Sudeste;1 Trimestre
597689;2024.0;y;5.0;2024-05-01;MG;153;75,5;MONTE ALEGRE DE MINAS;Velocidade Incompatível;Com Vítimas Fatais;2;Nublado;Plena Noite;quarta-feira;Colisão lateral sentido oposto;Simples;1;0;-19.02227706;-49.01308814;Perigosa;Sudeste;2 Trimestre
575838;2024.0;n;1.0;2024-01-19;SP;116;152,8;SAO JOSE DOS CAMPOS;Ausência de reação do condutor;Com Vítimas Fatais;3;Nublado;Plena Noite;sexta-feira;Colisão traseira;Dupla;1;0;-23.23903999;-45.92061901;Perigosa;Sudeste;1 Trimestre
586547;2024.0;n;3.0;2024-03-11;PE;101;148;RIBEIRAO;Transitar no Acostamento;Com Vítimas Feridas;2;Céu Claro;Amanhecer;segunda-feira;Atropelamento de Pedestre;Múltipla;0;1;-8.48336698;-35.37204035;Perigosa;Nordeste;1 Trimestre
610379;2024.0;n;5.0;2024-05-22;GO;153;580,8;PROFESSOR JAMIL;Velocidade Incompatível;Com Vítimas Feridas;2;Céu Claro;Pleno dia;quarta-feira;Tombamento;Dupla;0;1;-17.3851;-49.2343;Perigosa;Centro-Oeste;2 Trimestre
671240;2025.0;n;4.0;2025-04-03;MG;262;671,3;IBIA;Ausência de reação do condutor;Com Vítimas Fatais;1;Céu Claro;Amanhecer;quinta-feira;Tombamento;Simples;1;0;-19,54835471;-46,82702422;Perigosa;Sudeste;2 Trimestre
671082;2025.0;n;4.0;2025-04-02;GO;60;467,8;JATAI;Manobra de mudança de faixa;Com Vítimas Feridas;4;Céu Claro;Pleno dia;quarta-feira;Colisão lateral mesmo sentido;Dupla;0;0;-17,9069747;-51,7124279;Segura;Centro-Oeste;2 Trimestre
662367;2025.0;n;2.0;2025-02-19;MS;262;687,3;CORUMBA;Ausência de reação do condutor;Com Vítimas Feridas;1;Nublado;Pleno dia;quarta-feira;Saída de leito carroçável;Simples;0;0;-19,55967667;-57,25999917;Segura;Centro-Oeste;1 Trimestre
610443;2024.0;n;6.0;2024-06-27;SC;101;263,9;GAROPABA;Condutor Dormindo;Com Vítimas Feridas;4;Céu Claro;Pleno dia;quinta-feira;Colisão transversal;Dupla;0;1;-28.05149404;-48.71632789;Perigosa;Sul;2 Trimestre
664539;2025.0;n;3.0;2025-03-01;BA;349;828,8;SERRA DO RAMALHO;Manobra de mudança de faixa;Com Vítimas Feridas;3;Sol;Pleno dia;sábado;Colisão lateral sentido oposto;Simples;0;0;-13,34152016;-43,91819;Segura;Nordeste;1 Trimestre
653636;2025.0;n;1.0;2025-01-03;CE;116;19;EUSEBIO;Manobra de mudança de faixa;Sem Vítimas;3;Céu Claro;Pleno dia;sexta-feira;Colisão lateral mesmo sentido;Dupla;0;0;-3,918503;-38,50736976;Segura;Nordeste;1 Trimestre
652894;2025.0;n;1.0;2025-01-03;CE;222;4;CAUCAIA;Acesso irregular;Com Vítimas Feridas;2;Céu Claro;Pleno dia;sexta-feira;Colisão transversal;Múltipla;0;0;-3,74164754;-38,60449792;Segura;Nordeste;1 Trimestre
581802;2024.0;n;2.0;2024-02-18;PR;376;673;GUARATUBA;Ausência de reação do condutor;Com Vítimas Feridas;4;Nublado;Amanhecer;domingo;Colisão traseira;Simples;0;0;-25.90092097;-48.92572096;Segura;Sul;1 Trimestre
584927;2024.0;n;3.0;2024-03-04;PB;230;22;JOAO PESSOA;Trafegar com motocicleta (ou similar) entre as faixas;Com Vítimas Feridas;2;Céu Claro;Pleno dia;segunda-feira;Colisão lateral mesmo sentido;Dupla;0;0;-7.1495;-34.8517;Segura;Nordeste;1 Trimestre
672729;2025.0;n;4.0;2025-04-10;MG;262;858,9;CAMPO FLORIDO;Objeto estático sobre o leito carroçável;Com Vítimas Fatais;5;Céu Claro;Pleno dia;quinta-feira;Colisão com objeto;Dupla;1;0;-19,79087987;-48,41571808;Perigosa;Sudeste;2 Trimestre
687572;2025.0;n;4.0;2025-04-26;RO;364;70;VILHENA;Ultrapassagem Indevida;Com Vítimas Feridas;2;Céu Claro;Plena Noite;sábado;Colisão lateral mesmo sentido;Simples;0;1;-12,49687781;-60,49130023;Perigosa;Norte;2 Trimestre
604419;2024.0;n;6.0;2024-06-01;MG;381;384,5;SAO GONCALO DO RIO ABAIXO;Reação tardia ou ineficiente do condutor;Com Vítimas Feridas;2;Céu Claro;Pleno dia;sábado;Colisão lateral mesmo sentido;Dupla;0;0;-19.80675104;-43.4020021;Segura;Sudeste;2 Trimestre
586603;2024.0;n;3.0;2024-03-11;GO;364;154;JATAI;Ausência de reação do condutor;Com Vítimas Feridas;2;Sol;Pleno dia;segunda-feira;Tombamento;Simples;0;1;-18.138138;-51.454224;Perigosa;Centro-Oeste;1 Trimestre
630458;2024.0;n;9.0;2024-09-25;PR;163;174;LINDOESTE;Reação tardia ou ineficiente do condutor;Com Vítimas Feridas;3;Céu Claro;Pleno dia;quarta-feira;Saída de leito carroçável;Dupla;0;0;-25.22534298;-53.59185885;Segura;Sul;3 Trimestre
621456;2024.0;n;8.0;2024-08-15;MA;10;146;PORTO FRANCO;Condutor deixou de manter distância do veículo da frente;Com Vítimas Feridas;5;Céu Claro;Pleno dia;quinta-feira;Colisão frontal;Simples;0;1;-6.442968;-47.396965;Perigosa;Nordeste;3 Trimestre
627360;2024.0;n;9.0;2024-09-11;SP;381;11;VARGEM;Manobra de mudança de faixa;Com Vítimas Feridas;3;Céu Claro;Pleno dia;quarta-feira;Tombamento;Dupla;0;0;-22.92240388;-46.44345503;Segura;Sudeste;3 Trimestre
660367;2025.0;n;2.0;2025-02-09;RS;392;628;SETE DE SETEMBRO;Ingestão de álcool pelo condutor;Com Vítimas Feridas;4;Céu Claro;Plena Noite;domingo;Colisão lateral sentido oposto;Simples;0;0;-28,16327844;-54,42763111;Segura;Sul;1 Trimestre
603752;2024.0;n;5.0;2024-05-29;DF;20;21;BRASILIA;Ausência de reação do condutor;Com Vítimas Feridas;2;Céu Claro;Pleno dia;quarta-feira;Colisão traseira;Dupla;0;0;-15.603384;-47.684692;Segura;Centro-Oeste;2 Trimestre
687860;2025.0;n;3.0;2025-03-03;ES;262;163,5;IBATIBA;Ausência de reação do condutor;Com Vítimas Feridas;2;Céu Claro;Pleno dia;segunda-feira;Colisão com objeto;Simples;0;1;-20,241077;-41,546752;Perigosa;Sudeste;1 Trimestre
653323;2025.0;n;1.0;2025-01-05;RS;101;33,5;TRES CACHOEIRAS;Demais falhas mecânicas ou elétricas;Com Vítimas Feridas;1;Céu Claro;Pleno dia;domingo;Tombamento;Dupla;0;0;-29,5028698;-49,97956231;Segura;Sul;1 Trimestre
657373;2025.0;n;1.0;2025-01-25;PI;222;85;PIRIPIRI;Demais falhas na via;Com Vítimas Fatais;2;Céu Claro;Plena Noite;sábado;Saída de leito carroçável;Simples;1;0;-4,24033984;-41,83304398;Perigosa;Nordeste;1 Trimestre
585181;2024.0;n;3.0;2024-03-05;RS;285;97,3;VACARIA;Transitar na contramão;Sem Vítimas;2;Nublado;Pleno dia;terça-feira;Colisão lateral sentido oposto;Simples;0;0;-28.5885162;-50.76104164;Segura;Sul;1 Trimestre
685842;2025.0;y;4.0;2025-04-18;ES;101;290;CARIACICA;Acessar a via sem observar a presença dos outros veículos;Com Vítimas Feridas;3;Céu Claro;Plena Noite;sexta-feira;Colisão transversal;Simples;0;1;-20,2937462;-40,3929171;Perigosa;Sudeste;2 Trimestre
612178;2024.0;n;7.0;2024-07-05;MG;381;456,5;BELO HORIZONTE;Acessar a via sem observar a presença dos outros veículos;Com Vítimas Feridas;3;Sol;Pleno dia;sexta-feira;Colisão transversal;Dupla;0;0;-19.85862954;-43.91292495;Segura;Sudeste;3 Trimestre
620212;2024.0;n;8.0;2024-08-09;PR;153;135;VENTANIA;Velocidade Incompatível;Com Vítimas Feridas;2;Chuva;Plena Noite;sexta-feira;Tombamento;Simples;0;0;-24.042482;-50.250282;Segura;Sul;3 Trimestre
652551;2025.0;y;1.0;2025-01-01;SC;101;132;BALNEARIO CAMBORIU;Ingestão de álcool pelo condutor;Com Vítimas Feridas;2;Céu Claro;Pleno dia;quarta-feira;Colisão traseira;Dupla;0;1;-26,99654133;-48,65564711;Perigosa;Sul;1 Trimestre
586124;2024.0;n;3.0;2024-03-09;RS;153;556;BAGE;Avarias e/ou desgaste excessivo no pneu;Com Vítimas Feridas;1;Céu Claro;Pleno dia;sábado;Saída de leito carroçável;Simples;0;1;-30.884673;-53.614644;Perigosa;Sul;1 Trimestre
659636;2025.0;n;2.0;2025-02-06;RJ;116;311;RESENDE;Frear bruscamente;Com Vítimas Feridas;5;Céu Claro;Pleno dia;quinta-feira;Colisão traseira;Dupla;0;0;-22,46086624;-44,44296321;Segura;Sudeste;1 Trimestre