id;ano;feriado;mes;data_inversa;uf;br;km;municipio;causa_acidente;classificacao_acidente;veiculos;condicao_metereologica;fase_dia;dia_semana;tipo_acidente;tipo_pista;mortos;feridos_graves;latitude;longitude;status;regiao;periodo
664265;2025.0;n;2.0;2025-02-28;RO;364;99;VILHENA;Ausência de reação do condutor;Com Vítimas Feridas;2;Céu Claro;Pleno dia;sexta-feira;Colisão traseira;Simples;0;0;-12,275626;-60,64165;Segura;Norte;1 Trimestre
657768;2025.0;n;1.0;2025-01-27;RS;386;333,8;MARQUES DE SOUZA;Acumulo de água sobre o pavimento;Com Vítimas Feridas;4;Chuva;Anoitecer;segunda-feira;Colisão transversal;Simples;0;0;-29,355341;-52,069054;Segura;Sul;1 Trimestre
626017;2024.0;n;9.0;2024-09-05;PR;153;352,5;REBOUCAS;Transitar na contramão;Com Vítimas Feridas;2;Nublado;Plena Noite;quinta-feira;Colisão lateral sentido oposto;Simples;0;1;-25.6240101;-50.70976188;Perigosa;Sul;3 Trimestre
591796;2024.0;n;4.0;2024-04-04;RO;364;409;JARU;Condutor deixou de manter distância do veículo da frente;Sem Vítimas;2;Nublado;Pleno dia;quinta-feira;Colisão traseira;Simples;0;0;-10.54019698;-62.39333998;Segura;Norte;2 Trimestre
663484;2025.0;n;2.0;2025-02-24;MG;381;918,2;CAMANDUCAIA;Reação tardia ou ineficiente do condutor;Com Vítimas Feridas;3;Céu Claro;Plena Noite;segunda-feira;Colisão traseira;Dupla;0;0;-22,75200972;-46,14252806;Segura;Sudeste;1 Trimestre
590880;2024.0;n;3.0;2024-03-31;CE;222;3,9;CAUCAIA;Condutor deixou de manter distância do veículo da frente;Sem Vítimas;2;Nublado;Plena Noite;domingo;Colisão traseira;Múltipla;0;0;-3.7403769;-38.59569202;Segura;Nordeste;1 Trimestre
662534;2025.0;n;2.0;2025-02-20;SC;280;30;ARAQUARI;Reação tardia ou ineficiente do condutor;Sem Vítimas;2;Sol;Pleno dia;quinta-feira;Colisão traseira;Simples;0;0;-26,4141523;-48,76209493;Segura;Sul;1 Trimestre
584294;2024.0;n;3.0;2024-03-01;RJ;116;243,5;PIRAI;Manobra de mudança de faixa;Com Vítimas Feridas;8;Chuva;Pleno dia;sexta-feira;Colisão lateral mesmo sentido;Dupla;0;0;-22.63023454;-43.91033921;Segura;Sudeste;1 Trimestre
653004;2025.0;n;1.0;2025-01-03;MG;381;509;SAO JOAQUIM DE BICAS;Área urbana sem a presença de local apropriado para a travessia de pedestres;Com Vítimas Feridas;2;Chuva;Plena Noite;sexta-feira;Atropelamento de Pedestre;Dupla;0;1;-20,07008;-44,298819;Perigosa;Sudeste;1 Trimestre
612402;2024.0;n;7.0;2024-07-05;MG;267;277,9;AIURUOCA;Velocidade Incompatível;Com Vítimas Feridas;2;Céu Claro;Pleno dia;sexta-feira;Saída de leito carroçável;Simples;0;0;-21.93263164;-44.70242991;Segura;Sudeste;3 Trimestre
653536;2025.0;n;1.0;2025-01-06;SC;101;415,1;ARARANGUA;Manobra de mudança de faixa;Com Vítimas Feridas;2;Céu Claro;Pleno dia;segunda-feira;Colisão traseira;Dupla;0;0;-28,96192931;-49,5220873;Segura;Sul;1 Trimestre
572686;2024.0;n;1.0;2024-01-05;ES;101;102;LINHARES;Condutor Dormindo;Com Vítimas Feridas;1;Céu Claro;Amanhecer;sexta-feira;Tombamento;Simples;0;0;-18.99655669;-40.00319452;Segura;Sudeste;1 Trimestre
610704;2024.0;n;6.0;2024-06-28;PR;476;242;LAPA;Velocidade Incompatível;Com Vítimas Feridas;2;Nublado;Plena Noite;sexta-feira;Tombamento;Simples;0;1;-25.858768;-50.08609;Perigosa;Sul;2 Trimestre
607464;2024.0;n;6.0;2024-06-14;ES;101;283;CARIACICA;Condutor deixou de manter distância do veículo da frente;Com Vítimas Feridas;3;Céu Claro;Anoitecer;sexta-feira;Colisão traseira;Múltipla;0;0;-20.23438373;-40.3693577;Segura;Sudeste;2 Trimestre
601961;2024.0;n;5.0;2024-05-21;PE;232;78,6;GRAVATA;Condutor deixou de manter distância do veículo da frente;Com Vítimas Feridas;2;Céu Claro;Pleno dia;terça-feira;Colisão transversal;Dupla;0;1;-8.19343658;-35.55186505;Perigosa;Nordeste;2 Trimestre
663982;2025.0;n;2.0;2025-02-27;SC;282;338;CAMPOS NOVOS;Condutor Dormindo;Com Vítimas Feridas;5;Céu Claro;Pleno dia;quinta-feira;Colisão lateral sentido oposto;Simples;0;0;-27,39247595;-51,17617607;Segura;Sul;1 Trimestre
657980;2025.0;n;1.0;2025-01-29;PR;476;310;PAULO FRONTIN;Ausência de reação do condutor;Com Vítimas Feridas;1;Nublado;Plena Noite;quarta-feira;Saída de leito carroçável;Simples;0;0;-26,02055;-50,652287;Segura;Sul;1 Trimestre
609987;2024.0;n;6.0;2024-06-25;GO;40;2;VALPARAISO DE GOIAS;Trafegar com motocicleta (ou similar) entre as faixas;Com Vítimas Feridas;2;Céu Claro;Pleno dia;terça-feira;Colisão lateral mesmo sentido;Dupla;0;0;-16.067129;-47.984235;Segura;Centro-Oeste;2 Trimestre
617861;2024.0;n;7.0;2024-07-30;SC;101;127,3;ITAJAI;Reação tardia ou ineficiente do condutor;Com Vítimas Feridas;2;Nublado;Pleno dia;terça-feira;Colisão traseira;Dupla;0;2;-26.9639319;-48.68328024;Perigosa;Sul;3 Trimestre
615649;2024.0;n;7.0;2024-07-20;BA;101;350,7;WENCESLAU GUIMARAES;Reação tardia ou ineficiente do condutor;Com Vítimas Feridas;4;Nublado;Amanhecer;sábado;Colisão lateral sentido oposto;Simples;0;1;-13.620442;-39.495882;Perigosa;Nordeste;3 Trimestre
604752;2024.0;n;6.0;2024-06-02;MS;376;169;NOVA ANDRADINA;Acessar a via sem observar a presença dos outros veículos;Com Vítimas Feridas;2;Céu Claro;Plena Noite;domingo;Colisão transversal;Dupla;0;0;-22.31130481;-53.40508306;Segura;Centro-Oeste;2 Trimestre
593837;2024.0;n;4.0;2024-04-14;RS;392;351;SANTA MARIA;Conversão proibida;Sem Vítimas;3;Garoa/Chuvisco;Plena Noite;domingo;Colisão frontal;Múltipla;0;0;-29.7284269;-53.80323691;Segura;Sul;2 Trimestre
687885;2025.0;n;4.0;2025-04-28;RJ;101;70;CAMPOS DOS GOYTACAZES;Condutor Dormindo;Com Vítimas Feridas;3;Céu Claro;Pleno dia;segunda-feira;Colisão lateral sentido oposto;Simples;0;0;-21,775219;-41,363228;Segura;Sudeste;2 Trimestre
611438;2024.0;n;7.0;2024-07-02;GO;50;240;CATALAO;Reação tardia ou ineficiente do condutor;Com Vítimas Feridas;2;Céu Claro;Pleno dia;terça-feira;Saída de leito carroçável;Dupla;0;0;-17.86145967;-47.7834034;Segura;Centro-Oeste;3 Trimestre
653570;2025.0;n;1.0;2025-01-06;RS;287;275,6;SAO PEDRO DO SUL;Demais falhas mecânicas ou elétricas;Com Vítimas Feridas;1;Céu Claro;Pleno dia;segunda-feira;Colisão com objeto;Simples;0;0;-29,66188963;-54,12516993;Segura;Sul;1 Trimestre
657984;2025.0;n;1.0;2025-01-28;MG;40;620,5;CONGONHAS;Restrição de visibilidade em curvas horizontais;Com Vítimas Feridas;2;Chuva;Plena Noite;terça-feira;Colisão lateral sentido oposto;Simples;0;0;-20,5862286;-43,80721092;Segura;Sudeste;1 Trimestre
598962;2024.0;n;5.0;2024-05-08;RS;285;159,6;MUITOS CAPOES;Velocidade Incompatível;Com Vítimas Feridas;2;Nublado;Plena Noite;quarta-feira;Tombamento;Simples;0;0;-28.32148;-51.217224;Segura;Sul;2 Trimestre
660424;2025.0;n;2.0;2025-02-10;MG;381;826,7;CAREACU;Ausência de reação do condutor;Com Vítimas Feridas;4;Céu Claro;Pleno dia;segunda-feira;Colisão traseira;Dupla;0;0;-22,1081057;-45,74028007;Segura;Sudeste;1 Trimestre
661210;2025.0;n;2.0;2025-02-14;PB;230;168,2;CAMPINA GRANDE;Ausência de reação do condutor;Com Vítimas Feridas;2;Céu Claro;Plena Noite;sexta-feira;Colisão traseira;Simples;0;0;-7,188;-35,9687;Segura;Nordeste;1 Trimestre
659628;2025.0;n;2.0;2025-02-06;PI;316;24,3;TERESINA;Estacionar ou parar em local proibido;Com Vítimas Feridas;5;Sol;Pleno dia;quinta-feira;Colisão traseira;Múltipla;0;0;-5,28895702;-42,71707202;Segura;Nordeste;1 Trimestre
685871;2025.0;n;4.0;2025-04-19;RS;116;268;CANOAS;Manobra de mudança de faixa;Com Vítimas Feridas;2;Céu Claro;Amanhecer;sábado;Colisão com objeto;Múltipla;0;0;-29,94006881;-51,17714513;Segura;Sul;2 Trimestre
604250;2024.0;n;5.0;2024-05-31;MT;163;833;SINOP;Condutor deixou de manter distância do veículo da frente;Com Vítimas Feridas;5;Céu Claro;Pleno dia;sexta-feira;Colisão traseira;Dupla;0;1;-11.87154741;-55.498106;Perigosa;Centro-Oeste;2 Trimestre
672248;2025.0;n;4.0;2025-04-07;MG;116;215;CATUJI;Condutor Dormindo;Com Vítimas Feridas;2;Chuva;Pleno dia;segunda-feira;Tombamento;Dupla;0;1;-17,3703214;-41,5317629;Perigosa;Sudeste;2 Trimestre
591085;2024.0;n;4.0;2024-04-01;MG;50;106,5;UBERABA;Ingestão de álcool pelo condutor;Sem Vítimas;2;Nublado;Plena Noite;segunda-feira;Colisão traseira;Dupla;0;0;-19.18854094;-48.15509282;Segura;Sudeste;2 Trimestre
595831;2024.0;n;4.0;2024-04-19;SP;381;22;BRAGANCA PAULISTA;Condutor deixou de manter distância do veículo da frente;Com Vítimas Feridas;2;Céu Claro;Pleno dia;sexta-feira;Colisão traseira;Dupla;0;0;-22.99697186;-46.5163051;Segura;Sudeste;2 Trimestre
653655;2025.0;n;1.0;2025-01-07;SP;116;52,4;LORENA;Condutor Dormindo;Sem Vítimas;2;Céu Claro;Pleno dia;terça-feira;Colisão traseira;Dupla;0;0;-22,74708138;-45,09973038;Segura;Sudeste;1 Trimestre
671003;2025.0;n;4.0;2025-04-01;PR;116;74;QUATRO BARRAS;Reação tardia ou ineficiente do condutor;Com Vítimas Feridas;2;Nublado;Plena Noite;terça-feira;Colisão traseira;Dupla;0;1;-25,36517687;-49,04223028;Perigosa;Sul;2 Trimestre
576922;2024.0;n;1.0;2024-01-25;CE;116;138,5;RUSSAS;Pedestre andava na pista;Com Vítimas Feridas;2;Céu Claro;Plena Noite;quinta-feira;Atropelamento de Pedestre;Simples;0;1;-4.7466739;-38.07194588;Perigosa;Nordeste;1 Trimestre
652592;2025.0;y;1.0;2025-01-01;SC;101;222,3;PALHOCA;Manobra de mudança de faixa;Com Vítimas Feridas;2;Nublado;Pleno dia;quarta-feira;Colisão lateral mesmo sentido;Dupla;0;0;-27,70865409;-48,65586407;Segura;Sul;1 Trimestre
623263;2024.0;n;8.0;2024-08-24;PR;277;455,2;LARANJEIRAS DO SUL;Transitar na contramão;Com Vítimas Feridas;5;Céu Claro;Amanhecer;sábado;Colisão frontal;Simples;0;1;-25.36980336;-52.37913399;Perigosa;Sul;3 Trimestre
652692;2025.0;n;1.0;2025-01-02;ES;101;51,4;SAO MATEUS;Ausência de reação do condutor;Com Vítimas Feridas;1;Céu Claro;Pleno dia;quinta-feira;Saída de leito carroçável;Simples;0;0;-18,59458104;-39,88970815;Segura;Sudeste;1 Trimestre
606147;2024.0;n;6.0;2024-06-08;TO;226;32;PALMEIRAS DO TOCANTINS;Reação tardia ou ineficiente do condutor;Com Vítimas Feridas;2;Céu Claro;Plena Noite;sábado;Colisão com objeto;Simples;0;0;-6.654105;-47.719865;Segura;Norte;2 Trimestre
671326;2025.0;n;4.0;2025-04-03;BA;324;528;FEIRA DE SANTANA;Reação tardia ou ineficiente do condutor;Com Vítimas Feridas;1;Sol;Pleno dia;quinta-feira;Tombamento;Dupla;0;0;-12,32858145;-38,86128573;Segura;Nordeste;2 Trimestre
579034;2024.0;n;2.0;2024-02-04;SC;101;81;BARRA VELHA;Condutor deixou de manter distância do veículo da frente;Com Vítimas Feridas;6;Céu Claro;Plena Noite;domingo;Colisão traseira;Múltipla;0;0;-26.60256101;-48.72553524;Segura;Sul;1 Trimestre
588817;2024.0;n;3.0;2024-03-21;MG;365;341;VARJAO DE MINAS;Acumulo de óleo sobre o pavimento;Com Vítimas Feridas;3;Chuva;Pleno dia;quinta-feira;Colisão frontal;Simples;0;0;-18.31339401;-45.96952499;Segura;Sudeste;1 Trimestre
596012;2024.0;n;4.0;2024-04-24;RJ;116;171;RIO DE JANEIRO;Reação tardia ou ineficiente do condutor;Com Vítimas Feridas;3;Céu Claro;Pleno dia;quarta-feira;Colisão lateral mesmo sentido;Dupla;0;0;-22.80849271;-43.33877033;Segura;Sudeste;2 Trimestre
600971;2024.0;n;5.0;2024-05-16;SC;101;68,3;ARAQUARI;Estacionar ou parar em local proibido;Sem Vítimas;4;Nublado;Plena Noite;quinta-feira;Colisão traseira;Dupla;0;0;-26.51082007;-48.72345612;Segura;Sul;2 Trimestre
653535;2025.0;n;1.0;2025-01-06;BA;116;321;ARACI;Acessar a via sem observar a presença dos outros veículos;Com Vítimas Feridas;2;Céu Claro;Pleno dia;segunda-feira;Colisão transversal;Simples;0;1;-11,339086;-38,95849;Perigosa;Nordeste;1 Trimestre
658419;2025.0;n;1.0;2025-01-31;ES;101;189;ARACRUZ;Condutor Dormindo;Com Vítimas Feridas;3;Céu Claro;Pleno dia;sexta-feira;Colisão lateral sentido oposto;Simples;0;0;-19,68134019;-40,27051885;Segura;Sudeste;1 Trimestre
572787;2024.0;n;1.0;2024-01-05;PA;163;653;ITAITUBA;Avarias e/ou desgaste excessivo no pneu;Com Vítimas Feridas;5;Nublado;Pleno dia;sexta-feira;Colisão frontal;Simples;0;0;-4.50624587;-55.86575279;Segura;Norte;1 Trimestre
603723;2024.0;n;5.0;2024-05-29;RS;116;520;PELOTAS;Condutor Dormindo;Com Vítimas Feridas;4;Nublado;Pleno dia;quarta-feira;Colisão traseira;Dupla;0;0;-31.70060621;-52.36130079;Segura;Sul;2 Trimestre
671139;2025.0;n;4.0;2025-04-02;ES;262;136,8;BREJETUBA;Velocidade Incompatível;Com Vítimas Feridas;2;Céu Claro;Pleno dia;quarta-feira;Tombamento;Simples;0;0;-20,2346691;-41,3406124;Segura;Sudeste;2 Trimestre
662100;2025.0;n;2.0;2025-02-18;MG;153;8,2;ARAPORA;Demais falhas mecânicas ou elétricas;Sem Vítimas;1;Céu Claro;Plena Noite;terça-feira;Incêndio;Dupla;0;0;-18,489597165;-49,1886321455;Segura;Sudeste;1 Trimestre
687754;2025.0;n;4.0;2025-04-27;BA;101;368,3;GANDU;Condutor deixou de manter distância do veículo da frente;Sem Vítimas;2;Céu Claro;Plena Noite;domingo;Colisão traseira;Simples;0;0;-13,7622941;-39,4911617;Segura;Nordeste;2 Trimestre
671428;2025.0;n;4.0;2025-04-04;PR;277;42;MORRETES;Reação tardia ou ineficiente do condutor;Com Vítimas Feridas;5;Nublado;Amanhecer;sexta-feira;Colisão traseira;Dupla;0;0;-25,59203289;-48,87997627;Segura;Sul;2 Trimestre
627154;2024.0;n;9.0;2024-09-10;BA;242;371;PALMEIRAS;Velocidade Incompatível;Com Vítimas Feridas;3;Garoa/Chuvisco;Pleno dia;terça-feira;Tombamento;Simples;0;0;-12.46028502;-41.47741502;Segura;Nordeste;3 Trimestre
607773;2024.0;n;6.0;2024-06-15;BA;116;517;ITATIM;Acessar a via sem observar a presença dos outros veículos;Com Vítimas Feridas;3;Chuva;Plena Noite;sábado;Colisão transversal;Simples;0;3;-12.67277456;-39.65472774;Perigosa;Nordeste;2 Trimestre
585217;2024.0;n;3.0;2024-03-05;RJ;465;18;NOVA IGUACU;Acessar a via sem observar a presença dos outros veículos;Com Vítimas Feridas;2;Céu Claro;Pleno dia;terça-feira;Colisão transversal;Simples;0;1;-22.831354;-43.615128;Perigosa;Sudeste;1 Trimestre
673026;2025.0;n;4.0;2025-04-11;MG;262;367,1;JUATUBA;Acessar a via sem observar a presença dos outros veículos;Com Vítimas Fatais;3;Céu Claro;Plena Noite;sexta-feira;Atropelamento de Pedestre;Dupla;1;0;-19,97252;-44,329996;Perigosa;Sudeste;2 Trimestre
583802;2024.0;n;2.0;2024-02-28;SC;101;422;ARARANGUA;Manobra de mudança de faixa;Com Vítimas Feridas;2;Céu Claro;Pleno dia;quarta-feira;Colisão lateral mesmo sentido;Múltipla;0;0;-29.00145951;-49.5582962;Segura;Sul;1 Trimestre
598528;2024.0;n;5.0;2024-05-05;RS;290;680;URUGUAIANA;Reação tardia ou ineficiente do condutor;Com Vítimas Feridas;3;Garoa/Chuvisco;Pleno dia;domingo;Saída de leito carroçável;Simples;0;0;-29.914964;-56.662271;Segura;Sul;2 Trimestre
660920;2025.0;n;2.0;2025-02-12;PR;376;676;GUARATUBA;Manobra de mudança de faixa;Com Vítimas Feridas;3;Céu Claro;Pleno dia;quarta-feira;Colisão traseira;Simples;0;1;-25,9253011;-48,91465313;Perigosa;Sul;1 Trimestre
598672;2024.0;n;5.0;2024-05-06;AL;104;40;UNIAO DOS PALMARES;Velocidade Incompatível;Com Vítimas Feridas;2;Céu Claro;Pleno dia;segunda-feira;Colisão traseira;Simples;0;0;-9.19644007;-36.03112528;Segura;Nordeste;2 Trimestre
628470;2024.0;n;9.0;2024-09-16;MG;116;711,1;MURIAE;Velocidade Incompatível;Com Vítimas Feridas;1;Céu Claro;Pleno dia;segunda-feira;Saída de leito carroçável;Simples;0;1;-21.18310032;-42.37036434;Perigosa;Sudeste;3 Trimestre
662290;2025.0;n;2.0;2025-02-19;RR;174;230;RORAINOPOLIS;Transitar na contramão;Com Vítimas Feridas;4;Nublado;Plena Noite;quarta-feira;Colisão lateral sentido oposto;Simples;0;2;1,094062;-60,38805;Perigosa;Norte;1 Trimestre
669670;2025.0;n;3.0;2025-03-26;SC;101;311;LAGUNA;Ausência de reação do condutor;Com Vítimas Feridas;2;Nublado;Pleno dia;quarta-feira;Colisão traseira;Dupla;0;1;-28,4403;-48,8143;Perigosa;Sul;1 Trimestre
672352;2025.0;n;4.0;2025-04-08;MG;381;510,7;SAO JOAQUIM DE BICAS;Demais falhas mecânicas ou elétricas;Sem Vítimas;3;Céu Claro;Pleno dia;terça-feira;Incêndio;Múltipla;0;0;-20,059132;-44,289633;Segura;Sudeste;2 Trimestre
607874;2024.0;n;6.0;2024-06-16;MS;163;511,2;JARAGUARI;Demais falhas mecânicas ou elétricas;Com Vítimas Feridas;2;Sol;Pleno dia;domingo;Eventos atípicos;Simples;0;1;-20.2366678;-54.47891707;Perigosa;Centro-Oeste;2 Trimestre
603895;2024.0;n;5.0;2024-05-29;GO;153;321,6;RIANAPOLIS;Ingestão de álcool pelo condutor;Com Vítimas Fatais;2;Céu Claro;Plena Noite;quarta-feira;Colisão frontal;Simples;1;0;-15.456578;-49.502522;Perigosa;Centro-Oeste;2 Trimestre
626904;2024.0;n;9.0;2024-09-09;MG;116;524,9;CARATINGA;Ultrapassagem Indevida;Com Vítimas Feridas;3;Céu Claro;Pleno dia;segunda-feira;Colisão lateral mesmo sentido;Simples;0;1;-19.77654011;-42.13327989;Perigosa;Sudeste;3 Trimestre
657339;2025.0;n;1.0;2025-01-25;MG;50;197,3;DELTA;Velocidade Incompatível;Com Vítimas Fatais;4;Nublado;Plena Noite;sábado;Colisão traseira;Dupla;1;0;-19,9090125;-47,8338973;Perigosa;Sudeste;1 Trimestre
605293;2024.0;n;6.0;2024-06-05;PR;369;147;LONDRINA;Trafegar com motocicleta (ou similar) entre as faixas;Com Vítimas Feridas;2;Céu Claro;Pleno dia;quarta-feira;Colisão traseira;Dupla;0;1;-23.2930719;-51.13364339;Perigosa;Sul;2 Trimestre
629714;2024.0;n;9.0;2024-09-21;MG;381;853;POUSO ALEGRE;Ausência de reação do condutor;Com Vítimas Feridas;3;Céu Claro;Plena Noite;sábado;Saída de leito carroçável;Dupla;0;0;-22.30499294;-45.90167524;Segura;Sudeste;3 Trimestre
612837;2024.0;n;7.0;2024-07-07;PA;163;646;TRAIRAO;Reação tardia ou ineficiente do condutor;Com Vítimas Feridas;3;Céu Claro;Plena Noite;domingo;Saída de leito carroçável;Simples;0;0;-4.54472919;-55.90830592;Segura;Norte;3 Trimestre
667829;2025.0;n;3.0;2025-03-17;SP;116;74,4;APARECIDA;Mal súbito do condutor;Com Vítimas Feridas;3;Nublado;Pleno dia;segunda-feira;Colisão transversal;Dupla;0;0;-22,8582237;-45,2331936;Segura;Sudeste;1 Trimestre
656521;2025.0;n;1.0;2025-01-21;SC;282;236,5;LAGES;Reação tardia ou ineficiente do condutor;Sem Vítimas;2;Céu Claro;Pleno dia;terça-feira;Colisão lateral sentido oposto;Simples;0;0;-27,787489;-50,482494;Segura;Sul;1 Trimestre
586721;2024.0;n;3.0;2024-03-12;SP;101;51,1;UBATUBA;Conversão proibida;Com Vítimas Feridas;2;Nublado;Pleno dia;terça-feira;Colisão transversal;Simples;0;0;-23.45627795;-45.07111896;Segura;Sudeste;1 Trimestre
623863;2024.0;n;3.0;2024-03-11;GO;153;506,5;APARECIDA DE GOIANIA;Reação tardia ou ineficiente do condutor;Com Vítimas Fatais;5;Céu Claro;Pleno dia;segunda-feira;Engavetamento;Múltipla;1;0;-16.7633;-49.24;Perigosa;Centro-Oeste;1 Trimestre
687304;2025.0;n;4.0;2025-04-25;RJ;101;531;ANGRA DOS REIS;Chuva;Com Vítimas Feridas;2;Chuva;Plena Noite;sexta-feira;Colisão frontal;Simples;0;0;-23,01708645;-44,52925622;Segura;Sudeste;2 Trimestre
670596;2025.0;n;3.0;2025-03-30;SC;282;641,5;SAO MIGUEL DO OESTE;Ingestão de álcool pelo condutor;Com Vítimas Feridas;2;Céu Claro;Plena Noite;domingo;Colisão lateral sentido oposto;Múltipla;0;0;-26,77330142;-53,46069367;Segura;Sul;1 Trimestre
598642;2024.0;n;5.0;2024-05-06;SE;101;185;UMBAUBA;Acessar a via sem observar a presença dos outros veículos;Com Vítimas Feridas;5;Céu Claro;Pleno dia;segunda-feira;Colisão transversal;Simples;0;0;-11.39819133;-37.68082023;Segura;Nordeste;2 Trimestre
610258;2024.0;n;6.0;2024-06-26;GO;153;657;GOIATUBA;Condutor deixou de manter distância do veículo da frente;Sem Vítimas;5;Céu Claro;Plena Noite;quarta-feira;Colisão traseira;Dupla;0;0;-18.0277;-49.265;Segura;Centro-Oeste;2 Trimestre
673803;2025.0;n;4.0;2025-04-15;MS;163;599,3;BANDEIRANTES;Manobra de mudança de faixa;Com Vítimas Feridas;5;Céu Claro;Pleno dia;terça-feira;Saída de leito carroçável;Dupla;0;0;-19,502947;-54,476269;Segura;Centro-Oeste;2 Trimestre
578353;2024.0;n;2.0;2024-02-01;SC;282;434;IRANI;Desrespeitar a preferência no cruzamento;Com Vítimas Feridas;5;Céu Claro;Pleno dia;quinta-feira;Colisão transversal;Simples;0;1;-26.96930688;-51.85425639;Perigosa;Sul;1 Trimestre
614428;2024.0;n;7.0;2024-07-14;GO;364;136;APARECIDA DO RIO DOCE;Demais falhas mecânicas ou elétricas;Com Vítimas Feridas;3;Céu Claro;Anoitecer;domingo;Incêndio;Simples;0;0;-18.2087;-51.317787;Segura;Centro-Oeste;3 Trimestre
608176;2024.0;n;6.0;2024-06-17;RS;470;256;SALVADOR DO SUL;Ausência de reação do condutor;Sem Vítimas;1;Nevoeiro/Neblina;Pleno dia;segunda-feira;Tombamento;Simples;0;0;-29.42219027;-51.52057555;Segura;Sul;2 Trimestre
628933;2024.0;n;9.0;2024-09-18;SP;116;186;SANTA ISABEL;Reação tardia ou ineficiente do condutor;Com Vítimas Feridas;2;Céu Claro;Pleno dia;quarta-feira;Colisão lateral sentido oposto;Simples;0;0;-23.35220682;-46.19934905;Segura;Sudeste;3 Trimestre
576286;2024.0;n;1.0;2024-01-21;MS;262;435;DOIS IRMAOS DO BURITI;Transitar na contramão;Com Vítimas Feridas;3;Céu Claro;Plena Noite;domingo;Colisão lateral sentido oposto;Simples;0;1;-20.50079591;-55.31960003;Perigosa;Centro-Oeste;1 Trimestre
588669;2024.0;n;3.0;2024-03-20;MG;381;559,6;ITAGUARA;Velocidade Incompatível;Com Vítimas Feridas;3;Nublado;Plena Noite;quarta-feira;Colisão lateral mesmo sentido;Dupla;0;0;-20.360401;-44.466507;Segura;Sudeste;1 Trimestre
600809;2024.0;n;5.0;2024-05-15;BA;101;251;CONCEICAO DO ALMEIDA;Ultrapassagem Indevida;Com Vítimas Feridas;3;Garoa/Chuvisco;Plena Noite;quarta-feira;Saída de leito carroçável;Simples;0;0;-12.99277217;-39.28802128;Segura;Nordeste;2 Trimestre
622634;2024.0;n;8.0;2024-08-21;SC;470;145;RIO DO SUL;Ausência de reação do condutor;Com Vítimas Feridas;2;Garoa/Chuvisco;Amanhecer;quarta-feira;Colisão frontal;Simples;0;0;-27.237301;-49.682217;Segura;Sul;3 Trimestre
606795;2024.0;n;5.0;2024-05-24;MT;174;397;NOVA LACERDA;Ultrapassagem Indevida;Com Vítimas Fatais;3;Céu Claro;Plena Noite;sexta-feira;Colisão frontal;Simples;1;0;-14.41005412;-59.61228621;Perigosa;Centro-Oeste;2 Trimestre
604068;2024.0;n;5.0;2024-05-30;RS;392;71,5;PELOTAS;Ausência de reação do condutor;Com Vítimas Fatais;10;Céu Claro;Anoitecer;quinta-feira;Colisão traseira;Dupla;2;0;-31.72415828;-52.38660514;Perigosa;Sul;2 Trimestre
581424;2024.0;n;2.0;2024-02-15;AM;174;1079;PRESIDENTE FIGUEIREDO;Pista Escorregadia;Com Vítimas Feridas;2;Chuva;Pleno dia;quinta-feira;Colisão com objeto;Simples;0;0;-1.36714986;-60.35853186;Segura;Norte;1 Trimestre
612035;2024.0;n;7.0;2024-07-04;SC;163;67;SAO MIGUEL DO OESTE;Manobra de mudança de faixa;Com Vítimas Feridas;2;Nublado;Anoitecer;quinta-feira;Colisão transversal;Dupla;0;1;-26.7589655;-53.50047827;Perigosa;Sul;3 Trimestre
658653;2025.0;n;2.0;2025-02-01;PR;116;22;ANTONINA;Velocidade Incompatível;Com Vítimas Feridas;2;Garoa/Chuvisco;Pleno dia;sábado;Colisão com objeto;Dupla;0;0;-25,11200643;-48,76440525;Segura;Sul;1 Trimestre
609958;2024.0;n;6.0;2024-06-25;AP;156;528;AMAPA;Acessar a via sem observar a presença dos outros veículos;Com Vítimas Fatais;2;Céu Claro;Pleno dia;terça-feira;Colisão transversal;Simples;1;0;1.95361308;-50.86329579;Perigosa;Norte;2 Trimestre
586858;2024.0;n;3.0;2024-03-12;PR;153;412;PAULO FRONTIN;Ingestão de álcool pelo condutor;Com Vítimas Feridas;2;Céu Claro;Plena Noite;terça-feira;Colisão frontal;Simples;0;1;-26.04232792;-50.82674063;Perigosa;Sul;1 Trimestre
587154;2024.0;n;3.0;2024-03-14;SC;470;141,3;RIO DO SUL;Problema com o freio;Com Vítimas Feridas;5;Nublado;Pleno dia;quinta-feira;Colisão traseira;Simples;0;0;-27.20809484;-49.65012431;Segura;Sul;1 Trimestre
671329;2025.0;n;4.0;2025-04-03;RJ;116;248;PIRAI;Condutor deixou de manter distância do veículo da frente;Com Vítimas Feridas;8;Chuva;Pleno dia;quinta-feira;Engavetamento;Dupla;0;0;-22,60959364;-43,93169761;Segura;Sudeste;2 Trimestre
661521;2025.0;n;2.0;2025-02-15;CE;222;338;UBAJARA;Velocidade Incompatível;Com Vítimas Feridas;2;Céu Claro;Pleno dia;sábado;Tombamento;Simples;0;0;-3,87276942;-41,16195432;Segura;Nordeste;1 Trimestre